link_id,from_node_id,to_node_id,directed,dir_flag,length,free_speed,free_flow_time,capacity,lanes,link_type,vdf_alpha,vdf_beta,vdf_plf,geometry,mcl_link_class,source_link_id,source_from_node_id,source_to_node_id,mcl_gps_match_allowed,source_kml_id,source_travel_direction,street_name,street_code,geometry_sampling,length_unit,capacity_unit,free_speed_unit
10000002,1,10244,1,1,,,,,,0,,,,"LINESTRING(114.169403480 22.304830293,114.169114353 22.304851332)",nonphysical_zone_access_out,,,,false,,,,,straight display only,not routable,not routable,not routable
10000004,2,10304,1,1,,,,,,0,,,,"LINESTRING(114.169857133 22.304798540,114.170181706 22.305220114)",nonphysical_zone_access_out,,,,false,,,,,straight display only,not routable,not routable,not routable
10000006,3,10329,1,1,,,,,,0,,,,"LINESTRING(114.170367198 22.304758335,114.170580662 22.305171242)",nonphysical_zone_access_out,,,,false,,,,,straight display only,not routable,not routable,not routable
10000008,4,10358,1,1,,,,,,0,,,,"LINESTRING(114.171134863 22.304807172,114.171083626 22.305194039)",nonphysical_zone_access_out,,,,false,,,,,straight display only,not routable,not routable,not routable
10000010,5,10185,1,1,,,,,,0,,,,"LINESTRING(114.168412336 22.303588464,114.167962231 22.303688799)",nonphysical_zone_access_out,,,,false,,,,,straight display only,not routable,not routable,not routable
10000012,6,10223,1,1,,,,,,0,,,,"LINESTRING(114.168903851 22.303968063,114.168633385 22.304192372)",nonphysical_zone_access_out,,,,false,,,,,straight display only,not routable,not routable,not routable
10000014,7,10281,1,1,,,,,,0,,,,"LINESTRING(114.169453985 22.303685471,114.169733266 22.303161453)",nonphysical_zone_access_out,,,,false,,,,,straight display only,not routable,not routable,not routable
10000016,8,10281,1,1,,,,,,0,,,,"LINESTRING(114.169940820 22.303716072,114.169733266 22.303161453)",nonphysical_zone_access_out,,,,false,,,,,straight display only,not routable,not routable,not routable
10000018,9,10299,1,1,,,,,,0,,,,"LINESTRING(114.170414816 22.303752125,114.170117325 22.304281305)",nonphysical_zone_access_out,,,,false,,,,,straight display only,not routable,not routable,not routable
10000020,10,10361,1,1,,,,,,0,,,,"LINESTRING(114.171206045 22.303801714,114.171131084 22.304349716)",nonphysical_zone_access_out,,,,false,,,,,straight display only,not routable,not routable,not routable
10000022,11,10231,1,1,,,,,,0,,,,"LINESTRING(114.169346042 22.299742615,114.168846836 22.299766046)",nonphysical_zone_access_out,,,,false,,,,,straight display only,not routable,not routable,not routable
10000024,12,10286,1,1,,,,,,0,,,,"LINESTRING(114.169735437 22.296843115,114.169849414 22.297036877)",nonphysical_zone_access_out,,,,false,,,,,straight display only,not routable,not routable,not routable
10000026,13,10325,1,1,,,,,,0,,,,"LINESTRING(114.170493561 22.297253399,114.170545295 22.296975189)",nonphysical_zone_access_out,,,,false,,,,,straight display only,not routable,not routable,not routable
10000028,14,10388,1,1,,,,,,0,,,,"LINESTRING(114.171698774 22.296586923,114.171645644 22.296430706)",nonphysical_zone_access_out,,,,false,,,,,straight display only,not routable,not routable,not routable
10000030,15,10221,1,1,,,,,,0,,,,"LINESTRING(114.168114924 22.304986039,114.168589473 22.304804338)",nonphysical_zone_access_out,,,,false,,,,,straight display only,not routable,not routable,not routable
10000032,16,10386,1,1,,,,,,0,,,,"LINESTRING(114.171895676 22.304705831,114.171634006 22.304392569)",nonphysical_zone_access_out,,,,false,,,,,straight display only,not routable,not routable,not routable
10000034,17,10510,1,1,,,,,,0,,,,"LINESTRING(114.175318069 22.304976847,114.174460326 22.305213883)",nonphysical_zone_access_out,,,,false,,,,,straight display only,not routable,not routable,not routable
10000036,18,10427,1,1,,,,,,0,,,,"LINESTRING(114.172615421 22.303675201,114.172489017 22.304002221)",nonphysical_zone_access_out,,,,false,,,,,straight display only,not routable,not routable,not routable
10000038,19,10398,1,1,,,,,,0,,,,"LINESTRING(114.172621050 22.303006583,114.171819720 22.303261330)",nonphysical_zone_access_out,,,,false,,,,,straight display only,not routable,not routable,not routable
10000040,20,10560,1,1,,,,,,0,,,,"LINESTRING(114.175891410 22.302808868,114.175704469 22.302539233)",nonphysical_zone_access_out,,,,false,,,,,straight display only,not routable,not routable,not routable
10000042,21,10450,1,1,,,,,,0,,,,"LINESTRING(114.173239320 22.301555564,114.173150603 22.300615232)",nonphysical_zone_access_out,,,,false,,,,,straight display only,not routable,not routable,not routable
10000044,22,10605,1,1,,,,,,0,,,,"LINESTRING(114.176066138 22.301938223,114.176620982 22.301941301)",nonphysical_zone_access_out,,,,false,,,,,straight display only,not routable,not routable,not routable
10000046,23,10554,1,1,,,,,,0,,,,"LINESTRING(114.175851480 22.301371379,114.175584852 22.301021179)",nonphysical_zone_access_out,,,,false,,,,,straight display only,not routable,not routable,not routable
10000048,24,10493,1,1,,,,,,0,,,,"LINESTRING(114.174357833 22.300681791,114.174237482 22.300387275)",nonphysical_zone_access_out,,,,false,,,,,straight display only,not routable,not routable,not routable
10000050,25,10493,1,1,,,,,,0,,,,"LINESTRING(114.173783360 22.300260071,114.174237482 22.300387275)",nonphysical_zone_access_out,,,,false,,,,,straight display only,not routable,not routable,not routable
10000052,26,10440,1,1,,,,,,0,,,,"LINESTRING(114.172837965 22.298971856,114.172917332 22.299101612)",nonphysical_zone_access_out,,,,false,,,,,straight display only,not routable,not routable,not routable
10000054,27,10505,1,1,,,,,,0,,,,"LINESTRING(114.174781957 22.299749837,114.174420350 22.299633230)",nonphysical_zone_access_out,,,,false,,,,,straight display only,not routable,not routable,not routable
10000056,28,10505,1,1,,,,,,0,,,,"LINESTRING(114.174804778 22.298960729,114.174420350 22.299633230)",nonphysical_zone_access_out,,,,false,,,,,straight display only,not routable,not routable,not routable
10000058,29,10441,1,1,,,,,,0,,,,"LINESTRING(114.172826654 22.298044227,114.172928085 22.297725716)",nonphysical_zone_access_out,,,,false,,,,,straight display only,not routable,not routable,not routable
10000060,30,10527,1,1,,,,,,0,,,,"LINESTRING(114.174958334 22.302046254,114.174821408 22.301938282)",nonphysical_zone_access_out,,,,false,,,,,straight display only,not routable,not routable,not routable
10000062,31,10462,1,1,,,,,,0,,,,"LINESTRING(114.173709002 22.302838231,114.173502745 22.302765708)",nonphysical_zone_access_out,,,,false,,,,,straight display only,not routable,not routable,not routable
10000064,32,10508,1,1,,,,,,0,,,,"LINESTRING(114.174657798 22.298210549,114.174437594 22.297968228)",nonphysical_zone_access_out,,,,false,,,,,straight display only,not routable,not routable,not routable
10000066,33,10552,1,1,,,,,,0,,,,"LINESTRING(114.175060879 22.297683470,114.175529272 22.297320839)",nonphysical_zone_access_out,,,,false,,,,,straight display only,not routable,not routable,not routable
10000068,34,10472,1,1,,,,,,0,,,,"LINESTRING(114.173646099 22.295937499,114.173693478 22.295665850)",nonphysical_zone_access_out,,,,false,,,,,straight display only,not routable,not routable,not routable
10000070,35,10516,1,1,,,,,,0,,,,"LINESTRING(114.174644418 22.296890661,114.174572582 22.296893252)",nonphysical_zone_access_out,,,,false,,,,,straight display only,not routable,not routable,not routable
10000072,36,10416,1,1,,,,,,0,,,,"LINESTRING(114.172572247 22.297359020,114.172213150 22.297677788)",nonphysical_zone_access_out,,,,false,,,,,straight display only,not routable,not routable,not routable
10000074,37,10453,1,1,,,,,,0,,,,"LINESTRING(114.173577492 22.297515111,114.173363581 22.297172323)",nonphysical_zone_access_out,,,,false,,,,,straight display only,not routable,not routable,not routable
10000076,38,10689,1,1,,,,,,0,,,,"LINESTRING(114.178450008 22.300757372,114.178827559 22.301023870)",nonphysical_zone_access_out,,,,false,,,,,straight display only,not routable,not routable,not routable
10000078,39,10317,1,1,,,,,,0,,,,"LINESTRING(114.170433000 22.311914800,114.170374008 22.311810572)",nonphysical_zone_access_out,,,,false,,,,,straight display only,not routable,not routable,not routable
10000080,40,10224,1,1,,,,,,0,,,,"LINESTRING(114.168391479 22.311524970,114.168680667 22.311727341)",nonphysical_zone_access_out,,,,false,,,,,straight display only,not routable,not routable,not routable
10000082,41,10298,1,1,,,,,,0,,,,"LINESTRING(114.170054147 22.311546686,114.170113031 22.311787822)",nonphysical_zone_access_out,,,,false,,,,,straight display only,not routable,not routable,not routable
10000084,42,10322,1,1,,,,,,0,,,,"LINESTRING(114.170684303 22.311371482,114.170466069 22.311336617)",nonphysical_zone_access_out,,,,false,,,,,straight display only,not routable,not routable,not routable
10000086,43,10265,1,1,,,,,,0,,,,"LINESTRING(114.169600802 22.310635605,114.169375503 22.310649362)",nonphysical_zone_access_out,,,,false,,,,,straight display only,not routable,not routable,not routable
10000088,44,10305,1,1,,,,,,0,,,,"LINESTRING(114.170108400 22.311033325,114.170201341 22.311295891)",nonphysical_zone_access_out,,,,false,,,,,straight display only,not routable,not routable,not routable
10000090,45,10312,1,1,,,,,,0,,,,"LINESTRING(114.170483412 22.310509594,114.170299548 22.310793253)",nonphysical_zone_access_out,,,,false,,,,,straight display only,not routable,not routable,not routable
10000092,46,10295,1,1,,,,,,0,,,,"LINESTRING(114.169787375 22.309404064,114.170055179 22.309525447)",nonphysical_zone_access_out,,,,false,,,,,straight display only,not routable,not routable,not routable
10000094,47,10222,1,1,,,,,,0,,,,"LINESTRING(114.168416943 22.308683674,114.168620063 22.308306888)",nonphysical_zone_access_out,,,,false,,,,,straight display only,not routable,not routable,not routable
10000096,48,10287,1,1,,,,,,0,,,,"LINESTRING(114.169798905 22.308398455,114.169853664 22.308712351)",nonphysical_zone_access_out,,,,false,,,,,straight display only,not routable,not routable,not routable
10000098,49,10346,1,1,,,,,,0,,,,"LINESTRING(114.170650434 22.308203364,114.170763154 22.308526540)",nonphysical_zone_access_out,,,,false,,,,,straight display only,not routable,not routable,not routable
10000100,50,10348,1,1,,,,,,0,,,,"LINESTRING(114.171071549 22.308065772,114.170780461 22.307827214)",nonphysical_zone_access_out,,,,false,,,,,straight display only,not routable,not routable,not routable
10000102,51,10188,1,1,,,,,,0,,,,"LINESTRING(114.168289131 22.308041886,114.168028268 22.307834042)",nonphysical_zone_access_out,,,,false,,,,,straight display only,not routable,not routable,not routable
10000104,52,10239,1,1,,,,,,0,,,,"LINESTRING(114.169192929 22.307864697,114.169062605 22.308205253)",nonphysical_zone_access_out,,,,false,,,,,straight display only,not routable,not routable,not routable
10000106,53,10290,1,1,,,,,,0,,,,"LINESTRING(114.169638892 22.307771609,114.169906051 22.308018614)",nonphysical_zone_access_out,,,,false,,,,,straight display only,not routable,not routable,not routable
10000108,54,10283,1,1,,,,,,0,,,,"LINESTRING(114.170038832 22.307665094,114.169755559 22.307426758)",nonphysical_zone_access_out,,,,false,,,,,straight display only,not routable,not routable,not routable
10000110,55,10333,1,1,,,,,,0,,,,"LINESTRING(114.170852412 22.307482271,114.170626369 22.307229247)",nonphysical_zone_access_out,,,,false,,,,,straight display only,not routable,not routable,not routable
10000112,56,10094,1,1,,,,,,0,,,,"LINESTRING(114.166026645 22.308130278,114.166165146 22.308312598)",nonphysical_zone_access_out,,,,false,,,,,straight display only,not routable,not routable,not routable
10000114,57,10136,1,1,,,,,,0,,,,"LINESTRING(114.166996631 22.307912068,114.167143739 22.308113298)",nonphysical_zone_access_out,,,,false,,,,,straight display only,not routable,not routable,not routable
10000116,58,10104,1,1,,,,,,0,,,,"LINESTRING(114.165935908 22.307809933,114.166348510 22.307545351)",nonphysical_zone_access_out,,,,false,,,,,straight display only,not routable,not routable,not routable
10000118,59,10144,1,1,,,,,,0,,,,"LINESTRING(114.166899800 22.307591142,114.167369934 22.307643892)",nonphysical_zone_access_out,,,,false,,,,,straight display only,not routable,not routable,not routable
10000120,60,10104,1,1,,,,,,0,,,,"LINESTRING(114.165846161 22.307492592,114.166348510 22.307545351)",nonphysical_zone_access_out,,,,false,,,,,straight display only,not routable,not routable,not routable
10000122,61,10141,1,1,,,,,,0,,,,"LINESTRING(114.166835644 22.307276277,114.167279501 22.307323292)",nonphysical_zone_access_out,,,,false,,,,,straight display only,not routable,not routable,not routable
10000124,62,10100,1,1,,,,,,0,,,,"LINESTRING(114.165823554 22.307197667,114.166262377 22.307213095)",nonphysical_zone_access_out,,,,false,,,,,straight display only,not routable,not routable,not routable
10000126,63,10100,1,1,,,,,,0,,,,"LINESTRING(114.166674287 22.306961345,114.166262377 22.307213095)",nonphysical_zone_access_out,,,,false,,,,,straight display only,not routable,not routable,not routable
10000128,64,10138,1,1,,,,,,0,,,,"LINESTRING(114.167449648 22.306879231,114.167194495 22.307013284)",nonphysical_zone_access_out,,,,false,,,,,straight display only,not routable,not routable,not routable
10000130,65,10201,1,1,,,,,,0,,,,"LINESTRING(114.167993326 22.306795556,114.168153238 22.306476280)",nonphysical_zone_access_out,,,,false,,,,,straight display only,not routable,not routable,not routable
10000132,66,10262,1,1,,,,,,0,,,,"LINESTRING(114.169044630 22.307262233,114.169326458 22.307524285)",nonphysical_zone_access_out,,,,false,,,,,straight display only,not routable,not routable,not routable
10000134,67,10273,1,1,,,,,,0,,,,"LINESTRING(114.169897926 22.307057272,114.169597092 22.306804215)",nonphysical_zone_access_out,,,,false,,,,,straight display only,not routable,not routable,not routable
10000136,68,10333,1,1,,,,,,0,,,,"LINESTRING(114.170384805 22.306971748,114.170626369 22.307229247)",nonphysical_zone_access_out,,,,false,,,,,straight display only,not routable,not routable,not routable
10000138,69,10356,1,1,,,,,,0,,,,"LINESTRING(114.170991518 22.306820559,114.171065598 22.307129267)",nonphysical_zone_access_out,,,,false,,,,,straight display only,not routable,not routable,not routable
10000140,70,10201,1,1,,,,,,0,,,,"LINESTRING(114.168393421 22.306730619,114.168153238 22.306476280)",nonphysical_zone_access_out,,,,false,,,,,straight display only,not routable,not routable,not routable
10000142,71,10247,1,1,,,,,,0,,,,"LINESTRING(114.168895763 22.306645090,114.169161553 22.306895332)",nonphysical_zone_access_out,,,,false,,,,,straight display only,not routable,not routable,not routable
10000144,72,10273,1,1,,,,,,0,,,,"LINESTRING(114.169313826 22.306544772,114.169597092 22.306804215)",nonphysical_zone_access_out,,,,false,,,,,straight display only,not routable,not routable,not routable
10000146,73,10288,1,1,,,,,,0,,,,"LINESTRING(114.169727448 22.306436903,114.169865694 22.306078906)",nonphysical_zone_access_out,,,,false,,,,,straight display only,not routable,not routable,not routable
10000148,74,10310,1,1,,,,,,0,,,,"LINESTRING(114.170154840 22.306340416,114.170267175 22.306002720)",nonphysical_zone_access_out,,,,false,,,,,straight display only,not routable,not routable,not routable
10000150,75,10351,1,1,,,,,,0,,,,"LINESTRING(114.170949688 22.306225142,114.170897493 22.306498329)",nonphysical_zone_access_out,,,,false,,,,,straight display only,not routable,not routable,not routable
10000152,76,10186,1,1,,,,,,0,,,,"LINESTRING(114.168260368 22.306071981,114.167980347 22.305795136)",nonphysical_zone_access_out,,,,false,,,,,straight display only,not routable,not routable,not routable
10000154,77,10235,1,1,,,,,,0,,,,"LINESTRING(114.168893048 22.305921578,114.169000589 22.306289325)",nonphysical_zone_access_out,,,,false,,,,,straight display only,not routable,not routable,not routable
10000156,78,10279,1,1,,,,,,0,,,,"LINESTRING(114.169795725 22.305738506,114.169694656 22.305425910)",nonphysical_zone_access_out,,,,false,,,,,straight display only,not routable,not routable,not routable
10000158,79,10345,1,1,,,,,,0,,,,"LINESTRING(114.170864892 22.305580688,114.170762803 22.305914568)",nonphysical_zone_access_out,,,,false,,,,,straight display only,not routable,not routable,not routable
10000160,80,10191,1,1,,,,,,0,,,,"LINESTRING(114.168318223 22.310434985,114.168037671 22.310182271)",nonphysical_zone_access_out,,,,false,,,,,straight display only,not routable,not routable,not routable
10000162,81,10265,1,1,,,,,,0,,,,"LINESTRING(114.169247201 22.310573068,114.169375503 22.310649362)",nonphysical_zone_access_out,,,,false,,,,,straight display only,not routable,not routable,not routable
10000164,82,10289,1,1,,,,,,0,,,,"LINESTRING(114.169881409 22.311884212,114.169887129 22.311759881)",nonphysical_zone_access_out,,,,false,,,,,straight display only,not routable,not routable,not routable
10000166,83,10437,1,1,,,,,,0,,,,"LINESTRING(114.172517667 22.311382687,114.172809123 22.310641573)",nonphysical_zone_access_out,,,,false,,,,,straight display only,not routable,not routable,not routable
10000168,84,10532,1,1,,,,,,0,,,,"LINESTRING(114.175413749 22.311657995,114.174997685 22.311212815)",nonphysical_zone_access_out,,,,false,,,,,straight display only,not routable,not routable,not routable
10000170,85,10374,1,1,,,,,,0,,,,"LINESTRING(114.171683597 22.309618446,114.171437326 22.309507532)",nonphysical_zone_access_out,,,,false,,,,,straight display only,not routable,not routable,not routable
10000172,86,10483,1,1,,,,,,0,,,,"LINESTRING(114.174233307 22.309401328,114.174001216 22.309553792)",nonphysical_zone_access_out,,,,false,,,,,straight display only,not routable,not routable,not routable
10000174,87,10700,1,1,,,,,,0,,,,"LINESTRING(114.178475847 22.308865183,114.178978816 22.309088946)",nonphysical_zone_access_out,,,,false,,,,,straight display only,not routable,not routable,not routable
10000176,88,10400,1,1,,,,,,0,,,,"LINESTRING(114.171930582 22.307471174,114.171874538 22.307448237)",nonphysical_zone_access_out,,,,false,,,,,straight display only,not routable,not routable,not routable
10000178,89,10431,1,1,,,,,,0,,,,"LINESTRING(114.172808308 22.306620832,114.172579301 22.306618298)",nonphysical_zone_access_out,,,,false,,,,,straight display only,not routable,not routable,not routable
10000180,90,10608,1,1,,,,,,0,,,,"LINESTRING(114.176962035 22.307277730,114.176777386 22.307372159)",nonphysical_zone_access_out,,,,false,,,,,straight display only,not routable,not routable,not routable
10000182,91,10663,1,1,,,,,,0,,,,"LINESTRING(114.178684078 22.310849837,114.178273790 22.310167466)",nonphysical_zone_access_out,,,,false,,,,,straight display only,not routable,not routable,not routable
10000184,92,10663,1,1,,,,,,0,,,,"LINESTRING(114.179374837 22.311504580,114.178273790 22.310167466)",nonphysical_zone_access_out,,,,false,,,,,straight display only,not routable,not routable,not routable
10000186,93,10706,1,1,,,,,,0,,,,"LINESTRING(114.180528077 22.310378673,114.179144594 22.309012532)",nonphysical_zone_access_out,,,,false,,,,,straight display only,not routable,not routable,not routable
10000188,94,10106,1,1,,,,,,0,,,,"LINESTRING(114.165849236 22.303428255,114.166387135 22.303416986)",nonphysical_zone_access_out,,,,false,,,,,straight display only,not routable,not routable,not routable
10000190,95,10073,1,1,,,,,,0,,,,"LINESTRING(114.165668584 22.309352193,114.165465575 22.309105341)",nonphysical_zone_access_out,,,,false,,,,,straight display only,not routable,not routable,not routable
669858,10000,10083,1,1,545.952342,,,,,1,,,,"LINESTRING(114.160943423 22.311908388,114.160999375 22.311782992,114.161086201 22.311591204,114.161193047 22.311396243,114.161386176 22.311188866,114.161564915 22.311061769,114.161699481 22.310986278,114.161929571 22.310915575,114.162257239 22.310861127,114.162478078 22.310853501,114.162921808 22.310864053,114.163601783 22.310877729,114.164156447 22.310869172,114.164577840 22.310843399,114.165171026 22.310792550,114.165473013 22.310735943,114.165673401 22.310661066)",physical,284929,10000,10083,true,ID_021202,3,-99,<Null>,<=101 vertices; endpoints exact,m,unknown,unknown
669606,10001,10053,1,1,355.452215,,,,,1,,,,"LINESTRING(114.161764922 22.310132985,114.161937699 22.310128300,114.162113598 22.310133095,114.162319024 22.310168954,114.162482079 22.310214366,114.162665676 22.310272921,114.162897611 22.310378970,114.163379285 22.310640072,114.163602940 22.310716709,114.163765998 22.310743005,114.164028351 22.310735659,114.164604408 22.310658537,114.164888165 22.310600019,114.165051046 22.310546158)",physical,284803,10001,10053,true,ID_023798,3,-99,<Null>,<=101 vertices; endpoints exact,m,unknown,unknown
669856,10001,10083,1,1,421.418453,,,,,1,,,,"LINESTRING(114.161764922 22.310132985,114.161840160 22.310112584,114.162024319 22.310094723,114.162130407 22.310090103,114.162267017 22.310100629,114.162386164 22.310122622,114.162529961 22.310164687,114.162826796 22.310268889,114.163006540 22.310344408,114.163279749 22.310487792,114.163466033 22.310595018,114.163804979 22.310742229,114.164065870 22.310810108,114.164233296 22.310815855,114.164646214 22.310792949,114.165113576 22.310749020,114.165453564 22.310702212,114.165673401 22.310661066)",physical,284928,10001,10083,true,ID_024435,3,-99,<Null>,<=101 vertices; endpoints exact,m,unknown,unknown
669610,10002,10050,1,1,294.365281,,,,,1,,,,"LINESTRING(114.162335310 22.309710598,114.162445401 22.309778107,114.162700963 22.309944693,114.162916651 22.310076724,114.163161869 22.310215327,114.163286303 22.310285254,114.163469255 22.310378454,114.163609841 22.310435810,114.163772254 22.310494362,114.163917336 22.310530214,114.164132392 22.310571448,114.164354513 22.310586398,114.164559944 22.310581635,114.164763475 22.310565229,114.164945359 22.310538497)",physical,284805,10002,10050,true,ID_023800,3,-99,<Null>,<=101 vertices; endpoints exact,m,unknown,unknown
669854,10002,10083,1,1,381.203513,,,,,1,,,,"LINESTRING(114.162335310 22.309710598,114.162567658 22.309923856,114.162754327 22.310071056,114.162980799 22.310219216,114.163285330 22.310414451,114.163481763 22.310512670,114.163812749 22.310668961,114.163995575 22.310743523,114.164136292 22.310774118,114.164431085 22.310776052,114.164979589 22.310734996,114.165172696 22.310713984,114.165433081 22.310694410,114.165673401 22.310661066)",physical,284927,10002,10083,true,ID_024433,3,-99,<Null>,<=101 vertices; endpoints exact,m,unknown,unknown
621972,10003,10015,1,1,55.137033,,,,,1,,,,"LINESTRING(114.163612366 22.303719291,114.163616296 22.303646397,114.163657420 22.303592833,114.163702866 22.303551079,114.163738980 22.303524158,114.163796934 22.303503374,114.163857598 22.303492627,114.163922623 22.303497592,114.163960146 22.303511451,114.164002934 22.303527918)",physical,260986,10003,10015,true,ID_028603,3,LIN CHEUNG ROAD,13922,<=101 vertices; endpoints exact,m,unknown,unknown
621834,10004,10017,1,1,51.527964,,,,,1,,,,"LINESTRING(114.163684373 22.302828793,114.163707489 22.302761893,114.163743444 22.302697383,114.163799941 22.302623318,114.163894952 22.302565981,114.164023343 22.302525372)",physical,260917,10004,10017,true,ID_028790,3,LIN CHEUNG ROAD,13922,<=101 vertices; endpoints exact,m,unknown,unknown
621926,10006,10020,1,1,21.510597,,,,,1,,,,"LINESTRING(114.163836735 22.302659185,114.164045414 22.302664474)",physical,260963,10006,10020,true,ID_032509,1,AUSTIN ROAD WEST,13926,<=101 vertices; endpoints exact,m,unknown,unknown
621958,10007,10018,1,1,247.932544,,,,,1,,,,"LINESTRING(114.163844500 22.303738246,114.163867015 22.304824903,114.163889781 22.304961214,114.163973516 22.305377864,114.164037016 22.305965202)",physical,260979,10007,10018,true,ID_028793,3,LIN CHEUNG ROAD,13922,<=101 vertices; endpoints exact,m,unknown,unknown
621878,10011,10019,1,1,25.776023,,,,,1,,,,"LINESTRING(114.163891070 22.306657327,114.163997891 22.306703275,114.164036762 22.306720098,114.164041465 22.306803362)",physical,260939,10011,10019,true,ID_015223,3,LIN CHEUNG ROAD,13922,<=101 vertices; endpoints exact,m,unknown,unknown
621970,10012,10016,1,1,61.132044,,,,,1,,,,"LINESTRING(114.163958709 22.303179961,114.164015149 22.303729517)",physical,260985,10012,10016,true,ID_028786,3,LIN CHEUNG ROAD,13922,<=101 vertices; endpoints exact,m,unknown,unknown
319912,10013,10038,1,1,48.352965,,,,,1,,,,"LINESTRING(114.163975846 22.306558990,114.164068396 22.306465335,114.164113866 22.306451666,114.164391099 22.306391179)",physical,109956,10013,10038,true,ID_010132,3,JORDAN ROAD,10904,<=101 vertices; endpoints exact,m,unknown,unknown
669852,10014,10083,1,1,420.571063,,,,,1,,,,"LINESTRING(114.163990435 22.308592740,114.163999654 22.308664560,114.163956190 22.308805433,114.163886064 22.309059177,114.163817550 22.309371034,114.163751725 22.309681397,114.163679082 22.310014714,114.163678040 22.310174323,114.163689330 22.310266075,114.163722187 22.310393191,114.163778671 22.310484947,114.163879322 22.310594865,114.164046225 22.310699532,114.164206458 22.310735385,114.164437567 22.310736836,114.164972971 22.310730664,114.165457792 22.310675266,114.165673401 22.310661066)",physical,284926,10014,10083,true,ID_026727,3,-99,<Null>,<=101 vertices; endpoints exact,m,unknown,unknown
622566,10015,10021,1,1,13.054278,,,,,1,,,,"LINESTRING(114.164002934 22.303527918,114.164020268 22.303508768,114.164039769 22.303486593,114.164058187 22.303459378,114.164072272 22.303430147)",physical,261283,10015,10021,true,ID_014526,3,<Null>,<Null>,<=101 vertices; endpoints exact,m,unknown,unknown
622568,10015,10024,1,1,14.121635,,,,,1,,,,"LINESTRING(114.164002934 22.303527918,114.164045179 22.303559170,114.164071174 22.303589412,114.164093920 22.303621670)",physical,261284,10015,10024,true,ID_028604,3,LIN CHEUNG ROAD,13922,<=101 vertices; endpoints exact,m,unknown,unknown
621964,10016,10018,1,1,247.624582,,,,,1,,,,"LINESTRING(114.164015149 22.303729517,114.164041472 22.304609095,114.164045761 22.305090251,114.164050065 22.305415502,114.164037016 22.305965202)",physical,260982,10016,10018,true,ID_028783,3,LIN CHEUNG ROAD,13922,<=101 vertices; endpoints exact,m,unknown,unknown
621830,10017,10082,1,1,169.036575,,,,,1,,,,"LINESTRING(114.164023343 22.302525372,114.164100377 22.302501484,114.164280122 22.302458490,114.164529192 22.302456120,114.165640687 22.302615389)",physical,260915,10017,10082,true,ID_028788,3,LIN CHEUNG ROAD,13922,<=101 vertices; endpoints exact,m,unknown,unknown
622118,10018,10005,1,1,39.672102,,,,,1,,,,"LINESTRING(114.164037016 22.305965202,114.164005235 22.306004176,114.163959915 22.306031809,114.163899250 22.306044908,114.163850502 22.306045912,114.163810421 22.306038853,114.163759689 22.306012220,114.163708426 22.305970391)",physical,261059,10018,10005,true,ID_028778,3,LIN CHEUNG ROAD,13922,<=101 vertices; endpoints exact,m,unknown,unknown
621954,10018,10022,1,1,23.246363,,,,,1,,,,"LINESTRING(114.164037016 22.305965202,114.164055781 22.306088853,114.164086648 22.306168908)",physical,260977,10018,10022,true,ID_028780,3,LIN CHEUNG ROAD,13922,<=101 vertices; endpoints exact,m,unknown,unknown
622142,10019,10008,1,1,211.55843,,,,,1,,,,"LINESTRING(114.164041465 22.306803362,114.163982993 22.307044775,114.163946143 22.307243350,114.163945044 22.307408663,114.163947183 22.307711065,114.163927661 22.307961050,114.163890799 22.308275546,114.163870201 22.308448921,114.163847038 22.308588148,114.163837017 22.308658395,114.163845783 22.308698177)",physical,261071,10019,10008,true,ID_026723,3,LIN CHEUNG ROAD,13922,<=101 vertices; endpoints exact,m,unknown,unknown
622146,10019,10029,1,1,32.160096,,,,,1,,,,"LINESTRING(114.164041465 22.306803362,114.164096393 22.306990343,114.164131903 22.307081100)",physical,261073,10019,10029,true,ID_017095,3,LIN CHEUNG ROAD,13922,<=101 vertices; endpoints exact,m,unknown,unknown
621927,10020,10006,1,-1,21.510597,,,,,1,,,,"LINESTRING(114.164045414 22.302664474,114.163836735 22.302659185)",physical,260963,10006,10020,true,ID_032509,1,AUSTIN ROAD WEST,13926,<=101 vertices; endpoints exact,m,unknown,unknown
621812,10020,10081,1,1,167.113367,,,,,1,,,,"LINESTRING(114.164045414 22.302664474,114.164107527 22.302598623,114.164589695 22.302646596,114.164919784 22.302698464,114.165625528 22.302750608)",physical,260906,10020,10081,true,ID_015947,3,AUSTIN ROAD WEST,13926,<=101 vertices; endpoints exact,m,unknown,unknown
621952,10022,10010,1,1,48.136077,,,,,1,,,,"LINESTRING(114.164086648 22.306168908,114.164066045 22.306389660,114.164003762 22.306429243,114.163876520 22.306509314)",physical,260976,10022,10010,true,ID_028776,3,LIN CHEUNG ROAD,13922,<=101 vertices; endpoints exact,m,unknown,unknown
621950,10022,10038,1,1,40.907392,,,,,1,,,,"LINESTRING(114.164086648 22.306168908,114.164113727 22.306203182,114.164141889 22.306238465,114.164198216 22.306283829,114.164235045 22.306318104,114.164273014 22.306348050,114.164317371 22.306370527,114.164350952 22.306382626,114.164391099 22.306391179)",physical,260975,10022,10038,true,ID_029876,3,LIN CHEUNG ROAD,13922,<=101 vertices; endpoints exact,m,unknown,unknown
623394,10023,10039,1,1,138.973388,,,,,1,,,,"LINESTRING(114.164087048 22.309231578,114.164059050 22.309191625,114.164039673 22.309083390,114.164059069 22.308982373,114.164266564 22.308320361,114.164325644 22.308186850,114.164411300 22.308046965)",physical,261697,10023,10039,true,ID_030008,3,-99,52614,<=101 vertices; endpoints exact,m,unknown,unknown
621974,10024,10026,1,1,76.559455,,,,,1,,,,"LINESTRING(114.164093920 22.303621670,114.164105289 22.303686184,114.164109579 22.304154908,114.164111732 22.304312158)",physical,260987,10024,10026,true,ID_028617,3,LIN CHEUNG ROAD,13922,<=101 vertices; endpoints exact,m,unknown,unknown
621996,10025,10018,1,1,38.495467,,,,,1,,,,"LINESTRING(114.164106196 22.305623577,114.164037016 22.305965202)",physical,260998,10025,10018,true,ID_028779,3,LIN CHEUNG ROAD,13922,<=101 vertices; endpoints exact,m,unknown,unknown
621956,10025,10022,1,1,65.678194,,,,,1,,,,"LINESTRING(114.164106196 22.305623577,114.164178735 22.305667367,114.164187719 22.305702013,114.164184181 22.305753616,114.164160337 22.305883647,114.164115906 22.306061053,114.164086648 22.306168908)",physical,260978,10025,10022,true,ID_021301,3,LIN CHEUNG ROAD,13922,<=101 vertices; endpoints exact,m,unknown,unknown
622000,10025,10036,1,1,13.210888,,,,,1,,,,"LINESTRING(114.164106196 22.305623577,114.164171192 22.305643742,114.164229688 22.305654835)",physical,261000,10025,10036,true,ID_014531,3,<Null>,<Null>,<=101 vertices; endpoints exact,m,unknown,unknown
621978,10026,10027,1,1,14.015051,,,,,1,,,,"LINESTRING(114.164111732 22.304312158,114.164112812 22.304438718)",physical,260989,10026,10027,true,ID_028618,3,LIN CHEUNG ROAD,13922,<=101 vertices; endpoints exact,m,unknown,unknown
621984,10026,10032,1,1,10.369358,,,,,1,,,,"LINESTRING(114.164111732 22.304312158,114.164142062 22.304323248,114.164171310 22.304328291,114.164209225 22.304333334)",physical,260992,10026,10032,true,ID_014527,3,<Null>,<Null>,<=101 vertices; endpoints exact,m,unknown,unknown
621986,10027,10030,1,1,104.219735,,,,,1,,,,"LINESTRING(114.164112812 22.304438718,114.164112779 22.304713345,114.164121418 22.305005669,114.164132217 22.305379641)",physical,260993,10027,10030,true,ID_028619,3,LIN CHEUNG ROAD,13922,<=101 vertices; endpoints exact,m,unknown,unknown
621988,10028,10025,1,1,14.620271,,,,,1,,,,"LINESTRING(114.164123541 22.305492537,114.164106196 22.305623577)",physical,260994,10028,10025,true,ID_028775,3,LIN CHEUNG ROAD,13922,<=101 vertices; endpoints exact,m,unknown,unknown
621884,10029,10014,1,1,168.847297,,,,,1,,,,"LINESTRING(114.164131903 22.307081100,114.164135876 22.307620018,114.164131842 22.307750069,114.164129824 22.307825854,114.164111820 22.307994665,114.164091579 22.308201641,114.164033780 22.308446246,114.164013551 22.308524197,114.163990435 22.308592740)",physical,260942,10029,10014,true,ID_014883,3,LIN CHEUNG ROAD,13922,<=101 vertices; endpoints exact,m,unknown,unknown
621980,10030,10028,1,1,12.533431,,,,,1,,,,"LINESTRING(114.164132217 22.305379641,114.164123541 22.305492537)",physical,260990,10030,10028,true,ID_028620,3,LIN CHEUNG ROAD,13922,<=101 vertices; endpoints exact,m,unknown,unknown
621992,10030,10035,1,1,11.069275,,,,,1,,,,"LINESTRING(114.164132217 22.305379641,114.164156048 22.305394763,114.164188545 22.305409885,114.164227542 22.305425008)",physical,260996,10030,10035,true,ID_014529,3,<Null>,<Null>,<=101 vertices; endpoints exact,m,unknown,unknown
621976,10031,10024,1,1,15.150282,,,,,1,,,,"LINESTRING(114.164138346 22.303491641,114.164119924 22.303562200,114.164093920 22.303621670)",physical,260988,10031,10024,true,ID_014478,3,<Null>,<Null>,<=101 vertices; endpoints exact,m,unknown,unknown
621982,10033,10027,1,1,10.582379,,,,,1,,,,"LINESTRING(114.164212467 22.304419015,114.164174552 22.304421028,114.164143136 22.304428081,114.164112812 22.304438718)",physical,260991,10033,10027,true,ID_014528,3,<Null>,<Null>,<=101 vertices; endpoints exact,m,unknown,unknown
621990,10034,10028,1,1,10.638171,,,,,1,,,,"LINESTRING(114.164222122 22.305469360,114.164188540 22.305470366,114.164153874 22.305478427,114.164123541 22.305492537)",physical,260995,10034,10028,true,ID_014530,3,<Null>,<Null>,<=101 vertices; endpoints exact,m,unknown,unknown
313744,10037,10013,1,1,41.582871,,,,,1,,,,"LINESTRING(114.164353685 22.306578637,114.164115581 22.306629909,114.163975846 22.306558990)",physical,106872,10037,10013,true,ID_015663,3,JORDAN ROAD,10904,<=101 vertices; endpoints exact,m,unknown,unknown
313836,10037,10029,1,1,66.849582,,,,,1,,,,"LINESTRING(114.164353685 22.306578637,114.164265170 22.306618409,114.164218948 22.306639910,114.164187169 22.306665444,114.164159450 22.306704201,114.164151051 22.306750114,114.164145581 22.306992295,114.164131903 22.307081100)",physical,106918,10037,10029,true,ID_014920,3,LIN CHEUNG ROAD,13922,<=101 vertices; endpoints exact,m,unknown,unknown
313748,10038,10052,1,1,69.958343,,,,,1,,,,"LINESTRING(114.164391099 22.306391179,114.164678467 22.306328478,114.164902561 22.306279023,114.165045561 22.306330883)",physical,106874,10038,10052,true,ID_013161,3,JORDAN ROAD,10904,<=101 vertices; endpoints exact,m,unknown,unknown
623382,10039,10040,1,1,8.944019,,,,,1,,,,"LINESTRING(114.164411300 22.308046965,114.164497283 22.308058041)",physical,261691,10039,10040,true,ID_030014,3,-99,52614,<=101 vertices; endpoints exact,m,unknown,unknown
623386,10039,10040,1,1,285.849488,,,,,1,,,,"LINESTRING(114.164411300 22.308046965,114.164420420 22.308022757,114.164429539 22.307998548,114.164438659 22.307974340,114.164442294 22.307949089,114.164445928 22.307923839,114.164449563 22.307898589,114.164453197 22.307873339,114.164456832 22.307848089,114.164460466 22.307822839,114.164464101 22.307797589,114.164467735 22.307772339,114.164471370 22.307747089,114.164475004 22.307721839,114.164478639 22.307696589,114.164482273 22.307671338,114.164485908 22.307646088,114.164489542 22.307620838,114.164493177 22.307595588,114.164496811 22.307570338,114.164500446 22.307545088,114.164504080 22.307519838,114.164507715 22.307494588,114.164511349 22.307469338,114.164514984 22.307444088,114.164518618 22.307418837,114.164522253 22.307393587,114.164525887 22.307368337,114.164529522 22.307343087,114.164533156 22.307317837,114.164536790 22.307292587,114.164540425 22.307267337,114.164544059 22.307242087,114.164547694 22.307216837,114.164551328 22.307191586,114.164554963 22.307166336,114.164558597 22.307141086,114.164562232 22.307115836,114.164559780 22.307090469,114.164557329 22.307065101,114.164554878 22.307039734,114.164545065 22.307019186,114.164535253 22.306998637,114.164525440 22.306978089,114.164515628 22.306957541,114.164505815 22.306936993,114.164508270 22.306919109,114.164510725 22.306901225,114.164518434 22.306878704,114.164532543 22.306859049,114.164551949 22.306843798,114.164575135 22.306834144,114.164600287 22.306830841,114.164625439 22.306834147,114.164648623 22.306843805,114.164668026 22.306859059,114.164682132 22.306878716,114.164689836 22.306901239,114.164686359 22.306926497,114.164682882 22.306951756,114.164679405 22.306977015,114.164675928 22.307002273,114.164672451 22.307027532,114.164668974 22.307052791,114.164665497 22.307078049,114.164662020 22.307103308,114.164658543 22.307128567,114.164655066 22.307153826,114.164651589 22.307179084,114.164648112 22.307204343,114.164644635 22.307229602,114.164641158 22.307254860,114.164637681 22.307280119,114.164634204 22.307305378,114.164630727 22.307330636,114.164627250 22.307355895,114.164623773 22.307381154,114.164620296 22.307406412,114.164616819 22.307431671,114.164613342 22.307456930,114.164609865 22.307482188,114.164606387 22.307507447,114.164602910 22.307532706,114.164599433 22.307557964,114.164595956 22.307583223,114.164592479 22.307608482,114.164589002 22.307633741,114.164585525 22.307658999,114.164582048 22.307684258,114.164578571 22.307709517,114.164575094 22.307734775,114.164571617 22.307760034,114.164568140 22.307785293,114.164564663 22.307810551,114.164561186 22.307835810,114.164557709 22.307861069,114.164554231 22.307886327,114.164550754 22.307911586,114.164547277 22.307936845,114.164543800 22.307962103,114.164540323 22.307987362,114.164529563 22.308005032,114.164518803 22.308022702,114.164508043 22.308040371,114.164497283 22.308058041)",physical,261693,10039,10040,true,ID_030006,3,-99,52614,<=101 vertices; endpoints exact,m,unknown,unknown
623398,10040,10023,1,1,141.750625,,,,,1,,,,"LINESTRING(114.164497283 22.308058041,114.164497361 22.308069174,114.164497439 22.308080306,114.164497516 22.308091439,114.164497594 22.308102571,114.164497672 22.308113704,114.164497749 22.308124836,114.164497827 22.308135969,114.164493938 22.308148131,114.164490050 22.308160293,114.164486161 22.308172455,114.164482272 22.308184616,114.164478383 22.308196778,114.164474494 22.308208940,114.164470606 22.308221102,114.164466717 22.308233264,114.164462828 22.308245426,114.164458939 22.308257588,114.164455051 22.308269750,114.164451162 22.308281912,114.164447273 22.308294073,114.164443384 22.308306235,114.164439495 22.308318397,114.164435607 22.308330559,114.164431718 22.308342721,114.164427829 22.308354883,114.164423940 22.308367045,114.164420052 22.308379207,114.164416163 22.308391369,114.164412274 22.308403531,114.164408385 22.308415692,114.164404496 22.308427854,114.164400608 22.308440016,114.164396719 22.308452178,114.164392830 22.308464340,114.164388941 22.308476502,114.164385052 22.308488664,114.164381164 22.308500826,114.164377275 22.308512988,114.164373386 22.308525149,114.164369497 22.308537311,114.164365609 22.308549473,114.164361720 22.308561635,114.164357831 22.308573797,114.164353942 22.308585959,114.164350053 22.308598121,114.164346165 22.308610283,114.164342276 22.308622445,114.164338387 22.308634607,114.164334498 22.308646768,114.164330609 22.308658930,114.164326721 22.308671092,114.164322832 22.308683254,114.164318943 22.308695416,114.164315054 22.308707578,114.164311165 22.308719740,114.164307276 22.308731902,114.164303388 22.308744064,114.164299499 22.308756225,114.164295610 22.308768387,114.164291721 22.308780549,114.164287833 22.308792711,114.164283944 22.308804873,114.164280055 22.308817035,114.164276166 22.308829197,114.164272277 22.308841359,114.164268388 22.308853521,114.164264500 22.308865682,114.164260611 22.308877844,114.164256722 22.308890006,114.164252833 22.308902168,114.164248944 22.308914330,114.164245056 22.308926492,114.164241167 22.308938654,114.164237278 22.308950816,114.164233389 22.308962978,114.164229500 22.308975140,114.164225612 22.308987301,114.164221723 22.308999463,114.164217834 22.309011625,114.164217066 22.309021756,114.164216299 22.309031887,114.164215531 22.309042018,114.164214763 22.309052149,114.164216500 22.309063728,114.164218237 22.309075308,114.164219974 22.309086887,114.164221711 22.309098466,114.164220737 22.309110509,114.164218871 22.309122461,114.164216120 22.309134264,114.164212499 22.309145862,114.164208025 22.309157198,114.164202718 22.309168220,114.164196605 22.309178874,114.164189715 22.309189109,114.164178307 22.309193828,114.164166900 22.309198547,114.164155493 22.309203266,114.164144085 22.309207984,114.164132678 22.309212703,114.164121270 22.309217422,114.164109863 22.309222141,114.164098455 22.309226859,114.164087048 22.309231578)",physical,261699,10040,10023,true,ID_030007,3,-99,52614,<=101 vertices; endpoints exact,m,unknown,unknown
623378,10040,10048,1,1,39.990954,,,,,1,,,,"LINESTRING(114.164497283 22.308058041,114.164567103 22.308034955,114.164879965 22.308009857)",physical,261689,10040,10048,true,ID_030005,3,-99,52614,<=101 vertices; endpoints exact,m,unknown,unknown
633338,10041,10043,1,1,17.639055,,,,,1,,,,"LINESTRING(114.164606084 22.309171148,114.164755821 22.309093938)",physical,266669,10041,10043,true,ID_030076,3,-99,52614,<=101 vertices; endpoints exact,m,unknown,unknown
623408,10042,10023,1,1,61.932983,,,,,1,,,,"LINESTRING(114.164628375 22.309281825,114.164563092 22.309292682,114.164471973 22.309319734,114.164309123 22.309352191,114.164186989 22.309332339,114.164117202 22.309274609,114.164087048 22.309231578)",physical,261704,10042,10023,true,ID_030013,3,-99,52614,<=101 vertices; endpoints exact,m,unknown,unknown
633336,10042,10041,1,1,12.953341,,,,,1,,,,"LINESTRING(114.164628375 22.309281825,114.164597112 22.309189145,114.164606084 22.309171148)",physical,266668,10042,10041,true,ID_030075,3,-99,52614,<=101 vertices; endpoints exact,m,unknown,unknown
623414,10043,10051,1,1,66.951444,,,,,1,,,,"LINESTRING(114.164755821 22.309093938,114.164955973 22.308518724)",physical,261707,10043,10051,true,ID_030009,3,-99,52614,<=101 vertices; endpoints exact,m,unknown,unknown
313802,10044,10046,1,1,19.08629,,,,,1,,,,"LINESTRING(114.164764548 22.312107923,114.164776452 22.312049394,114.164786857 22.311998232,114.164797550 22.311938330)",physical,106901,10044,10046,true,ID_021526,1,HOI WANG ROAD,13886,<=101 vertices; endpoints exact,m,unknown,unknown
623392,10045,10042,1,1,17.38141,,,,,1,,,,"LINESTRING(114.164794434 22.309254206,114.164628375 22.309281825)",physical,261696,10045,10042,true,ID_030012,3,-99,52614,<=101 vertices; endpoints exact,m,unknown,unknown
623418,10045,10043,1,1,18.187745,,,,,1,,,,"LINESTRING(114.164794434 22.309254206,114.164755821 22.309093938)",physical,261709,10045,10043,true,ID_030010,3,-99,52614,<=101 vertices; endpoints exact,m,unknown,unknown
313796,10046,10009,1,1,98.125363,,,,,1,,,,"LINESTRING(114.164797550 22.311938330,114.164700927 22.311917311,114.164666757 22.311912892,114.164608146 22.311910604,114.164498642 22.311906758,114.164374587 22.311917777,114.164314229 22.311923138,114.164076736 22.311956229,114.163956793 22.311968498,114.163908562 22.311973312,114.163859803 22.311998584)",physical,106898,10046,10009,true,ID_030139,3,LAI CHEUNG ROAD,13924,<=101 vertices; endpoints exact,m,unknown,unknown
313803,10046,10044,1,-1,19.08629,,,,,1,,,,"LINESTRING(114.164797550 22.311938330,114.164786857 22.311998232,114.164776452 22.312049394,114.164764548 22.312107923)",physical,106901,10044,10046,true,ID_021526,1,HOI WANG ROAD,13886,<=101 vertices; endpoints exact,m,unknown,unknown
319922,10046,10047,1,1,4.492762,,,,,1,,,,"LINESTRING(114.164797550 22.311938330,114.164804695 22.311898306)",physical,109961,10046,10047,true,ID_022327,1,HOI WANG ROAD,13886,<=101 vertices; endpoints exact,m,unknown,unknown
632806,10046,10077,1,1,81.76872,,,,,1,,,,"LINESTRING(114.164797550 22.311938330,114.164902911 22.311880694,114.165205289 22.311939730,114.165485701 22.311985625,114.165558535 22.311960436)",physical,266403,10046,10077,true,ID_024577,3,LAI CHEUNG ROAD,13924,<=101 vertices; endpoints exact,m,unknown,unknown
319923,10047,10046,1,-1,4.492762,,,,,1,,,,"LINESTRING(114.164804695 22.311898306,114.164797550 22.311938330)",physical,109961,10046,10047,true,ID_022327,1,HOI WANG ROAD,13886,<=101 vertices; endpoints exact,m,unknown,unknown
311098,10047,10069,1,1,157.503466,,,,,1,,,,"LINESTRING(114.164804695 22.311898306,114.164765794 22.311834591,114.164807556 22.311674419,114.164940292 22.311472741,114.165084110 22.311279214,114.165178495 22.311103540,114.165226375 22.310904840,114.165220514 22.310681684,114.165293965 22.310624336)",physical,105549,10047,10069,true,ID_027048,3,HOI WANG ROAD,13886,<=101 vertices; endpoints exact,m,unknown,unknown
623374,10048,10055,1,1,178.930321,,,,,1,,,,"LINESTRING(114.164879965 22.308009857,114.164876596 22.307978113,114.164858788 22.307810327,114.164853671 22.307588117,114.164858820 22.307435198,114.164876809 22.307263166,114.164897368 22.307067241,114.164920491 22.306921492,114.164992418 22.306591767,114.165012966 22.306527256,114.165117431 22.306458040)",physical,261687,10048,10055,true,ID_021466,3,HOI WANG ROAD,13886,<=101 vertices; endpoints exact,m,unknown,unknown
311066,10049,10047,1,1,20.294099,,,,,1,,,,"LINESTRING(114.164926840 22.311759814,114.164869568 22.311854618,114.164804695 22.311898306)",physical,105533,10049,10047,true,ID_016622,3,HOI WANG ROAD,13886,<=101 vertices; endpoints exact,m,unknown,unknown
670374,10049,10064,1,1,39.586806,,,,,1,,,,"LINESTRING(114.164926840 22.311759814,114.165034531 22.311859732,114.165261016 22.311907058)",physical,285187,10049,10064,true,ID_023820,3,-99,<Null>,<=101 vertices; endpoints exact,m,unknown,unknown
669604,10050,10053,1,1,10.922543,,,,,1,,,,"LINESTRING(114.164945359 22.310538497,114.165051046 22.310546158)",physical,284802,10050,10053,true,ID_023795,3,HOI WANG ROAD,13886,<=101 vertices; endpoints exact,m,unknown,unknown
669602,10050,10056,1,1,58.827199,,,,,1,,,,"LINESTRING(114.164945359 22.310538497,114.165043970 22.310486894,114.165095591 22.310408766,114.165087138 22.310155016,114.165122857 22.310081817)",physical,284801,10050,10056,true,ID_023793,3,HOI WANG ROAD,13886,<=101 vertices; endpoints exact,m,unknown,unknown
622036,10051,10048,1,1,56.922399,,,,,1,,,,"LINESTRING(114.164955973 22.308518724,114.164902406 22.308221299,114.164885005 22.308057348,114.164879965 22.308009857)",physical,261018,10051,10048,true,ID_021463,3,HOI WANG ROAD,13886,<=101 vertices; endpoints exact,m,unknown,unknown
622138,10052,10037,1,1,79.39623,,,,,1,,,,"LINESTRING(114.165045561 22.306330883,114.164943739 22.306451574,114.164353685 22.306578637)",physical,261069,10052,10037,true,ID_013160,3,JORDAN ROAD,10904,<=101 vertices; endpoints exact,m,unknown,unknown
622009,10052,10061,1,-1,12.99681,,,,,1,,,,"LINESTRING(114.165045561 22.306330883,114.165168782 22.306305800)",physical,261004,10061,10052,true,ID_013163,1,JORDAN ROAD,10904,<=101 vertices; endpoints exact,m,unknown,unknown
669600,10053,10056,1,1,54.006421,,,,,1,,,,"LINESTRING(114.165051046 22.310546158,114.165106627 22.310480447,114.165145156 22.310344257,114.165122857 22.310081817)",physical,284800,10053,10056,true,ID_023792,3,HOI WANG ROAD,13886,<=101 vertices; endpoints exact,m,unknown,unknown
669598,10053,10066,1,1,24.654678,,,,,1,,,,"LINESTRING(114.165051046 22.310546158,114.165287288 22.310581538)",physical,284799,10053,10066,true,ID_027412,3,HOI WANG ROAD,13886,<=101 vertices; endpoints exact,m,unknown,unknown
622040,10054,10060,1,1,196.170986,,,,,1,,,,"LINESTRING(114.165060909 22.307040522,114.165035220 22.307162377,114.165024934 22.307336799,114.165037704 22.308158737,114.165076193 22.308505196,114.165122399 22.308689180,114.165163475 22.308795957)",physical,261020,10054,10060,true,ID_022339,3,HOI WANG ROAD,13886,<=101 vertices; endpoints exact,m,unknown,unknown
622042,10055,10054,1,1,68.608068,,,,,1,,,,"LINESTRING(114.165117431 22.306458040,114.165186773 22.306536378,114.165096874 22.306846987,114.165060909 22.307040522)",physical,261021,10055,10054,true,ID_022340,3,HOI WANG ROAD,13886,<=101 vertices; endpoints exact,m,unknown,unknown
622017,10055,10061,1,-1,17.669055,,,,,1,,,,"LINESTRING(114.165117431 22.306458040,114.165168782 22.306305800)",physical,261008,10061,10055,true,ID_021467,1,HOI WANG ROAD,13886,<=101 vertices; endpoints exact,m,unknown,unknown
311000,10056,10059,1,1,103.919684,,,,,1,,,,"LINESTRING(114.165122857 22.310081817,114.165107464 22.309914083,114.165093873 22.309647626,114.165094655 22.309515016,114.165093121 22.309426849,114.165098888 22.309214185,114.165161966 22.309176343)",physical,105500,10056,10059,true,ID_023794,3,HOI WANG ROAD,13886,<=101 vertices; endpoints exact,m,unknown,unknown
623406,10057,10051,1,1,67.489508,,,,,1,,,,"LINESTRING(114.165158851 22.309056357,114.165086118 22.309031741,114.165063851 22.309024205,114.164974272 22.308620326,114.164955973 22.308518724)",physical,261703,10057,10051,true,ID_021462,3,HOI WANG ROAD,13886,<=101 vertices; endpoints exact,m,unknown,unknown
622059,10057,10058,1,-1,6.024283,,,,,1,,,,"LINESTRING(114.165158851 22.309056357,114.165159660 22.309110755)",physical,261029,10058,10057,true,ID_021464,1,HOI WANG ROAD,13886,<=101 vertices; endpoints exact,m,unknown,unknown
623410,10058,10045,1,1,43.080251,,,,,1,,,,"LINESTRING(114.165159660 22.309110755,114.165070718 22.309208255,114.164794434 22.309254206)",physical,261705,10058,10045,true,ID_030011,3,-99,52614,<=101 vertices; endpoints exact,m,unknown,unknown
622058,10058,10057,1,1,6.024283,,,,,1,,,,"LINESTRING(114.165159660 22.309110755,114.165158851 22.309056357)",physical,261029,10058,10057,true,ID_021464,1,HOI WANG ROAD,13886,<=101 vertices; endpoints exact,m,unknown,unknown
622056,10058,10059,1,1,7.266722,,,,,1,,,,"LINESTRING(114.165159660 22.309110755,114.165161966 22.309176343)",physical,261028,10058,10059,true,ID_021459,1,HOI WANG ROAD,13886,<=101 vertices; endpoints exact,m,unknown,unknown
622054,10058,10063,1,1,9.534762,,,,,1,,,,"LINESTRING(114.165159660 22.309110755,114.165251975 22.309104788)",physical,261027,10058,10063,true,ID_032180,1,YAN CHEUNG ROAD,13881,<=101 vertices; endpoints exact,m,unknown,unknown
622057,10059,10058,1,-1,7.266722,,,,,1,,,,"LINESTRING(114.165161966 22.309176343,114.165159660 22.309110755)",physical,261028,10058,10059,true,ID_021459,1,HOI WANG ROAD,13886,<=101 vertices; endpoints exact,m,unknown,unknown
622052,10059,10062,1,1,25.681841,,,,,1,,,,"LINESTRING(114.165161966 22.309176343,114.165203809 22.309214930,114.165213957 22.309302540,114.165218572 22.309391424)",physical,261026,10059,10062,true,ID_023797,3,HOI WANG ROAD,13886,<=101 vertices; endpoints exact,m,unknown,unknown
622038,10060,10057,1,1,31.846902,,,,,1,,,,"LINESTRING(114.165163475 22.308795957,114.165212482 22.309012086,114.165158851 22.309056357)",physical,261019,10060,10057,true,ID_021465,3,HOI WANG ROAD,13886,<=101 vertices; endpoints exact,m,unknown,unknown
622044,10060,10075,1,1,44.632315,,,,,1,,,,"LINESTRING(114.165163475 22.308795957,114.165227025 22.308855098,114.165273244 22.308884670,114.165345461 22.308926339,114.165416728 22.308950024,114.165538280 22.308982777)",physical,261022,10060,10075,true,ID_029713,3,YAN CHEUNG ROAD,13881,<=101 vertices; endpoints exact,m,unknown,unknown
622008,10061,10052,1,1,12.99681,,,,,1,,,,"LINESTRING(114.165168782 22.306305800,114.165045561 22.306330883)",physical,261004,10061,10052,true,ID_013163,1,JORDAN ROAD,10904,<=101 vertices; endpoints exact,m,unknown,unknown
622016,10061,10055,1,1,17.669055,,,,,1,,,,"LINESTRING(114.165168782 22.306305800,114.165117431 22.306458040)",physical,261008,10061,10055,true,ID_021467,1,HOI WANG ROAD,13886,<=101 vertices; endpoints exact,m,unknown,unknown
621758,10061,10065,1,1,11.550664,,,,,1,,,,"LINESTRING(114.165168782 22.306305800,114.165280844 22.306303100)",physical,260879,10061,10065,true,ID_013170,1,JORDAN ROAD,10904,<=101 vertices; endpoints exact,m,unknown,unknown
622014,10061,10070,1,1,20.544258,,,,,1,,,,"LINESTRING(114.165168782 22.306305800,114.165296865 22.306163617)",physical,261007,10061,10070,true,ID_013169,1,WUI MAN ROAD,14318,<=101 vertices; endpoints exact,m,unknown,unknown
669612,10062,10067,1,1,126.875764,,,,,1,,,,"LINESTRING(114.165218572 22.309391424,114.165213941 22.309488910,114.165218544 22.309725456,114.165215440 22.309996408,114.165267804 22.310250161,114.165321711 22.310470941,114.165292433 22.310519682)",physical,284806,10062,10067,true,ID_023802,3,HOI WANG ROAD,13886,<=101 vertices; endpoints exact,m,unknown,unknown
622055,10063,10058,1,-1,9.534762,,,,,1,,,,"LINESTRING(114.165251975 22.309104788,114.165159660 22.309110755)",physical,261027,10058,10063,true,ID_032180,1,YAN CHEUNG ROAD,13881,<=101 vertices; endpoints exact,m,unknown,unknown
622046,10063,10075,1,1,35.171314,,,,,1,,,,"LINESTRING(114.165251975 22.309104788,114.165284787 22.309035200,114.165538280 22.308982777)",physical,261023,10063,10075,true,ID_032272,3,YAN CHEUNG ROAD,13881,<=101 vertices; endpoints exact,m,unknown,unknown
670372,10064,10077,1,1,31.219406,,,,,1,,,,"LINESTRING(114.165261016 22.311907058,114.165558535 22.311960436)",physical,285186,10064,10077,true,ID_023796,3,-99,<Null>,<=101 vertices; endpoints exact,m,unknown,unknown
621759,10065,10061,1,-1,11.550664,,,,,1,,,,"LINESTRING(114.165280844 22.306303100,114.165168782 22.306305800)",physical,260879,10061,10065,true,ID_013170,1,JORDAN ROAD,10904,<=101 vertices; endpoints exact,m,unknown,unknown
622018,10065,10084,1,1,72.698591,,,,,1,,,,"LINESTRING(114.165280844 22.306303100,114.165336156 22.306206954,114.165909997 22.306086146)",physical,261009,10065,10084,true,ID_013166,3,JORDAN ROAD,10904,<=101 vertices; endpoints exact,m,unknown,unknown
669596,10066,10067,1,1,6.870074,,,,,1,,,,"LINESTRING(114.165287288 22.310581538,114.165292433 22.310519682)",physical,284798,10066,10067,true,ID_023805,1,HOI WANG ROAD,13886,<=101 vertices; endpoints exact,m,unknown,unknown
669592,10066,10069,1,1,4.788881,,,,,1,,,,"LINESTRING(114.165287288 22.310581538,114.165293965 22.310624336)",physical,284796,10066,10069,true,ID_023804,1,HOI WANG ROAD,13886,<=101 vertices; endpoints exact,m,unknown,unknown
669594,10067,10056,1,1,56.890993,,,,,1,,,,"LINESTRING(114.165292433 22.310519682,114.165201014 22.310502205,114.165197934 22.310485002,114.165167137 22.310274736,114.165122857 22.310081817)",physical,284797,10067,10056,true,ID_027057,3,HOI WANG ROAD,13886,<=101 vertices; endpoints exact,m,unknown,unknown
669597,10067,10066,1,-1,6.870074,,,,,1,,,,"LINESTRING(114.165292433 22.310519682,114.165287288 22.310581538)",physical,284798,10066,10067,true,ID_023805,1,HOI WANG ROAD,13886,<=101 vertices; endpoints exact,m,unknown,unknown
311480,10068,10049,1,1,138.321992,,,,,1,,,,"LINESTRING(114.165293965 22.310624336,114.165329396 22.310696019,114.165357119 22.310820745,114.165349408 22.310913929,114.165309331 22.311127534,114.165223034 22.311325366,114.165156774 22.311421414,114.165110547 22.311475888,114.165016552 22.311602038,114.164939820 22.311701306,114.164926840 22.311759814)",physical,105740,10068,10049,true,ID_023791,3,HOI WANG ROAD,13886,<=101 vertices; endpoints exact,m,unknown,unknown
669593,10069,10066,1,-1,4.788881,,,,,1,,,,"LINESTRING(114.165293965 22.310624336,114.165287288 22.310581538)",physical,284796,10066,10069,true,ID_023804,1,HOI WANG ROAD,13886,<=101 vertices; endpoints exact,m,unknown,unknown
622015,10070,10061,1,-1,20.544258,,,,,1,,,,"LINESTRING(114.165296865 22.306163617,114.165168782 22.306305800)",physical,261007,10061,10070,true,ID_013169,1,WUI MAN ROAD,14318,<=101 vertices; endpoints exact,m,unknown,unknown
622034,10070,10089,1,1,184.970328,,,,,1,,,,"LINESTRING(114.165296865 22.306163617,114.165264851 22.306116217,114.165579945 22.305459076,114.165777339 22.305088188,114.166023110 22.304665089)",physical,261017,10070,10089,true,ID_013167,3,WUI MAN ROAD,14318,<=101 vertices; endpoints exact,m,unknown,unknown
310604,10071,10100,1,1,101.304504,,,,,1,,,,"LINESTRING(114.165309276 22.307437631,114.166262377 22.307213095)",physical,105302,10071,10100,true,ID_034001,3,MAN YING STREET,11390,<=101 vertices; endpoints exact,m,unknown,unknown
310812,10072,10071,1,1,37.014052,,,,,1,,,,"LINESTRING(114.165394544 22.307762337,114.165309276 22.307437631)",physical,105406,10072,10071,true,ID_034579,3,MAN CHEONG STREET,11366,<=101 vertices; endpoints exact,m,unknown,unknown
310770,10072,10104,1,1,101.188908,,,,,1,,,,"LINESTRING(114.165394544 22.307762337,114.166348510 22.307545351)",physical,105385,10072,10104,true,ID_034003,3,MAN YUEN STREET,11392,<=101 vertices; endpoints exact,m,unknown,unknown
10000191,10073,95,1,1,,,,,,0,,,,"LINESTRING(114.165465575 22.309105341,114.165668584 22.309352193)",nonphysical_zone_access_in,,,,false,,,,,straight display only,not routable,not routable,not routable
669614,10073,10062,1,1,41.844567,,,,,1,,,,"LINESTRING(114.165465575 22.309105341,114.165416291 22.309140533,114.165318451 22.309204321,114.165253731 22.309326174,114.165218572 22.309391424)",physical,284807,10073,10062,true,ID_023803,3,HOI WANG ROAD,13886,<=101 vertices; endpoints exact,m,unknown,unknown
622050,10073,10063,1,1,23.389312,,,,,1,,,,"LINESTRING(114.165465575 22.309105341,114.165310778 22.309137346,114.165251975 22.309104788)",physical,261025,10073,10063,true,ID_029939,3,YAN CHEUNG ROAD,13881,<=101 vertices; endpoints exact,m,unknown,unknown
310768,10074,10072,1,1,36.300732,,,,,1,,,,"LINESTRING(114.165482686 22.308079729,114.165394544 22.307762337)",physical,105384,10074,10072,true,ID_029423,3,MAN CHEONG STREET,11366,<=101 vertices; endpoints exact,m,unknown,unknown
310794,10074,10110,1,1,101.074649,,,,,1,,,,"LINESTRING(114.165482686 22.308079729,114.166436715 22.307867370)",physical,105397,10074,10110,true,ID_033997,3,MAN WAI STREET,11386,<=101 vertices; endpoints exact,m,unknown,unknown
621346,10075,10102,1,1,86.763657,,,,,1,,,,"LINESTRING(114.165538280 22.308982777,114.165703930 22.308944255,114.166098358 22.308867822,114.166252767 22.308825800,114.166318885 22.308904727)",physical,260673,10075,10102,true,ID_015224,3,YAN CHEUNG ROAD,13881,<=101 vertices; endpoints exact,m,unknown,unknown
622012,10076,10070,1,1,46.473251,,,,,1,,,,"LINESTRING(114.165544188 22.305827243,114.165374524 22.306126726,114.165296865 22.306163617)",physical,261006,10076,10070,true,ID_013168,3,WUI MAN ROAD,14318,<=101 vertices; endpoints exact,m,unknown,unknown
622006,10076,10084,1,1,53.89379,,,,,1,,,,"LINESTRING(114.165544188 22.305827243,114.165560790 22.305893244,114.165584072 22.305940192,114.165607354 22.305987140,114.165638399 22.306019643,114.165685182 22.306057507,114.165730566 22.306074269,114.165789464 22.306088787,114.165909997 22.306086146)",physical,261003,10076,10084,true,ID_021513,3,JORDAN ROAD,10904,<=101 vertices; endpoints exact,m,unknown,unknown
310988,10077,10085,1,1,38.676976,,,,,1,,,,"LINESTRING(114.165558535 22.311960436,114.165928731 22.312018268)",physical,105494,10077,10085,true,ID_024571,3,NGO CHEUNG ROAD,13923,<=101 vertices; endpoints exact,m,unknown,unknown
313794,10078,10046,1,1,79.747019,,,,,1,,,,"LINESTRING(114.165559448 22.312064339,114.164905567 22.311960827,114.164852037 22.311950528,114.164797550 22.311938330)",physical,106897,10078,10046,true,ID_028001,3,LAI CHEUNG ROAD,13924,<=101 vertices; endpoints exact,m,unknown,unknown
622134,10079,10054,1,1,102.758165,,,,,1,,,,"LINESTRING(114.165591287 22.306311976,114.165474383 22.306350028,114.165423025 22.306369140,114.165373442 22.306396781,114.165328008 22.306476654,114.165250962 22.306612841,114.165202166 22.306706023,114.165153368 22.306818319,114.165112274 22.306928226,114.165060909 22.307040522)",physical,261067,10079,10054,true,ID_021522,3,HOI WANG ROAD,13886,<=101 vertices; endpoints exact,m,unknown,unknown
621890,10079,10065,1,1,34.56887,,,,,1,,,,"LINESTRING(114.165591287 22.306311976,114.165349242 22.306355919,114.165280844 22.306303100)",physical,260945,10079,10065,true,ID_013165,3,JORDAN ROAD,10904,<=101 vertices; endpoints exact,m,unknown,unknown
621966,10080,10012,1,1,190.935182,,,,,1,,,,"LINESTRING(114.165607087 22.302870387,114.165466592 22.302889054,114.164547577 22.302831548,114.164318051 22.302832869,114.164187267 22.302864584,114.164094823 22.302924311,114.164043461 22.302998377,114.163981828 22.303074832,114.163958709 22.303179961)",physical,260983,10080,10012,true,ID_034965,3,LIN CHEUNG ROAD,13922,<=101 vertices; endpoints exact,m,unknown,unknown
621790,10080,10020,1,1,164.740993,,,,,1,,,,"LINESTRING(114.165607087 22.302870387,114.165464000 22.302833144,114.164284448 22.302734979,114.164093383 22.302716756,114.164045414 22.302664474)",physical,260895,10080,10020,true,ID_015946,3,AUSTIN ROAD WEST,13926,<=101 vertices; endpoints exact,m,unknown,unknown
621804,10081,10087,1,1,33.867867,,,,,1,,,,"LINESTRING(114.165625528 22.302750608,114.165953395 22.302772134)",physical,260902,10081,10087,true,ID_032504,3,AUSTIN ROAD WEST,13926,<=101 vertices; endpoints exact,m,unknown,unknown
621826,10082,10088,1,1,33.363604,,,,,1,,,,"LINESTRING(114.165640687 22.302615389,114.165961476 22.302656297)",physical,260913,10082,10088,true,ID_031398,3,LIN CHEUNG ROAD,13922,<=101 vertices; endpoints exact,m,unknown,unknown
668344,10083,10108,1,1,94.044094,,,,,1,,,,"LINESTRING(114.165673401 22.310661066,114.165919925 22.310562163,114.166183403 22.310381546,114.166421161 22.310186447)",physical,284172,10083,10108,true,ID_024327,3,-99,<Null>,<=101 vertices; endpoints exact,m,unknown,unknown
621762,10084,10118,1,1,102.023767,,,,,1,,,,"LINESTRING(114.165909997 22.306086146,114.165978989 22.306072440,114.166698988 22.305903805,114.166872902 22.305935124)",physical,260881,10084,10118,true,ID_015093,3,JORDAN ROAD,10904,<=101 vertices; endpoints exact,m,unknown,unknown
311017,10085,10090,1,-1,88.011816,,,,,1,,,,"LINESTRING(114.165928731 22.312018268,114.165977156 22.311753679,114.166058581 22.311307501,114.166066748 22.311234057)",physical,105508,10090,10085,true,ID_035976,1,HAU CHEUNG STREET,14044,<=101 vertices; endpoints exact,m,unknown,unknown
621796,10086,10080,1,1,35.036945,,,,,1,,,,"LINESTRING(114.165946945 22.302880371,114.165607087 22.302870387)",physical,260898,10086,10080,true,ID_031490,3,AUSTIN ROAD WEST,13926,<=101 vertices; endpoints exact,m,unknown,unknown
621798,10087,10115,1,1,88.494694,,,,,1,,,,"LINESTRING(114.165953395 22.302772134,114.166810732 22.302819148)",physical,260899,10087,10115,true,ID_033577,3,AUSTIN ROAD WEST,13926,<=101 vertices; endpoints exact,m,unknown,unknown
621780,10088,10115,1,1,89.377814,,,,,1,,,,"LINESTRING(114.165961476 22.302656297,114.166445921 22.302738566,114.166810732 22.302819148)",physical,260890,10088,10115,true,ID_033579,3,LIN CHEUNG ROAD,13922,<=101 vertices; endpoints exact,m,unknown,unknown
622010,10089,10095,1,1,25.136193,,,,,1,,,,"LINESTRING(114.166023110 22.304665089,114.166085790 22.304533199,114.166171656 22.304511537)",physical,261005,10089,10095,true,ID_013164,3,WUI MAN ROAD,14318,<=101 vertices; endpoints exact,m,unknown,unknown
622032,10089,10106,1,1,148.67538,,,,,1,,,,"LINESTRING(114.166023110 22.304665089,114.166022913 22.304530244,114.166033770 22.304417410,114.166171336 22.303931934,114.166241218 22.303581536,114.166256505 22.303508410,114.166283796 22.303457628,114.166329210 22.303434949,114.166387135 22.303416986)",physical,261016,10089,10106,true,ID_027054,3,WUI MAN ROAD,14318,<=101 vertices; endpoints exact,m,unknown,unknown
311016,10090,10085,1,1,88.011816,,,,,1,,,,"LINESTRING(114.166066748 22.311234057,114.166058581 22.311307501,114.165977156 22.311753679,114.165928731 22.312018268)",physical,105508,10090,10085,true,ID_035976,1,HAU CHEUNG STREET,14044,<=101 vertices; endpoints exact,m,unknown,unknown
622792,10091,10092,1,1,16.17663,,,,,1,,,,"LINESTRING(114.166075100 22.306640483,114.166099899 22.306727684,114.166129921 22.306776082)",physical,261396,10091,10092,true,ID_09666,1,<Null>,<Null>,<=101 vertices; endpoints exact,m,unknown,unknown
622793,10092,10091,1,-1,16.17663,,,,,1,,,,"LINESTRING(114.166129921 22.306776082,114.166099899 22.306727684,114.166075100 22.306640483)",physical,261396,10091,10092,true,ID_09666,1,<Null>,<Null>,<=101 vertices; endpoints exact,m,unknown,unknown
310922,10092,10093,1,1,5.497599,,,,,1,,,,"LINESTRING(114.166129921 22.306776082,114.166136375 22.306814133,114.166140238 22.306824661)",physical,105461,10092,10093,true,ID_013724,3,-99,49512,<=101 vertices; endpoints exact,m,unknown,unknown
310924,10093,10096,1,1,9.87823,,,,,1,,,,"LINESTRING(114.166140238 22.306824661,114.166174973 22.306907807)",physical,105462,10093,10096,true,ID_012189,3,-99,49512,<=101 vertices; endpoints exact,m,unknown,unknown
10000113,10094,56,1,1,,,,,,0,,,,"LINESTRING(114.166165146 22.308312598,114.166026645 22.308130278)",nonphysical_zone_access_in,,,,false,,,,,straight display only,not routable,not routable,not routable
310828,10094,10074,1,1,106.055204,,,,,1,,,,"LINESTRING(114.166165146 22.308312598,114.165578468 22.308461391,114.165482686 22.308079729)",physical,105414,10094,10074,true,ID_034581,3,MAN CHEONG STREET,11366,<=101 vertices; endpoints exact,m,unknown,unknown
621764,10095,10076,1,1,162.194438,,,,,1,,,,"LINESTRING(114.166171656 22.304511537,114.166203669 22.304576542,114.166091591 22.304798625,114.165695681 22.305533936,114.165544188 22.305827243)",physical,260882,10095,10076,true,ID_013162,3,WUI MAN ROAD,14318,<=101 vertices; endpoints exact,m,unknown,unknown
622023,10095,10097,1,-1,7.139547,,,,,1,,,,"LINESTRING(114.166171656 22.304511537,114.166199686 22.304452574)",physical,261011,10097,10095,true,ID_013173,1,WUI MAN ROAD,14318,<=101 vertices; endpoints exact,m,unknown,unknown
310788,10096,10093,1,1,152.598083,,,,,1,,,,"LINESTRING(114.166174973 22.306907807,114.166135325 22.306894388,114.166063237 22.306886558,114.165998358 22.306891025,114.165939485 22.306904437,114.165883480 22.306916252,114.165524291 22.307005175,114.165489045 22.306995257,114.165477571 22.306956357,114.165472656 22.306912880,114.165532496 22.306899155,114.165755461 22.306844253,114.165921471 22.306804937,114.165993559 22.306808296,114.166077661 22.306810537,114.166140238 22.306824661)",physical,105394,10096,10093,true,ID_013448,3,-99,49512,<=101 vertices; endpoints exact,m,unknown,unknown
310866,10096,10100,1,1,34.984991,,,,,1,,,,"LINESTRING(114.166174973 22.306907807,114.166262377 22.307213095)",physical,105433,10096,10100,true,ID_033953,3,MAN SING STREET,11382,<=101 vertices; endpoints exact,m,unknown,unknown
622022,10097,10095,1,1,7.139547,,,,,1,,,,"LINESTRING(114.166199686 22.304452574,114.166171656 22.304511537)",physical,261011,10097,10095,true,ID_013173,1,WUI MAN ROAD,14318,<=101 vertices; endpoints exact,m,unknown,unknown
622026,10097,10098,1,1,16.820881,,,,,1,,,,"LINESTRING(114.166199686 22.304452574,114.166257178 22.304310403)",physical,261013,10097,10098,true,ID_027051,1,WUI MAN ROAD,14318,<=101 vertices; endpoints exact,m,unknown,unknown
622024,10097,10103,1,1,14.045085,,,,,1,,,,"LINESTRING(114.166199686 22.304452574,114.166334708 22.304469948)",physical,261012,10097,10103,true,ID_015944,1,WUI CHEUNG ROAD,13925,<=101 vertices; endpoints exact,m,unknown,unknown
622027,10098,10097,1,-1,16.820881,,,,,1,,,,"LINESTRING(114.166257178 22.304310403,114.166199686 22.304452574)",physical,261013,10097,10098,true,ID_027051,1,WUI MAN ROAD,14318,<=101 vertices; endpoints exact,m,unknown,unknown
622572,10098,10099,1,1,12.860025,,,,,1,,,,"LINESTRING(114.166257178 22.304310403,114.166234296 22.304255122,114.166259737 22.304203387)",physical,261286,10098,10099,true,ID_027055,3,WUI MAN ROAD,14318,<=101 vertices; endpoints exact,m,unknown,unknown
622030,10099,10106,1,1,88.066687,,,,,1,,,,"LINESTRING(114.166259737 22.304203387,114.166287039 22.304034374,114.166352015 22.303622782,114.166387135 22.303416986)",physical,261015,10099,10106,true,ID_027053,3,WUI MAN ROAD,14318,<=101 vertices; endpoints exact,m,unknown,unknown
622570,10099,10111,1,1,67.4981,,,,,1,,,,"LINESTRING(114.166259737 22.304203387,114.166320382 22.304127476,114.166344959 22.304083378,114.166367782 22.304031113,114.166378316 22.303996814,114.166430988 22.303815519,114.166480149 22.303635857)",physical,261285,10099,10111,true,ID_027056,3,WUI MAN ROAD,14318,<=101 vertices; endpoints exact,m,unknown,unknown
10000125,10100,62,1,1,,,,,,0,,,,"LINESTRING(114.166262377 22.307213095,114.165823554 22.307197667)",nonphysical_zone_access_in,,,,false,,,,,straight display only,not routable,not routable,not routable
10000127,10100,63,1,1,,,,,,0,,,,"LINESTRING(114.166262377 22.307213095,114.166674287 22.306961345)",nonphysical_zone_access_in,,,,false,,,,,straight display only,not routable,not routable,not routable
310816,10100,10104,1,1,37.847481,,,,,1,,,,"LINESTRING(114.166262377 22.307213095,114.166348510 22.307545351)",physical,105408,10100,10104,true,ID_033954,3,MAN SING STREET,11382,<=101 vertices; endpoints exact,m,unknown,unknown
310822,10100,10138,1,1,98.559652,,,,,1,,,,"LINESTRING(114.166262377 22.307213095,114.167194495 22.307013284)",physical,105411,10100,10138,true,ID_034002,3,MAN YING STREET,11390,<=101 vertices; endpoints exact,m,unknown,unknown
311013,10101,10105,1,-1,107.689962,,,,,1,,,,"LINESTRING(114.166287752 22.309871744,114.166376436 22.308902746)",physical,105506,10105,10101,true,ID_032583,1,YAU CHEUNG ROAD,13883,<=101 vertices; endpoints exact,m,unknown,unknown
311053,10101,10107,1,-1,12.933848,,,,,1,,,,"LINESTRING(114.166287752 22.309871744,114.166289194 22.309873086,114.166403845 22.309915769)",physical,105526,10107,10101,true,ID_032584,1,YAU CHEUNG ROAD,13883,<=101 vertices; endpoints exact,m,unknown,unknown
311032,10102,10073,1,1,92.701115,,,,,1,,,,"LINESTRING(114.166318885 22.308904727,114.166264129 22.308968441,114.165498945 22.309098581,114.165465575 22.309105341)",physical,105516,10102,10073,true,ID_013159,3,YAN CHEUNG ROAD,13881,<=101 vertices; endpoints exact,m,unknown,unknown
621349,10102,10105,1,-1,5.933862,,,,,1,,,,"LINESTRING(114.166318885 22.308904727,114.166376436 22.308902746)",physical,260674,10105,10102,true,ID_032178,1,YAN CHEUNG ROAD,13881,<=101 vertices; endpoints exact,m,unknown,unknown
622025,10103,10097,1,-1,14.045085,,,,,1,,,,"LINESTRING(114.166334708 22.304469948,114.166199686 22.304452574)",physical,261012,10097,10103,true,ID_015944,1,WUI CHEUNG ROAD,13925,<=101 vertices; endpoints exact,m,unknown,unknown
360312,10103,10137,1,1,90.511729,,,,,1,,,,"LINESTRING(114.166334708 22.304469948,114.166406065 22.304426029,114.166662454 22.304454744,114.166736516 22.304470365,114.166872026 22.304518298,114.167007503 22.304571593,114.167150682 22.304650887)",physical,130156,10103,10137,true,ID_013172,3,WUI CHEUNG ROAD,13925,<=101 vertices; endpoints exact,m,unknown,unknown
10000117,10104,58,1,1,,,,,,0,,,,"LINESTRING(114.166348510 22.307545351,114.165935908 22.307809933)",nonphysical_zone_access_in,,,,false,,,,,straight display only,not routable,not routable,not routable
10000121,10104,60,1,1,,,,,,0,,,,"LINESTRING(114.166348510 22.307545351,114.165846161 22.307492592)",nonphysical_zone_access_in,,,,false,,,,,straight display only,not routable,not routable,not routable
310868,10104,10110,1,1,36.798631,,,,,1,,,,"LINESTRING(114.166348510 22.307545351,114.166436715 22.307867370)",physical,105434,10104,10110,true,ID_033951,3,MAN SING STREET,11382,<=101 vertices; endpoints exact,m,unknown,unknown
311012,10105,10101,1,1,107.689962,,,,,1,,,,"LINESTRING(114.166376436 22.308902746,114.166287752 22.309871744)",physical,105506,10105,10101,true,ID_032583,1,YAU CHEUNG ROAD,13883,<=101 vertices; endpoints exact,m,unknown,unknown
621348,10105,10102,1,1,5.933862,,,,,1,,,,"LINESTRING(114.166376436 22.308902746,114.166318885 22.308904727)",physical,260674,10105,10102,true,ID_032178,1,YAN CHEUNG ROAD,13881,<=101 vertices; endpoints exact,m,unknown,unknown
621350,10105,10109,1,1,5.169577,,,,,1,,,,"LINESTRING(114.166376436 22.308902746,114.166426060 22.308895870)",physical,260675,10105,10109,true,ID_032179,1,YAN CHEUNG ROAD,13881,<=101 vertices; endpoints exact,m,unknown,unknown
10000189,10106,94,1,1,,,,,,0,,,,"LINESTRING(114.166387135 22.303416986,114.165849236 22.303428255)",nonphysical_zone_access_in,,,,false,,,,,straight display only,not routable,not routable,not routable
622028,10106,10098,1,1,124.237815,,,,,1,,,,"LINESTRING(114.166387135 22.303416986,114.166446816 22.303403923,114.166529312 22.303421895,114.166568699 22.303480443,114.166579992 22.303546390,114.166552245 22.303761430,114.166514233 22.303883762,114.166351969 22.304232010,114.166322125 22.304287541,114.166257178 22.304310403)",physical,261014,10106,10098,true,ID_027052,3,WUI MAN ROAD,14318,<=101 vertices; endpoints exact,m,unknown,unknown
311052,10107,10101,1,1,12.933848,,,,,1,,,,"LINESTRING(114.166403845 22.309915769,114.166289194 22.309873086,114.166287752 22.309871744)",physical,105526,10107,10101,true,ID_032584,1,YAU CHEUNG ROAD,13883,<=101 vertices; endpoints exact,m,unknown,unknown
668342,10108,10779,1,1,2208.88031,,,,,1,,,,"LINESTRING(114.166421161 22.310186447,114.166645094 22.309978109,114.167012835 22.309666083,114.167398031 22.309429560,114.167644553 22.309319663,114.167935241 22.309209769,114.168373838 22.309099883,114.168774428 22.309016276,114.169158339 22.308972465,114.169340658 22.308950969,114.169606431 22.308940229,114.169827266 22.308939044,114.169985188 22.308948609,114.170316439 22.308991631,114.170546260 22.309046595,114.170683638 22.309088414,114.170971957 22.309192178,114.171291118 22.309318082,114.171620570 22.309452823,114.177509543 22.311907417,114.177888295 22.312069859,114.178218272 22.312216801,114.178669586 22.312432734,114.178923169 22.312564146,114.179224903 22.312731396,114.179622935 22.312982272,114.180046136 22.313267314,114.180346590 22.313502419,114.180793178 22.313871674,114.181162972 22.314208563,114.181571968 22.314614689,114.182006577 22.315118881,114.182672430 22.316014091,114.182913835 22.316358148,114.183227146 22.316726096,114.183581548 22.317103599,114.183951357 22.317438092,114.184254395 22.317686571)",physical,284171,10108,10779,true,ID_024326,3,-99,<Null>,<=101 vertices; endpoints exact,m,unknown,unknown
621351,10109,10105,1,-1,5.169577,,,,,1,,,,"LINESTRING(114.166426060 22.308895870,114.166376436 22.308902746)",physical,260675,10105,10109,true,ID_032179,1,YAN CHEUNG ROAD,13881,<=101 vertices; endpoints exact,m,unknown,unknown
311040,10109,10135,1,1,78.697894,,,,,1,,,,"LINESTRING(114.166426060 22.308895870,114.166488872 22.308814485,114.166556540 22.308813025,114.166737803 22.308826994,114.166914063 22.308857248,114.167069071 22.308903785,114.167126989 22.308930029)",physical,105520,10109,10135,true,ID_024560,3,YAN CHEUNG ROAD,13881,<=101 vertices; endpoints exact,m,unknown,unknown
310826,10110,10112,1,1,28.571128,,,,,1,,,,"LINESTRING(114.166436715 22.307867370,114.166502100 22.308118109)",physical,105413,10110,10112,true,ID_033952,3,MAN SING STREET,11382,<=101 vertices; endpoints exact,m,unknown,unknown
310808,10110,10144,1,1,99.29027,,,,,1,,,,"LINESTRING(114.166436715 22.307867370,114.167369934 22.307643892)",physical,105404,10110,10144,true,ID_033998,3,MAN WAI STREET,11386,<=101 vertices; endpoints exact,m,unknown,unknown
310850,10112,10094,1,1,42.004775,,,,,1,,,,"LINESTRING(114.166502100 22.308118109,114.166477537 22.308158574,114.166434112 22.308193847,114.166323184 22.308234843,114.166228970 22.308267357,114.166165146 22.308312598)",physical,105425,10112,10094,true,ID_029420,3,MAN CHEONG STREET,11366,<=101 vertices; endpoints exact,m,unknown,unknown
310602,10112,10151,1,1,98.9356,,,,,1,,,,"LINESTRING(114.166502100 22.308118109,114.166546562 22.308138712,114.166576952 22.308154267,114.166613420 22.308155683,114.166654448 22.308148616,114.166707632 22.308134480,114.167355543 22.307981111,114.167425521 22.308002775)",physical,105301,10112,10151,true,ID_029421,3,MAN CHEONG STREET,11366,<=101 vertices; endpoints exact,m,unknown,unknown
313658,10113,10196,1,1,575.303887,,,,,1,,,,"LINESTRING(114.166681989 22.314154842,114.166721788 22.314041521,114.166813620 22.313310768,114.166852677 22.313046868,114.166865235 22.312929649,114.166879124 22.312800020,114.166903602 22.312617919,114.166935550 22.312432008,114.166951437 22.312339562,114.166958413 22.312298967,114.166970711 22.312233651,114.166979384 22.312187595,114.167014466 22.312028576,114.167036417 22.311929076,114.167080007 22.311737730,114.167143390 22.311338315,114.167187617 22.311066448,114.167250554 22.310721190,114.167287161 22.310512721,114.167323123 22.310334716,114.167353302 22.310235560,114.167387333 22.310141780,114.167464381 22.309962583,114.167563898 22.309787569,114.167658800 22.309651291,114.167713921 22.309574680,114.167811764 22.309451395,114.167903442 22.309363949,114.168007979 22.309275007,114.168058843 22.309222449)",physical,106829,10113,10196,true,ID_024133,3,GASCOIGNE ROAD FLYOVER,14494,<=101 vertices; endpoints exact,m,unknown,unknown
313656,10114,10134,1,1,242.945217,,,,,1,,,,"LINESTRING(114.166795532 22.312547910,114.166801601 22.312454852,114.166806062 22.312410356,114.166810017 22.312370915,114.166815664 22.312315129,114.166822257 22.312249988,114.166825309 22.312210444,114.166835265 22.312081402,114.166838846 22.312040896,114.166847556 22.311942393,114.166880780 22.311683998,114.166918706 22.311438950,114.167068434 22.310597229,114.167088619 22.310484275,114.167099557 22.310423052,114.167112783 22.310375730)",physical,106828,10114,10134,true,ID_019649,3,GASCOIGNE ROAD FLYOVER,14494,<=101 vertices; endpoints exact,m,unknown,unknown
621782,10115,10139,1,1,42.487537,,,,,1,,,,"LINESTRING(114.166810732 22.302819148,114.166897889 22.302828432,114.167221073 22.302856697)",physical,260891,10115,10139,true,ID_033578,3,AUSTIN ROAD WEST,13926,<=101 vertices; endpoints exact,m,unknown,unknown
626207,10116,10117,1,-1,29.322241,,,,,1,,,,"LINESTRING(114.166814353 22.302702503,114.166827799 22.302474940,114.166827253 22.302438052)",physical,263103,10117,10116,true,ID_030015,1,<Null>,<Null>,<=101 vertices; endpoints exact,m,unknown,unknown
626204,10116,10139,1,1,45.570422,,,,,1,,,,"LINESTRING(114.166814353 22.302702503,114.166981264 22.302740307,114.167221073 22.302856697)",physical,263102,10116,10139,true,ID_031485,3,AUSTIN ROAD WEST,13926,<=101 vertices; endpoints exact,m,unknown,unknown
626206,10117,10116,1,1,29.322241,,,,,1,,,,"LINESTRING(114.166827253 22.302438052,114.166827799 22.302474940,114.166814353 22.302702503)",physical,263103,10117,10116,true,ID_030015,1,<Null>,<Null>,<=101 vertices; endpoints exact,m,unknown,unknown
622136,10118,10079,1,1,140.023097,,,,,1,,,,"LINESTRING(114.166872902 22.305935124,114.166736210 22.306040158,114.165866024 22.306251444,114.165591287 22.306311976)",physical,261068,10118,10079,true,ID_015226,3,JORDAN ROAD,10904,<=101 vertices; endpoints exact,m,unknown,unknown
310857,10118,10122,1,-1,10.118454,,,,,1,,,,"LINESTRING(114.166872902 22.305935124,114.166968868 22.305915747)",physical,105428,10122,10118,true,ID_010638,1,JORDAN ROAD,10904,<=101 vertices; endpoints exact,m,unknown,unknown
313753,10119,10122,1,-1,10.812235,,,,,1,,,,"LINESTRING(114.166945065 22.306010843,114.166968868 22.305915747)",physical,106876,10122,10119,true,ID_027614,1,FERRY STREET,10483,<=101 vertices; endpoints exact,m,unknown,unknown
310898,10119,10157,1,1,225.032616,,,,,1,,,,"LINESTRING(114.166945065 22.306010843,114.167025427 22.306060241,114.167087050 22.306152893,114.167220075 22.306644664,114.167321252 22.306984718,114.167403692 22.307286407,114.167497430 22.307616835,114.167555530 22.307849242,114.167505006 22.307916425)",physical,105449,10119,10157,true,ID_027607,3,FERRY STREET,10483,<=101 vertices; endpoints exact,m,unknown,unknown
310590,10120,10122,1,1,7.713003,,,,,1,,,,"LINESTRING(114.166955483 22.305847217,114.166968868 22.305915747)",physical,105295,10120,10122,true,ID_013498,1,CANTON ROAD,10115,<=101 vertices; endpoints exact,m,unknown,unknown
310612,10120,10132,1,1,69.115776,,,,,1,,,,"LINESTRING(114.166955483 22.305847217,114.166892687 22.305751357,114.166932505 22.305615695,114.167013544 22.305431859,114.167102516 22.305280454)",physical,105306,10120,10132,true,ID_09875,3,CANTON ROAD,10115,<=101 vertices; endpoints exact,m,unknown,unknown
622020,10121,10103,1,1,72.048339,,,,,1,,,,"LINESTRING(114.166959131 22.304699164,114.166830815 22.304635134,114.166746081 22.304604665,114.166655568 22.304581363,114.166521319 22.304551678,114.166364537 22.304531553,114.166334708 22.304469948)",physical,261010,10121,10103,true,ID_013171,3,WUI CHEUNG ROAD,13925,<=101 vertices; endpoints exact,m,unknown,unknown
310856,10122,10118,1,1,10.118454,,,,,1,,,,"LINESTRING(114.166968868 22.305915747,114.166872902 22.305935124)",physical,105428,10122,10118,true,ID_010638,1,JORDAN ROAD,10904,<=101 vertices; endpoints exact,m,unknown,unknown
313752,10122,10119,1,1,10.812235,,,,,1,,,,"LINESTRING(114.166968868 22.305915747,114.166945065 22.306010843)",physical,106876,10122,10119,true,ID_027614,1,FERRY STREET,10483,<=101 vertices; endpoints exact,m,unknown,unknown
310591,10122,10120,1,-1,7.713003,,,,,1,,,,"LINESTRING(114.166968868 22.305915747,114.166955483 22.305847217)",physical,105295,10120,10122,true,ID_013498,1,CANTON ROAD,10115,<=101 vertices; endpoints exact,m,unknown,unknown
310877,10122,10133,1,-1,15.460714,,,,,1,,,,"LINESTRING(114.166968868 22.305915747,114.167105471 22.305857981)",physical,105438,10133,10122,true,ID_027608,1,JORDAN ROAD,10904,<=101 vertices; endpoints exact,m,unknown,unknown
311036,10123,10109,1,1,64.362159,,,,,1,,,,"LINESTRING(114.167020332 22.309029657,114.166886807 22.308987835,114.166731296 22.308955351,114.166499123 22.308948007,114.166426060 22.308895870)",physical,105518,10123,10109,true,ID_024559,3,YAN CHEUNG ROAD,13881,<=101 vertices; endpoints exact,m,unknown,unknown
313420,10124,10129,1,1,43.24163,,,,,1,,,,"LINESTRING(114.167039687 22.311336769,114.167083565 22.310948411)",physical,106710,10124,10129,true,ID_019301,3,GASCOIGNE ROAD FLYOVER,14494,<=101 vertices; endpoints exact,m,unknown,unknown
622790,10125,10092,1,1,101.816702,,,,,1,,,,"LINESTRING(114.167043914 22.306494109,114.166197288 22.306700333,114.166167887 22.306715719,114.166144917 22.306733671,114.166130216 22.306759317,114.166129921 22.306776082)",physical,261395,10125,10092,true,ID_022306,3,-99,49512,<=101 vertices; endpoints exact,m,unknown,unknown
310918,10125,10119,1,1,56.15509,,,,,1,,,,"LINESTRING(114.167043914 22.306494109,114.166943371 22.306173213,114.166912957 22.306077438,114.166945065 22.306010843)",physical,105459,10125,10119,true,ID_027890,3,FERRY STREET,10483,<=101 vertices; endpoints exact,m,unknown,unknown
313784,10126,10127,1,1,85.130553,,,,,1,,,,"LINESTRING(114.167044877 22.312297793,114.167037883 22.312157634,114.167019910 22.312073831,114.167014466 22.312028576,114.167012529 22.312012478,114.167005608 22.311954935,114.167001255 22.311868611,114.167013468 22.311766620,114.167047211 22.311534397)",physical,106892,10126,10127,true,ID_024562,3,FERRY STREET,10483,<=101 vertices; endpoints exact,m,unknown,unknown
648366,10127,10124,1,1,21.897959,,,,,1,,,,"LINESTRING(114.167047211 22.311534397,114.167039687 22.311336769)",physical,274183,10127,10124,true,ID_024580,3,FERRY STREET,10483,<=101 vertices; endpoints exact,m,unknown,unknown
313754,10127,10143,1,1,306.372755,,,,,1,,,,"LINESTRING(114.167047211 22.311534397,114.167075631 22.311455141,114.167142254 22.311001638,114.167186628 22.310778288,114.167227455 22.310561772,114.167255544 22.310383248,114.167275707 22.310300032,114.167300354 22.310231274,114.167376918 22.310052976,114.167468626 22.309947963,114.167539248 22.309858367,114.167600882 22.309780716,114.167649677 22.309705454,114.167689484 22.309625413,114.167700257 22.309558403,114.167717741 22.309464134,114.167701057 22.309348249,114.167653558 22.309259840,114.167567540 22.309180987,114.167322926 22.309112464)",physical,106877,10127,10143,true,ID_024561,3,FERRY STREET,10483,<=101 vertices; endpoints exact,m,unknown,unknown
671294,10129,10196,1,1,226.462726,,,,,1,,,,"LINESTRING(114.167083565 22.310948411,114.167089067 22.310908380,114.167127088 22.310673270,114.167182576 22.310353100,114.167229836 22.310193494,114.167383932 22.309850392,114.167473303 22.309706080,114.167566781 22.309589485,114.167702373 22.309449955,114.167807148 22.309361077,114.167974579 22.309255955,114.168058843 22.309222449)",physical,285647,10129,10196,true,ID_024594,3,GASCOIGNE ROAD FLYOVER,14494,<=101 vertices; endpoints exact,m,unknown,unknown
310588,10130,10120,1,1,29.584435,,,,,1,,,,"LINESTRING(114.167088416 22.305619632,114.167036829 22.305774754,114.166955483 22.305847217)",physical,105294,10130,10120,true,ID_013497,3,CANTON ROAD,10115,<=101 vertices; endpoints exact,m,unknown,unknown
313732,10130,10148,1,1,37.634976,,,,,1,,,,"LINESTRING(114.167088416 22.305619632,114.167161230 22.305688040,114.167198175 22.305715811,114.167249328 22.305746220,114.167297648 22.305772674,114.167390018 22.305801767)",physical,106866,10130,10148,true,ID_014563,3,JORDAN ROAD,10904,<=101 vertices; endpoints exact,m,unknown,unknown
310790,10131,10096,1,1,99.265613,,,,,1,,,,"LINESTRING(114.167101641 22.306678351,114.166457325 22.306815034,114.166331169 22.306845210,114.166243460 22.306866447,114.166174973 22.306907807)",physical,105395,10131,10096,true,ID_034000,3,MAN WUI STREET,11388,<=101 vertices; endpoints exact,m,unknown,unknown
310920,10131,10125,1,1,21.251368,,,,,1,,,,"LINESTRING(114.167101641 22.306678351,114.167043914 22.306494109)",physical,105460,10131,10125,true,ID_014176,3,FERRY STREET,10483,<=101 vertices; endpoints exact,m,unknown,unknown
310862,10132,10121,1,1,69.346198,,,,,1,,,,"LINESTRING(114.167102516 22.305280454,114.167129651 22.305106639,114.167126279 22.305028144,114.167116162 22.304962202,114.167095921 22.304911964,114.167055427 22.304830315,114.166996678 22.304777807,114.166959131 22.304699164)",physical,105431,10132,10121,true,ID_015087,3,WUI CHEUNG ROAD,13925,<=101 vertices; endpoints exact,m,unknown,unknown
310778,10132,10152,1,1,52.787481,,,,,1,,,,"LINESTRING(114.167102516 22.305280454,114.167342118 22.304953687,114.167429202 22.304957483)",physical,105389,10132,10152,true,ID_013446,3,CANTON ROAD,10115,<=101 vertices; endpoints exact,m,unknown,unknown
310876,10133,10122,1,1,15.460714,,,,,1,,,,"LINESTRING(114.167105471 22.305857981,114.166968868 22.305915747)",physical,105438,10133,10122,true,ID_027608,1,JORDAN ROAD,10904,<=101 vertices; endpoints exact,m,unknown,unknown
313734,10133,10148,1,1,30.817731,,,,,1,,,,"LINESTRING(114.167105471 22.305857981,114.167169498 22.305816536,114.167390018 22.305801767)",physical,106867,10133,10148,true,ID_027611,3,JORDAN ROAD,10904,<=101 vertices; endpoints exact,m,unknown,unknown
314202,10134,10140,1,1,119.754555,,,,,1,,,,"LINESTRING(114.167112783 22.310375730,114.167120984 22.310306913,114.167161010 22.310179377,114.167210168 22.310043828,114.167248811 22.309914371,114.167266790 22.309859417,114.167277065 22.309800879,114.167278356 22.309700526,114.167275796 22.309579864,114.167271953 22.309449644,114.167264130 22.309315975)",physical,107101,10134,10140,true,ID_024563,3,-99,52863,<=101 vertices; endpoints exact,m,unknown,unknown
671224,10135,10146,1,1,30.459051,,,,,1,,,,"LINESTRING(114.167126989 22.308930029,114.167386763 22.309061303)",physical,285612,10135,10146,true,ID_019689,3,YAN CHEUNG ROAD,13881,<=101 vertices; endpoints exact,m,unknown,unknown
310984,10135,10164,1,1,81.759919,,,,,1,,,,"LINESTRING(114.167126989 22.308930029,114.167224491 22.308938328,114.167306661 22.308945023,114.167377535 22.308931647,114.167488470 22.308878132,114.167533979 22.308827920,114.167574757 22.308762492,114.167596332 22.308691769,114.167597362 22.308643026,114.167589148 22.308597150,114.167600115 22.308521001)",physical,105492,10135,10164,true,ID_024570,3,FERRY STREET,10483,<=101 vertices; endpoints exact,m,unknown,unknown
10000115,10136,57,1,1,,,,,,0,,,,"LINESTRING(114.167143739 22.308113298,114.166996631 22.307912068)",nonphysical_zone_access_in,,,,false,,,,,straight display only,not routable,not routable,not routable
310830,10136,10094,1,1,103.218836,,,,,1,,,,"LINESTRING(114.167143739 22.308113298,114.166165146 22.308312598)",physical,105415,10136,10094,true,ID_034582,3,MAN CHEONG STREET,11366,<=101 vertices; endpoints exact,m,unknown,unknown
310642,10137,10147,1,1,33.770344,,,,,1,,,,"LINESTRING(114.167150682 22.304650887,114.167292996 22.304715345,114.167359674 22.304746126,114.167389419 22.304830109)",physical,105321,10137,10147,true,ID_09882,3,WUI CHEUNG ROAD,13925,<=101 vertices; endpoints exact,m,unknown,unknown
310860,10137,10169,1,1,85.636853,,,,,1,,,,"LINESTRING(114.167150682 22.304650887,114.167201003 22.304636774,114.167274956 22.304621487,114.167371505 22.304599510,114.167441351 22.304565108,114.167493736 22.304524014,114.167556747 22.304401616,114.167612472 22.304243930,114.167635690 22.304196408,114.167689086 22.304146728)",physical,105430,10137,10169,true,ID_030003,3,CANTON ROAD,10115,<=101 vertices; endpoints exact,m,unknown,unknown
10000129,10138,64,1,1,,,,,,0,,,,"LINESTRING(114.167194495 22.307013284,114.167449648 22.306879231)",nonphysical_zone_access_in,,,,false,,,,,straight display only,not routable,not routable,not routable
310852,10138,10131,1,1,38.302802,,,,,1,,,,"LINESTRING(114.167194495 22.307013284,114.167101641 22.306678351)",physical,105426,10138,10131,true,ID_010636,3,FERRY STREET,10483,<=101 vertices; endpoints exact,m,unknown,unknown
621774,10139,10179,1,1,73.796622,,,,,1,,,,"LINESTRING(114.167221073 22.302856697,114.167471513 22.302871456,114.167853931 22.302902745,114.167900370 22.302964895)",physical,260887,10139,10179,true,ID_031402,3,AUSTIN ROAD WEST,13926,<=101 vertices; endpoints exact,m,unknown,unknown
642086,10140,10123,1,1,42.490766,,,,,1,,,,"LINESTRING(114.167264130 22.309315975,114.167241418 22.309232339,114.167223446 22.309189330,114.167186216 22.309140346,114.167129727 22.309088971,114.167020332 22.309029657)",physical,271043,10140,10123,true,ID_024578,3,YAN CHEUNG ROAD,13881,<=101 vertices; endpoints exact,m,unknown,unknown
310992,10140,10143,1,1,23.400544,,,,,1,,,,"LINESTRING(114.167264130 22.309315975,114.167294063 22.309183360,114.167322926 22.309112464)",physical,105496,10140,10143,true,ID_024572,3,-99,52863,<=101 vertices; endpoints exact,m,unknown,unknown
10000123,10141,61,1,1,,,,,,0,,,,"LINESTRING(114.167279501 22.307323292,114.166835644 22.307276277)",nonphysical_zone_access_in,,,,false,,,,,straight display only,not routable,not routable,not routable
310772,10141,10104,1,1,99.02909,,,,,1,,,,"LINESTRING(114.167279501 22.307323292,114.166348510 22.307545351)",physical,105386,10141,10104,true,ID_034004,3,MAN YUEN STREET,11392,<=101 vertices; endpoints exact,m,unknown,unknown
310820,10141,10138,1,1,35.428332,,,,,1,,,,"LINESTRING(114.167279501 22.307323292,114.167194495 22.307013284)",physical,105410,10141,10138,true,ID_012897,3,FERRY STREET,10483,<=101 vertices; endpoints exact,m,unknown,unknown
621778,10142,10086,1,1,137.958474,,,,,1,,,,"LINESTRING(114.167280951 22.302986286,114.166929051 22.302960119,114.166285463 22.302909030,114.165946945 22.302880371)",physical,260889,10142,10086,true,ID_031484,3,AUSTIN ROAD WEST,13926,<=101 vertices; endpoints exact,m,unknown,unknown
642088,10143,10123,1,1,32.640505,,,,,1,,,,"LINESTRING(114.167322926 22.309112464,114.167098916 22.309038793,114.167020332 22.309029657)",physical,271044,10143,10123,true,ID_024579,3,YAN CHEUNG ROAD,13881,<=101 vertices; endpoints exact,m,unknown,unknown
671218,10143,10146,1,1,8.681081,,,,,1,,,,"LINESTRING(114.167322926 22.309112464,114.167386763 22.309061303)",physical,285609,10143,10146,true,ID_019654,3,FERRY STREET,10483,<=101 vertices; endpoints exact,m,unknown,unknown
10000119,10144,59,1,1,,,,,,0,,,,"LINESTRING(114.167369934 22.307643892,114.166899800 22.307591142)",nonphysical_zone_access_in,,,,false,,,,,straight display only,not routable,not routable,not routable
310814,10144,10141,1,1,36.703977,,,,,1,,,,"LINESTRING(114.167369934 22.307643892,114.167279501 22.307323292)",physical,105407,10144,10141,true,ID_013452,3,FERRY STREET,10483,<=101 vertices; endpoints exact,m,unknown,unknown
671216,10146,10164,1,1,70.096899,,,,,1,,,,"LINESTRING(114.167386763 22.309061303,114.167450714 22.308997000,114.167542521 22.308910989,114.167593239 22.308857828,114.167622130 22.308820795,114.167636256 22.308779579,114.167643516 22.308729884,114.167631773 22.308614714,114.167600115 22.308521001)",physical,285608,10146,10164,true,ID_019653,3,FERRY STREET,10483,<=101 vertices; endpoints exact,m,unknown,unknown
311086,10146,10177,1,1,53.503512,,,,,1,,,,"LINESTRING(114.167386763 22.309061303,114.167554493 22.309126024,114.167617616 22.309137981,114.167805067 22.309177416,114.167874854 22.309215832)",physical,105543,10146,10177,true,ID_024568,3,YAN CHEUNG ROAD,13881,<=101 vertices; endpoints exact,m,unknown,unknown
310644,10147,10121,1,1,48.4034,,,,,1,,,,"LINESTRING(114.167389419 22.304830109,114.167281120 22.304848258,114.167228349 22.304826319,114.166995108 22.304716028,114.166959131 22.304699164)",physical,105322,10147,10121,true,ID_012856,3,WUI CHEUNG ROAD,13925,<=101 vertices; endpoints exact,m,unknown,unknown
310786,10147,10154,1,1,10.801887,,,,,1,,,,"LINESTRING(114.167389419 22.304830109,114.167480140 22.304878990)",physical,105393,10147,10154,true,ID_027050,1,WUI CHEUNG ROAD,13925,<=101 vertices; endpoints exact,m,unknown,unknown
310614,10148,10251,1,1,190.693958,,,,,1,,,,"LINESTRING(114.167390018 22.305801767,114.167957158 22.305689359,114.168378514 22.305614230,114.169098874 22.305463476,114.169197064 22.305493779)",physical,105307,10148,10251,true,ID_09876,3,JORDAN ROAD,10904,<=101 vertices; endpoints exact,m,unknown,unknown
313816,10149,10145,1,1,35.621461,,,,,1,,,,"LINESTRING(114.167410608 22.311801513,114.167375803 22.312053255,114.167378449 22.312121077)",physical,106908,10149,10145,true,ID_021967,3,FERRY STREET,10483,<=101 vertices; endpoints exact,m,unknown,unknown
311100,10150,10149,1,1,34.477409,,,,,1,,,,"LINESTRING(114.167412962 22.311501969,114.167406918 22.311541350,114.167401401 22.311599534,114.167385733 22.311694029,114.167375768 22.311749640,114.167410608 22.311801513)",physical,105550,10150,10149,true,ID_022261,3,GASCOIGNE ROAD FLYOVER,14494,<=101 vertices; endpoints exact,m,unknown,unknown
313478,10151,10136,1,1,32.973227,,,,,1,,,,"LINESTRING(114.167425521 22.308002775,114.167393660 22.308051687,114.167143739 22.308113298)",physical,106739,10151,10136,true,ID_034580,3,MAN CHEONG STREET,11366,<=101 vertices; endpoints exact,m,unknown,unknown
313477,10151,10158,1,-1,9.99002,,,,,1,,,,"LINESTRING(114.167425521 22.308002775,114.167517826 22.307975171)",physical,106738,10158,10151,true,ID_021397,1,MAN CHEONG STREET,11366,<=101 vertices; endpoints exact,m,unknown,unknown
310840,10152,10130,1,1,83.887862,,,,,1,,,,"LINESTRING(114.167429202 22.304957483,114.167454218 22.305013597,114.167165022 22.305448530,114.167088416 22.305619632)",physical,105420,10152,10130,true,ID_010376,3,CANTON ROAD,10115,<=101 vertices; endpoints exact,m,unknown,unknown
310843,10152,10154,1,-1,10.153664,,,,,1,,,,"LINESTRING(114.167429202 22.304957483,114.167480140 22.304878990)",physical,105421,10154,10152,true,ID_010377,1,CANTON ROAD,10115,<=101 vertices; endpoints exact,m,unknown,unknown
323849,10153,10163,1,-1,69.220819,,,,,1,,,,"LINESTRING(114.167449362 22.299173531,114.167586345 22.298561559)",physical,111924,10163,10153,true,ID_016283,1,GATEWAY BOULEVARD,39466,<=101 vertices; endpoints exact,m,unknown,unknown
342456,10153,10172,1,1,31.686605,,,,,1,,,,"LINESTRING(114.167449362 22.299173531,114.167751147 22.299228466)",physical,121228,10153,10172,true,ID_016285,3,-99,50369,<=101 vertices; endpoints exact,m,unknown,unknown
323838,10153,10207,1,1,144.061447,,,,,1,,,,"LINESTRING(114.167449362 22.299173531,114.167436701 22.299230093,114.167429682 22.299261452,114.167400237 22.299414321,114.167395721 22.299467497,114.167400230 22.299517874,114.167415265 22.299561256,114.167442330 22.299601839,114.167472405 22.299631228,114.167508495 22.299653620,114.167576165 22.299683011,114.168319525 22.299834722)",physical,111919,10153,10207,true,ID_016282,1,GATEWAY BOULEVARD,39466,<=101 vertices; endpoints exact,m,unknown,unknown
310787,10154,10147,1,-1,10.801887,,,,,1,,,,"LINESTRING(114.167480140 22.304878990,114.167389419 22.304830109)",physical,105393,10147,10154,true,ID_027050,1,WUI CHEUNG ROAD,13925,<=101 vertices; endpoints exact,m,unknown,unknown
310842,10154,10152,1,1,10.153664,,,,,1,,,,"LINESTRING(114.167480140 22.304878990,114.167429202 22.304957483)",physical,105421,10154,10152,true,ID_010377,1,CANTON ROAD,10115,<=101 vertices; endpoints exact,m,unknown,unknown
310845,10154,10160,1,-1,10.744551,,,,,1,,,,"LINESTRING(114.167480140 22.304878990,114.167534262 22.304796053)",physical,105422,10160,10154,true,ID_010378,1,CANTON ROAD,10115,<=101 vertices; endpoints exact,m,unknown,unknown
621776,10155,10116,1,1,319.623377,,,,,1,,,,"LINESTRING(114.167484482 22.303044582,114.166972582 22.303064929,114.166207368 22.303030553,114.165989717 22.303012536,114.165907494 22.302996778,114.165844921 22.302959080,114.165805864 22.302915649,114.165786944 22.302849940,114.165762650 22.302778400,114.165752439 22.302709285,114.165767255 22.302661466,114.165837393 22.302584959,114.165897672 22.302567681,114.165949027 22.302561711,114.166041466 22.302561718,114.166195528 22.302579648,114.166445879 22.302627451,114.166814353 22.302702503)",physical,260888,10155,10116,true,ID_031401,3,AUSTIN ROAD WEST,13926,<=101 vertices; endpoints exact,m,unknown,unknown
621872,10155,10142,1,1,21.943206,,,,,1,,,,"LINESTRING(114.167484482 22.303044582,114.167280951 22.302986286)",physical,260936,10155,10142,true,ID_031399,3,AUSTIN ROAD WEST,13926,<=101 vertices; endpoints exact,m,unknown,unknown
313418,10156,10128,1,1,272.775854,,,,,1,,,,"LINESTRING(114.167502059 22.310478071,114.167501802 22.310479179,114.167267083 22.311799353,114.167232724 22.312072981,114.167221478 22.312163609,114.167212734 22.312213571,114.167206772 22.312258359,114.167204613 22.312274570,114.167192119 22.312369847,114.167189963 22.312387269,114.167174002 22.312516246,114.167130901 22.312797426,114.167095501 22.312866151,114.167075053 22.312903245)",physical,106709,10156,10128,true,ID_012131,3,FERRY STREET,10483,<=101 vertices; endpoints exact,m,unknown,unknown
310792,10157,10144,1,1,35.284076,,,,,1,,,,"LINESTRING(114.167505006 22.307916425,114.167432570 22.307877572,114.167369934 22.307643892)",physical,105396,10157,10144,true,ID_013449,3,FERRY STREET,10483,<=101 vertices; endpoints exact,m,unknown,unknown
310896,10157,10158,1,1,6.637953,,,,,1,,,,"LINESTRING(114.167505006 22.307916425,114.167517826 22.307975171)",physical,105448,10157,10158,true,ID_013534,1,FERRY STREET,10483,<=101 vertices; endpoints exact,m,unknown,unknown
313476,10158,10151,1,1,9.99002,,,,,1,,,,"LINESTRING(114.167517826 22.307975171,114.167425521 22.308002775)",physical,106738,10158,10151,true,ID_021397,1,MAN CHEONG STREET,11366,<=101 vertices; endpoints exact,m,unknown,unknown
310897,10158,10157,1,-1,6.637953,,,,,1,,,,"LINESTRING(114.167517826 22.307975171,114.167505006 22.307916425)",physical,105448,10157,10158,true,ID_013534,1,FERRY STREET,10483,<=101 vertices; endpoints exact,m,unknown,unknown
310894,10158,10161,1,1,6.730673,,,,,1,,,,"LINESTRING(114.167517826 22.307975171,114.167534592 22.308033917)",physical,105447,10158,10161,true,ID_013533,1,FERRY STREET,10483,<=101 vertices; endpoints exact,m,unknown,unknown
310648,10159,10136,1,1,44.482601,,,,,1,,,,"LINESTRING(114.167527512 22.308253829,114.167494498 22.308215420,114.167457348 22.308182772,114.167420198 22.308159724,114.167365023 22.308139935,114.167232179 22.308132904,114.167143739 22.308113298)",physical,105324,10159,10136,true,ID_029422,3,MAN CHEONG STREET,11366,<=101 vertices; endpoints exact,m,unknown,unknown
310832,10159,10161,1,1,26.388576,,,,,1,,,,"LINESTRING(114.167527512 22.308253829,114.167487257 22.308096180,114.167534592 22.308033917)",physical,105416,10159,10161,true,ID_010375,3,FERRY STREET,10483,<=101 vertices; endpoints exact,m,unknown,unknown
310844,10160,10154,1,1,10.744551,,,,,1,,,,"LINESTRING(114.167534262 22.304796053,114.167480140 22.304878990)",physical,105422,10160,10154,true,ID_010378,1,CANTON ROAD,10115,<=101 vertices; endpoints exact,m,unknown,unknown
310784,10160,10169,1,1,77.604244,,,,,1,,,,"LINESTRING(114.167534262 22.304796053,114.167475482 22.304711462,114.167504604 22.304658004,114.167534615 22.304604262,114.167689086 22.304146728)",physical,105392,10160,10169,true,ID_013447,3,CANTON ROAD,10115,<=101 vertices; endpoints exact,m,unknown,unknown
310895,10161,10158,1,-1,6.730673,,,,,1,,,,"LINESTRING(114.167534592 22.308033917,114.167517826 22.307975171)",physical,105447,10158,10161,true,ID_013533,1,FERRY STREET,10483,<=101 vertices; endpoints exact,m,unknown,unknown
311078,10161,10177,1,1,136.995863,,,,,1,,,,"LINESTRING(114.167534592 22.308033917,114.167575092 22.308058803,114.167760056 22.308714452,114.167789577 22.308820649,114.167815524 22.308929209,114.167858679 22.309063803,114.167874854 22.309215832)",physical,105539,10161,10177,true,ID_024567,3,FERRY STREET,10483,<=101 vertices; endpoints exact,m,unknown,unknown
311159,10162,10243,1,-1,162.026206,,,,,1,,,,"LINESTRING(114.167557647 22.311828064,114.169040943 22.312086439,114.169102005 22.312102565)",physical,105579,10243,10162,true,ID_022645,1,SHEK LUNG STREET,12002,<=101 vertices; endpoints exact,m,unknown,unknown
323848,10163,10153,1,1,69.220819,,,,,1,,,,"LINESTRING(114.167586345 22.298561559,114.167449362 22.299173531)",physical,111924,10163,10153,true,ID_016283,1,GATEWAY BOULEVARD,39466,<=101 vertices; endpoints exact,m,unknown,unknown
323851,10163,10176,1,-1,144.32778,,,,,1,,,,"LINESTRING(114.167586345 22.298561559,114.167871955 22.297285576)",physical,111925,10176,10163,true,ID_014093,1,GATEWAY BOULEVARD,39466,<=101 vertices; endpoints exact,m,unknown,unknown
310646,10164,10159,1,1,30.516297,,,,,1,,,,"LINESTRING(114.167600115 22.308521001,114.167527512 22.308253829)",physical,105323,10164,10159,true,ID_024564,3,FERRY STREET,10483,<=101 vertices; endpoints exact,m,unknown,unknown
311094,10165,10224,1,1,109.96503,,,,,1,,,,"LINESTRING(114.167625491 22.311578334,114.168680667 22.311727341)",physical,105547,10165,10224,true,ID_011286,3,-99,46350,<=101 vertices; endpoints exact,m,unknown,unknown
313750,10166,10133,1,1,60.000315,,,,,1,,,,"LINESTRING(114.167666131 22.305845427,114.167194187 22.305910581,114.167105471 22.305857981)",physical,106875,10166,10133,true,ID_027612,3,JORDAN ROAD,10904,<=101 vertices; endpoints exact,m,unknown,unknown
310652,10166,10188,1,1,231.752094,,,,,1,,,,"LINESTRING(114.167666131 22.305845427,114.167632088 22.305876785,114.167591259 22.305893986,114.167564783 22.305915099,114.167548772 22.305975010,114.167562042 22.306070546,114.168028268 22.307834042)",physical,105326,10166,10188,true,ID_027618,3,WAI CHING STREET,12602,<=101 vertices; endpoints exact,m,unknown,unknown
342458,10167,10172,1,1,8.328974,,,,,1,,,,"LINESTRING(114.167681851 22.299267187,114.167751147 22.299228466)",physical,121229,10167,10172,true,ID_016466,1,-99,50369,<=101 vertices; endpoints exact,m,unknown,unknown
314316,10168,10156,1,1,79.084686,,,,,1,,,,"LINESTRING(114.167685349 22.309787285,114.167670024 22.309819395,114.167640489 22.309893463,114.167591690 22.310034432,114.167555731 22.310173013,114.167527476 22.310294868,114.167502059 22.310478071)",physical,107158,10168,10156,true,ID_024565,3,FERRY STREET,10483,<=101 vertices; endpoints exact,m,unknown,unknown
313746,10169,10178,1,1,83.408646,,,,,1,,,,"LINESTRING(114.167689086 22.304146728,114.167787403 22.303803288,114.167889753 22.303417042)",physical,106873,10169,10178,true,ID_04510,3,CANTON ROAD,10115,<=101 vertices; endpoints exact,m,unknown,unknown
310952,10170,10165,1,1,74.019529,,,,,1,,,,"LINESTRING(114.167726496 22.310916533,114.167625491 22.311578334)",physical,105476,10170,10165,true,ID_018666,3,CHING PING STREET,10250,<=101 vertices; endpoints exact,m,unknown,unknown
649774,10170,10203,1,1,53.908985,,,,,1,,,,"LINESTRING(114.167726496 22.310916533,114.168242093 22.310999265)",physical,274887,10170,10203,true,ID_017588,3,TUNG KUN STREET,12520,<=101 vertices; endpoints exact,m,unknown,unknown
428250,10171,10180,1,1,19.468135,,,,,1,,,,"LINESTRING(114.167727867 22.301784491,114.167916359 22.301796502)",physical,164125,10171,10180,true,ID_030016,1,<Null>,<Null>,<=101 vertices; endpoints exact,m,unknown,unknown
342459,10172,10167,1,-1,8.328974,,,,,1,,,,"LINESTRING(114.167751147 22.299228466,114.167681851 22.299267187)",physical,121229,10167,10172,true,ID_016466,1,-99,50369,<=101 vertices; endpoints exact,m,unknown,unknown
323890,10172,10215,1,1,81.146677,,,,,1,,,,"LINESTRING(114.167751147 22.299228466,114.168524242 22.299367960)",physical,111945,10172,10215,true,ID_016284,3,-99,50369,<=101 vertices; endpoints exact,m,unknown,unknown
313652,10173,10128,1,1,364.079041,,,,,1,,,,"LINESTRING(114.167787324 22.309736782,114.167703950 22.309812993,114.167671849 22.309853012,114.167597887 22.309966502,114.167529316 22.310100541,114.167490020 22.310213794,114.167383668 22.310577646,114.167323454 22.310931310,114.167236701 22.311445264,114.167175925 22.311791794,114.167112924 22.312216511,114.167108651 22.312247636,114.167102214 22.312294528,114.167092728 22.312365349,114.167092496 22.312367085,114.167087847 22.312401793,114.167085261 22.312426410,114.167074726 22.312526698,114.167044599 22.312788094,114.167075053 22.312903245)",physical,106826,10173,10128,true,ID_024158,3,GASCOIGNE ROAD FLYOVER,14494,<=101 vertices; endpoints exact,m,unknown,unknown
313654,10173,10150,1,1,199.587256,,,,,1,,,,"LINESTRING(114.167787324 22.309736782,114.167770887 22.309772880,114.167726712 22.309890434,114.167678939 22.310055647,114.167630612 22.310272897,114.167565746 22.310675334,114.167528659 22.310873328,114.167414414 22.311492513,114.167412962 22.311501969)",physical,106827,10173,10150,true,ID_024162,3,GASCOIGNE ROAD FLYOVER,14494,<=101 vertices; endpoints exact,m,unknown,unknown
313790,10174,10149,1,1,219.208782,,,,,1,,,,"LINESTRING(114.167822876 22.309876737,114.167823316 22.309936987,114.167795765 22.310097324,114.167763938 22.310267029,114.167742226 22.310384435,114.167633615 22.310959493,114.167593420 22.311194845,114.167556111 22.311358311,114.167502053 22.311558114,114.167464175 22.311761232,114.167410608 22.311801513)",physical,106895,10174,10149,true,ID_027906,3,FERRY STREET,10483,<=101 vertices; endpoints exact,m,unknown,unknown
310982,10175,10170,1,1,87.042122,,,,,1,,,,"LINESTRING(114.167865811 22.310141253,114.167726496 22.310916533)",physical,105491,10175,10170,true,ID_017950,3,CHING PING STREET,10250,<=101 vertices; endpoints exact,m,unknown,unknown
311026,10175,10191,1,1,18.281094,,,,,1,,,,"LINESTRING(114.167865811 22.310141253,114.168037671 22.310182271)",physical,105513,10175,10191,true,ID_011432,1,-99,49990,<=101 vertices; endpoints exact,m,unknown,unknown
323844,10176,10163,1,1,159.548363,,,,,1,,,,"LINESTRING(114.167871955 22.297285576,114.167976190 22.297357947,114.167984070 22.297368990,114.167989188 22.297380610,114.167991829 22.297392925,114.167991896 22.297405483,114.167767093 22.298439651,114.167759426 22.298456272,114.167749011 22.298471658,114.167736137 22.298485340,114.167722883 22.298495796,114.167706273 22.298505376,114.167586345 22.298561559)",physical,111922,10176,10163,true,ID_014091,3,-99,50368,<=101 vertices; endpoints exact,m,unknown,unknown
323850,10176,10163,1,1,144.32778,,,,,1,,,,"LINESTRING(114.167871955 22.297285576,114.167586345 22.298561559)",physical,111925,10176,10163,true,ID_014093,1,GATEWAY BOULEVARD,39466,<=101 vertices; endpoints exact,m,unknown,unknown
323855,10176,10189,1,-1,82.649978,,,,,1,,,,"LINESTRING(114.167871955 22.297285576,114.168035508 22.296554877)",physical,111927,10189,10176,true,ID_014094,1,GATEWAY BOULEVARD,39466,<=101 vertices; endpoints exact,m,unknown,unknown
313804,10177,10168,1,1,67.167201,,,,,1,,,,"LINESTRING(114.167874854 22.309215832,114.167827280 22.309525271,114.167788756 22.309614153,114.167739448 22.309695866,114.167711456 22.309746818,114.167685349 22.309787285)",physical,106902,10177,10168,true,ID_024566,3,FERRY STREET,10483,<=101 vertices; endpoints exact,m,unknown,unknown
313806,10177,10174,1,1,74.712208,,,,,1,,,,"LINESTRING(114.167874854 22.309215832,114.167901323 22.309283656,114.167896181 22.309373257,114.167888471 22.309480777,114.167862786 22.309584713,114.167836513 22.309701606,114.167810314 22.309800524,114.167822876 22.309876737)",physical,106903,10177,10174,true,ID_024574,3,FERRY STREET,10483,<=101 vertices; endpoints exact,m,unknown,unknown
671214,10177,10229,1,1,98.626009,,,,,1,,,,"LINESTRING(114.167874854 22.309215832,114.167994470 22.309166161,114.168116188 22.309134628,114.168402765 22.309067263,114.168795160 22.308976737)",physical,285607,10177,10229,true,ID_019652,3,KANSU STREET,10966,<=101 vertices; endpoints exact,m,unknown,unknown
428152,10178,10192,1,1,42.463234,,,,,1,,,,"LINESTRING(114.167889753 22.303417042,114.167929604 22.303266652,114.167958773 22.303119861,114.168040095 22.303096163)",physical,164076,10178,10192,true,ID_030004,3,CANTON ROAD,10115,<=101 vertices; endpoints exact,m,unknown,unknown
428154,10179,10142,1,1,65.647731,,,,,1,,,,"LINESTRING(114.167900370 22.302964895,114.167838260 22.303010588,114.167591035 22.302998926,114.167280951 22.302986286)",physical,164077,10179,10142,true,ID_031403,3,AUSTIN ROAD WEST,13926,<=101 vertices; endpoints exact,m,unknown,unknown
621773,10179,10195,1,-1,16.857634,,,,,1,,,,"LINESTRING(114.167900370 22.302964895,114.168057905 22.303005964)",physical,260886,10195,10179,true,ID_031404,1,AUSTIN ROAD WEST,13926,<=101 vertices; endpoints exact,m,unknown,unknown
428251,10180,10171,1,-1,19.468135,,,,,1,,,,"LINESTRING(114.167916359 22.301796502,114.167727867 22.301784491)",physical,164125,10171,10180,true,ID_030016,1,<Null>,<Null>,<=101 vertices; endpoints exact,m,unknown,unknown
633206,10180,10183,1,1,23.10337,,,,,1,,,,"LINESTRING(114.167916359 22.301796502,114.167919637 22.301732892,114.167927665 22.301664545,114.167940536 22.301589291)",physical,266603,10180,10183,true,ID_018655,3,CANTON ROAD,10115,<=101 vertices; endpoints exact,m,unknown,unknown
310573,10181,10187,1,-1,7.999869,,,,,1,,,,"LINESTRING(114.167921198 22.301076779,114.167997821 22.301088410)",physical,105286,10187,10181,true,ID_018274,1,-99,46387,<=101 vertices; endpoints exact,m,unknown,unknown
310836,10182,10180,1,1,57.238682,,,,,1,,,,"LINESTRING(114.167937891 22.302311916,114.167927631 22.302243448,114.167912336 22.302091877,114.167909920 22.301922544,114.167916359 22.301796502)",physical,105418,10182,10180,true,ID_018656,3,CANTON ROAD,10115,<=101 vertices; endpoints exact,m,unknown,unknown
310578,10183,10187,1,1,56.2051,,,,,1,,,,"LINESTRING(114.167940536 22.301589291,114.167925724 22.301514970,114.167947903 22.301356685,114.167964779 22.301272121,114.167980124 22.301170676,114.167997821 22.301088410)",physical,105289,10183,10187,true,ID_018654,3,CANTON ROAD,10115,<=101 vertices; endpoints exact,m,unknown,unknown
314364,10183,10193,1,1,39.001202,,,,,1,,,,"LINESTRING(114.167940536 22.301589291,114.167997582 22.301519242,114.168019758 22.301393337,114.168046522 22.301258895)",physical,107182,10183,10193,true,ID_013118,3,-99,46389,<=101 vertices; endpoints exact,m,unknown,unknown
638086,10184,10204,1,1,208.900908,,,,,1,,,,"LINESTRING(114.167956541 22.300788791,114.167523107 22.300710080,114.167701878 22.299798312,114.168278137 22.299914817)",physical,269043,10184,10204,true,ID_018270,3,-99,51345,<=101 vertices; endpoints exact,m,unknown,unknown
10000011,10185,5,1,1,,,,,,0,,,,"LINESTRING(114.167962231 22.303688799,114.168412336 22.303588464)",nonphysical_zone_access_in,,,,false,,,,,straight display only,not routable,not routable,not routable
310846,10185,10160,1,1,133.827393,,,,,1,,,,"LINESTRING(114.167962231 22.303688799,114.167760380 22.304478298,114.167689188 22.304640956,114.167649130 22.304719391,114.167632137 22.304745088,114.167534262 22.304796053)",physical,105423,10185,10160,true,ID_010379,3,CANTON ROAD,10115,<=101 vertices; endpoints exact,m,unknown,unknown
310638,10185,10198,1,1,64.774166,,,,,1,,,,"LINESTRING(114.167962231 22.303688799,114.168118634 22.303744005,114.168151683 22.303774240,114.168158490 22.303812049,114.168136602 22.304159285)",physical,105319,10185,10198,true,ID_018275,3,CANTON ROAD,10115,<=101 vertices; endpoints exact,m,unknown,unknown
10000153,10186,76,1,1,,,,,,0,,,,"LINESTRING(114.167980347 22.305795136,114.168260368 22.306071981)",nonphysical_zone_access_in,,,,false,,,,,straight display only,not routable,not routable,not routable
310764,10186,10166,1,1,32.852008,,,,,1,,,,"LINESTRING(114.167980347 22.305795136,114.167666131 22.305845427)",physical,105382,10186,10166,true,ID_027606,3,JORDAN ROAD,10904,<=101 vertices; endpoints exact,m,unknown,unknown
310572,10187,10181,1,1,7.999869,,,,,1,,,,"LINESTRING(114.167997821 22.301088410,114.167921198 22.301076779)",physical,105286,10187,10181,true,ID_018274,1,-99,46387,<=101 vertices; endpoints exact,m,unknown,unknown
310576,10187,10194,1,1,31.806696,,,,,1,,,,"LINESTRING(114.167997821 22.301088410,114.168011985 22.301013233,114.168052264 22.300815946,114.168053288 22.300811342,114.168054268 22.300806026)",physical,105288,10187,10194,true,ID_018653,3,CANTON ROAD,10115,<=101 vertices; endpoints exact,m,unknown,unknown
10000103,10188,51,1,1,,,,,,0,,,,"LINESTRING(114.168028268 22.307834042,114.168289131 22.308041886)",nonphysical_zone_access_in,,,,false,,,,,straight display only,not routable,not routable,not routable
310796,10188,10158,1,1,55.017131,,,,,1,,,,"LINESTRING(114.168028268 22.307834042,114.167629322 22.307928310,114.167517826 22.307975171)",physical,105398,10188,10158,true,ID_024990,3,SAIGON STREET,11868,<=101 vertices; endpoints exact,m,unknown,unknown
323854,10189,10176,1,1,82.649978,,,,,1,,,,"LINESTRING(114.168035508 22.296554877,114.167871955 22.297285576)",physical,111927,10189,10176,true,ID_014094,1,GATEWAY BOULEVARD,39466,<=101 vertices; endpoints exact,m,unknown,unknown
323847,10189,10202,1,-1,88.343153,,,,,1,,,,"LINESTRING(114.168035508 22.296554877,114.168210326 22.295773847)",physical,111923,10202,10189,true,ID_014092,1,GATEWAY BOULEVARD,39466,<=101 vertices; endpoints exact,m,unknown,unknown
310926,10190,10197,1,1,121.414069,,,,,1,,,,"LINESTRING(114.168036132 22.301886761,114.168032645 22.301983763,114.168032602 22.302020776,114.168049387 22.302243454,114.168103941 22.302501299,114.168124920 22.302696632,114.168117329 22.302843317,114.168111522 22.302921382,114.168061205 22.302950127)",physical,105463,10190,10197,true,ID_026791,3,CANTON ROAD,10115,<=101 vertices; endpoints exact,m,unknown,unknown
313553,10190,10199,1,-1,11.394602,,,,,1,,,,"LINESTRING(114.168036132 22.301886761,114.168103920 22.301891065,114.168146544 22.301892024)",physical,106776,10199,10190,true,ID_026794,1,-99,51167,<=101 vertices; endpoints exact,m,unknown,unknown
10000161,10191,80,1,1,,,,,,0,,,,"LINESTRING(114.168037671 22.310182271,114.168318223 22.310434985)",nonphysical_zone_access_in,,,,false,,,,,straight display only,not routable,not routable,not routable
311027,10191,10175,1,-1,18.281094,,,,,1,,,,"LINESTRING(114.168037671 22.310182271,114.167865811 22.310141253)",physical,105513,10175,10191,true,ID_011432,1,-99,49990,<=101 vertices; endpoints exact,m,unknown,unknown
313740,10192,10185,1,1,68.02443,,,,,1,,,,"LINESTRING(114.168040095 22.303096163,114.168082284 22.303170133,114.167962231 22.303688799)",physical,106870,10192,10185,true,ID_014565,3,CANTON ROAD,10115,<=101 vertices; endpoints exact,m,unknown,unknown
310834,10192,10195,1,1,10.155289,,,,,1,,,,"LINESTRING(114.168040095 22.303096163,114.168057905 22.303005964)",physical,105417,10192,10195,true,ID_018149,1,CANTON ROAD,10115,<=101 vertices; endpoints exact,m,unknown,unknown
313584,10193,10209,1,1,113.395917,,,,,1,,,,"LINESTRING(114.168046522 22.301258895,114.168065255 22.301139110,114.168084670 22.301048805,114.168108464 22.300926306,114.168149545 22.300757309,114.168183333 22.300648375,114.168220411 22.300552273,114.168250277 22.300484346,114.168267876 22.300446275,114.168287078 22.300411920,114.168309232 22.300372067,114.168329910 22.300340460,114.168363881 22.300286866)",physical,106792,10193,10209,true,ID_014049,3,-99,46389,<=101 vertices; endpoints exact,m,unknown,unknown
310574,10194,10184,1,1,10.249361,,,,,1,,,,"LINESTRING(114.168054268 22.300806026,114.167956541 22.300788791)",physical,105287,10194,10184,true,ID_018273,3,-99,51345,<=101 vertices; endpoints exact,m,unknown,unknown
313730,10194,10212,1,1,93.132141,,,,,1,,,,"LINESTRING(114.168054268 22.300806026,114.168089429 22.300674387,114.168167496 22.300476395,114.168235554 22.300341355,114.168281597 22.300263315,114.168287362 22.300253291,114.168334638 22.300179748,114.168385249 22.300115901,114.168439698 22.300054103)",physical,106865,10194,10212,true,ID_018266,3,CANTON ROAD,10115,<=101 vertices; endpoints exact,m,unknown,unknown
621870,10195,10155,1,1,60.246805,,,,,1,,,,"LINESTRING(114.168057905 22.303005964,114.167831661 22.303069888,114.167484482 22.303044582)",physical,260935,10195,10155,true,ID_031400,3,AUSTIN ROAD WEST,13926,<=101 vertices; endpoints exact,m,unknown,unknown
621772,10195,10179,1,1,16.857634,,,,,1,,,,"LINESTRING(114.168057905 22.303005964,114.167900370 22.302964895)",physical,260886,10195,10179,true,ID_031404,1,AUSTIN ROAD WEST,13926,<=101 vertices; endpoints exact,m,unknown,unknown
310835,10195,10192,1,-1,10.155289,,,,,1,,,,"LINESTRING(114.168057905 22.303005964,114.168040095 22.303096163)",physical,105417,10192,10195,true,ID_018149,1,CANTON ROAD,10115,<=101 vertices; endpoints exact,m,unknown,unknown
310838,10195,10197,1,1,6.192425,,,,,1,,,,"LINESTRING(114.168057905 22.303005964,114.168061205 22.302950127)",physical,105419,10195,10197,true,ID_018649,1,CANTON ROAD,10115,<=101 vertices; endpoints exact,m,unknown,unknown
310641,10195,10200,1,-1,9.20897,,,,,1,,,,"LINESTRING(114.168057905 22.303005964,114.168146925 22.303013333)",physical,105320,10200,10195,true,ID_09881,1,AUSTIN ROAD,10037,<=101 vertices; endpoints exact,m,unknown,unknown
310198,10196,10477,1,1,687.31362,,,,,1,,,,"LINESTRING(114.168058843 22.309222449,114.168121315 22.309194084,114.168237277 22.309147014,114.168346670 22.309114764,114.168524316 22.309074584,114.168655279 22.309048786,114.168777663 22.309030824,114.168938926 22.309005983,114.169056468 22.308995511,114.169163871 22.308994524,114.169289181 22.309007911,114.169377515 22.309017472,114.169523368 22.309036594,114.169619918 22.309048067,114.169749337 22.309063364,114.169847942 22.309078660,114.169936276 22.309088222,114.170034881 22.309101606,114.170134510 22.309115057,114.170240308 22.309122641,114.170402596 22.309134116,114.170645002 22.309126480,114.170844268 22.309113107,114.171020937 22.309099733,114.171129814 22.309094002,114.171203673 22.309080063,114.171275682 22.309070221,114.171319113 22.309054316,114.171326417 22.309051641,114.171423257 22.309016177,114.171547014 22.308951875,114.171661130 22.308854672,114.171754964 22.308751313,114.171837930 22.308639328,114.171969368 22.308466955,114.172006695 22.308418000,114.172122418 22.308281914,114.172270281 22.308133860,114.172381889 22.308023093,114.172530046 22.307892986,114.172798059 22.307702473,114.173018700 22.307566581,114.173142645 22.307494923,114.173425638 22.307363269,114.173824503 22.307214334,114.173921696 22.307184453)",physical,105099,10196,10477,true,ID_024135,3,GASCOIGNE ROAD FLYOVER,14494,<=101 vertices; endpoints exact,m,unknown,unknown
428248,10197,10182,1,1,74.700134,,,,,1,,,,"LINESTRING(114.168061205 22.302950127,114.167997982 22.302914689,114.167995598 22.302832712,114.167977234 22.302574449,114.167937891 22.302311916)",physical,164124,10197,10182,true,ID_018703,3,CANTON ROAD,10115,<=101 vertices; endpoints exact,m,unknown,unknown
310839,10197,10195,1,-1,6.192425,,,,,1,,,,"LINESTRING(114.168061205 22.302950127,114.168057905 22.303005964)",physical,105419,10195,10197,true,ID_018649,1,CANTON ROAD,10115,<=101 vertices; endpoints exact,m,unknown,unknown
310636,10198,10223,1,1,51.319749,,,,,1,,,,"LINESTRING(114.168136602 22.304159285,114.168633385 22.304192372)",physical,105318,10198,10223,true,ID_023003,3,BOWRING STREET,10078,<=101 vertices; endpoints exact,m,unknown,unknown
313552,10199,10190,1,1,11.394602,,,,,1,,,,"LINESTRING(114.168146544 22.301892024,114.168103920 22.301891065,114.168036132 22.301886761)",physical,106776,10199,10190,true,ID_026794,1,-99,51167,<=101 vertices; endpoints exact,m,unknown,unknown
310640,10200,10195,1,1,9.20897,,,,,1,,,,"LINESTRING(114.168146925 22.303013333,114.168057905 22.303005964)",physical,105320,10200,10195,true,ID_09881,1,AUSTIN ROAD,10037,<=101 vertices; endpoints exact,m,unknown,unknown
313742,10200,10238,1,1,92.951062,,,,,1,,,,"LINESTRING(114.168146925 22.303013333,114.168232720 22.302974596,114.169037776 22.303022693)",physical,106871,10200,10238,true,ID_014566,3,AUSTIN ROAD,10037,<=101 vertices; endpoints exact,m,unknown,unknown
10000131,10201,65,1,1,,,,,,0,,,,"LINESTRING(114.168153238 22.306476280,114.167993326 22.306795556)",nonphysical_zone_access_in,,,,false,,,,,straight display only,not routable,not routable,not routable
10000141,10201,70,1,1,,,,,,0,,,,"LINESTRING(114.168153238 22.306476280,114.168393421 22.306730619)",nonphysical_zone_access_in,,,,false,,,,,straight display only,not routable,not routable,not routable
310654,10201,10186,1,1,77.501371,,,,,1,,,,"LINESTRING(114.168153238 22.306476280,114.167980347 22.305795136)",physical,105327,10201,10186,true,ID_010494,3,CANTON ROAD,10115,<=101 vertices; endpoints exact,m,unknown,unknown
323846,10202,10189,1,1,88.343153,,,,,1,,,,"LINESTRING(114.168210326 22.295773847,114.168035508 22.296554877)",physical,111923,10202,10189,true,ID_014092,1,GATEWAY BOULEVARD,39466,<=101 vertices; endpoints exact,m,unknown,unknown
649126,10203,10216,1,1,31.37583,,,,,1,,,,"LINESTRING(114.168242093 22.310999265,114.168307918 22.311038448,114.168432717 22.311058047,114.168531643 22.311045725)",physical,274563,10203,10216,true,ID_021487,3,TUNG KUN STREET,12520,<=101 vertices; endpoints exact,m,unknown,unknown
649772,10203,10216,1,1,30.274248,,,,,1,,,,"LINESTRING(114.168242093 22.310999265,114.168531643 22.311045725)",physical,274886,10203,10216,true,ID_017587,3,TUNG KUN STREET,12520,<=101 vertices; endpoints exact,m,unknown,unknown
313728,10204,10210,1,1,12.053168,,,,,1,,,,"LINESTRING(114.168278137 22.299914817,114.168389731 22.299947442)",physical,106864,10204,10210,true,ID_02415,3,-99,51345,<=101 vertices; endpoints exact,m,unknown,unknown
310864,10205,10201,1,1,69.543075,,,,,1,,,,"LINESTRING(114.168314676 22.307086066,114.168153238 22.306476280)",physical,105432,10205,10201,true,ID_010640,3,CANTON ROAD,10115,<=101 vertices; endpoints exact,m,unknown,unknown
310824,10205,10226,1,1,45.137266,,,,,1,,,,"LINESTRING(114.168314676 22.307086066,114.168740744 22.306991334)",physical,105412,10205,10226,true,ID_029370,3,NING PO STREET,11545,<=101 vertices; endpoints exact,m,unknown,unknown
310580,10206,10190,1,1,148.500546,,,,,1,,,,"LINESTRING(114.168318019 22.300573221,114.168290991 22.300644661,114.168243490 22.300803531,114.168212341 22.300963481,114.168166994 22.301219922,114.168141351 22.301327368,114.168054759 22.301783245,114.168036132 22.301886761)",physical,105290,10206,10190,true,ID_026793,3,CANTON ROAD,10115,<=101 vertices; endpoints exact,m,unknown,unknown
323839,10207,10153,1,-1,144.061447,,,,,1,,,,"LINESTRING(114.168319525 22.299834722,114.167576165 22.299683011,114.167508495 22.299653620,114.167472405 22.299631228,114.167442330 22.299601839,114.167415265 22.299561256,114.167400230 22.299517874,114.167395721 22.299467497,114.167400237 22.299414321,114.167429682 22.299261452,114.167436701 22.299230093,114.167449362 22.299173531)",physical,111919,10153,10207,true,ID_016282,1,GATEWAY BOULEVARD,39466,<=101 vertices; endpoints exact,m,unknown,unknown
313580,10207,10231,1,1,57.893268,,,,,1,,,,"LINESTRING(114.168319525 22.299834722,114.168362716 22.299820301,114.168382490 22.299815865,114.168431842 22.299833363,114.168461378 22.299845733,114.168471045 22.299848189,114.168480807 22.299850668,114.168527430 22.299862513,114.168562153 22.299866867,114.168605931 22.299861623,114.168640251 22.299855318,114.168668490 22.299843116,114.168680357 22.299837988,114.168846836 22.299766046)",physical,106790,10207,10231,true,ID_013624,3,-99,42152,<=101 vertices; endpoints exact,m,unknown,unknown
311030,10208,10174,1,1,64.597461,,,,,1,,,,"LINESTRING(114.168357960 22.309823343,114.168248204 22.309782730,114.168147032 22.309751186,114.168073079 22.309726332,114.168021208 22.309720595,114.167974473 22.309728239,114.167930817 22.309750696,114.167902569 22.309775066,114.167879646 22.309803395,114.167851911 22.309834933,114.167822876 22.309876737)",physical,105515,10208,10174,true,ID_027904,3,FERRY STREET,10483,<=101 vertices; endpoints exact,m,unknown,unknown
311028,10208,10175,1,1,82.570944,,,,,1,,,,"LINESTRING(114.168357960 22.309823343,114.168300072 22.309821600,114.168217388 22.309808215,114.168135730 22.309795308,114.168065885 22.309784314,114.168024799 22.309780966,114.167981467 22.309780864,114.167950693 22.309792915,114.167933638 22.309814014,114.167922229 22.309833699,114.167904291 22.309908050,114.167891960 22.309995499,114.167865811 22.310141253)",physical,105514,10208,10175,true,ID_027902,3,CHING PING STREET,10250,<=101 vertices; endpoints exact,m,unknown,unknown
313582,10209,10207,1,1,61.770886,,,,,1,,,,"LINESTRING(114.168363881 22.300286866,114.168371268 22.300230522,114.168394901 22.300174178,114.168454819 22.300081535,114.168457058 22.300078073,114.168459961 22.300071031,114.168470658 22.300045075,114.168478099 22.300016685,114.168481428 22.300003986,114.168480970 22.299974117,114.168480816 22.299963978,114.168474903 22.299945596,114.168467843 22.299923650,114.168450539 22.299899557,114.168420016 22.299877674,114.168355263 22.299857445,114.168319525 22.299834722)",physical,106791,10209,10207,true,ID_011466,3,GATEWAY BOULEVARD,39466,<=101 vertices; endpoints exact,m,unknown,unknown
313578,10209,10231,1,1,76.221669,,,,,1,,,,"LINESTRING(114.168363881 22.300286866,114.168477605 22.300149446,114.168510340 22.300117045,114.168511949 22.300115452,114.168580801 22.300047302,114.168592474 22.300034963,114.168593602 22.300033771,114.168846836 22.299766046)",physical,106789,10209,10231,true,ID_013621,3,-99,42152,<=101 vertices; endpoints exact,m,unknown,unknown
323840,10210,10212,1,1,12.884446,,,,,1,,,,"LINESTRING(114.168389731 22.299947442,114.168439698 22.300054103)",physical,111920,10210,10212,true,ID_018271,3,-99,51345,<=101 vertices; endpoints exact,m,unknown,unknown
323842,10210,10218,1,1,16.447781,,,,,1,,,,"LINESTRING(114.168389731 22.299947442,114.168474903 22.299945596,114.168549307 22.299943983)",physical,111921,10210,10218,true,ID_018272,3,-99,51345,<=101 vertices; endpoints exact,m,unknown,unknown
310766,10211,10186,1,1,45.137703,,,,,1,,,,"LINESTRING(114.168410565 22.305718344,114.167980347 22.305795136)",physical,105383,10211,10186,true,ID_013443,3,JORDAN ROAD,10904,<=101 vertices; endpoints exact,m,unknown,unknown
312352,10212,10206,1,1,65.283509,,,,,1,,,,"LINESTRING(114.168439698 22.300054103,114.168451206 22.300064384,114.168459961 22.300071031,114.168468697 22.300077664,114.168492174 22.300093087,114.168505524 22.300108509,114.168510340 22.300117045,114.168512255 22.300120440,114.168512943 22.300131668,114.168510079 22.300160970,114.168478587 22.300208916,114.168377431 22.300382059,114.168340212 22.300470850,114.168318019 22.300573221)",physical,106176,10212,10206,true,ID_018276,3,CANTON ROAD,10115,<=101 vertices; endpoints exact,m,unknown,unknown
312350,10212,10218,1,1,16.629247,,,,,1,,,,"LINESTRING(114.168439698 22.300054103,114.168478099 22.300016685,114.168502804 22.299993946,114.168549307 22.299943983)",physical,106175,10212,10218,true,ID_018652,3,CANTON ROAD,10115,<=101 vertices; endpoints exact,m,unknown,unknown
310806,10213,10188,1,1,48.002259,,,,,1,,,,"LINESTRING(114.168476115 22.307714632,114.168028268 22.307834042)",physical,105403,10213,10188,true,ID_024991,3,SAIGON STREET,11868,<=101 vertices; endpoints exact,m,unknown,unknown
310818,10213,10205,1,1,71.564106,,,,,1,,,,"LINESTRING(114.168476115 22.307714632,114.168314676 22.307086066)",physical,105409,10213,10205,true,ID_012896,3,CANTON ROAD,10115,<=101 vertices; endpoints exact,m,unknown,unknown
310810,10213,10233,1,1,45.742435,,,,,1,,,,"LINESTRING(114.168476115 22.307714632,114.168574347 22.307688344,114.168906724 22.307614485)",physical,105405,10213,10233,true,ID_013451,3,SAIGON STREET,11868,<=101 vertices; endpoints exact,m,unknown,unknown
313726,10214,10218,1,1,46.343277,,,,,1,,,,"LINESTRING(114.168485234 22.299565317,114.168453527 22.299611804,114.168440447 22.299698711,114.168440443 22.299761284,114.168459327 22.299826239,114.168471045 22.299848189,114.168487133 22.299878323,114.168511852 22.299908389,114.168549307 22.299943983)",physical,106863,10214,10218,true,ID_018704,3,CANTON ROAD,10115,<=101 vertices; endpoints exact,m,unknown,unknown
310562,10214,10219,1,1,29.609632,,,,,1,,,,"LINESTRING(114.168485234 22.299565317,114.168496636 22.299601701,114.168501843 22.299648791,114.168505370 22.299701655,114.168516922 22.299751534,114.168539708 22.299786778,114.168563137 22.299802609,114.168573190 22.299806395)",physical,105281,10214,10219,true,ID_027882,3,CANTON ROAD,10115,<=101 vertices; endpoints exact,m,unknown,unknown
310560,10215,10214,1,1,22.231994,,,,,1,,,,"LINESTRING(114.168524242 22.299367960,114.168501532 22.299465264,114.168485234 22.299565317)",physical,105280,10215,10214,true,ID_018705,3,CANTON ROAD,10115,<=101 vertices; endpoints exact,m,unknown,unknown
311024,10216,10228,1,1,26.678622,,,,,1,,,,"LINESTRING(114.168531643 22.311045725,114.168786803 22.311086667)",physical,105512,10216,10228,true,ID_017586,3,TUNG KUN STREET,12520,<=101 vertices; endpoints exact,m,unknown,unknown
312348,10217,10206,1,1,42.944548,,,,,1,,,,"LINESTRING(114.168537304 22.300243460,114.168373511 22.300486014,114.168318019 22.300573221)",physical,106174,10217,10206,true,ID_018650,3,CANTON ROAD,10115,<=101 vertices; endpoints exact,m,unknown,unknown
312354,10218,10217,1,1,35.534142,,,,,1,,,,"LINESTRING(114.168549307 22.299943983,114.168571590 22.299976931,114.168587158 22.300004667,114.168593602 22.300033771,114.168597504 22.300078290,114.168589518 22.300120012,114.168565562 22.300168018,114.168546520 22.300198881,114.168537304 22.300243460)",physical,106177,10218,10217,true,ID_018651,3,CANTON ROAD,10115,<=101 vertices; endpoints exact,m,unknown,unknown
313724,10218,10227,1,1,32.371488,,,,,1,,,,"LINESTRING(114.168549307 22.299943983,114.168654022 22.299859969,114.168668490 22.299843116,114.168763802 22.299732088)",physical,106862,10218,10227,true,ID_018452,3,KOWLOON PARK DRIVE,11064,<=101 vertices; endpoints exact,m,unknown,unknown
654366,10219,10227,1,1,22.457123,,,,,1,,,,"LINESTRING(114.168573190 22.299806395,114.168590097 22.299812765,114.168612564 22.299813363,114.168638884 22.299807690,114.168669697 22.299793355,114.168702757 22.299769463,114.168730041 22.299746633,114.168763802 22.299732088)",physical,277183,10219,10227,true,ID_027932,3,CANTON ROAD,10115,<=101 vertices; endpoints exact,m,unknown,unknown
310650,10220,10201,1,1,45.081381,,,,,1,,,,"LINESTRING(114.168579452 22.306384333,114.168153238 22.306476280)",physical,105325,10220,10201,true,ID_033795,3,NANKING STREET,11502,<=101 vertices; endpoints exact,m,unknown,unknown
310762,10220,10211,1,1,75.773898,,,,,1,,,,"LINESTRING(114.168579452 22.306384333,114.168573689 22.306359309,114.168410565 22.305718344)",physical,105381,10220,10211,true,ID_013442,3,BATTERY STREET,10046,<=101 vertices; endpoints exact,m,unknown,unknown
310628,10220,10235,1,1,44.650711,,,,,1,,,,"LINESTRING(114.168579452 22.306384333,114.169000589 22.306289325)",physical,105314,10220,10235,true,ID_09878,3,NANKING STREET,11502,<=101 vertices; endpoints exact,m,unknown,unknown
10000031,10221,15,1,1,,,,,,0,,,,"LINESTRING(114.168589473 22.304804338,114.168114924 22.304986039)",nonphysical_zone_access_in,,,,false,,,,,straight display only,not routable,not routable,not routable
310780,10221,10223,1,1,67.916642,,,,,1,,,,"LINESTRING(114.168589473 22.304804338,114.168633385 22.304192372)",physical,105390,10221,10223,true,ID_034178,3,KWUN CHUNG STREET,11141,<=101 vertices; endpoints exact,m,unknown,unknown
10000095,10222,47,1,1,,,,,,0,,,,"LINESTRING(114.168620063 22.308306888,114.168416943 22.308683674)",nonphysical_zone_access_in,,,,false,,,,,straight display only,not routable,not routable,not routable
310798,10222,10213,1,1,67.239394,,,,,1,,,,"LINESTRING(114.168620063 22.308306888,114.168476115 22.307714632)",physical,105399,10222,10213,true,ID_013450,3,CANTON ROAD,10115,<=101 vertices; endpoints exact,m,unknown,unknown
310624,10222,10239,1,1,46.966864,,,,,1,,,,"LINESTRING(114.168620063 22.308306888,114.169062605 22.308205253)",physical,105312,10222,10239,true,ID_031224,3,PAK HOI STREET,11627,<=101 vertices; endpoints exact,m,unknown,unknown
10000013,10223,6,1,1,,,,,,0,,,,"LINESTRING(114.168633385 22.304192372,114.168903851 22.303968063)",nonphysical_zone_access_in,,,,false,,,,,straight display only,not routable,not routable,not routable
310782,10223,10225,1,1,121.713199,,,,,1,,,,"LINESTRING(114.168633385 22.304192372,114.168712388 22.303095689)",physical,105391,10223,10225,true,ID_033935,3,KWUN CHUNG STREET,11141,<=101 vertices; endpoints exact,m,unknown,unknown
310622,10223,10245,1,1,53.925399,,,,,1,,,,"LINESTRING(114.168633385 22.304192372,114.169155381 22.304227265)",physical,105311,10223,10245,true,ID_023002,3,BOWRING STREET,10078,<=101 vertices; endpoints exact,m,unknown,unknown
10000081,10224,40,1,1,,,,,,0,,,,"LINESTRING(114.168680667 22.311727341,114.168391479 22.311524970)",nonphysical_zone_access_in,,,,false,,,,,straight display only,not routable,not routable,not routable
311092,10224,10228,1,1,71.782717,,,,,1,,,,"LINESTRING(114.168680667 22.311727341,114.168786803 22.311086667)",physical,105546,10224,10228,true,ID_011285,3,CANTON ROAD,10115,<=101 vertices; endpoints exact,m,unknown,unknown
313738,10225,10200,1,1,60.2408,,,,,1,,,,"LINESTRING(114.168712388 22.303095689,114.168230224 22.303067298,114.168146925 22.303013333)",physical,106869,10225,10200,true,ID_014564,3,AUSTIN ROAD,10037,<=101 vertices; endpoints exact,m,unknown,unknown
310776,10226,10220,1,1,69.24002,,,,,1,,,,"LINESTRING(114.168740744 22.306991334,114.168579452 22.306384333)",physical,105388,10226,10220,true,ID_013445,3,BATTERY STREET,10046,<=101 vertices; endpoints exact,m,unknown,unknown
310610,10226,10247,1,1,44.643741,,,,,1,,,,"LINESTRING(114.168740744 22.306991334,114.169161553 22.306895332)",physical,105305,10226,10247,true,ID_029369,3,NING PO STREET,11545,<=101 vertices; endpoints exact,m,unknown,unknown
310566,10227,10264,1,1,124.347293,,,,,1,,,,"LINESTRING(114.168763802 22.299732088,114.168903364 22.299572260,114.168990479 22.299463328,114.169178646 22.299167849,114.169268830 22.298974159,114.169319240 22.298851250,114.169370224 22.298768831)",physical,105283,10227,10264,true,ID_018453,3,KOWLOON PARK DRIVE,11064,<=101 vertices; endpoints exact,m,unknown,unknown
310932,10228,10259,1,1,51.650216,,,,,1,,,,"LINESTRING(114.168786803 22.311086667,114.169279739 22.311171444)",physical,105466,10228,10259,true,ID_022915,3,TUNG KUN STREET,12520,<=101 vertices; endpoints exact,m,unknown,unknown
310986,10229,10222,1,1,76.338039,,,,,1,,,,"LINESTRING(114.168795160 22.308976737,114.168620063 22.308306888)",physical,105493,10229,10222,true,ID_019643,3,CANTON ROAD,10115,<=101 vertices; endpoints exact,m,unknown,unknown
671212,10229,10257,1,1,46.829751,,,,,1,,,,"LINESTRING(114.168795160 22.308976737,114.168869789 22.308954955,114.168980561 22.308922929,114.169234161 22.308868398)",physical,285606,10229,10257,true,ID_019651,3,KANSU STREET,10966,<=101 vertices; endpoints exact,m,unknown,unknown
310568,10230,10215,1,1,149.822398,,,,,1,,,,"LINESTRING(114.168811628 22.298041683,114.168733669 22.298406267,114.168542113 22.299293536,114.168524242 22.299367960)",physical,105284,10230,10215,true,ID_016281,3,CANTON ROAD,10115,<=101 vertices; endpoints exact,m,unknown,unknown
10000023,10231,11,1,1,,,,,,0,,,,"LINESTRING(114.168846836 22.299766046,114.169346042 22.299742615)",nonphysical_zone_access_in,,,,false,,,,,straight display only,not routable,not routable,not routable
313586,10231,10254,1,1,68.379296,,,,,1,,,,"LINESTRING(114.168846836 22.299766046,114.168927465 22.299673251,114.168991510 22.299596295,114.169063705 22.299504497,114.169144783 22.299387338,114.169216036 22.299255318)",physical,106793,10231,10254,true,ID_014050,3,-99,42152,<=101 vertices; endpoints exact,m,unknown,unknown
659172,10232,10229,1,1,22.349081,,,,,1,,,,"LINESTRING(114.168855665 22.309170501,114.168828584 22.309075888,114.168795160 22.308976737)",physical,279586,10232,10229,true,ID_019650,3,CANTON ROAD,10115,<=101 vertices; endpoints exact,m,unknown,unknown
310774,10233,10226,1,1,71.092157,,,,,1,,,,"LINESTRING(114.168906724 22.307614485,114.168740744 22.306991334)",physical,105387,10233,10226,true,ID_013444,3,BATTERY STREET,10046,<=101 vertices; endpoints exact,m,unknown,unknown
310592,10233,10239,1,1,67.361241,,,,,1,,,,"LINESTRING(114.168906724 22.307614485,114.169062605 22.308205253)",physical,105296,10233,10239,true,ID_010647,3,BATTERY STREET,10046,<=101 vertices; endpoints exact,m,unknown,unknown
310564,10234,10230,1,1,91.500863,,,,,1,,,,"LINESTRING(114.168987189 22.297231684,114.168811628 22.298041683)",physical,105282,10234,10230,true,ID_028738,3,CANTON ROAD,10115,<=101 vertices; endpoints exact,m,unknown,unknown
10000155,10235,77,1,1,,,,,,0,,,,"LINESTRING(114.169000589 22.306289325,114.168893048 22.305921578)",nonphysical_zone_access_in,,,,false,,,,,straight display only,not routable,not routable,not routable
310630,10235,10266,1,1,45.10236,,,,,1,,,,"LINESTRING(114.169000589 22.306289325,114.169037349 22.306275493,114.169062845 22.306267282,114.169372725 22.306197036,114.169421107 22.306178934)",physical,105315,10235,10266,true,ID_02108,3,NANKING STREET,11502,<=101 vertices; endpoints exact,m,unknown,unknown
310936,10236,10208,1,1,68.787479,,,,,1,,,,"LINESTRING(114.169016470 22.309925526,114.168357960 22.309823343)",physical,105468,10236,10208,true,ID_027905,3,PUBLIC SQUARE STREET,11793,<=101 vertices; endpoints exact,m,unknown,unknown
313756,10236,10232,1,1,85.599252,,,,,1,,,,"LINESTRING(114.169016470 22.309925526,114.168890314 22.309463677,114.168870289 22.309388411,114.168854832 22.309288485,114.168855665 22.309170501)",physical,106878,10236,10232,true,ID_019077,3,CANTON ROAD,10115,<=101 vertices; endpoints exact,m,unknown,unknown
644050,10237,10234,1,1,19.983826,,,,,1,,,,"LINESTRING(114.169025531 22.297054780,114.168987189 22.297231684)",physical,272025,10237,10234,true,ID_028739,3,CANTON ROAD,10115,<=101 vertices; endpoints exact,m,unknown,unknown
622990,10237,10249,1,1,17.056146,,,,,1,,,,"LINESTRING(114.169025531 22.297054780,114.169188182 22.297083335)",physical,261495,10237,10249,true,ID_015177,3,<Null>,<Null>,<=101 vertices; endpoints exact,m,unknown,unknown
310635,10238,10240,1,-1,53.233054,,,,,1,,,,"LINESTRING(114.169037776 22.303022693,114.169066195 22.302542694)",physical,105317,10240,10238,true,ID_09880,1,SCOUT PATH,13919,<=101 vertices; endpoints exact,m,unknown,unknown
310854,10238,10250,1,1,17.711244,,,,,1,,,,"LINESTRING(114.169037776 22.303022693,114.169137611 22.303050034,114.169193645 22.303085580)",physical,105427,10238,10250,true,ID_010637,3,AUSTIN ROAD,10037,<=101 vertices; endpoints exact,m,unknown,unknown
10000105,10239,52,1,1,,,,,,0,,,,"LINESTRING(114.169062605 22.308205253,114.169192929 22.307864697)",nonphysical_zone_access_in,,,,false,,,,,straight display only,not routable,not routable,not routable
310976,10239,10257,1,1,75.545584,,,,,1,,,,"LINESTRING(114.169062605 22.308205253,114.169211995 22.308761487,114.169234161 22.308868398)",physical,105488,10239,10257,true,ID_024569,3,BATTERY STREET,10046,<=101 vertices; endpoints exact,m,unknown,unknown
310634,10240,10238,1,1,53.233054,,,,,1,,,,"LINESTRING(114.169066195 22.302542694,114.169037776 22.303022693)",physical,105317,10240,10238,true,ID_09880,1,SCOUT PATH,13919,<=101 vertices; endpoints exact,m,unknown,unknown
310884,10240,10242,1,1,26.233915,,,,,1,,,,"LINESTRING(114.169066195 22.302542694,114.169044698 22.302523543,114.169026700 22.302503943,114.169015213 22.302488976,114.169004491 22.302473296,114.169000662 22.302453340,114.169001429 22.302435879,114.169005643 22.302423764,114.169013685 22.302409866,114.169024408 22.302401315,114.169036663 22.302395614,114.169053513 22.302392408,114.169075725 22.302393478,114.169093339 22.302399892)",physical,105442,10240,10242,true,ID_013644,3,SCOUT PATH,13919,<=101 vertices; endpoints exact,m,unknown,unknown
323852,10241,10189,1,1,111.195138,,,,,1,,,,"LINESTRING(114.169092119 22.296747554,114.168713069 22.296657525,114.168502880 22.296644730,114.168035508 22.296554877)",physical,111926,10241,10189,true,ID_08308,3,-99,50367,<=101 vertices; endpoints exact,m,unknown,unknown
622994,10241,10237,1,1,34.705637,,,,,1,,,,"LINESTRING(114.169092119 22.296747554,114.169025531 22.297054780)",physical,261497,10241,10237,true,ID_015179,3,CANTON ROAD,10115,<=101 vertices; endpoints exact,m,unknown,unknown
331596,10242,10240,1,1,17.959138,,,,,1,,,,"LINESTRING(114.169093339 22.302399892,114.169105211 22.302409871,114.169113252 22.302424125,114.169115932 22.302440161,114.169115548 22.302454059,114.169113250 22.302469381,114.169101377 22.302488980,114.169090653 22.302501808,114.169078015 22.302520694,114.169066195 22.302542694)",physical,115798,10242,10240,true,ID_012356,3,SCOUT PATH,13919,<=101 vertices; endpoints exact,m,unknown,unknown
331599,10242,10252,1,-1,11.862607,,,,,1,,,,"LINESTRING(114.169093339 22.302399892,114.169202620 22.302366197)",physical,115799,10252,10242,true,ID_012344,1,SCOUT PATH,13919,<=101 vertices; endpoints exact,m,unknown,unknown
311158,10243,10162,1,1,162.026206,,,,,1,,,,"LINESTRING(114.169102005 22.312102565,114.169040943 22.312086439,114.167557647 22.311828064)",physical,105579,10243,10162,true,ID_022645,1,SHEK LUNG STREET,12002,<=101 vertices; endpoints exact,m,unknown,unknown
311160,10243,10246,1,1,34.228827,,,,,1,,,,"LINESTRING(114.169102005 22.312102565,114.169158866 22.311798019)",physical,105580,10243,10246,true,ID_014337,3,RECLAMATION STREET,11810,<=101 vertices; endpoints exact,m,unknown,unknown
10000003,10244,1,1,1,,,,,,0,,,,"LINESTRING(114.169114353 22.304851332,114.169403480 22.304830293)",nonphysical_zone_access_in,,,,false,,,,,straight display only,not routable,not routable,not routable
310606,10244,10221,1,1,54.333502,,,,,1,,,,"LINESTRING(114.169114353 22.304851332,114.168589473 22.304804338)",physical,105303,10244,10221,true,ID_033385,3,MIN STREET,11429,<=101 vertices; endpoints exact,m,unknown,unknown
310848,10244,10258,1,1,71.290095,,,,,1,,,,"LINESTRING(114.169114353 22.304851332,114.169263168 22.305480057)",physical,105424,10244,10258,true,ID_010380,3,SHANGHAI STREET,11984,<=101 vertices; endpoints exact,m,unknown,unknown
310620,10245,10244,1,1,69.234972,,,,,1,,,,"LINESTRING(114.169155381 22.304227265,114.169114353 22.304851332)",physical,105310,10245,10244,true,ID_09877,3,SHANGHAI STREET,11984,<=101 vertices; endpoints exact,m,unknown,unknown
310618,10245,10275,1,1,49.7939,,,,,1,,,,"LINESTRING(114.169155381 22.304227265,114.169637264 22.304261019)",physical,105309,10245,10275,true,ID_023001,3,BOWRING STREET,10078,<=101 vertices; endpoints exact,m,unknown,unknown
311090,10246,10224,1,1,49.889015,,,,,1,,,,"LINESTRING(114.169158866 22.311798019,114.168680667 22.311727341)",physical,105545,10246,10224,true,ID_011284,3,-99,46350,<=101 vertices; endpoints exact,m,unknown,unknown
311088,10246,10248,1,1,17.27063,,,,,1,,,,"LINESTRING(114.169158866 22.311798019,114.169187557 22.311644357)",physical,105544,10246,10248,true,ID_011283,3,RECLAMATION STREET,11810,<=101 vertices; endpoints exact,m,unknown,unknown
10000143,10247,71,1,1,,,,,,0,,,,"LINESTRING(114.169161553 22.306895332,114.168895763 22.306645090)",nonphysical_zone_access_in,,,,false,,,,,straight display only,not routable,not routable,not routable
310858,10247,10235,1,1,69.125075,,,,,1,,,,"LINESTRING(114.169161553 22.306895332,114.169000589 22.306289325)",physical,105429,10247,10235,true,ID_010639,3,RECLAMATION STREET,11810,<=101 vertices; endpoints exact,m,unknown,unknown
310584,10247,10273,1,1,45.997561,,,,,1,,,,"LINESTRING(114.169161553 22.306895332,114.169597092 22.306804215)",physical,105292,10247,10273,true,ID_029611,3,NING PO STREET,11545,<=101 vertices; endpoints exact,m,unknown,unknown
311050,10248,10259,1,1,53.22219,,,,,1,,,,"LINESTRING(114.169187557 22.311644357,114.169279739 22.311171444)",physical,105525,10248,10259,true,ID_011986,3,RECLAMATION STREET,11810,<=101 vertices; endpoints exact,m,unknown,unknown
310886,10250,10225,1,1,50.755363,,,,,1,,,,"LINESTRING(114.169193645 22.303085580,114.169134962 22.303119723,114.168712388 22.303095689)",physical,105443,10250,10225,true,ID_012899,3,AUSTIN ROAD,10037,<=101 vertices; endpoints exact,m,unknown,unknown
310889,10250,10255,1,-1,3.924833,,,,,1,,,,"LINESTRING(114.169193645 22.303085580,114.169231663 22.303087747)",physical,105444,10255,10250,true,ID_012900,1,AUSTIN ROAD,10037,<=101 vertices; endpoints exact,m,unknown,unknown
310632,10251,10211,1,1,85.923912,,,,,1,,,,"LINESTRING(114.169197064 22.305493779,114.169122569 22.305557542,114.168410565 22.305718344)",physical,105316,10251,10211,true,ID_09879,3,JORDAN ROAD,10904,<=101 vertices; endpoints exact,m,unknown,unknown
310882,10251,10258,1,1,6.978818,,,,,1,,,,"LINESTRING(114.169197064 22.305493779,114.169263168 22.305480057)",physical,105441,10251,10258,true,ID_012898,1,JORDAN ROAD,10904,<=101 vertices; endpoints exact,m,unknown,unknown
331598,10252,10242,1,1,11.862607,,,,,1,,,,"LINESTRING(114.169202620 22.302366197,114.169093339 22.302399892)",physical,115799,10252,10242,true,ID_012344,1,SCOUT PATH,13919,<=101 vertices; endpoints exact,m,unknown,unknown
310554,10253,10241,1,1,59.080623,,,,,1,,,,"LINESTRING(114.169211227 22.296225659,114.169092119 22.296747554)",physical,105277,10253,10241,true,ID_08268,3,CANTON ROAD,10115,<=101 vertices; endpoints exact,m,unknown,unknown
314366,10254,10264,1,1,56.394412,,,,,1,,,,"LINESTRING(114.169216036 22.299255318,114.169268861 22.299106017,114.169359775 22.298864969,114.169370224 22.298768831)",physical,107183,10254,10264,true,ID_013119,3,-99,42152,<=101 vertices; endpoints exact,m,unknown,unknown
310608,10255,10245,1,1,126.428477,,,,,1,,,,"LINESTRING(114.169231663 22.303087747,114.169155381 22.304227265)",physical,105304,10255,10245,true,ID_09874,3,SHANGHAI STREET,11984,<=101 vertices; endpoints exact,m,unknown,unknown
310888,10255,10250,1,1,3.924833,,,,,1,,,,"LINESTRING(114.169231663 22.303087747,114.169193645 22.303085580)",physical,105444,10255,10250,true,ID_012900,1,AUSTIN ROAD,10037,<=101 vertices; endpoints exact,m,unknown,unknown
310891,10255,10261,1,-1,7.191277,,,,,1,,,,"LINESTRING(114.169231663 22.303087747,114.169301299 22.303092063)",physical,105445,10261,10255,true,ID_012930,1,AUSTIN ROAD,10037,<=101 vertices; endpoints exact,m,unknown,unknown
313566,10256,10263,1,1,14.19127,,,,,1,,,,"LINESTRING(114.169234143 22.295546061,114.169368382 22.295574679)",physical,106783,10256,10263,true,ID_021939,1,-99,51095,<=101 vertices; endpoints exact,m,unknown,unknown
313782,10257,10270,1,1,94.226387,,,,,1,,,,"LINESTRING(114.169234161 22.308868398,114.169411455 22.309569288,114.169514924 22.309578279,114.169551604 22.309580177)",physical,106891,10257,10270,true,ID_024573,1,BATTERY STREET,10046,<=101 vertices; endpoints exact,m,unknown,unknown
310974,10257,10277,1,1,43.93615,,,,,1,,,,"LINESTRING(114.169234161 22.308868398,114.169470434 22.308810268,114.169644254 22.308760009)",physical,105487,10257,10277,true,ID_024558,3,KANSU STREET,10966,<=101 vertices; endpoints exact,m,unknown,unknown
310883,10258,10251,1,-1,6.978818,,,,,1,,,,"LINESTRING(114.169263168 22.305480057,114.169197064 22.305493779)",physical,105441,10251,10258,true,ID_012898,1,JORDAN ROAD,10904,<=101 vertices; endpoints exact,m,unknown,unknown
310880,10258,10260,1,1,3.633383,,,,,1,,,,"LINESTRING(114.169263168 22.305480057,114.169297618 22.305473054)",physical,105440,10258,10260,true,ID_027610,1,JORDAN ROAD,10904,<=101 vertices; endpoints exact,m,unknown,unknown
313480,10258,10266,1,1,79.082367,,,,,1,,,,"LINESTRING(114.169263168 22.305480057,114.169421107 22.306178934)",physical,106740,10258,10266,true,ID_010666,3,SHANGHAI STREET,11984,<=101 vertices; endpoints exact,m,unknown,unknown
310970,10259,10265,1,1,58.64849,,,,,1,,,,"LINESTRING(114.169279739 22.311171444,114.169375503 22.310649362)",physical,105485,10259,10265,true,ID_011393,3,RECLAMATION STREET,11810,<=101 vertices; endpoints exact,m,unknown,unknown
310930,10259,10274,1,1,35.239603,,,,,1,,,,"LINESTRING(114.169279739 22.311171444,114.169618560 22.311214837)",physical,105465,10259,10274,true,ID_029494,1,HI LUNG LANE,10700,<=101 vertices; endpoints exact,m,unknown,unknown
310881,10260,10258,1,-1,3.633383,,,,,1,,,,"LINESTRING(114.169297618 22.305473054,114.169263168 22.305480057)",physical,105440,10258,10260,true,ID_027610,1,JORDAN ROAD,10904,<=101 vertices; endpoints exact,m,unknown,unknown
310878,10260,10280,1,1,49.810762,,,,,1,,,,"LINESTRING(114.169297618 22.305473054,114.169333075 22.305404616,114.169722395 22.305312291)",physical,105439,10260,10280,true,ID_027609,3,JORDAN ROAD,10904,<=101 vertices; endpoints exact,m,unknown,unknown
310890,10261,10255,1,1,7.191277,,,,,1,,,,"LINESTRING(114.169301299 22.303092063,114.169231663 22.303087747)",physical,105445,10261,10255,true,ID_012930,1,AUSTIN ROAD,10037,<=101 vertices; endpoints exact,m,unknown,unknown
309460,10261,10302,1,1,93.295638,,,,,1,,,,"LINESTRING(114.169301299 22.303092063,114.169331681 22.303062138,114.170117455 22.303109103,114.170175825 22.303151102)",physical,104730,10261,10302,true,ID_08362,3,AUSTIN ROAD,10037,<=101 vertices; endpoints exact,m,unknown,unknown
10000133,10262,66,1,1,,,,,,0,,,,"LINESTRING(114.169326458 22.307524285,114.169044630 22.307262233)",nonphysical_zone_access_in,,,,false,,,,,straight display only,not routable,not routable,not routable
310596,10262,10233,1,1,44.387028,,,,,1,,,,"LINESTRING(114.169326458 22.307524285,114.168906724 22.307614485)",physical,105298,10262,10233,true,ID_09831,3,SAIGON STREET,11868,<=101 vertices; endpoints exact,m,unknown,unknown
310600,10262,10247,1,1,71.689576,,,,,1,,,,"LINESTRING(114.169326458 22.307524285,114.169161553 22.306895332)",physical,105300,10262,10247,true,ID_09873,3,RECLAMATION STREET,11810,<=101 vertices; endpoints exact,m,unknown,unknown
310550,10263,10253,1,1,73.89272,,,,,1,,,,"LINESTRING(114.169368382 22.295574679,114.169262516 22.295988935,114.169211227 22.296225659)",physical,105275,10263,10253,true,ID_013496,3,CANTON ROAD,10115,<=101 vertices; endpoints exact,m,unknown,unknown
313567,10263,10256,1,-1,14.19127,,,,,1,,,,"LINESTRING(114.169368382 22.295574679,114.169234143 22.295546061)",physical,106783,10256,10263,true,ID_021939,1,-99,51095,<=101 vertices; endpoints exact,m,unknown,unknown
314368,10264,10272,1,1,75.792665,,,,,1,,,,"LINESTRING(114.169370224 22.298768831,114.169588177 22.298115116)",physical,107184,10264,10272,true,ID_018265,3,KOWLOON PARK DRIVE,11064,<=101 vertices; endpoints exact,m,unknown,unknown
10000087,10265,43,1,1,,,,,,0,,,,"LINESTRING(114.169375503 22.310649362,114.169600802 22.310635605)",nonphysical_zone_access_in,,,,false,,,,,straight display only,not routable,not routable,not routable
10000163,10265,81,1,1,,,,,,0,,,,"LINESTRING(114.169375503 22.310649362,114.169247201 22.310573068)",nonphysical_zone_access_in,,,,false,,,,,straight display only,not routable,not routable,not routable
310934,10265,10268,1,1,64.923792,,,,,1,,,,"LINESTRING(114.169375503 22.310649362,114.169482092 22.310071510)",physical,105467,10265,10268,true,ID_011355,3,RECLAMATION STREET,11810,<=101 vertices; endpoints exact,m,unknown,unknown
310902,10266,10273,1,1,71.575279,,,,,1,,,,"LINESTRING(114.169421107 22.306178934,114.169597092 22.306804215)",physical,105451,10266,10273,true,ID_013536,3,SHANGHAI STREET,11984,<=101 vertices; endpoints exact,m,unknown,unknown
310626,10267,10239,1,1,44.405758,,,,,1,,,,"LINESTRING(114.169481584 22.308111327,114.169062605 22.308205253)",physical,105313,10267,10239,true,ID_031225,3,PAK HOI STREET,11627,<=101 vertices; endpoints exact,m,unknown,unknown
310594,10267,10262,1,1,66.942021,,,,,1,,,,"LINESTRING(114.169481584 22.308111327,114.169326458 22.307524285)",physical,105297,10267,10262,true,ID_09830,3,RECLAMATION STREET,11810,<=101 vertices; endpoints exact,m,unknown,unknown
309452,10267,10290,1,1,44.925,,,,,1,,,,"LINESTRING(114.169481584 22.308111327,114.169906051 22.308018614)",physical,104726,10267,10290,true,ID_030985,3,PAK HOI STREET,11627,<=101 vertices; endpoints exact,m,unknown,unknown
310972,10268,10236,1,1,53.271724,,,,,1,,,,"LINESTRING(114.169482092 22.310071510,114.169451964 22.310017367,114.169410554 22.309991139,114.169359288 22.309976451,114.169176370 22.309939686,114.169016470 22.309925526)",physical,105486,10268,10236,true,ID_011394,3,PUBLIC SQUARE STREET,11793,<=101 vertices; endpoints exact,m,unknown,unknown
309492,10268,10291,1,1,49.114178,,,,,1,,,,"LINESTRING(114.169482092 22.310071510,114.169514560 22.310049048,114.169555298 22.310035271,114.169602102 22.310033697,114.169944639 22.310079327)",physical,104746,10268,10291,true,ID_014083,3,PUBLIC SQUARE STREET,11793,<=101 vertices; endpoints exact,m,unknown,unknown
313783,10270,10257,1,-1,94.226387,,,,,1,,,,"LINESTRING(114.169551604 22.309580177,114.169514924 22.309578279,114.169411455 22.309569288,114.169234161 22.308868398)",physical,106891,10257,10270,true,ID_024573,1,BATTERY STREET,10046,<=101 vertices; endpoints exact,m,unknown,unknown
310544,10271,10263,1,1,121.424427,,,,,1,,,,"LINESTRING(114.169575466 22.294496119,114.169561860 22.294550814,114.169534458 22.294672869,114.169474665 22.294968555,114.169405755 22.295271082,114.169368382 22.295574679)",physical,105272,10271,10263,true,ID_013495,3,CANTON ROAD,10115,<=101 vertices; endpoints exact,m,unknown,unknown
310102,10272,10292,1,1,123.029995,,,,,1,,,,"LINESTRING(114.169588177 22.298115116,114.169588463 22.298114257,114.169591061 22.298106464,114.169620977 22.298020491,114.169893054 22.297238579,114.169951582 22.297056836)",physical,105051,10272,10292,true,ID_015152,3,KOWLOON PARK DRIVE,11064,<=101 vertices; endpoints exact,m,unknown,unknown
10000135,10273,67,1,1,,,,,,0,,,,"LINESTRING(114.169597092 22.306804215,114.169897926 22.307057272)",nonphysical_zone_access_in,,,,false,,,,,straight display only,not routable,not routable,not routable
10000145,10273,72,1,1,,,,,,0,,,,"LINESTRING(114.169597092 22.306804215,114.169313826 22.306544772)",nonphysical_zone_access_in,,,,false,,,,,straight display only,not routable,not routable,not routable
310900,10273,10283,1,1,70.844296,,,,,1,,,,"LINESTRING(114.169597092 22.306804215,114.169755559 22.307426758)",physical,105450,10273,10283,true,ID_013535,3,SHANGHAI STREET,11984,<=101 vertices; endpoints exact,m,unknown,unknown
309436,10273,10294,1,1,48.013571,,,,,1,,,,"LINESTRING(114.169597092 22.306804215,114.170047542 22.306693221)",physical,104718,10273,10294,true,ID_029367,3,NING PO STREET,11545,<=101 vertices; endpoints exact,m,unknown,unknown
310931,10274,10259,1,-1,35.239603,,,,,1,,,,"LINESTRING(114.169618560 22.311214837,114.169279739 22.311171444)",physical,105465,10259,10274,true,ID_029494,1,HI LUNG LANE,10700,<=101 vertices; endpoints exact,m,unknown,unknown
310582,10275,10281,1,1,122.419181,,,,,1,,,,"LINESTRING(114.169637264 22.304261019,114.169650780 22.304199719,114.169669364 22.304149421,114.169733266 22.303161453)",physical,105291,10275,10281,true,ID_017298,3,TEMPLE STREET,12343,<=101 vertices; endpoints exact,m,unknown,unknown
309446,10275,10299,1,1,49.516777,,,,,1,,,,"LINESTRING(114.169637264 22.304261019,114.170117325 22.304281305)",physical,104723,10275,10299,true,ID_022999,3,BOWRING STREET,10078,<=101 vertices; endpoints exact,m,unknown,unknown
310966,10276,10248,1,1,47.584036,,,,,1,,,,"LINESTRING(114.169643417 22.311713194,114.169187557 22.311644357)",physical,105483,10276,10248,true,ID_033750,3,MAN MING LANE,11377,<=101 vertices; endpoints exact,m,unknown,unknown
311106,10276,10269,1,1,54.668878,,,,,1,,,,"LINESTRING(114.169643417 22.311713194,114.169549651 22.312199116)",physical,105553,10276,10269,true,ID_011289,3,SHANGHAI STREET,11984,<=101 vertices; endpoints exact,m,unknown,unknown
310978,10277,10267,1,1,73.761147,,,,,1,,,,"LINESTRING(114.169644254 22.308760009,114.169481584 22.308111327)",physical,105489,10277,10267,true,ID_016692,3,RECLAMATION STREET,11810,<=101 vertices; endpoints exact,m,unknown,unknown
309516,10277,10287,1,1,22.215633,,,,,1,,,,"LINESTRING(114.169644254 22.308760009,114.169786899 22.308726087,114.169853664 22.308712351)",physical,104758,10277,10287,true,ID_016694,3,KANSU STREET,10966,<=101 vertices; endpoints exact,m,unknown,unknown
314370,10278,10217,1,1,265.444671,,,,,1,,,,"LINESTRING(114.169674396 22.298139725,114.169543278 22.298524166,114.169468972 22.298762355,114.169377422 22.299068257,114.169324749 22.299199884,114.169281136 22.299298757,114.169249825 22.299366695,114.169212708 22.299439142,114.169164736 22.299517112,114.169082737 22.299626234,114.168988198 22.299749777,114.168817368 22.299966150,114.168587242 22.300217942,114.168537304 22.300243460)",physical,107185,10278,10217,true,ID_010485,3,KOWLOON PARK DRIVE,11064,<=101 vertices; endpoints exact,m,unknown,unknown
10000157,10279,78,1,1,,,,,,0,,,,"LINESTRING(114.169694656 22.305425910,114.169795725 22.305738506)",nonphysical_zone_access_in,,,,false,,,,,straight display only,not routable,not routable,not routable
376308,10279,10260,1,1,42.809222,,,,,1,,,,"LINESTRING(114.169694656 22.305425910,114.169692699 22.305426340,114.169360817 22.305503767,114.169297618 22.305473054)",physical,138154,10279,10260,true,ID_027617,3,JORDAN ROAD,10904,<=101 vertices; endpoints exact,m,unknown,unknown
376310,10279,10288,1,1,74.425915,,,,,1,,,,"LINESTRING(114.169694656 22.305425910,114.169865694 22.306078906)",physical,138155,10279,10288,true,ID_017297,3,TEMPLE STREET,12343,<=101 vertices; endpoints exact,m,unknown,unknown
310616,10280,10275,1,1,118.039293,,,,,1,,,,"LINESTRING(114.169722395 22.305312291,114.169598564 22.304829311,114.169637264 22.304261019)",physical,105308,10280,10275,true,ID_017290,3,TEMPLE STREET,12343,<=101 vertices; endpoints exact,m,unknown,unknown
309420,10280,10304,1,1,48.415569,,,,,1,,,,"LINESTRING(114.169722395 22.305312291,114.170181706 22.305220114)",physical,104710,10280,10304,true,ID_011234,3,JORDAN ROAD,10904,<=101 vertices; endpoints exact,m,unknown,unknown
10000015,10281,7,1,1,,,,,,0,,,,"LINESTRING(114.169733266 22.303161453,114.169453985 22.303685471)",nonphysical_zone_access_in,,,,false,,,,,straight display only,not routable,not routable,not routable
10000017,10281,8,1,1,,,,,,0,,,,"LINESTRING(114.169733266 22.303161453,114.169940820 22.303716072)",nonphysical_zone_access_in,,,,false,,,,,straight display only,not routable,not routable,not routable
310892,10281,10261,1,1,47.78636,,,,,1,,,,"LINESTRING(114.169733266 22.303161453,114.169326073 22.303138617,114.169301299 22.303092063)",physical,105446,10281,10261,true,ID_012931,3,AUSTIN ROAD,10037,<=101 vertices; endpoints exact,m,unknown,unknown
310928,10282,10276,1,1,55.614,,,,,1,,,,"LINESTRING(114.169735710 22.311218362,114.169643417 22.311713194)",physical,105464,10282,10276,true,ID_011354,3,SHANGHAI STREET,11984,<=101 vertices; endpoints exact,m,unknown,unknown
10000109,10283,54,1,1,,,,,,0,,,,"LINESTRING(114.169755559 22.307426758,114.170038832 22.307665094)",nonphysical_zone_access_in,,,,false,,,,,straight display only,not routable,not routable,not routable
310598,10283,10262,1,1,45.51358,,,,,1,,,,"LINESTRING(114.169755559 22.307426758,114.169326458 22.307524285)",physical,105299,10283,10262,true,ID_09872,3,SAIGON STREET,11868,<=101 vertices; endpoints exact,m,unknown,unknown
309472,10283,10290,1,1,67.34835,,,,,1,,,,"LINESTRING(114.169755559 22.307426758,114.169906051 22.308018614)",physical,104736,10283,10290,true,ID_014081,3,SHANGHAI STREET,11984,<=101 vertices; endpoints exact,m,unknown,unknown
309428,10283,10306,1,1,47.629243,,,,,1,,,,"LINESTRING(114.169755559 22.307426758,114.170204512 22.307324341)",physical,104714,10283,10306,true,ID_08323,3,SAIGON STREET,11868,<=101 vertices; endpoints exact,m,unknown,unknown
309518,10284,10282,1,1,50.488319,,,,,1,,,,"LINESTRING(114.169817725 22.310768854,114.169735710 22.311218362)",physical,104759,10284,10282,true,ID_014115,3,SHANGHAI STREET,11984,<=101 vertices; endpoints exact,m,unknown,unknown
309480,10285,10265,1,1,50.473162,,,,,1,,,,"LINESTRING(114.169842067 22.310643627,114.169767718 22.310693007,114.169719727 22.310702159,114.169666870 22.310701274,114.169375503 22.310649362)",physical,104740,10285,10265,true,ID_023376,3,WING SING LANE,12742,<=101 vertices; endpoints exact,m,unknown,unknown
319846,10285,10284,1,1,14.091966,,,,,1,,,,"LINESTRING(114.169842067 22.310643627,114.169817725 22.310768854)",physical,109923,10285,10284,true,ID_010128,3,SHANGHAI STREET,11984,<=101 vertices; endpoints exact,m,unknown,unknown
10000025,10286,12,1,1,,,,,,0,,,,"LINESTRING(114.169849414 22.297036877,114.169735437 22.296843115)",nonphysical_zone_access_in,,,,false,,,,,straight display only,not routable,not routable,not routable
622988,10286,10292,1,1,10.757464,,,,,1,,,,"LINESTRING(114.169849414 22.297036877,114.169951582 22.297056836)",physical,261494,10286,10292,true,ID_015175,3,<Null>,<Null>,<=101 vertices; endpoints exact,m,unknown,unknown
10000097,10287,48,1,1,,,,,,0,,,,"LINESTRING(114.169853664 22.308712351,114.169798905 22.308398455)",nonphysical_zone_access_in,,,,false,,,,,straight display only,not routable,not routable,not routable
309514,10287,10296,1,1,24.36691,,,,,1,,,,"LINESTRING(114.169853664 22.308712351,114.169980338 22.308698845,114.170086462 22.308675766)",physical,104757,10287,10296,true,ID_016693,3,KANSU STREET,10966,<=101 vertices; endpoints exact,m,unknown,unknown
10000147,10288,73,1,1,,,,,,0,,,,"LINESTRING(114.169865694 22.306078906,114.169727448 22.306436903)",nonphysical_zone_access_in,,,,false,,,,,straight display only,not routable,not routable,not routable
309438,10288,10294,1,1,70.559244,,,,,1,,,,"LINESTRING(114.169865694 22.306078906,114.170047542 22.306693221)",physical,104719,10288,10294,true,ID_017296,3,TEMPLE STREET,12343,<=101 vertices; endpoints exact,m,unknown,unknown
10000165,10289,82,1,1,,,,,,0,,,,"LINESTRING(114.169887129 22.311759881,114.169881409 22.311884212)",nonphysical_zone_access_in,,,,false,,,,,straight display only,not routable,not routable,not routable
309498,10289,10276,1,1,25.637527,,,,,1,,,,"LINESTRING(114.169887129 22.311759881,114.169643417 22.311713194)",physical,104749,10289,10276,true,ID_033809,3,MAN MING LANE,11377,<=101 vertices; endpoints exact,m,unknown,unknown
10000107,10290,53,1,1,,,,,,0,,,,"LINESTRING(114.169906051 22.308018614,114.169638892 22.307771609)",nonphysical_zone_access_in,,,,false,,,,,straight display only,not routable,not routable,not routable
309474,10290,10296,1,1,75.10621,,,,,1,,,,"LINESTRING(114.169906051 22.308018614,114.170086462 22.308675766)",physical,104737,10290,10296,true,ID_014082,3,SHANGHAI STREET,11984,<=101 vertices; endpoints exact,m,unknown,unknown
309510,10291,10285,1,1,63.374867,,,,,1,,,,"LINESTRING(114.169944639 22.310079327,114.169842067 22.310643627)",physical,104755,10291,10285,true,ID_014086,3,SHANGHAI STREET,11984,<=101 vertices; endpoints exact,m,unknown,unknown
309508,10291,10319,1,1,49.302802,,,,,1,,,,"LINESTRING(114.169944639 22.310079327,114.170008219 22.310088574,114.170413683 22.310167075)",physical,104754,10291,10319,true,ID_014085,3,PUBLIC SQUARE STREET,11793,<=101 vertices; endpoints exact,m,unknown,unknown
309266,10292,10303,1,1,90.859228,,,,,1,,,,"LINESTRING(114.169951582 22.297056836,114.170005840 22.296882017,114.170148439 22.296408986,114.170181476 22.296264971)",physical,104633,10292,10303,true,ID_015153,3,KOWLOON PARK DRIVE,11064,<=101 vertices; endpoints exact,m,unknown,unknown
310104,10293,10278,1,1,108.454291,,,,,1,,,,"LINESTRING(114.169997632 22.297207649,114.169712451 22.298029806,114.169675254 22.298137042,114.169674396 22.298139725)",physical,105052,10293,10278,true,ID_012544,3,KOWLOON PARK DRIVE,11064,<=101 vertices; endpoints exact,m,unknown,unknown
309432,10294,10321,1,1,43.822471,,,,,1,,,,"LINESTRING(114.170047542 22.306693221,114.170460430 22.306598308)",physical,104716,10294,10321,true,ID_029366,3,NING PO STREET,11545,<=101 vertices; endpoints exact,m,unknown,unknown
10000093,10295,46,1,1,,,,,,0,,,,"LINESTRING(114.170055179 22.309525447,114.169787375 22.309404064)",nonphysical_zone_access_in,,,,false,,,,,straight display only,not routable,not routable,not routable
309512,10295,10291,1,1,62.382254,,,,,1,,,,"LINESTRING(114.170055179 22.309525447,114.169944639 22.310079327)",physical,104756,10295,10291,true,ID_014087,3,SHANGHAI STREET,11984,<=101 vertices; endpoints exact,m,unknown,unknown
309520,10295,10332,1,1,59.329156,,,,,1,,,,"LINESTRING(114.170055179 22.309525447,114.170342754 22.309580264,114.170620653 22.309626250)",physical,104760,10295,10332,true,ID_029384,3,MARKET STREET,11399,<=101 vertices; endpoints exact,m,unknown,unknown
310376,10296,10301,1,1,44.128918,,,,,1,,,,"LINESTRING(114.170086462 22.308675766,114.170123835 22.308808572,114.170146306 22.308941805,114.170147183 22.308978224,114.170147967 22.309010744,114.170146062 22.309034552,114.170143386 22.309067993)",physical,105188,10296,10301,true,ID_012621,3,SHANGHAI STREET,11984,<=101 vertices; endpoints exact,m,unknown,unknown
309450,10296,10324,1,1,45.603994,,,,,1,,,,"LINESTRING(114.170086462 22.308675766,114.170517524 22.308582360)",physical,104725,10296,10324,true,ID_08361,3,KANSU STREET,10966,<=101 vertices; endpoints exact,m,unknown,unknown
309716,10297,10311,1,1,104.797448,,,,,1,,,,"LINESTRING(114.170088649 22.312841761,114.170275167 22.311911425)",physical,104858,10297,10311,true,ID_015125,3,PORTLAND STREET,11777,<=101 vertices; endpoints exact,m,unknown,unknown
10000083,10298,41,1,1,,,,,,0,,,,"LINESTRING(114.170113031 22.311787822,114.170054147 22.311546686)",nonphysical_zone_access_in,,,,false,,,,,straight display only,not routable,not routable,not routable
309496,10298,10289,1,1,23.480605,,,,,1,,,,"LINESTRING(114.170113031 22.311787822,114.169887129 22.311759881)",physical,104748,10298,10289,true,ID_033753,3,MAN MING LANE,11377,<=101 vertices; endpoints exact,m,unknown,unknown
309486,10298,10305,1,1,55.228396,,,,,1,,,,"LINESTRING(114.170113031 22.311787822,114.170201341 22.311295891)",physical,104743,10298,10305,true,ID_016601,3,TEMPLE STREET,12343,<=101 vertices; endpoints exact,m,unknown,unknown
10000019,10299,9,1,1,,,,,,0,,,,"LINESTRING(114.170117325 22.304281305,114.170414816 22.303752125)",nonphysical_zone_access_in,,,,false,,,,,straight display only,not routable,not routable,not routable
309444,10299,10304,1,1,105.557131,,,,,1,,,,"LINESTRING(114.170117325 22.304281305,114.170105166 22.304336487,114.170070988 22.304790332,114.170181706 22.305220114)",physical,104722,10299,10304,true,ID_034322,3,WOOSUNG STREET,12791,<=101 vertices; endpoints exact,m,unknown,unknown
309442,10299,10336,1,1,55.463101,,,,,1,,,,"LINESTRING(114.170117325 22.304281305,114.170654629 22.304311239)",physical,104721,10299,10336,true,ID_022998,3,BOWRING STREET,10078,<=101 vertices; endpoints exact,m,unknown,unknown
310586,10300,10279,1,1,47.506537,,,,,1,,,,"LINESTRING(114.170143334 22.305327191,114.169694656 22.305425910)",physical,105293,10300,10279,true,ID_014347,3,JORDAN ROAD,10904,<=101 vertices; endpoints exact,m,unknown,unknown
309414,10300,10314,1,1,75.856182,,,,,1,,,,"LINESTRING(114.170143334 22.305327191,114.170309282 22.305994588)",physical,104707,10300,10314,true,ID_034320,3,WOOSUNG STREET,12791,<=101 vertices; endpoints exact,m,unknown,unknown
309522,10301,10295,1,1,51.465039,,,,,1,,,,"LINESTRING(114.170143386 22.309067993,114.170115282 22.309217007,114.170055179 22.309525447)",physical,104761,10301,10295,true,ID_014116,3,SHANGHAI STREET,11984,<=101 vertices; endpoints exact,m,unknown,unknown
309464,10302,10281,1,1,46.54395,,,,,1,,,,"LINESTRING(114.170175825 22.303151102,114.170108199 22.303183426,114.169733266 22.303161453)",physical,104732,10302,10281,true,ID_014077,3,AUSTIN ROAD,10037,<=101 vertices; endpoints exact,m,unknown,unknown
309467,10302,10307,1,-1,3.941101,,,,,1,,,,"LINESTRING(114.170175825 22.303151102,114.170213995 22.303153370)",physical,104733,10307,10302,true,ID_014078,1,AUSTIN ROAD,10037,<=101 vertices; endpoints exact,m,unknown,unknown
309904,10303,10253,1,1,102.947253,,,,,1,,,,"LINESTRING(114.170181476 22.296264971,114.170069063 22.296240568,114.169544361 22.296175501,114.169427775 22.296161164,114.169315181 22.296163642,114.169273090 22.296182451,114.169211227 22.296225659)",physical,104952,10303,10253,true,ID_028607,3,PEKING ROAD,11676,<=101 vertices; endpoints exact,m,unknown,unknown
310446,10303,10315,1,1,56.719649,,,,,1,,,,"LINESTRING(114.170181476 22.296264971,114.170231590 22.296096444,114.170250842 22.296020316,114.170287743 22.295880003,114.170306995 22.295817310,114.170339936 22.295778457)",physical,105223,10303,10315,true,ID_012689,3,KOWLOON PARK DRIVE,11064,<=101 vertices; endpoints exact,m,unknown,unknown
10000005,10304,2,1,1,,,,,,0,,,,"LINESTRING(114.170181706 22.305220114,114.169857133 22.304798540)",nonphysical_zone_access_in,,,,false,,,,,straight display only,not routable,not routable,not routable
309422,10304,10329,1,1,41.487526,,,,,1,,,,"LINESTRING(114.170181706 22.305220114,114.170363531 22.305191371,114.170580662 22.305171242)",physical,104711,10304,10329,true,ID_011235,3,JORDAN ROAD,10904,<=101 vertices; endpoints exact,m,unknown,unknown
10000089,10305,44,1,1,,,,,,0,,,,"LINESTRING(114.170201341 22.311295891,114.170108400 22.311033325)",nonphysical_zone_access_in,,,,false,,,,,straight display only,not routable,not routable,not routable
309504,10305,10282,1,1,48.738498,,,,,1,,,,"LINESTRING(114.170201341 22.311295891,114.169735710 22.311218362)",physical,104752,10305,10282,true,ID_029988,3,HI LUNG LANE,10700,<=101 vertices; endpoints exact,m,unknown,unknown
309488,10305,10312,1,1,56.571778,,,,,1,,,,"LINESTRING(114.170201341 22.311295891,114.170299548 22.310793253)",physical,104744,10305,10312,true,ID_016600,3,TEMPLE STREET,12343,<=101 vertices; endpoints exact,m,unknown,unknown
309410,10306,10294,1,1,71.733872,,,,,1,,,,"LINESTRING(114.170204512 22.307324341,114.170047542 22.306693221)",physical,104705,10306,10294,true,ID_017295,3,TEMPLE STREET,12343,<=101 vertices; endpoints exact,m,unknown,unknown
309430,10306,10333,1,1,44.724748,,,,,1,,,,"LINESTRING(114.170204512 22.307324341,114.170626369 22.307229247)",physical,104715,10306,10333,true,ID_08324,3,SAIGON STREET,11868,<=101 vertices; endpoints exact,m,unknown,unknown
309434,10307,10299,1,1,125.297824,,,,,1,,,,"LINESTRING(114.170213995 22.303153370,114.170117325 22.304281305)",physical,104717,10307,10299,true,ID_034321,3,WOOSUNG STREET,12791,<=101 vertices; endpoints exact,m,unknown,unknown
309466,10307,10302,1,1,3.941101,,,,,1,,,,"LINESTRING(114.170213995 22.303153370,114.170175825 22.303151102)",physical,104733,10307,10302,true,ID_014078,1,AUSTIN ROAD,10037,<=101 vertices; endpoints exact,m,unknown,unknown
309469,10307,10309,1,-1,4.197573,,,,,1,,,,"LINESTRING(114.170213995 22.303153370,114.170254602 22.303156395)",physical,104734,10309,10307,true,ID_014079,1,AUSTIN ROAD,10037,<=101 vertices; endpoints exact,m,unknown,unknown
309494,10308,10298,1,1,11.652557,,,,,1,,,,"LINESTRING(114.170224875 22.311803423,114.170113031 22.311787822)",physical,104747,10308,10298,true,ID_033811,3,MAN MING LANE,11377,<=101 vertices; endpoints exact,m,unknown,unknown
309468,10309,10307,1,1,4.197573,,,,,1,,,,"LINESTRING(114.170254602 22.303156395,114.170213995 22.303153370)",physical,104734,10309,10307,true,ID_014079,1,AUSTIN ROAD,10037,<=101 vertices; endpoints exact,m,unknown,unknown
308636,10309,10339,1,1,47.334237,,,,,1,,,,"LINESTRING(114.170254602 22.303156395,114.170307006 22.303119810,114.170644677 22.303140936,114.170682030 22.303179037)",physical,104318,10309,10339,true,ID_08321,3,AUSTIN ROAD,10037,<=101 vertices; endpoints exact,m,unknown,unknown
10000149,10310,74,1,1,,,,,,0,,,,"LINESTRING(114.170267175 22.306002720,114.170154840 22.306340416)",nonphysical_zone_access_in,,,,false,,,,,straight display only,not routable,not routable,not routable
664048,10310,10288,1,1,42.219747,,,,,1,,,,"LINESTRING(114.170267175 22.306002720,114.169865694 22.306078906)",physical,282024,10310,10288,true,ID_024542,3,TEMPLE STREET,12343,<=101 vertices; endpoints exact,m,unknown,unknown
430016,10311,10308,1,1,14.005459,,,,,1,,,,"LINESTRING(114.170275167 22.311911425,114.170259693 22.311869825,114.170263993 22.311837425,114.170224875 22.311803423)",physical,165008,10311,10308,true,ID_033751,3,MAN MING LANE,11377,<=101 vertices; endpoints exact,m,unknown,unknown
309484,10311,10317,1,1,15.278368,,,,,1,,,,"LINESTRING(114.170275167 22.311911425,114.170303971 22.311883426,114.170316869 22.311864227,114.170330197 22.311843427,114.170374008 22.311810572)",physical,104742,10311,10317,true,ID_015273,3,PORTLAND STREET,11777,<=101 vertices; endpoints exact,m,unknown,unknown
10000091,10312,45,1,1,,,,,,0,,,,"LINESTRING(114.170299548 22.310793253,114.170483412 22.310509594)",nonphysical_zone_access_in,,,,false,,,,,straight display only,not routable,not routable,not routable
309490,10312,10284,1,1,51.291854,,,,,1,,,,"LINESTRING(114.170299548 22.310793253,114.169967396 22.310741567,114.169903772 22.310731269,114.169866666 22.310739238,114.169817725 22.310768854)",physical,104745,10312,10284,true,ID_023377,3,WING SING LANE,12742,<=101 vertices; endpoints exact,m,unknown,unknown
309482,10312,10319,1,1,70.329671,,,,,1,,,,"LINESTRING(114.170299548 22.310793253,114.170413683 22.310167075)",physical,104741,10312,10319,true,ID_016599,3,TEMPLE STREET,12343,<=101 vertices; endpoints exact,m,unknown,unknown
309268,10313,10293,1,1,108.785523,,,,,1,,,,"LINESTRING(114.170304491 22.296267712,114.170069749 22.297000250,114.169997632 22.297207649)",physical,104634,10313,10293,true,ID_06127,3,KOWLOON PARK DRIVE,11064,<=101 vertices; endpoints exact,m,unknown,unknown
310442,10313,10315,1,1,56.030039,,,,,1,,,,"LINESTRING(114.170304491 22.296267712,114.170278756 22.296238770,114.170273359 22.296208635,114.170273361 22.296170463,114.170290991 22.296088176,114.170333113 22.295903757,114.170348456 22.295822868,114.170339936 22.295778457)",physical,105221,10313,10315,true,ID_012687,3,KOWLOON PARK DRIVE,11064,<=101 vertices; endpoints exact,m,unknown,unknown
309440,10314,10321,1,1,68.642792,,,,,1,,,,"LINESTRING(114.170309282 22.305994588,114.170460430 22.306598308)",physical,104720,10314,10321,true,ID_034708,3,WOOSUNG STREET,12791,<=101 vertices; endpoints exact,m,unknown,unknown
310076,10315,10318,1,1,26.088544,,,,,1,,,,"LINESTRING(114.170339936 22.295778457,114.170393764 22.295548248)",physical,105038,10315,10318,true,ID_013344,3,KOWLOON PARK DRIVE,11064,<=101 vertices; endpoints exact,m,unknown,unknown
309462,10316,10290,1,1,47.298921,,,,,1,,,,"LINESTRING(114.170351721 22.307916258,114.169906051 22.308018614)",physical,104731,10316,10290,true,ID_031228,3,PAK HOI STREET,11627,<=101 vertices; endpoints exact,m,unknown,unknown
309426,10316,10306,1,1,67.277829,,,,,1,,,,"LINESTRING(114.170351721 22.307916258,114.170204512 22.307324341)",physical,104713,10316,10306,true,ID_017294,3,TEMPLE STREET,12343,<=101 vertices; endpoints exact,m,unknown,unknown
10000079,10317,39,1,1,,,,,,0,,,,"LINESTRING(114.170374008 22.311810572,114.170433000 22.311914800)",nonphysical_zone_access_in,,,,false,,,,,straight display only,not routable,not routable,not routable
430018,10317,10308,1,1,15.659151,,,,,1,,,,"LINESTRING(114.170374008 22.311810572,114.170273883 22.311793425,114.170224875 22.311803423)",physical,165009,10317,10308,true,ID_033752,3,MAN MING LANE,11377,<=101 vertices; endpoints exact,m,unknown,unknown
309476,10317,10350,1,1,46.103166,,,,,1,,,,"LINESTRING(114.170374008 22.311810572,114.170814818 22.311882039)",physical,104738,10317,10350,true,ID_033810,3,MAN MING LANE,11377,<=101 vertices; endpoints exact,m,unknown,unknown
308418,10318,10323,1,1,10.538102,,,,,1,,,,"LINESTRING(114.170393764 22.295548248,114.170493827 22.295528606)",physical,104209,10318,10323,true,ID_019846,3,KOWLOON PARK DRIVE,11064,<=101 vertices; endpoints exact,m,unknown,unknown
310206,10318,10327,1,1,66.074568,,,,,1,,,,"LINESTRING(114.170393764 22.295548248,114.170452566 22.295339590,114.170558304 22.294971536)",physical,105103,10318,10327,true,ID_011862,3,KOWLOON PARK DRIVE,11064,<=101 vertices; endpoints exact,m,unknown,unknown
309506,10319,10338,1,1,27.246222,,,,,1,,,,"LINESTRING(114.170413683 22.310167075,114.170673725 22.310211728)",physical,104753,10319,10338,true,ID_014084,3,PUBLIC SQUARE STREET,11793,<=101 vertices; endpoints exact,m,unknown,unknown
308639,10320,10325,1,-1,82.088554,,,,,1,,,,"LINESTRING(114.170444894 22.297710588,114.170545295 22.296975189)",physical,104319,10325,10320,true,ID_032041,1,ASHLEY ROAD,10034,<=101 vertices; endpoints exact,m,unknown,unknown
309386,10321,10333,1,1,71.928452,,,,,1,,,,"LINESTRING(114.170460430 22.306598308,114.170626369 22.307229247)",physical,104693,10321,10333,true,ID_033731,3,WOOSUNG STREET,12791,<=101 vertices; endpoints exact,m,unknown,unknown
10000085,10322,42,1,1,,,,,,0,,,,"LINESTRING(114.170466069 22.311336617,114.170684303 22.311371482)",nonphysical_zone_access_in,,,,false,,,,,straight display only,not routable,not routable,not routable
309502,10322,10305,1,1,27.646592,,,,,1,,,,"LINESTRING(114.170466069 22.311336617,114.170201341 22.311295891)",physical,104751,10322,10305,true,ID_029495,3,HI LUNG LANE,10700,<=101 vertices; endpoints exact,m,unknown,unknown
309500,10322,10317,1,1,53.333589,,,,,1,,,,"LINESTRING(114.170466069 22.311336617,114.170374008 22.311810572)",physical,104750,10322,10317,true,ID_032038,3,ARTHUR STREET,10032,<=101 vertices; endpoints exact,m,unknown,unknown
310444,10323,10313,1,1,84.196178,,,,,1,,,,"LINESTRING(114.170493827 22.295528606,114.170418508 22.295816231,114.170378075 22.296017781,114.170347203 22.296138042,114.170304491 22.296267712)",physical,105222,10323,10313,true,ID_012688,3,KOWLOON PARK DRIVE,11064,<=101 vertices; endpoints exact,m,unknown,unknown
308266,10323,10343,1,1,23.07604,,,,,1,,,,"LINESTRING(114.170493827 22.295528606,114.170506429 22.295526329,114.170584155 22.295512289,114.170659817 22.295500731,114.170713131 22.295487245)",physical,104133,10323,10343,true,ID_033314,3,MIDDLE ROAD,11425,<=101 vertices; endpoints exact,m,unknown,unknown
309454,10324,10316,1,1,75.713124,,,,,1,,,,"LINESTRING(114.170517524 22.308582360,114.170351721 22.307916258)",physical,104727,10324,10316,true,ID_017293,3,TEMPLE STREET,12343,<=101 vertices; endpoints exact,m,unknown,unknown
309400,10324,10346,1,1,26.052926,,,,,1,,,,"LINESTRING(114.170517524 22.308582360,114.170763154 22.308526540)",physical,104700,10324,10346,true,ID_010497,3,KANSU STREET,10966,<=101 vertices; endpoints exact,m,unknown,unknown
10000027,10325,13,1,1,,,,,,0,,,,"LINESTRING(114.170545295 22.296975189,114.170493561 22.297253399)",nonphysical_zone_access_in,,,,false,,,,,straight display only,not routable,not routable,not routable
308638,10325,10320,1,1,82.088554,,,,,1,,,,"LINESTRING(114.170545295 22.296975189,114.170444894 22.297710588)",physical,104319,10325,10320,true,ID_032041,1,ASHLEY ROAD,10034,<=101 vertices; endpoints exact,m,unknown,unknown
308364,10325,10335,1,1,75.461895,,,,,1,,,,"LINESTRING(114.170545295 22.296975189,114.170537120 22.296941717,114.170533311 22.296893679,114.170551419 22.296734214,114.170609361 22.296364153,114.170631820 22.296302972)",physical,104182,10325,10335,true,ID_032042,3,ASHLEY ROAD,10034,<=101 vertices; endpoints exact,m,unknown,unknown
309478,10326,10312,1,1,26.713843,,,,,1,,,,"LINESTRING(114.170554467 22.310837251,114.170299548 22.310793253)",physical,104739,10326,10312,true,ID_023375,3,WING SING LANE,12742,<=101 vertices; endpoints exact,m,unknown,unknown
309424,10326,10322,1,1,56.042126,,,,,1,,,,"LINESTRING(114.170554467 22.310837251,114.170466069 22.311336617)",physical,104712,10326,10322,true,ID_032036,3,ARTHUR STREET,10032,<=101 vertices; endpoints exact,m,unknown,unknown
309448,10326,10338,1,1,70.348474,,,,,1,,,,"LINESTRING(114.170554467 22.310837251,114.170673725 22.310211728)",physical,104724,10326,10338,true,ID_032037,3,ARTHUR STREET,10032,<=101 vertices; endpoints exact,m,unknown,unknown
309418,10328,10300,1,1,45.206019,,,,,1,,,,"LINESTRING(114.170579230 22.305288197,114.170464517 22.305291335,114.170319816 22.305299312,114.170143334 22.305327191)",physical,104709,10328,10300,true,ID_010501,3,JORDAN ROAD,10904,<=101 vertices; endpoints exact,m,unknown,unknown
10000007,10329,3,1,1,,,,,,0,,,,"LINESTRING(114.170580662 22.305171242,114.170367198 22.304758335)",nonphysical_zone_access_in,,,,false,,,,,straight display only,not routable,not routable,not routable
309384,10329,10336,1,1,95.536379,,,,,1,,,,"LINESTRING(114.170580662 22.305171242,114.170654629 22.304311239)",physical,104692,10329,10336,true,ID_034751,3,PARKES STREET,11659,<=101 vertices; endpoints exact,m,unknown,unknown
309078,10329,10358,1,1,51.92908,,,,,1,,,,"LINESTRING(114.170580662 22.305171242,114.170893478 22.305176225,114.171083626 22.305194039)",physical,104539,10329,10358,true,ID_09050,3,JORDAN ROAD,10904,<=101 vertices; endpoints exact,m,unknown,unknown
332240,10330,10341,1,1,11.230672,,,,,1,,,,"LINESTRING(114.170588212 22.309375376,114.170694950 22.309395916)",physical,116120,10330,10341,true,ID_016602,1,TEMPLE STREET,12343,<=101 vertices; endpoints exact,m,unknown,unknown
319696,10331,10323,1,1,33.679577,,,,,1,,,,"LINESTRING(114.170592661 22.295241320,114.170565468 22.295276248,114.170493827 22.295528606)",physical,109848,10331,10323,true,ID_013603,3,KOWLOON PARK DRIVE,11064,<=101 vertices; endpoints exact,m,unknown,unknown
308298,10331,10334,1,1,21.126988,,,,,1,,,,"LINESTRING(114.170592661 22.295241320,114.170614447 22.295281658,114.170599502 22.295337278,114.170599558 22.295361236,114.170603294 22.295388552,114.170628106 22.295417229)",physical,104149,10331,10334,true,ID_018876,3,MIDDLE ROAD,11425,<=101 vertices; endpoints exact,m,unknown,unknown
332238,10332,10341,1,1,27.393473,,,,,1,,,,"LINESTRING(114.170620653 22.309626250,114.170660612 22.309585333,114.170694950 22.309395916)",physical,116119,10332,10341,true,ID_016620,3,TEMPLE STREET,12343,<=101 vertices; endpoints exact,m,unknown,unknown
10000111,10333,55,1,1,,,,,,0,,,,"LINESTRING(114.170626369 22.307229247,114.170852412 22.307482271)",nonphysical_zone_access_in,,,,false,,,,,straight display only,not routable,not routable,not routable
10000137,10333,68,1,1,,,,,,0,,,,"LINESTRING(114.170626369 22.307229247,114.170384805 22.306971748)",nonphysical_zone_access_in,,,,false,,,,,straight display only,not routable,not routable,not routable
309396,10333,10348,1,1,68.092589,,,,,1,,,,"LINESTRING(114.170626369 22.307229247,114.170780461 22.307827214)",physical,104698,10333,10348,true,ID_033732,3,WOOSUNG STREET,12791,<=101 vertices; endpoints exact,m,unknown,unknown
309080,10333,10356,1,1,46.591924,,,,,1,,,,"LINESTRING(114.170626369 22.307229247,114.171065598 22.307129267)",physical,104540,10333,10356,true,ID_09051,3,SAIGON STREET,11868,<=101 vertices; endpoints exact,m,unknown,unknown
654326,10334,10343,1,1,11.701602,,,,,1,,,,"LINESTRING(114.170628106 22.295417229,114.170629019 22.295418283,114.170713131 22.295487245)",physical,277163,10334,10343,true,ID_019008,3,MIDDLE ROAD,11425,<=101 vertices; endpoints exact,m,unknown,unknown
308366,10335,10313,1,1,33.955262,,,,,1,,,,"LINESTRING(114.170631820 22.296302972,114.170304491 22.296267712)",physical,104183,10335,10313,true,ID_09639,3,PEKING ROAD,11676,<=101 vertices; endpoints exact,m,unknown,unknown
308372,10336,10344,1,1,125.293894,,,,,1,,,,"LINESTRING(114.170654629 22.304311239,114.170727759 22.303181807)",physical,104186,10336,10344,true,ID_034750,3,PARKES STREET,11659,<=101 vertices; endpoints exact,m,unknown,unknown
309612,10337,10350,1,1,117.706159,,,,,1,,,,"LINESTRING(114.170665943 22.312921658,114.170626865 22.312836659,114.170814818 22.311882039)",physical,104806,10337,10350,true,ID_011782,3,NATHAN ROAD,11504,<=101 vertices; endpoints exact,m,unknown,unknown
309930,10338,10357,1,1,42.112815,,,,,1,,,,"LINESTRING(114.170673725 22.310211728,114.171076808 22.310274671)",physical,104965,10338,10357,true,ID_014946,3,PUBLIC SQUARE STREET,11793,<=101 vertices; endpoints exact,m,unknown,unknown
309470,10339,10309,1,1,47.081078,,,,,1,,,,"LINESTRING(114.170682030 22.303179037,114.170636719 22.303214392,114.170298627 22.303192797,114.170254602 22.303156395)",physical,104735,10339,10309,true,ID_014080,3,AUSTIN ROAD,10037,<=101 vertices; endpoints exact,m,unknown,unknown
308585,10339,10344,1,-1,4.721858,,,,,1,,,,"LINESTRING(114.170682030 22.303179037,114.170727759 22.303181807)",physical,104292,10344,10339,true,ID_010632,1,AUSTIN ROAD,10037,<=101 vertices; endpoints exact,m,unknown,unknown
310210,10340,10331,1,1,59.908561,,,,,1,,,,"LINESTRING(114.170685446 22.294718991,114.170714086 22.294792659,114.170592661 22.295241320)",physical,105105,10340,10331,true,ID_011863,3,KOWLOON PARK DRIVE,11064,<=101 vertices; endpoints exact,m,unknown,unknown
332241,10341,10330,1,-1,11.230672,,,,,1,,,,"LINESTRING(114.170694950 22.309395916,114.170588212 22.309375376)",physical,116120,10330,10341,true,ID_016602,1,TEMPLE STREET,12343,<=101 vertices; endpoints exact,m,unknown,unknown
310372,10341,10349,1,1,71.804038,,,,,1,,,,"LINESTRING(114.170694950 22.309395916,114.170741651 22.309138303,114.170742622 22.309132696,114.170747175 22.309106384,114.170752388 22.309076255,114.170791626 22.308861273,114.170782663 22.308755326)",physical,105186,10341,10349,true,ID_017291,3,TEMPLE STREET,12343,<=101 vertices; endpoints exact,m,unknown,unknown
664050,10342,10314,1,1,41.663403,,,,,1,,,,"LINESTRING(114.170701779 22.305904176,114.170309282 22.305994588)",physical,282025,10342,10314,true,ID_024543,3,WOOSUNG STREET,12791,<=101 vertices; endpoints exact,m,unknown,unknown
308296,10343,10335,1,1,90.883128,,,,,1,,,,"LINESTRING(114.170713131 22.295487245,114.170700454 22.295614421,114.170680176 22.295687941,114.170649227 22.295982788,114.170649989 22.296089918,114.170631820 22.296302972)",physical,104148,10343,10335,true,ID_032040,3,ASHLEY ROAD,10034,<=101 vertices; endpoints exact,m,unknown,unknown
308284,10343,10366,1,1,55.20413,,,,,1,,,,"LINESTRING(114.170713131 22.295487245,114.171244517 22.295550516)",physical,104142,10343,10366,true,ID_033315,3,MIDDLE ROAD,11425,<=101 vertices; endpoints exact,m,unknown,unknown
308584,10344,10339,1,1,4.721858,,,,,1,,,,"LINESTRING(114.170727759 22.303181807,114.170682030 22.303179037)",physical,104292,10344,10339,true,ID_010632,1,AUSTIN ROAD,10037,<=101 vertices; endpoints exact,m,unknown,unknown
308581,10344,10347,1,-1,4.349362,,,,,1,,,,"LINESTRING(114.170727759 22.303181807,114.170769770 22.303185614)",physical,104290,10347,10344,true,ID_010630,1,AUSTIN ROAD,10037,<=101 vertices; endpoints exact,m,unknown,unknown
10000159,10345,79,1,1,,,,,,0,,,,"LINESTRING(114.170762803 22.305914568,114.170864892 22.305580688)",nonphysical_zone_access_in,,,,false,,,,,straight display only,not routable,not routable,not routable
309076,10345,10328,1,1,71.893802,,,,,1,,,,"LINESTRING(114.170762803 22.305914568,114.170579230 22.305288197)",physical,104538,10345,10328,true,ID_034514,3,PARKES STREET,11659,<=101 vertices; endpoints exact,m,unknown,unknown
309070,10345,10380,1,1,79.369936,,,,,1,,,,"LINESTRING(114.170762803 22.305914568,114.170860177 22.305894092,114.171527619 22.305953213)",physical,104535,10345,10380,true,ID_07014,3,NANKING STREET,11502,<=101 vertices; endpoints exact,m,unknown,unknown
10000099,10346,49,1,1,,,,,,0,,,,"LINESTRING(114.170763154 22.308526540,114.170650434 22.308203364)",nonphysical_zone_access_in,,,,false,,,,,straight display only,not routable,not routable,not routable
309402,10346,10352,1,1,20.048216,,,,,1,,,,"LINESTRING(114.170763154 22.308526540,114.170951892 22.308482535)",physical,104701,10346,10352,true,ID_010498,3,KANSU STREET,10966,<=101 vertices; endpoints exact,m,unknown,unknown
308580,10347,10344,1,1,4.349362,,,,,1,,,,"LINESTRING(114.170769770 22.303185614,114.170727759 22.303181807)",physical,104290,10347,10344,true,ID_010630,1,AUSTIN ROAD,10037,<=101 vertices; endpoints exact,m,unknown,unknown
308456,10347,10390,1,1,99.554922,,,,,1,,,,"LINESTRING(114.170769770 22.303185614,114.170815741 22.303150433,114.171658385 22.303202993,114.171690775 22.303252305)",physical,104228,10347,10390,true,ID_010935,3,AUSTIN ROAD,10037,<=101 vertices; endpoints exact,m,unknown,unknown
10000101,10348,50,1,1,,,,,,0,,,,"LINESTRING(114.170780461 22.307827214,114.171071549 22.308065772)",nonphysical_zone_access_in,,,,false,,,,,straight display only,not routable,not routable,not routable
309392,10348,10316,1,1,45.263429,,,,,1,,,,"LINESTRING(114.170780461 22.307827214,114.170351721 22.307916258)",physical,104696,10348,10316,true,ID_031226,3,PAK HOI STREET,11627,<=101 vertices; endpoints exact,m,unknown,unknown
309406,10348,10352,1,1,74.685488,,,,,1,,,,"LINESTRING(114.170780461 22.307827214,114.170951892 22.308482535)",physical,104703,10348,10352,true,ID_034319,3,WOOSUNG STREET,12791,<=101 vertices; endpoints exact,m,unknown,unknown
310374,10349,10301,1,1,103.589968,,,,,1,,,,"LINESTRING(114.170782663 22.308755326,114.170751685 22.308713323,114.170738710 22.308698233,114.170719659 22.308682248,114.170696600 22.308666344,114.170674667 22.308654242,114.170654490 22.308647288,114.170630713 22.308641327,114.170608449 22.308639339,114.170583555 22.308639338,114.170559457 22.308642318,114.170270460 22.308703978,114.170241410 22.308713518,114.170217485 22.308730212,114.170207031 22.308742800,114.170199592 22.308762873,114.170192098 22.308800828,114.170179916 22.308969958,114.170175194 22.308982629,114.170155278 22.309036081,114.170143386 22.309067993)",physical,105187,10349,10301,true,ID_023782,3,-99,46421,<=101 vertices; endpoints exact,m,unknown,unknown
309398,10349,10346,1,1,26.284139,,,,,1,,,,"LINESTRING(114.170782663 22.308755326,114.170765691 22.308695254,114.170751688 22.308654245,114.170745604 22.308628228,114.170740558 22.308598246,114.170742724 22.308577286,114.170763154 22.308526540)",physical,104699,10349,10346,true,ID_017292,3,TEMPLE STREET,12343,<=101 vertices; endpoints exact,m,unknown,unknown
309408,10350,10353,1,1,109.154152,,,,,1,,,,"LINESTRING(114.170814818 22.311882039,114.170995920 22.310910821)",physical,104704,10350,10353,true,ID_010500,3,NATHAN ROAD,11504,<=101 vertices; endpoints exact,m,unknown,unknown
10000151,10351,75,1,1,,,,,,0,,,,"LINESTRING(114.170897493 22.306498329,114.170949688 22.306225142)",nonphysical_zone_access_in,,,,false,,,,,straight display only,not routable,not routable,not routable
309162,10351,10321,1,1,46.375344,,,,,1,,,,"LINESTRING(114.170897493 22.306498329,114.170460430 22.306598308)",physical,104581,10351,10321,true,ID_029610,3,NING PO STREET,11545,<=101 vertices; endpoints exact,m,unknown,unknown
309114,10351,10345,1,1,66.220959,,,,,1,,,,"LINESTRING(114.170897493 22.306498329,114.170765469 22.305974144,114.170762803 22.305914568)",physical,104557,10351,10345,true,ID_05858,3,PARKES STREET,11659,<=101 vertices; endpoints exact,m,unknown,unknown
309404,10352,10370,1,1,39.640673,,,,,1,,,,"LINESTRING(114.170951892 22.308482535,114.171177238 22.308431649,114.171326010 22.308399083)",physical,104702,10352,10370,true,ID_010499,3,KANSU STREET,10966,<=101 vertices; endpoints exact,m,unknown,unknown
309388,10353,10326,1,1,46.20918,,,,,1,,,,"LINESTRING(114.170995920 22.310910821,114.170554467 22.310837251)",physical,104694,10353,10326,true,ID_023311,3,WING SING LANE,12742,<=101 vertices; endpoints exact,m,unknown,unknown
309928,10353,10357,1,1,71.047582,,,,,1,,,,"LINESTRING(114.170995920 22.310910821,114.171044324 22.310678047,114.171051443 22.310600040,114.171076808 22.310274671)",physical,104964,10353,10357,true,ID_014945,3,NATHAN ROAD,11504,<=101 vertices; endpoints exact,m,unknown,unknown
309916,10354,10230,1,1,231.489865,,,,,1,,,,"LINESTRING(114.171043229 22.298120403,114.169920387 22.298050980,114.169712451 22.298029806,114.169620977 22.298020491,114.169588789 22.298017213,114.169220199 22.297994600,114.169032017 22.297988529,114.168932419 22.297998234,114.168864552 22.298018509,114.168811628 22.298041683)",physical,104958,10354,10230,true,ID_017697,3,HAIPHONG ROAD,10637,<=101 vertices; endpoints exact,m,unknown,unknown
308438,10354,10360,1,1,120.352247,,,,,1,,,,"LINESTRING(114.171043229 22.298120403,114.171077745 22.297686990,114.171099832 22.297399401,114.171120223 22.297035964)",physical,104219,10354,10360,true,ID_08406,3,HANKOW ROAD,10656,<=101 vertices; endpoints exact,m,unknown,unknown
309644,10355,10337,1,1,195.007238,,,,,1,,,,"LINESTRING(114.171055077 22.311213762,114.170986472 22.311561242,114.170916636 22.311920287,114.170739108 22.312849016,114.170665943 22.312921658)",physical,104822,10355,10337,true,ID_013761,3,NATHAN ROAD,11504,<=101 vertices; endpoints exact,m,unknown,unknown
10000139,10356,69,1,1,,,,,,0,,,,"LINESTRING(114.171065598 22.307129267,114.170991518 22.306820559)",nonphysical_zone_access_in,,,,false,,,,,straight display only,not routable,not routable,not routable
309326,10356,10351,1,1,71.981796,,,,,1,,,,"LINESTRING(114.171065598 22.307129267,114.170897493 22.306498329)",physical,104663,10356,10351,true,ID_034749,3,PARKES STREET,11659,<=101 vertices; endpoints exact,m,unknown,unknown
309184,10357,10355,1,1,108.082414,,,,,1,,,,"LINESTRING(114.171076808 22.310274671,114.171102606 22.310283313,114.171121178 22.310293876,114.171139752 22.310326522,114.171138718 22.310374529,114.171136651 22.310467663,114.171121165 22.310619368,114.171047978 22.311058215,114.171055077 22.311213762)",physical,104592,10357,10355,true,ID_06638,3,NATHAN ROAD,11504,<=101 vertices; endpoints exact,m,unknown,unknown
310402,10357,10368,1,1,200.866505,,,,,1,,,,"LINESTRING(114.171076808 22.310274671,114.171103425 22.310084386,114.171193511 22.309178119,114.171196562 22.309148676,114.171203274 22.309083912,114.171257506 22.308560619,114.171318893 22.308489066)",physical,105201,10357,10368,true,ID_011010,3,NATHAN ROAD,11504,<=101 vertices; endpoints exact,m,unknown,unknown
10000009,10358,4,1,1,,,,,,0,,,,"LINESTRING(114.171083626 22.305194039,114.171134863 22.304807172)",nonphysical_zone_access_in,,,,false,,,,,straight display only,not routable,not routable,not routable
309102,10358,10361,1,1,93.674131,,,,,1,,,,"LINESTRING(114.171083626 22.305194039,114.171134111 22.304498446,114.171131084 22.304349716)",physical,104551,10358,10361,true,ID_030752,3,PILKEM STREET,11693,<=101 vertices; endpoints exact,m,unknown,unknown
309124,10358,10381,1,1,52.414953,,,,,1,,,,"LINESTRING(114.171083626 22.305194039,114.171085952 22.305194375,114.171349094 22.305232382,114.171490385 22.305261229,114.171547152 22.305332559)",physical,104562,10358,10381,true,ID_09089,3,JORDAN ROAD,10904,<=101 vertices; endpoints exact,m,unknown,unknown
309182,10359,10355,1,1,32.725194,,,,,1,,,,"LINESTRING(114.171112464 22.310923098,114.171055077 22.311213762)",physical,104591,10359,10355,true,ID_06637,3,NATHAN ROAD,11504,<=101 vertices; endpoints exact,m,unknown,unknown
309060,10359,10391,1,1,60.862109,,,,,1,,,,"LINESTRING(114.171112464 22.310923098,114.171632119 22.311015170,114.171650750 22.311018060,114.171670157 22.311015893,114.171691118 22.311006504)",physical,104530,10359,10391,true,ID_023310,1,WING SING LANE,12742,<=101 vertices; endpoints exact,m,unknown,unknown
308302,10360,10325,1,1,59.62496,,,,,1,,,,"LINESTRING(114.171120223 22.297035964,114.170545295 22.296975189)",physical,104151,10360,10325,true,ID_032375,3,ICHANG STREET,10881,<=101 vertices; endpoints exact,m,unknown,unknown
308290,10360,10362,1,1,72.071621,,,,,1,,,,"LINESTRING(114.171120223 22.297035964,114.171154202 22.296603001,114.171160150 22.296487649,114.171156756 22.296451305,114.171149650 22.296424048,114.171145719 22.296409431,114.171134935 22.296390243)",physical,104145,10360,10362,true,ID_09951,3,HANKOW ROAD,10656,<=101 vertices; endpoints exact,m,unknown,unknown
10000021,10361,10,1,1,,,,,,0,,,,"LINESTRING(114.171131084 22.304349716,114.171206045 22.303801714)",nonphysical_zone_access_in,,,,false,,,,,straight display only,not routable,not routable,not routable
308568,10361,10336,1,1,49.958559,,,,,1,,,,"LINESTRING(114.171131084 22.304349716,114.171089649 22.304327115,114.170699863 22.304302729,114.170654629 22.304311239)",physical,104284,10361,10336,true,ID_032310,3,BOWRING STREET,10078,<=101 vertices; endpoints exact,m,unknown,unknown
308370,10361,10363,1,1,123.706514,,,,,1,,,,"LINESTRING(114.171131084 22.304349716,114.171096022 22.304311405,114.171093502 22.304291992,114.171094273 22.304272638,114.171167739 22.303247010)",physical,104185,10361,10363,true,ID_030753,3,PILKEM STREET,11693,<=101 vertices; endpoints exact,m,unknown,unknown
308292,10362,10335,1,1,53.826714,,,,,1,,,,"LINESTRING(114.171134935 22.296390243,114.171120895 22.296377217,114.171110831 22.296366512,114.171097891 22.296355807,114.171070093 22.296348224,114.170631820 22.296302972)",physical,104146,10362,10335,true,ID_09952,3,PEKING ROAD,11676,<=101 vertices; endpoints exact,m,unknown,unknown
308582,10363,10347,1,1,43.291881,,,,,1,,,,"LINESTRING(114.171167739 22.303247010,114.170801625 22.303225366,114.170769770 22.303185614)",physical,104291,10363,10347,true,ID_010631,3,AUSTIN ROAD,10037,<=101 vertices; endpoints exact,m,unknown,unknown
308288,10364,10388,1,1,46.845526,,,,,1,,,,"LINESTRING(114.171216273 22.296339310,114.171228095 22.296350956,114.171239350 22.296363970,114.171258110 22.296376350,114.171280281 22.296390952,114.171308592 22.296402063,114.171333492 22.296406190,114.171645644 22.296430706)",physical,104144,10364,10388,true,ID_09950,3,PEKING ROAD,11676,<=101 vertices; endpoints exact,m,unknown,unknown
309932,10365,10359,1,1,69.854894,,,,,1,,,,"LINESTRING(114.171219541 22.310300709,114.171210616 22.310414907,114.171112464 22.310923098)",physical,104966,10365,10359,true,ID_014947,3,NATHAN ROAD,11504,<=101 vertices; endpoints exact,m,unknown,unknown
309154,10365,10378,1,1,30.273086,,,,,1,,,,"LINESTRING(114.171219541 22.310300709,114.171509601 22.310344250)",physical,104577,10365,10378,true,ID_030605,1,PUBLIC SQUARE STREET,11793,<=101 vertices; endpoints exact,m,unknown,unknown
308294,10366,10364,1,1,87.84421,,,,,1,,,,"LINESTRING(114.171244517 22.295550516,114.171227078 22.295718151,114.171194970 22.296252996,114.171200062 22.296297241,114.171216273 22.296339310)",physical,104147,10366,10364,true,ID_08474,3,HANKOW ROAD,10656,<=101 vertices; endpoints exact,m,unknown,unknown
308286,10366,10369,1,1,91.355014,,,,,1,,,,"LINESTRING(114.171244517 22.295550516,114.171266107 22.295379019,114.171321542 22.294728739)",physical,104143,10366,10369,true,ID_09949,3,HANKOW ROAD,10656,<=101 vertices; endpoints exact,m,unknown,unknown
310208,10366,10422,1,1,104.870136,,,,,1,,,,"LINESTRING(114.171244517 22.295550516,114.172259625 22.295617987)",physical,105104,10366,10422,true,ID_033382,3,MIDDLE ROAD,11425,<=101 vertices; endpoints exact,m,unknown,unknown
309926,10367,10365,1,1,33.651671,,,,,1,,,,"LINESTRING(114.171251182 22.309998243,114.171219541 22.310300709)",physical,104963,10367,10365,true,ID_014944,3,NATHAN ROAD,11504,<=101 vertices; endpoints exact,m,unknown,unknown
309246,10368,10367,1,1,168.964683,,,,,1,,,,"LINESTRING(114.171318893 22.308489066,114.171364834 22.308568757,114.171320568 22.309040611,114.171319113 22.309054316,114.171311792 22.309123301,114.171248980 22.309715088,114.171238440 22.309870916,114.171251182 22.309998243)",physical,104623,10368,10367,true,ID_07773,3,NATHAN ROAD,11504,<=101 vertices; endpoints exact,m,unknown,unknown
309370,10368,10370,1,1,9.991224,,,,,1,,,,"LINESTRING(114.171318893 22.308489066,114.171326010 22.308399083)",physical,104685,10368,10370,true,ID_07997,1,NATHAN ROAD,11504,<=101 vertices; endpoints exact,m,unknown,unknown
309371,10370,10368,1,-1,9.991224,,,,,1,,,,"LINESTRING(114.171326010 22.308399083,114.171318893 22.308489066)",physical,104685,10368,10370,true,ID_07997,1,NATHAN ROAD,11504,<=101 vertices; endpoints exact,m,unknown,unknown
309368,10370,10371,1,1,5.743187,,,,,1,,,,"LINESTRING(114.171326010 22.308399083,114.171332488 22.308347569)",physical,104684,10370,10371,true,ID_07996,1,NATHAN ROAD,11504,<=101 vertices; endpoints exact,m,unknown,unknown
309057,10370,10373,1,-1,11.871001,,,,,1,,,,"LINESTRING(114.171326010 22.308399083,114.171421895 22.308458515)",physical,104528,10373,10370,true,ID_09045,1,GASCOIGNE ROAD,10599,<=101 vertices; endpoints exact,m,unknown,unknown
309369,10371,10370,1,-1,5.743187,,,,,1,,,,"LINESTRING(114.171332488 22.308347569,114.171326010 22.308399083)",physical,104684,10370,10371,true,ID_07996,1,NATHAN ROAD,11504,<=101 vertices; endpoints exact,m,unknown,unknown
309366,10371,10372,1,1,74.838762,,,,,1,,,,"LINESTRING(114.171332488 22.308347569,114.171281135 22.308292109,114.171346808 22.307692582)",physical,104683,10371,10372,true,ID_07995,3,NATHAN ROAD,11504,<=101 vertices; endpoints exact,m,unknown,unknown
309394,10372,10348,1,1,60.229561,,,,,1,,,,"LINESTRING(114.171346808 22.307692582,114.170780461 22.307827214)",physical,104697,10372,10348,true,ID_031227,3,PAK HOI STREET,11627,<=101 vertices; endpoints exact,m,unknown,unknown
310344,10372,10376,1,1,131.117746,,,,,1,,,,"LINESTRING(114.171346808 22.307692582,114.171373858 22.307510530,114.171421229 22.307025855,114.171472539 22.306514465)",physical,105172,10372,10376,true,ID_012319,3,NATHAN ROAD,11504,<=101 vertices; endpoints exact,m,unknown,unknown
309056,10373,10370,1,1,11.871001,,,,,1,,,,"LINESTRING(114.171421895 22.308458515,114.171326010 22.308399083)",physical,104528,10373,10370,true,ID_09045,1,GASCOIGNE ROAD,10599,<=101 vertices; endpoints exact,m,unknown,unknown
309132,10373,10426,1,1,129.563827,,,,,1,,,,"LINESTRING(114.171421895 22.308458515,114.171467512 22.308400682,114.171718435 22.308426743,114.171782089 22.308427467,114.171861271 22.308413023,114.171935794 22.308381243,114.171986254 22.308348740,114.172044476 22.308298179,114.172205171 22.308128439,114.172436509 22.307926195)",physical,104566,10373,10426,true,ID_09093,3,GASCOIGNE ROAD,10599,<=101 vertices; endpoints exact,m,unknown,unknown
10000171,10374,85,1,1,,,,,,0,,,,"LINESTRING(114.171437326 22.309507532,114.171683597 22.309618446)",nonphysical_zone_access_in,,,,false,,,,,straight display only,not routable,not routable,not routable
643446,10374,10367,1,1,57.968741,,,,,1,,,,"LINESTRING(114.171437326 22.309507532,114.171392330 22.309640148,114.171361102 22.309727744,114.171321763 22.309882801,114.171251182 22.309998243)",physical,271723,10374,10367,true,ID_025807,3,GASCOIGNE ROAD,10599,<=101 vertices; endpoints exact,m,unknown,unknown
309108,10375,10371,1,1,60.194746,,,,,1,,,,"LINESTRING(114.171437494 22.307831730,114.171390850 22.308303215,114.171332488 22.308347569)",physical,104554,10375,10371,true,ID_09056,3,NATHAN ROAD,11504,<=101 vertices; endpoints exact,m,unknown,unknown
309086,10375,10426,1,1,103.466503,,,,,1,,,,"LINESTRING(114.171437494 22.307831730,114.172436509 22.307926195)",physical,104543,10375,10426,true,ID_030986,3,PAK HOI STREET,11627,<=101 vertices; endpoints exact,m,unknown,unknown
309096,10376,10351,1,1,59.278969,,,,,1,,,,"LINESTRING(114.171472539 22.306514465,114.170897493 22.306498329)",physical,104548,10376,10351,true,ID_029368,3,NING PO STREET,11545,<=101 vertices; endpoints exact,m,unknown,unknown
309116,10376,10380,1,1,62.409262,,,,,1,,,,"LINESTRING(114.171472539 22.306514465,114.171514416 22.306101288,114.171527619 22.305953213)",physical,104558,10376,10380,true,ID_09057,3,NATHAN ROAD,11504,<=101 vertices; endpoints exact,m,unknown,unknown
308426,10377,10354,1,1,48.133587,,,,,1,,,,"LINESTRING(114.171509572 22.298145332,114.171331502 22.298135477,114.171043229 22.298120403)",physical,104213,10377,10354,true,ID_05667,3,HAIPHONG ROAD,10637,<=101 vertices; endpoints exact,m,unknown,unknown
309155,10378,10365,1,-1,30.273086,,,,,1,,,,"LINESTRING(114.171509601 22.310344250,114.171219541 22.310300709)",physical,104577,10365,10378,true,ID_030605,1,PUBLIC SQUARE STREET,11793,<=101 vertices; endpoints exact,m,unknown,unknown
310358,10379,10375,1,1,89.644896,,,,,1,,,,"LINESTRING(114.171519091 22.307025755,114.171452976 22.307689245,114.171437494 22.307831730)",physical,105179,10379,10375,true,ID_012619,3,NATHAN ROAD,11504,<=101 vertices; endpoints exact,m,unknown,unknown
309250,10379,10430,1,1,104.837547,,,,,1,,,,"LINESTRING(114.171519091 22.307025755,114.172532586 22.307109265)",physical,104625,10379,10430,true,ID_07774,3,SAIGON STREET,11868,<=101 vertices; endpoints exact,m,unknown,unknown
309128,10380,10385,1,1,59.145891,,,,,1,,,,"LINESTRING(114.171527619 22.305953213,114.171541607 22.305531379,114.171632552 22.305457878)",physical,104564,10380,10385,true,ID_09091,3,NATHAN ROAD,11504,<=101 vertices; endpoints exact,m,unknown,unknown
309328,10381,10328,1,1,101.213222,,,,,1,,,,"LINESTRING(114.171547152 22.305332559,114.171470197 22.305363075,114.171271370 22.305320488,114.171058346 22.305294491,114.170781656 22.305279984,114.170579230 22.305288197)",physical,104664,10381,10328,true,ID_07481,3,JORDAN ROAD,10904,<=101 vertices; endpoints exact,m,unknown,unknown
309127,10381,10387,1,-1,10.023264,,,,,1,,,,"LINESTRING(114.171547152 22.305332559,114.171642410 22.305350901)",physical,104563,10387,10381,true,ID_09090,1,JORDAN ROAD,10904,<=101 vertices; endpoints exact,m,unknown,unknown
309254,10382,10379,1,1,54.698241,,,,,1,,,,"LINESTRING(114.171572499 22.306534303,114.171519091 22.307025755)",physical,104627,10382,10379,true,ID_06755,3,NATHAN ROAD,11504,<=101 vertices; endpoints exact,m,unknown,unknown
309166,10383,10382,1,1,44.893064,,,,,1,,,,"LINESTRING(114.171608462 22.306130274,114.171572499 22.306534303)",physical,104583,10383,10382,true,ID_09098,3,NATHAN ROAD,11504,<=101 vertices; endpoints exact,m,unknown,unknown
659670,10384,10173,1,1,424.200901,,,,,1,,,,"LINESTRING(114.171627189 22.308966702,114.171579447 22.308999834,114.171499842 22.309050007,114.171415101 22.309086442,114.171348336 22.309110931,114.171304682 22.309122876,114.171275794 22.309130641,114.171234066 22.309138405,114.171189770 22.309147363,114.171129425 22.309160502,114.171046611 22.309178420,114.170919522 22.309201842,114.170797527 22.309217238,114.170603653 22.309238734,114.170332744 22.309241113,114.170242227 22.309234539,114.170147217 22.309223185,114.170066330 22.309212430,114.169961049 22.309198687,114.169828805 22.309180761,114.169722239 22.309168212,114.169543133 22.309142519,114.169413457 22.309128177,114.169309459 22.309124588,114.169228572 22.309121597,114.169068723 22.309125174,114.168906947 22.309137113,114.168797170 22.309158612,114.168612282 22.309195637,114.168449862 22.309247000,114.168389516 22.309270293,114.168335590 22.309292989,114.168247638 22.309333006,114.168189218 22.309364065,114.168135932 22.309405278,114.168082004 22.309444102,114.168019089 22.309496665,114.167967729 22.309538475,114.167881058 22.309628071,114.167833549 22.309680635,114.167787324 22.309736782)",physical,279835,10384,10173,true,ID_024134,3,GASCOIGNE ROAD FLYOVER,14494,<=101 vertices; endpoints exact,m,unknown,unknown
309346,10385,10383,1,1,75.401928,,,,,1,,,,"LINESTRING(114.171632552 22.305457878,114.171666585 22.305538605,114.171636499 22.305894793,114.171608462 22.306130274)",physical,104673,10385,10383,true,ID_07486,3,NATHAN ROAD,11504,<=101 vertices; endpoints exact,m,unknown,unknown
309349,10385,10387,1,-1,11.889538,,,,,1,,,,"LINESTRING(114.171632552 22.305457878,114.171642410 22.305350901)",physical,104674,10387,10385,true,ID_07989,1,NATHAN ROAD,11504,<=101 vertices; endpoints exact,m,unknown,unknown
10000033,10386,16,1,1,,,,,,0,,,,"LINESTRING(114.171634006 22.304392569,114.171895676 22.304705831)",nonphysical_zone_access_in,,,,false,,,,,straight display only,not routable,not routable,not routable
308382,10386,10361,1,1,52.038146,,,,,1,,,,"LINESTRING(114.171634006 22.304392569,114.171131084 22.304349716)",physical,104191,10386,10361,true,ID_023000,3,BOWRING STREET,10078,<=101 vertices; endpoints exact,m,unknown,unknown
308378,10386,10394,1,1,122.671436,,,,,1,,,,"LINESTRING(114.171634006 22.304392569,114.171660658 22.303961259,114.171725573 22.303348518,114.171764013 22.303300266)",physical,104189,10386,10394,true,ID_09206,3,NATHAN ROAD,11504,<=101 vertices; endpoints exact,m,unknown,unknown
309126,10387,10381,1,1,10.023264,,,,,1,,,,"LINESTRING(114.171642410 22.305350901,114.171547152 22.305332559)",physical,104563,10387,10381,true,ID_09090,1,JORDAN ROAD,10904,<=101 vertices; endpoints exact,m,unknown,unknown
309348,10387,10385,1,1,11.889538,,,,,1,,,,"LINESTRING(114.171642410 22.305350901,114.171632552 22.305457878)",physical,104674,10387,10385,true,ID_07989,1,NATHAN ROAD,11504,<=101 vertices; endpoints exact,m,unknown,unknown
309321,10387,10389,1,-1,9.683037,,,,,1,,,,"LINESTRING(114.171642410 22.305350901,114.171650625 22.305263792)",physical,104660,10389,10387,true,ID_07479,1,NATHAN ROAD,11504,<=101 vertices; endpoints exact,m,unknown,unknown
309351,10387,10393,1,-1,10.138249,,,,,1,,,,"LINESTRING(114.171642410 22.305350901,114.171737667 22.305373828)",physical,104675,10393,10387,true,ID_07990,1,JORDAN ROAD,10904,<=101 vertices; endpoints exact,m,unknown,unknown
10000029,10388,14,1,1,,,,,,0,,,,"LINESTRING(114.171645644 22.296430706,114.171698774 22.296586923)",nonphysical_zone_access_in,,,,false,,,,,straight display only,not routable,not routable,not routable
308386,10388,10377,1,1,190.543424,,,,,1,,,,"LINESTRING(114.171645644 22.296430706,114.171624675 22.296556909,114.171606733 22.296636200,114.171575345 22.297021075,114.171536081 22.297562415,114.171509572 22.298145332)",physical,104193,10388,10377,true,ID_029848,3,LOCK ROAD,11249,<=101 vertices; endpoints exact,m,unknown,unknown
308282,10388,10418,1,1,62.838041,,,,,1,,,,"LINESTRING(114.171645644 22.296430706,114.172250984 22.296499242)",physical,104141,10388,10418,true,ID_09948,3,PEKING ROAD,11676,<=101 vertices; endpoints exact,m,unknown,unknown
309100,10389,10386,1,1,98.499657,,,,,1,,,,"LINESTRING(114.171650625 22.305263792,114.171592674 22.305186843,114.171633790 22.304614056,114.171634006 22.304392569)",physical,104550,10389,10386,true,ID_09055,3,NATHAN ROAD,11504,<=101 vertices; endpoints exact,m,unknown,unknown
309320,10389,10387,1,1,9.683037,,,,,1,,,,"LINESTRING(114.171650625 22.305263792,114.171642410 22.305350901)",physical,104660,10389,10387,true,ID_07479,1,NATHAN ROAD,11504,<=101 vertices; endpoints exact,m,unknown,unknown
308458,10390,10363,1,1,55.260308,,,,,1,,,,"LINESTRING(114.171690775 22.303252305,114.171654231 22.303281789,114.171167739 22.303247010)",physical,104229,10390,10363,true,ID_010936,3,AUSTIN ROAD,10037,<=101 vertices; endpoints exact,m,unknown,unknown
308462,10390,10395,1,1,7.903744,,,,,1,,,,"LINESTRING(114.171690775 22.303252305,114.171767179 22.303258617)",physical,104231,10390,10395,true,ID_032507,1,AUSTIN ROAD,10037,<=101 vertices; endpoints exact,m,unknown,unknown
309061,10391,10359,1,-1,60.862109,,,,,1,,,,"LINESTRING(114.171691118 22.311006504,114.171670157 22.311015893,114.171650750 22.311018060,114.171632119 22.311015170,114.171112464 22.310923098)",physical,104530,10359,10391,true,ID_023310,1,WING SING LANE,12742,<=101 vertices; endpoints exact,m,unknown,unknown
309062,10391,10392,1,1,82.313675,,,,,1,,,,"LINESTRING(114.171691118 22.311006504,114.171705091 22.310992780,114.171719841 22.310973278,114.171828543 22.310396870,114.171707103 22.310373563)",physical,104531,10391,10392,true,ID_08022,1,CLIFF ROAD,10315,<=101 vertices; endpoints exact,m,unknown,unknown
309063,10392,10391,1,-1,82.313675,,,,,1,,,,"LINESTRING(114.171707103 22.310373563,114.171828543 22.310396870,114.171719841 22.310973278,114.171705091 22.310992780,114.171691118 22.311006504)",physical,104531,10391,10392,true,ID_08022,1,CLIFF ROAD,10315,<=101 vertices; endpoints exact,m,unknown,unknown
309350,10393,10387,1,1,10.138249,,,,,1,,,,"LINESTRING(114.171737667 22.305373828,114.171642410 22.305350901)",physical,104675,10393,10387,true,ID_07990,1,JORDAN ROAD,10904,<=101 vertices; endpoints exact,m,unknown,unknown
309074,10393,10406,1,1,37.622579,,,,,1,,,,"LINESTRING(114.171737667 22.305373828,114.171780702 22.305344304,114.172071021 22.305449773)",physical,104537,10393,10406,true,ID_09049,3,JORDAN ROAD,10904,<=101 vertices; endpoints exact,m,unknown,unknown
308589,10394,10395,1,-1,4.623415,,,,,1,,,,"LINESTRING(114.171764013 22.303300266,114.171767179 22.303258617)",physical,104294,10395,10394,true,ID_010673,1,NATHAN ROAD,11504,<=101 vertices; endpoints exact,m,unknown,unknown
308586,10394,10396,1,1,84.539471,,,,,1,,,,"LINESTRING(114.171764013 22.303300266,114.171804454 22.303357573,114.171769099 22.304051679)",physical,104293,10394,10396,true,ID_010633,3,NATHAN ROAD,11504,<=101 vertices; endpoints exact,m,unknown,unknown
308463,10395,10390,1,-1,7.903744,,,,,1,,,,"LINESTRING(114.171767179 22.303258617,114.171690775 22.303252305)",physical,104231,10390,10395,true,ID_032507,1,AUSTIN ROAD,10037,<=101 vertices; endpoints exact,m,unknown,unknown
308588,10395,10394,1,1,4.623415,,,,,1,,,,"LINESTRING(114.171767179 22.303258617,114.171764013 22.303300266)",physical,104294,10395,10394,true,ID_010673,1,NATHAN ROAD,11504,<=101 vertices; endpoints exact,m,unknown,unknown
308591,10395,10397,1,-1,3.977102,,,,,1,,,,"LINESTRING(114.171767179 22.303258617,114.171770797 22.303222860)",physical,104295,10397,10395,true,ID_010674,1,NATHAN ROAD,11504,<=101 vertices; endpoints exact,m,unknown,unknown
308612,10395,10398,1,1,5.422837,,,,,1,,,,"LINESTRING(114.171767179 22.303258617,114.171770830 22.303258618,114.171819720 22.303261330)",physical,104306,10395,10398,true,ID_032506,1,AUSTIN ROAD,10037,<=101 vertices; endpoints exact,m,unknown,unknown
309296,10396,10389,1,1,135.671427,,,,,1,,,,"LINESTRING(114.171769099 22.304051679,114.171747535 22.304403420,114.171694373 22.305193702,114.171650625 22.305263792)",physical,104648,10396,10389,true,ID_07471,3,NATHAN ROAD,11504,<=101 vertices; endpoints exact,m,unknown,unknown
308590,10397,10395,1,1,3.977102,,,,,1,,,,"LINESTRING(114.171770797 22.303222860,114.171767179 22.303258617)",physical,104295,10397,10395,true,ID_010674,1,NATHAN ROAD,11504,<=101 vertices; endpoints exact,m,unknown,unknown
308446,10397,10403,1,1,407.815831,,,,,1,,,,"LINESTRING(114.171770797 22.303222860,114.171727292 22.303176729,114.171768624 22.302639244,114.171925805 22.300389499,114.171983114 22.299612349,114.172026602 22.299584506)",physical,104223,10397,10403,true,ID_08409,3,NATHAN ROAD,11504,<=101 vertices; endpoints exact,m,unknown,unknown
10000039,10398,19,1,1,,,,,,0,,,,"LINESTRING(114.171819720 22.303261330,114.172621050 22.303006583)",nonphysical_zone_access_in,,,,false,,,,,straight display only,not routable,not routable,not routable
308613,10398,10395,1,-1,5.422837,,,,,1,,,,"LINESTRING(114.171819720 22.303261330,114.171770830 22.303258618,114.171767179 22.303258617)",physical,104306,10395,10398,true,ID_032506,1,AUSTIN ROAD,10037,<=101 vertices; endpoints exact,m,unknown,unknown
308390,10398,10457,1,1,168.638953,,,,,1,,,,"LINESTRING(114.171819720 22.303261330,114.171862221 22.303253105,114.172148859 22.303274378,114.172245992 22.303280030,114.172351530 22.303276122,114.172493493 22.303268304,114.172567744 22.303271348,114.172726984 22.303280912,114.173026680 22.303301982,114.173401775 22.303322643,114.173436385 22.303356615)",physical,104195,10398,10457,true,ID_09395,3,AUSTIN ROAD,10037,<=101 vertices; endpoints exact,m,unknown,unknown
308592,10399,10397,1,1,64.154458,,,,,1,,,,"LINESTRING(114.171849602 22.302661679,114.171815862 22.303180426,114.171770797 22.303222860)",physical,104296,10399,10397,true,ID_010675,3,NATHAN ROAD,11504,<=101 vertices; endpoints exact,m,unknown,unknown
308412,10399,10462,1,1,170.731551,,,,,1,,,,"LINESTRING(114.171849602 22.302661679,114.173502745 22.302765708)",physical,104206,10399,10462,true,ID_010801,3,HILLWOOD ROAD,10709,<=101 vertices; endpoints exact,m,unknown,unknown
10000177,10400,88,1,1,,,,,,0,,,,"LINESTRING(114.171874538 22.307448237,114.171930582 22.307471174)",nonphysical_zone_access_in,,,,false,,,,,straight display only,not routable,not routable,not routable
309093,10400,10428,1,-1,63.922449,,,,,1,,,,"LINESTRING(114.171874538 22.307448237,114.172490463 22.307517266)",physical,104546,10428,10400,true,ID_030783,1,MAU LAM STREET,11405,<=101 vertices; endpoints exact,m,unknown,unknown
308470,10401,10399,1,1,153.963007,,,,,1,,,,"LINESTRING(114.171943208 22.301274030,114.171849602 22.302661679)",physical,104235,10401,10399,true,ID_010951,3,NATHAN ROAD,11504,<=101 vertices; endpoints exact,m,unknown,unknown
308433,10401,10409,1,-1,19.108357,,,,,1,,,,"LINESTRING(114.171943208 22.301274030,114.172127701 22.301291459)",physical,104216,10409,10401,true,ID_08405,1,-99,46509,<=101 vertices; endpoints exact,m,unknown,unknown
308440,10402,10401,1,1,97.111858,,,,,1,,,,"LINESTRING(114.172003959 22.300398921,114.171987827 22.300574989,114.171943208 22.301274030)",physical,104220,10402,10401,true,ID_08407,3,NATHAN ROAD,11504,<=101 vertices; endpoints exact,m,unknown,unknown
308485,10402,10439,1,-1,88.280353,,,,,1,,,,"LINESTRING(114.172003959 22.300398921,114.172075847 22.300407599,114.172843714 22.300555944)",physical,104242,10439,10402,true,ID_024514,1,KIMBERLEY ROAD,10994,<=101 vertices; endpoints exact,m,unknown,unknown
308542,10403,10402,1,1,91.699931,,,,,1,,,,"LINESTRING(114.172026602 22.299584506,114.172058660 22.299615442,114.172003959 22.300398921)",physical,104271,10403,10402,true,ID_08569,3,NATHAN ROAD,11504,<=101 vertices; endpoints exact,m,unknown,unknown
308545,10403,10404,1,-1,7.635199,,,,,1,,,,"LINESTRING(114.172026602 22.299584506,114.172028715 22.299515584)",physical,104272,10404,10403,true,ID_08613,1,NATHAN ROAD,11504,<=101 vertices; endpoints exact,m,unknown,unknown
308544,10404,10403,1,1,7.635199,,,,,1,,,,"LINESTRING(114.172028715 22.299515584,114.172026602 22.299584506)",physical,104272,10404,10403,true,ID_08613,1,NATHAN ROAD,11504,<=101 vertices; endpoints exact,m,unknown,unknown
308547,10404,10405,1,-1,5.16178,,,,,1,,,,"LINESTRING(114.172028715 22.299515584,114.172034822 22.299469318)",physical,104273,10405,10404,true,ID_09845,1,NATHAN ROAD,11504,<=101 vertices; endpoints exact,m,unknown,unknown
308560,10404,10455,1,1,145.387804,,,,,1,,,,"LINESTRING(114.172028715 22.299515584,114.173393598 22.299848276)",physical,104280,10404,10455,true,ID_033956,3,GRANVILLE ROAD,10622,<=101 vertices; endpoints exact,m,unknown,unknown
308546,10405,10404,1,1,5.16178,,,,,1,,,,"LINESTRING(114.172034822 22.299469318,114.172028715 22.299515584)",physical,104273,10405,10404,true,ID_09845,1,NATHAN ROAD,11504,<=101 vertices; endpoints exact,m,unknown,unknown
308538,10405,10407,1,1,147.566133,,,,,1,,,,"LINESTRING(114.172034822 22.299469318,114.172001842 22.299425549,114.172025488 22.299046971,114.172041273 22.298676164,114.172066193 22.298224460,114.172124591 22.298170554)",physical,104269,10405,10407,true,ID_08567,3,NATHAN ROAD,11504,<=101 vertices; endpoints exact,m,unknown,unknown
309294,10406,10412,1,1,160.841319,,,,,1,,,,"LINESTRING(114.172071021 22.305449773,114.172176179 22.304000577)",physical,104647,10406,10412,true,ID_022761,3,TAK HING STREET,12305,<=101 vertices; endpoints exact,m,unknown,unknown
309360,10406,10442,1,1,115.769026,,,,,1,,,,"LINESTRING(114.172071021 22.305449773,114.172265860 22.305549458,114.172619052 22.305788556,114.172902383 22.305987923,114.172929719 22.306086298)",physical,104680,10406,10442,true,ID_07994,3,JORDAN ROAD,10904,<=101 vertices; endpoints exact,m,unknown,unknown
308536,10407,10408,1,1,2.979737,,,,,1,,,,"LINESTRING(114.172124591 22.298170554,114.172126289 22.298143691)",physical,104268,10407,10408,true,ID_08566,1,NATHAN ROAD,11504,<=101 vertices; endpoints exact,m,unknown,unknown
308384,10407,10411,1,1,59.305415,,,,,1,,,,"LINESTRING(114.172124591 22.298170554,114.172172662 22.298226201,114.172138398 22.298689271)",physical,104192,10407,10411,true,ID_09393,3,NATHAN ROAD,11504,<=101 vertices; endpoints exact,m,unknown,unknown
308562,10408,10377,1,1,63.943852,,,,,1,,,,"LINESTRING(114.172126289 22.298143691,114.172096573 22.298153961,114.172063460 22.298161071,114.172016762 22.298165811,114.171973462 22.298166599,114.171920501 22.298167362,114.171509572 22.298145332)",physical,104281,10408,10377,true,ID_010624,3,HAIPHONG ROAD,10637,<=101 vertices; endpoints exact,m,unknown,unknown
308537,10408,10407,1,-1,2.979737,,,,,1,,,,"LINESTRING(114.172126289 22.298143691,114.172124591 22.298170554)",physical,104268,10407,10408,true,ID_08566,1,NATHAN ROAD,11504,<=101 vertices; endpoints exact,m,unknown,unknown
308540,10408,10410,1,1,4.552865,,,,,1,,,,"LINESTRING(114.172126289 22.298143691,114.172127989 22.298102607)",physical,104270,10408,10410,true,ID_08568,1,NATHAN ROAD,11504,<=101 vertices; endpoints exact,m,unknown,unknown
308432,10409,10401,1,1,19.108357,,,,,1,,,,"LINESTRING(114.172127701 22.301291459,114.171943208 22.301274030)",physical,104216,10409,10401,true,ID_08405,1,-99,46509,<=101 vertices; endpoints exact,m,unknown,unknown
308541,10410,10408,1,-1,4.552865,,,,,1,,,,"LINESTRING(114.172127989 22.298102607,114.172126289 22.298143691)",physical,104270,10408,10410,true,ID_08568,1,NATHAN ROAD,11504,<=101 vertices; endpoints exact,m,unknown,unknown
308362,10410,10417,1,1,176.682853,,,,,1,,,,"LINESTRING(114.172127989 22.298102607,114.172075538 22.298059021,114.172144674 22.297304081,114.172167098 22.297005119,114.172192577 22.296624917,114.172247002 22.296548337)",physical,104181,10410,10417,true,ID_010116,3,NATHAN ROAD,11504,<=101 vertices; endpoints exact,m,unknown,unknown
308548,10411,10405,1,1,88.818389,,,,,1,,,,"LINESTRING(114.172138398 22.298689271,114.172113484 22.299066286,114.172084416 22.299427050,114.172034822 22.299469318)",physical,104274,10411,10405,true,ID_09846,3,NATHAN ROAD,11504,<=101 vertices; endpoints exact,m,unknown,unknown
308436,10412,10396,1,1,46.106322,,,,,1,,,,"LINESTRING(114.172176179 22.304000577,114.172161290 22.303991361,114.172145480 22.303984005,114.172125429 22.303980596,114.171879483 22.303975324,114.171852613 22.303978027,114.171830828 22.303985459,114.171808001 22.304003782,114.171789433 22.304033435,114.171769099 22.304051679)",physical,104218,10412,10396,true,ID_022834,3,TAK SHING STREET,12315,<=101 vertices; endpoints exact,m,unknown,unknown
319736,10412,10427,1,1,32.568876,,,,,1,,,,"LINESTRING(114.172176179 22.304000577,114.172197729 22.303992618,114.172219130 22.303987774,114.172247913 22.303984428,114.172489017 22.304002221)",physical,109868,10412,10427,true,ID_022833,3,TAK SHING STREET,12315,<=101 vertices; endpoints exact,m,unknown,unknown
309157,10413,10414,1,-1,50.724837,,,,,1,,,,"LINESTRING(114.172203613 22.309409243,114.172216514 22.309034301,114.172203662 22.308952226)",physical,104578,10414,10413,true,ID_024770,1,GASCOIGNE ROAD,10599,<=101 vertices; endpoints exact,m,unknown,unknown
309156,10414,10413,1,1,50.724837,,,,,1,,,,"LINESTRING(114.172203662 22.308952226,114.172216514 22.309034301,114.172203613 22.309409243)",physical,104578,10414,10413,true,ID_024770,1,GASCOIGNE ROAD,10599,<=101 vertices; endpoints exact,m,unknown,unknown
309330,10414,10415,1,1,17.914637,,,,,1,,,,"LINESTRING(114.172203662 22.308952226,114.172194672 22.308955236,114.172185683 22.308956909,114.172172738 22.308955570,114.172163029 22.308951555,114.172154041 22.308945867,114.172146130 22.308939175,114.172142535 22.308932149,114.172141097 22.308922111,114.172141662 22.308914255,114.172143614 22.308905382,114.172152244 22.308894006,114.172170223 22.308883634,114.172186764 22.308882966,114.172206181 22.308886647)",physical,104665,10414,10415,true,ID_024792,3,GASCOIGNE ROAD,10599,<=101 vertices; endpoints exact,m,unknown,unknown
309158,10415,10414,1,1,8.278126,,,,,1,,,,"LINESTRING(114.172206181 22.308886647,114.172215530 22.308898692,114.172217687 22.308907392,114.172219844 22.308915756,114.172220923 22.308923452,114.172221282 22.308927467,114.172219484 22.308932820,114.172218405 22.308937504,114.172209775 22.308947206,114.172203662 22.308952226)",physical,104579,10415,10414,true,ID_024791,3,GASCOIGNE ROAD,10599,<=101 vertices; endpoints exact,m,unknown,unknown
309333,10415,10419,1,-1,68.00079,,,,,1,,,,"LINESTRING(114.172206181 22.308886647,114.172224449 22.308852200,114.172261521 22.308636234,114.172289776 22.308404367,114.172289778 22.308364640,114.172281240 22.308330691,114.172252591 22.308289546)",physical,104666,10419,10415,true,ID_024741,1,GASCOIGNE ROAD,45360,<=101 vertices; endpoints exact,m,unknown,unknown
10000073,10416,36,1,1,,,,,,0,,,,"LINESTRING(114.172213150 22.297677788,114.172572247 22.297359020)",nonphysical_zone_access_in,,,,false,,,,,straight display only,not routable,not routable,not routable
308398,10416,10410,1,1,50.267323,,,,,1,,,,"LINESTRING(114.172213150 22.297677788,114.172184497 22.298067715,114.172127989 22.298102607)",physical,104199,10416,10410,true,ID_09398,3,NATHAN ROAD,11504,<=101 vertices; endpoints exact,m,unknown,unknown
308532,10416,10441,1,1,74.357532,,,,,1,,,,"LINESTRING(114.172213150 22.297677788,114.172239868 22.297667417,114.172886913 22.297711637,114.172928085 22.297725716)",physical,104266,10416,10441,true,ID_018845,3,CARNARVON ROAD,10123,<=101 vertices; endpoints exact,m,unknown,unknown
308314,10417,10418,1,1,5.451953,,,,,1,,,,"LINESTRING(114.172247002 22.296548337,114.172250984 22.296499242)",physical,104157,10417,10418,true,ID_08521,1,NATHAN ROAD,11504,<=101 vertices; endpoints exact,m,unknown,unknown
308300,10417,10421,1,1,45.842509,,,,,1,,,,"LINESTRING(114.172247002 22.296548337,114.172280427 22.296630258,114.172256757 22.296955873)",physical,104150,10417,10421,true,ID_08475,3,NATHAN ROAD,11504,<=101 vertices; endpoints exact,m,unknown,unknown
308315,10418,10417,1,-1,5.451953,,,,,1,,,,"LINESTRING(114.172250984 22.296499242,114.172247002 22.296548337)",physical,104157,10417,10418,true,ID_08521,1,NATHAN ROAD,11504,<=101 vertices; endpoints exact,m,unknown,unknown
308316,10418,10420,1,1,6.415179,,,,,1,,,,"LINESTRING(114.172250984 22.296499242,114.172253178 22.296441345)",physical,104158,10418,10420,true,ID_08522,1,NATHAN ROAD,11504,<=101 vertices; endpoints exact,m,unknown,unknown
309248,10419,10373,1,1,94.393541,,,,,1,,,,"LINESTRING(114.172252591 22.308289546,114.172219711 22.308310495,114.172190762 22.308329450,114.172162885 22.308349069,114.172133578 22.308369021,114.172099626 22.308392963,114.172057453 22.308419898,114.171996171 22.308454485,114.171969368 22.308466955,114.171949169 22.308476350,114.171882613 22.308498214,114.171827617 22.308510564,114.171763138 22.308519385,114.171666422 22.308517618,114.171462260 22.308496077,114.171421895 22.308458515)",physical,104624,10419,10373,true,ID_02992,3,GASCOIGNE ROAD,10599,<=101 vertices; endpoints exact,m,unknown,unknown
309160,10419,10374,1,1,159.908134,,,,,1,,,,"LINESTRING(114.172252591 22.308289546,114.172216235 22.308328185,114.172194010 22.308354130,114.172163610 22.308391001,114.171966183 22.308630453,114.171747843 22.308922008,114.171689452 22.309000321,114.171582065 22.309171241,114.171504228 22.309332068,114.171452862 22.309461741,114.171437326 22.309507532)",physical,104580,10419,10374,true,ID_025995,3,GASCOIGNE ROAD,10599,<=101 vertices; endpoints exact,m,unknown,unknown
309332,10419,10415,1,1,68.00079,,,,,1,,,,"LINESTRING(114.172252591 22.308289546,114.172281240 22.308330691,114.172289778 22.308364640,114.172289776 22.308404367,114.172261521 22.308636234,114.172224449 22.308852200,114.172206181 22.308886647)",physical,104666,10419,10415,true,ID_024741,1,GASCOIGNE ROAD,45360,<=101 vertices; endpoints exact,m,unknown,unknown
308317,10420,10418,1,-1,6.415179,,,,,1,,,,"LINESTRING(114.172253178 22.296441345,114.172250984 22.296499242)",physical,104158,10418,10420,true,ID_08522,1,NATHAN ROAD,11504,<=101 vertices; endpoints exact,m,unknown,unknown
310240,10420,10422,1,1,92.760722,,,,,1,,,,"LINESTRING(114.172253178 22.296441345,114.172204188 22.296364815,114.172259625 22.295617987)",physical,105120,10420,10422,true,ID_011058,3,NATHAN ROAD,11504,<=101 vertices; endpoints exact,m,unknown,unknown
308430,10421,10416,1,1,80.067056,,,,,1,,,,"LINESTRING(114.172256757 22.296955873,114.172213150 22.297677788)",physical,104215,10421,10416,true,ID_05708,3,NATHAN ROAD,11504,<=101 vertices; endpoints exact,m,unknown,unknown
310236,10422,10423,1,1,68.389256,,,,,1,,,,"LINESTRING(114.172259625 22.295617987,114.172298259 22.295001437)",physical,105118,10422,10423,true,ID_011869,3,NATHAN ROAD,11504,<=101 vertices; endpoints exact,m,unknown,unknown
319730,10423,10425,1,1,20.383261,,,,,1,,,,"LINESTRING(114.172298259 22.295001437,114.172303501 22.294917779,114.172372937 22.294841101)",physical,109865,10423,10425,true,ID_010694,3,NATHAN ROAD,11504,<=101 vertices; endpoints exact,m,unknown,unknown
310214,10424,10420,1,1,94.390996,,,,,1,,,,"LINESTRING(114.172355554 22.295599305,114.172339087 22.295684643,114.172288011 22.296373718,114.172253178 22.296441345)",physical,105107,10424,10420,true,ID_011865,3,NATHAN ROAD,11504,<=101 vertices; endpoints exact,m,unknown,unknown
309892,10424,10447,1,1,68.523421,,,,,1,,,,"LINESTRING(114.172355554 22.295599305,114.173019234 22.295637890)",physical,104946,10424,10447,true,ID_013589,3,MIDDLE ROAD,11425,<=101 vertices; endpoints exact,m,unknown,unknown
310238,10425,10424,1,1,85.139642,,,,,1,,,,"LINESTRING(114.172372937 22.294841101,114.172414186 22.294923963,114.172355554 22.295599305)",physical,105119,10425,10424,true,ID_011870,3,NATHAN ROAD,11504,<=101 vertices; endpoints exact,m,unknown,unknown
309088,10426,10428,1,1,45.625382,,,,,1,,,,"LINESTRING(114.172436509 22.307926195,114.172451526 22.307828541,114.172490463 22.307517266)",physical,104544,10426,10428,true,ID_09053,3,CHI WO STREET,10231,<=101 vertices; endpoints exact,m,unknown,unknown
645760,10426,10432,1,1,22.880735,,,,,1,,,,"LINESTRING(114.172436509 22.307926195,114.172595648 22.307800516,114.172606370 22.307793145)",physical,272880,10426,10432,true,ID_026384,3,GASCOIGNE ROAD,10599,<=101 vertices; endpoints exact,m,unknown,unknown
10000037,10427,18,1,1,,,,,,0,,,,"LINESTRING(114.172489017 22.304002221,114.172615421 22.303675201)",nonphysical_zone_access_in,,,,false,,,,,straight display only,not routable,not routable,not routable
308434,10427,10461,1,1,102.361376,,,,,1,,,,"LINESTRING(114.172489017 22.304002221,114.173479315 22.304075300)",physical,104217,10427,10461,true,ID_022835,1,TAK SHING STREET,12315,<=101 vertices; endpoints exact,m,unknown,unknown
309092,10428,10400,1,1,63.922449,,,,,1,,,,"LINESTRING(114.172490463 22.307517266,114.171874538 22.307448237)",physical,104546,10428,10400,true,ID_030783,1,MAU LAM STREET,11405,<=101 vertices; endpoints exact,m,unknown,unknown
309094,10428,10430,1,1,45.387876,,,,,1,,,,"LINESTRING(114.172490463 22.307517266,114.172532586 22.307109265)",physical,104547,10428,10430,true,ID_09054,3,CHI WO STREET,10231,<=101 vertices; endpoints exact,m,unknown,unknown
308507,10429,10440,1,-1,41.496834,,,,,1,,,,"LINESTRING(114.172529631 22.299000262,114.172917332 22.299101612)",physical,104253,10440,10429,true,ID_031735,1,CAMERON LANE,10109,<=101 vertices; endpoints exact,m,unknown,unknown
309064,10430,10431,1,1,54.579629,,,,,1,,,,"LINESTRING(114.172532586 22.307109265,114.172579301 22.306618298)",physical,104532,10430,10431,true,ID_09046,3,CHI WO STREET,10231,<=101 vertices; endpoints exact,m,unknown,unknown
10000179,10431,89,1,1,,,,,,0,,,,"LINESTRING(114.172579301 22.306618298,114.172808308 22.306620832)",nonphysical_zone_access_in,,,,false,,,,,straight display only,not routable,not routable,not routable
309066,10431,10382,1,1,104.155738,,,,,1,,,,"LINESTRING(114.172579301 22.306618298,114.171572499 22.306534303)",physical,104533,10431,10382,true,ID_09047,3,CHEONG LOK STREET,10174,<=101 vertices; endpoints exact,m,unknown,unknown
309164,10431,10433,1,1,46.849142,,,,,1,,,,"LINESTRING(114.172579301 22.306618298,114.172623647 22.306197239)",physical,104582,10431,10433,true,ID_09097,3,CHI WO STREET,10231,<=101 vertices; endpoints exact,m,unknown,unknown
310370,10432,10479,1,1,156.957941,,,,,1,,,,"LINESTRING(114.172606370 22.307793145,114.172699671 22.307729009,114.172879771 22.307606219,114.173239967 22.307423480,114.173545046 22.307291302,114.173949843 22.307137499)",physical,105185,10432,10479,true,ID_025987,3,GASCOIGNE ROAD,10599,<=101 vertices; endpoints exact,m,unknown,unknown
309122,10433,10383,1,1,104.86627,,,,,1,,,,"LINESTRING(114.172623647 22.306197239,114.171608462 22.306130274)",physical,104561,10433,10383,true,ID_09088,3,NANKING STREET,11502,<=101 vertices; endpoints exact,m,unknown,unknown
309352,10434,10393,1,1,110.889868,,,,,1,,,,"LINESTRING(114.172623828 22.305914514,114.172329509 22.305696813,114.172164666 22.305607302,114.172046954 22.305545118,114.171884535 22.305477226,114.171770608 22.305434595,114.171737667 22.305373828)",physical,104676,10434,10393,true,ID_013866,3,JORDAN ROAD,10904,<=101 vertices; endpoints exact,m,unknown,unknown
309292,10435,10433,1,1,27.312278,,,,,1,,,,"LINESTRING(114.172692793 22.305965526,114.172654068 22.306017955,114.172637957 22.306052235,114.172623647 22.306197239)",physical,104646,10435,10433,true,ID_07470,3,CHI WO STREET,10231,<=101 vertices; endpoints exact,m,unknown,unknown
339260,10435,10434,1,1,9.077743,,,,,1,,,,"LINESTRING(114.172692793 22.305965526,114.172623828 22.305914514)",physical,119630,10435,10434,true,ID_010286,3,JORDAN ROAD,10904,<=101 vertices; endpoints exact,m,unknown,unknown
645758,10436,10419,1,1,67.954357,,,,,1,,,,"LINESTRING(114.172717873 22.307857498,114.172694565 22.307876973,114.172597973 22.307953648,114.172542080 22.307996264,114.172485410 22.308043935,114.172438056 22.308084384,114.172381386 22.308140723,114.172252591 22.308289546)",physical,272879,10436,10419,true,ID_025808,3,GASCOIGNE ROAD,10599,<=101 vertices; endpoints exact,m,unknown,unknown
10000167,10437,83,1,1,,,,,,0,,,,"LINESTRING(114.172809123 22.310641573,114.172517667 22.311382687)",nonphysical_zone_access_in,,,,false,,,,,straight display only,not routable,not routable,not routable
309319,10437,10484,1,-1,151.580184,,,,,1,,,,"LINESTRING(114.172809123 22.310641573,114.172903005 22.310689926,114.173106051 22.310794351,114.173183776 22.310854486,114.173631350 22.311198228,114.173792912 22.311319717,114.173837634 22.311350215,114.173891640 22.311382198,114.174008619 22.311418242)",physical,104659,10484,10437,true,ID_029356,1,KING'S PARK RISE,11037,<=101 vertices; endpoints exact,m,unknown,unknown
331594,10438,10439,1,1,10.813519,,,,,1,,,,"LINESTRING(114.172818859 22.300650818,114.172843714 22.300555944)",physical,115797,10438,10439,true,ID_024512,1,KIMBERLEY ROAD,10994,<=101 vertices; endpoints exact,m,unknown,unknown
308484,10439,10402,1,1,88.280353,,,,,1,,,,"LINESTRING(114.172843714 22.300555944,114.172075847 22.300407599,114.172003959 22.300398921)",physical,104242,10439,10402,true,ID_024514,1,KIMBERLEY ROAD,10994,<=101 vertices; endpoints exact,m,unknown,unknown
331595,10439,10438,1,-1,10.813519,,,,,1,,,,"LINESTRING(114.172843714 22.300555944,114.172818859 22.300650818)",physical,115797,10438,10439,true,ID_024512,1,KIMBERLEY ROAD,10994,<=101 vertices; endpoints exact,m,unknown,unknown
331593,10439,10450,1,-1,32.297163,,,,,1,,,,"LINESTRING(114.172843714 22.300555944,114.173150603 22.300615232)",physical,115796,10450,10439,true,ID_024513,1,KIMBERLEY ROAD,10994,<=101 vertices; endpoints exact,m,unknown,unknown
10000053,10440,26,1,1,,,,,,0,,,,"LINESTRING(114.172917332 22.299101612,114.172837965 22.298971856)",nonphysical_zone_access_in,,,,false,,,,,straight display only,not routable,not routable,not routable
308506,10440,10429,1,1,41.496834,,,,,1,,,,"LINESTRING(114.172917332 22.299101612,114.172529631 22.299000262)",physical,104253,10440,10429,true,ID_031735,1,CAMERON LANE,10109,<=101 vertices; endpoints exact,m,unknown,unknown
308511,10440,10445,1,-1,35.576854,,,,,1,,,,"LINESTRING(114.172917332 22.299101612,114.172997117 22.298789027)",physical,104255,10445,10440,true,ID_031736,1,CAMERON LANE,10109,<=101 vertices; endpoints exact,m,unknown,unknown
308504,10440,10449,1,1,19.669112,,,,,1,,,,"LINESTRING(114.172917332 22.299101612,114.173102361 22.299145254)",physical,104252,10440,10449,true,ID_031734,1,CAMERON LANE,10109,<=101 vertices; endpoints exact,m,unknown,unknown
10000059,10441,29,1,1,,,,,,0,,,,"LINESTRING(114.172928085 22.297725716,114.172826654 22.298044227)",nonphysical_zone_access_in,,,,false,,,,,straight display only,not routable,not routable,not routable
308530,10441,10458,1,1,73.934712,,,,,1,,,,"LINESTRING(114.172928085 22.297725716,114.173451604 22.298182291)",physical,104265,10441,10458,true,ID_031898,3,CARNARVON ROAD,10123,<=101 vertices; endpoints exact,m,unknown,unknown
339262,10442,10434,1,1,38.963719,,,,,1,,,,"LINESTRING(114.172929719 22.306086298,114.172888785 22.306076056,114.172674343 22.305903112,114.172623828 22.305914514)",physical,119631,10442,10434,true,ID_013910,3,JORDAN ROAD,10904,<=101 vertices; endpoints exact,m,unknown,unknown
309358,10442,10443,1,1,5.645571,,,,,1,,,,"LINESTRING(114.172929719 22.306086298,114.172971698 22.306119061)",physical,104679,10442,10443,true,ID_07993,1,JORDAN ROAD,10904,<=101 vertices; endpoints exact,m,unknown,unknown
339264,10443,10435,1,1,35.227394,,,,,1,,,,"LINESTRING(114.172971698 22.306119061,114.172883285 22.306121081,114.172692793 22.305965526)",physical,119632,10443,10435,true,ID_013911,3,JORDAN ROAD,10904,<=101 vertices; endpoints exact,m,unknown,unknown
309359,10443,10442,1,-1,5.645571,,,,,1,,,,"LINESTRING(114.172971698 22.306119061,114.172929719 22.306086298)",physical,104679,10442,10443,true,ID_07993,1,JORDAN ROAD,10904,<=101 vertices; endpoints exact,m,unknown,unknown
309356,10443,10446,1,1,5.782219,,,,,1,,,,"LINESTRING(114.172971698 22.306119061,114.173013676 22.306153715)",physical,104678,10443,10446,true,ID_07992,1,JORDAN ROAD,10904,<=101 vertices; endpoints exact,m,unknown,unknown
309072,10443,10461,1,1,235.734203,,,,,1,,,,"LINESTRING(114.172971698 22.306119061,114.173037898 22.306028043,114.173077966 22.305946310,114.173147421 22.305792230,114.173379618 22.305238261,114.173396618 22.305144126,114.173413629 22.305037295,114.173479315 22.304075300)",physical,104536,10443,10461,true,ID_09048,1,COX'S ROAD,10345,<=101 vertices; endpoints exact,m,unknown,unknown
310226,10444,10421,1,1,74.176305,,,,,1,,,,"LINESTRING(114.172972327 22.297024721,114.172791905 22.296999628,114.172452563 22.296965248,114.172256757 22.296955873)",physical,105113,10444,10421,true,ID_011868,3,MODY ROAD,11451,<=101 vertices; endpoints exact,m,unknown,unknown
309912,10444,10441,1,1,77.758467,,,,,1,,,,"LINESTRING(114.172972327 22.297024721,114.172932447 22.297643946,114.172928085 22.297725716)",physical,104956,10444,10441,true,ID_031395,3,BRISTOL AVENUE,10090,<=101 vertices; endpoints exact,m,unknown,unknown
308512,10445,10411,1,1,89.490341,,,,,1,,,,"LINESTRING(114.172997117 22.298789027,114.172737307 22.298727218,114.172138398 22.298689271)",physical,104256,10445,10411,true,ID_031739,3,CAMERON ROAD,10110,<=101 vertices; endpoints exact,m,unknown,unknown
308510,10445,10440,1,1,35.576854,,,,,1,,,,"LINESTRING(114.172997117 22.298789027,114.172917332 22.299101612)",physical,104255,10445,10440,true,ID_031736,1,CAMERON LANE,10109,<=101 vertices; endpoints exact,m,unknown,unknown
309357,10446,10443,1,-1,5.782219,,,,,1,,,,"LINESTRING(114.173013676 22.306153715,114.172971698 22.306119061)",physical,104678,10443,10446,true,ID_07992,1,JORDAN ROAD,10904,<=101 vertices; endpoints exact,m,unknown,unknown
309354,10446,10459,1,1,58.202015,,,,,1,,,,"LINESTRING(114.173013676 22.306153715,114.173092566 22.306143750,114.173462838 22.306435575)",physical,104677,10446,10459,true,ID_07991,3,JORDAN ROAD,10904,<=101 vertices; endpoints exact,m,unknown,unknown
309890,10447,10464,1,1,51.632336,,,,,1,,,,"LINESTRING(114.173019234 22.295637890,114.173383332 22.295667838,114.173518799 22.295663697)",physical,104945,10447,10464,true,ID_013588,3,MIDDLE ROAD,11425,<=101 vertices; endpoints exact,m,unknown,unknown
308670,10448,10521,1,1,160.803239,,,,,1,,,,"LINESTRING(114.173097607 22.294735582,114.173346898 22.294750627,114.173508526 22.294765140,114.173687838 22.294786581,114.173833527 22.294808021,114.174063891 22.294854376,114.174313555 22.294916375,114.174503228 22.294970742,114.174622359 22.295012873)",physical,104335,10448,10521,true,ID_05318,3,SALISBURY ROAD,11869,<=101 vertices; endpoints exact,m,unknown,unknown
308505,10449,10440,1,-1,19.669112,,,,,1,,,,"LINESTRING(114.173102361 22.299145254,114.172917332 22.299101612)",physical,104252,10440,10449,true,ID_031734,1,CAMERON LANE,10109,<=101 vertices; endpoints exact,m,unknown,unknown
10000043,10450,21,1,1,,,,,,0,,,,"LINESTRING(114.173150603 22.300615232,114.173239320 22.301555564)",nonphysical_zone_access_in,,,,false,,,,,straight display only,not routable,not routable,not routable
331592,10450,10439,1,1,32.297163,,,,,1,,,,"LINESTRING(114.173150603 22.300615232,114.172843714 22.300555944)",physical,115796,10450,10439,true,ID_024513,1,KIMBERLEY ROAD,10994,<=101 vertices; endpoints exact,m,unknown,unknown
308574,10450,10452,1,1,53.932358,,,,,1,,,,"LINESTRING(114.173150603 22.300615232,114.173299281 22.300148253)",physical,104287,10450,10452,true,ID_031899,3,CARNARVON ROAD,10123,<=101 vertices; endpoints exact,m,unknown,unknown
308496,10452,10455,1,1,34.610332,,,,,1,,,,"LINESTRING(114.173299281 22.300148253,114.173393598 22.299848276)",physical,104248,10452,10455,true,ID_031965,3,CARNARVON ROAD,10123,<=101 vertices; endpoints exact,m,unknown,unknown
10000075,10453,37,1,1,,,,,,0,,,,"LINESTRING(114.173363581 22.297172323,114.173577492 22.297515111)",nonphysical_zone_access_in,,,,false,,,,,straight display only,not routable,not routable,not routable
658172,10453,10454,1,1,11.179472,,,,,1,,,,"LINESTRING(114.173363581 22.297172323,114.173377135 22.297072157)",physical,279086,10453,10454,true,ID_016931,1,-99,<Null>,<=101 vertices; endpoints exact,m,unknown,unknown
310218,10454,10444,1,1,42.04319,,,,,1,,,,"LINESTRING(114.173377135 22.297072157,114.172972327 22.297024721)",physical,105109,10454,10444,true,ID_016926,3,MODY ROAD,11451,<=101 vertices; endpoints exact,m,unknown,unknown
658173,10454,10453,1,-1,11.179472,,,,,1,,,,"LINESTRING(114.173377135 22.297072157,114.173363581 22.297172323)",physical,279086,10453,10454,true,ID_016931,1,-99,<Null>,<=101 vertices; endpoints exact,m,unknown,unknown
308502,10455,10465,1,1,50.299853,,,,,1,,,,"LINESTRING(114.173393598 22.299848276,114.173524193 22.299410595)",physical,104251,10455,10465,true,ID_031966,3,CARNARVON ROAD,10123,<=101 vertices; endpoints exact,m,unknown,unknown
308604,10457,10398,1,1,169.602624,,,,,1,,,,"LINESTRING(114.173436385 22.303356615,114.173398038 22.303386955,114.172423420 22.303323026,114.172210170 22.303316415,114.171858861 22.303294793,114.171819720 22.303261330)",physical,104302,10457,10398,true,ID_010680,3,AUSTIN ROAD,10037,<=101 vertices; endpoints exact,m,unknown,unknown
308389,10457,10463,1,-1,8.527187,,,,,1,,,,"LINESTRING(114.173436385 22.303356615,114.173518317 22.303367449)",physical,104194,10463,10457,true,ID_09394,1,AUSTIN ROAD,10037,<=101 vertices; endpoints exact,m,unknown,unknown
308518,10458,10474,1,1,46.717522,,,,,1,,,,"LINESTRING(114.173451604 22.298182291,114.173693444 22.298408287,114.173706419 22.298431234,114.173739915 22.298501667)",physical,104259,10458,10474,true,ID_031967,3,CARNARVON ROAD,10123,<=101 vertices; endpoints exact,m,unknown,unknown
309908,10458,10518,1,1,157.963995,,,,,1,,,,"LINESTRING(114.173451604 22.298182291,114.174577021 22.297213704)",physical,104954,10458,10518,true,ID_029743,3,HANOI ROAD,10657,<=101 vertices; endpoints exact,m,unknown,unknown
309300,10459,10482,1,1,63.996503,,,,,1,,,,"LINESTRING(114.173462838 22.306435575,114.173598682 22.306533091,114.173687176 22.306585823,114.173768446 22.306621712,114.173868045 22.306667449,114.173955763 22.306705733,114.173997680 22.306724513)",physical,104650,10459,10482,true,ID_07473,3,JORDAN ROAD,10904,<=101 vertices; endpoints exact,m,unknown,unknown
309058,10459,10500,1,1,170.282429,,,,,1,,,,"LINESTRING(114.173462838 22.306435575,114.173725328 22.305750466,114.173747065 22.305696644,114.173765856 22.305654649,114.173788146 22.305618311,114.173813936 22.305580601,114.173833094 22.305555404,114.173886517 22.305493869,114.173916913 22.305460616,114.173934044 22.305441761,114.174007730 22.305383826,114.174066126 22.305345088,114.174147876 22.305295638,114.174186191 22.305278573,114.174260531 22.305249625,114.174340438 22.305217934)",physical,104529,10459,10500,true,ID_031685,1,JORDAN PATH,10903,<=101 vertices; endpoints exact,m,unknown,unknown
651956,10460,10466,1,1,9.48765,,,,,1,,,,"LINESTRING(114.173468219 22.295245863,114.173560152 22.295250555)",physical,275978,10460,10466,true,ID_017485,1,-99,<Null>,<=101 vertices; endpoints exact,m,unknown,unknown
308435,10461,10427,1,-1,102.361376,,,,,1,,,,"LINESTRING(114.173479315 22.304075300,114.172489017 22.304002221)",physical,104217,10427,10461,true,ID_022835,1,TAK SHING STREET,12315,<=101 vertices; endpoints exact,m,unknown,unknown
309073,10461,10443,1,-1,235.734203,,,,,1,,,,"LINESTRING(114.173479315 22.304075300,114.173413629 22.305037295,114.173396618 22.305144126,114.173379618 22.305238261,114.173147421 22.305792230,114.173077966 22.305946310,114.173037898 22.306028043,114.172971698 22.306119061)",physical,104536,10443,10461,true,ID_09048,1,COX'S ROAD,10345,<=101 vertices; endpoints exact,m,unknown,unknown
308558,10461,10463,1,1,78.980531,,,,,1,,,,"LINESTRING(114.173479315 22.304075300,114.173539167 22.303523042,114.173537509 22.303428022,114.173518317 22.303367449)",physical,104279,10461,10463,true,ID_010623,1,COX'S ROAD,10345,<=101 vertices; endpoints exact,m,unknown,unknown
10000063,10462,31,1,1,,,,,,0,,,,"LINESTRING(114.173502745 22.302765708,114.173709002 22.302838231)",nonphysical_zone_access_in,,,,false,,,,,straight display only,not routable,not routable,not routable
308474,10462,10463,1,1,68.26834,,,,,1,,,,"LINESTRING(114.173502745 22.302765708,114.173466902 22.303289864,114.173487663 22.303325957,114.173518317 22.303367449)",physical,104237,10462,10463,true,ID_010952,3,PINE TREE HILL ROAD,11695,<=101 vertices; endpoints exact,m,unknown,unknown
308472,10462,10509,1,1,98.175437,,,,,1,,,,"LINESTRING(114.173502745 22.302765708,114.174454250 22.302811464)",physical,104236,10462,10509,true,ID_017657,1,HILLWOOD ROAD,10709,<=101 vertices; endpoints exact,m,unknown,unknown
308388,10463,10457,1,1,8.527187,,,,,1,,,,"LINESTRING(114.173518317 22.303367449,114.173436385 22.303356615)",physical,104194,10463,10457,true,ID_09394,1,AUSTIN ROAD,10037,<=101 vertices; endpoints exact,m,unknown,unknown
308559,10463,10461,1,-1,78.980531,,,,,1,,,,"LINESTRING(114.173518317 22.303367449,114.173537509 22.303428022,114.173539167 22.303523042,114.173479315 22.304075300)",physical,104279,10461,10463,true,ID_010623,1,COX'S ROAD,10345,<=101 vertices; endpoints exact,m,unknown,unknown
308611,10463,10468,1,-1,14.290514,,,,,1,,,,"LINESTRING(114.173518317 22.303367449,114.173656915 22.303372085)",physical,104305,10468,10463,true,ID_010681,1,AUSTIN ROAD,10037,<=101 vertices; endpoints exact,m,unknown,unknown
651954,10464,10466,1,1,45.947042,,,,,1,,,,"LINESTRING(114.173518799 22.295663697,114.173560152 22.295250555)",physical,275977,10464,10466,true,ID_017483,3,MIDDLE ROAD,11425,<=101 vertices; endpoints exact,m,unknown,unknown
309873,10464,10472,1,-1,18.001773,,,,,1,,,,"LINESTRING(114.173518799 22.295663697,114.173693478 22.295665850)",physical,104936,10472,10464,true,ID_013114,1,-99,50885,<=101 vertices; endpoints exact,m,unknown,unknown
308576,10465,10471,1,1,50.674733,,,,,1,,,,"LINESTRING(114.173524193 22.299410595,114.173667058 22.298972707)",physical,104288,10465,10471,true,ID_031900,3,CARNARVON ROAD,10123,<=101 vertices; endpoints exact,m,unknown,unknown
308500,10465,10505,1,1,95.577799,,,,,1,,,,"LINESTRING(114.173524193 22.299410595,114.174420350 22.299633230)",physical,104250,10465,10505,true,ID_034097,1,HAU FOOK STREET,10667,<=101 vertices; endpoints exact,m,unknown,unknown
309880,10466,10456,1,1,48.381272,,,,,1,,,,"LINESTRING(114.173560152 22.295250555,114.173572657 22.295125628,114.173578105 22.295058716,114.173572659 22.295021203,114.173562855 22.294985720,114.173536449 22.294958474,114.173500757 22.294935027,114.173407039 22.294904191)",physical,104940,10466,10456,true,ID_017482,3,MIDDLE ROAD,11425,<=101 vertices; endpoints exact,m,unknown,unknown
651957,10466,10460,1,-1,9.48765,,,,,1,,,,"LINESTRING(114.173560152 22.295250555,114.173468219 22.295245863)",physical,275978,10460,10466,true,ID_017485,1,-99,<Null>,<=101 vertices; endpoints exact,m,unknown,unknown
658170,10467,10454,1,1,27.892173,,,,,1,,,,"LINESTRING(114.173645692 22.297103626,114.173377135 22.297072157)",physical,279085,10467,10454,true,ID_016930,3,MODY ROAD,11451,<=101 vertices; endpoints exact,m,unknown,unknown
309882,10467,10470,1,1,35.850996,,,,,1,,,,"LINESTRING(114.173645692 22.297103626,114.173662454 22.296780245)",physical,104941,10467,10470,true,ID_033388,3,MINDEN ROW,11431,<=101 vertices; endpoints exact,m,unknown,unknown
308610,10468,10463,1,1,14.290514,,,,,1,,,,"LINESTRING(114.173656915 22.303372085,114.173518317 22.303367449)",physical,104305,10468,10463,true,ID_010681,1,AUSTIN ROAD,10037,<=101 vertices; endpoints exact,m,unknown,unknown
308368,10468,10513,1,1,91.33217,,,,,1,,,,"LINESTRING(114.173656915 22.303372085,114.173731361 22.303349061,114.173836583 22.303355371,114.173885552 22.303355372,114.173926560 22.303350803,114.173997542 22.303342982,114.174076462 22.303336030,114.174220293 22.303333860,114.174537873 22.303337576)",physical,104184,10468,10513,true,ID_09640,3,AUSTIN ROAD,10037,<=101 vertices; endpoints exact,m,unknown,unknown
309343,10469,10484,1,-1,38.28112,,,,,1,,,,"LINESTRING(114.173659388 22.311384367,114.173668416 22.311388245,114.173807726 22.311443262,114.173812452 22.311444255,114.173816781 22.311445249,114.173819663 22.311446332,114.173824701 22.311447326,114.173828631 22.311448229,114.173832630 22.311448229,114.173836551 22.311450216,114.173841598 22.311450216,114.173845606 22.311451209,114.173850565 22.311451209,114.173854564 22.311452203,114.173858495 22.311452203,114.173862493 22.311452203,114.173867540 22.311452203,114.173871461 22.311453197,114.173876508 22.311453197,114.173880507 22.311453197,114.173884437 22.311453197,114.173889474 22.311453197,114.173893483 22.311452204,114.173897724 22.311452204,114.173901723 22.311452204,114.173906770 22.311451210,114.173910691 22.311451211,114.173915737 22.311451211,114.173919746 22.311450217,114.173923667 22.311449224,114.173927665 22.311448231,114.173932712 22.311448231,114.173936633 22.311447238,114.173940642 22.311446335,114.173944563 22.311445251,114.173949609 22.311444258,114.173953530 22.311443264,114.173960732 22.311441278,114.174008619 22.311418242)",physical,104671,10484,10469,true,ID_010532,1,-99,45356,<=101 vertices; endpoints exact,m,unknown,unknown
308280,10470,10473,1,1,58.739537,,,,,1,,,,"LINESTRING(114.173662454 22.296780245,114.173681761 22.296492870,114.173698957 22.296250880)",physical,104140,10470,10473,true,ID_033389,1,MINDEN ROW,11431,<=101 vertices; endpoints exact,m,unknown,unknown
310230,10470,10516,1,1,95.136144,,,,,1,,,,"LINESTRING(114.173662454 22.296780245,114.173730916 22.296777207,114.173997873 22.296805983,114.174440819 22.296852465,114.174521085 22.296867958,114.174572582 22.296893252)",physical,105115,10470,10516,true,ID_033387,3,MINDEN AVENUE,11430,<=101 vertices; endpoints exact,m,unknown,unknown
308422,10471,10445,1,1,71.967668,,,,,1,,,,"LINESTRING(114.173667058 22.298972707,114.172997117 22.298789027)",physical,104211,10471,10445,true,ID_031737,3,CAMERON ROAD,10110,<=101 vertices; endpoints exact,m,unknown,unknown
308424,10471,10474,1,1,53.422663,,,,,1,,,,"LINESTRING(114.173667058 22.298972707,114.173711268 22.298844664,114.173743647 22.298710826,114.173754856 22.298618703,114.173749877 22.298551494,114.173739915 22.298501667)",physical,104212,10471,10474,true,ID_031897,1,CARNARVON ROAD,10123,<=101 vertices; endpoints exact,m,unknown,unknown
308508,10471,10568,1,1,232.51009,,,,,1,,,,"LINESTRING(114.173667058 22.298972707,114.175832458 22.299563032)",physical,104254,10471,10568,true,ID_031738,3,CAMERON ROAD,10110,<=101 vertices; endpoints exact,m,unknown,unknown
10000069,10472,34,1,1,,,,,,0,,,,"LINESTRING(114.173693478 22.295665850,114.173646099 22.295937499)",nonphysical_zone_access_in,,,,false,,,,,straight display only,not routable,not routable,not routable
309872,10472,10464,1,1,18.001773,,,,,1,,,,"LINESTRING(114.173693478 22.295665850,114.173518799 22.295663697)",physical,104936,10472,10464,true,ID_013114,1,-99,50885,<=101 vertices; endpoints exact,m,unknown,unknown
308281,10473,10470,1,-1,58.739537,,,,,1,,,,"LINESTRING(114.173698957 22.296250880,114.173681761 22.296492870,114.173662454 22.296780245)",physical,104140,10470,10473,true,ID_033389,1,MINDEN ROW,11431,<=101 vertices; endpoints exact,m,unknown,unknown
308520,10474,10408,1,1,172.433256,,,,,1,,,,"LINESTRING(114.173739915 22.298501667,114.173607103 22.298472942,114.172611939 22.298192690,114.172502414 22.298150022,114.172475244 22.298145282,114.172416661 22.298136589,114.172223080 22.298130263,114.172169591 22.298136582,114.172126289 22.298143691)",physical,104260,10474,10408,true,ID_033814,3,HUMPHREYS AVENUE,10862,<=101 vertices; endpoints exact,m,unknown,unknown
308425,10474,10471,1,-1,53.422663,,,,,1,,,,"LINESTRING(114.173739915 22.298501667,114.173749877 22.298551494,114.173754856 22.298618703,114.173743647 22.298710826,114.173711268 22.298844664,114.173667058 22.298972707)",physical,104212,10471,10474,true,ID_031897,1,CARNARVON ROAD,10123,<=101 vertices; endpoints exact,m,unknown,unknown
642418,10475,10476,1,1,62.579755,,,,,1,,,,"LINESTRING(114.173746485 22.309498354,114.173892351 22.308949761)",physical,271209,10475,10476,true,ID_028113,3,NIGHTINGALE ROAD,14311,<=101 vertices; endpoints exact,m,unknown,unknown
642421,10475,10483,1,-1,26.954956,,,,,1,,,,"LINESTRING(114.173746485 22.309498354,114.174001216 22.309553792)",physical,271210,10483,10475,true,ID_028114,1,-99,45361,<=101 vertices; endpoints exact,m,unknown,unknown
642416,10476,10478,1,1,28.748812,,,,,1,,,,"LINESTRING(114.173892351 22.308949761,114.173937289 22.308693532)",physical,271208,10476,10478,true,ID_028112,3,NIGHTINGALE ROAD,14311,<=101 vertices; endpoints exact,m,unknown,unknown
642424,10476,10487,1,1,27.249217,,,,,1,,,,"LINESTRING(114.173892351 22.308949761,114.174145026 22.309022402)",physical,271212,10476,10487,true,ID_028116,3,-99,45361,<=101 vertices; endpoints exact,m,unknown,unknown
659672,10477,10616,1,1,334.036484,,,,,1,,,,"LINESTRING(114.173921696 22.307184453,114.173989954 22.307163467,114.174190408 22.307097935,114.174248382 22.307078983,114.174305251 22.307060391,114.174359505 22.307042655,114.174504329 22.306999287,114.174855192 22.306892691,114.175186280 22.306799255,114.175719193 22.306650651,114.176730457 22.306346270,114.176850989 22.306309143,114.176996354 22.306236671)",physical,279836,10477,10616,true,ID_024137,3,GASCOIGNE ROAD FLYOVER,14494,<=101 vertices; endpoints exact,m,unknown,unknown
309099,10478,10485,1,-1,43.298562,,,,,1,,,,"LINESTRING(114.173937289 22.308693532,114.173940793 22.308574589,114.173925036 22.308471939,114.173923286 22.308418171,114.173937295 22.308392102,114.174021161 22.308357427)",physical,104549,10485,10478,true,ID_015438,1,NIGHTINGALE ROAD,14311,<=101 vertices; endpoints exact,m,unknown,unknown
642426,10478,10487,1,1,42.52175,,,,,1,,,,"LINESTRING(114.173937289 22.308693532,114.174025881 22.308877127,114.174145026 22.309022402)",physical,271213,10478,10487,true,ID_028117,3,-99,45361,<=101 vertices; endpoints exact,m,unknown,unknown
309304,10479,10481,1,1,35.912117,,,,,1,,,,"LINESTRING(114.173949843 22.307137499,114.173976446 22.307077789,114.173983833 22.307040655,114.173992375 22.306961086,114.173988397 22.306907372,114.173968181 22.306821304)",physical,104652,10479,10481,true,ID_07474,3,JORDAN ROAD,10904,<=101 vertices; endpoints exact,m,unknown,unknown
310348,10479,10491,1,1,31.613019,,,,,1,,,,"LINESTRING(114.173949843 22.307137499,114.174153647 22.307068839,114.174190408 22.307097935,114.174222244 22.307123135)",physical,105174,10479,10491,true,ID_012321,3,GASCOIGNE ROAD,10599,<=101 vertices; endpoints exact,m,unknown,unknown
308516,10480,10474,1,1,26.815887,,,,,1,,,,"LINESTRING(114.173964367 22.298404249,114.173819419 22.298431222,114.173769831 22.298459617,114.173739915 22.298501667)",physical,104258,10480,10474,true,ID_029174,3,HART AVENUE,10665,<=101 vertices; endpoints exact,m,unknown,unknown
308526,10480,10508,1,1,69.386517,,,,,1,,,,"LINESTRING(114.173964367 22.298404249,114.173981914 22.298359525,114.173995647 22.298333968,114.174040658 22.298293504,114.174437594 22.297968228)",physical,104263,10480,10508,true,ID_029178,3,HART AVENUE,10665,<=101 vertices; endpoints exact,m,unknown,unknown
309376,10481,10446,1,1,125.409422,,,,,1,,,,"LINESTRING(114.173968181 22.306821304,114.173921605 22.306794578,114.173788605 22.306742643,114.173586037 22.306632143,114.173299822 22.306428349,114.173027358 22.306213814,114.173013676 22.306153715)",physical,104688,10481,10446,true,ID_010463,3,JORDAN ROAD,10904,<=101 vertices; endpoints exact,m,unknown,unknown
309288,10482,10492,1,1,44.907529,,,,,1,,,,"LINESTRING(114.173997680 22.306724513,114.174064439 22.306774355,114.174150380 22.306838811,114.174195793 22.306884461,114.174215891 22.306905438,114.174244135 22.306952197,114.174226947 22.307029808)",physical,104644,10482,10492,true,ID_07468,3,JORDAN ROAD,10904,<=101 vertices; endpoints exact,m,unknown,unknown
309290,10482,10528,1,1,87.561588,,,,,1,,,,"LINESTRING(114.173997680 22.306724513,114.174158224 22.306751236,114.174393152 22.306791046,114.174641091 22.306827204,114.174837672 22.306838328)",physical,104645,10482,10528,true,ID_07469,3,JORDAN ROAD,10904,<=101 vertices; endpoints exact,m,unknown,unknown
10000173,10483,86,1,1,,,,,,0,,,,"LINESTRING(114.174001216 22.309553792,114.174233307 22.309401328)",nonphysical_zone_access_in,,,,false,,,,,straight display only,not routable,not routable,not routable
642420,10483,10475,1,1,26.954956,,,,,1,,,,"LINESTRING(114.174001216 22.309553792,114.173746485 22.309498354)",physical,271210,10483,10475,true,ID_028114,1,-99,45361,<=101 vertices; endpoints exact,m,unknown,unknown
309318,10484,10437,1,1,151.580184,,,,,1,,,,"LINESTRING(114.174008619 22.311418242,114.173891640 22.311382198,114.173837634 22.311350215,114.173792912 22.311319717,114.173631350 22.311198228,114.173183776 22.310854486,114.173106051 22.310794351,114.172903005 22.310689926,114.172809123 22.310641573)",physical,104659,10484,10437,true,ID_029356,1,KING'S PARK RISE,11037,<=101 vertices; endpoints exact,m,unknown,unknown
309342,10484,10469,1,1,38.28112,,,,,1,,,,"LINESTRING(114.174008619 22.311418242,114.173960732 22.311441278,114.173953530 22.311443264,114.173949609 22.311444258,114.173944563 22.311445251,114.173940642 22.311446335,114.173936633 22.311447238,114.173932712 22.311448231,114.173927665 22.311448231,114.173923667 22.311449224,114.173919746 22.311450217,114.173915737 22.311451211,114.173910691 22.311451211,114.173906770 22.311451210,114.173901723 22.311452204,114.173897724 22.311452204,114.173893483 22.311452204,114.173889474 22.311453197,114.173884437 22.311453197,114.173880507 22.311453197,114.173876508 22.311453197,114.173871461 22.311453197,114.173867540 22.311452203,114.173862493 22.311452203,114.173858495 22.311452203,114.173854564 22.311452203,114.173850565 22.311451209,114.173845606 22.311451209,114.173841598 22.311450216,114.173836551 22.311450216,114.173832630 22.311448229,114.173828631 22.311448229,114.173824701 22.311447326,114.173819663 22.311446332,114.173816781 22.311445249,114.173812452 22.311444255,114.173807726 22.311443262,114.173668416 22.311388245,114.173659388 22.311384367)",physical,104671,10484,10469,true,ID_010532,1,-99,45356,<=101 vertices; endpoints exact,m,unknown,unknown
309107,10484,10532,1,-1,106.932832,,,,,1,,,,"LINESTRING(114.174008619 22.311418242,114.174123030 22.311418456,114.174193770 22.311410330,114.174274990 22.311387985,114.174332631 22.311362389,114.174392892 22.311329479,114.174457519 22.311292912,114.174534809 22.311256753,114.174582843 22.311238469,114.174644849 22.311220593,114.174725633 22.311205674,114.174832761 22.311203508,114.174997685 22.311212815)",physical,104553,10532,10484,true,ID_029357,1,KING'S PARK RISE,11037,<=101 vertices; endpoints exact,m,unknown,unknown
309098,10485,10478,1,1,43.298562,,,,,1,,,,"LINESTRING(114.174021161 22.308357427,114.173937295 22.308392102,114.173923286 22.308418171,114.173925036 22.308471939,114.173940793 22.308574589,114.173937289 22.308693532)",physical,104549,10485,10478,true,ID_015438,1,NIGHTINGALE ROAD,14311,<=101 vertices; endpoints exact,m,unknown,unknown
309120,10485,10488,1,1,20.836698,,,,,1,,,,"LINESTRING(114.174021161 22.308357427,114.174071634 22.308318284,114.174124275 22.308282491,114.174164768 22.308227860)",physical,104560,10485,10488,true,ID_010101,3,QUEEN ELIZABETH HOSPITAL ROAD,14312,<=101 vertices; endpoints exact,m,unknown,unknown
366722,10485,10490,1,1,26.380138,,,,,1,,,,"LINESTRING(114.174021161 22.308357427,114.174055825 22.308342389,114.174068459 22.308338114,114.174082241 22.308338471,114.174090281 22.308338827,114.174201304 22.308355928,114.174207047 22.308359847,114.174211641 22.308365546,114.174218532 22.308380864,114.174222743 22.308404020,114.174221088 22.308415174)",physical,133361,10485,10490,true,ID_013699,3,<Null>,<Null>,<=101 vertices; endpoints exact,m,unknown,unknown
309068,10486,10436,1,1,149.244065,,,,,1,,,,"LINESTRING(114.174021676 22.307299979,114.173764729 22.307371484,114.173489150 22.307461769,114.173165441 22.307572999,114.172999316 22.307664730,114.172927897 22.307710957,114.172882096 22.307740571,114.172838624 22.307768017,114.172760995 22.307821468,114.172717873 22.307857498)",physical,104534,10486,10436,true,ID_025516,3,GASCOIGNE ROAD,10599,<=101 vertices; endpoints exact,m,unknown,unknown
642422,10487,10483,1,1,60.680196,,,,,1,,,,"LINESTRING(114.174145026 22.309022402,114.174001216 22.309553792)",physical,271211,10487,10483,true,ID_028115,3,-99,45361,<=101 vertices; endpoints exact,m,unknown,unknown
309118,10488,10489,1,1,23.679098,,,,,1,,,,"LINESTRING(114.174164768 22.308227860,114.174168816 22.308291912,114.174192500 22.308313180,114.174215470 22.308337404,114.174232314 22.308361628,114.174237291 22.308388346,114.174221088 22.308415173)",physical,104559,10488,10489,true,ID_013645,3,QUEEN ELIZABETH HOSPITAL ROAD,14312,<=101 vertices; endpoints exact,m,unknown,unknown
309091,10488,10496,1,-1,53.278252,,,,,1,,,,"LINESTRING(114.174164768 22.308227860,114.174307475 22.307765412)",physical,104545,10496,10488,true,ID_013646,1,QUEEN ELIZABETH HOSPITAL ROAD,14312,<=101 vertices; endpoints exact,m,unknown,unknown
309310,10489,10485,1,1,34.918392,,,,,1,,,,"LINESTRING(114.174221088 22.308415173,114.174213964 22.308436530,114.174203939 22.308455923,114.174189700 22.308471242,114.174181373 22.308477302,114.174166640 22.308483261,114.174148627 22.308488228,114.174131730 22.308489221,114.174113717 22.308487234,114.174095704 22.308482267,114.174079526 22.308480280,114.174064396 22.308471240,114.174045665 22.308455256,114.174021160 22.308408973,114.174019317 22.308384916,114.174021161 22.308357427)",physical,104655,10489,10485,true,ID_09818,3,<Null>,<Null>,<=101 vertices; endpoints exact,m,unknown,unknown
309379,10489,10511,1,-1,31.853919,,,,,1,,,,"LINESTRING(114.174221088 22.308415173,114.174523121 22.308476538)",physical,104689,10511,10489,true,ID_012484,1,QUEEN ELIZABETH HOSPITAL ROAD,14312,<=101 vertices; endpoints exact,m,unknown,unknown
309186,10491,10486,1,1,31.814137,,,,,1,,,,"LINESTRING(114.174222244 22.307123135,114.174220760 22.307143973,114.174220738 22.307144277,114.174209536 22.307215471,114.174021676 22.307299979)",physical,104593,10491,10486,true,ID_06639,3,GASCOIGNE ROAD,10599,<=101 vertices; endpoints exact,m,unknown,unknown
310405,10491,10494,1,-1,4.290529,,,,,1,,,,"LINESTRING(114.174222244 22.307123135,114.174261423 22.307110011)",physical,105202,10494,10491,true,ID_011011,1,GASCOIGNE ROAD,10599,<=101 vertices; endpoints exact,m,unknown,unknown
309144,10492,10481,1,1,35.605681,,,,,1,,,,"LINESTRING(114.174226947 22.307029808,114.174138956 22.306984551,114.174051063 22.306902027,114.173992526 22.306841144,114.173968181 22.306821304)",physical,104572,10492,10481,true,ID_09095,3,JORDAN ROAD,10904,<=101 vertices; endpoints exact,m,unknown,unknown
310367,10492,10494,1,-1,9.565961,,,,,1,,,,"LINESTRING(114.174226947 22.307029808,114.174248283 22.307078755,114.174248382 22.307078983,114.174256426 22.307097437,114.174261423 22.307110011)",physical,105183,10494,10492,true,ID_024757,1,GASCOIGNE ROAD,10599,<=101 vertices; endpoints exact,m,unknown,unknown
10000049,10493,24,1,1,,,,,,0,,,,"LINESTRING(114.174237482 22.300387275,114.174357833 22.300681791)",nonphysical_zone_access_in,,,,false,,,,,straight display only,not routable,not routable,not routable
10000051,10493,25,1,1,,,,,,0,,,,"LINESTRING(114.174237482 22.300387275,114.173783360 22.300260071)",nonphysical_zone_access_in,,,,false,,,,,straight display only,not routable,not routable,not routable
308414,10493,10452,1,1,100.631647,,,,,1,,,,"LINESTRING(114.174237482 22.300387275,114.174151422 22.300365230,114.174009629 22.300329126,114.173948489 22.300325059,114.173668945 22.300254521,114.173645226 22.300236340,114.173299281 22.300148253)",physical,104207,10493,10452,true,ID_030685,3,KIMBERLEY STREET,10995,<=101 vertices; endpoints exact,m,unknown,unknown
308488,10493,10554,1,1,166.733834,,,,,1,,,,"LINESTRING(114.174237482 22.300387275,114.174258874 22.300442969,114.174272157 22.300453012,114.174931099 22.300614334,114.175450173 22.300758170,114.175469911 22.300778423,114.175584852 22.301021179)",physical,104244,10493,10554,true,ID_030684,3,KIMBERLEY STREET,10995,<=101 vertices; endpoints exact,m,unknown,unknown
310404,10494,10491,1,1,4.290529,,,,,1,,,,"LINESTRING(114.174261423 22.307110011,114.174222244 22.307123135)",physical,105202,10494,10491,true,ID_011011,1,GASCOIGNE ROAD,10599,<=101 vertices; endpoints exact,m,unknown,unknown
310366,10494,10492,1,1,9.565961,,,,,1,,,,"LINESTRING(114.174261423 22.307110011,114.174256426 22.307097437,114.174248382 22.307078983,114.174248283 22.307078755,114.174226947 22.307029808)",physical,105183,10494,10492,true,ID_024757,1,GASCOIGNE ROAD,10599,<=101 vertices; endpoints exact,m,unknown,unknown
310351,10494,10495,1,-1,2.376137,,,,,1,,,,"LINESTRING(114.174261423 22.307110011,114.174282776 22.307101908)",physical,105175,10495,10494,true,ID_012322,1,GASCOIGNE ROAD,10599,<=101 vertices; endpoints exact,m,unknown,unknown
310369,10494,10498,1,-1,14.874396,,,,,1,,,,"LINESTRING(114.174261423 22.307110011,114.174269060 22.307128531,114.174269215 22.307128906,114.174313137 22.307235421)",physical,105184,10498,10494,true,ID_024758,1,GASCOIGNE ROAD,10599,<=101 vertices; endpoints exact,m,unknown,unknown
310350,10495,10494,1,1,2.376137,,,,,1,,,,"LINESTRING(114.174282776 22.307101908,114.174261423 22.307110011)",physical,105175,10495,10494,true,ID_012322,1,GASCOIGNE ROAD,10599,<=101 vertices; endpoints exact,m,unknown,unknown
310346,10495,10528,1,1,67.104824,,,,,1,,,,"LINESTRING(114.174282776 22.307101908,114.174305251 22.307060391,114.174337237 22.307001305,114.174837672 22.306838328)",physical,105173,10495,10528,true,ID_012320,3,GASCOIGNE ROAD,10599,<=101 vertices; endpoints exact,m,unknown,unknown
309090,10496,10488,1,1,53.278252,,,,,1,,,,"LINESTRING(114.174307475 22.307765412,114.174164768 22.308227860)",physical,104545,10496,10488,true,ID_013646,1,QUEEN ELIZABETH HOSPITAL ROAD,14312,<=101 vertices; endpoints exact,m,unknown,unknown
309322,10496,10501,1,1,40.677425,,,,,1,,,,"LINESTRING(114.174307475 22.307765412,114.174313941 22.307662653,114.174336012 22.307589072,114.174350726 22.307527474,114.174354405 22.307486403,114.174343342 22.307403339)",physical,104661,10496,10501,true,ID_011462,3,QUEEN ELIZABETH HOSPITAL ROAD,14312,<=101 vertices; endpoints exact,m,unknown,unknown
309341,10497,10532,1,-1,89.361118,,,,,1,,,,"LINESTRING(114.174311734 22.311664294,114.174362138 22.311607103,114.174418142 22.311547987,114.174461372 22.311512030,114.174499362 22.311491003,114.174544121 22.311471484,114.174753721 22.311415688,114.174783415 22.311404313,114.174836397 22.311379392,114.174875989 22.311349055,114.174921986 22.311305175,114.174997685 22.311212815)",physical,104670,10532,10497,true,ID_029355,1,KING'S PARK HILL ROAD,14023,<=101 vertices; endpoints exact,m,unknown,unknown
310368,10498,10494,1,1,14.874396,,,,,1,,,,"LINESTRING(114.174313137 22.307235421,114.174269215 22.307128906,114.174269060 22.307128531,114.174261423 22.307110011)",physical,105184,10498,10494,true,ID_024758,1,GASCOIGNE ROAD,10599,<=101 vertices; endpoints exact,m,unknown,unknown
309142,10498,10504,1,1,35.378421,,,,,1,,,,"LINESTRING(114.174313137 22.307235421,114.174370418 22.307254140,114.174406222 22.307349284,114.174420285 22.307411586,114.174418273 22.307510096)",physical,104571,10498,10504,true,ID_011906,3,QUEEN ELIZABETH HOSPITAL ROAD,14312,<=101 vertices; endpoints exact,m,unknown,unknown
308494,10499,10455,1,1,99.846598,,,,,1,,,,"LINESTRING(114.174330776 22.300077362,114.173393598 22.299848276)",physical,104247,10499,10455,true,ID_033957,3,GRANVILLE ROAD,10622,<=101 vertices; endpoints exact,m,unknown,unknown
308492,10499,10493,1,1,35.639091,,,,,1,,,,"LINESTRING(114.174330776 22.300077362,114.174237482 22.300387275)",physical,104246,10499,10493,true,ID_032792,3,SHUN YEE STREET,12096,<=101 vertices; endpoints exact,m,unknown,unknown
309059,10500,10459,1,-1,170.282429,,,,,1,,,,"LINESTRING(114.174340438 22.305217934,114.174260531 22.305249625,114.174186191 22.305278573,114.174147876 22.305295638,114.174066126 22.305345088,114.174007730 22.305383826,114.173934044 22.305441761,114.173916913 22.305460616,114.173886517 22.305493869,114.173833094 22.305555404,114.173813936 22.305580601,114.173788146 22.305618311,114.173765856 22.305654649,114.173747065 22.305696644,114.173725328 22.305750466,114.173462838 22.306435575)",physical,104529,10459,10500,true,ID_031685,1,JORDAN PATH,10903,<=101 vertices; endpoints exact,m,unknown,unknown
310075,10500,10506,1,-1,11.716153,,,,,1,,,,"LINESTRING(114.174340438 22.305217934,114.174419398 22.305152526,114.174425282 22.305147497)",physical,105037,10506,10500,true,ID_031686,1,JORDAN PATH,10903,<=101 vertices; endpoints exact,m,unknown,unknown
310073,10500,10510,1,-1,12.390514,,,,,1,,,,"LINESTRING(114.174340438 22.305217934,114.174451359 22.305216223,114.174460326 22.305213883)",physical,105036,10510,10500,true,ID_013343,1,-99,45367,<=101 vertices; endpoints exact,m,unknown,unknown
309306,10501,10486,1,1,35.797962,,,,,1,,,,"LINESTRING(114.174343342 22.307403339,114.174296263 22.307369112,114.174263897 22.307349949,114.174233006 22.307337631,114.174190342 22.307326676,114.174102023 22.307317941,114.174021676 22.307299979)",physical,104653,10501,10486,true,ID_07475,3,GASCOIGNE ROAD,10599,<=101 vertices; endpoints exact,m,unknown,unknown
309362,10501,10498,1,1,19.064261,,,,,1,,,,"LINESTRING(114.174343342 22.307403339,114.174308413 22.307272829,114.174313137 22.307235421)",physical,104681,10501,10498,true,ID_024765,3,QUEEN ELIZABETH HOSPITAL ROAD,14312,<=101 vertices; endpoints exact,m,unknown,unknown
310440,10502,10495,1,1,12.190569,,,,,1,,,,"LINESTRING(114.174381369 22.307162761,114.174306512 22.307116558,114.174282776 22.307101908)",physical,105220,10502,10495,true,ID_012686,3,GASCOIGNE ROAD,10599,<=101 vertices; endpoints exact,m,unknown,unknown
308405,10503,10522,1,-1,30.137528,,,,,1,,,,"LINESTRING(114.174398454 22.301634371,114.174643178 22.301485331)",physical,104202,10522,10503,true,ID_09451,1,OBSERVATORY ROAD,11562,<=101 vertices; endpoints exact,m,unknown,unknown
309140,10504,10496,1,1,30.600626,,,,,1,,,,"LINESTRING(114.174418273 22.307510096,114.174399923 22.307569386,114.174376634 22.307632228,114.174360331 22.307672677,114.174307475 22.307765412)",physical,104570,10504,10496,true,ID_012382,3,QUEEN ELIZABETH HOSPITAL ROAD,14312,<=101 vertices; endpoints exact,m,unknown,unknown
10000055,10505,27,1,1,,,,,,0,,,,"LINESTRING(114.174420350 22.299633230,114.174781957 22.299749837)",nonphysical_zone_access_in,,,,false,,,,,straight display only,not routable,not routable,not routable
10000057,10505,28,1,1,,,,,,0,,,,"LINESTRING(114.174420350 22.299633230,114.174804778 22.298960729)",nonphysical_zone_access_in,,,,false,,,,,straight display only,not routable,not routable,not routable
308501,10505,10465,1,-1,95.577799,,,,,1,,,,"LINESTRING(114.174420350 22.299633230,114.173524193 22.299410595)",physical,104250,10465,10505,true,ID_034097,1,HAU FOOK STREET,10667,<=101 vertices; endpoints exact,m,unknown,unknown
310074,10506,10500,1,1,11.716153,,,,,1,,,,"LINESTRING(114.174425282 22.305147497,114.174419398 22.305152526,114.174340438 22.305217934)",physical,105037,10506,10500,true,ID_031686,1,JORDAN PATH,10903,<=101 vertices; endpoints exact,m,unknown,unknown
310224,10507,10467,1,1,81.872825,,,,,1,,,,"LINESTRING(114.174434561 22.297191350,114.174396304 22.297185346,114.173645692 22.297103626)",physical,105112,10507,10467,true,ID_025810,3,MODY ROAD,11451,<=101 vertices; endpoints exact,m,unknown,unknown
10000065,10508,32,1,1,,,,,,0,,,,"LINESTRING(114.174437594 22.297968228,114.174657798 22.298210549)",nonphysical_zone_access_in,,,,false,,,,,straight display only,not routable,not routable,not routable
309924,10508,10518,1,1,88.342945,,,,,1,,,,"LINESTRING(114.174437594 22.297968228,114.174525421 22.297896247,114.174600232 22.297321684,114.174577021 22.297213704)",physical,104962,10508,10518,true,ID_029179,3,HART AVENUE,10665,<=101 vertices; endpoints exact,m,unknown,unknown
308428,10508,10555,1,1,124.922614,,,,,1,,,,"LINESTRING(114.174437594 22.297968228,114.174511290 22.298051829,114.174526981 22.298060721,114.174747263 22.298085437,114.174769054 22.298083120,114.174854976 22.298048937,114.174874901 22.298045461,114.175108384 22.298071536,114.175123327 22.298069219,114.175154731 22.298050324,114.175584916 22.298091988)",physical,104214,10508,10555,true,ID_029177,3,HART AVENUE,10665,<=101 vertices; endpoints exact,m,unknown,unknown
308473,10509,10462,1,-1,98.175437,,,,,1,,,,"LINESTRING(114.174454250 22.302811464,114.173502745 22.302765708)",physical,104236,10462,10509,true,ID_017657,1,HILLWOOD ROAD,10709,<=101 vertices; endpoints exact,m,unknown,unknown
10000035,10510,17,1,1,,,,,,0,,,,"LINESTRING(114.174460326 22.305213883,114.175318069 22.304976847)",nonphysical_zone_access_in,,,,false,,,,,straight display only,not routable,not routable,not routable
310072,10510,10500,1,1,12.390514,,,,,1,,,,"LINESTRING(114.174460326 22.305213883,114.174451359 22.305216223,114.174340438 22.305217934)",physical,105036,10510,10500,true,ID_013343,1,-99,45367,<=101 vertices; endpoints exact,m,unknown,unknown
309378,10511,10489,1,1,31.853919,,,,,1,,,,"LINESTRING(114.174523121 22.308476538,114.174221088 22.308415173)",physical,104689,10511,10489,true,ID_012484,1,QUEEN ELIZABETH HOSPITAL ROAD,14312,<=101 vertices; endpoints exact,m,unknown,unknown
642287,10511,10533,1,-1,54.143212,,,,,1,,,,"LINESTRING(114.174523121 22.308476538,114.175031747 22.308599349)",physical,271143,10533,10511,true,ID_029006,1,QUEEN ELIZABETH HOSPITAL ROAD,14312,<=101 vertices; endpoints exact,m,unknown,unknown
308600,10512,10468,1,1,91.727543,,,,,1,,,,"LINESTRING(114.174534758 22.303423325,114.174271453 22.303420156,114.174006848 22.303416919,114.173727624 22.303412503,114.173656915 22.303372085)",physical,104300,10512,10468,true,ID_010679,3,AUSTIN ROAD,10037,<=101 vertices; endpoints exact,m,unknown,unknown
308608,10513,10512,1,1,9.500818,,,,,1,,,,"LINESTRING(114.174537873 22.303337576,114.174534758 22.303423325)",physical,104304,10513,10512,true,ID_027840,3,AUSTIN ROAD,10037,<=101 vertices; endpoints exact,m,unknown,unknown
667532,10513,10526,1,1,28.948617,,,,,1,,,,"LINESTRING(114.174537873 22.303337576,114.174669852 22.303346450,114.174771870 22.303357442,114.174817761 22.303358945)",physical,283766,10513,10526,true,ID_035454,3,AUSTIN ROAD,10037,<=101 vertices; endpoints exact,m,unknown,unknown
308572,10513,10540,1,1,118.041977,,,,,1,,,,"LINESTRING(114.174537873 22.303337576,114.174540830 22.303296658,114.174546436 22.303236691,114.174557177 22.303206708,114.174587727 22.303181966,114.174634229 22.303146743,114.174763585 22.303071569,114.174873795 22.302995091,114.175019962 22.302875160,114.175113346 22.302792185,114.175172557 22.302714387,114.175260175 22.302561761)",physical,104286,10513,10540,true,ID_010628,1,AUSTIN AVENUE,10036,<=101 vertices; endpoints exact,m,unknown,unknown
308395,10514,10523,1,-1,23.017687,,,,,1,,,,"LINESTRING(114.174559264 22.301310745,114.174617851 22.301323506,114.174660233 22.301336266,114.174713835 22.301366425,114.174761203 22.301394265)",physical,104197,10523,10514,true,ID_034732,1,KNUTSFORD TERRACE,11049,<=101 vertices; endpoints exact,m,unknown,unknown
310235,10515,10517,1,-1,17.075227,,,,,1,,,,"LINESTRING(114.174567666 22.296628185,114.174573465 22.296782291)",physical,105117,10517,10515,true,ID_022989,1,BLENHEIM AVENUE,10065,<=101 vertices; endpoints exact,m,unknown,unknown
10000071,10516,35,1,1,,,,,,0,,,,"LINESTRING(114.174572582 22.296893252,114.174644418 22.296890661)",nonphysical_zone_access_in,,,,false,,,,,straight display only,not routable,not routable,not routable
310220,10516,10517,1,1,12.287635,,,,,1,,,,"LINESTRING(114.174572582 22.296893252,114.174573465 22.296782291)",physical,105110,10516,10517,true,ID_022990,1,BLENHEIM AVENUE,10065,<=101 vertices; endpoints exact,m,unknown,unknown
310228,10516,10518,1,1,35.487956,,,,,1,,,,"LINESTRING(114.174572582 22.296893252,114.174577021 22.297213704)",physical,105114,10516,10518,true,ID_022991,3,BLENHEIM AVENUE,10065,<=101 vertices; endpoints exact,m,unknown,unknown
310234,10517,10515,1,1,17.075227,,,,,1,,,,"LINESTRING(114.174573465 22.296782291,114.174567666 22.296628185)",physical,105117,10517,10515,true,ID_022989,1,BLENHEIM AVENUE,10065,<=101 vertices; endpoints exact,m,unknown,unknown
310221,10517,10516,1,-1,12.287635,,,,,1,,,,"LINESTRING(114.174573465 22.296782291,114.174572582 22.296893252)",physical,105110,10516,10517,true,ID_022990,1,BLENHEIM AVENUE,10065,<=101 vertices; endpoints exact,m,unknown,unknown
310232,10517,10534,1,1,48.050263,,,,,1,,,,"LINESTRING(114.174573465 22.296782291,114.175034132 22.296715053)",physical,105116,10517,10534,true,ID_033386,1,MINDEN AVENUE,11430,<=101 vertices; endpoints exact,m,unknown,unknown
644740,10518,10507,1,1,14.887119,,,,,1,,,,"LINESTRING(114.174577021 22.297213704,114.174434561 22.297191350)",physical,272370,10518,10507,true,ID_025742,3,MODY ROAD,11451,<=101 vertices; endpoints exact,m,unknown,unknown
310050,10519,10502,1,1,21.078835,,,,,1,,,,"LINESTRING(114.174583312 22.307140716,114.174505685 22.307159495,114.174381369 22.307162761)",physical,105025,10519,10502,true,ID_013341,3,GASCOIGNE ROAD,10599,<=101 vertices; endpoints exact,m,unknown,unknown
309934,10519,10504,1,1,44.827519,,,,,1,,,,"LINESTRING(114.174583312 22.307140716,114.174524515 22.307214586,114.174504162 22.307250741,114.174477780 22.307307003,114.174457456 22.307393165,114.174418273 22.307510096)",physical,104967,10519,10504,true,ID_012331,3,QUEEN ELIZABETH HOSPITAL ROAD,14312,<=101 vertices; endpoints exact,m,unknown,unknown
309900,10520,10451,1,1,148.035318,,,,,1,,,,"LINESTRING(114.174594971 22.295077449,114.174399474 22.295016610,114.174169110 22.294958668,114.173916954 22.294899566,114.173717098 22.294865378,114.173482999 22.294836984,114.173275048 22.294825391,114.173195142 22.294849999)",physical,104950,10520,10451,true,ID_013592,3,SALISBURY ROAD,11869,<=101 vertices; endpoints exact,m,unknown,unknown
308672,10521,10565,1,1,130.583837,,,,,1,,,,"LINESTRING(114.174622359 22.295012873,114.174695799 22.295038844,114.174942286 22.295124864,114.174945828 22.295126303,114.174948817 22.295127515,114.175154111 22.295210883,114.175207442 22.295236503,114.175223573 22.295244253,114.175237404 22.295250897,114.175278220 22.295270504,114.175278532 22.295270654,114.175281750 22.295272200,114.175336321 22.295298416,114.175342586 22.295301426,114.175360277 22.295309924,114.175569684 22.295417256,114.175572529 22.295418715,114.175635539 22.295451011,114.175764295 22.295518971)",physical,104336,10521,10565,true,ID_05319,3,SALISBURY ROAD,11869,<=101 vertices; endpoints exact,m,unknown,unknown
308404,10522,10503,1,1,30.137528,,,,,1,,,,"LINESTRING(114.174643178 22.301485331,114.174398454 22.301634371)",physical,104202,10522,10503,true,ID_09451,1,OBSERVATORY ROAD,11562,<=101 vertices; endpoints exact,m,unknown,unknown
308393,10522,10523,1,-1,15.798582,,,,,1,,,,"LINESTRING(114.174643178 22.301485331,114.174761203 22.301394265)",physical,104196,10523,10522,true,ID_09396,1,OBSERVATORY ROAD,11562,<=101 vertices; endpoints exact,m,unknown,unknown
308402,10522,10527,1,1,53.413805,,,,,1,,,,"LINESTRING(114.174643178 22.301485331,114.174821408 22.301938282)",physical,104201,10522,10527,true,ID_034554,1,OBSERVATORY COURT,11561,<=101 vertices; endpoints exact,m,unknown,unknown
308394,10523,10514,1,1,23.017687,,,,,1,,,,"LINESTRING(114.174761203 22.301394265,114.174713835 22.301366425,114.174660233 22.301336266,114.174617851 22.301323506,114.174559264 22.301310745)",physical,104197,10523,10514,true,ID_034732,1,KNUTSFORD TERRACE,11049,<=101 vertices; endpoints exact,m,unknown,unknown
308392,10523,10522,1,1,15.798582,,,,,1,,,,"LINESTRING(114.174761203 22.301394265,114.174643178 22.301485331)",physical,104196,10523,10522,true,ID_09396,1,OBSERVATORY ROAD,11562,<=101 vertices; endpoints exact,m,unknown,unknown
308565,10523,10535,1,-1,40.395209,,,,,1,,,,"LINESTRING(114.174761203 22.301394265,114.175095241 22.301203331)",physical,104282,10535,10523,true,ID_010625,1,OBSERVATORY ROAD,11562,<=101 vertices; endpoints exact,m,unknown,unknown
308328,10524,10456,1,1,145.560416,,,,,1,,,,"LINESTRING(114.174771071 22.295220766,114.174515748 22.295133835,114.174241491 22.295052798,114.173923027 22.294977004,114.173725277 22.294933992,114.173503514 22.294900883,114.173407039 22.294904191)",physical,104164,10524,10456,true,ID_04668,3,SALISBURY ROAD,11869,<=101 vertices; endpoints exact,m,unknown,unknown
667534,10525,10512,1,1,29.079729,,,,,1,,,,"LINESTRING(114.174816933 22.303427105,114.174753657 22.303427185,114.174534758 22.303423325)",physical,283767,10525,10512,true,ID_035455,3,AUSTIN ROAD,10037,<=101 vertices; endpoints exact,m,unknown,unknown
308376,10526,10615,1,1,232.196305,,,,,1,,,,"LINESTRING(114.174817761 22.303358945,114.175240689 22.303372795,114.175616217 22.303386846,114.175803835 22.303390803,114.175872481 22.303392541,114.175935524 22.303389500,114.176002303 22.303382113,114.176064395 22.303369290,114.176126054 22.303352565,114.176200304 22.303327362,114.176285661 22.303296585,114.176379912 22.303255126,114.176566887 22.303181792,114.176884465 22.303039793,114.176992013 22.303019227)",physical,104188,10526,10615,true,ID_035355,3,AUSTIN ROAD,10037,<=101 vertices; endpoints exact,m,unknown,unknown
10000061,10527,30,1,1,,,,,,0,,,,"LINESTRING(114.174821408 22.301938282,114.174958334 22.302046254)",nonphysical_zone_access_in,,,,false,,,,,straight display only,not routable,not routable,not routable
308403,10527,10522,1,-1,53.413805,,,,,1,,,,"LINESTRING(114.174821408 22.301938282,114.174643178 22.301485331)",physical,104201,10522,10527,true,ID_034554,1,OBSERVATORY COURT,11561,<=101 vertices; endpoints exact,m,unknown,unknown
309992,10528,10543,1,1,53.144509,,,,,1,,,,"LINESTRING(114.174837672 22.306838328,114.175325090 22.306681393)",physical,104996,10528,10543,true,ID_034911,3,GASCOIGNE ROAD,10599,<=101 vertices; endpoints exact,m,unknown,unknown
308332,10529,10524,1,1,43.149696,,,,,1,,,,"LINESTRING(114.174858401 22.294976601,114.174906305 22.295027346,114.174930587 22.295059627,114.174945328 22.295099169,114.174947653 22.295118054,114.174945828 22.295126303,114.174937765 22.295162763,114.174919505 22.295186332,114.174912030 22.295195981,114.174865544 22.295214569,114.174819583 22.295216182,114.174771071 22.295220766)",physical,104166,10529,10524,true,ID_04707,3,SALISBURY ROAD,11869,<=101 vertices; endpoints exact,m,unknown,unknown
309888,10529,10537,1,1,54.188366,,,,,1,,,,"LINESTRING(114.174858401 22.294976601,114.175195325 22.295129295,114.175207442 22.295236503,114.175211130 22.295269138)",physical,104944,10529,10537,true,ID_013587,3,SALISBURY ROAD,11869,<=101 vertices; endpoints exact,m,unknown,unknown
308420,10530,10499,1,1,66.220418,,,,,1,,,,"LINESTRING(114.174953299 22.300225839,114.174330776 22.300077362)",physical,104210,10530,10499,true,ID_033955,3,GRANVILLE ROAD,10622,<=101 vertices; endpoints exact,m,unknown,unknown
308330,10531,10524,1,1,20.055303,,,,,1,,,,"LINESTRING(114.174955287 22.295279197,114.174771071 22.295220766)",physical,104165,10531,10524,true,ID_04706,3,SALISBURY ROAD,11869,<=101 vertices; endpoints exact,m,unknown,unknown
10000169,10532,84,1,1,,,,,,0,,,,"LINESTRING(114.174997685 22.311212815,114.175413749 22.311657995)",nonphysical_zone_access_in,,,,false,,,,,straight display only,not routable,not routable,not routable
309106,10532,10484,1,1,106.932832,,,,,1,,,,"LINESTRING(114.174997685 22.311212815,114.174832761 22.311203508,114.174725633 22.311205674,114.174644849 22.311220593,114.174582843 22.311238469,114.174534809 22.311256753,114.174457519 22.311292912,114.174392892 22.311329479,114.174332631 22.311362389,114.174274990 22.311387985,114.174193770 22.311410330,114.174123030 22.311418456,114.174008619 22.311418242)",physical,104553,10532,10484,true,ID_029357,1,KING'S PARK RISE,11037,<=101 vertices; endpoints exact,m,unknown,unknown
309340,10532,10497,1,1,89.361118,,,,,1,,,,"LINESTRING(114.174997685 22.311212815,114.174921986 22.311305175,114.174875989 22.311349055,114.174836397 22.311379392,114.174783415 22.311404313,114.174753721 22.311415688,114.174544121 22.311471484,114.174499362 22.311491003,114.174461372 22.311512030,114.174418142 22.311547987,114.174362138 22.311607103,114.174311734 22.311664294)",physical,104670,10532,10497,true,ID_029355,1,KING'S PARK HILL ROAD,14023,<=101 vertices; endpoints exact,m,unknown,unknown
309137,10532,10584,1,-1,123.906327,,,,,1,,,,"LINESTRING(114.174997685 22.311212815,114.175829087 22.311239091,114.175937962 22.311239092,114.176021801 22.311221756,114.176184955 22.311160538)",physical,104568,10584,10532,true,ID_029358,1,KING'S PARK RISE,11037,<=101 vertices; endpoints exact,m,unknown,unknown
642286,10533,10511,1,1,54.143212,,,,,1,,,,"LINESTRING(114.175031747 22.308599349,114.174523121 22.308476538)",physical,271143,10533,10511,true,ID_029006,1,QUEEN ELIZABETH HOSPITAL ROAD,14312,<=101 vertices; endpoints exact,m,unknown,unknown
310233,10534,10517,1,-1,48.050263,,,,,1,,,,"LINESTRING(114.175034132 22.296715053,114.174573465 22.296782291)",physical,105116,10517,10534,true,ID_033386,1,MINDEN AVENUE,11430,<=101 vertices; endpoints exact,m,unknown,unknown
308570,10535,10450,1,1,214.314444,,,,,1,,,,"LINESTRING(114.175095241 22.301203331,114.174926542 22.301053256,114.174726317 22.300948209,114.174565406 22.300899634,114.174149647 22.300814241,114.173150603 22.300615232)",physical,104285,10535,10450,true,ID_010627,3,KIMBERLEY ROAD,10994,<=101 vertices; endpoints exact,m,unknown,unknown
308564,10535,10523,1,1,40.395209,,,,,1,,,,"LINESTRING(114.175095241 22.301203331,114.174761203 22.301394265)",physical,104282,10535,10523,true,ID_010625,1,OBSERVATORY ROAD,11562,<=101 vertices; endpoints exact,m,unknown,unknown
308397,10535,10554,1,-1,54.356772,,,,,1,,,,"LINESTRING(114.175095241 22.301203331,114.175352208 22.301110436,114.175455981 22.301065631,114.175584852 22.301021179)",physical,104198,10554,10535,true,ID_09397,1,OBSERVATORY ROAD,11562,<=101 vertices; endpoints exact,m,unknown,unknown
310500,10536,10502,1,1,87.749572,,,,,1,,,,"LINESTRING(114.175183530 22.306904446,114.174807762 22.307007547,114.174489127 22.307104547,114.174381369 22.307162761)",physical,105250,10536,10502,true,ID_022256,3,GASCOIGNE ROAD FLYOVER,14494,<=101 vertices; endpoints exact,m,unknown,unknown
309876,10537,10531,1,1,29.279251,,,,,1,,,,"LINESTRING(114.175211130 22.295269138,114.175164917 22.295296492,114.175108733 22.295329749,114.174955287 22.295279197)",physical,104938,10537,10531,true,ID_013116,3,SALISBURY ROAD,11869,<=101 vertices; endpoints exact,m,unknown,unknown
309886,10537,10541,1,1,7.056705,,,,,1,,,,"LINESTRING(114.175211130 22.295269138,114.175272589 22.295297247)",physical,104943,10537,10541,true,ID_013586,1,SALISBURY ROAD,11869,<=101 vertices; endpoints exact,m,unknown,unknown
309884,10538,10531,1,1,74.061147,,,,,1,,,,"LINESTRING(114.175227639 22.295885500,114.175199725 22.295850245,114.175151873 22.295642429,114.175110003 22.295519966,114.175080606 22.295438108,114.175031176 22.295367899,114.174993021 22.295329970,114.174972208 22.295304146,114.174955287 22.295279197)",physical,104942,10538,10531,true,ID_013651,3,CHATHAM ROAD SOUTH,10167,<=101 vertices; endpoints exact,m,unknown,unknown
309878,10538,10539,1,1,51.777375,,,,,1,,,,"LINESTRING(114.175227639 22.295885500,114.175242635 22.295840784,114.175183896 22.295506568,114.175243639 22.295446179)",physical,104939,10538,10539,true,ID_013117,3,CHATHAM ROAD SOUTH,10167,<=101 vertices; endpoints exact,m,unknown,unknown
308335,10539,10541,1,-1,16.759623,,,,,1,,,,"LINESTRING(114.175243639 22.295446179,114.175263459 22.295344218,114.175272589 22.295297247)",physical,104167,10541,10539,true,ID_04708,1,CHATHAM ROAD SOUTH,10167,<=101 vertices; endpoints exact,m,unknown,unknown
354580,10539,10544,1,1,38.656572,,,,,1,,,,"LINESTRING(114.175243639 22.295446179,114.175301947 22.295550910,114.175338582 22.295779523)",physical,127290,10539,10544,true,ID_08425,3,CHATHAM ROAD SOUTH,10167,<=101 vertices; endpoints exact,m,unknown,unknown
308573,10540,10513,1,-1,118.041977,,,,,1,,,,"LINESTRING(114.175260175 22.302561761,114.175172557 22.302714387,114.175113346 22.302792185,114.175019962 22.302875160,114.174873795 22.302995091,114.174763585 22.303071569,114.174634229 22.303146743,114.174587727 22.303181966,114.174557177 22.303206708,114.174546436 22.303236691,114.174540830 22.303296658,114.174537873 22.303337576)",physical,104286,10513,10540,true,ID_010628,1,AUSTIN AVENUE,10036,<=101 vertices; endpoints exact,m,unknown,unknown
308554,10540,10546,1,1,74.196117,,,,,1,,,,"LINESTRING(114.175260175 22.302561761,114.175284713 22.302470183,114.175414930 22.302165047,114.175438042 22.302106619,114.175439562 22.302079040,114.175432243 22.302046353,114.175410978 22.301996881,114.175396478 22.301956403,114.175402444 22.301928831)",physical,104277,10540,10546,true,ID_010621,3,AUSTIN AVENUE,10036,<=101 vertices; endpoints exact,m,unknown,unknown
309887,10541,10537,1,-1,7.056705,,,,,1,,,,"LINESTRING(114.175272589 22.295297247,114.175211130 22.295269138)",physical,104943,10537,10541,true,ID_013586,1,SALISBURY ROAD,11869,<=101 vertices; endpoints exact,m,unknown,unknown
308334,10541,10539,1,1,16.759623,,,,,1,,,,"LINESTRING(114.175272589 22.295297247,114.175263459 22.295344218,114.175243639 22.295446179)",physical,104167,10541,10539,true,ID_04708,1,CHATHAM ROAD SOUTH,10167,<=101 vertices; endpoints exact,m,unknown,unknown
308360,10541,10542,1,1,5.686562,,,,,1,,,,"LINESTRING(114.175272589 22.295297247,114.175323165 22.295317791)",physical,104180,10541,10542,true,ID_010115,1,SALISBURY ROAD,11869,<=101 vertices; endpoints exact,m,unknown,unknown
308326,10541,10545,1,1,33.042447,,,,,1,,,,"LINESTRING(114.175272589 22.295297247,114.175278532 22.295270654,114.175320103 22.295084599,114.175346596 22.295007234)",physical,104163,10541,10545,true,ID_027385,1,<Null>,<Null>,<=101 vertices; endpoints exact,m,unknown,unknown
308361,10542,10541,1,-1,5.686562,,,,,1,,,,"LINESTRING(114.175323165 22.295317791,114.175272589 22.295297247)",physical,104180,10541,10542,true,ID_010115,1,SALISBURY ROAD,11869,<=101 vertices; endpoints exact,m,unknown,unknown
308358,10542,10575,1,1,82.98459,,,,,1,,,,"LINESTRING(114.175323165 22.295317791,114.175342586 22.295301426,114.175428594 22.295228952,114.175732111 22.295381920,114.175939802 22.295524169,114.175988769 22.295556480)",physical,104179,10542,10575,true,ID_010114,3,SALISBURY ROAD,11869,<=101 vertices; endpoints exact,m,unknown,unknown
310502,10543,10581,1,1,87.458317,,,,,1,,,,"LINESTRING(114.175325090 22.306681393,114.175476163 22.306670848,114.175695760 22.306608560,114.176139977 22.306472334)",physical,105251,10543,10581,true,ID_030527,3,GASCOIGNE ROAD FLYOVER,14494,<=101 vertices; endpoints exact,m,unknown,unknown
309990,10543,10617,1,1,183.813137,,,,,1,,,,"LINESTRING(114.175325090 22.306681393,114.175463772 22.306621852,114.175699759 22.306548176,114.176403835 22.306323418,114.177009324 22.306136579)",physical,104995,10543,10617,true,ID_012521,3,GASCOIGNE ROAD,10599,<=101 vertices; endpoints exact,m,unknown,unknown
310216,10544,10550,1,1,157.42957,,,,,1,,,,"LINESTRING(114.175338582 22.295779523,114.175553425 22.297120184,114.175507315 22.297170596)",physical,105108,10544,10550,true,ID_08424,3,CHATHAM ROAD SOUTH,10167,<=101 vertices; endpoints exact,m,unknown,unknown
308327,10545,10541,1,-1,33.042447,,,,,1,,,,"LINESTRING(114.175346596 22.295007234,114.175320103 22.295084599,114.175278532 22.295270654,114.175272589 22.295297247)",physical,104163,10541,10545,true,ID_027385,1,<Null>,<Null>,<=101 vertices; endpoints exact,m,unknown,unknown
331601,10545,10549,1,-1,16.332199,,,,,1,,,,"LINESTRING(114.175346596 22.295007234,114.175505086 22.295006358)",physical,115800,10549,10545,true,ID_027386,1,<Null>,<Null>,<=101 vertices; endpoints exact,m,unknown,unknown
308406,10546,10535,1,1,86.362341,,,,,1,,,,"LINESTRING(114.175402444 22.301928831,114.175264584 22.301613223,114.175136978 22.301294420,114.175095241 22.301203331)",physical,104203,10546,10535,true,ID_09452,3,KIMBERLEY ROAD,10994,<=101 vertices; endpoints exact,m,unknown,unknown
654568,10547,10544,1,1,13.168204,,,,,1,,,,"LINESTRING(114.175415831 22.295685747,114.175389169 22.295708217,114.175338582 22.295779523)",physical,277284,10547,10544,true,ID_019058,3,CHATHAM ROAD SOUTH,10167,<=101 vertices; endpoints exact,m,unknown,unknown
308632,10548,10546,1,1,7.06001,,,,,1,,,,"LINESTRING(114.175465663 22.301948870,114.175450886 22.301947973,114.175432632 22.301945887,114.175402444 22.301928831)",physical,104316,10548,10546,true,ID_08319,3,KIMBERLEY ROAD,10994,<=101 vertices; endpoints exact,m,unknown,unknown
308400,10548,10557,1,1,47.40842,,,,,1,,,,"LINESTRING(114.175465663 22.301948870,114.175625687 22.302350267)",physical,104200,10548,10557,true,ID_09450,3,KIMBERLEY ROAD,10994,<=101 vertices; endpoints exact,m,unknown,unknown
331600,10549,10545,1,1,16.332199,,,,,1,,,,"LINESTRING(114.175505086 22.295006358,114.175346596 22.295007234)",physical,115800,10549,10545,true,ID_027386,1,<Null>,<Null>,<=101 vertices; endpoints exact,m,unknown,unknown
308336,10550,10538,1,1,148.944267,,,,,1,,,,"LINESTRING(114.175507315 22.297170596,114.175428902 22.297135632,114.175291935 22.296246465,114.175227639 22.295885500)",physical,104168,10550,10538,true,ID_04709,3,CHATHAM ROAD SOUTH,10167,<=101 vertices; endpoints exact,m,unknown,unknown
309898,10550,10551,1,1,10.764488,,,,,1,,,,"LINESTRING(114.175507315 22.297170596,114.175521391 22.297266919)",physical,104949,10550,10551,true,ID_013591,1,CHATHAM ROAD SOUTH,10167,<=101 vertices; endpoints exact,m,unknown,unknown
310222,10551,10518,1,1,98.10617,,,,,1,,,,"LINESTRING(114.175521391 22.297266919,114.175381581 22.297290908,114.175299395 22.297294770,114.174577021 22.297213704)",physical,105111,10551,10518,true,ID_011867,3,MODY ROAD,11451,<=101 vertices; endpoints exact,m,unknown,unknown
309899,10551,10550,1,-1,10.764488,,,,,1,,,,"LINESTRING(114.175521391 22.297266919,114.175507315 22.297170596)",physical,104949,10550,10551,true,ID_013591,1,CHATHAM ROAD SOUTH,10167,<=101 vertices; endpoints exact,m,unknown,unknown
309896,10551,10552,1,1,6.025775,,,,,1,,,,"LINESTRING(114.175521391 22.297266919,114.175529272 22.297320839)",physical,104948,10551,10552,true,ID_013590,1,CHATHAM ROAD SOUTH,10167,<=101 vertices; endpoints exact,m,unknown,unknown
310450,10551,10556,1,1,7.80647,,,,,1,,,,"LINESTRING(114.175521391 22.297266919,114.175590204 22.297237433)",physical,105225,10551,10556,true,ID_027875,1,MODY ROAD,11451,<=101 vertices; endpoints exact,m,unknown,unknown
10000067,10552,33,1,1,,,,,,0,,,,"LINESTRING(114.175529272 22.297320839,114.175060879 22.297683470)",nonphysical_zone_access_in,,,,false,,,,,straight display only,not routable,not routable,not routable
309897,10552,10551,1,-1,6.025775,,,,,1,,,,"LINESTRING(114.175529272 22.297320839,114.175521391 22.297266919)",physical,104948,10551,10552,true,ID_013590,1,CHATHAM ROAD SOUTH,10167,<=101 vertices; endpoints exact,m,unknown,unknown
309914,10552,10577,1,1,284.100726,,,,,1,,,,"LINESTRING(114.175529272 22.297320839,114.175596248 22.297369722,114.175720279 22.298097417,114.175768427 22.298396381,114.175805263 22.298661813,114.175882727 22.299197789,114.175926256 22.299399482,114.175960717 22.299500750,114.175997898 22.299627336,114.176041543 22.299761418,114.176033030 22.299816444)",physical,104957,10552,10577,true,ID_012842,3,CHATHAM ROAD SOUTH,10167,<=101 vertices; endpoints exact,m,unknown,unknown
308320,10553,10542,1,1,48.027467,,,,,1,,,,"LINESTRING(114.175558940 22.295631409,114.175508286 22.295604396,114.175422437 22.295548209,114.175309051 22.295463796,114.175318054 22.295370659,114.175323165 22.295317791)",physical,104160,10553,10542,true,ID_08423,3,SALISBURY ROAD,11869,<=101 vertices; endpoints exact,m,unknown,unknown
354584,10553,10547,1,1,16.332103,,,,,1,,,,"LINESTRING(114.175558940 22.295631409,114.175450308 22.295656691,114.175415831 22.295685747)",physical,127292,10553,10547,true,ID_018935,3,CHATHAM ROAD SOUTH,10167,<=101 vertices; endpoints exact,m,unknown,unknown
10000047,10554,23,1,1,,,,,,0,,,,"LINESTRING(114.175584852 22.301021179,114.175851480 22.301371379)",nonphysical_zone_access_in,,,,false,,,,,straight display only,not routable,not routable,not routable
308396,10554,10535,1,1,54.356772,,,,,1,,,,"LINESTRING(114.175584852 22.301021179,114.175455981 22.301065631,114.175352208 22.301110436,114.175095241 22.301203331)",physical,104198,10554,10535,true,ID_09397,1,OBSERVATORY ROAD,11562,<=101 vertices; endpoints exact,m,unknown,unknown
308483,10554,10587,1,-1,70.187388,,,,,1,,,,"LINESTRING(114.175584852 22.301021179,114.175841186 22.300935079,114.176234481 22.300831904)",physical,104241,10587,10554,true,ID_011000,1,OBSERVATORY ROAD,11562,<=101 vertices; endpoints exact,m,unknown,unknown
309910,10555,10552,1,1,88.916417,,,,,1,,,,"LINESTRING(114.175584916 22.298091988,114.175463130 22.297392953,114.175529272 22.297320839)",physical,104955,10555,10552,true,ID_012351,3,CHATHAM ROAD SOUTH,10167,<=101 vertices; endpoints exact,m,unknown,unknown
310451,10556,10551,1,-1,7.80647,,,,,1,,,,"LINESTRING(114.175590204 22.297237433,114.175521391 22.297266919)",physical,105225,10551,10556,true,ID_027875,1,MODY ROAD,11451,<=101 vertices; endpoints exact,m,unknown,unknown
319706,10556,10569,1,1,31.143832,,,,,1,,,,"LINESTRING(114.175590204 22.297237433,114.175696212 22.297167307,114.175867400 22.297150224)",physical,109853,10556,10569,true,ID_010690,3,MODY ROAD,11451,<=101 vertices; endpoints exact,m,unknown,unknown
308476,10557,10540,1,1,45.402608,,,,,1,,,,"LINESTRING(114.175625687 22.302350267,114.175532771 22.302368372,114.175459018 22.302404612,114.175401307 22.302435833,114.175341375 22.302489802,114.175260175 22.302561761)",physical,104238,10557,10540,true,ID_010953,3,AUSTIN AVENUE,10036,<=101 vertices; endpoints exact,m,unknown,unknown
308478,10557,10560,1,1,22.444544,,,,,1,,,,"LINESTRING(114.175625687 22.302350267,114.175704469 22.302539233)",physical,104239,10557,10560,true,ID_010954,1,KIMBERLEY ROAD,10994,<=101 vertices; endpoints exact,m,unknown,unknown
308514,10558,10480,1,1,183.82657,,,,,1,,,,"LINESTRING(114.175683320 22.298728165,114.175379866 22.298779504,114.175289358 22.298779558,114.173964367 22.298404249)",physical,104257,10558,10480,true,ID_034620,3,PRAT AVENUE,11782,<=101 vertices; endpoints exact,m,unknown,unknown
308524,10558,10555,1,1,71.172714,,,,,1,,,,"LINESTRING(114.175683320 22.298728165,114.175584916 22.298091988)",physical,104262,10558,10555,true,ID_011001,3,CHATHAM ROAD SOUTH,10167,<=101 vertices; endpoints exact,m,unknown,unknown
319716,10559,10576,1,1,52.543988,,,,,1,,,,"LINESTRING(114.175689291 22.296375244,114.175685621 22.296349286,114.175689772 22.296274352,114.175702225 22.296243451,114.175734601 22.296224911,114.175769467 22.296214095,114.175813466 22.296220276,114.175870745 22.296248087,114.176007720 22.296359330)",physical,109858,10559,10576,true,ID_01996,3,<Null>,<Null>,<=101 vertices; endpoints exact,m,unknown,unknown
430320,10559,10576,1,1,32.860169,,,,,1,,,,"LINESTRING(114.175689291 22.296375244,114.176007720 22.296359330)",physical,165160,10559,10576,true,ID_012977,3,<Null>,<Null>,<=101 vertices; endpoints exact,m,unknown,unknown
10000041,10560,20,1,1,,,,,,0,,,,"LINESTRING(114.175704469 22.302539233,114.175891410 22.302808868)",nonphysical_zone_access_in,,,,false,,,,,straight display only,not routable,not routable,not routable
308479,10560,10557,1,-1,22.444544,,,,,1,,,,"LINESTRING(114.175704469 22.302539233,114.175625687 22.302350267)",physical,104239,10557,10560,true,ID_010954,1,KIMBERLEY ROAD,10994,<=101 vertices; endpoints exact,m,unknown,unknown
430312,10561,10559,1,1,15.950293,,,,,1,,,,"LINESTRING(114.175711137 22.296517837,114.175698073 22.296437352,114.175689291 22.296375244)",physical,165156,10561,10559,true,ID_013010,3,<Null>,<Null>,<=101 vertices; endpoints exact,m,unknown,unknown
308490,10562,10530,1,1,82.161932,,,,,1,,,,"LINESTRING(114.175722356 22.300418404,114.175315205 22.300307659,114.175039949 22.300235975,114.174953299 22.300225839)",physical,104245,10562,10530,true,ID_021781,3,GRANVILLE ROAD,10622,<=101 vertices; endpoints exact,m,unknown,unknown
308498,10562,10530,1,1,159.924271,,,,,1,,,,"LINESTRING(114.175722356 22.300418404,114.175715070 22.300394332,114.175575593 22.299914249,114.175090794 22.299790220,114.174953299 22.300225839)",physical,104249,10562,10530,true,ID_021782,3,GRANVILLE CIRCUIT,10621,<=101 vertices; endpoints exact,m,unknown,unknown
308762,10563,10520,1,1,129.262144,,,,,1,,,,"LINESTRING(114.175723757 22.295579789,114.175550424 22.295486848,114.175480062 22.295449120,114.175318054 22.295370659,114.175263459 22.295344218,114.175164917 22.295296492,114.175000806 22.295217011,114.174919505 22.295186332,114.174801217 22.295141696,114.174594971 22.295077449)",physical,104381,10563,10520,true,ID_09705,3,SALISBURY ROAD,11869,<=101 vertices; endpoints exact,m,unknown,unknown
430310,10564,10561,1,1,16.162797,,,,,1,,,,"LINESTRING(114.175734564 22.296662160,114.175711137 22.296517837)",physical,165155,10564,10561,true,ID_013009,3,<Null>,<Null>,<=101 vertices; endpoints exact,m,unknown,unknown
308310,10565,10631,1,1,214.758773,,,,,1,,,,"LINESTRING(114.175764295 22.295518971,114.176043788 22.295683977,114.176193991 22.295784335,114.176363448 22.295909780,114.176594537 22.296092560,114.176725938 22.296196212,114.176835739 22.296290121,114.177057981 22.296474379,114.177389872 22.296727816)",physical,104155,10565,10631,true,ID_016463,3,SALISBURY ROAD,11869,<=101 vertices; endpoints exact,m,unknown,unknown
430314,10566,10564,1,1,15.629684,,,,,1,,,,"LINESTRING(114.175766354 22.296800093,114.175739579 22.296693056,114.175734564 22.296662160)",physical,165157,10566,10564,true,ID_013011,3,<Null>,<Null>,<=101 vertices; endpoints exact,m,unknown,unknown
309083,10567,10578,1,-1,28.863593,,,,,1,,,,"LINESTRING(114.175804642 22.309974670,114.176074618 22.310044213)",physical,104541,10578,10567,true,ID_09052,1,-99,45361,<=101 vertices; endpoints exact,m,unknown,unknown
308442,10568,10558,1,1,93.81633,,,,,1,,,,"LINESTRING(114.175832458 22.299563032,114.175776967 22.299355557,114.175683320 22.298728165)",physical,104221,10568,10558,true,ID_08408,3,CHATHAM ROAD SOUTH,10167,<=101 vertices; endpoints exact,m,unknown,unknown
308626,10568,10577,1,1,37.11071,,,,,1,,,,"LINESTRING(114.175832458 22.299563032,114.175873148 22.299577366,114.175904215 22.299589865,114.175921026 22.299607464,114.175939238 22.299634840,114.175984261 22.299773778,114.176033030 22.299816444)",physical,104313,10568,10577,true,ID_08318,3,CHATHAM ROAD SOUTH,10167,<=101 vertices; endpoints exact,m,unknown,unknown
319710,10569,10566,1,1,40.543241,,,,,1,,,,"LINESTRING(114.175867400 22.297150224,114.175855797 22.297016741,114.175815121 22.296928673,114.175766354 22.296800093)",physical,109855,10569,10566,true,ID_014484,3,<Null>,<Null>,<=101 vertices; endpoints exact,m,unknown,unknown
319714,10569,10571,1,1,7.745786,,,,,1,,,,"LINESTRING(114.175867400 22.297150224,114.175942184 22.297143162)",physical,109857,10569,10571,true,ID_010691,3,MODY ROAD,11451,<=101 vertices; endpoints exact,m,unknown,unknown
319712,10570,10566,1,1,17.114147,,,,,1,,,,"LINESTRING(114.175932424 22.296798155,114.175766354 22.296800093)",physical,109856,10570,10566,true,ID_014485,3,<Null>,<Null>,<=101 vertices; endpoints exact,m,unknown,unknown
319718,10570,10571,1,1,38.60803,,,,,1,,,,"LINESTRING(114.175932424 22.296798155,114.175925532 22.296839062,114.175910588 22.296933309,114.175920550 22.297019831,114.175942184 22.297143162)",physical,109859,10570,10571,true,ID_014486,3,<Null>,<Null>,<=101 vertices; endpoints exact,m,unknown,unknown
310212,10571,10611,1,1,102.53875,,,,,1,,,,"LINESTRING(114.175942184 22.297143162,114.176075113 22.297131463,114.176167855 22.297124614,114.176280831 22.297122918,114.176353696 22.297134092,114.176420900 22.297159537,114.176481039 22.297182742,114.176609613 22.297261367,114.176708798 22.297339992,114.176826352 22.297440837)",physical,105106,10571,10611,true,ID_011864,3,MODY ROAD,11451,<=101 vertices; endpoints exact,m,unknown,unknown
430324,10572,10564,1,1,23.220077,,,,,1,,,,"LINESTRING(114.175958836 22.296641801,114.175734564 22.296662160)",physical,165162,10572,10564,true,ID_012993,3,<Null>,<Null>,<=101 vertices; endpoints exact,m,unknown,unknown
430316,10572,10570,1,1,17.526459,,,,,1,,,,"LINESTRING(114.175958836 22.296641801,114.175956249 22.296656748,114.175932424 22.296798155)",physical,165158,10572,10570,true,ID_014392,3,<Null>,<Null>,<=101 vertices; endpoints exact,m,unknown,unknown
354582,10573,10553,1,1,46.832417,,,,,1,,,,"LINESTRING(114.175960098 22.295826248,114.175886846 22.295807164,114.175672668 22.295692057,114.175558940 22.295631409)",physical,127291,10573,10553,true,ID_08426,3,SALISBURY ROAD,11869,<=101 vertices; endpoints exact,m,unknown,unknown
308322,10573,10575,1,1,114.469989,,,,,1,,,,"LINESTRING(114.175960098 22.295826248,114.175914065 22.295775621,114.175828972 22.295715907,114.175683897 22.295630230,114.175621124 22.295588689,114.175587645 22.295561429,114.175563931 22.295532870,114.175552771 22.295500417,114.175550424 22.295486848,114.175548966 22.295478422,114.175548350 22.295474860,114.175550265 22.295453473,114.175558405 22.295433422,114.175569419 22.295420945,114.175572529 22.295418715,114.175627166 22.295395469,114.175681383 22.295391865,114.175988769 22.295556480)",physical,104161,10573,10575,true,ID_08524,3,SALISBURY ROAD,11869,<=101 vertices; endpoints exact,m,unknown,unknown
430322,10574,10561,1,1,28.781758,,,,,1,,,,"LINESTRING(114.175987164 22.296478108,114.175711137 22.296517837)",physical,165161,10574,10561,true,ID_012990,3,<Null>,<Null>,<=101 vertices; endpoints exact,m,unknown,unknown
319708,10574,10572,1,1,18.359944,,,,,1,,,,"LINESTRING(114.175987164 22.296478108,114.175958836 22.296641801)",physical,109854,10574,10572,true,ID_00289,3,<Null>,<Null>,<=101 vertices; endpoints exact,m,unknown,unknown
308324,10575,10631,1,1,195.076282,,,,,1,,,,"LINESTRING(114.175988769 22.295556480,114.176042533 22.295591958,114.176223074 22.295710793,114.176414857 22.295847020,114.176545788 22.295950186,114.176737989 22.296107614,114.176866870 22.296224650,114.177102120 22.296443534,114.177366046 22.296674227,114.177389872 22.296727816)",physical,104162,10575,10631,true,ID_016286,3,SALISBURY ROAD,11869,<=101 vertices; endpoints exact,m,unknown,unknown
430318,10576,10574,1,1,13.322295,,,,,1,,,,"LINESTRING(114.176007720 22.296359330,114.175987164 22.296478108)",physical,165159,10576,10574,true,ID_013012,3,<Null>,<Null>,<=101 vertices; endpoints exact,m,unknown,unknown
319720,10576,10579,1,1,101.942721,,,,,1,,,,"LINESTRING(114.176007720 22.296359330,114.176136393 22.296437355,114.176179561 22.296450487,114.176226879 22.296453578,114.176275029 22.296435038,114.176371327 22.296340018,114.176390420 22.296295213,114.176392081 22.296251180,114.176371327 22.296206373,114.176335631 22.296160023,114.176236013 22.296075817,114.176103902 22.295932437)",physical,109860,10576,10579,true,ID_027842,3,<Null>,<Null>,<=101 vertices; endpoints exact,m,unknown,unknown
310244,10577,10582,1,1,73.087777,,,,,1,,,,"LINESTRING(114.176033030 22.299816444,114.176207453 22.300376165,114.176163240 22.300441545)",physical,105122,10577,10582,true,ID_011060,3,CHATHAM ROAD SOUTH,10167,<=101 vertices; endpoints exact,m,unknown,unknown
309082,10578,10567,1,1,28.863593,,,,,1,,,,"LINESTRING(114.176074618 22.310044213,114.175804642 22.309974670)",physical,104541,10578,10567,true,ID_09052,1,-99,45361,<=101 vertices; endpoints exact,m,unknown,unknown
309325,10578,10584,1,-1,126.87721,,,,,1,,,,"LINESTRING(114.176074618 22.310044213,114.176044514 22.310138277,114.176020643 22.310247166,114.176013656 22.310312717,114.176009580 22.310386394,114.176006668 22.310456278,114.176007832 22.310518036,114.176013654 22.310583587,114.176021222 22.310637219,114.176045788 22.310706268,114.176064608 22.310766200,114.176078622 22.310828250,114.176184955 22.311160538)",physical,104662,10584,10578,true,ID_07480,1,WYLIE ROAD,12803,<=101 vertices; endpoints exact,m,unknown,unknown
309334,10578,10591,1,1,145.402469,,,,,1,,,,"LINESTRING(114.176074618 22.310044213,114.176200551 22.309520694,114.176241306 22.309375508,114.176306515 22.309124140,114.176360079 22.308923697,114.176410494 22.308769255)",physical,104667,10578,10591,true,ID_07482,1,WYLIE ROAD,12803,<=101 vertices; endpoints exact,m,unknown,unknown
319722,10579,10573,1,1,18.917133,,,,,1,,,,"LINESTRING(114.176103902 22.295932437,114.175960098 22.295826248)",physical,109861,10579,10573,true,ID_010692,3,SALISBURY ROAD,11869,<=101 vertices; endpoints exact,m,unknown,unknown
309153,10580,10591,1,-1,30.972296,,,,,1,,,,"LINESTRING(114.176118814 22.308701651,114.176410494 22.308769255)",physical,104576,10591,10580,true,ID_09096,1,-99,45361,<=101 vertices; endpoints exact,m,unknown,unknown
309846,10581,10616,1,1,92.14966,,,,,1,,,,"LINESTRING(114.176139977 22.306472334,114.176836692 22.306262767,114.176996354 22.306236671)",physical,104923,10581,10616,true,ID_022255,3,GASCOIGNE ROAD FLYOVER,14494,<=101 vertices; endpoints exact,m,unknown,unknown
310242,10582,10568,1,1,105.387341,,,,,1,,,,"LINESTRING(114.176163240 22.300441545,114.176095280 22.300408956,114.175832458 22.299563032)",physical,105121,10582,10568,true,ID_011059,3,CHATHAM ROAD SOUTH,10167,<=101 vertices; endpoints exact,m,unknown,unknown
308616,10582,10583,1,1,5.662597,,,,,1,,,,"LINESTRING(114.176163240 22.300441545,114.176178277 22.300490731)",physical,104308,10582,10583,true,ID_010683,1,CHATHAM ROAD SOUTH,10167,<=101 vertices; endpoints exact,m,unknown,unknown
308486,10583,10562,1,1,49.135521,,,,,1,,,,"LINESTRING(114.176178277 22.300490731,114.176051379 22.300518308,114.175880978 22.300473002,114.175827202 22.300458192,114.175722356 22.300418404)",physical,104243,10583,10562,true,ID_021779,3,GRANVILLE ROAD,10622,<=101 vertices; endpoints exact,m,unknown,unknown
308617,10583,10582,1,-1,5.662597,,,,,1,,,,"LINESTRING(114.176178277 22.300490731,114.176163240 22.300441545)",physical,104308,10582,10583,true,ID_010683,1,CHATHAM ROAD SOUTH,10167,<=101 vertices; endpoints exact,m,unknown,unknown
308615,10583,10585,1,-1,5.685922,,,,,1,,,,"LINESTRING(114.176178277 22.300490731,114.176196265 22.300532711,114.176198280 22.300538571)",physical,104307,10585,10583,true,ID_010682,1,CHATHAM ROAD SOUTH,10167,<=101 vertices; endpoints exact,m,unknown,unknown
309922,10583,10621,1,1,92.570794,,,,,1,,,,"LINESTRING(114.176178277 22.300490731,114.176372658 22.300475820,114.176981384 22.300352640,114.177061704 22.300349900)",physical,104961,10583,10621,true,ID_029878,1,GRANVILLE ROAD,10622,<=101 vertices; endpoints exact,m,unknown,unknown
309136,10584,10532,1,1,123.906327,,,,,1,,,,"LINESTRING(114.176184955 22.311160538,114.176021801 22.311221756,114.175937962 22.311239092,114.175829087 22.311239091,114.174997685 22.311212815)",physical,104568,10584,10532,true,ID_029358,1,KING'S PARK RISE,11037,<=101 vertices; endpoints exact,m,unknown,unknown
309324,10584,10578,1,1,126.87721,,,,,1,,,,"LINESTRING(114.176184955 22.311160538,114.176078622 22.310828250,114.176064608 22.310766200,114.176045788 22.310706268,114.176021222 22.310637219,114.176013654 22.310583587,114.176007832 22.310518036,114.176006668 22.310456278,114.176009580 22.310386394,114.176013656 22.310312717,114.176020643 22.310247166,114.176044514 22.310138277,114.176074618 22.310044213)",physical,104662,10584,10578,true,ID_07480,1,WYLIE ROAD,12803,<=101 vertices; endpoints exact,m,unknown,unknown
309316,10584,10586,1,1,6.010803,,,,,1,,,,"LINESTRING(114.176184955 22.311160538,114.176206364 22.311211031)",physical,104658,10584,10586,true,ID_07478,1,WYLIE ROAD,12803,<=101 vertices; endpoints exact,m,unknown,unknown
309344,10584,10599,1,1,33.041037,,,,,1,,,,"LINESTRING(114.176184955 22.311160538,114.176415965 22.311096616,114.176490355 22.311070084)",physical,104672,10584,10599,true,ID_07485,1,-99,45358,<=101 vertices; endpoints exact,m,unknown,unknown
308614,10585,10583,1,1,5.685922,,,,,1,,,,"LINESTRING(114.176198280 22.300538571,114.176196265 22.300532711,114.176178277 22.300490731)",physical,104307,10585,10583,true,ID_010682,1,CHATHAM ROAD SOUTH,10167,<=101 vertices; endpoints exact,m,unknown,unknown
308450,10585,10618,1,1,248.191127,,,,,1,,,,"LINESTRING(114.176198280 22.300538571,114.176295084 22.300630260,114.176784581 22.302056074,114.176868170 22.302296375,114.176896189 22.302372419,114.176958368 22.302485224,114.177033979 22.302624720)",physical,104225,10585,10618,true,ID_05343,3,CHATHAM ROAD SOUTH,10167,<=101 vertices; endpoints exact,m,unknown,unknown
309317,10586,10584,1,-1,6.010803,,,,,1,,,,"LINESTRING(114.176206364 22.311211031,114.176184955 22.311160538)",physical,104658,10584,10586,true,ID_07478,1,WYLIE ROAD,12803,<=101 vertices; endpoints exact,m,unknown,unknown
309314,10586,10593,1,1,58.28092,,,,,1,,,,"LINESTRING(114.176206364 22.311211031,114.176277634 22.311278496,114.176391960 22.311608156,114.176428665 22.311686335)",physical,104657,10586,10593,true,ID_07477,3,WYLIE ROAD,12803,<=101 vertices; endpoints exact,m,unknown,unknown
308482,10587,10554,1,1,70.187388,,,,,1,,,,"LINESTRING(114.176234481 22.300831904,114.175841186 22.300935079,114.175584852 22.301021179)",physical,104241,10587,10554,true,ID_011000,1,OBSERVATORY ROAD,11562,<=101 vertices; endpoints exact,m,unknown,unknown
308380,10587,10585,1,1,33.908153,,,,,1,,,,"LINESTRING(114.176234481 22.300831904,114.176169939 22.300655429,114.176198280 22.300538571)",physical,104190,10587,10585,true,ID_09207,3,CHATHAM ROAD SOUTH,10167,<=101 vertices; endpoints exact,m,unknown,unknown
654612,10588,10589,1,1,18.883515,,,,,1,,,,"LINESTRING(114.176259946 22.312128472,114.176275600 22.312083564,114.176314909 22.311965795)",physical,277306,10588,10589,true,ID_019062,3,WYLIE ROAD,12803,<=101 vertices; endpoints exact,m,unknown,unknown
309616,10589,10590,1,1,31.862042,,,,,1,,,,"LINESTRING(114.176314909 22.311965795,114.176323967 22.311938660,114.176343579 22.311836995,114.176354750 22.311681311)",physical,104808,10589,10590,true,ID_018934,3,WYLIE ROAD,12803,<=101 vertices; endpoints exact,m,unknown,unknown
309284,10590,10586,1,1,55.085556,,,,,1,,,,"LINESTRING(114.176354750 22.311681311,114.176198584 22.311302127,114.176206364 22.311211031)",physical,104642,10590,10586,true,ID_08762,3,WYLIE ROAD,12803,<=101 vertices; endpoints exact,m,unknown,unknown
309335,10591,10578,1,-1,145.402469,,,,,1,,,,"LINESTRING(114.176410494 22.308769255,114.176360079 22.308923697,114.176306515 22.309124140,114.176241306 22.309375508,114.176200551 22.309520694,114.176074618 22.310044213)",physical,104667,10578,10591,true,ID_07482,1,WYLIE ROAD,12803,<=101 vertices; endpoints exact,m,unknown,unknown
309152,10591,10580,1,1,30.972296,,,,,1,,,,"LINESTRING(114.176410494 22.308769255,114.176118814 22.308701651)",physical,104576,10591,10580,true,ID_09096,1,-99,45361,<=101 vertices; endpoints exact,m,unknown,unknown
643494,10591,10594,1,1,17.237224,,,,,1,,,,"LINESTRING(114.176410494 22.308769255,114.176452363 22.308618546)",physical,271747,10591,10594,true,ID_028636,1,WYLIE ROAD,12803,<=101 vertices; endpoints exact,m,unknown,unknown
310200,10592,10384,1,1,580.674494,,,,,1,,,,"LINESTRING(114.176419361 22.306509897,114.176314861 22.306521902,114.176070040 22.306590073,114.175851907 22.306650025,114.175251849 22.306823377,114.174887346 22.306926982,114.174431084 22.307076733,114.174306512 22.307116558,114.174269060 22.307128531,114.174220760 22.307143973,114.174106478 22.307180507,114.173832373 22.307271800,114.173513863 22.307388054,114.173245854 22.307504219,114.173064200 22.307599914,114.172872968 22.307711768,114.172698177 22.307831033,114.172490092 22.307999862,114.172194742 22.308286402,114.172130591 22.308364816,114.172128656 22.308367180,114.171948830 22.308586989,114.171823461 22.308760462,114.171710952 22.308895052,114.171627189 22.308966702)",physical,105100,10592,10384,true,ID_024136,3,GASCOIGNE ROAD FLYOVER,14494,<=101 vertices; endpoints exact,m,unknown,unknown
309844,10592,10536,1,1,134.760194,,,,,1,,,,"LINESTRING(114.176419361 22.306509897,114.176322196 22.306556522,114.176112787 22.306624679,114.175183530 22.306904446)",physical,104922,10592,10536,true,ID_022254,3,GASCOIGNE ROAD FLYOVER,14494,<=101 vertices; endpoints exact,m,unknown,unknown
308768,10593,10597,1,1,28.244821,,,,,1,,,,"LINESTRING(114.176428665 22.311686335,114.176504236 22.311856972,114.176482654 22.311924563)",physical,104384,10593,10597,true,ID_09707,3,WYLIE ROAD,12803,<=101 vertices; endpoints exact,m,unknown,unknown
654610,10593,10603,1,1,22.475255,,,,,1,,,,"LINESTRING(114.176428665 22.311686335,114.176515242 22.311791274,114.176564730 22.311814569,114.176584373 22.311820003)",physical,277305,10593,10603,true,ID_019061,3,PRINCESS MARGARET ROAD,11791,<=101 vertices; endpoints exact,m,unknown,unknown
643495,10594,10591,1,-1,17.237224,,,,,1,,,,"LINESTRING(114.176452363 22.308618546,114.176410494 22.308769255)",physical,271747,10591,10594,true,ID_028636,1,WYLIE ROAD,12803,<=101 vertices; endpoints exact,m,unknown,unknown
309382,10594,10602,1,1,36.106743,,,,,1,,,,"LINESTRING(114.176452363 22.308618546,114.176540066 22.308302858)",physical,104691,10594,10602,true,ID_028635,1,WYLIE ROAD,12803,<=101 vertices; endpoints exact,m,unknown,unknown
309652,10595,10600,1,1,3.978437,,,,,1,,,,"LINESTRING(114.176472964 22.312000070,114.176502202 22.311976604)",physical,104826,10595,10600,true,ID_013765,1,WYLIE ROAD,12803,<=101 vertices; endpoints exact,m,unknown,unknown
308634,10596,10548,1,1,113.740297,,,,,1,,,,"LINESTRING(114.176479496 22.301543594,114.176423434 22.301564662,114.175516725 22.301932845,114.175495620 22.301941681,114.175465663 22.301948870)",physical,104317,10596,10548,true,ID_08320,3,CHATHAM COURT,10164,<=101 vertices; endpoints exact,m,unknown,unknown
308480,10596,10587,1,1,82.753887,,,,,1,,,,"LINESTRING(114.176479496 22.301543594,114.176234481 22.300831904)",physical,104240,10596,10587,true,ID_010955,3,CHATHAM ROAD SOUTH,10167,<=101 vertices; endpoints exact,m,unknown,unknown
309286,10597,10590,1,1,30.276821,,,,,1,,,,"LINESTRING(114.176482654 22.311924563,114.176441742 22.311881299,114.176405513 22.311792233,114.176354750 22.311681311)",physical,104643,10597,10590,true,ID_08763,3,WYLIE ROAD,12803,<=101 vertices; endpoints exact,m,unknown,unknown
309373,10597,10600,1,-1,6.104659,,,,,1,,,,"LINESTRING(114.176482654 22.311924563,114.176502202 22.311976604)",physical,104686,10600,10597,true,ID_07998,1,WYLIE ROAD,12803,<=101 vertices; endpoints exact,m,unknown,unknown
308534,10598,10606,1,1,29.482399,,,,,1,,,,"LINESTRING(114.176489284 22.298167146,114.176478897 22.298155334,114.176473128 22.298142806,114.176472742 22.298127414,114.176475820 22.298113096,114.176485052 22.298101283,114.176494669 22.298093408,114.176508516 22.298089113,114.176524672 22.298088397,114.176543520 22.298091977,114.176563138 22.298098419,114.176590834 22.298114886,114.176618915 22.298136720,114.176635839 22.298152113,114.176642379 22.298160345,114.176649755 22.298177026)",physical,104267,10598,10606,true,ID_034681,3,MODY SQUARE,11452,<=101 vertices; endpoints exact,m,unknown,unknown
309345,10599,10584,1,-1,33.041037,,,,,1,,,,"LINESTRING(114.176490355 22.311070084,114.176415965 22.311096616,114.176184955 22.311160538)",physical,104672,10584,10599,true,ID_07485,1,-99,45358,<=101 vertices; endpoints exact,m,unknown,unknown
309653,10600,10595,1,-1,3.978437,,,,,1,,,,"LINESTRING(114.176502202 22.311976604,114.176472964 22.312000070)",physical,104826,10595,10600,true,ID_013765,1,WYLIE ROAD,12803,<=101 vertices; endpoints exact,m,unknown,unknown
309372,10600,10597,1,1,6.104659,,,,,1,,,,"LINESTRING(114.176502202 22.311976604,114.176482654 22.311924563)",physical,104686,10600,10597,true,ID_07998,1,WYLIE ROAD,12803,<=101 vertices; endpoints exact,m,unknown,unknown
308764,10600,10612,1,1,39.70972,,,,,1,,,,"LINESTRING(114.176502202 22.311976604,114.176581480 22.311921082,114.176705629 22.311861700,114.176830807 22.311790732)",physical,104382,10600,10612,true,ID_09706,3,PRINCESS MARGARET ROAD,11791,<=101 vertices; endpoints exact,m,unknown,unknown
331824,10601,10598,1,1,16.154975,,,,,1,,,,"LINESTRING(114.176508688 22.298311913,114.176489284 22.298167146)",physical,115912,10601,10598,true,ID_034682,3,MODY SQUARE,11452,<=101 vertices; endpoints exact,m,unknown,unknown
309383,10602,10594,1,-1,36.106743,,,,,1,,,,"LINESTRING(114.176540066 22.308302858,114.176452363 22.308618546)",physical,104691,10594,10602,true,ID_028635,1,WYLIE ROAD,12803,<=101 vertices; endpoints exact,m,unknown,unknown
309313,10602,10607,1,-1,21.953391,,,,,1,,,,"LINESTRING(114.176540066 22.308302858,114.176745089 22.308356802)",physical,104656,10607,10602,true,ID_022296,1,-99,45359,<=101 vertices; endpoints exact,m,unknown,unknown
309380,10602,10608,1,1,105.926611,,,,,1,,,,"LINESTRING(114.176540066 22.308302858,114.176705083 22.307637670,114.176777386 22.307372159)",physical,104690,10602,10608,true,ID_010464,1,WYLIE ROAD,12803,<=101 vertices; endpoints exact,m,unknown,unknown
308766,10603,10612,1,1,26.105415,,,,,1,,,,"LINESTRING(114.176584373 22.311820003,114.176607815 22.311826487,114.176653228 22.311830280,114.176712615 22.311824321,114.176830807 22.311790732)",physical,104383,10603,10612,true,ID_018928,3,PRINCESS MARGARET ROAD,11791,<=101 vertices; endpoints exact,m,unknown,unknown
309618,10604,10600,1,1,34.185178,,,,,1,,,,"LINESTRING(114.176599983 22.312268913,114.176516462 22.312082878,114.176502202 22.311976604)",physical,104809,10604,10600,true,ID_010699,3,PRINCESS MARGARET ROAD,11791,<=101 vertices; endpoints exact,m,unknown,unknown
10000045,10605,22,1,1,,,,,,0,,,,"LINESTRING(114.176620982 22.301941301,114.176066138 22.301938223)",nonphysical_zone_access_in,,,,false,,,,,straight display only,not routable,not routable,not routable
308566,10605,10557,1,1,112.110885,,,,,1,,,,"LINESTRING(114.176620982 22.301941301,114.175625687 22.302350267)",physical,104283,10605,10557,true,ID_010626,3,AUSTIN AVENUE,10036,<=101 vertices; endpoints exact,m,unknown,unknown
308556,10605,10596,1,1,46.390332,,,,,1,,,,"LINESTRING(114.176620982 22.301941301,114.176479496 22.301543594)",physical,104278,10605,10596,true,ID_010622,3,CHATHAM ROAD SOUTH,10167,<=101 vertices; endpoints exact,m,unknown,unknown
331822,10606,10598,1,1,16.775373,,,,,1,,,,"LINESTRING(114.176649755 22.298177026,114.176633147 22.298175737,114.176605066 22.298174306,114.176570062 22.298173589,114.176538520 22.298176095,114.176520057 22.298176810,114.176504285 22.298174305,114.176489284 22.298167146)",physical,115911,10606,10598,true,ID_034387,3,MODY SQUARE,11452,<=101 vertices; endpoints exact,m,unknown,unknown
331835,10606,10613,1,-1,27.711927,,,,,1,,,,"LINESTRING(114.176649755 22.298177026,114.176696003 22.298216944,114.176848939 22.298345163)",physical,115917,10613,10606,true,ID_034437,1,MODY SQUARE,11452,<=101 vertices; endpoints exact,m,unknown,unknown
309312,10607,10602,1,1,21.953391,,,,,1,,,,"LINESTRING(114.176745089 22.308356802,114.176540066 22.308302858)",physical,104656,10607,10602,true,ID_022296,1,-99,45359,<=101 vertices; endpoints exact,m,unknown,unknown
10000181,10608,90,1,1,,,,,,0,,,,"LINESTRING(114.176777386 22.307372159,114.176962035 22.307277730)",nonphysical_zone_access_in,,,,false,,,,,straight display only,not routable,not routable,not routable
309381,10608,10602,1,-1,105.926611,,,,,1,,,,"LINESTRING(114.176777386 22.307372159,114.176705083 22.307637670,114.176540066 22.308302858)",physical,104690,10602,10608,true,ID_010464,1,WYLIE ROAD,12803,<=101 vertices; endpoints exact,m,unknown,unknown
309130,10608,10622,1,1,115.696196,,,,,1,,,,"LINESTRING(114.176777386 22.307372159,114.177070294 22.306363528)",physical,104565,10608,10622,true,ID_09092,1,WYLIE ROAD,12803,<=101 vertices; endpoints exact,m,unknown,unknown
309148,10608,10633,1,1,74.587014,,,,,1,,,,"LINESTRING(114.176777386 22.307372159,114.177151635 22.307488691,114.177465297 22.307581780)",physical,104574,10608,10633,true,ID_032174,1,WYLIE PATH,12802,<=101 vertices; endpoints exact,m,unknown,unknown
310380,10610,10630,1,1,242.943778,,,,,1,,,,"LINESTRING(114.176813186 22.313280985,114.176827186 22.313232499,114.176803037 22.313116700,114.176771597 22.312940093,114.176746561 22.312801949,114.176712792 22.312580378,114.176702894 22.312455237,114.176704641 22.312356640,114.176716868 22.312275379,114.176730308 22.312214377,114.176764028 22.312092812,114.176795468 22.312012093,114.176826908 22.311949793,114.176891147 22.311837021,114.177006039 22.311693520,114.177196489 22.311497049,114.177326908 22.311367030,114.177367018 22.311290423)",physical,105190,10610,10630,true,ID_012622,3,PRINCESS MARGARET ROAD,11791,<=101 vertices; endpoints exact,m,unknown,unknown
309918,10611,10632,1,1,79.485243,,,,,1,,,,"LINESTRING(114.176826352 22.297440837,114.177298404 22.297835670,114.177407862 22.297911795)",physical,104959,10611,10632,true,ID_012843,3,MODY ROAD,11451,<=101 vertices; endpoints exact,m,unknown,unknown
309920,10611,10632,1,1,87.05351,,,,,1,,,,"LINESTRING(114.176826352 22.297440837,114.176970603 22.297444321,114.176997240 22.297447419,114.177020547 22.297459039,114.177369327 22.297755713,114.177384310 22.297777402,114.177394830 22.297804793,114.177407862 22.297911795)",physical,104960,10611,10632,true,ID_08023,3,<Null>,<Null>,<=101 vertices; endpoints exact,m,unknown,unknown
309134,10612,10630,1,1,79.197851,,,,,1,,,,"LINESTRING(114.176830807 22.311790732,114.176930302 22.311690902,114.177288432 22.311340336,114.177341539 22.311288521,114.177367018 22.311290423)",physical,104567,10612,10630,true,ID_018291,3,PRINCESS MARGARET ROAD,11791,<=101 vertices; endpoints exact,m,unknown,unknown
331834,10613,10606,1,1,27.711927,,,,,1,,,,"LINESTRING(114.176848939 22.298345163,114.176696003 22.298216944,114.176649755 22.298177026)",physical,115917,10613,10606,true,ID_034437,1,MODY SQUARE,11452,<=101 vertices; endpoints exact,m,unknown,unknown
331836,10613,10609,1,1,10.007141,,,,,1,,,,"LINESTRING(114.176848939 22.298345163,114.176779939 22.298408755)",physical,115918,10613,10609,true,ID_034683,3,MODY SQUARE,11452,<=101 vertices; endpoints exact,m,unknown,unknown
308523,10613,10619,1,-1,27.718702,,,,,1,,,,"LINESTRING(114.176848939 22.298345163,114.177048790 22.298512713)",physical,104261,10619,10613,true,ID_034438,1,MODY SQUARE,11452,<=101 vertices; endpoints exact,m,unknown,unknown
308602,10615,10525,1,1,235.655026,,,,,1,,,,"LINESTRING(114.176992013 22.303019227,114.176915986 22.303098455,114.176746034 22.303167384,114.176369555 22.303320201,114.176297641 22.303350461,114.176226981 22.303380281,114.176113767 22.303415478,114.176028688 22.303433552,114.175974283 22.303442120,114.175886668 22.303451764,114.175837691 22.303449073,114.175786218 22.303447528,114.175634570 22.303443793,114.175433049 22.303437295,114.175008980 22.303426862,114.174816933 22.303427105)",physical,104301,10615,10525,true,ID_035396,3,AUSTIN ROAD,10037,<=101 vertices; endpoints exact,m,unknown,unknown
308607,10615,10625,1,-1,14.513187,,,,,1,,,,"LINESTRING(114.176992013 22.303019227,114.177120174 22.302964865)",physical,104303,10625,10615,true,ID_032505,1,AUSTIN ROAD,10037,<=101 vertices; endpoints exact,m,unknown,unknown
309848,10616,10642,1,1,77.782571,,,,,1,,,,"LINESTRING(114.176996354 22.306236671,114.177033186 22.306225401,114.177207013 22.306172212,114.177708164 22.306002993)",physical,104924,10616,10642,true,ID_022257,3,GASCOIGNE ROAD FLYOVER,14494,<=101 vertices; endpoints exact,m,unknown,unknown
310357,10617,10622,1,-1,25.904405,,,,,1,,,,"LINESTRING(114.177009324 22.306136579,114.177033186 22.306225401,114.177053391 22.306300611,114.177070294 22.306363528)",physical,105178,10622,10617,true,ID_021396,1,GASCOIGNE ROAD,10599,<=101 vertices; endpoints exact,m,unknown,unknown
309374,10617,10648,1,1,109.009304,,,,,1,,,,"LINESTRING(114.177009324 22.306136579,114.178012211 22.305823154)",physical,104687,10617,10648,true,ID_011322,3,GASCOIGNE ROAD,10599,<=101 vertices; endpoints exact,m,unknown,unknown
308448,10618,10624,1,1,32.079882,,,,,1,,,,"LINESTRING(114.177033979 22.302624720,114.177119556 22.302775504,114.177078283 22.302888327)",physical,104224,10618,10624,true,ID_08410,3,CHATHAM ROAD SOUTH,10167,<=101 vertices; endpoints exact,m,unknown,unknown
654486,10618,10628,1,1,23.141104,,,,,1,,,,"LINESTRING(114.177033979 22.302624720,114.177151329 22.302706628,114.177224368 22.302731797)",physical,277243,10618,10628,true,ID_019055,3,CHEONG WAN ROAD,10180,<=101 vertices; endpoints exact,m,unknown,unknown
308522,10619,10613,1,1,27.718702,,,,,1,,,,"LINESTRING(114.177048790 22.298512713,114.176848939 22.298345163)",physical,104261,10619,10613,true,ID_034438,1,MODY SQUARE,11452,<=101 vertices; endpoints exact,m,unknown,unknown
308628,10619,10627,1,1,19.689665,,,,,1,,,,"LINESTRING(114.177048790 22.298512713,114.177141015 22.298428687,114.177189123 22.298392279)",physical,104314,10619,10627,true,ID_034385,3,MODY SQUARE,11452,<=101 vertices; endpoints exact,m,unknown,unknown
308674,10620,10563,1,1,179.222314,,,,,1,,,,"LINESTRING(114.177053894 22.296609370,114.176992638 22.296517820,114.176593542 22.296183514,114.176351969 22.295994633,114.176124094 22.295831245,114.175955989 22.295718264,114.175723757 22.295579789)",physical,104337,10620,10563,true,ID_05320,3,SALISBURY ROAD,11869,<=101 vertices; endpoints exact,m,unknown,unknown
308318,10620,10579,1,1,123.728967,,,,,1,,,,"LINESTRING(114.177053894 22.296609370,114.176947810 22.296567647,114.176492882 22.296215878,114.176327682 22.296097682,114.176103902 22.295932437)",physical,104159,10620,10579,true,ID_08523,3,SALISBURY ROAD,11869,<=101 vertices; endpoints exact,m,unknown,unknown
309923,10621,10583,1,-1,92.570794,,,,,1,,,,"LINESTRING(114.177061704 22.300349900,114.176981384 22.300352640,114.176372658 22.300475820,114.176178277 22.300490731)",physical,104961,10583,10621,true,ID_029878,1,GRANVILLE ROAD,10622,<=101 vertices; endpoints exact,m,unknown,unknown
308444,10621,10623,1,1,27.807531,,,,,1,,,,"LINESTRING(114.177061704 22.300349900,114.177071660 22.300098952)",physical,104222,10621,10623,true,ID_029879,1,GRANVILLE SQUARE,10623,<=101 vertices; endpoints exact,m,unknown,unknown
310056,10621,10671,1,1,190.391432,,,,,1,,,,"LINESTRING(114.177061704 22.300349900,114.177152194 22.300359171,114.177261462 22.300379249,114.177373386 22.300423245,114.177451528 22.300467233,114.177509494 22.300509234,114.177767357 22.300757786,114.178090298 22.301029710,114.178297015 22.301201979,114.178512786 22.301360164)",physical,105028,10621,10671,true,ID_029877,1,GRANVILLE ROAD,10622,<=101 vertices; endpoints exact,m,unknown,unknown
309308,10622,10519,1,1,270.354308,,,,,1,,,,"LINESTRING(114.177070294 22.306363528,114.176483983 22.306559407,114.175895554 22.306747576,114.175531558 22.306860054,114.175025950 22.307013153,114.174826287 22.307072821,114.174583312 22.307140716)",physical,104654,10622,10519,true,ID_07476,3,GASCOIGNE ROAD,10599,<=101 vertices; endpoints exact,m,unknown,unknown
309131,10622,10608,1,-1,115.696196,,,,,1,,,,"LINESTRING(114.177070294 22.306363528,114.176777386 22.307372159)",physical,104565,10608,10622,true,ID_09092,1,WYLIE ROAD,12803,<=101 vertices; endpoints exact,m,unknown,unknown
310356,10622,10617,1,1,25.904405,,,,,1,,,,"LINESTRING(114.177070294 22.306363528,114.177053391 22.306300611,114.177033186 22.306225401,114.177009324 22.306136579)",physical,105178,10622,10617,true,ID_021396,1,GASCOIGNE ROAD,10599,<=101 vertices; endpoints exact,m,unknown,unknown
308445,10623,10621,1,-1,27.807531,,,,,1,,,,"LINESTRING(114.177071660 22.300098952,114.177061704 22.300349900)",physical,104222,10621,10623,true,ID_029879,1,GRANVILLE SQUARE,10623,<=101 vertices; endpoints exact,m,unknown,unknown
308594,10624,10605,1,1,118.873756,,,,,1,,,,"LINESTRING(114.177078283 22.302888327,114.176966297 22.302847678,114.176620982 22.301941301)",physical,104297,10624,10605,true,ID_010676,3,CHATHAM ROAD SOUTH,10167,<=101 vertices; endpoints exact,m,unknown,unknown
308597,10624,10625,1,-1,9.511287,,,,,1,,,,"LINESTRING(114.177078283 22.302888327,114.177120174 22.302964865)",physical,104298,10625,10624,true,ID_010677,1,CHATHAM ROAD SOUTH,10167,<=101 vertices; endpoints exact,m,unknown,unknown
308606,10625,10615,1,1,14.513187,,,,,1,,,,"LINESTRING(114.177120174 22.302964865,114.176992013 22.303019227)",physical,104303,10625,10615,true,ID_032505,1,AUSTIN ROAD,10037,<=101 vertices; endpoints exact,m,unknown,unknown
308596,10625,10624,1,1,9.511287,,,,,1,,,,"LINESTRING(114.177120174 22.302964865,114.177078283 22.302888327)",physical,104298,10625,10624,true,ID_010677,1,CHATHAM ROAD SOUTH,10167,<=101 vertices; endpoints exact,m,unknown,unknown
308599,10625,10626,1,-1,6.798283,,,,,1,,,,"LINESTRING(114.177120174 22.302964865,114.177150292 22.303019488)",physical,104299,10626,10625,true,ID_010678,1,CHATHAM ROAD SOUTH,10167,<=101 vertices; endpoints exact,m,unknown,unknown
308375,10625,10629,1,-1,14.530907,,,,,1,,,,"LINESTRING(114.177120174 22.302964865,114.177251410 22.302916840)",physical,104187,10629,10625,true,ID_018385,1,CHEONG WAN ROAD,10180,<=101 vertices; endpoints exact,m,unknown,unknown
308598,10626,10625,1,1,6.798283,,,,,1,,,,"LINESTRING(114.177150292 22.303019488,114.177120174 22.302964865)",physical,104299,10626,10625,true,ID_010678,1,CHATHAM ROAD SOUTH,10167,<=101 vertices; endpoints exact,m,unknown,unknown
308466,10626,10634,1,1,43.721715,,,,,1,,,,"LINESTRING(114.177150292 22.303019488,114.177274848 22.303071476,114.177471603 22.303266922)",physical,104233,10626,10634,true,ID_010987,3,CHATHAM ROAD SOUTH,10167,<=101 vertices; endpoints exact,m,unknown,unknown
308631,10627,10636,1,-1,45.844196,,,,,1,,,,"LINESTRING(114.177189123 22.298392279,114.177485678 22.298083666)",physical,104315,10636,10627,true,ID_034386,1,MODY SQUARE,11452,<=101 vertices; endpoints exact,m,unknown,unknown
310080,10627,10637,1,1,48.567245,,,,,1,,,,"LINESTRING(114.177189123 22.298392279,114.177204818 22.298432199,114.177243497 22.298478146,114.177276805 22.298510518,114.177302710 22.298531180,114.177314554 22.298541512,114.177340459 22.298565618,114.177404854 22.298617964,114.177467028 22.298675132,114.177484052 22.298688218,114.177506996 22.298705436,114.177509386 22.298707559)",physical,105040,10627,10637,true,ID_034440,3,MODY SQUARE,11452,<=101 vertices; endpoints exact,m,unknown,unknown
310082,10627,10637,1,1,67.737742,,,,,1,,,,"LINESTRING(114.177189123 22.298392279,114.177167256 22.298459222,114.177158371 22.298491854,114.177157426 22.298527832,114.177156443 22.298568083,114.177174138 22.298599186,114.177217392 22.298644011,114.177331429 22.298740979,114.177369768 22.298765678,114.177395328 22.298769338,114.177419904 22.298762934,114.177448413 22.298751041,114.177487735 22.298730001,114.177509386 22.298707559)",physical,105041,10627,10637,true,ID_013345,3,<Null>,<Null>,<=101 vertices; endpoints exact,m,unknown,unknown
308452,10628,10639,1,1,42.788395,,,,,1,,,,"LINESTRING(114.177224368 22.302731797,114.177283354 22.302752124,114.177380106 22.302757166,114.177499066 22.302741118,114.177631685 22.302716436)",physical,104226,10628,10639,true,ID_018933,3,CHEONG WAN ROAD,10180,<=101 vertices; endpoints exact,m,unknown,unknown
308374,10629,10625,1,1,14.530907,,,,,1,,,,"LINESTRING(114.177251410 22.302916840,114.177120174 22.302964865)",physical,104187,10629,10625,true,ID_018385,1,CHEONG WAN ROAD,10180,<=101 vertices; endpoints exact,m,unknown,unknown
308454,10629,10639,1,1,45.489342,,,,,1,,,,"LINESTRING(114.177251410 22.302916840,114.177303100 22.302866234,114.177579941 22.302747695,114.177631685 22.302716436)",physical,104227,10629,10639,true,ID_010934,3,CHEONG WAN ROAD,10180,<=101 vertices; endpoints exact,m,unknown,unknown
309138,10630,10699,1,1,339.453172,,,,,1,,,,"LINESTRING(114.177367018 22.311290423,114.177381075 22.311276133,114.177523874 22.311132447,114.177671596 22.310945223,114.177786487 22.310769180,114.177810129 22.310733680,114.178131929 22.310201284,114.178267027 22.309981827,114.178540676 22.309537200,114.178675664 22.309318161,114.178816417 22.309083219,114.178901762 22.308898136,114.178950674 22.308755244,114.178977927 22.308636462)",physical,104569,10630,10699,true,ID_09094,3,PRINCESS MARGARET ROAD,11791,<=101 vertices; endpoints exact,m,unknown,unknown
310298,10631,10676,1,1,154.289024,,,,,1,,,,"LINESTRING(114.177389872 22.296727816,114.177473739 22.296801334,114.177743713 22.297032996,114.178381011 22.297494267,114.178397440 22.297504852,114.178417662 22.297519553,114.178435355 22.297530725,114.178458736 22.297548365,114.178484644 22.297564242,114.178504866 22.297577767,114.178516460 22.297585006,114.178529231 22.297592433,114.178540937 22.297599366,114.178550516 22.297605308)",physical,105149,10631,10676,true,ID_031278,3,SALISBURY ROAD,11869,<=101 vertices; endpoints exact,m,unknown,unknown
308528,10632,10644,1,1,48.718222,,,,,1,,,,"LINESTRING(114.177407862 22.297911795,114.177538534 22.298008869,114.177709876 22.298145621,114.177755094 22.298206865)",physical,104264,10632,10644,true,ID_08565,3,MODY ROAD,11451,<=101 vertices; endpoints exact,m,unknown,unknown
309149,10633,10608,1,-1,74.587014,,,,,1,,,,"LINESTRING(114.177465297 22.307581780,114.177151635 22.307488691,114.176777386 22.307372159)",physical,104574,10608,10633,true,ID_032174,1,WYLIE PATH,12802,<=101 vertices; endpoints exact,m,unknown,unknown
309151,10633,10640,1,-1,23.42572,,,,,1,,,,"LINESTRING(114.177465297 22.307581780,114.177686745 22.307629672)",physical,104575,10640,10633,true,ID_032175,1,WYLIE PATH,12802,<=101 vertices; endpoints exact,m,unknown,unknown
309146,10633,10660,1,1,191.480093,,,,,1,,,,"LINESTRING(114.177465297 22.307581780,114.177363155 22.308059444,114.177362104 22.308086794,114.177365161 22.308108734,114.177375641 22.308129456,114.177391361 22.308147739,114.177414503 22.308162772,114.177896634 22.308358179,114.177927140 22.308363079,114.177959889 22.308360640,114.177983031 22.308352108,114.178012485 22.308336225,114.178034556 22.308311071,114.178049839 22.308275316,114.178203101 22.307853163)",physical,104573,10633,10660,true,ID_028913,1,WYLIE PATH,12802,<=101 vertices; endpoints exact,m,unknown,unknown
308464,10634,10654,1,1,102.592195,,,,,1,,,,"LINESTRING(114.177471603 22.303266922,114.177939007 22.303735064,114.178134186 22.303957895)",physical,104232,10634,10654,true,ID_035493,3,CHATHAM ROAD SOUTH,10167,<=101 vertices; endpoints exact,m,unknown,unknown
308410,10635,10634,1,1,28.033871,,,,,1,,,,"LINESTRING(114.177472079 22.303016492,114.177464282 22.303034230,114.177460784 22.303089371,114.177474517 22.303158205,114.177471603 22.303266922)",physical,104205,10635,10634,true,ID_019127,3,CHATHAM ROAD SOUTH,10167,<=101 vertices; endpoints exact,m,unknown,unknown
310448,10636,10556,1,1,232.506822,,,,,1,,,,"LINESTRING(114.177485678 22.298083666,114.177399915 22.297997298,114.177271055 22.297883870,114.176703378 22.297413947,114.176562065 22.297299412,114.176452766 22.297238696,114.176365323 22.297208380,114.176266137 22.297182741,114.176174298 22.297177613,114.176047561 22.297189577,114.175705343 22.297243787,114.175590204 22.297237433)",physical,105224,10636,10556,true,ID_012690,3,MODY ROAD,11451,<=101 vertices; endpoints exact,m,unknown,unknown
308630,10636,10627,1,1,45.844196,,,,,1,,,,"LINESTRING(114.177485678 22.298083666,114.177189123 22.298392279)",physical,104315,10636,10627,true,ID_034386,1,MODY SQUARE,11452,<=101 vertices; endpoints exact,m,unknown,unknown
310086,10636,10644,1,1,32.874837,,,,,1,,,,"LINESTRING(114.177485678 22.298083666,114.177519990 22.298071110,114.177544103 22.298072233,114.177580273 22.298084574,114.177683960 22.298167597,114.177755094 22.298206865)",physical,105043,10636,10644,true,ID_013347,3,MODY ROAD,11451,<=101 vertices; endpoints exact,m,unknown,unknown
310078,10637,10619,1,1,106.268013,,,,,1,,,,"LINESTRING(114.177509386 22.298707559,114.177523281 22.298719901,114.177533642 22.298729544,114.177549927 22.298741941,114.177569171 22.298758471,114.177592372 22.298776439,114.177609648 22.298798404,114.177620195 22.298825325,114.177618387 22.298847760,114.177614168 22.298870194,114.177594580 22.298893470,114.177565349 22.298920952,114.177546665 22.298936376,114.177528583 22.298945069,114.177511105 22.298947873,114.177493927 22.298946191,114.177477051 22.298940302,114.177450231 22.298921794,114.177381952 22.298861621,114.177272467 22.298763428,114.177179276 22.298688670,114.177138633 22.298649835,114.177099323 22.298612700,114.177061799 22.298562817,114.177047544 22.298537626,114.177048790 22.298512713)",physical,105039,10637,10619,true,ID_034439,3,MODY SQUARE,11452,<=101 vertices; endpoints exact,m,unknown,unknown
308468,10638,10629,1,1,35.301343,,,,,1,,,,"LINESTRING(114.177567430 22.302848133,114.177340225 22.302943528,114.177251410 22.302916840)",physical,104234,10638,10629,true,ID_010950,3,CHEONG WAN ROAD,10180,<=101 vertices; endpoints exact,m,unknown,unknown
654488,10638,10635,1,1,21.159839,,,,,1,,,,"LINESTRING(114.177567430 22.302848133,114.177508283 22.302934126,114.177472079 22.303016492)",physical,277244,10638,10635,true,ID_019129,3,CHATHAM ROAD SOUTH,10167,<=101 vertices; endpoints exact,m,unknown,unknown
308552,10639,10652,1,1,54.095932,,,,,1,,,,"LINESTRING(114.177631685 22.302716436,114.178110466 22.302516029)",physical,104276,10639,10652,true,ID_010620,3,CHEONG WAN ROAD,10180,<=101 vertices; endpoints exact,m,unknown,unknown
309150,10640,10633,1,1,23.42572,,,,,1,,,,"LINESTRING(114.177686745 22.307629672,114.177465297 22.307581780)",physical,104575,10640,10633,true,ID_032175,1,WYLIE PATH,12802,<=101 vertices; endpoints exact,m,unknown,unknown
319734,10641,10636,1,1,29.312365,,,,,1,,,,"LINESTRING(114.177694348 22.298263569,114.177485678 22.298083666)",physical,109867,10641,10636,true,ID_010696,3,MODY ROAD,11451,<=101 vertices; endpoints exact,m,unknown,unknown
310504,10642,10651,1,1,43.87636,,,,,1,,,,"LINESTRING(114.177708164 22.306002993,114.178109438 22.305870405)",physical,105252,10642,10651,true,ID_022260,3,GASCOIGNE ROAD FLYOVER,14494,<=101 vertices; endpoints exact,m,unknown,unknown
309850,10643,10592,1,1,143.970265,,,,,1,,,,"LINESTRING(114.177736848 22.306077019,114.177664167 22.306099354,114.177504590 22.306150397,114.177340027 22.306204921,114.177053391 22.306300611,114.176692607 22.306421052,114.176419361 22.306509897)",physical,104925,10643,10592,true,ID_022258,3,GASCOIGNE ROAD FLYOVER,14494,<=101 vertices; endpoints exact,m,unknown,unknown
310084,10644,10646,1,1,27.676517,,,,,1,,,,"LINESTRING(114.177755094 22.298206865,114.177957734 22.298370908)",physical,105042,10644,10646,true,ID_013346,3,MODY ROAD,11451,<=101 vertices; endpoints exact,m,unknown,unknown
308460,10645,10626,1,1,126.031944,,,,,1,,,,"LINESTRING(114.177904364 22.303871438,114.177162772 22.303181174,114.177150292 22.303019488)",physical,104230,10645,10626,true,ID_010986,3,CHATHAM ROAD SOUTH,10167,<=101 vertices; endpoints exact,m,unknown,unknown
319732,10646,10641,1,1,31.747176,,,,,1,,,,"LINESTRING(114.177957734 22.298370908,114.177925701 22.298386088,114.177892080 22.298380295,114.177772536 22.298287594,114.177694348 22.298263569)",physical,109866,10646,10641,true,ID_010695,3,MODY ROAD,11451,<=101 vertices; endpoints exact,m,unknown,unknown
308578,10646,10647,1,1,6.975563,,,,,1,,,,"LINESTRING(114.177957734 22.298370908,114.178001513 22.298322861)",physical,104289,10646,10647,true,ID_010629,1,MODY LANE,11450,<=101 vertices; endpoints exact,m,unknown,unknown
308720,10646,10667,1,1,63.935051,,,,,1,,,,"LINESTRING(114.177957734 22.298370908,114.178106263 22.298509496,114.178354693 22.298714598,114.178392050 22.298778330)",physical,104360,10646,10667,true,ID_010932,3,MODY ROAD,11451,<=101 vertices; endpoints exact,m,unknown,unknown
308579,10647,10646,1,-1,6.975563,,,,,1,,,,"LINESTRING(114.178001513 22.298322861,114.177957734 22.298370908)",physical,104289,10646,10647,true,ID_010629,1,MODY LANE,11450,<=101 vertices; endpoints exact,m,unknown,unknown
308726,10647,10668,1,1,72.711764,,,,,1,,,,"LINESTRING(114.178001513 22.298322861,114.177993739 22.298263744,114.178093423 22.298146316,114.178164461 22.298043852,114.178209928 22.297989056,114.178344289 22.297852410,114.178420514 22.297848405)",physical,104363,10647,10668,true,ID_017662,3,MODY LANE,11450,<=101 vertices; endpoints exact,m,unknown,unknown
309252,10648,10664,1,1,49.426717,,,,,1,,,,"LINESTRING(114.178012211 22.305823154,114.178158468 22.305755106,114.178226878 22.305733156,114.178265801 22.305707912,114.178278206 22.305686190,114.178289541 22.305649291,114.178296518 22.305612148,114.178297090 22.305580758,114.178293635 22.305530223)",physical,104626,10648,10664,true,ID_07775,3,CHATHAM ROAD SOUTH,10167,<=101 vertices; endpoints exact,m,unknown,unknown
310438,10648,10701,1,1,104.618031,,,,,1,,,,"LINESTRING(114.178012211 22.305823154,114.178157903 22.305796244,114.178451356 22.305707402,114.178504751 22.305695357,114.178585761 22.305677082,114.178619835 22.305669396,114.178799160 22.305632892,114.178868897 22.305622462,114.178923690 22.305621303,114.178994157 22.305647358)",physical,105219,10648,10701,true,ID_012685,3,CHATHAM ROAD SOUTH,10167,<=101 vertices; endpoints exact,m,unknown,unknown
310063,10649,10655,1,-1,10.565115,,,,,1,,,,"LINESTRING(114.178060024 22.301677481,114.178136559 22.301740970)",physical,105031,10655,10649,true,ID_023664,1,<Null>,0,<=101 vertices; endpoints exact,m,unknown,unknown
308550,10650,10652,1,1,3.845281,,,,,1,,,,"LINESTRING(114.178098102 22.302483265,114.178110466 22.302516029)",physical,104275,10650,10652,true,ID_023555,1,SCIENCE MUSEUM ROAD,11939,<=101 vertices; endpoints exact,m,unknown,unknown
310068,10650,10655,1,1,94.004084,,,,,1,,,,"LINESTRING(114.178098102 22.302483265,114.178045341 22.302460636,114.177989019 22.302279202,114.177952658 22.302133291,114.177938941 22.302081156,114.177939051 22.302011898,114.177949711 22.301959653,114.177976163 22.301916293,114.178136559 22.301740970)",physical,105034,10650,10655,true,ID_029336,3,SCIENCE MUSEUM ROAD,11939,<=101 vertices; endpoints exact,m,unknown,unknown
310436,10651,10701,1,1,94.73197,,,,,1,,,,"LINESTRING(114.178109438 22.305870405,114.178224315 22.305822038,114.178445412 22.305762432,114.178518283 22.305745204,114.178599024 22.305726116,114.178649673 22.305714142,114.178690526 22.305705923,114.178795416 22.305687429,114.178917973 22.305668934,114.178994157 22.305647358)",physical,105218,10651,10701,true,ID_013489,3,CHATHAM ROAD SOUTH,10167,<=101 vertices; endpoints exact,m,unknown,unknown
310480,10651,10724,1,1,184.904731,,,,,1,,,,"LINESTRING(114.178109438 22.305870405,114.178241589 22.305855630,114.178450934 22.305800445,114.178528072 22.305781262,114.178536497 22.305779167,114.178608529 22.305761254,114.178707088 22.305736744,114.178809762 22.305721108,114.178837693 22.305717925,114.178865624 22.305715273,114.178886145 22.305715803,114.178903816 22.305714742,114.178925881 22.305714296,114.178965948 22.305713680,114.178994449 22.305714741,114.179022270 22.305715674,114.179064905 22.305720037,114.179175494 22.305739325,114.179276854 22.305765052,114.179410473 22.305805778,114.179530273 22.305850793,114.179631643 22.305902239,114.179691543 22.305936536,114.179811337 22.306013553)",physical,105240,10651,10724,true,ID_020827,3,HUNG HOM BYPASS,14477,<=101 vertices; endpoints exact,m,unknown,unknown
308551,10652,10650,1,-1,3.845281,,,,,1,,,,"LINESTRING(114.178110466 22.302516029,114.178098102 22.302483265)",physical,104275,10650,10652,true,ID_023555,1,SCIENCE MUSEUM ROAD,11939,<=101 vertices; endpoints exact,m,unknown,unknown
308730,10652,10659,1,1,10.022409,,,,,1,,,,"LINESTRING(114.178110466 22.302516029,114.178198839 22.302478221)",physical,104365,10652,10659,true,ID_06912,3,CHEONG WAN ROAD,10180,<=101 vertices; endpoints exact,m,unknown,unknown
310538,10653,10645,1,1,48.507227,,,,,1,,,,"LINESTRING(114.178118333 22.304256511,114.178060848 22.304112599,114.177997270 22.303976093,114.177904364 22.303871438)",physical,105269,10653,10645,true,ID_013494,3,PRINCESS MARGARET ROAD,11791,<=101 vertices; endpoints exact,m,unknown,unknown
310540,10654,10658,1,1,31.627279,,,,,1,,,,"LINESTRING(114.178134186 22.303957895,114.178143497 22.304051351,114.178172649 22.304166195,114.178192335 22.304237637)",physical,105270,10654,10658,true,ID_035495,3,PRINCESS MARGARET ROAD,11791,<=101 vertices; endpoints exact,m,unknown,unknown
309338,10654,10681,1,1,165.055904,,,,,1,,,,"LINESTRING(114.178134186 22.303957895,114.178195540 22.304027073,114.178236876 22.304139897,114.178454278 22.304942642,114.178507257 22.305111605,114.178567760 22.305242473,114.178633502 22.305363207)",physical,104669,10654,10681,true,ID_07484,3,CHATHAM ROAD SOUTH,10167,<=101 vertices; endpoints exact,m,unknown,unknown
310062,10655,10649,1,1,10.565115,,,,,1,,,,"LINESTRING(114.178136559 22.301740970,114.178060024 22.301677481)",physical,105031,10655,10649,true,ID_023664,1,<Null>,0,<=101 vertices; endpoints exact,m,unknown,unknown
310065,10655,10657,1,-1,7.225395,,,,,1,,,,"LINESTRING(114.178136559 22.301740970,114.178149613 22.301751183,114.178191221 22.301781831)",physical,105032,10657,10655,true,ID_021907,1,SCIENCE MUSEUM ROAD,11939,<=101 vertices; endpoints exact,m,unknown,unknown
310066,10655,10671,1,1,57.281019,,,,,1,,,,"LINESTRING(114.178136559 22.301740970,114.178145289 22.301731767,114.178512786 22.301360164)",physical,105033,10655,10671,true,ID_029335,3,SCIENCE MUSEUM ROAD,11939,<=101 vertices; endpoints exact,m,unknown,unknown
309364,10656,10622,1,1,119.176685,,,,,1,,,,"LINESTRING(114.178168293 22.306026969,114.178009584 22.306063148,114.177070294 22.306363528)",physical,104682,10656,10622,true,ID_016990,3,GASCOIGNE ROAD,10599,<=101 vertices; endpoints exact,m,unknown,unknown
310362,10656,10682,1,1,162.592288,,,,,1,,,,"LINESTRING(114.178168293 22.306026969,114.178129605 22.306062967,114.178077030 22.306106351,114.178018503 22.306186658,114.177988744 22.306265118,114.177978824 22.306328809,114.177983784 22.306392499,114.178002633 22.306472806,114.178041867 22.306540705,114.178098535 22.306582173,114.178166160 22.306617816,114.178247615 22.306636184,114.178307030 22.306644798,114.178374674 22.306636183,114.178472754 22.306610101,114.178541679 22.306561209,114.178597055 22.306502148,114.178629518 22.306431664,114.178634341 22.306421188,114.178641268 22.306348668,114.178648124 22.306216251)",physical,105181,10656,10682,true,ID_016992,3,PRINCESS MARGARET ROAD,11791,<=101 vertices; endpoints exact,m,unknown,unknown
308732,10657,10650,1,1,87.736556,,,,,1,,,,"LINESTRING(114.178191221 22.301781831,114.178166272 22.301807634,114.178043557 22.301914425,114.178018973 22.301951808,114.178000446 22.301991612,114.177992353 22.302047814,114.177996972 22.302098399,114.178009787 22.302139936,114.178061740 22.302282373,114.178117506 22.302443533,114.178098102 22.302483265)",physical,104366,10657,10650,true,ID_033913,3,SCIENCE MUSEUM ROAD,11939,<=101 vertices; endpoints exact,m,unknown,unknown
310064,10657,10655,1,1,7.225395,,,,,1,,,,"LINESTRING(114.178191221 22.301781831,114.178149613 22.301751183,114.178136559 22.301740970)",physical,105032,10657,10655,true,ID_021907,1,SCIENCE MUSEUM ROAD,11939,<=101 vertices; endpoints exact,m,unknown,unknown
634936,10657,10685,1,1,95.513789,,,,,1,,,,"LINESTRING(114.178191221 22.301781831,114.178211093 22.301882842,114.178222391 22.301990841,114.178279910 22.302175299,114.178298398 22.302195369,114.178325103 22.302216395,114.178370295 22.302214483,114.178536683 22.302174340,114.178604471 22.302166694,114.178747865 22.302185205)",physical,267468,10657,10685,true,ID_023672,3,-99,50459,<=101 vertices; endpoints exact,m,unknown,unknown
310118,10658,10683,1,1,213.656539,,,,,1,,,,"LINESTRING(114.178192335 22.304237637,114.178413486 22.305040194,114.178554508 22.305561545,114.178585761 22.305677082,114.178586697 22.305680544,114.178591129 22.305696927,114.178599003 22.305726036,114.178599024 22.305726116,114.178604475 22.305746266,114.178608529 22.305761254,114.178635180 22.305859783,114.178637006 22.305866537,114.178637875 22.305869747,114.178702274 22.306107824)",physical,105059,10658,10683,true,ID_035494,3,PRINCESS MARGARET ROAD,11791,<=101 vertices; endpoints exact,m,unknown,unknown
308740,10659,10685,1,1,66.142617,,,,,1,,,,"LINESTRING(114.178198839 22.302478221,114.178242188 22.302419762,114.178427848 22.302342534,114.178586620 22.302271847,114.178682812 22.302220309,114.178747865 22.302185205)",physical,104370,10659,10685,true,ID_014162,3,HONG TAT PATH,10840,<=101 vertices; endpoints exact,m,unknown,unknown
309260,10659,10707,1,1,102.334288,,,,,1,,,,"LINESTRING(114.178198839 22.302478221,114.178270413 22.302478190,114.178429768 22.302409423,114.178515226 22.302378461,114.178635156 22.302343449,114.178754597 22.302305678,114.178916594 22.302261131,114.179067545 22.302230167,114.179144947 22.302216153)",physical,104630,10659,10707,true,ID_06125,3,CHEONG WAN ROAD,10180,<=101 vertices; endpoints exact,m,unknown,unknown
309147,10660,10633,1,-1,191.480093,,,,,1,,,,"LINESTRING(114.178203101 22.307853163,114.178049839 22.308275316,114.178034556 22.308311071,114.178012485 22.308336225,114.177983031 22.308352108,114.177959889 22.308360640,114.177927140 22.308363079,114.177896634 22.308358179,114.177414503 22.308162772,114.177391361 22.308147739,114.177375641 22.308129456,114.177365161 22.308108734,114.177362104 22.308086794,114.177363155 22.308059444,114.177465297 22.307581780)",physical,104573,10633,10660,true,ID_028913,1,WYLIE PATH,12802,<=101 vertices; endpoints exact,m,unknown,unknown
310092,10661,10647,1,1,35.078607,,,,,1,,,,"LINESTRING(114.178244447 22.298115419,114.178054342 22.298315502,114.178001513 22.298322861)",physical,105046,10661,10647,true,ID_017686,3,MODY LANE,11450,<=101 vertices; endpoints exact,m,unknown,unknown
308702,10662,10638,1,1,77.418861,,,,,1,,,,"LINESTRING(114.178254203 22.302564591,114.177567430 22.302848133)",physical,104351,10662,10638,true,ID_010928,3,CHEONG WAN ROAD,10180,<=101 vertices; endpoints exact,m,unknown,unknown
331926,10662,10691,1,1,76.791783,,,,,1,,,,"LINESTRING(114.178254203 22.302564591,114.178308483 22.302683792,114.178357007 22.302732701,114.178422506 22.302774169,114.178644058 22.302886941,114.178696620 22.302901986,114.178773434 22.302894462,114.178842163 22.302879416)",physical,115963,10662,10691,true,ID_014298,3,-99,46405,<=101 vertices; endpoints exact,m,unknown,unknown
10000183,10663,91,1,1,,,,,,0,,,,"LINESTRING(114.178273790 22.310167466,114.178684078 22.310849837)",nonphysical_zone_access_in,,,,false,,,,,straight display only,not routable,not routable,not routable
10000185,10663,92,1,1,,,,,,0,,,,"LINESTRING(114.178273790 22.310167466,114.179374837 22.311504580)",nonphysical_zone_access_in,,,,false,,,,,straight display only,not routable,not routable,not routable
310388,10663,10614,1,1,345.374263,,,,,1,,,,"LINESTRING(114.178273790 22.310167466,114.178231791 22.310198169,114.178134445 22.310353591,114.177898845 22.310731110,114.177773020 22.310931816,114.177721663 22.311011860,114.177640775 22.311119979,114.177561813 22.311217942,114.177443048 22.311342787,114.177328777 22.311459268,114.177140037 22.311646832,114.177032186 22.311766898,114.176984680 22.311826631,114.176901223 22.311956851,114.176865914 22.312029726,114.176837667 22.312100810,114.176805568 22.312210720,114.176791445 22.312277024,114.176780531 22.312344524,114.176774753 22.312415009,114.176774111 22.312517154,114.176789519 22.312668281,114.176804926 22.312766244,114.176848988 22.312835070)",physical,105194,10663,10614,true,ID_016429,3,PRINCESS MARGARET ROAD,11791,<=101 vertices; endpoints exact,m,unknown,unknown
309298,10664,10645,1,1,188.179214,,,,,1,,,,"LINESTRING(114.178293635 22.305530223,114.178223116 22.305257549,114.178194274 22.305143891,114.178173916 22.305064963,114.178145075 22.304930784,114.178068730 22.304531402,114.178033103 22.304326187,114.177987091 22.304129423,114.177955064 22.304032571,114.177904364 22.303871438)",physical,104649,10664,10645,true,ID_07472,3,CHATHAM ROAD SOUTH,10167,<=101 vertices; endpoints exact,m,unknown,unknown
428996,10665,10657,1,1,20.050722,,,,,1,,,,"LINESTRING(114.178319805 22.301645926,114.178191221 22.301781831)",physical,164498,10665,10657,true,ID_033915,3,SCIENCE MUSEUM ROAD,11939,<=101 vertices; endpoints exact,m,unknown,unknown
635566,10665,10669,1,1,18.422153,,,,,1,,,,"LINESTRING(114.178319805 22.301645926,114.178473802 22.301730436)",physical,267783,10665,10669,true,ID_023673,3,-99,50459,<=101 vertices; endpoints exact,m,unknown,unknown
310382,10666,10614,1,1,367.100266,,,,,1,,,,"LINESTRING(114.178351188 22.310078325,114.178332164 22.310157734,114.178195539 22.310376598,114.178184672 22.310422104,114.178186224 22.310469055,114.178238885 22.310704965,114.178248751 22.310753162,114.178247558 22.310791050,114.178230212 22.310826022,114.177791209 22.311243686,114.177306768 22.311733593,114.177071878 22.311974009,114.176967251 22.312048232,114.176928276 22.312075430,114.176901481 22.312111694,114.176874686 22.312175158,114.176851544 22.312269219,114.176839365 22.312375747,114.176834901 22.312466901,114.176840583 22.312533271,114.176845964 22.312622380,114.176864595 22.312759440,114.176848988 22.312835070)",physical,105191,10666,10614,true,ID_022779,3,CHI MAN STREET,10229,<=101 vertices; endpoints exact,m,unknown,unknown
364790,10666,10663,1,1,12.797198,,,,,1,,,,"LINESTRING(114.178351188 22.310078325,114.178302805 22.310122216,114.178273790 22.310167466)",physical,132395,10666,10663,true,ID_016430,3,PRINCESS MARGARET ROAD,11791,<=101 vertices; endpoints exact,m,unknown,unknown
310088,10667,10641,1,1,92.349589,,,,,1,,,,"LINESTRING(114.178392050 22.298778330,114.178320070 22.298750772,114.178209271 22.298660481,114.178138526 22.298602572,114.178045663 22.298555787,114.177806589 22.298361739,114.177694348 22.298263569)",physical,105044,10667,10641,true,ID_013348,3,MODY ROAD,11451,<=101 vertices; endpoints exact,m,unknown,unknown
310282,10667,10692,1,1,63.882939,,,,,1,,,,"LINESTRING(114.178392050 22.298778330,114.178862761 22.299153767)",physical,105141,10667,10692,true,ID_011068,1,MODY ROAD,11451,<=101 vertices; endpoints exact,m,unknown,unknown
310284,10667,10692,1,1,78.638465,,,,,1,,,,"LINESTRING(114.178392050 22.298778330,114.178557045 22.298737191,114.178585535 22.298743244,114.178861264 22.298979175,114.178868984 22.299014135,114.178862761 22.299153767)",physical,105142,10667,10692,true,ID_034384,3,MODY ROAD,11451,<=101 vertices; endpoints exact,m,unknown,unknown
310094,10668,10661,1,1,35.609949,,,,,1,,,,"LINESTRING(114.178420514 22.297848405,114.178404146 22.297910068,114.178271101 22.298043665,114.178244447 22.298115419)",physical,105047,10668,10661,true,ID_017687,3,MODY LANE,11450,<=101 vertices; endpoints exact,m,unknown,unknown
308754,10668,10670,1,1,10.848369,,,,,1,,,,"LINESTRING(114.178420514 22.297848405,114.178485273 22.297771164)",physical,104377,10668,10670,true,ID_017653,1,MODY LANE,11450,<=101 vertices; endpoints exact,m,unknown,unknown
310260,10670,10620,1,1,195.943439,,,,,1,,,,"LINESTRING(114.178485273 22.297771164,114.178403212 22.297721658,114.178251644 22.297619083,114.178046018 22.297453382,114.177092964 22.296639117,114.177053894 22.296609370)",physical,105130,10670,10620,true,ID_011063,3,SALISBURY ROAD,11869,<=101 vertices; endpoints exact,m,unknown,unknown
308755,10670,10668,1,-1,10.848369,,,,,1,,,,"LINESTRING(114.178485273 22.297771164,114.178420514 22.297848405)",physical,104377,10668,10670,true,ID_017653,1,MODY LANE,11450,<=101 vertices; endpoints exact,m,unknown,unknown
308757,10670,10678,1,-1,11.119885,,,,,1,,,,"LINESTRING(114.178485273 22.297771164,114.178590687 22.297792648)",physical,104378,10678,10670,true,ID_09704,1,SALISBURY ROAD,11869,<=101 vertices; endpoints exact,m,unknown,unknown
310057,10671,10621,1,-1,190.391432,,,,,1,,,,"LINESTRING(114.178512786 22.301360164,114.178297015 22.301201979,114.178090298 22.301029710,114.177767357 22.300757786,114.177509494 22.300509234,114.177451528 22.300467233,114.177373386 22.300423245,114.177261462 22.300379249,114.177152194 22.300359171,114.177061704 22.300349900)",physical,105028,10621,10671,true,ID_029877,1,GRANVILLE ROAD,10622,<=101 vertices; endpoints exact,m,unknown,unknown
310054,10671,10677,1,1,5.98586,,,,,1,,,,"LINESTRING(114.178512786 22.301360164,114.178555781 22.301396515)",physical,105027,10671,10677,true,ID_033958,1,GRANVILLE ROAD,10622,<=101 vertices; endpoints exact,m,unknown,unknown
308774,10671,10689,1,1,49.384181,,,,,1,,,,"LINESTRING(114.178512786 22.301360164,114.178827559 22.301023870)",physical,104387,10671,10689,true,ID_033917,3,SCIENCE MUSEUM ROAD,11939,<=101 vertices; endpoints exact,m,unknown,unknown
331640,10672,10679,1,1,10.262558,,,,,1,,,,"LINESTRING(114.178521398 22.300033457,114.178598340 22.300092302)",physical,115820,10672,10679,true,ID_029341,1,SCIENCE MUSEUM SQUARE,11940,<=101 vertices; endpoints exact,m,unknown,unknown
310506,10675,10643,1,1,86.883302,,,,,1,,,,"LINESTRING(114.178549365 22.305877957,114.178439133 22.305883793,114.178305088 22.305913281,114.178161483 22.305948448,114.178035650 22.305985198,114.177736848 22.306077019)",physical,105253,10675,10643,true,ID_017094,3,GASCOIGNE ROAD FLYOVER,14494,<=101 vertices; endpoints exact,m,unknown,unknown
310360,10675,10656,1,1,42.816256,,,,,1,,,,"LINESTRING(114.178549365 22.305877957,114.178449710 22.305936234,114.178168293 22.306026969)",physical,105180,10675,10656,true,ID_016991,3,GASCOIGNE ROAD,10599,<=101 vertices; endpoints exact,m,unknown,unknown
308646,10676,10698,1,1,57.995464,,,,,1,,,,"LINESTRING(114.178550516 22.297605308,114.178615140 22.297684778,114.178908189 22.297914984,114.178935856 22.297977057)",physical,104323,10676,10698,true,ID_08322,3,SALISBURY ROAD,11869,<=101 vertices; endpoints exact,m,unknown,unknown
310296,10676,10747,1,1,278.72825,,,,,1,,,,"LINESTRING(114.178550516 22.297605308,114.178652620 22.297651067,114.178966670 22.297883209,114.179028301 22.297931436,114.179109541 22.298001819,114.179227201 22.298098271,114.180332727 22.299031327,114.180415008 22.299107374,114.180451925 22.299140581,114.180489616 22.299174484,114.180515630 22.299202489,114.180558307 22.299248913,114.180572733 22.299267370)",physical,105148,10676,10747,true,ID_011152,3,SALISBURY ROAD,11869,<=101 vertices; endpoints exact,m,unknown,unknown
310058,10677,10665,1,1,36.797015,,,,,1,,,,"LINESTRING(114.178555781 22.301396515,114.178319805 22.301645926)",physical,105029,10677,10665,true,ID_029337,3,SCIENCE MUSEUM ROAD,11939,<=101 vertices; endpoints exact,m,unknown,unknown
310055,10677,10671,1,-1,5.98586,,,,,1,,,,"LINESTRING(114.178555781 22.301396515,114.178512786 22.301360164)",physical,105027,10671,10677,true,ID_033958,1,GRANVILLE ROAD,10622,<=101 vertices; endpoints exact,m,unknown,unknown
308756,10678,10670,1,1,11.119885,,,,,1,,,,"LINESTRING(114.178590687 22.297792648,114.178485273 22.297771164)",physical,104378,10678,10670,true,ID_09704,1,SALISBURY ROAD,11869,<=101 vertices; endpoints exact,m,unknown,unknown
308742,10678,10698,1,1,42.219626,,,,,1,,,,"LINESTRING(114.178590687 22.297792648,114.178685964 22.297814680,114.178857163 22.297957888,114.178935856 22.297977057)",physical,104371,10678,10698,true,ID_09702,3,SALISBURY ROAD,11869,<=101 vertices; endpoints exact,m,unknown,unknown
331641,10679,10672,1,-1,10.262558,,,,,1,,,,"LINESTRING(114.178598340 22.300092302,114.178521398 22.300033457)",physical,115820,10672,10679,true,ID_029341,1,SCIENCE MUSEUM SQUARE,11940,<=101 vertices; endpoints exact,m,unknown,unknown
331638,10679,10687,1,1,25.499691,,,,,1,,,,"LINESTRING(114.178598340 22.300092302,114.178613024 22.300081693,114.178630481 22.300072746,114.178649514 22.300072161,114.178666330 22.300077347,114.178690361 22.300091971,114.178796689 22.300181607)",physical,115819,10679,10687,true,ID_029340,3,SCIENCE MUSEUM SQUARE,11940,<=101 vertices; endpoints exact,m,unknown,unknown
310116,10680,10653,1,1,213.686662,,,,,1,,,,"LINESTRING(114.178627532 22.306127085,114.178627340 22.306126254,114.178561679 22.305905054,114.178554933 22.305880205,114.178528072 22.305781262,114.178518283 22.305745204,114.178504751 22.305695357,114.178481146 22.305608410,114.178476837 22.305592394,114.178334194 22.305062243,114.178209658 22.304605687,114.178118333 22.304256511)",physical,105058,10680,10653,true,ID_012548,3,PRINCESS MARGARET ROAD,11791,<=101 vertices; endpoints exact,m,unknown,unknown
310352,10681,10664,1,1,54.534215,,,,,1,,,,"LINESTRING(114.178633502 22.305363207,114.178635658 22.305439173,114.178620004 22.305485870,114.178596431 22.305516222,114.178556486 22.305559127,114.178554508 22.305561545,114.178550721 22.305566171,114.178521500 22.305580259,114.178498518 22.305588206,114.178491637 22.305589200,114.178486361 22.305590338,114.178476837 22.305592394,114.178468578 22.305594176,114.178425420 22.305595170,114.178404525 22.305592181,114.178372498 22.305583150,114.178345518 22.305570237,114.178313414 22.305551264,114.178293635 22.305530223)",physical,105176,10681,10664,true,ID_012323,3,CHATHAM ROAD SOUTH,10167,<=101 vertices; endpoints exact,m,unknown,unknown
310364,10681,10709,1,1,65.667524,,,,,1,,,,"LINESTRING(114.178633502 22.305363207,114.178688542 22.305406192,114.178741276 22.305452450,114.178778635 22.305481999,114.178836266 22.305519964,114.178891648 22.305547613,114.178969636 22.305573250,114.179025068 22.305583675,114.179137260 22.305590592,114.179173023 22.305633999)",physical,105182,10681,10709,true,ID_012620,3,CHATHAM ROAD SOUTH,10167,<=101 vertices; endpoints exact,m,unknown,unknown
310534,10682,10680,1,1,10.099185,,,,,1,,,,"LINESTRING(114.178648124 22.306216251,114.178627532 22.306127085)",physical,105267,10682,10680,true,ID_013493,3,PRINCESS MARGARET ROAD,11791,<=101 vertices; endpoints exact,m,unknown,unknown
310536,10683,10700,1,1,341.951801,,,,,1,,,,"LINESTRING(114.178702274 22.306107824,114.178888483 22.306796226,114.178906681 22.306864046,114.179134635 22.307495273,114.179200538 22.307741230,114.179233607 22.307982220,114.179234393 22.308042020,114.179234688 22.308064427,114.179234725 22.308067216,114.179236493 22.308197194,114.179231448 22.308284186,114.179196868 22.308476213,114.179159490 22.308614100,114.179111431 22.308734597,114.179067377 22.308837702,114.178987599 22.309004482,114.178978816 22.309088946)",physical,105268,10683,10700,true,ID_015694,3,PRINCESS MARGARET ROAD,11791,<=101 vertices; endpoints exact,m,unknown,unknown
308690,10684,10662,1,1,49.521093,,,,,1,,,,"LINESTRING(114.178719527 22.302462176,114.178637473 22.302477448,114.178549927 22.302498373,114.178439894 22.302531399,114.178353199 22.302559357,114.178254203 22.302564591)",physical,104345,10684,10662,true,ID_023532,3,HONG TAI PATH,10838,<=101 vertices; endpoints exact,m,unknown,unknown
331924,10684,10691,1,1,47.899746,,,,,1,,,,"LINESTRING(114.178719527 22.302462176,114.178842163 22.302879416)",physical,115962,10684,10691,true,ID_014297,1,YUK CHOI ROAD,12935,<=101 vertices; endpoints exact,m,unknown,unknown
428994,10685,10697,1,1,20.87661,,,,,1,,,,"LINESTRING(114.178747865 22.302185205,114.178867085 22.302120872,114.178923366 22.302091010)",physical,164497,10685,10697,true,ID_04667,3,HONG TAT PATH,10840,<=101 vertices; endpoints exact,m,unknown,unknown
308724,10686,10678,1,1,32.811593,,,,,1,,,,"LINESTRING(114.178755648 22.298019763,114.178592426 22.297887615,114.178590687 22.297792648)",physical,104362,10686,10678,true,ID_010933,3,SALISBURY ROAD,11869,<=101 vertices; endpoints exact,m,unknown,unknown
331637,10687,10694,1,-1,11.15438,,,,,1,,,,"LINESTRING(114.178796689 22.300181607,114.178871173 22.300108513)",physical,115818,10694,10687,true,ID_029339,1,SCIENCE MUSEUM SQUARE,11940,<=101 vertices; endpoints exact,m,unknown,unknown
331602,10687,10711,1,1,67.130247,,,,,1,,,,"LINESTRING(114.178796689 22.300181607,114.179095644 22.300433630,114.179230757 22.300540235,114.179209332 22.300603166)",physical,115801,10687,10711,true,ID_029342,3,SCIENCE MUSEUM SQUARE,11940,<=101 vertices; endpoints exact,m,unknown,unknown
310096,10688,10661,1,1,73.275775,,,,,1,,,,"LINESTRING(114.178825787 22.298133480,114.178693436 22.298062265,114.178622213 22.298009942,114.178548491 22.297962270,114.178499761 22.297945992,114.178447281 22.297947155,114.178402299 22.297972736,114.178309644 22.298067177,114.178244447 22.298115419)",physical,105048,10688,10661,true,ID_017688,3,MODY LANE,11450,<=101 vertices; endpoints exact,m,unknown,unknown
310090,10688,10686,1,1,14.519036,,,,,1,,,,"LINESTRING(114.178825787 22.298133480,114.178755648 22.298019763)",physical,105045,10688,10686,true,ID_012522,3,SALISBURY ROAD,11869,<=101 vertices; endpoints exact,m,unknown,unknown
10000077,10689,38,1,1,,,,,,0,,,,"LINESTRING(114.178827559 22.301023870,114.178450008 22.300757372)",nonphysical_zone_access_in,,,,false,,,,,straight display only,not routable,not routable,not routable
308728,10689,10695,1,1,7.477372,,,,,1,,,,"LINESTRING(114.178827559 22.301023870,114.178878554 22.301071911)",physical,104364,10689,10695,true,ID_033912,3,SCIENCE MUSEUM PATH,11938,<=101 vertices; endpoints exact,m,unknown,unknown
310294,10689,10710,1,1,55.609735,,,,,1,,,,"LINESTRING(114.178827559 22.301023870,114.179141100 22.300697830,114.179208966 22.300683924)",physical,105147,10689,10710,true,ID_034825,3,SCIENCE MUSEUM ROAD,11939,<=101 vertices; endpoints exact,m,unknown,unknown
309084,10690,10666,1,1,95.360842,,,,,1,,,,"LINESTRING(114.178832410 22.309342885,114.178757449 22.309451872,114.178651079 22.309611521,114.178419705 22.309979268,114.178351188 22.310078325)",physical,104542,10690,10666,true,ID_015650,3,PRINCESS MARGARET ROAD,11791,<=101 vertices; endpoints exact,m,unknown,unknown
331925,10691,10684,1,-1,47.899746,,,,,1,,,,"LINESTRING(114.178842163 22.302879416,114.178719527 22.302462176)",physical,115962,10684,10691,true,ID_014297,1,YUK CHOI ROAD,12935,<=101 vertices; endpoints exact,m,unknown,unknown
351463,10691,10693,1,-1,27.932343,,,,,1,,,,"LINESTRING(114.178842163 22.302879416,114.178904131 22.303087435,114.178866962 22.303098729)",physical,125731,10693,10691,true,ID_011169,1,YUK CHOI ROAD,12935,<=101 vertices; endpoints exact,m,unknown,unknown
310283,10692,10667,1,-1,63.882939,,,,,1,,,,"LINESTRING(114.178862761 22.299153767,114.178392050 22.298778330)",physical,105141,10667,10692,true,ID_011068,1,MODY ROAD,11451,<=101 vertices; endpoints exact,m,unknown,unknown
310280,10692,10726,1,1,136.917018,,,,,1,,,,"LINESTRING(114.178862761 22.299153767,114.179174078 22.299405217,114.179263330 22.299487710,114.179308567 22.299530942,114.179852092 22.299978616)",physical,105140,10692,10726,true,ID_011067,1,MODY ROAD,11451,<=101 vertices; endpoints exact,m,unknown,unknown
351462,10693,10691,1,1,27.932343,,,,,1,,,,"LINESTRING(114.178866962 22.303098729,114.178904131 22.303087435,114.178842163 22.302879416)",physical,125731,10693,10691,true,ID_011169,1,YUK CHOI ROAD,12935,<=101 vertices; endpoints exact,m,unknown,unknown
331636,10694,10687,1,1,11.15438,,,,,1,,,,"LINESTRING(114.178871173 22.300108513,114.178796689 22.300181607)",physical,115818,10694,10687,true,ID_029339,1,SCIENCE MUSEUM SQUARE,11940,<=101 vertices; endpoints exact,m,unknown,unknown
310060,10695,10677,1,1,48.971706,,,,,1,,,,"LINESTRING(114.178878554 22.301071911,114.178555781 22.301396515)",physical,105030,10695,10677,true,ID_029334,3,SCIENCE MUSEUM ROAD,11939,<=101 vertices; endpoints exact,m,unknown,unknown
331642,10695,10715,1,1,56.788678,,,,,1,,,,"LINESTRING(114.178878554 22.301071911,114.179288421 22.301414748)",physical,115821,10695,10715,true,ID_033910,3,SCIENCE MUSEUM PATH,11938,<=101 vertices; endpoints exact,m,unknown,unknown
331840,10697,10696,1,1,10.154867,,,,,1,,,,"LINESTRING(114.178923366 22.302091010,114.178897365 22.302002555)",physical,115920,10697,10696,true,ID_017701,3,<Null>,0,<=101 vertices; endpoints exact,m,unknown,unknown
331838,10697,10703,1,1,14.817421,,,,,1,,,,"LINESTRING(114.178923366 22.302091010,114.178952731 22.302075430,114.179046529 22.302021965)",physical,115919,10697,10703,true,ID_06740,3,HONG TAT PATH,10840,<=101 vertices; endpoints exact,m,unknown,unknown
310288,10698,10721,1,1,100.291118,,,,,1,,,,"LINESTRING(114.178935856 22.297977057,114.178973675 22.298007035,114.179004491 22.298035711,114.179054917 22.298080025,114.179125671 22.298145926,114.179343550 22.298333236,114.179610439 22.298563205,114.179646610 22.298593240,114.179647885 22.298594301)",physical,105144,10698,10721,true,ID_021200,3,HUNG HOM BYPASS,14477,<=101 vertices; endpoints exact,m,unknown,unknown
309336,10699,10682,1,1,273.562881,,,,,1,,,,"LINESTRING(114.178977927 22.308636462,114.178988605 22.308527147,114.179020216 22.308391032,114.179037996 22.308176839,114.179051429 22.308059886,114.179054012 22.307901066,114.179049700 22.307769236,114.179025513 22.307619202,114.178979619 22.307408054,114.178955267 22.307319750,114.178856416 22.306953251,114.178769636 22.306637727,114.178648124 22.306216251)",physical,104668,10699,10682,true,ID_07483,3,PRINCESS MARGARET ROAD,11791,<=101 vertices; endpoints exact,m,unknown,unknown
310486,10699,10705,1,1,34.448759,,,,,1,,,,"LINESTRING(114.178977927 22.308636462,114.179050188 22.308546727,114.179117615 22.308357916)",physical,105243,10699,10705,true,ID_021096,3,PRINCESS MARGARET ROAD,11791,<=101 vertices; endpoints exact,m,unknown,unknown
10000175,10700,87,1,1,,,,,,0,,,,"LINESTRING(114.178978816 22.309088946,114.178475847 22.308865183)",nonphysical_zone_access_in,,,,false,,,,,straight display only,not routable,not routable,not routable
364798,10700,10663,1,1,140.824733,,,,,1,,,,"LINESTRING(114.178978816 22.309088946,114.178802542 22.309330897,114.178682488 22.309494377,114.178565362 22.309673660,114.178420125 22.309901442,114.178265518 22.310143392,114.178273790 22.310167466)",physical,132399,10700,10663,true,ID_02152,3,PRINCESS MARGARET ROAD,11791,<=101 vertices; endpoints exact,m,unknown,unknown
310048,10701,10709,1,1,18.902111,,,,,1,,,,"LINESTRING(114.178994157 22.305647358,114.179120450 22.305654325,114.179173023 22.305633999)",physical,105024,10701,10709,true,ID_013340,3,CHATHAM ROAD SOUTH,10167,<=101 vertices; endpoints exact,m,unknown,unknown
331820,10702,10703,1,1,8.020166,,,,,1,,,,"LINESTRING(114.179001493 22.301962894,114.179046529 22.302021965)",physical,115910,10702,10703,true,ID_017700,3,<Null>,0,<=101 vertices; endpoints exact,m,unknown,unknown
309200,10703,10717,1,1,38.340132,,,,,1,,,,"LINESTRING(114.179046529 22.302021965,114.179368650 22.301848667)",physical,104600,10703,10717,true,ID_06641,3,HONG TAT PATH,10840,<=101 vertices; endpoints exact,m,unknown,unknown
309982,10704,10690,1,1,51.6832,,,,,1,,,,"LINESTRING(114.179092135 22.308949366,114.179092428 22.308976689,114.179060219 22.309032817,114.178906199 22.309251881,114.178832410 22.309342885)",physical,104991,10704,10690,true,ID_034425,3,PRINCESS MARGARET ROAD,11791,<=101 vertices; endpoints exact,m,unknown,unknown
364794,10704,10700,1,1,19.852739,,,,,1,,,,"LINESTRING(114.179092135 22.308949366,114.179056118 22.308967426,114.179026837 22.309013745,114.178978816 22.309088946)",physical,132397,10704,10700,true,ID_034420,3,PRINCESS MARGARET ROAD,11791,<=101 vertices; endpoints exact,m,unknown,unknown
310196,10705,10718,1,1,67.288228,,,,,1,,,,"LINESTRING(114.179117615 22.308357916,114.179175678 22.308207447,114.179218756 22.308097646,114.179234688 22.308064427,114.179286184 22.307957054,114.179371634 22.307798992)",physical,105098,10705,10718,true,ID_026424,3,PRINCESS MARGARET ROAD,11791,<=101 vertices; endpoints exact,m,unknown,unknown
10000187,10706,93,1,1,,,,,,0,,,,"LINESTRING(114.179144594 22.309012532,114.180528077 22.310378673)",nonphysical_zone_access_in,,,,false,,,,,straight display only,not routable,not routable,not routable
310414,10706,10690,1,1,49.362834,,,,,1,,,,"LINESTRING(114.179144594 22.309012532,114.178947779 22.309255150,114.178902100 22.309309098,114.178832410 22.309342885)",physical,105207,10706,10690,true,ID_020670,3,HUNG HOM BYPASS,14477,<=101 vertices; endpoints exact,m,unknown,unknown
310110,10707,10763,1,1,193.416199,,,,,1,,,,"LINESTRING(114.179144947 22.302216153,114.179326718 22.302185514,114.179595118 22.302156407,114.179676086 22.302147626,114.179703920 22.302144608,114.179963173 22.302121861,114.180041245 22.302115518,114.180065056 22.302113583,114.180141754 22.302107351,114.180428833 22.302083860,114.180528679 22.302075689,114.180886643 22.302056803,114.180908141 22.302055669,114.181012397 22.302050169)",physical,105055,10707,10763,true,ID_012547,3,CHEONG WAN ROAD,10180,<=101 vertices; endpoints exact,m,unknown,unknown
309258,10708,10662,1,1,99.021664,,,,,1,,,,"LINESTRING(114.179155787 22.302269973,114.179068852 22.302288052,114.178747123 22.302368506,114.178551535 22.302430494,114.178423977 22.302476656,114.178340356 22.302509628,114.178254203 22.302564591)",physical,104629,10708,10662,true,ID_06124,3,CHEONG WAN ROAD,10180,<=101 vertices; endpoints exact,m,unknown,unknown
308694,10709,10730,1,1,98.063117,,,,,1,,,,"LINESTRING(114.179173023 22.305633999,114.179225958 22.305640629,114.179383549 22.305676641,114.179491692 22.305712291,114.179597960 22.305752459,114.179726670 22.305812135,114.179833609 22.305870664,114.179950670 22.305950231,114.180022899 22.306005851)",physical,104347,10709,10730,true,ID_04550,3,CHATHAM ROAD SOUTH,10167,<=101 vertices; endpoints exact,m,unknown,unknown
310276,10710,10695,1,1,55.538523,,,,,1,,,,"LINESTRING(114.179208966 22.300683924,114.179194647 22.300741863,114.178878554 22.301071911)",physical,105138,10710,10695,true,ID_034824,3,SCIENCE MUSEUM ROAD,11939,<=101 vertices; endpoints exact,m,unknown,unknown
308417,10710,10714,1,-1,6.681427,,,,,1,,,,"LINESTRING(114.179208966 22.300683924,114.179251927 22.300638730)",physical,104208,10714,10710,true,ID_033914,1,SCIENCE MUSEUM ROAD,11939,<=101 vertices; endpoints exact,m,unknown,unknown
308776,10711,10679,1,1,93.905846,,,,,1,,,,"LINESTRING(114.179209332 22.300603166,114.179134872 22.300634676,114.178605675 22.300184572,114.178584742 22.300161323,114.178579415 22.300145733,114.178578561 22.300129113,114.178586457 22.300109096,114.178598340 22.300092302)",physical,104388,10711,10679,true,ID_029343,3,SCIENCE MUSEUM SQUARE,11940,<=101 vertices; endpoints exact,m,unknown,unknown
308779,10711,10714,1,-1,5.896983,,,,,1,,,,"LINESTRING(114.179209332 22.300603166,114.179251927 22.300638730)",physical,104389,10714,10711,true,ID_029338,1,SCIENCE MUSEUM SQUARE,11940,<=101 vertices; endpoints exact,m,unknown,unknown
364792,10712,10704,1,1,29.825737,,,,,1,,,,"LINESTRING(114.179236042 22.308715665,114.179092135 22.308949366)",physical,132396,10712,10704,true,ID_034905,3,PRINCESS MARGARET ROAD,11791,<=101 vertices; endpoints exact,m,unknown,unknown
331644,10713,10715,1,1,7.319839,,,,,1,,,,"LINESTRING(114.179241417 22.301464310,114.179288421 22.301414748)",physical,115822,10713,10715,true,ID_033909,1,SCIENCE MUSEUM PATH,11938,<=101 vertices; endpoints exact,m,unknown,unknown
308416,10714,10710,1,1,6.681427,,,,,1,,,,"LINESTRING(114.179251927 22.300638730,114.179208966 22.300683924)",physical,104208,10714,10710,true,ID_033914,1,SCIENCE MUSEUM ROAD,11939,<=101 vertices; endpoints exact,m,unknown,unknown
308778,10714,10711,1,1,5.896983,,,,,1,,,,"LINESTRING(114.179251927 22.300638730,114.179209332 22.300603166)",physical,104389,10714,10711,true,ID_029338,1,SCIENCE MUSEUM SQUARE,11940,<=101 vertices; endpoints exact,m,unknown,unknown
308772,10714,10726,1,1,95.784051,,,,,1,,,,"LINESTRING(114.179251927 22.300638730,114.179363376 22.300521114,114.179473580 22.300385535,114.179852092 22.299978616)",physical,104386,10714,10726,true,ID_033916,1,SCIENCE MUSEUM ROAD,11939,<=101 vertices; endpoints exact,m,unknown,unknown
331645,10715,10713,1,-1,7.319839,,,,,1,,,,"LINESTRING(114.179288421 22.301414748,114.179241417 22.301464310)",physical,115822,10713,10715,true,ID_033909,1,SCIENCE MUSEUM PATH,11938,<=101 vertices; endpoints exact,m,unknown,unknown
310262,10715,10719,1,1,43.120617,,,,,1,,,,"LINESTRING(114.179288421 22.301414748,114.179559592 22.301641569,114.179582270 22.301687020)",physical,105131,10715,10719,true,ID_033911,3,SCIENCE MUSEUM PATH,11938,<=101 vertices; endpoints exact,m,unknown,unknown
308748,10716,10684,1,1,63.981917,,,,,1,,,,"LINESTRING(114.179337984 22.302426127,114.179263451 22.302427121,114.179184590 22.302425136,114.179072675 22.302427124,114.178843302 22.302442217,114.178719527 22.302462176)",physical,104374,10716,10684,true,ID_09703,3,HONG TAI PATH,10838,<=101 vertices; endpoints exact,m,unknown,unknown
309198,10717,10719,1,1,28.445342,,,,,1,,,,"LINESTRING(114.179368650 22.301848667,114.179453906 22.301793817,114.179533067 22.301733243,114.179582270 22.301687020)",physical,104599,10717,10719,true,ID_06640,3,HONG TAT PATH,10840,<=101 vertices; endpoints exact,m,unknown,unknown
310174,10718,10753,1,1,187.432842,,,,,1,,,,"LINESTRING(114.179371634 22.307798992,114.179433069 22.307738735,114.179534354 22.307600453,114.179617373 22.307495390,114.179687940 22.307413501,114.179809149 22.307290669,114.180088847 22.307069635,114.180287627 22.306934806,114.180464622 22.306817095,114.180491186 22.306799428,114.180532480 22.306771966,114.180637690 22.306701996,114.180651774 22.306697524,114.180708257 22.306679591)",physical,105087,10718,10753,true,ID_021914,3,PRINCESS MARGARET ROAD,11791,<=101 vertices; endpoints exact,m,unknown,unknown
310172,10718,10765,1,1,253.719648,,,,,1,,,,"LINESTRING(114.179371634 22.307798992,114.179396540 22.307722513,114.179503634 22.307557965,114.179677975 22.307309213,114.179797524 22.307170157,114.179873902 22.307089814,114.180078131 22.306893591,114.180266586 22.306743720,114.180339449 22.306694976,114.180361971 22.306679910,114.180369645 22.306674659,114.180405635 22.306650033,114.180442587 22.306624749,114.180533559 22.306573186,114.180534063 22.306572899,114.180787356 22.306428386,114.180855308 22.306392941,114.181010857 22.306311804,114.181110079 22.306241856)",physical,105086,10718,10765,true,ID_020718,3,HUNG HOM BYPASS,14477,<=101 vertices; endpoints exact,m,unknown,unknown
310272,10719,10716,1,1,95.382542,,,,,1,,,,"LINESTRING(114.179582270 22.301687020,114.179592157 22.301745459,114.179596810 22.301778466,114.179599136 22.301813097,114.179595376 22.301997250,114.179595128 22.302150826,114.179595118 22.302156407,114.179595098 22.302168922,114.179593580 22.302178807,114.179589354 22.302206330,114.179588732 22.302210375,114.179585453 22.302231730,114.179562958 22.302279583,114.179534029 22.302321450,114.179498675 22.302354349,114.179434401 22.302390238,114.179337984 22.302426127)",physical,105136,10719,10716,true,ID_011065,3,HONG WING PATH,10845,<=101 vertices; endpoints exact,m,unknown,unknown
310270,10719,10734,1,1,118.481351,,,,,1,,,,"LINESTRING(114.179582270 22.301687020,114.179603204 22.301666459,114.179681430 22.301596199,114.179775070 22.301464756,114.179816212 22.301402848,114.179870937 22.301302128,114.179936607 22.301171984,114.179994978 22.301040707,114.180031461 22.300933198,114.180065511 22.300842663,114.180092265 22.300783815,114.180117803 22.300753259)",physical,105135,10719,10734,true,ID_032699,3,HONG CHONG ROAD,10802,<=101 vertices; endpoints exact,m,unknown,unknown
310286,10720,10686,1,1,111.613776,,,,,1,,,,"LINESTRING(114.179584359 22.298663735,114.179583751 22.298663243,114.179089775 22.298253607,114.178877943 22.298079762,114.178755648 22.298019763)",physical,105143,10720,10686,true,ID_021199,3,HUNG HOM BYPASS,14477,<=101 vertices; endpoints exact,m,unknown,unknown
310158,10721,10774,1,1,278.346658,,,,,1,,,,"LINESTRING(114.179647885 22.298594301,114.179910342 22.298812236,114.180240429 22.299042203,114.180316397 22.299085197,114.180451925 22.299140581,114.180473058 22.299149217,114.180628839 22.299196826,114.180647929 22.299200711,114.180753329 22.299222162,114.180799300 22.299231518,114.181008348 22.299264203,114.181506553 22.299311158,114.181665363 22.299331021,114.181862502 22.299349734,114.182055619 22.299387166,114.182124014 22.299402139)",physical,105079,10721,10774,true,ID_021106,3,HUNG HOM BYPASS,14477,<=101 vertices; endpoints exact,m,unknown,unknown
310354,10722,10674,1,1,132.197939,,,,,1,,,,"LINESTRING(114.179755043 22.306128907,114.179603127 22.306021762,114.179546153 22.305994387,114.179467698 22.305960494,114.179391110 22.305933120,114.179307051 22.305904442,114.179215053 22.305881412,114.179125391 22.305860555,114.179016114 22.305842306,114.178912908 22.305834486,114.178811105 22.305837094,114.178715838 22.305845351,114.178635180 22.305859783,114.178602359 22.305865655,114.178570299 22.305875327,114.178549363 22.305877958)",physical,105177,10722,10674,true,ID_017535,3,CHATHAM ROAD SOUTH,10167,<=101 vertices; endpoints exact,m,unknown,unknown
309110,10723,10712,1,1,110.435346,,,,,1,,,,"LINESTRING(114.179784397 22.307858826,114.179733941 22.307932503,114.179236042 22.308715665)",physical,104555,10723,10712,true,ID_021767,3,PRINCESS MARGARET ROAD,11791,<=101 vertices; endpoints exact,m,unknown,unknown
310190,10724,10765,1,1,145.672977,,,,,1,,,,"LINESTRING(114.179811337 22.306013553,114.179815607 22.306016298,114.179818254 22.306017999,114.179872584 22.306054256,114.180037116 22.306170197,114.180115447 22.306219502,114.180184557 22.306260229,114.180240808 22.306282308,114.180264597 22.306288857,114.180287087 22.306295049,114.180314355 22.306302555,114.180367577 22.306317208,114.180461617 22.306338863,114.180559840 22.306349120,114.180643028 22.306350051,114.180721204 22.306343521,114.180805363 22.306329209,114.180896598 22.306307145,114.180969639 22.306281185,114.181040924 22.306255847,114.181110079 22.306241856)",physical,105095,10724,10765,true,ID_020828,3,HUNG HOM BYPASS,14477,<=101 vertices; endpoints exact,m,unknown,unknown
309112,10725,10723,1,1,11.646701,,,,,1,,,,"LINESTRING(114.179847274 22.307771424,114.179825911 22.307801119,114.179784397 22.307858826)",physical,104556,10725,10723,true,ID_021768,3,PRINCESS MARGARET ROAD,11791,<=101 vertices; endpoints exact,m,unknown,unknown
310281,10726,10692,1,-1,136.917018,,,,,1,,,,"LINESTRING(114.179852092 22.299978616,114.179308567 22.299530942,114.179263330 22.299487710,114.179174078 22.299405217,114.178862761 22.299153767)",physical,105140,10692,10726,true,ID_011067,1,MODY ROAD,11451,<=101 vertices; endpoints exact,m,unknown,unknown
308773,10726,10714,1,-1,95.784051,,,,,1,,,,"LINESTRING(114.179852092 22.299978616,114.179473580 22.300385535,114.179363376 22.300521114,114.179251927 22.300638730)",physical,104386,10714,10726,true,ID_033916,1,SCIENCE MUSEUM ROAD,11939,<=101 vertices; endpoints exact,m,unknown,unknown
308708,10726,10728,1,1,6.240735,,,,,1,,,,"LINESTRING(114.179852092 22.299978616,114.179897703 22.299941538)",physical,104354,10726,10728,true,ID_034826,1,SCIENCE MUSEUM ROAD,11939,<=101 vertices; endpoints exact,m,unknown,unknown
308781,10727,10735,1,-1,42.660748,,,,,1,,,,"LINESTRING(114.179894853 22.306751174,114.179944901 22.306701533,114.179997357 22.306611326,114.180143937 22.306445618)",physical,104390,10735,10727,true,ID_020832,1,-99,46408,<=101 vertices; endpoints exact,m,unknown,unknown
308709,10728,10726,1,-1,6.240735,,,,,1,,,,"LINESTRING(114.179897703 22.299941538,114.179852092 22.299978616)",physical,104354,10726,10728,true,ID_034826,1,SCIENCE MUSEUM ROAD,11939,<=101 vertices; endpoints exact,m,unknown,unknown
308710,10728,10732,1,1,25.005234,,,,,1,,,,"LINESTRING(114.179897703 22.299941538,114.179918129 22.299887834,114.180049265 22.299771141)",physical,104355,10728,10732,true,ID_029332,3,SCIENCE MUSEUM ROAD,11939,<=101 vertices; endpoints exact,m,unknown,unknown
308692,10729,10716,1,1,86.503116,,,,,1,,,,"LINESTRING(114.179965335 22.302919643,114.179895780 22.302867552,114.179831314 22.302787045,114.179768911 22.302704274,114.179680647 22.302609177,114.179600126 22.302542898,114.179505393 22.302492246,114.179337984 22.302426127)",physical,104346,10729,10716,true,ID_05322,3,HONG TAI PATH,10838,<=101 vertices; endpoints exact,m,unknown,unknown
310250,10729,10734,1,1,254.026943,,,,,1,,,,"LINESTRING(114.179965335 22.302919643,114.179926315 22.302835979,114.179894082 22.302783887,114.179829615 22.302663915,114.179747654 22.302495222,114.179700495 22.302318187,114.179681443 22.302232189,114.179681252 22.302210804,114.179680375 22.302199785,114.179680075 22.302196010,114.179677919 22.302168937,114.179676086 22.302147626,114.179675595 22.302141915,114.179674585 22.302130170,114.179674585 22.302099157,114.179674584 22.302060390,114.179682914 22.301972003,114.179711441 22.301786214,114.179820525 22.301514102,114.179901341 22.301334945,114.180031464 22.301057682,114.180081323 22.300921880,114.180116589 22.300824554,114.180117803 22.300753259)",physical,105125,10729,10734,true,ID_033974,3,HONG CHONG ROAD,10802,<=101 vertices; endpoints exact,m,unknown,unknown
310268,10730,10768,1,1,163.595268,,,,,1,,,,"LINESTRING(114.180022899 22.306005851,114.180112598 22.306037291,114.180210637 22.306115151,114.180347550 22.306208519,114.180425073 22.306251537,114.180488051 22.306277880,114.180609494 22.306303278,114.180690542 22.306308658,114.180762912 22.306300574,114.180853831 22.306283296,114.180939767 22.306242863,114.180988045 22.306208720,114.181037288 22.306172499,114.181126699 22.306094844,114.181190776 22.306026895,114.181236972 22.305965187,114.181274971 22.305906253,114.181296231 22.305876156,114.181319630 22.305858777)",physical,105134,10730,10768,true,ID_021392,3,HONG CHONG ROAD,10802,<=101 vertices; endpoints exact,m,unknown,unknown
309230,10730,10770,1,1,214.66034,,,,,1,,,,"LINESTRING(114.180022899 22.306005851,114.180062751 22.306080784,114.180247893 22.306270819,114.180264597 22.306288857,114.180315141 22.306343434,114.180421411 22.306454674,114.180534063 22.306572899,114.180564212 22.306604539,114.180651774 22.306697524,114.180682788 22.306730459,114.180716975 22.306766763,114.180780872 22.306829367,114.180911128 22.306956989,114.180951933 22.306996967,114.181067918 22.307128077,114.181075352 22.307136101,114.181128962 22.307193964,114.181221750 22.307293929,114.181297140 22.307374867,114.181386876 22.307466880)",physical,104615,10730,10770,true,ID_07731,3,CHATHAM ROAD NORTH,10166,<=101 vertices; endpoints exact,m,unknown,unknown
309188,10731,10706,1,1,136.705378,,,,,1,,,,"LINESTRING(114.180040616 22.308105778,114.179810709 22.308297722,114.179600526 22.308494929,114.179365284 22.308751561,114.179161650 22.308992168,114.179144594 22.309012532)",physical,104594,10731,10706,true,ID_035443,3,HUNG HOM BYPASS,14477,<=101 vertices; endpoints exact,m,unknown,unknown
308718,10732,10736,1,1,48.501566,,,,,1,,,,"LINESTRING(114.180049265 22.299771141,114.180076778 22.299711187,114.180114220 22.299599876,114.180126588 22.299546024,114.180137320 22.299477146,114.180150392 22.299346205)",physical,104359,10732,10736,true,ID_017661,3,SCIENCE MUSEUM ROAD,11939,<=101 vertices; endpoints exact,m,unknown,unknown
308714,10732,10739,1,1,25.605976,,,,,1,,,,"LINESTRING(114.180049265 22.299771141,114.180154215 22.299723347,114.180237355 22.299693669,114.180277956 22.299681652)",physical,104357,10732,10739,true,ID_029333,3,SCIENCE MUSEUM ROAD,11939,<=101 vertices; endpoints exact,m,unknown,unknown
309190,10733,10731,1,1,9.291601,,,,,1,,,,"LINESTRING(114.180110464 22.308052707,114.180075681 22.308079136,114.180040616 22.308105778)",physical,104595,10733,10731,true,ID_035444,3,HUNG HOM BYPASS,14477,<=101 vertices; endpoints exact,m,unknown,unknown
310052,10734,10737,1,1,61.655888,,,,,1,,,,"LINESTRING(114.180117803 22.300753259,114.180137667 22.300681922,114.180178873 22.300467695,114.180192220 22.300420358,114.180219662 22.300283010,114.180229692 22.300206754)",physical,105026,10734,10737,true,ID_013342,3,HONG CHONG ROAD,10802,<=101 vertices; endpoints exact,m,unknown,unknown
308744,10735,10722,1,1,53.250975,,,,,1,,,,"LINESTRING(114.180143937 22.306445618,114.179755043 22.306128907)",physical,104372,10735,10722,true,ID_020833,3,CHATHAM ROAD SOUTH,10167,<=101 vertices; endpoints exact,m,unknown,unknown
308780,10735,10727,1,1,42.660748,,,,,1,,,,"LINESTRING(114.180143937 22.306445618,114.179997357 22.306611326,114.179944901 22.306701533,114.179894853 22.306751174)",physical,104390,10735,10727,true,ID_020832,1,-99,46408,<=101 vertices; endpoints exact,m,unknown,unknown
310452,10736,10688,1,1,192.288686,,,,,1,,,,"LINESTRING(114.180150392 22.299346205,114.180093731 22.299253504,114.179989470 22.299122509,114.179929602 22.299066800,114.178986432 22.298279102,114.178901565 22.298199473,114.178867192 22.298169659,114.178825787 22.298133480)",physical,105226,10736,10688,true,ID_012691,3,SALISBURY ROAD,11869,<=101 vertices; endpoints exact,m,unknown,unknown
308706,10737,10728,1,1,60.217714,,,,,1,,,,"LINESTRING(114.180229692 22.300206754,114.180217965 22.300154143,114.180220328 22.300099316,114.180210553 22.300035969,114.180164369 22.299952907,114.180120598 22.299915123,114.180069306 22.299893876,114.180029580 22.299892466,114.179997773 22.299901423,114.179958753 22.299922837,114.179897703 22.299941538)",physical,104353,10737,10728,true,ID_017660,3,SCIENCE MUSEUM ROAD,11939,<=101 vertices; endpoints exact,m,unknown,unknown
308704,10737,10740,1,1,29.17428,,,,,1,,,,"LINESTRING(114.180229692 22.300206754,114.180268089 22.300152130,114.180284897 22.300059427,114.180295479 22.299955717)",physical,104352,10737,10740,true,ID_010929,3,HONG CHONG ROAD,10802,<=101 vertices; endpoints exact,m,unknown,unknown
310274,10738,10745,1,1,131.671732,,,,,1,,,,"LINESTRING(114.180262487 22.301285830,114.180310707 22.301059956,114.180342446 22.300925565,114.180364028 22.300806597,114.180485216 22.300115193)",physical,105137,10738,10745,true,ID_024204,3,CROSS HARBOUR TUNNEL,39003,<=101 vertices; endpoints exact,m,unknown,unknown
308716,10739,10736,1,1,39.55107,,,,,1,,,,"LINESTRING(114.180277956 22.299681652,114.180265585 22.299635317,114.180253132 22.299593601,114.180238809 22.299540877,114.180204564 22.299448755,114.180150392 22.299346205)",physical,104358,10739,10736,true,ID_010931,3,SALISBURY ROAD,11869,<=101 vertices; endpoints exact,m,unknown,unknown
310264,10739,10749,1,1,39.569873,,,,,1,,,,"LINESTRING(114.180277956 22.299681652,114.180350601 22.299677198,114.180432343 22.299682163,114.180498792 22.299701059,114.180545947 22.299722312,114.180557184 22.299727377,114.180557934 22.299727841,114.180593717 22.299750013,114.180614103 22.299769362,114.180629189 22.299784158)",physical,105132,10739,10749,true,ID_034823,3,SCIENCE MUSEUM ROAD,11939,<=101 vertices; endpoints exact,m,unknown,unknown
308712,10740,10739,1,1,30.437551,,,,,1,,,,"LINESTRING(114.180295479 22.299955717,114.180296100 22.299875182,114.180287380 22.299753511,114.180277956 22.299681652)",physical,104356,10740,10739,true,ID_010930,3,HONG CHONG ROAD,10802,<=101 vertices; endpoints exact,m,unknown,unknown
310252,10740,10749,1,1,43.109747,,,,,1,,,,"LINESTRING(114.180295479 22.299955717,114.180314556 22.299920060,114.180355405 22.299866841,114.180409288 22.299819185,114.180459325 22.299790187,114.180519513 22.299776952,114.180535323 22.299776652,114.180549594 22.299777126,114.180578632 22.299778089,114.180615327 22.299781882,114.180629189 22.299784158)",physical,105126,10740,10749,true,ID_011061,3,HONG CHONG ROAD,10802,<=101 vertices; endpoints exact,m,unknown,unknown
654886,10741,10673,1,1,215.104582,,,,,1,,,,"LINESTRING(114.180304490 22.306591542,114.180235204 22.306465405,114.180111946 22.306332799,114.179811508 22.306101037,114.179588107 22.305967237,114.179358288 22.305878835,114.179082248 22.305807158,114.178885812 22.305791630,114.178698363 22.305807163,114.178573826 22.305852562,114.178549361 22.305877960)",physical,277443,10741,10673,true,ID_017536,3,CHATHAM ROAD SOUTH,10167,<=101 vertices; endpoints exact,m,unknown,unknown
309988,10741,10735,1,1,23.125425,,,,,1,,,,"LINESTRING(114.180304490 22.306591542,114.180143937 22.306445618)",physical,104994,10741,10735,true,ID_023774,3,CHATHAM ROAD SOUTH,10167,<=101 vertices; endpoints exact,m,unknown,unknown
310424,10742,10751,1,1,185.501296,,,,,1,,,,"LINESTRING(114.180335994 22.307430924,114.180315447 22.307473799,114.180302996 22.307528841,114.180298016 22.307576930,114.180298640 22.307623281,114.180310472 22.307676584,114.180326039 22.307720617,114.180350324 22.307765230,114.180386129 22.307808848,114.180395635 22.307815689,114.180435009 22.307844024,114.180497276 22.307863722,114.180573241 22.307872411,114.180641734 22.307866036,114.180711057 22.307847205,114.180766680 22.307816303,114.180815662 22.307779993,114.180854682 22.307735187,114.180887889 22.307678019,114.180906151 22.307620852,114.180921923 22.307526606,114.180921091 22.307453217,114.180910296 22.307385236,114.180896498 22.307344668,114.180889539 22.307324207,114.180865461 22.307268587,114.180836402 22.307222237,114.180808173 22.307177431,114.180762510 22.307123356,114.180734496 22.307094099,114.180681147 22.307038382)",physical,105212,10742,10751,true,ID_04328,3,-99,48098,<=101 vertices; endpoints exact,m,unknown,unknown
310420,10743,10752,1,1,233.239936,,,,,1,,,,"LINESTRING(114.180423784 22.307207569,114.180344086 22.307284822,114.180284311 22.307358213,114.180249444 22.307425422,114.180236993 22.307494949,114.180233674 22.307582242,114.180244468 22.307653314,114.180261904 22.307708162,114.180280166 22.307746961,114.180313957 22.307791347,114.180350579 22.307831722,114.180363140 22.307841999,114.180398432 22.307870871,114.180445637 22.307888440,114.180476444 22.307897687,114.180549987 22.307909244,114.180604148 22.307908781,114.180670732 22.307896295,114.180755059 22.307869606,114.180824796 22.307824799,114.180872948 22.307779219,114.180909476 22.307729005,114.180936871 22.307657933,114.180955964 22.307582225,114.180963434 22.307530467,114.180964262 22.307450126,114.180952637 22.307391415,114.180941843 22.307347381,114.180927870 22.307312969,114.180913613 22.307277856,114.180877422 22.307222630,114.180829719 22.307157901,114.180756858 22.307076740,114.180704392 22.307018296)",physical,105210,10743,10752,true,ID_030529,3,-99,48098,<=101 vertices; endpoints exact,m,unknown,unknown
310248,10744,10767,1,1,280.0119,,,,,1,,,,"LINESTRING(114.180463136 22.301993233,114.180526228 22.302528540,114.180548829 22.302695795,114.180562183 22.302771298,114.180607381 22.302995896,114.180708045 22.303296953,114.180812817 22.303559779,114.181125407 22.304239639,114.181200129 22.304407273)",physical,105124,10744,10767,true,ID_024200,3,CROSS HARBOUR TUNNEL,39003,<=101 vertices; endpoints exact,m,unknown,unknown
622646,10744,10767,1,1,280.330724,,,,,1,,,,"LINESTRING(114.180463136 22.301993233,114.180593884 22.302148411,114.180614551 22.302240860,114.180692760 22.302504490,114.180759526 22.302693247,114.180908472 22.303281025,114.180980379 22.303634648,114.181036877 22.303866413,114.181192866 22.304270841,114.181200129 22.304407273)",physical,261323,10744,10767,true,ID_024199,3,CROSS HARBOUR TUNNEL,39003,<=101 vertices; endpoints exact,m,unknown,unknown
105810,10745,10777,1,1,1771.407269,,,,,1,,,,"LINESTRING(114.180485216 22.300115193,114.180527549 22.299907385,114.180549594 22.299777126,114.180557934 22.299727841,114.180624294 22.299335722,114.180631084 22.299295599,114.180642075 22.299230655,114.180647929 22.299200711,114.180660804 22.299134866,114.183102139 22.284695119,114.183102129 22.284466238,114.183090128 22.284309927)",physical,2905,10745,10777,true,ID_010882,3,CROSS HARBOUR TUNNEL,39003,<=101 vertices; endpoints exact,m,unknown,unknown
622598,10746,10738,1,1,253.502639,,,,,1,,,,"LINESTRING(114.180559467 22.303323175,114.180392577 22.303194972,114.180287785 22.303084825,114.180221805 22.302985512,114.180142240 22.302866336,114.180062675 22.302741743,114.180008338 22.302631595,114.179998634 22.302584646,114.180002514 22.302525058,114.180010275 22.302474497,114.180014127 22.302423223,114.180012582 22.302255490,114.179991009 22.302051918,114.179997737 22.301908283,114.180030262 22.301756169,114.180101128 22.301563618,114.180201704 22.301308051,114.180262487 22.301285830)",physical,261299,10746,10738,true,ID_024202,3,CROSS HARBOUR TUNNEL,39003,<=101 vertices; endpoints exact,m,unknown,unknown
622600,10746,10738,1,1,235.622726,,,,,1,,,,"LINESTRING(114.180559467 22.303323175,114.180494827 22.303211700,114.180342294 22.302857601,114.180265257 22.302671233,114.180208250 22.302526439,114.180149700 22.302301363,114.180123503 22.302046181,114.180121958 22.301869846,114.180138901 22.301703547,114.180171251 22.301534380,114.180262487 22.301285830)",physical,261300,10746,10738,true,ID_024203,3,CROSS HARBOUR TUNNEL,39003,<=101 vertices; endpoints exact,m,unknown,unknown
310278,10747,10736,1,1,87.692786,,,,,1,,,,"LINESTRING(114.180572733 22.299267370,114.180574679 22.299279730,114.180589968 22.299376903,114.180589970 22.299451064,114.180577518 22.299507844,114.180540163 22.299548981,114.180497824 22.299574476,114.180455486 22.299588961,114.180412525 22.299595915,114.180374967 22.299593779,114.180339546 22.299581664,114.180297337 22.299547249,114.180228223 22.299442381,114.180150392 22.299346205)",physical,105139,10747,10736,true,ID_011066,3,SALISBURY ROAD,11869,<=101 vertices; endpoints exact,m,unknown,unknown
310526,10747,10756,1,1,52.746601,,,,,1,,,,"LINESTRING(114.180572733 22.299267370,114.180583990 22.299282622,114.180584796 22.299283712,114.180599348 22.299303428,114.180622091 22.299332871,114.180624294 22.299335722,114.180638911 22.299354648,114.180673315 22.299413870,114.180708450 22.299473806,114.180724920 22.299501903,114.180750723 22.299562727,114.180773185 22.299625943,114.180789819 22.299690800,114.180790633 22.299693970)",physical,105263,10747,10756,true,ID_013490,3,SALISBURY ROAD,11869,<=101 vertices; endpoints exact,m,unknown,unknown
622648,10748,10744,1,1,207.189132,,,,,1,,,,"LINESTRING(114.180595038 22.300134822,114.180579157 22.300236378,114.180497647 22.300757600,114.180448712 22.301056118,114.180422370 22.301302413,114.180424517 22.301396944,114.180426575 22.301540306,114.180435823 22.301713295,114.180451234 22.301872903,114.180457398 22.301929292,114.180463136 22.301993233)",physical,261324,10748,10744,true,ID_024201,3,CROSS HARBOUR TUNNEL,39003,<=101 vertices; endpoints exact,m,unknown,unknown
310254,10749,10757,1,1,29.979991,,,,,1,,,,"LINESTRING(114.180629189 22.299784158,114.180650191 22.299798542,114.180680155 22.299819061,114.180685047 22.299822856,114.180689124 22.299827029,114.180694833 22.299831582,114.180702172 22.299838411,114.180709919 22.299846378,114.180717665 22.299853966,114.180728015 22.299863340,114.180755919 22.299899196,114.180774523 22.299927634,114.180807184 22.299992263)",physical,105127,10749,10757,true,ID_033918,3,SCIENCE MUSEUM ROAD,11939,<=101 vertices; endpoints exact,m,unknown,unknown
310266,10750,10729,1,1,113.7991,,,,,1,,,,"LINESTRING(114.180677820 22.303696749,114.180553205 22.303613698,114.180184028 22.303215392,114.180037080 22.303022265,114.179965335 22.302919643)",physical,105133,10750,10729,true,ID_011064,3,HONG CHONG ROAD,10802,<=101 vertices; endpoints exact,m,unknown,unknown
622602,10750,10746,1,1,43.127751,,,,,1,,,,"LINESTRING(114.180677820 22.303696749,114.180559467 22.303323175)",physical,261301,10750,10746,true,ID_028388,3,CROSS HARBOUR TUNNEL,39003,<=101 vertices; endpoints exact,m,unknown,unknown
310422,10751,10741,1,1,65.354558,,,,,1,,,,"LINESTRING(114.180681147 22.307038382,114.180639998 22.306995821,114.180623096 22.306978339,114.180600673 22.306955145,114.180513818 22.306865308,114.180510118 22.306861480,114.180464622 22.306817095,114.180339449 22.306694976,114.180288993 22.306636157,114.180304490 22.306591542)",physical,105211,10751,10741,true,ID_010901,3,CHATHAM ROAD NORTH,10166,<=101 vertices; endpoints exact,m,unknown,unknown
310418,10752,10741,1,1,62.833731,,,,,1,,,,"LINESTRING(114.180704392 22.307018296,114.180661980 22.306974758,114.180645462 22.306957801,114.180622805 22.306934542,114.180538042 22.306847528,114.180491186 22.306799428,114.180369645 22.306674659,114.180325765 22.306629071,114.180304490 22.306591542)",physical,105209,10752,10741,true,ID_010900,3,CHATHAM ROAD NORTH,10166,<=101 vertices; endpoints exact,m,unknown,unknown
310194,10753,10762,1,1,41.542705,,,,,1,,,,"LINESTRING(114.180708257 22.306679591,114.180756590 22.306641454,114.180800155 22.306607080,114.181008118 22.306428913)",physical,105097,10753,10762,true,ID_021917,3,HONG CHONG ROAD,10802,<=101 vertices; endpoints exact,m,unknown,unknown
310164,10754,10758,1,1,112.11412,,,,,1,,,,"LINESTRING(114.180736225 22.300681472,114.180741514 22.300786087,114.180767979 22.301001735,114.180843183 22.301688860)",physical,105082,10754,10758,true,ID_031280,3,SALISBURY ROAD,11869,<=101 vertices; endpoints exact,m,unknown,unknown
310163,10754,10761,1,-1,27.421574,,,,,1,,,,"LINESTRING(114.180736225 22.300681472,114.180808785 22.300677116,114.181001783 22.300665427)",physical,105081,10761,10754,true,ID_027841,1,HONG WAN PATH,13797,<=101 vertices; endpoints exact,m,unknown,unknown
310180,10755,10725,1,1,141.650217,,,,,1,,,,"LINESTRING(114.180769752 22.306840004,114.180710217 22.306853169,114.180662837 22.306897276,114.180622805 22.306934542,114.180600673 22.306955145,114.180486669 22.307061272,114.180388291 22.307153976,114.180251717 22.307291339,114.179992622 22.307577739,114.179847274 22.307771424)",physical,105090,10755,10725,true,ID_021916,3,PRINCESS MARGARET ROAD,11791,<=101 vertices; endpoints exact,m,unknown,unknown
310176,10755,10743,1,1,54.67292,,,,,1,,,,"LINESTRING(114.180769752 22.306840004,114.180757390 22.306883344,114.180702778 22.306935669,114.180661980 22.306974758,114.180639998 22.306995821,114.180537521 22.307094007,114.180423784 22.307207569)",physical,105088,10755,10743,true,ID_030528,3,-99,48098,<=101 vertices; endpoints exact,m,unknown,unknown
310160,10756,10754,1,1,110.055581,,,,,1,,,,"LINESTRING(114.180790633 22.299693970,114.180801091 22.299734749,114.180809066 22.299812645,114.180811741 22.299854723,114.180813567 22.299919247,114.180807184 22.299992263,114.180762483 22.300247815,114.180736944 22.300488934,114.180736225 22.300681472)",physical,105080,10756,10754,true,ID_031277,3,SALISBURY ROAD,11869,<=101 vertices; endpoints exact,m,unknown,unknown
310292,10757,10759,1,1,233.425338,,,,,1,,,,"LINESTRING(114.180807184 22.299992263,114.180813861 22.300001288,114.180817316 22.300009376,114.180830760 22.300056921,114.180844635 22.300100813,114.180851109 22.300152450,114.180841865 22.300286707,114.180830718 22.300360899,114.180821683 22.300416396,114.180805421 22.300519824,114.180806327 22.300645117,114.180808785 22.300677116,114.180809942 22.300692206,114.180813559 22.300740977,114.180824407 22.300858699,114.180837060 22.300953717,114.180850617 22.301047056,114.180872312 22.301301841,114.180882255 22.301416199,114.180917506 22.301741618,114.180919787 22.301825273,114.180913155 22.302037949,114.180908141 22.302055669,114.180900022 22.302084364)",physical,105146,10757,10759,true,ID_031276,3,SALISBURY ROAD,11869,<=101 vertices; endpoints exact,m,unknown,unknown
310530,10758,10759,1,1,44.439553,,,,,1,,,,"LINESTRING(114.180843183 22.301688860,114.180856964 22.301814776,114.180878838 22.302040728,114.180886643 22.302056803,114.180900022 22.302084364)",physical,105265,10758,10759,true,ID_013492,3,SALISBURY ROAD,11869,<=101 vertices; endpoints exact,m,unknown,unknown
310290,10759,10767,1,1,259.681317,,,,,1,,,,"LINESTRING(114.180900022 22.302084364,114.180900320 22.302105076,114.180900350 22.302107152,114.180904362 22.302254206,114.180955450 22.302626257,114.181078172 22.303372623,114.181101966 22.303598403,114.181215906 22.304241515,114.181200129 22.304407273)",physical,105145,10759,10767,true,ID_011097,3,SALISBURY ROAD,11869,<=101 vertices; endpoints exact,m,unknown,unknown
310108,10760,10708,1,1,185.025508,,,,,1,,,,"LINESTRING(114.180940881 22.302107140,114.180900320 22.302105076,114.180876494 22.302103863,114.180824294 22.302105219,114.180777571 22.302107032,114.180717063 22.302112560,114.180706057 22.302113348,114.180695897 22.302114137,114.180686583 22.302114924,114.180667111 22.302116501,114.180649218 22.302117864,114.180606440 22.302122055,114.180565914 22.302124151,114.180510982 22.302129455,114.180434093 22.302137061,114.180426096 22.302137853,114.180422137 22.302138244,114.180418337 22.302139253,114.180074664 22.302170091,114.180070821 22.302170436,114.180050455 22.302172264,114.179943382 22.302181323,114.179721666 22.302195013,114.179680375 22.302199785,114.179588732 22.302210375,114.179300452 22.302243689,114.179155787 22.302269973)",physical,105054,10760,10708,true,ID_012546,3,CHEONG WAN ROAD,10180,<=101 vertices; endpoints exact,m,unknown,unknown
310162,10761,10754,1,1,27.421574,,,,,1,,,,"LINESTRING(114.181001783 22.300665427,114.180808785 22.300677116,114.180736225 22.300681472)",physical,105081,10761,10754,true,ID_027841,1,HONG WAN PATH,13797,<=101 vertices; endpoints exact,m,unknown,unknown
309984,10764,10750,1,1,92.22717,,,,,1,,,,"LINESTRING(114.181042287 22.304457440,114.180677820 22.303696749)",physical,104992,10764,10750,true,ID_034844,3,HONG CHONG ROAD,10802,<=101 vertices; endpoints exact,m,unknown,unknown
310542,10766,10760,1,1,34.793475,,,,,1,,,,"LINESTRING(114.181111078 22.302357019,114.181075879 22.302247413,114.181053865 22.302189901,114.181025924 22.302150510,114.180982744 22.302119785,114.180941658 22.302107180,114.180940881 22.302107140)",physical,105271,10766,10760,true,ID_018607,3,CHEONG WAN ROAD,10180,<=101 vertices; endpoints exact,m,unknown,unknown
427568,10769,10742,1,1,170.838767,,,,,1,,,,"LINESTRING(114.181360509 22.306251349,114.181270623 22.306415127,114.180646757 22.307036744,114.180390734 22.307285938,114.180325994 22.307379042,114.180335994 22.307430924)",physical,163784,10769,10742,true,ID_016136,3,HONG CHONG ROAD,10802,<=101 vertices; endpoints exact,m,unknown,unknown
310192,10769,10755,1,1,89.195455,,,,,1,,,,"LINESTRING(114.181360509 22.306251349,114.181107298 22.306510973,114.180914635 22.306701398,114.180861958 22.306751793,114.180780872 22.306829367,114.180769752 22.306840004)",physical,105096,10769,10755,true,ID_026425,3,HONG CHONG ROAD,10802,<=101 vertices; endpoints exact,m,unknown,unknown
310246,10771,10768,1,1,221.833844,,,,,1,,,,"LINESTRING(114.181490955 22.306208828,114.181451002 22.306243620,114.181423446 22.306294494,114.181373797 22.306381131,114.181291611 22.306505508,114.181240139 22.306577353,114.181176215 22.306653061,114.181127234 22.306694006,114.181067238 22.306737020,114.181014055 22.306759978,114.180957393 22.306770409,114.180917657 22.306770573,114.180884229 22.306761376,114.180861958 22.306751793,114.180840123 22.306742398,114.180802491 22.306718157,114.180787361 22.306701180,114.180762107 22.306666230,114.180756590 22.306641454,114.180748528 22.306605249,114.180748526 22.306551237,114.180754601 22.306525219,114.180762529 22.306501189,114.180776543 22.306474187,114.180813693 22.306436158,114.180855308 22.306392941,114.180932187 22.306313103,114.180969639 22.306281185,114.181023132 22.306235593,114.181095407 22.306173884,114.181180038 22.306088978,114.181237719 22.306026200,114.181283169 22.305965185,114.181318187 22.305897238,114.181319630 22.305858777)",physical,105123,10771,10768,true,ID_021368,3,HONG CHONG ROAD,10802,<=101 vertices; endpoints exact,m,unknown,unknown
310178,10772,10733,1,1,260.940173,,,,,1,,,,"LINESTRING(114.181740647 22.306266141,114.181719957 22.306321908,114.181375269 22.306763233,114.181155675 22.307036240,114.181151408 22.307041544,114.181085979 22.307122890,114.181081895 22.307127967,114.181077854 22.307132991,114.181075352 22.307136101,114.181011178 22.307215884,114.181006150 22.307222135,114.180955743 22.307284807,114.180927870 22.307312969,114.180922882 22.307318009,114.180919462 22.307321465,114.180896498 22.307344668,114.180888546 22.307352703,114.180629737 22.307614206,114.180509483 22.307719163,114.180396075 22.307815317,114.180395635 22.307815689,114.180382892 22.307826494,114.180363140 22.307841999,114.180273711 22.307912197,114.180110464 22.308052707)",physical,105089,10772,10733,true,ID_035445,3,HUNG HOM BYPASS,14477,<=101 vertices; endpoints exact,m,unknown,unknown
310182,10772,10742,1,1,194.432809,,,,,1,,,,"LINESTRING(114.181740647 22.306266141,114.181682298 22.306294055,114.181328494 22.306620917,114.181226187 22.306710229,114.181204129 22.306727792,114.181116172 22.306797825,114.180911128 22.306956989,114.180808129 22.307036941,114.180756858 22.307076740,114.180734496 22.307094099,114.180509348 22.307268867,114.180401036 22.307353027,114.180371608 22.307381780,114.180335994 22.307430924)",physical,105091,10772,10742,true,ID_020826,3,HUNG HOM BYPASS,14477,<=101 vertices; endpoints exact,m,unknown,unknown
310184,10773,10753,1,1,412.246876,,,,,1,,,,"LINESTRING(114.182026696 22.308159601,114.181864666 22.308095124,114.181771612 22.308068152,114.181647190 22.308043737,114.181548808 22.308029282,114.181499345 22.308024683,114.181462510 22.308021256,114.181326162 22.308019653,114.181067675 22.308045207,114.180552215 22.308119452,114.180453698 22.308135212,114.180409423 22.308140180,114.180365468 22.308142168,114.180320465 22.308141175,114.180279393 22.308137203,114.180276598 22.308137203,114.180232643 22.308130160,114.180200615 22.308124110,114.180156660 22.308112182,114.180078514 22.308080207,114.180075681 22.308079136,114.180049368 22.308069189,114.179985643 22.308021229,114.179953615 22.307996206,114.179924470 22.307969205,114.179897489 22.307940208,114.179872672 22.307908141,114.179848709 22.307862627,114.179828617 22.307811184,114.179825911 22.307801119,114.179816088 22.307764573,114.179801034 22.307706208,114.179796015 22.307638497,114.179801031 22.307568456,114.179811065 22.307517098,114.179831144 22.307456394,114.179861248 22.307398029,114.179903901 22.307337324,114.179949058 22.307285966,114.179996728 22.307243937,114.180054444 22.307197239,114.180114653 22.307152879,114.180275231 22.307038485,114.180422671 22.306932210,114.180513818 22.306865308,114.180538042 22.306847528,114.180579459 22.306817127,114.180674220 22.306747573,114.180682788 22.306730459,114.180708257 22.306679591)",physical,105092,10773,10753,true,ID_03574,3,-99,48100,<=101 vertices; endpoints exact,m,unknown,unknown
310156,10775,10720,1,1,286.738818,,,,,1,,,,"LINESTRING(114.182128043 22.299536917,114.181936671 22.299484680,114.181791391 22.299457646,114.181508586 22.299414412,114.181082007 22.299375641,114.180919155 22.299352958,114.180804275 22.299335236,114.180735730 22.299320842,114.180693836 22.299312044,114.180631084 22.299295599,114.180597150 22.299286707,114.180583990 22.299282622,114.180574679 22.299279730,114.180501649 22.299257056,114.180383808 22.299209222,114.180253479 22.299149899,114.180087437 22.299055211,114.179835690 22.298870063,114.179657595 22.298723172,114.179584359 22.298663735)",physical,105078,10775,10720,true,ID_021104,3,HUNG HOM BYPASS,14477,<=101 vertices; endpoints exact,m,unknown,unknown
310428,10776,10741,1,1,277.175559,,,,,1,,,,"LINESTRING(114.182306033 22.308241212,114.182221242 22.308175702,114.182185425 22.308152900,114.182085514 22.308095019,114.181798664 22.307907100,114.181589643 22.307742561,114.181545665 22.307705290,114.181487615 22.307656094,114.181356105 22.307538682,114.181201681 22.307402724,114.181047258 22.307259042,114.181006150 22.307222135,114.180952612 22.307174068,114.180863447 22.307090116,114.180808129 22.307036941,114.180702778 22.306935669,114.180686550 22.306920070,114.180686307 22.306919835,114.180662837 22.306897276,114.180579459 22.306817127,114.180550726 22.306789506,114.180532480 22.306771966,114.180405635 22.306650033,114.180358893 22.306600174,114.180304490 22.306591542)",physical,105214,10776,10741,true,ID_010902,3,CHATHAM ROAD NORTH,10166,<=101 vertices; endpoints exact,m,unknown,unknown
310114,10778,10748,1,1,1772.08537,,,,,1,,,,"LINESTRING(114.183186107 22.284326666,114.183222108 22.284572298,114.183222115 22.284711866,114.180754562 22.299215254,114.180753329 22.299222162,114.180736186 22.299318286,114.180735730 22.299320842,114.180708450 22.299473806,114.180700137 22.299520413,114.180664507 22.299720186,114.180651950 22.299788920,114.180650191 22.299798542,114.180631526 22.299900699,114.180619311 22.299979609,114.180595038 22.300134822)",physical,105057,10778,10748,true,ID_06075,3,CROSS HARBOUR TUNNEL,39003,<=101 vertices; endpoints exact,m,unknown,unknown
