{
  "type": "FeatureCollection",
  "features": [
    {
      "type": "Feature",
      "properties": {
        "zone_id": 1,
        "ssbg": "21105",
        "super_zone": 1001
      },
      "geometry": {
        "type": "Polygon",
        "coordinates": [
          [
            [
              114.16911462513492,
              22.30485104330844
            ],
            [
              114.16911402383872,
              22.304861220777877
            ],
            [
              114.16925701305699,
              22.3054703159819
            ],
            [
              114.169719276344,
              22.30536921122783
            ],
            [
              114.169608977564,
              22.304831315215214
            ],
            [
              114.16965450362761,
              22.304259563975787
            ],
            [
              114.1691553045926,
              22.304226813292853
            ],
            [
              114.16911462513492,
              22.30485104330844
            ]
          ]
        ]
      }
    },
    {
      "type": "Feature",
      "properties": {
        "zone_id": 2,
        "ssbg": "21106",
        "super_zone": 1001
      },
      "geometry": {
        "type": "Polygon",
        "coordinates": [
          [
            [
              114.17011910591732,
              22.30429007120067
            ],
            [
              114.16965450362761,
              22.304259563975787
            ],
            [
              114.169608977564,
              22.304831315215214
            ],
            [
              114.169719276344,
              22.30536921122783
            ],
            [
              114.17011524541333,
              22.3052826064878
            ],
            [
              114.17015045450309,
              22.30527533830005
            ],
            [
              114.17018960478387,
              22.30526812535274
            ],
            [
              114.17006996420058,
              22.304811586034845
            ],
            [
              114.17011910591732,
              22.30429007120067
            ]
          ]
        ]
      }
    },
    {
      "type": "Feature",
      "properties": {
        "zone_id": 3,
        "ssbg": "21107",
        "super_zone": 1001
      },
      "geometry": {
        "type": "Polygon",
        "coordinates": [
          [
            [
              114.17018960478387,
              22.30526812535274
            ],
            [
              114.17037500055785,
              22.305239586173155
            ],
            [
              114.17056265766698,
              22.305229479247267
            ],
            [
              114.17063044718661,
              22.30432395543301
            ],
            [
              114.17011910591732,
              22.30429007120067
            ],
            [
              114.17006996420058,
              22.304811586034845
            ],
            [
              114.17018960478387,
              22.30526812535274
            ]
          ]
        ]
      }
    },
    {
      "type": "Feature",
      "properties": {
        "zone_id": 4,
        "ssbg": "21108S",
        "super_zone": 1001
      },
      "geometry": {
        "type": "Polygon",
        "coordinates": [
          [
            [
              114.17063044718661,
              22.30432395543301
            ],
            [
              114.17056265766698,
              22.305229479247267
            ],
            [
              114.1706869885599,
              22.305223208631368
            ],
            [
              114.17087058656969,
              22.30522321547888
            ],
            [
              114.17096123010596,
              22.305225367165058
            ],
            [
              114.1710662203838,
              22.30523109633556
            ],
            [
              114.17120554360183,
              22.305247094435607
            ],
            [
              114.17135711609669,
              22.30527324323536
            ],
            [
              114.17148831582564,
              22.305301983912123
            ],
            [
              114.17162006071337,
              22.305339238559327
            ],
            [
              114.17168403092752,
              22.304392841647196
            ],
            [
              114.17113388893688,
              22.30435670082252
            ],
            [
              114.17105988903829,
              22.30435218290227
            ],
            [
              114.17063044718661,
              22.30432395543301
            ]
          ]
        ]
      }
    },
    {
      "type": "Feature",
      "properties": {
        "zone_id": 5,
        "ssbg": "21110",
        "super_zone": 1001
      },
      "geometry": {
        "type": "Polygon",
        "coordinates": [
          [
            [
              114.168065434435,
              22.30310470456266
            ],
            [
              114.16806235590234,
              22.303122765621165
            ],
            [
              114.16805872519866,
              22.303140258624214
            ],
            [
              114.16805568645424,
              22.303158319684666
            ],
            [
              114.16805203633868,
              22.303175819910923
            ],
            [
              114.16804779419188,
              22.303193872778508
            ],
            [
              114.16804355207861,
              22.303211372069388
            ],
            [
              114.16803930025928,
              22.303228874068758
            ],
            [
              114.16803504843945,
              22.30324636703741
            ],
            [
              114.16803019491775,
              22.303263858167146
            ],
            [
              114.16802534139423,
              22.30328135923036
            ],
            [
              114.16801988616835,
              22.303298861163793
            ],
            [
              114.16801867382003,
              22.303302238546934
            ],
            [
              114.16813148722409,
              22.30337618548041
            ],
            [
              114.16815634147335,
              22.30339029262708
            ],
            [
              114.16816970426808,
              22.303403280264146
            ],
            [
              114.16817940722211,
              22.30341852445495
            ],
            [
              114.16818607342258,
              22.303435448177268
            ],
            [
              114.16818849949848,
              22.30345350953059
            ],
            [
              114.16818607120013,
              22.303471570625316
            ],
            [
              114.16813689385208,
              22.304159593140625
            ],
            [
              114.16863366715019,
              22.30419235315631
            ],
            [
              114.16871501002713,
              22.303081023962097
            ],
            [
              114.16807449302796,
              22.30304092093286
            ],
            [
              114.16807328802435,
              22.303051080306883
            ],
            [
              114.16806842461796,
              22.303087202494197
            ],
            [
              114.168065434435,
              22.30310470456266
            ]
          ]
        ]
      }
    },
    {
      "type": "Feature",
      "properties": {
        "zone_id": 6,
        "ssbg": "21111S",
        "super_zone": 1001
      },
      "geometry": {
        "type": "Polygon",
        "coordinates": [
          [
            [
              114.16911462513492,
              22.30485104330844
            ],
            [
              114.1691553045926,
              22.304226813292853
            ],
            [
              114.16922815171647,
              22.303113793815157
            ],
            [
              114.16904413786582,
              22.30310204529354
            ],
            [
              114.16898735503553,
              22.303098421283305
            ],
            [
              114.16896753878974,
              22.303097147007954
            ],
            [
              114.16871501002713,
              22.303081023962097
            ],
            [
              114.16863366715019,
              22.30419235315631
            ],
            [
              114.16858753216647,
              22.304816592699627
            ],
            [
              114.16911462513492,
              22.30485104330844
            ]
          ]
        ]
      }
    },
    {
      "type": "Feature",
      "properties": {
        "zone_id": 7,
        "ssbg": "21112",
        "super_zone": 1001
      },
      "geometry": {
        "type": "Polygon",
        "coordinates": [
          [
            [
              114.16974250581016,
              22.303145985041983
            ],
            [
              114.16922815171647,
              22.303113793815157
            ],
            [
              114.1691553045926,
              22.304226813292853
            ],
            [
              114.16965450362761,
              22.304259563975787
            ],
            [
              114.16974250581016,
              22.303145985041983
            ]
          ]
        ]
      }
    },
    {
      "type": "Feature",
      "properties": {
        "zone_id": 8,
        "ssbg": "21113",
        "super_zone": 1001
      },
      "geometry": {
        "type": "Polygon",
        "coordinates": [
          [
            [
              114.17022289422349,
              22.303176482727917
            ],
            [
              114.16974250581016,
              22.303145985041983
            ],
            [
              114.16965450362761,
              22.304259563975787
            ],
            [
              114.17011910591732,
              22.30429007120067
            ],
            [
              114.17022289422349,
              22.303176482727917
            ]
          ]
        ]
      }
    },
    {
      "type": "Feature",
      "properties": {
        "zone_id": 9,
        "ssbg": "21114",
        "super_zone": 1001
      },
      "geometry": {
        "type": "Polygon",
        "coordinates": [
          [
            [
              114.17063044718661,
              22.30432395543301
            ],
            [
              114.17071298769547,
              22.303206980260555
            ],
            [
              114.17051659217302,
              22.303194762446953
            ],
            [
              114.17022289422349,
              22.303176482727917
            ],
            [
              114.17011910591732,
              22.30429007120067
            ],
            [
              114.17063044718661,
              22.30432395543301
            ]
          ]
        ]
      }
    },
    {
      "type": "Feature",
      "properties": {
        "zone_id": 10,
        "ssbg": "21115S",
        "super_zone": 1001
      },
      "geometry": {
        "type": "Polygon",
        "coordinates": [
          [
            [
              114.17113388893688,
              22.30435670082252
            ],
            [
              114.17168403092752,
              22.304392841647196
            ],
            [
              114.17171255063852,
              22.303971231302665
            ],
            [
              114.17175928456052,
              22.303273048167608
            ],
            [
              114.17115758512699,
              22.30323521707549
            ],
            [
              114.17071298769547,
              22.303206980260555
            ],
            [
              114.17063044718661,
              22.30432395543301
            ],
            [
              114.17105988903829,
              22.30435218290227
            ],
            [
              114.17113388893688,
              22.30435670082252
            ]
          ]
        ]
      }
    },
    {
      "type": "Feature",
      "properties": {
        "zone_id": 11,
        "ssbg": "21117S",
        "super_zone": 1001
      },
      "geometry": {
        "type": "Polygon",
        "coordinates": [
          [
            [
              114.17212461101958,
              22.298147626079047
            ],
            [
              114.17196435068153,
              22.298154042123404
            ],
            [
              114.17169497185039,
              22.298163144814975
            ],
            [
              114.17151488668964,
              22.29815525528808
            ],
            [
              114.17101383549358,
              22.298133294607734
            ],
            [
              114.17086231845973,
              22.298126649797013
            ],
            [
              114.16965549109622,
              22.298034858886876
            ],
            [
              114.16949648540081,
              22.298546573543305
            ],
            [
              114.16943339895093,
              22.29869839161434
            ],
            [
              114.16933330303529,
              22.298924153354864
            ],
            [
              114.16924413727632,
              22.299109845788486
            ],
            [
              114.16907125266661,
              22.299438326297413
            ],
            [
              114.1688340851447,
              22.299727853503477
            ],
            [
              114.16873549838553,
              22.299838402321623
            ],
            [
              114.16860358554297,
              22.299986335239158
            ],
            [
              114.16859145425144,
              22.299978440962384
            ],
            [
              114.16854536056987,
              22.29992255806743
            ],
            [
              114.1685086225962,
              22.299859604666658
            ],
            [
              114.1685044112199,
              22.299852379957816
            ],
            [
              114.16847682524077,
              22.29978089218331
            ],
            [
              114.16846227242182,
              22.29971203117923
            ],
            [
              114.16845864626072,
              22.299655589640782
            ],
            [
              114.16846167745834,
              22.299599148445306
            ],
            [
              114.16880628229029,
              22.29799623129344
            ],
            [
              114.1691915314367,
              22.296204802623492
            ],
            [
              114.16921434244887,
              22.29609863882178
            ],
            [
              114.16945044456476,
              22.295
            ],
            [
              114.16512322082994,
              22.295
            ],
            [
              114.1669953669127,
              22.29536628250197
            ],
            [
              114.16803737251756,
              22.29557259986972
            ],
            [
              114.16803432602,
              22.295577566546093
            ],
            [
              114.16803126920249,
              22.295576861991975
            ],
            [
              114.16802825119889,
              22.29557621162365
            ],
            [
              114.16802522348762,
              22.295575615438484
            ],
            [
              114.16802218606927,
              22.295575063502728
            ],
            [
              114.16801913894368,
              22.295574558525654
            ],
            [
              114.16801608211046,
              22.295574106828642
            ],
            [
              114.16801301557008,
              22.295573700284145
            ],
            [
              114.16800993932199,
              22.29557334792281
            ],
            [
              114.16800685336622,
              22.295573049744593
            ],
            [
              114.1680037674076,
              22.29557279671943
            ],
            [
              114.16800068144569,
              22.29557259697487
            ],
            [
              114.16799758577646,
              22.29557244418894
            ],
            [
              114.1679944901045,
              22.295572335653024
            ],
            [
              114.16799139442861,
              22.295572289428307
            ],
            [
              114.1679882987498,
              22.29557228925969
            ],
            [
              114.16798520306811,
              22.2955723351472
            ],
            [
              114.16798210738308,
              22.295572434315304
            ],
            [
              114.16797901169463,
              22.295572587667067
            ],
            [
              114.16797592570765,
              22.29557278617241
            ],
            [
              114.1679728397178,
              22.295573029830802
            ],
            [
              114.16796976342829,
              22.295573336704
            ],
            [
              114.1679666871365,
              22.29557367969962
            ],
            [
              114.16796362054501,
              22.295574085910065
            ],
            [
              114.16796056365497,
              22.295574537274085
            ],
            [
              114.16795750676206,
              22.295575033791163
            ],
            [
              114.16795446927436,
              22.295575584492955
            ],
            [
              114.16795144148811,
              22.295576180348323
            ],
            [
              114.16794842340275,
              22.295576830387922
            ],
            [
              114.16794541501879,
              22.29557752558106
            ],
            [
              114.16794242604061,
              22.295578265928317
            ],
            [
              114.16793944676337,
              22.295579059556715
            ],
            [
              114.16793648689176,
              22.295579900145363
            ],
            [
              114.16793353672107,
              22.29558079401514
            ],
            [
              114.16793060595674,
              22.295581723105332
            ],
            [
              114.16792769459748,
              22.295582708186405
            ],
            [
              114.16792480264343,
              22.29558374654915
            ],
            [
              114.16792193009573,
              22.295584821035394
            ],
            [
              114.16791907695317,
              22.29558594970638
            ],
            [
              114.16791625292124,
              22.295587114501373
            ],
            [
              114.1679134482945,
              22.295588333481135
            ],
            [
              114.16791066307349,
              22.295589597615002
            ],
            [
              114.16790789725819,
              22.295590906903005
            ],
            [
              114.16790516055295,
              22.295592261345647
            ],
            [
              114.16790245295833,
              22.29559365191235
            ],
            [
              114.16789977447318,
              22.295595096664325
            ],
            [
              114.16789711539435,
              22.295596577539794
            ],
            [
              114.16789448542555,
              22.295598103569915
            ],
            [
              114.16789189427114,
              22.295599674755277
            ],
            [
              114.167889322523,
              22.295601282064116
            ],
            [
              114.1678867798849,
              22.29560293452763
            ],
            [
              114.16788427606173,
              22.295604623115736
            ],
            [
              114.16788180134867,
              22.295606355955442
            ],
            [
              114.16787936544986,
              22.29560813575649
            ],
            [
              114.1678769489574,
              22.29560995077796
            ],
            [
              114.16787458098419,
              22.295611801924576
            ],
            [
              114.1678722421216,
              22.29561368919524
            ],
            [
              114.16786994207393,
              22.295615612590517
            ],
            [
              114.1678676711363,
              22.295617581140444
            ],
            [
              114.16786544871795,
              22.295619585815512
            ],
            [
              114.16786325541078,
              22.295621617584015
            ],
            [
              114.16786110091799,
              22.29562369360467
            ],
            [
              114.16785898524063,
              22.295625798525453
            ],
            [
              114.16785691808256,
              22.295627938668282
            ],
            [
              114.16785488003514,
              22.29563011493518
            ],
            [
              114.16785289050759,
              22.29563231739356
            ],
            [
              114.16785093979487,
              22.29563455778264
            ],
            [
              114.16784902789718,
              22.29563683249022
            ],
            [
              114.16784716451981,
              22.295639127067844
            ],
            [
              114.16784533995744,
              22.29564145686698
            ],
            [
              114.16784356391432,
              22.29564382279127
            ],
            [
              114.16784183639162,
              22.29564620677948
            ],
            [
              114.16784014768395,
              22.29564862598924
            ],
            [
              114.16784011856859,
              22.29564866301317
            ],
            [
              114.16783850749599,
              22.295651074099652
            ],
            [
              114.16783690612418,
              22.295653539370374
            ],
            [
              114.16783535327224,
              22.29565603173564
            ],
            [
              114.16783385864447,
              22.29565855119597
            ],
            [
              114.1678324028322,
              22.295661097750315
            ],
            [
              114.16783099553983,
              22.295663671399165
            ],
            [
              114.16782963676845,
              22.295666254081354
            ],
            [
              114.16782832651634,
              22.295668872888687
            ],
            [
              114.16782706478527,
              22.295671500729313
            ],
            [
              114.16782585157407,
              22.295674155664486
            ],
            [
              114.16782468688328,
              22.295676828663574
            ],
            [
              114.16782358041735,
              22.29567951882409
            ],
            [
              114.16782251276797,
              22.295682219823476
            ],
            [
              114.16782150334289,
              22.295684947014884
            ],
            [
              114.16782055214259,
              22.295687692270768
            ],
            [
              114.16781963975899,
              22.295690446559423
            ],
            [
              114.16781878560016,
              22.295693218912525
            ],
            [
              114.1678179799624,
              22.295696000298946
            ],
            [
              114.16781723254998,
              22.29569879071923
            ],
            [
              114.16781653365807,
              22.295701599203447
            ],
            [
              114.16781589299093,
              22.295704425752103
            ],
            [
              114.16781530084543,
              22.295707252303487
            ],
            [
              114.167814757221,
              22.29571008788816
            ],
            [
              114.16781427182194,
              22.295712932506678
            ],
            [
              114.16781383494396,
              22.29571578615855
            ],
            [
              114.16781345629136,
              22.295718648844247
            ],
            [
              114.16781313586473,
              22.295721511533173
            ],
            [
              114.16781286395918,
              22.295724383255422
            ],
            [
              114.16781265027905,
              22.295727264011525
            ],
            [
              114.16781248512116,
              22.295730135739703
            ],
            [
              114.16781236848433,
              22.295733016501188
            ],
            [
              114.16781231977727,
              22.29573590629708
            ],
            [
              114.16781231959244,
              22.295738787065023
            ],
            [
              114.1678123679293,
              22.295741667835678
            ],
            [
              114.16781247449215,
              22.295744548609566
            ],
            [
              114.16781263928158,
              22.29574742035605
            ],
            [
              114.16781285259214,
              22.29575030113588
            ],
            [
              114.16781312412928,
              22.295753172888297
            ],
            [
              114.16781344418868,
              22.2957560356128
            ],
            [
              114.16781382247409,
              22.29575889834054
            ],
            [
              114.1678142492818,
              22.295761752040352
            ],
            [
              114.1678147343161,
              22.295764596712775
            ],
            [
              114.16781526787211,
              22.295767441387863
            ],
            [
              114.1678158596553,
              22.29577026800499
            ],
            [
              114.1678164999608,
              22.29577308559416
            ],
            [
              114.1678171984929,
              22.29577589415594
            ],
            [
              114.16781794554731,
              22.295778693689794
            ],
            [
              114.16781874112456,
              22.29578147516508
            ],
            [
              114.16781959492847,
              22.295784247612982
            ],
            [
              114.16782049725525,
              22.295787002002353
            ],
            [
              114.16782145780866,
              22.2957897473643
            ],
            [
              114.1678224571806,
              22.295792474667167
            ],
            [
              114.16782351477977,
              22.29579518391203
            ],
            [
              114.16782463060619,
              22.295797875098852
            ],
            [
              114.16782578525117,
              22.295800548226598
            ],
            [
              114.16782699812391,
              22.295803194265677
            ],
            [
              114.16782824981463,
              22.2958058312763
            ],
            [
              114.1678295597332,
              22.295808441198275
            ],
            [
              114.16783091817466,
              22.295811033061675
            ],
            [
              114.167832325139,
              22.29581360686652
            ],
            [
              114.16783378062685,
              22.295816153582198
            ],
            [
              114.16783527493388,
              22.29581867230507
            ],
            [
              114.16783682746862,
              22.295821165745426
            ],
            [
              114.16783841882199,
              22.295823640223603
            ],
            [
              114.16784005869884,
              22.295826087612582
            ],
            [
              114.16784174709977,
              22.295828498881768
            ],
            [
              114.16784347431927,
              22.295830892091836
            ],
            [
              114.1678452500629,
              22.295833248279035
            ],
            [
              114.16784706462497,
              22.29583558821324
            ],
            [
              114.16784892771119,
              22.295837891124574
            ],
            [
              114.16785083932147,
              22.295840157916075
            ],
            [
              114.1678527897509,
              22.295842397617836
            ],
            [
              114.16785477899948,
              22.29584461022987
            ],
            [
              114.16785680706784,
              22.295846786721544
            ],
            [
              114.1678588739559,
              22.295848927092837
            ],
            [
              114.16786098936747,
              22.295851040374952
            ],
            [
              114.16786314359933,
              22.295853108506048
            ],
            [
              114.16786532694603,
              22.2958551495469
            ],
            [
              114.16786755881685,
              22.295857153564835
            ],
            [
              114.16786981980295,
              22.295859123267995
            ],
            [
              114.16787211960941,
              22.295861046917082
            ],
            [
              114.16787445823503,
              22.295862943476447
            ],
            [
              114.16787682597665,
              22.295864794884277
            ],
            [
              114.16787923253797,
              22.29586661017171
            ],
            [
              114.16788167791901,
              22.295868389338782
            ],
            [
              114.1678841427117,
              22.29587012335378
            ],
            [
              114.16788665602903,
              22.2958718122183
            ],
            [
              114.16788918875689,
              22.29587347308894
            ],
            [
              114.16789175060116,
              22.295875081583528
            ],
            [
              114.16789435126528,
              22.295876652151634
            ],
            [
              114.16789698104525,
              22.295878179374302
            ],
            [
              114.16789963023629,
              22.295879669572468
            ],
            [
              114.16790230854332,
              22.295881114619082
            ],
            [
              114.1679050159669,
              22.295882504580476
            ],
            [
              114.16790775250576,
              22.295883860227054
            ],
            [
              114.16791051816062,
              22.295885169819012
            ],
            [
              114.16791329352276,
              22.295886434258374
            ],
            [
              114.16791610770517,
              22.295887653546714
            ],
            [
              114.16791893159484,
              22.295888827682422
            ],
            [
              114.16792178460045,
              22.295889956666585
            ],
            [
              114.16792465701765,
              22.295891040498677
            ],
            [
              114.16792754884703,
              22.29589207014805
            ],
            [
              114.16793045038308,
              22.295893063675415
            ],
            [
              114.16793338103568,
              22.29589400211755
            ],
            [
              114.16793633110035,
              22.295894888183085
            ],
            [
              114.16793929087171,
              22.295895737223553
            ],
            [
              114.16794227005524,
              22.29589653208132
            ],
            [
              114.167945258946,
              22.295897281786445
            ],
            [
              114.16794825754458,
              22.29589797730834
            ],
            [
              114.16795127555469,
              22.29589862767813
            ],
            [
              114.16795431297697,
              22.2958992238652
            ],
            [
              114.16795735040212,
              22.295899774899137
            ],
            [
              114.16796039753447,
              22.295900280780426
            ],
            [
              114.16796345437461,
              22.29590073247846
            ],
            [
              114.16796652092255,
              22.295901129993265
            ],
            [
              114.1679695971777,
              22.295901482355408
            ],
            [
              114.16797267343568,
              22.2959017895644
            ],
            [
              114.16797575940147,
              22.29590204259018
            ],
            [
              114.16797885507502,
              22.295902241432664
            ],
            [
              114.16798194104705,
              22.29590239512147
            ],
            [
              114.16798503672686,
              22.29590249462703
            ],
            [
              114.16798814211386,
              22.295902548979956
            ],
            [
              114.16799123779991,
              22.29590254914856
            ],
            [
              114.16799433348882,
              22.295902504164015
            ],
            [
              114.16799742918113,
              22.29590240499568
            ],
            [
              114.16800052487683,
              22.295902251643568
            ],
            [
              114.16800361087101,
              22.295902053137766
            ],
            [
              114.16800669686857,
              22.295901800448185
            ],
            [
              114.16800977316464,
              22.29590150260491
            ],
            [
              114.16801284946408,
              22.295901150577873
            ],
            [
              114.168015916062,
              22.29590075339713
            ],
            [
              114.16801897295893,
              22.29590030203209
            ],
            [
              114.16802202985873,
              22.29589980551388
            ],
            [
              114.16802506735317,
              22.295899254810863
            ],
            [
              114.16802809514604,
              22.295898658954126
            ],
            [
              114.16803111323802,
              22.295898008010038
            ],
            [
              114.16803412162835,
              22.2958973137184
            ],
            [
              114.16803711061289,
              22.295896572466418
            ],
            [
              114.16804008989632,
              22.295895778836254
            ],
            [
              114.16804304977393,
              22.295894939148834
            ],
            [
              114.16804599995052,
              22.2958940452771
            ],
            [
              114.16804893072123,
              22.29589310625116
            ],
            [
              114.168051842086,
              22.295892122070992
            ],
            [
              114.1680547340449,
              22.295891092736664
            ],
            [
              114.16805760659784,
              22.295890018248116
            ],
            [
              114.16806045004111,
              22.29588888957422
            ],
            [
              114.16806328378281,
              22.295887715746648
            ],
            [
              114.16806608841368,
              22.295886505794975
            ],
            [
              114.16806887363919,
              22.295885241658482
            ],
            [
              114.16807163945877,
              22.2958839323678
            ],
            [
              114.16807437616808,
              22.295882577922367
            ],
            [
              114.16807708376658,
              22.29588118735288
            ],
            [
              114.16807976225542,
              22.29587974169498
            ],
            [
              114.16808242133762,
              22.295878261719597
            ],
            [
              114.16808505130962,
              22.295876735686473
            ],
            [
              114.16808764246701,
              22.295875164498124
            ],
            [
              114.16809021421788,
              22.295873557186184
            ],
            [
              114.16809274715415,
              22.295871904718997
            ],
            [
              114.16809526068452,
              22.295870206194593
            ],
            [
              114.16809773539961,
              22.29586847335169
            ],
            [
              114.16810017129956,
              22.295866703481117
            ],
            [
              114.1681025780892,
              22.29586488845583
            ],
            [
              114.16810495576802,
              22.295863037306475
            ],
            [
              114.16810729463164,
              22.295861150032508
            ],
            [
              114.16810959468015,
              22.295859225730894
            ],
            [
              114.16811186561823,
              22.29585725808069
            ],
            [
              114.16811408803683,
              22.2958552534023
            ],
            [
              114.16811628134406,
              22.29585322163046
            ],
            [
              114.16811843583662,
              22.295851144703413
            ],
            [
              114.16812055151344,
              22.295849040682366
            ],
            [
              114.16812261867072,
              22.295846900536233
            ],
            [
              114.16812465671718,
              22.295844724266026
            ],
            [
              114.16812664624352,
              22.29584252090134
            ],
            [
              114.16812859695469,
              22.295840281412048
            ],
            [
              114.16813050885067,
              22.295838005798167
            ],
            [
              114.16813237222658,
              22.2958357030898
            ],
            [
              114.16813418708237,
              22.295833373286975
            ],
            [
              114.16813597282678,
              22.295831016390693
            ],
            [
              114.1681377003473,
              22.295828623368763
            ],
            [
              114.16813938905152,
              22.295826212283536
            ],
            [
              114.16814102923624,
              22.295823765073198
            ],
            [
              114.16814263060463,
              22.29582129979951
            ],
            [
              114.16814418345352,
              22.295818798400745
            ],
            [
              114.16814429312417,
              22.2958186105697
            ],
            [
              114.1681455187076,
              22.29581981802924
            ],
            [
              114.1681512963199,
              22.295825508532282
            ],
            [
              114.16814232607392,
              22.295865399012193
            ],
            [
              114.1681315465996,
              22.29591067525651
            ],
            [
              114.16812352654387,
              22.29594821511542
            ],
            [
              114.1681173634151,
              22.295962212246238
            ],
            [
              114.16810109466591,
              22.296030807060927
            ],
            [
              114.16807622715211,
              22.296141594273404
            ],
            [
              114.1680466478879,
              22.296271750099457
            ],
            [
              114.16799644484963,
              22.296494100200555
            ],
            [
              114.16799969771917,
              22.296494746969927
            ],
            [
              114.1679900236101,
              22.296537961570984
            ],
            [
              114.16797089475594,
              22.296623399220547
            ],
            [
              114.16794435551047,
              22.29674092225251
            ],
            [
              114.16790975723994,
              22.2968959219059
            ],
            [
              114.16785349437106,
              22.29714780083362
            ],
            [
              114.16782811089926,
              22.29726263277843
            ],
            [
              114.16730521145111,
              22.29716262314442
            ],
            [
              114.16699524508756,
              22.297107302952295
            ],
            [
              114.16614108440126,
              22.296944123452196
            ],
            [
              114.16613884174583,
              22.29694365913065
            ],
            [
              114.16613118497042,
              22.29694353400354
            ],
            [
              114.16612303330456,
              22.296942951894085
            ],
            [
              114.16611761430039,
              22.2969437101085
            ],
            [
              114.16610930621984,
              22.296945404607147
            ],
            [
              114.16610923925866,
              22.296945413633335
            ],
            [
              114.16610457319545,
              22.296947765801335
            ],
            [
              114.16610040209294,
              22.29694965202199
            ],
            [
              114.16609653556874,
              22.296953375090602
            ],
            [
              114.16609218093109,
              22.296956849784827
            ],
            [
              114.1660918713443,
              22.29695705746858
            ],
            [
              114.16609178884246,
              22.296957244396943
            ],
            [
              114.16608925661804,
              22.29696171709505
            ],
            [
              114.16608590888669,
              22.296970579523126
            ],
            [
              114.16608565943991,
              22.29697114482339
            ],
            [
              114.16607197157805,
              22.297031648161866
            ],
            [
              114.16607197156497,
              22.297031818840562
            ],
            [
              114.1660711307387,
              22.297037347329837
            ],
            [
              114.1660714332359,
              22.297041015587364
            ],
            [
              114.16607196468868,
              22.29704558330974
            ],
            [
              114.1660750346096,
              22.297052885671825
            ],
            [
              114.1660805228845,
              22.29706004460719
            ],
            [
              114.1660806063317,
              22.297060186393423
            ],
            [
              114.16608090423762,
              22.297060447398046
            ],
            [
              114.16608610250528,
              22.297065585261446
            ],
            [
              114.16609109611058,
              22.297069406446877
            ],
            [
              114.16609584523358,
              22.29707232455409
            ],
            [
              114.16610202286641,
              22.29707500525028
            ],
            [
              114.16610873232075,
              22.29707744034857
            ],
            [
              114.16611113704222,
              22.297077903778167
            ],
            [
              114.16747692696535,
              22.29734556276604
            ],
            [
              114.16743171681907,
              22.297549473330296
            ],
            [
              114.16774976292413,
              22.297610536611714
            ],
            [
              114.16762592546895,
              22.298155333286314
            ],
            [
              114.16742224813822,
              22.298115459556545
            ],
            [
              114.16742110496337,
              22.298115235530958
            ],
            [
              114.16721406615707,
              22.298074701206627
            ],
            [
              114.1672102775729,
              22.298073960471434
            ],
            [
              114.16699518038851,
              22.29803184774083
            ],
            [
              114.16680566399997,
              22.29799487472872
            ],
            [
              114.16680491288291,
              22.29799472838632
            ],
            [
              114.16565516221264,
              22.297770418524905
            ],
            [
              114.16555167920396,
              22.29775023064356
            ],
            [
              114.16555049527688,
              22.29774999937746
            ],
            [
              114.1655051627681,
              22.29795479799803
            ],
            [
              114.16550105243141,
              22.297972871590158
            ],
            [
              114.1655011572382,
              22.29797289236789
            ],
            [
              114.16550040195406,
              22.297976303179592
            ],
            [
              114.16757355507076,
              22.298377257739684
            ],
            [
              114.16757342110895,
              22.298377857365065
            ],
            [
              114.16741095750427,
              22.29910631720654
            ],
            [
              114.16738844363931,
              22.299196577816165
            ],
            [
              114.16731750512716,
              22.29918265297773
            ],
            [
              114.16731718880335,
              22.299181984693544
            ],
            [
              114.1673134084743,
              22.299173538136046
            ],
            [
              114.16730612338546,
              22.2991572627311
            ],
            [
              114.16714124301294,
              22.299125215051724
            ],
            [
              114.16713829868844,
              22.29912461614599
            ],
            [
              114.16713377898485,
              22.299128768153636
            ],
            [
              114.1671223589086,
              22.299139064180185
            ],
            [
              114.16488866646228,
              22.298701237303355
            ],
            [
              114.16488848498696,
              22.298701242708358
            ],
            [
              114.16488640532376,
              22.298701014983752
            ],
            [
              114.16488416941628,
              22.298700801696626
            ],
            [
              114.16488189468751,
              22.298700625432122
            ],
            [
              114.16487965877383,
              22.298700485292912
            ],
            [
              114.16487742091645,
              22.298700377663767
            ],
            [
              114.16487514617708,
              22.298700326021688
            ],
            [
              114.16487287337733,
              22.29870028973176
            ],
            [
              114.1648706355093,
              22.29870030762809
            ],
            [
              114.16486836076113,
              22.298700359838005
            ],
            [
              114.16486612482645,
              22.298700466234475
            ],
            [
              114.16486385007225,
              22.298700588883136
            ],
            [
              114.1648616141316,
              22.29870076571835
            ],
            [
              114.1648593762471,
              22.298700976869746
            ],
            [
              114.16485710342319,
              22.298701224140984
            ],
            [
              114.16485486553113,
              22.29870152379235
            ],
            [
              114.16485266645566,
              22.298701841507786
            ],
            [
              114.16485043049849,
              22.29870221159804
            ],
            [
              114.164848377957,
              22.298702582604875
            ],
            [
              114.1648481984225,
              22.29870258891305
            ],
            [
              114.1648480441155,
              22.29870264579455
            ],
            [
              114.16484599545242,
              22.29870305653636
            ],
            [
              114.16484379636337,
              22.298703533190537
            ],
            [
              114.16484159726983,
              22.29870406222226
            ],
            [
              114.16483943699289,
              22.298704609318072
            ],
            [
              114.16483727671145,
              22.29870520879141
            ],
            [
              114.1648351144862,
              22.298705842580937
            ],
            [
              114.1648329541987,
              22.298706512493045
            ],
            [
              114.16483083078536,
              22.29870721853031
            ],
            [
              114.16482874618723,
              22.298707958886787
            ],
            [
              114.16482662276785,
              22.2987087353628
            ],
            [
              114.16482453816363,
              22.298709546158026
            ],
            [
              114.16482249043358,
              22.29871039307843
            ],
            [
              114.16482044464146,
              22.298711274315277
            ],
            [
              114.16481839690381,
              22.298712209735662
            ],
            [
              114.16481638798285,
              22.29871316141401
            ],
            [
              114.16481441593606,
              22.29871414921754
            ],
            [
              114.16481244582721,
              22.29871517133751
            ],
            [
              114.16481047377431,
              22.298716229579785
            ],
            [
              114.16480869969864,
              22.298717233653033
            ],
            [
              114.16480850560175,
              22.29871730498052
            ],
            [
              114.1648083444948,
              22.298717440427854
            ],
            [
              114.16480664417293,
              22.298718452634095
            ],
            [
              114.1648047497487,
              22.298719599382093
            ],
            [
              114.1648028921972,
              22.29872079851039
            ],
            [
              114.1648010715215,
              22.29872201389653
            ],
            [
              114.1647992527835,
              22.298723267211372
            ],
            [
              114.16479747091972,
              22.29872455484527
            ],
            [
              114.16479568905454,
              22.298725858734265
            ],
            [
              114.16479398288017,
              22.2987272159095
            ],
            [
              114.16479227670415,
              22.29872859204901
            ],
            [
              114.16479057052649,
              22.298729987152793
            ],
            [
              114.16478894004129,
              22.298731415675462
            ],
            [
              114.16478730955318,
              22.298732878514464
            ],
            [
              114.16478571788005,
              22.29873437747878
            ],
            [
              114.16478416308264,
              22.298735894507065
            ],
            [
              114.16478261022452,
              22.298737429596716
            ],
            [
              114.16478113111802,
              22.29873899810511
            ],
            [
              114.16477965200978,
              22.298740586480836
            ],
            [
              114.16477821171681,
              22.298742208272728
            ],
            [
              114.16477688982589,
              22.298743752410093
            ],
            [
              114.16477676948088,
              22.298743853544057
            ],
            [
              114.16477669086217,
              22.298743992609733
            ],
            [
              114.16477544369735,
              22.29874552320671
            ],
            [
              114.16477411791159,
              22.29874721815507
            ],
            [
              114.16477279018355,
              22.298748928455318
            ],
            [
              114.16477153814785,
              22.298750674883646
            ],
            [
              114.16477028805318,
              22.29875241950598
            ],
            [
              114.16476911170972,
              22.298754202062398
            ],
            [
              114.16476793730573,
              22.29875600087405
            ],
            [
              114.16476679977742,
              22.298757817749667
            ],
            [
              114.16476573794314,
              22.298759650886023
            ],
            [
              114.16476467610572,
              22.298761520144836
            ],
            [
              114.16476365308628,
              22.29876339121262
            ],
            [
              114.16476266694269,
              22.298765278538298
            ],
            [
              114.16476175649314,
              22.29876718212469
            ],
            [
              114.16476084798131,
              22.298769121833686
            ],
            [
              114.1647599744057,
              22.2987710633514
            ],
            [
              114.16475914158929,
              22.298773003066017
            ],
            [
              114.16475838252425,
              22.2987749789086
            ],
            [
              114.1647576254003,
              22.298776952945172
            ],
            [
              114.16475692359536,
              22.29877888996033
            ],
            [
              114.16475687215355,
              22.298778980262682
            ],
            [
              114.16475682555382,
              22.298779188866487
            ],
            [
              114.16475625865655,
              22.298780957019147
            ],
            [
              114.16475561410213,
              22.29878296718656
            ],
            [
              114.16475504524156,
              22.298784995420828
            ],
            [
              114.1647545151977,
              22.29878704081618
            ],
            [
              114.16475398515365,
              22.298789088017642
            ],
            [
              114.16475352886422,
              22.298791134321522
            ],
            [
              114.1647531113914,
              22.298793198689534
            ],
            [
              114.1647527327369,
              22.2987952612543
            ],
            [
              114.16475239095809,
              22.298797341883052
            ],
            [
              114.1647520879973,
              22.298799424320816
            ],
            [
              114.16475190443643,
              22.298801111226425
            ],
            [
              114.1647518238581,
              22.29880146702674
            ],
            [
              114.16475181411376,
              22.29880193029669
            ],
            [
              114.16475163346693,
              22.298803585595348
            ],
            [
              114.16475144307731,
              22.298805686102714
            ],
            [
              114.16475132838326,
              22.298807784809597
            ],
            [
              114.16475125250743,
              22.29880988351938
            ],
            [
              114.16475121545132,
              22.29881196417079
            ],
            [
              114.16475121527091,
              22.298814062886198
            ],
            [
              114.1647512519678,
              22.29881616160434
            ],
            [
              114.16475132748285,
              22.298818260325376
            ],
            [
              114.16475143600263,
              22.29882025158453
            ],
            [
              114.16475143890544,
              22.298820350921524
            ],
            [
              114.16475159302648,
              22.29882245958208
            ],
            [
              114.16475181993412,
              22.29882453935008
            ],
            [
              114.16475204684161,
              22.29882662092421
            ],
            [
              114.16475235138543,
              22.29882870340717
            ],
            [
              114.16475269086573,
              22.298830784086633
            ],
            [
              114.16475307110663,
              22.29883284761092
            ],
            [
              114.16475344940662,
              22.29883491113507
            ],
            [
              114.16475390340206,
              22.29883697556793
            ],
            [
              114.16475443503542,
              22.298839021945312
            ],
            [
              114.16475496472943,
              22.29884105026133
            ],
            [
              114.1647554536888,
              22.298842794109863
            ],
            [
              114.16475550800813,
              22.298843098445705
            ],
            [
              114.16475563025959,
              22.298843399174363
            ],
            [
              114.16475614057363,
              22.29884508884078
            ],
            [
              114.1647568216602,
              22.2988470991068
            ],
            [
              114.1647575046891,
              22.298849093117887
            ],
            [
              114.16475826341366,
              22.298851085328444
            ],
            [
              114.16475902020026,
              22.298853043222497
            ],
            [
              114.1647598546233,
              22.298855001122362
            ],
            [
              114.16476068904787,
              22.298856940960963
            ],
            [
              114.16476159722846,
              22.29885886454993
            ],
            [
              114.16476254616836,
              22.298860786335812
            ],
            [
              114.16476329523152,
              22.298862277346387
            ],
            [
              114.16476346405476,
              22.298862695476515
            ],
            [
              114.16476370954784,
              22.298863068459255
            ],
            [
              114.16476451586928,
              22.298864543218972
            ],
            [
              114.16476557738633,
              22.29886641444174
            ],
            [
              114.16476663890671,
              22.29886824773591
            ],
            [
              114.16476777612397,
              22.29887006478058
            ],
            [
              114.16476891334126,
              22.29887188182527
            ],
            [
              114.16477012625718,
              22.298873662753085
            ],
            [
              114.16477133917606,
              22.298875409364562
            ],
            [
              114.16477258897227,
              22.298877155978747
            ],
            [
              114.16477391640804,
              22.298878866476244
            ],
            [
              114.16477493818532,
              22.298880170573256
            ],
            [
              114.16477520502568,
              22.298880576067788
            ],
            [
              114.16477550098875,
              22.298880875906242
            ],
            [
              114.16477660816139,
              22.298882235096354
            ],
            [
              114.1647780093577,
              22.298883876966595
            ],
            [
              114.16477945131494,
              22.29888549806945
            ],
            [
              114.16478089133255,
              22.298887104723136
            ],
            [
              114.16478240704886,
              22.298888674356927
            ],
            [
              114.16478392276674,
              22.298890225929426
            ],
            [
              114.16478547730584,
              22.298891743188488
            ],
            [
              114.16478706872533,
              22.29889322432777
            ],
            [
              114.16478869896447,
              22.298894689214837
            ],
            [
              114.16479032920518,
              22.29889613604064
            ],
            [
              114.16479182068808,
              22.298897381473374
            ],
            [
              114.16479199244371,
              22.29889755577702
            ],
            [
              114.16479219816846,
              22.29889769305766
            ],
            [
              114.16479370226861,
              22.298898923139266
            ],
            [
              114.16479544703228,
              22.298900263412232
            ],
            [
              114.1647971898566,
              22.29890158562379
            ],
            [
              114.16479897150211,
              22.298902873521893
            ],
            [
              114.16480079196879,
              22.29890412710647
            ],
            [
              114.16480261049782,
              22.29890534276232
            ],
            [
              114.16480446784657,
              22.29890654126284
            ],
            [
              114.16480636401636,
              22.298907707256006
            ],
            [
              114.16480825824843,
              22.298908836223458
            ],
            [
              114.16481019130187,
              22.298909928168243
            ],
            [
              114.16481167311765,
              22.29891074013046
            ],
            [
              114.16481207971506,
              22.29891101288521
            ],
            [
              114.16484338523705,
              22.298927017453885
            ],
            [
              114.16642533971208,
              22.299246702061335
            ],
            [
              114.1666935625953,
              22.299299841639392
            ],
            [
              114.16687897569055,
              22.29933660862751
            ],
            [
              114.16689967142982,
              22.299367650833588
            ],
            [
              114.16688194355825,
              22.299443359727356
            ],
            [
              114.16686744827673,
              22.29950525829534
            ],
            [
              114.1668580407021,
              22.29954545840935
            ],
            [
              114.16693234776379,
              22.29956014764372
            ],
            [
              114.16699507256274,
              22.299572547784344
            ],
            [
              114.16707462884213,
              22.299587652679914
            ],
            [
              114.1670820246175,
              22.29958909350763
            ],
            [
              114.16706227387321,
              22.29967204304565
            ],
            [
              114.16705728910239,
              22.299692978423074
            ],
            [
              114.16705289163068,
              22.299711444865196
            ],
            [
              114.16704882518151,
              22.2997285242245
            ],
            [
              114.16669665009665,
              22.29965661800724
            ],
            [
              114.1666822851859,
              22.299658770911552
            ],
            [
              114.16668219007974,
              22.299658785354598
            ],
            [
              114.16668213087904,
              22.29965882147337
            ],
            [
              114.16667773358121,
              22.299660780842036
            ],
            [
              114.16667363999416,
              22.2996633380564
            ],
            [
              114.16667013059744,
              22.299666265562493
            ],
            [
              114.1666699617298,
              22.299666369404
            ],
            [
              114.166669871467,
              22.299666507566783
            ],
            [
              114.1666668152391,
              22.299669933591193
            ],
            [
              114.16666423741268,
              22.299673849104906
            ],
            [
              114.16666236801208,
              22.299677906443666
            ],
            [
              114.16666229424891,
              22.299678019321718
            ],
            [
              114.16666225250447,
              22.29967822160492
            ],
            [
              114.16666101485957,
              22.299682473141456
            ],
            [
              114.16666044778027,
              22.299687037179343
            ],
            [
              114.16666055808314,
              22.29969159222906
            ],
            [
              114.16666135353415,
              22.299696107586993
            ],
            [
              114.16666287101947,
              22.29970046405132
            ],
            [
              114.16666500088628,
              22.299704535186528
            ],
            [
              114.16666500961794,
              22.29970456950342
            ],
            [
              114.16666503096658,
              22.299704590275166
            ],
            [
              114.16666779844759,
              22.299708366149112
            ],
            [
              114.16667113270603,
              22.299711752838945
            ],
            [
              114.16667477658416,
              22.299714550751908
            ],
            [
              114.16667490758672,
              22.299714684413214
            ],
            [
              114.16667523365052,
              22.299714837051035
            ],
            [
              114.16667913280395,
              22.299717027219412
            ],
            [
              114.1666836365855,
              22.299718789374275
            ],
            [
              114.16668393256595,
              22.299718929367337
            ],
            [
              114.16703007561092,
              22.299787992409563
            ],
            [
              114.16703436110856,
              22.299788847867667
            ],
            [
              114.16701195555054,
              22.299893475230856
            ],
            [
              114.16709963549965,
              22.29991222807071
            ],
            [
              114.16709063382542,
              22.299991433256654
            ],
            [
              114.16704271406255,
              22.300413066204708
            ],
            [
              114.16703591860178,
              22.30047249266212
            ],
            [
              114.167052272758,
              22.300474474965366
            ],
            [
              114.16707930777483,
              22.3004777492871
            ],
            [
              114.16704569813005,
              22.300777072421603
            ],
            [
              114.16703506684716,
              22.300871714430844
            ],
            [
              114.16703415889259,
              22.30087983651105
            ],
            [
              114.16700220951353,
              22.300901905401894
            ],
            [
              114.16699593255017,
              22.30090147155211
            ],
            [
              114.16699497955429,
              22.300901404667805
            ],
            [
              114.16699482233906,
              22.30090139382153
            ],
            [
              114.16697978208305,
              22.300900352582413
            ],
            [
              114.16691706874019,
              22.300896012262154
            ],
            [
              114.16687076886254,
              22.300892803558828
            ],
            [
              114.16686678747615,
              22.300941234501725
            ],
            [
              114.16686361940262,
              22.300988790427635
            ],
            [
              114.16702044701472,
              22.3010067076931
            ],
            [
              114.16790902042848,
              22.301119081762096
            ],
            [
              114.16803166752328,
              22.301134594023758
            ],
            [
              114.1680886725203,
              22.30114180263195
            ],
            [
              114.16799208376304,
              22.30172413656182
            ],
            [
              114.16798844421,
              22.301743895346842
            ],
            [
              114.16798541422106,
              22.301761956409575
            ],
            [
              114.16798055957113,
              22.30179807860046
            ],
            [
              114.16797813228045,
              22.301815580700794
            ],
            [
              114.1679766892564,
              22.301829827318468
            ],
            [
              114.16797667566104,
              22.301829965486117
            ],
            [
              114.16797630664873,
              22.30183364182889
            ],
            [
              114.16797448101653,
              22.30185170295693
            ],
            [
              114.16797327745877,
              22.301869764118834
            ],
            [
              114.16797205255027,
              22.301887825279536
            ],
            [
              114.16797084802141,
              22.301905886441308
            ],
            [
              114.16797023548268,
              22.30192394763536
            ],
            [
              114.16796962294327,
              22.301942016956893
            ],
            [
              114.16796902010951,
              22.301960070023842
            ],
            [
              114.1679690166924,
              22.30201425370563
            ],
            [
              114.167969617249,
              22.302032314965675
            ],
            [
              114.16797022751054,
              22.302050376226205
            ],
            [
              114.16797386338389,
              22.302104560106066
            ],
            [
              114.16797564795996,
              22.302122050695733
            ],
            [
              114.16797748102442,
              22.302140112022755
            ],
            [
              114.1679793150598,
              22.30215817334978
            ],
            [
              114.16798417487892,
              22.302194296068603
            ],
            [
              114.1679872006987,
              22.302211789434793
            ],
            [
              114.16807331254286,
              22.302657689660638
            ],
            [
              114.16807682360974,
              22.302690994750474
            ],
            [
              114.16807866643427,
              22.302708496177626
            ],
            [
              114.16808057715917,
              22.30272654034823
            ],
            [
              114.16808421309251,
              22.302780724221147
            ],
            [
              114.16808482337194,
              22.30279878547959
            ],
            [
              114.16808542394675,
              22.302816846737475
            ],
            [
              114.16808602452171,
              22.30283490799531
            ],
            [
              114.1680860222736,
              22.30287103044602
            ],
            [
              114.16808541945029,
              22.302889090735817
            ],
            [
              114.16808541832613,
              22.30290715286412
            ],
            [
              114.16808420409821,
              22.302925214023947
            ],
            [
              114.16808359156956,
              22.30294327521617
            ],
            [
              114.16808238704594,
              22.302961336376423
            ],
            [
              114.16808116408289,
              22.302979396632587
            ],
            [
              114.16807932777384,
              22.302997458661725
            ],
            [
              114.16807749243488,
              22.30301551978781
            ],
            [
              114.16807677480975,
              22.30302254556563
            ],
            [
              114.16807570565459,
              22.303033019212346
            ],
            [
              114.16807449302796,
              22.30304092093286
            ],
            [
              114.16871501002713,
              22.303081023962097
            ],
            [
              114.16896753878974,
              22.303097147007954
            ],
            [
              114.16898735503553,
              22.303098421283305
            ],
            [
              114.16904413786582,
              22.30310204529354
            ],
            [
              114.16922815171647,
              22.303113793815157
            ],
            [
              114.16974250581016,
              22.303145985041983
            ],
            [
              114.17022289422349,
              22.303176482727917
            ],
            [
              114.17051659217302,
              22.303194762446953
            ],
            [
              114.17071298769547,
              22.303206980260555
            ],
            [
              114.17115758512699,
              22.30323521707549
            ],
            [
              114.17175928456052,
              22.303273048167608
            ],
            [
              114.17180237744311,
              22.302637529173342
            ],
            [
              114.1718200395175,
              22.302384419694214
            ],
            [
              114.1718969984294,
              22.301281332563633
            ],
            [
              114.17190264941189,
              22.301200410301306
            ],
            [
              114.17190400001401,
              22.301181102888258
            ],
            [
              114.17192071892522,
              22.300941466098564
            ],
            [
              114.17196076088258,
              22.30039794166823
            ],
            [
              114.1720250931403,
              22.29951520087302
            ],
            [
              114.1720845516914,
              22.298697362861457
            ],
            [
              114.17212461101958,
              22.298147626079047
            ]
          ]
        ]
      }
    },
    {
      "type": "Feature",
      "properties": {
        "zone_id": 12,
        "ssbg": "21119S",
        "super_zone": 1001
      },
      "geometry": {
        "type": "Polygon",
        "coordinates": [
          [
            [
              114.17124403125806,
              22.295540004996518
            ],
            [
              114.17129211890462,
              22.295
            ],
            [
              114.16945044456476,
              22.295
            ],
            [
              114.16921434244887,
              22.29609863882178
            ],
            [
              114.1691915314367,
              22.296204802623492
            ],
            [
              114.16880628229029,
              22.29799623129344
            ],
            [
              114.16846167745834,
              22.299599148445306
            ],
            [
              114.16845864626072,
              22.299655589640782
            ],
            [
              114.16846227242182,
              22.29971203117923
            ],
            [
              114.16847682524077,
              22.29978089218331
            ],
            [
              114.1685044112199,
              22.299852379957816
            ],
            [
              114.1685086225962,
              22.299859604666658
            ],
            [
              114.16854536056987,
              22.29992255806743
            ],
            [
              114.16859145425144,
              22.299978440962384
            ],
            [
              114.16860358554297,
              22.299986335239158
            ],
            [
              114.16873549838553,
              22.299838402321623
            ],
            [
              114.1688340851447,
              22.299727853503477
            ],
            [
              114.16907125266661,
              22.299438326297413
            ],
            [
              114.16924413727632,
              22.299109845788486
            ],
            [
              114.16933330303529,
              22.298924153354864
            ],
            [
              114.16943339895093,
              22.29869839161434
            ],
            [
              114.16949648540081,
              22.298546573543305
            ],
            [
              114.16965549109622,
              22.298034858886876
            ],
            [
              114.17020381114118,
              22.296270317295118
            ],
            [
              114.17062169862382,
              22.296318314404
            ],
            [
              114.17116878888537,
              22.296381549650107
            ],
            [
              114.17124403125806,
              22.295540004996518
            ]
          ]
        ]
      }
    },
    {
      "type": "Feature",
      "properties": {
        "zone_id": 13,
        "ssbg": "21122",
        "super_zone": 1001
      },
      "geometry": {
        "type": "Polygon",
        "coordinates": [
          [
            [
              114.17086231845973,
              22.298126649797013
            ],
            [
              114.17101383549358,
              22.298133294607734
            ],
            [
              114.17111112882414,
              22.297038524299627
            ],
            [
              114.17116878888537,
              22.296381549650107
            ],
            [
              114.17062169862382,
              22.296318314404
            ],
            [
              114.17020381114118,
              22.296270317295118
            ],
            [
              114.16965549109622,
              22.298034858886876
            ],
            [
              114.17086231845973,
              22.298126649797013
            ]
          ]
        ]
      }
    },
    {
      "type": "Feature",
      "properties": {
        "zone_id": 14,
        "ssbg": "21123S",
        "super_zone": 1001
      },
      "geometry": {
        "type": "Polygon",
        "coordinates": [
          [
            [
              114.17124403125806,
              22.295540004996518
            ],
            [
              114.17116878888537,
              22.296381549650107
            ],
            [
              114.17111112882414,
              22.297038524299627
            ],
            [
              114.17101383549358,
              22.298133294607734
            ],
            [
              114.17151488668964,
              22.29815525528808
            ],
            [
              114.17169497185039,
              22.298163144814975
            ],
            [
              114.17196435068153,
              22.298154042123404
            ],
            [
              114.17212461101958,
              22.298147626079047
            ],
            [
              114.17215919502432,
              22.29767803402572
            ],
            [
              114.17221077707566,
              22.296972517496794
            ],
            [
              114.17224474808172,
              22.296505183897917
            ],
            [
              114.1723108940696,
              22.295602123721203
            ],
            [
              114.17236367366726,
              22.295
            ],
            [
              114.17129211890462,
              22.295
            ],
            [
              114.17124403125806,
              22.295540004996518
            ]
          ]
        ]
      }
    },
    {
      "type": "Feature",
      "properties": {
        "zone_id": 15,
        "ssbg": "21130",
        "super_zone": 1001
      },
      "geometry": {
        "type": "Polygon",
        "coordinates": [
          [
            [
              114.16911402383872,
              22.304861220777877
            ],
            [
              114.16911462513492,
              22.30485104330844
            ],
            [
              114.16858753216647,
              22.304816592699627
            ],
            [
              114.16863366715019,
              22.30419235315631
            ],
            [
              114.16813689385208,
              22.304159593140625
            ],
            [
              114.16818607120013,
              22.303471570625316
            ],
            [
              114.16818849949848,
              22.30345350953059
            ],
            [
              114.16818607342258,
              22.303435448177268
            ],
            [
              114.16817940722211,
              22.30341852445495
            ],
            [
              114.16816970426808,
              22.303403280264146
            ],
            [
              114.16815634147335,
              22.30339029262708
            ],
            [
              114.16813148722409,
              22.30337618548041
            ],
            [
              114.16801867382003,
              22.303302238546934
            ],
            [
              114.16801443191227,
              22.303316353163382
            ],
            [
              114.16800904465182,
              22.303333311457195
            ],
            [
              114.16800350110938,
              22.30335078629332
            ],
            [
              114.16799744518367,
              22.30336770842787
            ],
            [
              114.16799076616796,
              22.303385209390438
            ],
            [
              114.1679846995633,
              22.30340214055446
            ],
            [
              114.16797803125608,
              22.303419064460904
            ],
            [
              114.1679713542118,
              22.30343600552473
            ],
            [
              114.16796407352368,
              22.3034529384277
            ],
            [
              114.16795679380442,
              22.303469869524264
            ],
            [
              114.16794951508925,
              22.303486241625606
            ],
            [
              114.167677112144,
              22.304467735651343
            ],
            [
              114.16766558083832,
              22.304495955659434
            ],
            [
              114.16765890273507,
              22.304512889483583
            ],
            [
              114.16765223433534,
              22.304529820598773
            ],
            [
              114.16764495549302,
              22.30454675348522
            ],
            [
              114.16763767470806,
              22.304563684565096
            ],
            [
              114.16763039489172,
              22.304580617450757
            ],
            [
              114.16762311511037,
              22.304596989535156
            ],
            [
              114.16761522485014,
              22.304613911548703
            ],
            [
              114.16760794409487,
              22.304630282729224
            ],
            [
              114.1676001402392,
              22.304646683680634
            ],
            [
              114.16759210343214,
              22.304663552404016
            ],
            [
              114.16758428986802,
              22.304679950644864
            ],
            [
              114.16757579695707,
              22.304696322657776
            ],
            [
              114.16756791642743,
              22.30471268477152
            ],
            [
              114.16755933520044,
              22.304729012528487
            ],
            [
              114.16755100633016,
              22.30474488876886
            ],
            [
              114.16754242703972,
              22.30476122465252
            ],
            [
              114.16753341004829,
              22.304777641786117
            ],
            [
              114.16752476188992,
              22.30479335364962
            ],
            [
              114.1675157361605,
              22.304809761751052
            ],
            [
              114.16749754599479,
              22.304841366939456
            ],
            [
              114.16748844168913,
              22.304857169983848
            ],
            [
              114.16748577253396,
              22.304861532518046
            ],
            [
              114.16747873567361,
              22.304872972993017
            ],
            [
              114.16746963136373,
              22.304888776939354
            ],
            [
              114.1674599253439,
              22.30490457994733
            ],
            [
              114.1674502193219,
              22.30492038295469
            ],
            [
              114.16744045510775,
              22.304935589937788
            ],
            [
              114.16743026382862,
              22.30495145703314
            ],
            [
              114.16742049961017,
              22.304966663111934
            ],
            [
              114.16741019287976,
              22.304981898056546
            ],
            [
              114.16739987450065,
              22.304997140224287
            ],
            [
              114.16738955708968,
              22.305012384197525
            ],
            [
              114.16737924938217,
              22.30502761733391
            ],
            [
              114.16736833025945,
              22.30504284230641
            ],
            [
              114.16735740142764,
              22.30505809346634
            ],
            [
              114.1673471034175,
              22.305073337437882
            ],
            [
              114.16733617462064,
              22.30508800250974
            ],
            [
              114.16732465381637,
              22.305102686510416
            ],
            [
              114.16731374535692,
              22.3051179187042
            ],
            [
              114.16730281558182,
              22.305132594610384
            ],
            [
              114.16729129477115,
              22.30514726777188
            ],
            [
              114.1672797642911,
              22.3051613819372
            ],
            [
              114.16726822406676,
              22.305176038840774
            ],
            [
              114.16725671392318,
              22.30519073006155
            ],
            [
              114.16724514364867,
              22.305204799068935
            ],
            [
              114.16723305993413,
              22.30521951012147
            ],
            [
              114.16722092870351,
              22.305233623343856
            ],
            [
              114.16720879552993,
              22.30524772934074
            ],
            [
              114.16719666429505,
              22.30526183353066
            ],
            [
              114.16718026942274,
              22.305293439691358
            ],
            [
              114.16717178613263,
              22.30530981168243
            ],
            [
              114.16716389577729,
              22.305326742703116
            ],
            [
              114.16715602389857,
              22.305343107505255
            ],
            [
              114.167148131637,
              22.305359479530217
            ],
            [
              114.16714077408231,
              22.305376384392687
            ],
            [
              114.1671336397746,
              22.30539280071217
            ],
            [
              114.16712629192072,
              22.305409715508187
            ],
            [
              114.1671196137098,
              22.3054266375684
            ],
            [
              114.16711293549601,
              22.30544357768951
            ],
            [
              114.16710687840207,
              22.305460501592442
            ],
            [
              114.16710020014622,
              22.305478003416873
            ],
            [
              114.1670941333438,
              22.305494933640112
            ],
            [
              114.16708862939203,
              22.305512417473256
            ],
            [
              114.16708329143036,
              22.305529385668304
            ],
            [
              114.16707779621045,
              22.305546868598487
            ],
            [
              114.16707229225464,
              22.305564352430967
            ],
            [
              114.1670674385323,
              22.30558185165438
            ],
            [
              114.16706258577904,
              22.305599353586842
            ],
            [
              114.16705838229022,
              22.305616854655177
            ],
            [
              114.16705417782981,
              22.305634355723303
            ],
            [
              114.16704983940134,
              22.305652399522852
            ],
            [
              114.16704622597396,
              22.305669908753877
            ],
            [
              114.16704261545839,
              22.30568740082678
            ],
            [
              114.16703889717715,
              22.305705452790882
            ],
            [
              114.16703527598351,
              22.305722954796593
            ],
            [
              114.16703284846804,
              22.305741015868993
            ],
            [
              114.16702981924037,
              22.30575907600191
            ],
            [
              114.16702744028775,
              22.305776577179294
            ],
            [
              114.16702498365522,
              22.305794638249708
            ],
            [
              114.16702253672767,
              22.30581269119309
            ],
            [
              114.1670207109209,
              22.305830752301485
            ],
            [
              114.16701889481868,
              22.305848813410403
            ],
            [
              114.16701767169353,
              22.305866874555125
            ],
            [
              114.16701643789253,
              22.305884935699172
            ],
            [
              114.1670152526556,
              22.305902435142183
            ],
            [
              114.16701464871088,
              22.30592049632422
            ],
            [
              114.16701021062705,
              22.305961721689965
            ],
            [
              114.16763637993084,
              22.305826272150917
            ],
            [
              114.16794626496701,
              22.30575698851869
            ],
            [
              114.1683882861749,
              22.305660312353588
            ],
            [
              114.16925701305699,
              22.3054703159819
            ],
            [
              114.16911402383872,
              22.304861220777877
            ]
          ]
        ]
      }
    },
    {
      "type": "Feature",
      "properties": {
        "zone_id": 16,
        "ssbg": "21201",
        "super_zone": 1002
      },
      "geometry": {
        "type": "Polygon",
        "coordinates": [
          [
            [
              114.17169927095671,
              22.30536583622992
            ],
            [
              114.17178180117514,
              22.305396208760033
            ],
            [
              114.17187045510376,
              22.305431747847287
            ],
            [
              114.17198606024988,
              22.305484660780053
            ],
            [
              114.17207670277986,
              22.30552205018555
            ],
            [
              114.17217836467637,
              22.303998399470643
            ],
            [
              114.17171255063852,
              22.303971231302665
            ],
            [
              114.17168403092752,
              22.304392841647196
            ],
            [
              114.17162006071337,
              22.305339238559327
            ],
            [
              114.17169927095671,
              22.30536583622992
            ]
          ]
        ]
      }
    },
    {
      "type": "Feature",
      "properties": {
        "zone_id": 17,
        "ssbg": "21202S",
        "super_zone": 1002
      },
      "geometry": {
        "type": "Polygon",
        "coordinates": [
          [
            [
              114.17806744633457,
              22.304011944108275
            ],
            [
              114.17805896410397,
              22.30399557167409
            ],
            [
              114.17804986076648,
              22.303979768172606
            ],
            [
              114.17804015669762,
              22.303963964675074
            ],
            [
              114.17803044098993,
              22.303948731008614
            ],
            [
              114.17802014396084,
              22.303933496442752
            ],
            [
              114.17800982849458,
              22.303918251039597
            ],
            [
              114.17799890938595,
              22.303903008349305
            ],
            [
              114.17798737984651,
              22.303888351749293
            ],
            [
              114.1779764714225,
              22.303873659021615
            ],
            [
              114.17796434018427,
              22.30385899429664
            ],
            [
              114.1779528106564,
              22.303844879530804
            ],
            [
              114.17794007772412,
              22.303830763869318
            ],
            [
              114.17792794650214,
              22.303817218034325
            ],
            [
              114.17791520484487,
              22.303803672202505
            ],
            [
              114.1779018595459,
              22.303790127276688
            ],
            [
              114.17788851522428,
              22.303777149472186
            ],
            [
              114.17787457017253,
              22.303764171670416
            ],
            [
              114.17786061348158,
              22.303751746540996
            ],
            [
              114.1778466577637,
              22.30373933856846
            ],
            [
              114.17781754293736,
              22.303715624361775
            ],
            [
              114.17780298649842,
              22.30370377538395
            ],
            [
              114.17778540018968,
              22.30369079037177
            ],
            [
              114.17730925866742,
              22.303247172689353
            ],
            [
              114.17729894138775,
              22.303231928142804
            ],
            [
              114.17728802338006,
              22.303216676372777
            ],
            [
              114.1772777167803,
              22.303201449886
            ],
            [
              114.17726678907421,
              22.30318677607369
            ],
            [
              114.17725649218379,
              22.30317153242734
            ],
            [
              114.17724556448059,
              22.30315629781251
            ],
            [
              114.17723524721451,
              22.303141063195394
            ],
            [
              114.17722494256701,
              22.303125828577578
            ],
            [
              114.17721463598069,
              22.303110575897872
            ],
            [
              114.17720849182005,
              22.30310150917736
            ],
            [
              114.17720431872134,
              22.303095340375627
            ],
            [
              114.17719400243472,
              22.303080107561932
            ],
            [
              114.17718369488327,
              22.303064304012786
            ],
            [
              114.1771733980108,
              22.30304905855478
            ],
            [
              114.17716368440131,
              22.303033816707153
            ],
            [
              114.17715336812229,
              22.303018012252952
            ],
            [
              114.17714305281736,
              22.30300277762972
            ],
            [
              114.17713334697825,
              22.30298754300465
            ],
            [
              114.17712364308105,
              22.302971740353456
            ],
            [
              114.17711758724641,
              22.302962708848572
            ],
            [
              114.17637151648591,
              22.303288931209618
            ],
            [
              114.17630176853385,
              22.30332280482471
            ],
            [
              114.17623625966203,
              22.30334932660378
            ],
            [
              114.17613496987863,
              22.303382631100007
            ],
            [
              114.17601911308523,
              22.303409154374116
            ],
            [
              114.17594875275655,
              22.30341987244122
            ],
            [
              114.1758771803062,
              22.303426644996215
            ],
            [
              114.17584199918866,
              22.30342834163802
            ],
            [
              114.17562589226236,
              22.303424060572173
            ],
            [
              114.17552841661934,
              22.303422127269016
            ],
            [
              114.1742880091958,
              22.303398416256552
            ],
            [
              114.1742734509359,
              22.303398145109522
            ],
            [
              114.17352773930237,
              22.303384296751148
            ],
            [
              114.17347980992473,
              22.30407529109331
            ],
            [
              114.17217836467637,
              22.303998399470643
            ],
            [
              114.17207670277986,
              22.30552205018555
            ],
            [
              114.17220050789456,
              22.305573419873753
            ],
            [
              114.17239406159224,
              22.305701849581336
            ],
            [
              114.1726157102096,
              22.305847889476645
            ],
            [
              114.17274448366325,
              22.30593790085426
            ],
            [
              114.1728782349127,
              22.306030991687756
            ],
            [
              114.17298867599129,
              22.306116242387944
            ],
            [
              114.17329834840353,
              22.306356897996515
            ],
            [
              114.17337527900125,
              22.30641670937532
            ],
            [
              114.1734642340052,
              22.30648687004473
            ],
            [
              114.17351093505603,
              22.306518478137363
            ],
            [
              114.17352731601935,
              22.30652862887584
            ],
            [
              114.17354308652203,
              22.306539356656167
            ],
            [
              114.17357457896809,
              22.306562584919693
            ],
            [
              114.1736137383896,
              22.306588024925254
            ],
            [
              114.17369787066828,
              22.3066368379138
            ],
            [
              114.17382244386599,
              22.306697308322583
            ],
            [
              114.17391862047506,
              22.306737893631425
            ],
            [
              114.17403082999647,
              22.30677660079388
            ],
            [
              114.17410640314917,
              22.30679889865224
            ],
            [
              114.17419200171861,
              22.306819861011643
            ],
            [
              114.1742169932162,
              22.30682543239834
            ],
            [
              114.17424576873262,
              22.30683109505064
            ],
            [
              114.17427741599384,
              22.306836578033927
            ],
            [
              114.1743361219822,
              22.306845834417363
            ],
            [
              114.17435955974148,
              22.306849239315223
            ],
            [
              114.17438064888682,
              22.306851524378853
            ],
            [
              114.17438994635287,
              22.306852743651067
            ],
            [
              114.17441011448182,
              22.306855219242838
            ],
            [
              114.1744395296237,
              22.30685821603471
            ],
            [
              114.17446123991039,
              22.30685977955139
            ],
            [
              114.17454343331529,
              22.3068643863407
            ],
            [
              114.17464976239677,
              22.306865688211783
            ],
            [
              114.1747563419705,
              22.306860307366176
            ],
            [
              114.17479124252522,
              22.30685775214625
            ],
            [
              114.17481995996661,
              22.306854618883392
            ],
            [
              114.17493106416998,
              22.306839891299305
            ],
            [
              114.17499808775851,
              22.306827375646524
            ],
            [
              114.17503843294631,
              22.306818173906972
            ],
            [
              114.17511868367414,
              22.306799029883248
            ],
            [
              114.17519146245196,
              22.306777683179075
            ],
            [
              114.17527227705048,
              22.306754149306162
            ],
            [
              114.17667570213263,
              22.306349096879394
            ],
            [
              114.1770663502801,
              22.30623017449491
            ],
            [
              114.17796920100226,
              22.305966242077695
            ],
            [
              114.17815185808482,
              22.305911964922686
            ],
            [
              114.17851564040666,
              22.305806232075938
            ],
            [
              114.17857836378485,
              22.305788080789625
            ],
            [
              114.17857637416364,
              22.30578080936423
            ],
            [
              114.17815661822625,
              22.30425012668186
            ],
            [
              114.17815236730563,
              22.30423262448888
            ],
            [
              114.17814812608573,
              22.304214563300814
            ],
            [
              114.17814327249192,
              22.304197071046076
            ],
            [
              114.17813841986982,
              22.304179578791153
            ],
            [
              114.1781329568149,
              22.304162646438858
            ],
            [
              114.1781268998153,
              22.304145144259518
            ],
            [
              114.17812082438309,
              22.304128212814703
            ],
            [
              114.17811415695272,
              22.304111281374322
            ],
            [
              114.1781074904944,
              22.30409434812749
            ],
            [
              114.17810021068745,
              22.304077416691285
            ],
            [
              114.17809232044847,
              22.304061044254315
            ],
            [
              114.17808442050654,
              22.304044679041496
            ],
            [
              114.17807654968115,
              22.304028316537213
            ],
            [
              114.17806744633457,
              22.304011944108275
            ]
          ]
        ]
      }
    },
    {
      "type": "Feature",
      "properties": {
        "zone_id": 18,
        "ssbg": "21204",
        "super_zone": 1002
      },
      "geometry": {
        "type": "Polygon",
        "coordinates": [
          [
            [
              114.17217836467637,
              22.303998399470643
            ],
            [
              114.17347980992473,
              22.30407529109331
            ],
            [
              114.17352773930237,
              22.303384296751148
            ],
            [
              114.17345460357164,
              22.30337977090972
            ],
            [
              114.17175928456052,
              22.303273048167608
            ],
            [
              114.17171255063852,
              22.303971231302665
            ],
            [
              114.17217836467637,
              22.303998399470643
            ]
          ]
        ]
      }
    },
    {
      "type": "Feature",
      "properties": {
        "zone_id": 19,
        "ssbg": "21205",
        "super_zone": 1002
      },
      "geometry": {
        "type": "Polygon",
        "coordinates": [
          [
            [
              114.17180237744311,
              22.302637529173342
            ],
            [
              114.17175928456052,
              22.303273048167608
            ],
            [
              114.17345460357164,
              22.30337977090972
            ],
            [
              114.17350131844643,
              22.302743113689136
            ],
            [
              114.17180237744311,
              22.302637529173342
            ]
          ]
        ]
      }
    },
    {
      "type": "Feature",
      "properties": {
        "zone_id": 20,
        "ssbg": "21207",
        "super_zone": 1002
      },
      "geometry": {
        "type": "Polygon",
        "coordinates": [
          [
            [
              114.17708423066908,
              22.302909654054726
            ],
            [
              114.17707451610744,
              22.30289384146679
            ],
            [
              114.17706481125283,
              22.302878037908815
            ],
            [
              114.1770551073718,
              22.30286280237578
            ],
            [
              114.17704540155106,
              22.302847000622705
            ],
            [
              114.17703569670294,
              22.302831197062904
            ],
            [
              114.17702659452651,
              22.30281539350176
            ],
            [
              114.17701688871222,
              22.302799580007104
            ],
            [
              114.1770077952743,
              22.302783785475455
            ],
            [
              114.1769980904348,
              22.302767981010216
            ],
            [
              114.17698899700105,
              22.302752177446834
            ],
            [
              114.17694775145075,
              22.302666379434502
            ],
            [
              114.17693682381253,
              22.302640984455216
            ],
            [
              114.1769253041853,
              22.302616159307146
            ],
            [
              114.17691438626018,
              22.30259131609667
            ],
            [
              114.17690407974138,
              22.302565931048285
            ],
            [
              114.17689315211886,
              22.302540528841245
            ],
            [
              114.1768725488049,
              22.302489722618283
            ],
            [
              114.17686283526427,
              22.302464327633107
            ],
            [
              114.17685312949101,
              22.302438933550352
            ],
            [
              114.1768434256622,
              22.3024135313394
            ],
            [
              114.17683371989595,
              22.30238756832669
            ],
            [
              114.17682461777126,
              22.302362174241974
            ],
            [
              114.17681551467945,
              22.302336210324956
            ],
            [
              114.17680338272838,
              22.302301216696534
            ],
            [
              114.17678943792832,
              22.302270728439694
            ],
            [
              114.17676941503734,
              22.302219941166378
            ],
            [
              114.1767603226402,
              22.30219396911829
            ],
            [
              114.17666933094019,
              22.301916846611693
            ],
            [
              114.17562547444639,
              22.302350311679962
            ],
            [
              114.17545140246698,
              22.301960865084627
            ],
            [
              114.1754514021183,
              22.301996428544747
            ],
            [
              114.17545079067374,
              22.30200094294336
            ],
            [
              114.17545079058516,
              22.3020099735571
            ],
            [
              114.17545018011101,
              22.302014489761866
            ],
            [
              114.1754501800667,
              22.302019004165654
            ],
            [
              114.17544956765154,
              22.30202351946732
            ],
            [
              114.17544956760722,
              22.30202803477418
            ],
            [
              114.1754489658672,
              22.302032550979
            ],
            [
              114.17544896582285,
              22.302037066285862
            ],
            [
              114.17544836408284,
              22.302041580684513
            ],
            [
              114.17544836403846,
              22.302046095991365
            ],
            [
              114.17544775356409,
              22.302050612196105
            ],
            [
              114.1754471411543,
              22.30205455856905
            ],
            [
              114.1754471411099,
              22.30205907297284
            ],
            [
              114.17544593859995,
              22.302068102673218
            ],
            [
              114.17544532618442,
              22.30207261978096
            ],
            [
              114.17544471473936,
              22.302077134179534
            ],
            [
              114.17544351125863,
              22.302086163879856
            ],
            [
              114.1754428998134,
              22.30209068098757
            ],
            [
              114.17544228836819,
              22.30209519628918
            ],
            [
              114.17544108488715,
              22.302104225086403
            ],
            [
              114.17544047344178,
              22.30210874219412
            ],
            [
              114.1754392612709,
              22.302113256587493
            ],
            [
              114.17543865855973,
              22.302117770986076
            ],
            [
              114.17543804711987,
              22.30212171826205
            ],
            [
              114.17543743567434,
              22.30212623356363
            ],
            [
              114.17543623223747,
              22.30213074976316
            ],
            [
              114.17543562079186,
              22.302135264161667
            ],
            [
              114.17543440765007,
              22.30213977945804
            ],
            [
              114.17543380590915,
              22.302144293856585
            ],
            [
              114.17543258403293,
              22.302148810055943
            ],
            [
              114.17543198132141,
              22.30215332535755
            ],
            [
              114.17543076915541,
              22.302157280755846
            ],
            [
              114.17543015576854,
              22.302161796057348
            ],
            [
              114.17542895330169,
              22.30216630322621
            ],
            [
              114.17542773045456,
              22.302170827553056
            ],
            [
              114.17542712871328,
              22.30217534285464
            ],
            [
              114.17542591557098,
              22.30217984821724
            ],
            [
              114.175424702434,
              22.302183812646096
            ],
            [
              114.17542106300614,
              22.302197358534873
            ],
            [
              114.17541985083957,
              22.302201304902486
            ],
            [
              114.17541621044028,
              22.30221485169416
            ],
            [
              114.17541499730291,
              22.3022187980617
            ],
            [
              114.17541257101654,
              22.302227827750986
            ],
            [
              114.17541135884936,
              22.302231783149104
            ],
            [
              114.17540954400945,
              22.302236297536922
            ],
            [
              114.17540832019071,
              22.302240812832956
            ],
            [
              114.1754071167576,
              22.302244769134163
            ],
            [
              114.17540529221266,
              22.302249276297378
            ],
            [
              114.17540407906884,
              22.302253799721
            ],
            [
              114.1754028669013,
              22.30225774608845
            ],
            [
              114.17540104235601,
              22.30226226047607
            ],
            [
              114.1753998379521,
              22.302266207746598
            ],
            [
              114.17539618886096,
              22.30227523923094
            ],
            [
              114.17539498542722,
              22.302279194628998
            ],
            [
              114.17539316088138,
              22.302283709016518
            ],
            [
              114.17539132760686,
              22.30228766440896
            ],
            [
              114.1753901338719,
              22.302292179705095
            ],
            [
              114.17538830836111,
              22.302296126066974
            ],
            [
              114.17538648381485,
              22.302300640454412
            ],
            [
              114.17538466897908,
              22.302304587719398
            ],
            [
              114.17538286384216,
              22.30230910391308
            ],
            [
              114.17538163129345,
              22.302313050280148
            ],
            [
              114.17537981645147,
              22.302317573698197
            ],
            [
              114.17537800161521,
              22.30232152999372
            ],
            [
              114.17537617707416,
              22.30232547635543
            ],
            [
              114.1753743534976,
              22.302329990742738
            ],
            [
              114.17537192628892,
              22.302333937099
            ],
            [
              114.1753701124169,
              22.3023384523894
            ],
            [
              114.17536830631444,
              22.30234240778179
            ],
            [
              114.17536647206795,
              22.302346363173925
            ],
            [
              114.17536464752033,
              22.30235087846415
            ],
            [
              114.17536283268332,
              22.302354823922737
            ],
            [
              114.17536040644436,
              22.302358771181908
            ],
            [
              114.17535859160127,
              22.30236327834459
            ],
            [
              114.17535676705894,
              22.30236724096117
            ],
            [
              114.17535434081951,
              22.302371197250835
            ],
            [
              114.17535251627716,
              22.30237514270923
            ],
            [
              114.17535009003755,
              22.30237908906514
            ],
            [
              114.17534827519377,
              22.30238360616139
            ],
            [
              114.1753458489538,
              22.302387561547853
            ],
            [
              114.1753440341157,
              22.302391516036835
            ],
            [
              114.17533918163532,
              22.302399409651454
            ],
            [
              114.17533735709209,
              22.302403363237193
            ],
            [
              114.17533493085148,
              22.302407319526548
            ],
            [
              114.17533250460475,
              22.30241183571391
            ],
            [
              114.17533007836397,
              22.302415781166463
            ],
            [
              114.17532825382037,
              22.30241972843067
            ],
            [
              114.1753258275792,
              22.302423683816816
            ],
            [
              114.17532340133793,
              22.30242763739681
            ],
            [
              114.17531854982563,
              22.30243553191385
            ],
            [
              114.17531612358998,
              22.302438926498755
            ],
            [
              114.17531369637778,
              22.30244287195105
            ],
            [
              114.17531006769319,
              22.30244851695347
            ],
            [
              114.17530460278714,
              22.30246093309238
            ],
            [
              114.1752948987376,
              22.302481251880675
            ],
            [
              114.17528519274431,
              22.302501570668333
            ],
            [
              114.17527972882931,
              22.302511730056082
            ],
            [
              114.17527487631611,
              22.302521891255626
            ],
            [
              114.17527002380844,
              22.302531489847805
            ],
            [
              114.17526457056658,
              22.302541640204513
            ],
            [
              114.17525911538279,
              22.3025518086222
            ],
            [
              114.17525425316829,
              22.302561398183187
            ],
            [
              114.17524333503324,
              22.302581716956364
            ],
            [
              114.17523788082337,
              22.302591308317155
            ],
            [
              114.17523242757667,
              22.302601476733898
            ],
            [
              114.17522149974357,
              22.302620657648177
            ],
            [
              114.1752160445536,
              22.302630826967405
            ],
            [
              114.17520997893689,
              22.302640417418033
            ],
            [
              114.17520452569296,
              22.302650006971515
            ],
            [
              114.17519845910405,
              22.3026596064523
            ],
            [
              114.1751929951767,
              22.302669764933878
            ],
            [
              114.17518693052722,
              22.3026793562867
            ],
            [
              114.17518147533912,
              22.302688956676043
            ],
            [
              114.17517540001262,
              22.302698555252768
            ],
            [
              114.17516934409507,
              22.30270814479886
            ],
            [
              114.1751632697375,
              22.302717736150644
            ],
            [
              114.17515721381815,
              22.302727336532957
            ],
            [
              114.17515113751787,
              22.30273693601181
            ],
            [
              114.17514447020017,
              22.302745965652566
            ],
            [
              114.17513840457362,
              22.3027555561004
            ],
            [
              114.17513233894623,
              22.302765147451055
            ],
            [
              114.17512567161907,
              22.302774746922704
            ],
            [
              114.17511959629199,
              22.302783776568642
            ],
            [
              114.17511292896307,
              22.30279337694281
            ],
            [
              114.17510201083819,
              22.302809739394394
            ],
            [
              114.17509351902113,
              22.302817641090023
            ],
            [
              114.17508562987263,
              22.302825543694727
            ],
            [
              114.1750771477585,
              22.302833444486545
            ],
            [
              114.17506864623377,
              22.302841346180735
            ],
            [
              114.17506076484639,
              22.302849248784295
            ],
            [
              114.17505227302462,
              22.302857150477728
            ],
            [
              114.17503528937831,
              22.302872944832618
            ],
            [
              114.17501830572797,
              22.302888755440808
            ],
            [
              114.17500981390864,
              22.30289609904011
            ],
            [
              114.17500132305163,
              22.302904000730845
            ],
            [
              114.17499222856077,
              22.30291133348567
            ],
            [
              114.17498372605594,
              22.302919243302878
            ],
            [
              114.1749746335041,
              22.302926576056752
            ],
            [
              114.17496614168034,
              22.30293390972005
            ],
            [
              114.1749597946477,
              22.302939417417726
            ],
            [
              114.17495703844375,
              22.302941811401393
            ],
            [
              114.17494855632289,
              22.302949152288356
            ],
            [
              114.17493945309194,
              22.302956485040106
            ],
            [
              114.17493035083056,
              22.302963818694415
            ],
            [
              114.17492186870699,
              22.302971158676907
            ],
            [
              114.17491276450262,
              22.302978501360784
            ],
            [
              114.17490367098044,
              22.302985274212624
            ],
            [
              114.17488547518359,
              22.302999939710613
            ],
            [
              114.17487637195387,
              22.30300671256079
            ],
            [
              114.17486666604499,
              22.30301405433173
            ],
            [
              114.17485756281344,
              22.303020827180838
            ],
            [
              114.1748484702483,
              22.303028169861218
            ],
            [
              114.17483876434459,
              22.303034941798824
            ],
            [
              114.17482967081517,
              22.303041714646458
            ],
            [
              114.17481996587989,
              22.303048497419685
            ],
            [
              114.17481086264402,
              22.303055260332467
            ],
            [
              114.17480115770692,
              22.303062041298446
            ],
            [
              114.17479205543972,
              22.303068806016284
            ],
            [
              114.17478234953055,
              22.30307557072602
            ],
            [
              114.17477264556948,
              22.303081783664723
            ],
            [
              114.1747532356873,
              22.30309532753024
            ],
            [
              114.17474352978276,
              22.303101531436567
            ],
            [
              114.17473382581818,
              22.30310774437296
            ],
            [
              114.17472411990336,
              22.303114519012833
            ],
            [
              114.17471441593705,
              22.303120731044984
            ],
            [
              114.17470471002905,
              22.303126934948992
            ],
            [
              114.17469500606114,
              22.303133138852424
            ],
            [
              114.174684698451,
              22.30313934184421
            ],
            [
              114.17467499351059,
              22.303145564710707
            ],
            [
              114.1746652895401,
              22.303151767709316
            ],
            [
              114.17465498289775,
              22.30315797340841
            ],
            [
              114.17464527699313,
              22.303163625538392
            ],
            [
              114.17463496161469,
              22.30316982852692
            ],
            [
              114.17462464430317,
              22.3031754734229
            ],
            [
              114.1746149393576,
              22.30318169538271
            ],
            [
              114.17459432705165,
              22.303192975238094
            ],
            [
              114.1742880091958,
              22.303398416256552
            ],
            [
              114.17552841661934,
              22.303422127269016
            ],
            [
              114.17562589226236,
              22.303424060572173
            ],
            [
              114.17584199918866,
              22.30342834163802
            ],
            [
              114.1758771803062,
              22.303426644996215
            ],
            [
              114.17594875275655,
              22.30341987244122
            ],
            [
              114.17601911308523,
              22.303409154374116
            ],
            [
              114.17613496987863,
              22.303382631100007
            ],
            [
              114.17623625966203,
              22.30334932660378
            ],
            [
              114.17630176853385,
              22.30332280482471
            ],
            [
              114.17637151648591,
              22.303288931209618
            ],
            [
              114.17711758724641,
              22.302962708848572
            ],
            [
              114.17711332584173,
              22.30295649579457
            ],
            [
              114.17710363068328,
              22.302940692239034
            ],
            [
              114.17709392582215,
              22.302924887779838
            ],
            [
              114.17708423066908,
              22.302909654054726
            ]
          ]
        ]
      }
    },
    {
      "type": "Feature",
      "properties": {
        "zone_id": 21,
        "ssbg": "21208S",
        "super_zone": 1002
      },
      "geometry": {
        "type": "Polygon",
        "coordinates": [
          [
            [
              114.17190264941189,
              22.301200410301306
            ],
            [
              114.1718969984294,
              22.301281332563633
            ],
            [
              114.1718200395175,
              22.302384419694214
            ],
            [
              114.17262304150961,
              22.30244056775978
            ],
            [
              114.17286991181014,
              22.302451863141407
            ],
            [
              114.17286985356434,
              22.302452467288028
            ],
            [
              114.17458887244815,
              22.30255348857402
            ],
            [
              114.17459009560926,
              22.302531165818262
            ],
            [
              114.17461859711116,
              22.302009946292703
            ],
            [
              114.17444576306535,
              22.301604127018923
            ],
            [
              114.17446761739147,
              22.301590770157002
            ],
            [
              114.17465439751727,
              22.30147659058414
            ],
            [
              114.17483697321144,
              22.30136539807033
            ],
            [
              114.17506199931357,
              22.30122768380534
            ],
            [
              114.17508625052575,
              22.301219221478664
            ],
            [
              114.17505533170392,
              22.301188183824177
            ],
            [
              114.1750340990064,
              22.301169553432658
            ],
            [
              114.17501347577016,
              22.301150923045128
            ],
            [
              114.17499164041412,
              22.301132860666858
            ],
            [
              114.17496980506368,
              22.30111480009177
            ],
            [
              114.17494734957306,
              22.301097876460865
            ],
            [
              114.17492433024485,
              22.301080935662082
            ],
            [
              114.1749012614203,
              22.30106457010955
            ],
            [
              114.17487761128179,
              22.30104876625096
            ],
            [
              114.17485334974462,
              22.30103352318263
            ],
            [
              114.17482908918308,
              22.301018287335133
            ],
            [
              114.1748042152738,
              22.301004173078713
            ],
            [
              114.174779353015,
              22.300990066043074
            ],
            [
              114.17475387837851,
              22.30097707156755
            ],
            [
              114.17472840277583,
              22.300964103276755
            ],
            [
              114.17470231674432,
              22.30095168584146
            ],
            [
              114.17468351890739,
              22.300941526152208
            ],
            [
              114.17459617819529,
              22.300906532244003
            ],
            [
              114.17446455406335,
              22.300871534940217
            ],
            [
              114.17316777949561,
              22.300653649078136
            ],
            [
              114.17196076088258,
              22.30039794166823
            ],
            [
              114.17192071892522,
              22.300941466098564
            ],
            [
              114.17190400001401,
              22.301181102888258
            ],
            [
              114.17190264941189,
              22.301200410301306
            ]
          ]
        ]
      }
    },
    {
      "type": "Feature",
      "properties": {
        "zone_id": 22,
        "ssbg": "21210",
        "super_zone": 1002
      },
      "geometry": {
        "type": "Polygon",
        "coordinates": [
          [
            [
              114.17666933094019,
              22.301916846611693
            ],
            [
              114.17654015167584,
              22.301525703446018
            ],
            [
              114.17545140246698,
              22.301960865084627
            ],
            [
              114.17562547444639,
              22.302350311679962
            ],
            [
              114.17666933094019,
              22.301916846611693
            ]
          ]
        ]
      }
    },
    {
      "type": "Feature",
      "properties": {
        "zone_id": 23,
        "ssbg": "21211",
        "super_zone": 1002
      },
      "geometry": {
        "type": "Polygon",
        "coordinates": [
          [
            [
              114.17559514779906,
              22.30104087331182
            ],
            [
              114.17508625052575,
              22.301219221478664
            ],
            [
              114.17509353866711,
              22.301227123344553
            ],
            [
              114.17510080836327,
              22.301235604072325
            ],
            [
              114.17510809552215,
              22.301244625733744
            ],
            [
              114.17511537395465,
              22.30125307846603
            ],
            [
              114.17512993080821,
              22.301271147975818
            ],
            [
              114.17514267291742,
              22.30128638365855
            ],
            [
              114.17545140246698,
              22.301960865084627
            ],
            [
              114.17654015167584,
              22.301525703446018
            ],
            [
              114.17635333753176,
              22.30094153963877
            ],
            [
              114.17630116566065,
              22.300792534329734
            ],
            [
              114.17587234382295,
              22.3009415375161
            ],
            [
              114.17559514779906,
              22.30104087331182
            ]
          ]
        ]
      }
    },
    {
      "type": "Feature",
      "properties": {
        "zone_id": 24,
        "ssbg": "21212",
        "super_zone": 1002
      },
      "geometry": {
        "type": "Polygon",
        "coordinates": [
          [
            [
              114.1742213440256,
              22.30039403743198
            ],
            [
              114.1733133619232,
              22.30016092295171
            ],
            [
              114.17316777949561,
              22.300653649078136
            ],
            [
              114.17446455406335,
              22.300871534940217
            ],
            [
              114.17459617819529,
              22.300906532244003
            ],
            [
              114.17468351890739,
              22.300941526152208
            ],
            [
              114.17470231674432,
              22.30095168584146
            ],
            [
              114.17472840277583,
              22.300964103276755
            ],
            [
              114.17475387837851,
              22.30097707156755
            ],
            [
              114.174779353015,
              22.300990066043074
            ],
            [
              114.1748042152738,
              22.301004173078713
            ],
            [
              114.17482908918308,
              22.301018287335133
            ],
            [
              114.17485334974462,
              22.30103352318263
            ],
            [
              114.17487761128179,
              22.30104876625096
            ],
            [
              114.1749012614203,
              22.30106457010955
            ],
            [
              114.17492433024485,
              22.301080935662082
            ],
            [
              114.17494734957306,
              22.301097876460865
            ],
            [
              114.17496980506368,
              22.30111480009177
            ],
            [
              114.17499164041412,
              22.301132860666858
            ],
            [
              114.17501347577016,
              22.301150923045128
            ],
            [
              114.1750340990064,
              22.301169553432658
            ],
            [
              114.17505533170392,
              22.301188183824177
            ],
            [
              114.17508625052575,
              22.301219221478664
            ],
            [
              114.17559514779906,
              22.30104087331182
            ],
            [
              114.17555027416998,
              22.300941535297728
            ],
            [
              114.1754726382751,
              22.300770522813725
            ],
            [
              114.17429472866132,
              22.300449352920744
            ],
            [
              114.1742213440256,
              22.30039403743198
            ]
          ]
        ]
      }
    },
    {
      "type": "Feature",
      "properties": {
        "zone_id": 25,
        "ssbg": "21213S",
        "super_zone": 1002
      },
      "geometry": {
        "type": "Polygon",
        "coordinates": [
          [
            [
              114.17196076088258,
              22.30039794166823
            ],
            [
              114.17316777949561,
              22.300653649078136
            ],
            [
              114.1733133619232,
              22.30016092295171
            ],
            [
              114.1742213440256,
              22.30039403743198
            ],
            [
              114.17429472866132,
              22.300449352920744
            ],
            [
              114.1754726382751,
              22.300770522813725
            ],
            [
              114.17555027416998,
              22.300941535297728
            ],
            [
              114.17559514779906,
              22.30104087331182
            ],
            [
              114.17587234382295,
              22.3009415375161
            ],
            [
              114.17630116566065,
              22.300792534329734
            ],
            [
              114.17621565009091,
              22.300534592565967
            ],
            [
              114.17572374096817,
              22.30041493520964
            ],
            [
              114.1749698167507,
              22.300231496652753
            ],
            [
              114.1743214232628,
              22.300068936844013
            ],
            [
              114.17340495215464,
              22.299851058288347
            ],
            [
              114.1720250931403,
              22.29951520087302
            ],
            [
              114.17196076088258,
              22.30039794166823
            ]
          ]
        ]
      }
    },
    {
      "type": "Feature",
      "properties": {
        "zone_id": 26,
        "ssbg": "21216S",
        "super_zone": 1002
      },
      "geometry": {
        "type": "Polygon",
        "coordinates": [
          [
            [
              114.17340495215464,
              22.299851058288347
            ],
            [
              114.17353416000162,
              22.299413084197305
            ],
            [
              114.17366275656288,
              22.298977918489683
            ],
            [
              114.1737440190434,
              22.298694575408103
            ],
            [
              114.1737476785401,
              22.298609914342112
            ],
            [
              114.17373917859844,
              22.298554040846753
            ],
            [
              114.17372522454627,
              22.298506070842905
            ],
            [
              114.17245334101241,
              22.29815553706664
            ],
            [
              114.17212461101958,
              22.298147626079047
            ],
            [
              114.1720845516914,
              22.298697362861457
            ],
            [
              114.1720250931403,
              22.29951520087302
            ],
            [
              114.17340495215464,
              22.299851058288347
            ]
          ]
        ]
      }
    },
    {
      "type": "Feature",
      "properties": {
        "zone_id": 27,
        "ssbg": "21217",
        "super_zone": 1002
      },
      "geometry": {
        "type": "Polygon",
        "coordinates": [
          [
            [
              114.1743214232628,
              22.300068936844013
            ],
            [
              114.1749698167507,
              22.300231496652753
            ],
            [
              114.17572374096817,
              22.30041493520964
            ],
            [
              114.17621565009091,
              22.300534592565967
            ],
            [
              114.17590207824306,
              22.299585256611163
            ],
            [
              114.17366275656288,
              22.298977918489683
            ],
            [
              114.17353416000162,
              22.299413084197305
            ],
            [
              114.17340495215464,
              22.299851058288347
            ],
            [
              114.1743214232628,
              22.300068936844013
            ]
          ]
        ]
      }
    },
    {
      "type": "Feature",
      "properties": {
        "zone_id": 28,
        "ssbg": "21219",
        "super_zone": 1002
      },
      "geometry": {
        "type": "Polygon",
        "coordinates": [
          [
            [
              114.17373917859844,
              22.298554040846753
            ],
            [
              114.1737476785401,
              22.298609914342112
            ],
            [
              114.1737440190434,
              22.298694575408103
            ],
            [
              114.17366275656288,
              22.298977918489683
            ],
            [
              114.17590207824306,
              22.299585256611163
            ],
            [
              114.17576803479173,
              22.29876629623658
            ],
            [
              114.17576271791837,
              22.298733903377272
            ],
            [
              114.17536858584992,
              22.29879032360649
            ],
            [
              114.17395147897268,
              22.29840052515315
            ],
            [
              114.17372522454627,
              22.298506070842905
            ],
            [
              114.17373917859844,
              22.298554040846753
            ]
          ]
        ]
      }
    },
    {
      "type": "Feature",
      "properties": {
        "zone_id": 29,
        "ssbg": "21220",
        "super_zone": 1002
      },
      "geometry": {
        "type": "Polygon",
        "coordinates": [
          [
            [
              114.17245334101241,
              22.29815553706664
            ],
            [
              114.17372522454627,
              22.298506070842905
            ],
            [
              114.17369126998885,
              22.29843551307117
            ],
            [
              114.17364821234897,
              22.298377383049683
            ],
            [
              114.17345290450048,
              22.298199585202795
            ],
            [
              114.17294161509521,
              22.297738451430778
            ],
            [
              114.17215919502432,
              22.29767803402572
            ],
            [
              114.17212461101958,
              22.298147626079047
            ],
            [
              114.17245334101241,
              22.29815553706664
            ]
          ]
        ]
      }
    },
    {
      "type": "Feature",
      "properties": {
        "zone_id": 30,
        "ssbg": "21221",
        "super_zone": 1002
      },
      "geometry": {
        "type": "Polygon",
        "coordinates": [
          [
            [
              114.17510809552215,
              22.301244625733744
            ],
            [
              114.17510080836327,
              22.301235604072325
            ],
            [
              114.17509353866711,
              22.301227123344553
            ],
            [
              114.17508625052575,
              22.301219221478664
            ],
            [
              114.17506199931357,
              22.30122768380534
            ],
            [
              114.17483697321144,
              22.30136539807033
            ],
            [
              114.17465439751727,
              22.30147659058414
            ],
            [
              114.17446761739147,
              22.301590770157002
            ],
            [
              114.17444576306535,
              22.301604127018923
            ],
            [
              114.17461859711116,
              22.302009946292703
            ],
            [
              114.17459009560926,
              22.302531165818262
            ],
            [
              114.1749597946477,
              22.302939417417726
            ],
            [
              114.17496614168034,
              22.30293390972005
            ],
            [
              114.1749746335041,
              22.302926576056752
            ],
            [
              114.17498372605594,
              22.302919243302878
            ],
            [
              114.17499222856077,
              22.30291133348567
            ],
            [
              114.17500132305163,
              22.302904000730845
            ],
            [
              114.17500981390864,
              22.30289609904011
            ],
            [
              114.17501830572797,
              22.302888755440808
            ],
            [
              114.17503528937831,
              22.302872944832618
            ],
            [
              114.17505227302462,
              22.302857150477728
            ],
            [
              114.17506076484639,
              22.302849248784295
            ],
            [
              114.17506864623377,
              22.302841346180735
            ],
            [
              114.1750771477585,
              22.302833444486545
            ],
            [
              114.17508562987263,
              22.302825543694727
            ],
            [
              114.17509351902113,
              22.302817641090023
            ],
            [
              114.17510201083819,
              22.302809739394394
            ],
            [
              114.17511292896307,
              22.30279337694281
            ],
            [
              114.17511959629199,
              22.302783776568642
            ],
            [
              114.17512567161907,
              22.302774746922704
            ],
            [
              114.17513233894623,
              22.302765147451055
            ],
            [
              114.17513840457362,
              22.3027555561004
            ],
            [
              114.17514447020017,
              22.302745965652566
            ],
            [
              114.17515113751787,
              22.30273693601181
            ],
            [
              114.17515721381815,
              22.302727336532957
            ],
            [
              114.1751632697375,
              22.302717736150644
            ],
            [
              114.17516934409507,
              22.30270814479886
            ],
            [
              114.17517540001262,
              22.302698555252768
            ],
            [
              114.17518147533912,
              22.302688956676043
            ],
            [
              114.17518693052722,
              22.3026793562867
            ],
            [
              114.1751929951767,
              22.302669764933878
            ],
            [
              114.17519845910405,
              22.3026596064523
            ],
            [
              114.17520452569296,
              22.302650006971515
            ],
            [
              114.17520997893689,
              22.302640417418033
            ],
            [
              114.1752160445536,
              22.302630826967405
            ],
            [
              114.17522149974357,
              22.302620657648177
            ],
            [
              114.17523242757667,
              22.302601476733898
            ],
            [
              114.17523788082337,
              22.302591308317155
            ],
            [
              114.17524333503324,
              22.302581716956364
            ],
            [
              114.17525425316829,
              22.302561398183187
            ],
            [
              114.17525911538279,
              22.3025518086222
            ],
            [
              114.17526457056658,
              22.302541640204513
            ],
            [
              114.17527002380844,
              22.302531489847805
            ],
            [
              114.17527487631611,
              22.302521891255626
            ],
            [
              114.17527972882931,
              22.302511730056082
            ],
            [
              114.17528519274431,
              22.302501570668333
            ],
            [
              114.1752948987376,
              22.302481251880675
            ],
            [
              114.17530460278714,
              22.30246093309238
            ],
            [
              114.17531006769319,
              22.30244851695347
            ],
            [
              114.17531369637778,
              22.30244287195105
            ],
            [
              114.17531612358998,
              22.302438926498755
            ],
            [
              114.17531854982563,
              22.30243553191385
            ],
            [
              114.17532340133793,
              22.30242763739681
            ],
            [
              114.1753258275792,
              22.302423683816816
            ],
            [
              114.17532825382037,
              22.30241972843067
            ],
            [
              114.17533007836397,
              22.302415781166463
            ],
            [
              114.17533250460475,
              22.30241183571391
            ],
            [
              114.17533493085148,
              22.302407319526548
            ],
            [
              114.17533735709209,
              22.302403363237193
            ],
            [
              114.17533918163532,
              22.302399409651454
            ],
            [
              114.1753440341157,
              22.302391516036835
            ],
            [
              114.1753458489538,
              22.302387561547853
            ],
            [
              114.17534827519377,
              22.30238360616139
            ],
            [
              114.17535009003755,
              22.30237908906514
            ],
            [
              114.17535251627716,
              22.30237514270923
            ],
            [
              114.17535434081951,
              22.302371197250835
            ],
            [
              114.17535676705894,
              22.30236724096117
            ],
            [
              114.17535859160127,
              22.30236327834459
            ],
            [
              114.17536040644436,
              22.302358771181908
            ],
            [
              114.17536283268332,
              22.302354823922737
            ],
            [
              114.17536464752033,
              22.30235087846415
            ],
            [
              114.17536647206795,
              22.302346363173925
            ],
            [
              114.17536830631444,
              22.30234240778179
            ],
            [
              114.1753701124169,
              22.3023384523894
            ],
            [
              114.17537192628892,
              22.302333937099
            ],
            [
              114.1753743534976,
              22.302329990742738
            ],
            [
              114.17537617707416,
              22.30232547635543
            ],
            [
              114.17537800161521,
              22.30232152999372
            ],
            [
              114.17537981645147,
              22.302317573698197
            ],
            [
              114.17538163129345,
              22.302313050280148
            ],
            [
              114.17538286384216,
              22.30230910391308
            ],
            [
              114.17538466897908,
              22.302304587719398
            ],
            [
              114.17538648381485,
              22.302300640454412
            ],
            [
              114.17538830836111,
              22.302296126066974
            ],
            [
              114.1753901338719,
              22.302292179705095
            ],
            [
              114.17539132760686,
              22.30228766440896
            ],
            [
              114.17539316088138,
              22.302283709016518
            ],
            [
              114.17539498542722,
              22.302279194628998
            ],
            [
              114.17539618886096,
              22.30227523923094
            ],
            [
              114.1753998379521,
              22.302266207746598
            ],
            [
              114.17540104235601,
              22.30226226047607
            ],
            [
              114.1754028669013,
              22.30225774608845
            ],
            [
              114.17540407906884,
              22.302253799721
            ],
            [
              114.17540529221266,
              22.302249276297378
            ],
            [
              114.1754071167576,
              22.302244769134163
            ],
            [
              114.17540832019071,
              22.302240812832956
            ],
            [
              114.17540954400945,
              22.302236297536922
            ],
            [
              114.17541135884936,
              22.302231783149104
            ],
            [
              114.17541257101654,
              22.302227827750986
            ],
            [
              114.17541499730291,
              22.3022187980617
            ],
            [
              114.17541621044028,
              22.30221485169416
            ],
            [
              114.17541985083957,
              22.302201304902486
            ],
            [
              114.17542106300614,
              22.302197358534873
            ],
            [
              114.175424702434,
              22.302183812646096
            ],
            [
              114.17542591557098,
              22.30217984821724
            ],
            [
              114.17542712871328,
              22.30217534285464
            ],
            [
              114.17542773045456,
              22.302170827553056
            ],
            [
              114.17542895330169,
              22.30216630322621
            ],
            [
              114.17543015576854,
              22.302161796057348
            ],
            [
              114.17543076915541,
              22.302157280755846
            ],
            [
              114.17543198132141,
              22.30215332535755
            ],
            [
              114.17543258403293,
              22.302148810055943
            ],
            [
              114.17543380590915,
              22.302144293856585
            ],
            [
              114.17543440765007,
              22.30213977945804
            ],
            [
              114.17543562079186,
              22.302135264161667
            ],
            [
              114.17543623223747,
              22.30213074976316
            ],
            [
              114.17543743567434,
              22.30212623356363
            ],
            [
              114.17543804711987,
              22.30212171826205
            ],
            [
              114.17543865855973,
              22.302117770986076
            ],
            [
              114.1754392612709,
              22.302113256587493
            ],
            [
              114.17544047344178,
              22.30210874219412
            ],
            [
              114.17544108488715,
              22.302104225086403
            ],
            [
              114.17544228836819,
              22.30209519628918
            ],
            [
              114.1754428998134,
              22.30209068098757
            ],
            [
              114.17544351125863,
              22.302086163879856
            ],
            [
              114.17544471473936,
              22.302077134179534
            ],
            [
              114.17544532618442,
              22.30207261978096
            ],
            [
              114.17544593859995,
              22.302068102673218
            ],
            [
              114.1754471411099,
              22.30205907297284
            ],
            [
              114.1754471411543,
              22.30205455856905
            ],
            [
              114.17544775356409,
              22.302050612196105
            ],
            [
              114.17544836403846,
              22.302046095991365
            ],
            [
              114.17544836408284,
              22.302041580684513
            ],
            [
              114.17544896582285,
              22.302037066285862
            ],
            [
              114.1754489658672,
              22.302032550979
            ],
            [
              114.17544956760722,
              22.30202803477418
            ],
            [
              114.17544956765154,
              22.30202351946732
            ],
            [
              114.1754501800667,
              22.302019004165654
            ],
            [
              114.17545018011101,
              22.302014489761866
            ],
            [
              114.17545079058516,
              22.3020099735571
            ],
            [
              114.17545079067374,
              22.30200094294336
            ],
            [
              114.1754514021183,
              22.301996428544747
            ],
            [
              114.17545140246698,
              22.301960865084627
            ],
            [
              114.17514267291742,
              22.30128638365855
            ],
            [
              114.17512993080821,
              22.301271147975818
            ],
            [
              114.17511537395465,
              22.30125307846603
            ],
            [
              114.17510809552215,
              22.301244625733744
            ]
          ]
        ]
      }
    },
    {
      "type": "Feature",
      "properties": {
        "zone_id": 31,
        "ssbg": "21223",
        "super_zone": 1002
      },
      "geometry": {
        "type": "Polygon",
        "coordinates": [
          [
            [
              114.17286991181014,
              22.302451863141407
            ],
            [
              114.17262304150961,
              22.30244056775978
            ],
            [
              114.1718200395175,
              22.302384419694214
            ],
            [
              114.17180237744311,
              22.302637529173342
            ],
            [
              114.17350131844643,
              22.302743113689136
            ],
            [
              114.17345460357164,
              22.30337977090972
            ],
            [
              114.17352773930237,
              22.303384296751148
            ],
            [
              114.1742734509359,
              22.303398145109522
            ],
            [
              114.1742880091958,
              22.303398416256552
            ],
            [
              114.17459432705165,
              22.303192975238094
            ],
            [
              114.1746149393576,
              22.30318169538271
            ],
            [
              114.17462464430317,
              22.3031754734229
            ],
            [
              114.17463496161469,
              22.30316982852692
            ],
            [
              114.17464527699313,
              22.303163625538392
            ],
            [
              114.17465498289775,
              22.30315797340841
            ],
            [
              114.1746652895401,
              22.303151767709316
            ],
            [
              114.17467499351059,
              22.303145564710707
            ],
            [
              114.174684698451,
              22.30313934184421
            ],
            [
              114.17469500606114,
              22.303133138852424
            ],
            [
              114.17470471002905,
              22.303126934948992
            ],
            [
              114.17471441593705,
              22.303120731044984
            ],
            [
              114.17472411990336,
              22.303114519012833
            ],
            [
              114.17473382581818,
              22.30310774437296
            ],
            [
              114.17474352978276,
              22.303101531436567
            ],
            [
              114.1747532356873,
              22.30309532753024
            ],
            [
              114.17477264556948,
              22.303081783664723
            ],
            [
              114.17478234953055,
              22.30307557072602
            ],
            [
              114.17479205543972,
              22.303068806016284
            ],
            [
              114.17480115770692,
              22.303062041298446
            ],
            [
              114.17481086264402,
              22.303055260332467
            ],
            [
              114.17481996587989,
              22.303048497419685
            ],
            [
              114.17482967081517,
              22.303041714646458
            ],
            [
              114.17483876434459,
              22.303034941798824
            ],
            [
              114.1748484702483,
              22.303028169861218
            ],
            [
              114.17485756281344,
              22.303020827180838
            ],
            [
              114.17486666604499,
              22.30301405433173
            ],
            [
              114.17487637195387,
              22.30300671256079
            ],
            [
              114.17488547518359,
              22.302999939710613
            ],
            [
              114.17490367098044,
              22.302985274212624
            ],
            [
              114.17491276450262,
              22.302978501360784
            ],
            [
              114.17492186870699,
              22.302971158676907
            ],
            [
              114.17493035083056,
              22.302963818694415
            ],
            [
              114.17493945309194,
              22.302956485040106
            ],
            [
              114.17494855632289,
              22.302949152288356
            ],
            [
              114.17495703844375,
              22.302941811401393
            ],
            [
              114.1749597946477,
              22.302939417417726
            ],
            [
              114.17459009560926,
              22.302531165818262
            ],
            [
              114.17458887244815,
              22.30255348857402
            ],
            [
              114.17286985356434,
              22.302452467288028
            ],
            [
              114.17286991181014,
              22.302451863141407
            ]
          ]
        ]
      }
    },
    {
      "type": "Feature",
      "properties": {
        "zone_id": 32,
        "ssbg": "21401S",
        "super_zone": 1004
      },
      "geometry": {
        "type": "Polygon",
        "coordinates": [
          [
            [
              114.17479751392823,
              22.298067794898007
            ],
            [
              114.17475531863086,
              22.298078261753783
            ],
            [
              114.1745082706842,
              22.298056240859072
            ],
            [
              114.1744373905585,
              22.29796822923148
            ],
            [
              114.1745259063793,
              22.29789576792781
            ],
            [
              114.17460169935342,
              22.297222599578042
            ],
            [
              114.17345290450048,
              22.298199585202795
            ],
            [
              114.17364821234897,
              22.298377383049683
            ],
            [
              114.17369126998885,
              22.29843551307117
            ],
            [
              114.17372522454627,
              22.298506070842905
            ],
            [
              114.17395147897268,
              22.29840052515315
            ],
            [
              114.17536858584992,
              22.29879032360649
            ],
            [
              114.17576271791837,
              22.298733903377272
            ],
            [
              114.17565704957168,
              22.298090118037972
            ],
            [
              114.17510134156743,
              22.298044229406454
            ],
            [
              114.17486783227434,
              22.29802852341083
            ],
            [
              114.17479751392823,
              22.298067794898007
            ]
          ]
        ]
      }
    },
    {
      "type": "Feature",
      "properties": {
        "zone_id": 33,
        "ssbg": "21404",
        "super_zone": 1004
      },
      "geometry": {
        "type": "Polygon",
        "coordinates": [
          [
            [
              114.1745082706842,
              22.298056240859072
            ],
            [
              114.17475531863086,
              22.298078261753783
            ],
            [
              114.17479751392823,
              22.298067794898007
            ],
            [
              114.17486783227434,
              22.29802852341083
            ],
            [
              114.17510134156743,
              22.298044229406454
            ],
            [
              114.17565704957168,
              22.298090118037972
            ],
            [
              114.17553089816204,
              22.29732759964579
            ],
            [
              114.17460169935342,
              22.297222599578042
            ],
            [
              114.1745259063793,
              22.29789576792781
            ],
            [
              114.1744373905585,
              22.29796822923148
            ],
            [
              114.1745082706842,
              22.298056240859072
            ]
          ]
        ]
      }
    },
    {
      "type": "Feature",
      "properties": {
        "zone_id": 34,
        "ssbg": "21405S",
        "super_zone": 1004
      },
      "geometry": {
        "type": "Polygon",
        "coordinates": [
          [
            [
              114.17427175044902,
              22.29658311759082
            ],
            [
              114.17459382054405,
              22.296598357904347
            ],
            [
              114.17460155400293,
              22.296596597039805
            ],
            [
              114.17460160266687,
              22.29658763776263
            ],
            [
              114.1746380145198,
              22.296587512732618
            ],
            [
              114.17538162411118,
              22.29641416928817
            ],
            [
              114.17526187052006,
              22.295681387518343
            ],
            [
              114.17525888179063,
              22.29566310951303
            ],
            [
              114.17519672027785,
              22.295282720179525
            ],
            [
              114.17446434225884,
              22.295
            ],
            [
              114.17236367366726,
              22.295
            ],
            [
              114.1723108940696,
              22.295602123721203
            ],
            [
              114.17224474808172,
              22.296505183897917
            ],
            [
              114.17221077707566,
              22.296972517496794
            ],
            [
              114.17296710861292,
              22.29703688041953
            ],
            [
              114.17363246157525,
              22.297112526324234
            ],
            [
              114.17365187774364,
              22.296789114038233
            ],
            [
              114.1736635078392,
              22.296601890556445
            ],
            [
              114.1739120864311,
              22.29657520973309
            ],
            [
              114.17410556282087,
              22.29657860138352
            ],
            [
              114.17422990611188,
              22.296581420072677
            ],
            [
              114.17427175044902,
              22.29658311759082
            ]
          ]
        ]
      }
    },
    {
      "type": "Feature",
      "properties": {
        "zone_id": 35,
        "ssbg": "21406S",
        "super_zone": 1004
      },
      "geometry": {
        "type": "Polygon",
        "coordinates": [
          [
            [
              114.17460155400293,
              22.296596597039805
            ],
            [
              114.17459382054405,
              22.296598357904347
            ],
            [
              114.17427175044902,
              22.29658311759082
            ],
            [
              114.17422990611188,
              22.296581420072677
            ],
            [
              114.17410556282087,
              22.29657860138352
            ],
            [
              114.1739120864311,
              22.29657520973309
            ],
            [
              114.1736635078392,
              22.296601890556445
            ],
            [
              114.17365187774364,
              22.296789114038233
            ],
            [
              114.17363246157525,
              22.297112526324234
            ],
            [
              114.17460169935342,
              22.297222599578042
            ],
            [
              114.17553089816204,
              22.29732759964579
            ],
            [
              114.17551644615982,
              22.297239178029923
            ],
            [
              114.17551266455715,
              22.29721604426249
            ],
            [
              114.17538162411118,
              22.29641416928817
            ],
            [
              114.1746380145198,
              22.296587512732618
            ],
            [
              114.17460160266687,
              22.29658763776263
            ],
            [
              114.17460155400293,
              22.296596597039805
            ]
          ]
        ]
      }
    },
    {
      "type": "Feature",
      "properties": {
        "zone_id": 36,
        "ssbg": "21413",
        "super_zone": 1004
      },
      "geometry": {
        "type": "Polygon",
        "coordinates": [
          [
            [
              114.17296710861292,
              22.29703688041953
            ],
            [
              114.17221077707566,
              22.296972517496794
            ],
            [
              114.17215919502432,
              22.29767803402572
            ],
            [
              114.17294161509521,
              22.297738451430778
            ],
            [
              114.17296710861292,
              22.29703688041953
            ]
          ]
        ]
      }
    },
    {
      "type": "Feature",
      "properties": {
        "zone_id": 37,
        "ssbg": "21414",
        "super_zone": 1004
      },
      "geometry": {
        "type": "Polygon",
        "coordinates": [
          [
            [
              114.17345290450048,
              22.298199585202795
            ],
            [
              114.17460169935342,
              22.297222599578042
            ],
            [
              114.17363246157525,
              22.297112526324234
            ],
            [
              114.17296710861292,
              22.29703688041953
            ],
            [
              114.17294161509521,
              22.297738451430778
            ],
            [
              114.17345290450048,
              22.298199585202795
            ]
          ]
        ]
      }
    },
    {
      "type": "Feature",
      "properties": {
        "zone_id": 38,
        "ssbg": "21501S",
        "super_zone": 1003
      },
      "geometry": {
        "type": "Polygon",
        "coordinates": [
          [
            [
              114.18086564978836,
              22.299139865081003
            ],
            [
              114.18086572450211,
              22.299139466828937
            ],
            [
              114.18087577979787,
              22.299085697382004
            ],
            [
              114.18086096958763,
              22.29908313305549
            ],
            [
              114.18087990989699,
              22.298979046594617
            ],
            [
              114.18087986913596,
              22.29897898157519
            ],
            [
              114.18086429081386,
              22.298959269029268
            ],
            [
              114.18062455817864,
              22.298922941932535
            ],
            [
              114.18060454190493,
              22.298935552753342
            ],
            [
              114.18058859577819,
              22.29902293427786
            ],
            [
              114.18056105802442,
              22.29901945631992
            ],
            [
              114.18054077445495,
              22.29901689389611
            ],
            [
              114.18047579326112,
              22.298962988907014
            ],
            [
              114.18048196323652,
              22.2989560026828
            ],
            [
              114.18034646832196,
              22.2988435979723
            ],
            [
              114.18034620241177,
              22.298843375824884
            ],
            [
              114.18033999361552,
              22.29885032772852
            ],
            [
              114.17980699295661,
              22.298408153297988
            ],
            [
              114.17981345311115,
              22.298401410017018
            ],
            [
              114.17980421424794,
              22.298393745901414
            ],
            [
              114.17979530631553,
              22.29838635540692
            ],
            [
              114.17978639547268,
              22.29837896310589
            ],
            [
              114.17977748560122,
              22.29837157080432
            ],
            [
              114.17976857476026,
              22.298364180308432
            ],
            [
              114.17975966586111,
              22.298356788005854
            ],
            [
              114.1797507530811,
              22.298349395702868
            ],
            [
              114.17972416322819,
              22.298327337992415
            ],
            [
              114.17971561922953,
              22.298320244594347
            ],
            [
              114.17970707037952,
              22.298313154808124
            ],
            [
              114.1796985215304,
              22.298306065021464
            ],
            [
              114.17968997268213,
              22.298298974331306
            ],
            [
              114.17968142383462,
              22.298291880028426
            ],
            [
              114.17967287984034,
              22.298284790240302
            ],
            [
              114.17966443871651,
              22.29827778985306
            ],
            [
              114.17965797758998,
              22.298284528612903
            ],
            [
              114.17961835924706,
              22.298251660558893
            ],
            [
              114.17918816408569,
              22.297894771035097
            ],
            [
              114.17914026210494,
              22.29785502887633
            ],
            [
              114.1791467203251,
              22.297848283815334
            ],
            [
              114.17914736566186,
              22.29784760921892
            ],
            [
              114.17900828800572,
              22.297732226934958
            ],
            [
              114.17900118444719,
              22.297739641167986
            ],
            [
              114.17841933765605,
              22.297256932444427
            ],
            [
              114.17842644122088,
              22.297249518236416
            ],
            [
              114.17828736474866,
              22.297134134423015
            ],
            [
              114.178280265064,
              22.297141539594374
            ],
            [
              114.17810452910379,
              22.296994506335114
            ],
            [
              114.17768446723589,
              22.296643052735128
            ],
            [
              114.17769101572085,
              22.29663626257749
            ],
            [
              114.17758606317418,
              22.296547973441143
            ],
            [
              114.17757958164822,
              22.296554697670782
            ],
            [
              114.17754190516042,
              22.29652255154339
            ],
            [
              114.17733764365906,
              22.296348269475626
            ],
            [
              114.17728890232407,
              22.296306681809753
            ],
            [
              114.1771141059024,
              22.296167385798704
            ],
            [
              114.17706072406955,
              22.29612484534104
            ],
            [
              114.17663386973614,
              22.295620311844534
            ],
            [
              114.17658738612208,
              22.295558515243542
            ],
            [
              114.17657986529723,
              22.295544788688392
            ],
            [
              114.17654881158448,
              22.29548810343017
            ],
            [
              114.17653497329749,
              22.295455331282117
            ],
            [
              114.17636398204938,
              22.295
            ],
            [
              114.17446434225884,
              22.295
            ],
            [
              114.17519672027785,
              22.295282720179525
            ],
            [
              114.17525888179063,
              22.29566310951303
            ],
            [
              114.17526187052006,
              22.295681387518343
            ],
            [
              114.17538162411118,
              22.29641416928817
            ],
            [
              114.17551266455715,
              22.29721604426249
            ],
            [
              114.17551644615982,
              22.297239178029923
            ],
            [
              114.17553089816204,
              22.29732759964579
            ],
            [
              114.17565704957168,
              22.298090118037972
            ],
            [
              114.17576271791837,
              22.298733903377272
            ],
            [
              114.17576803479173,
              22.29876629623658
            ],
            [
              114.17590207824306,
              22.299585256611163
            ],
            [
              114.17621565009091,
              22.300534592565967
            ],
            [
              114.17630116566065,
              22.300792534329734
            ],
            [
              114.17635333753176,
              22.30094153963877
            ],
            [
              114.17654015167584,
              22.301525703446018
            ],
            [
              114.17666933094019,
              22.301916846611693
            ],
            [
              114.1767603226402,
              22.30219396911829
            ],
            [
              114.17676941503734,
              22.302219941166378
            ],
            [
              114.17678943792832,
              22.302270728439694
            ],
            [
              114.17680338272838,
              22.302301216696534
            ],
            [
              114.17681551467945,
              22.302336210324956
            ],
            [
              114.17682461777126,
              22.302362174241974
            ],
            [
              114.17683371989595,
              22.30238756832669
            ],
            [
              114.1768434256622,
              22.3024135313394
            ],
            [
              114.17685312949101,
              22.302438933550352
            ],
            [
              114.17686283526427,
              22.302464327633107
            ],
            [
              114.1768725488049,
              22.302489722618283
            ],
            [
              114.17689315211886,
              22.302540528841245
            ],
            [
              114.17690407974138,
              22.302565931048285
            ],
            [
              114.17691438626018,
              22.30259131609667
            ],
            [
              114.1769253041853,
              22.302616159307146
            ],
            [
              114.17693682381253,
              22.302640984455216
            ],
            [
              114.17694775145075,
              22.302666379434502
            ],
            [
              114.17698899700105,
              22.302752177446834
            ],
            [
              114.1769980904348,
              22.302767981010216
            ],
            [
              114.1770077952743,
              22.302783785475455
            ],
            [
              114.17701688871222,
              22.302799580007104
            ],
            [
              114.17702659452651,
              22.30281539350176
            ],
            [
              114.17703569670294,
              22.302831197062904
            ],
            [
              114.17704540155106,
              22.302847000622705
            ],
            [
              114.1770551073718,
              22.30286280237578
            ],
            [
              114.17706481125283,
              22.302878037908815
            ],
            [
              114.17707451610744,
              22.30289384146679
            ],
            [
              114.17708423066908,
              22.302909654054726
            ],
            [
              114.17709392582215,
              22.302924887779838
            ],
            [
              114.17710363068328,
              22.302940692239034
            ],
            [
              114.17711332584173,
              22.30295649579457
            ],
            [
              114.17711758724641,
              22.302962708848572
            ],
            [
              114.17712364308105,
              22.302971740353456
            ],
            [
              114.17713334697825,
              22.30298754300465
            ],
            [
              114.17714305281736,
              22.30300277762972
            ],
            [
              114.17715336812229,
              22.303018012252952
            ],
            [
              114.17716368440131,
              22.303033816707153
            ],
            [
              114.1771733980108,
              22.30304905855478
            ],
            [
              114.17718369488327,
              22.303064304012786
            ],
            [
              114.17719400243472,
              22.303080107561932
            ],
            [
              114.17720431872134,
              22.303095340375627
            ],
            [
              114.17720849182005,
              22.30310150917736
            ],
            [
              114.17721463598069,
              22.303110575897872
            ],
            [
              114.17722494256701,
              22.303125828577578
            ],
            [
              114.17723524721451,
              22.303141063195394
            ],
            [
              114.17724556448059,
              22.30315629781251
            ],
            [
              114.17725649218379,
              22.30317153242734
            ],
            [
              114.17726678907421,
              22.30318677607369
            ],
            [
              114.1772777167803,
              22.303201449886
            ],
            [
              114.17728802338006,
              22.303216676372777
            ],
            [
              114.17729894138775,
              22.303231928142804
            ],
            [
              114.17730925866742,
              22.303247172689353
            ],
            [
              114.17778540018968,
              22.30369079037177
            ],
            [
              114.17780298649842,
              22.30370377538395
            ],
            [
              114.17781754293736,
              22.303715624361775
            ],
            [
              114.1778466577637,
              22.30373933856846
            ],
            [
              114.17786061348158,
              22.303751746540996
            ],
            [
              114.17787457017253,
              22.303764171670416
            ],
            [
              114.17788851522428,
              22.303777149472186
            ],
            [
              114.1779018595459,
              22.303790127276688
            ],
            [
              114.17791520484487,
              22.303803672202505
            ],
            [
              114.17792794650214,
              22.303817218034325
            ],
            [
              114.17794007772412,
              22.303830763869318
            ],
            [
              114.1779528106564,
              22.303844879530804
            ],
            [
              114.17796434018427,
              22.30385899429664
            ],
            [
              114.1779764714225,
              22.303873659021615
            ],
            [
              114.17798737984651,
              22.303888351749293
            ],
            [
              114.17799890938595,
              22.303903008349305
            ],
            [
              114.17800982849458,
              22.303918251039597
            ],
            [
              114.17802014396084,
              22.303933496442752
            ],
            [
              114.17803044098993,
              22.303948731008614
            ],
            [
              114.17804015669762,
              22.303963964675074
            ],
            [
              114.17804986076648,
              22.303979768172606
            ],
            [
              114.17805896410397,
              22.30399557167409
            ],
            [
              114.17806744633457,
              22.304011944108275
            ],
            [
              114.17807654968115,
              22.304028316537213
            ],
            [
              114.17808442050654,
              22.304044679041496
            ],
            [
              114.17809232044847,
              22.304061044254315
            ],
            [
              114.17810021068745,
              22.304077416691285
            ],
            [
              114.1781074904944,
              22.30409434812749
            ],
            [
              114.17811415695272,
              22.304111281374322
            ],
            [
              114.17812082438309,
              22.304128212814703
            ],
            [
              114.1781268998153,
              22.304145144259518
            ],
            [
              114.1781329568149,
              22.304162646438858
            ],
            [
              114.17813841986982,
              22.304179578791153
            ],
            [
              114.17814327249192,
              22.304197071046076
            ],
            [
              114.17814812608573,
              22.304214563300814
            ],
            [
              114.17815236730563,
              22.30423262448888
            ],
            [
              114.17815661822625,
              22.30425012668186
            ],
            [
              114.17857637416364,
              22.30578080936423
            ],
            [
              114.17857836378485,
              22.305788080789625
            ],
            [
              114.17862574355043,
              22.30577391034235
            ],
            [
              114.17868762258804,
              22.305757672609214
            ],
            [
              114.1787098179163,
              22.305752741640607
            ],
            [
              114.17875498497352,
              22.305743123511444
            ],
            [
              114.17877796642352,
              22.305739592268658
            ],
            [
              114.17884595968168,
              22.305729513277264
            ],
            [
              114.17893546026144,
              22.305721383688166
            ],
            [
              114.17905715151788,
              22.305719351078395
            ],
            [
              114.17918048210231,
              22.305726466361165
            ],
            [
              114.1792374312863,
              22.305732560284163
            ],
            [
              114.17930292099531,
              22.305744244004526
            ],
            [
              114.17939460473761,
              22.305764563258254
            ],
            [
              114.17947700084284,
              22.305787427437757
            ],
            [
              114.17958378605665,
              22.30582775545881
            ],
            [
              114.1796806722372,
              22.305870036001444
            ],
            [
              114.17977419974822,
              22.30592115570748
            ],
            [
              114.17984107902045,
              22.30596266819097
            ],
            [
              114.17991938149062,
              22.306018856072626
            ],
            [
              114.17997205072427,
              22.306060440113455
            ],
            [
              114.18003022397517,
              22.30611309736148
            ],
            [
              114.18012458849704,
              22.306211808157517
            ],
            [
              114.18016836932405,
              22.306267056528476
            ],
            [
              114.18028769621726,
              22.30639565893055
            ],
            [
              114.18032348064675,
              22.306430462130272
            ],
            [
              114.18050642504963,
              22.306612209021164
            ],
            [
              114.18068839210916,
              22.306810589202584
            ],
            [
              114.18097300172869,
              22.30710110588053
            ],
            [
              114.181,
              22.307129395393577
            ],
            [
              114.181,
              22.299151481510265
            ],
            [
              114.18090174989582,
              22.299142698889504
            ],
            [
              114.18086564978836,
              22.299139865081003
            ]
          ]
        ]
      }
    },
    {
      "type": "Feature",
      "properties": {
        "zone_id": 39,
        "ssbg": "22506",
        "super_zone": 1006
      },
      "geometry": {
        "type": "Polygon",
        "coordinates": [
          [
            [
              114.17082611848504,
              22.312
            ],
            [
              114.17084423395235,
              22.31191136109229
            ],
            [
              114.17036381744946,
              22.3118390978294
            ],
            [
              114.17028677614422,
              22.31182780738933
            ],
            [
              114.17025605462953,
              22.312
            ],
            [
              114.17082611848504,
              22.312
            ]
          ]
        ]
      }
    },
    {
      "type": "Feature",
      "properties": {
        "zone_id": 40,
        "ssbg": "22507S",
        "super_zone": 1006
      },
      "geometry": {
        "type": "Polygon",
        "coordinates": [
          [
            [
              114.1672384461131,
              22.312
            ],
            [
              114.16953602589813,
              22.312
            ],
            [
              114.16958111616107,
              22.311778109071543
            ],
            [
              114.1695922414194,
              22.311723357926255
            ],
            [
              114.16968993080827,
              22.311240792108503
            ],
            [
              114.16961228817979,
              22.311228932392833
            ],
            [
              114.1692598597694,
              22.311174171906
            ],
            [
              114.16897934604214,
              22.311130821608174
            ],
            [
              114.16878127131714,
              22.31110020718477
            ],
            [
              114.16741946224208,
              22.310889784943726
            ],
            [
              114.1673305462276,
              22.31139448212882
            ],
            [
              114.16726300923108,
              22.31177798890453
            ],
            [
              114.1672384461131,
              22.312
            ]
          ]
        ]
      }
    },
    {
      "type": "Feature",
      "properties": {
        "zone_id": 41,
        "ssbg": "22511S",
        "super_zone": 1006
      },
      "geometry": {
        "type": "Polygon",
        "coordinates": [
          [
            [
              114.16995563848694,
              22.311778125377288
            ],
            [
              114.17011409809975,
              22.311801901465557
            ],
            [
              114.17028677614422,
              22.31182780738933
            ],
            [
              114.17036381744946,
              22.3118390978294
            ],
            [
              114.17037546678648,
              22.311778142627453
            ],
            [
              114.17045543922714,
              22.3113593506691
            ],
            [
              114.17020282858478,
              22.311320229904688
            ],
            [
              114.16968993080827,
              22.311240792108503
            ],
            [
              114.1695922414194,
              22.311723357926255
            ],
            [
              114.16988037334389,
              22.311766833013262
            ],
            [
              114.16995563848694,
              22.311778125377288
            ]
          ]
        ]
      }
    },
    {
      "type": "Feature",
      "properties": {
        "zone_id": 42,
        "ssbg": "22513",
        "super_zone": 1006
      },
      "geometry": {
        "type": "Polygon",
        "coordinates": [
          [
            [
              114.17036381744946,
              22.3118390978294
            ],
            [
              114.17084423395235,
              22.31191136109229
            ],
            [
              114.17087152162719,
              22.311778161609027
            ],
            [
              114.1710468856947,
              22.31092194936228
            ],
            [
              114.17055494303784,
              22.310837278196427
            ],
            [
              114.17045543922714,
              22.3113593506691
            ],
            [
              114.17037546678648,
              22.311778142627453
            ],
            [
              114.17036381744946,
              22.3118390978294
            ]
          ]
        ]
      }
    },
    {
      "type": "Feature",
      "properties": {
        "zone_id": 43,
        "ssbg": "22518S",
        "super_zone": 1006
      },
      "geometry": {
        "type": "Polygon",
        "coordinates": [
          [
            [
              114.16961228817979,
              22.311228932392833
            ],
            [
              114.16968993080827,
              22.311240792108503
            ],
            [
              114.16979853190479,
              22.310706863310138
            ],
            [
              114.16992230538253,
              22.310096174007917
            ],
            [
              114.16949408207398,
              22.31002334234374
            ],
            [
              114.16937029715312,
              22.310632900691946
            ],
            [
              114.1692598597694,
              22.311174171906
            ],
            [
              114.16961228817979,
              22.311228932392833
            ]
          ]
        ]
      }
    },
    {
      "type": "Feature",
      "properties": {
        "zone_id": 44,
        "ssbg": "22519S",
        "super_zone": 1006
      },
      "geometry": {
        "type": "Polygon",
        "coordinates": [
          [
            [
              114.17045543922714,
              22.3113593506691
            ],
            [
              114.17055494303784,
              22.310837278196427
            ],
            [
              114.17029989748389,
              22.310793298118735
            ],
            [
              114.16979853190479,
              22.310706863310138
            ],
            [
              114.16968993080827,
              22.311240792108503
            ],
            [
              114.17020282858478,
              22.311320229904688
            ],
            [
              114.17045543922714,
              22.3113593506691
            ]
          ]
        ]
      }
    },
    {
      "type": "Feature",
      "properties": {
        "zone_id": 45,
        "ssbg": "22522S",
        "super_zone": 1006
      },
      "geometry": {
        "type": "Polygon",
        "coordinates": [
          [
            [
              114.17055494303784,
              22.310837278196427
            ],
            [
              114.1710468856947,
              22.31092194936228
            ],
            [
              114.17110390749768,
              22.31064200266228
            ],
            [
              114.17113728733874,
              22.31030223638059
            ],
            [
              114.17067203621968,
              22.310223201595754
            ],
            [
              114.17045472671843,
              22.310186376328577
            ],
            [
              114.1704130028489,
              22.31017931184747
            ],
            [
              114.16992230538253,
              22.310096174007917
            ],
            [
              114.16979853190479,
              22.310706863310138
            ],
            [
              114.17029989748389,
              22.310793298118735
            ],
            [
              114.17055494303784,
              22.310837278196427
            ]
          ]
        ]
      }
    },
    {
      "type": "Feature",
      "properties": {
        "zone_id": 46,
        "ssbg": "22525S",
        "super_zone": 1006
      },
      "geometry": {
        "type": "Polygon",
        "coordinates": [
          [
            [
              114.17131993883211,
              22.30842443663229
            ],
            [
              114.17122029539073,
              22.308425660476686
            ],
            [
              114.17095662073767,
              22.308486193233882
            ],
            [
              114.17085627754635,
              22.308509226647047
            ],
            [
              114.17069760629435,
              22.308546932539077
            ],
            [
              114.17051900798488,
              22.308589360508854
            ],
            [
              114.17009221600259,
              22.308690794078174
            ],
            [
              114.169659125102,
              22.308784476178577
            ],
            [
              114.16963631754543,
              22.308789442002148
            ],
            [
              114.16923997047361,
              22.308875883867447
            ],
            [
              114.16877835435626,
              22.308975758175247
            ],
            [
              114.16777263393026,
              22.309194135624555
            ],
            [
              114.1677008264873,
              22.309166444665234
            ],
            [
              114.167609608227,
              22.30974983467404
            ],
            [
              114.16764606115211,
              22.30975270847443
            ],
            [
              114.16763976039415,
              22.309768701319083
            ],
            [
              114.16763309174226,
              22.309785632422475
            ],
            [
              114.16762701511222,
              22.309802566268313
            ],
            [
              114.16762095688424,
              22.30982005730328
            ],
            [
              114.16761488219177,
              22.309836999276254
            ],
            [
              114.16760942568989,
              22.309854491247922
            ],
            [
              114.16760457188647,
              22.30987198235063
            ],
            [
              114.16759967064267,
              22.309887695324324
            ],
            [
              114.16792545553977,
              22.309766460505912
            ],
            [
              114.167943663045,
              22.309760816473194
            ],
            [
              114.16902094147595,
              22.30994318266866
            ],
            [
              114.16919963409178,
              22.30997346085722
            ],
            [
              114.16944539867745,
              22.31001511325374
            ],
            [
              114.16949408207398,
              22.31002334234374
            ],
            [
              114.16992230538253,
              22.310096174007917
            ],
            [
              114.1704130028489,
              22.31017931184747
            ],
            [
              114.17045472671843,
              22.310186376328577
            ],
            [
              114.17067203621968,
              22.310223201595754
            ],
            [
              114.17113728733874,
              22.31030223638059
            ],
            [
              114.17115552158886,
              22.31011359671991
            ],
            [
              114.17116701749293,
              22.309994627031273
            ],
            [
              114.17119366958231,
              22.309720784796788
            ],
            [
              114.17125343008223,
              22.309106750842133
            ],
            [
              114.17125548841938,
              22.309086024769424
            ],
            [
              114.17131993883211,
              22.30842443663229
            ]
          ]
        ]
      }
    },
    {
      "type": "Feature",
      "properties": {
        "zone_id": 47,
        "ssbg": "22534S",
        "super_zone": 1006
      },
      "geometry": {
        "type": "Polygon",
        "coordinates": [
          [
            [
              114.16765504372947,
              22.30845529088324
            ],
            [
              114.16768454131464,
              22.3085663328855
            ],
            [
              114.16775385854339,
              22.308827268017772
            ],
            [
              114.1677008264873,
              22.309166444665234
            ],
            [
              114.16777263393026,
              22.309194135624555
            ],
            [
              114.16877835435626,
              22.308975758175247
            ],
            [
              114.16923997047361,
              22.308875883867447
            ],
            [
              114.1690628869005,
              22.30820535295862
            ],
            [
              114.16860552357454,
              22.308308052663808
            ],
            [
              114.16858856080187,
              22.30824224215963
            ],
            [
              114.16765504372947,
              22.30845529088324
            ]
          ]
        ]
      }
    },
    {
      "type": "Feature",
      "properties": {
        "zone_id": 48,
        "ssbg": "22536S",
        "super_zone": 1006
      },
      "geometry": {
        "type": "Polygon",
        "coordinates": [
          [
            [
              114.1690628869005,
              22.30820535295862
            ],
            [
              114.16923997047361,
              22.308875883867447
            ],
            [
              114.16963631754543,
              22.308789442002148
            ],
            [
              114.169659125102,
              22.308784476178577
            ],
            [
              114.17009221600259,
              22.308690794078174
            ],
            [
              114.17051900798488,
              22.308589360508854
            ],
            [
              114.1703518666065,
              22.307915869329342
            ],
            [
              114.16991635175198,
              22.308014050174705
            ],
            [
              114.16948203976114,
              22.30811167903685
            ],
            [
              114.1690628869005,
              22.30820535295862
            ]
          ]
        ]
      }
    },
    {
      "type": "Feature",
      "properties": {
        "zone_id": 49,
        "ssbg": "22539",
        "super_zone": 1006
      },
      "geometry": {
        "type": "Polygon",
        "coordinates": [
          [
            [
              114.1703518666065,
              22.307915869329342
            ],
            [
              114.17051900798488,
              22.308589360508854
            ],
            [
              114.17069760629435,
              22.308546932539077
            ],
            [
              114.17085627754635,
              22.308509226647047
            ],
            [
              114.17095662073767,
              22.308486193233882
            ],
            [
              114.17078193618084,
              22.30781936590033
            ],
            [
              114.1703518666065,
              22.307915869329342
            ]
          ]
        ]
      }
    },
    {
      "type": "Feature",
      "properties": {
        "zone_id": 50,
        "ssbg": "22540",
        "super_zone": 1006
      },
      "geometry": {
        "type": "Polygon",
        "coordinates": [
          [
            [
              114.17135818406716,
              22.307729080286958
            ],
            [
              114.17133937663188,
              22.307724006256308
            ],
            [
              114.17132057788876,
              22.307720050212954
            ],
            [
              114.17130116670629,
              22.307717231100018
            ],
            [
              114.17128175645078,
              22.307715533586226
            ],
            [
              114.17126234615074,
              22.307714972120515
            ],
            [
              114.171242935784,
              22.30771609124852
            ],
            [
              114.1712241367967,
              22.307718348251868
            ],
            [
              114.17120472633802,
              22.307721743991408
            ],
            [
              114.1711859175535,
              22.30772625773873
            ],
            [
              114.17115862629666,
              22.307734718466047
            ],
            [
              114.17078193618084,
              22.30781936590033
            ],
            [
              114.17095662073767,
              22.308486193233882
            ],
            [
              114.17122029539073,
              22.308425660476686
            ],
            [
              114.17131993883211,
              22.30842443663229
            ],
            [
              114.17137880405366,
              22.307818828059606
            ],
            [
              114.17138669739586,
              22.30774037040841
            ],
            [
              114.1713757705283,
              22.30773585564081
            ],
            [
              114.17135818406716,
              22.307729080286958
            ]
          ]
        ]
      }
    },
    {
      "type": "Feature",
      "properties": {
        "zone_id": 51,
        "ssbg": "22541S",
        "super_zone": 1006
      },
      "geometry": {
        "type": "Polygon",
        "coordinates": [
          [
            [
              114.16890763682636,
              22.307619483911548
            ],
            [
              114.16845451645068,
              22.307722184309128
            ],
            [
              114.16801535065215,
              22.30782205761826
            ],
            [
              114.16751694491286,
              22.30793501169646
            ],
            [
              114.16752280534928,
              22.30795749824433
            ],
            [
              114.16765504372947,
              22.30845529088324
            ],
            [
              114.16858856080187,
              22.30824224215963
            ],
            [
              114.16860552357454,
              22.308308052663808
            ],
            [
              114.1690628869005,
              22.30820535295862
            ],
            [
              114.16890763682636,
              22.307619483911548
            ]
          ]
        ]
      }
    },
    {
      "type": "Feature",
      "properties": {
        "zone_id": 52,
        "ssbg": "22543",
        "super_zone": 1006
      },
      "geometry": {
        "type": "Polygon",
        "coordinates": [
          [
            [
              114.16948203976114,
              22.30811167903685
            ],
            [
              114.16932678813238,
              22.307524113532505
            ],
            [
              114.16890763682636,
              22.307619483911548
            ],
            [
              114.1690628869005,
              22.30820535295862
            ],
            [
              114.16948203976114,
              22.30811167903685
            ]
          ]
        ]
      }
    },
    {
      "type": "Feature",
      "properties": {
        "zone_id": 53,
        "ssbg": "22544",
        "super_zone": 1006
      },
      "geometry": {
        "type": "Polygon",
        "coordinates": [
          [
            [
              114.16991635175198,
              22.308014050174705
            ],
            [
              114.16976352478407,
              22.307424796460516
            ],
            [
              114.16932678813238,
              22.307524113532505
            ],
            [
              114.16948203976114,
              22.30811167903685
            ],
            [
              114.16991635175198,
              22.308014050174705
            ]
          ]
        ]
      }
    },
    {
      "type": "Feature",
      "properties": {
        "zone_id": 54,
        "ssbg": "22545",
        "super_zone": 1006
      },
      "geometry": {
        "type": "Polygon",
        "coordinates": [
          [
            [
              114.1703518666065,
              22.307915869329342
            ],
            [
              114.1702051144089,
              22.30732435951722
            ],
            [
              114.16976352478407,
              22.307424796460516
            ],
            [
              114.16991635175198,
              22.308014050174705
            ],
            [
              114.1703518666065,
              22.307915869329342
            ]
          ]
        ]
      }
    },
    {
      "type": "Feature",
      "properties": {
        "zone_id": 55,
        "ssbg": "22546S",
        "super_zone": 1006
      },
      "geometry": {
        "type": "Polygon",
        "coordinates": [
          [
            [
              114.17132057788876,
              22.307720050212954
            ],
            [
              114.17133937663188,
              22.307724006256308
            ],
            [
              114.17135818406716,
              22.307729080286958
            ],
            [
              114.1713757705283,
              22.30773585564081
            ],
            [
              114.17138669739586,
              22.30774037040841
            ],
            [
              114.17141862063819,
              22.30741156795937
            ],
            [
              114.17145466031793,
              22.307040499672098
            ],
            [
              114.17106584067996,
              22.307129095552853
            ],
            [
              114.17062667956057,
              22.30722898406779
            ],
            [
              114.1702051144089,
              22.30732435951722
            ],
            [
              114.1703518666065,
              22.307915869329342
            ],
            [
              114.17078193618084,
              22.30781936590033
            ],
            [
              114.17115862629666,
              22.307734718466047
            ],
            [
              114.1711859175535,
              22.30772625773873
            ],
            [
              114.17120472633802,
              22.307721743991408
            ],
            [
              114.1712241367967,
              22.307718348251868
            ],
            [
              114.171242935784,
              22.30771609124852
            ],
            [
              114.17126234615074,
              22.307714972120515
            ],
            [
              114.17128175645078,
              22.307715533586226
            ],
            [
              114.17130116670629,
              22.307717231100018
            ],
            [
              114.17132057788876,
              22.307720050212954
            ]
          ]
        ]
      }
    },
    {
      "type": "Feature",
      "properties": {
        "zone_id": 56,
        "ssbg": "22548",
        "super_zone": 1006
      },
      "geometry": {
        "type": "Polygon",
        "coordinates": [
          [
            [
              114.16652123387743,
              22.308182778422065
            ],
            [
              114.16643644350953,
              22.307867687008162
            ],
            [
              114.16551665817552,
              22.308072790925902
            ],
            [
              114.16559871924845,
              22.308390276636736
            ],
            [
              114.16652123387743,
              22.308182778422065
            ]
          ]
        ]
      }
    },
    {
      "type": "Feature",
      "properties": {
        "zone_id": 57,
        "ssbg": "22549",
        "super_zone": 1006
      },
      "geometry": {
        "type": "Polygon",
        "coordinates": [
          [
            [
              114.16643644350953,
              22.307867687008162
            ],
            [
              114.16652123387743,
              22.308182778422065
            ],
            [
              114.16752280534928,
              22.30795749824433
            ],
            [
              114.16751694491286,
              22.30793501169646
            ],
            [
              114.1674389547252,
              22.30763559832093
            ],
            [
              114.16687977376282,
              22.307758696413863
            ],
            [
              114.16643644350953,
              22.307867687008162
            ]
          ]
        ]
      }
    },
    {
      "type": "Feature",
      "properties": {
        "zone_id": 58,
        "ssbg": "22550",
        "super_zone": 1006
      },
      "geometry": {
        "type": "Polygon",
        "coordinates": [
          [
            [
              114.16643644350953,
              22.307867687008162
            ],
            [
              114.16634912198468,
              22.307545405204717
            ],
            [
              114.1654341511749,
              22.307753589314615
            ],
            [
              114.16551665817552,
              22.308072790925902
            ],
            [
              114.16643644350953,
              22.307867687008162
            ]
          ]
        ]
      }
    },
    {
      "type": "Feature",
      "properties": {
        "zone_id": 59,
        "ssbg": "22551",
        "super_zone": 1006
      },
      "geometry": {
        "type": "Polygon",
        "coordinates": [
          [
            [
              114.16643644350953,
              22.307867687008162
            ],
            [
              114.16687977376282,
              22.307758696413863
            ],
            [
              114.1674389547252,
              22.30763559832093
            ],
            [
              114.16735588069606,
              22.30731665952323
            ],
            [
              114.16699452371117,
              22.307398761460348
            ],
            [
              114.16634912198468,
              22.307545405204717
            ],
            [
              114.16643644350953,
              22.307867687008162
            ]
          ]
        ]
      }
    },
    {
      "type": "Feature",
      "properties": {
        "zone_id": 60,
        "ssbg": "22552",
        "super_zone": 1006
      },
      "geometry": {
        "type": "Polygon",
        "coordinates": [
          [
            [
              114.1654341511749,
              22.307753589314615
            ],
            [
              114.16634912198468,
              22.307545405204717
            ],
            [
              114.16626422456442,
              22.307231585179085
            ],
            [
              114.16535452606259,
              22.307445567745063
            ],
            [
              114.16541850263677,
              22.3076930289624
            ],
            [
              114.1654341511749,
              22.307753589314615
            ]
          ]
        ]
      }
    },
    {
      "type": "Feature",
      "properties": {
        "zone_id": 61,
        "ssbg": "22553",
        "super_zone": 1006
      },
      "geometry": {
        "type": "Polygon",
        "coordinates": [
          [
            [
              114.16634912198468,
              22.307545405204717
            ],
            [
              114.16699452371117,
              22.307398761460348
            ],
            [
              114.16735588069606,
              22.30731665952323
            ],
            [
              114.16727212786193,
              22.306995136973654
            ],
            [
              114.16699454741403,
              22.307060259061025
            ],
            [
              114.16626422456442,
              22.307231585179085
            ],
            [
              114.16634912198468,
              22.307545405204717
            ]
          ]
        ]
      }
    },
    {
      "type": "Feature",
      "properties": {
        "zone_id": 62,
        "ssbg": "22554",
        "super_zone": 1006
      },
      "geometry": {
        "type": "Polygon",
        "coordinates": [
          [
            [
              114.16533813857772,
              22.3071533180583
            ],
            [
              114.1653358281091,
              22.307161255798924
            ],
            [
              114.16533450743201,
              22.30717079112419
            ],
            [
              114.16533888295065,
              22.307200891353162
            ],
            [
              114.16539495910072,
              22.307428186680674
            ],
            [
              114.16535221794194,
              22.307436601091528
            ],
            [
              114.16535452606259,
              22.307445567745063
            ],
            [
              114.16626422456442,
              22.307231585179085
            ],
            [
              114.16618784726113,
              22.306948327943346
            ],
            [
              114.1653492527493,
              22.30714308806958
            ],
            [
              114.16534344884822,
              22.30714600364201
            ],
            [
              114.16533813857772,
              22.3071533180583
            ]
          ]
        ]
      }
    },
    {
      "type": "Feature",
      "properties": {
        "zone_id": 63,
        "ssbg": "22555",
        "super_zone": 1006
      },
      "geometry": {
        "type": "Polygon",
        "coordinates": [
          [
            [
              114.16699454741403,
              22.307060259061025
            ],
            [
              114.16727212786193,
              22.306995136973654
            ],
            [
              114.16719877652947,
              22.306713531178435
            ],
            [
              114.16618784726113,
              22.306948327943346
            ],
            [
              114.16626422456442,
              22.307231585179085
            ],
            [
              114.16699454741403,
              22.307060259061025
            ]
          ]
        ]
      }
    },
    {
      "type": "Feature",
      "properties": {
        "zone_id": 64,
        "ssbg": "22556",
        "super_zone": 1006
      },
      "geometry": {
        "type": "Polygon",
        "coordinates": [
          [
            [
              114.16752839618056,
              22.3060571145574
            ],
            [
              114.16752658253307,
              22.306039053235097
            ],
            [
              114.16752718447148,
              22.306020992051277
            ],
            [
              114.16752961192827,
              22.30600293097207
            ],
            [
              114.16753506829016,
              22.305985439897775
            ],
            [
              114.16754174644136,
              22.305969066882675
            ],
            [
              114.16755145155496,
              22.30595326567795
            ],
            [
              114.16756237069296,
              22.305938581628354
            ],
            [
              114.16763637993084,
              22.305826272150917
            ],
            [
              114.16701021062705,
              22.305961721689965
            ],
            [
              114.16700251538403,
              22.305963392789778
            ],
            [
              114.16700979047066,
              22.306002341344776
            ],
            [
              114.16702009531929,
              22.3060435405103
            ],
            [
              114.16703283458003,
              22.30609320782414
            ],
            [
              114.16704313855024,
              22.306133278161553
            ],
            [
              114.16705769166242,
              22.306183515413736
            ],
            [
              114.16714301581355,
              22.30650404483262
            ],
            [
              114.16719877652947,
              22.306713531178435
            ],
            [
              114.16727212786193,
              22.306995136973654
            ],
            [
              114.16735588069606,
              22.30731665952323
            ],
            [
              114.1674389547252,
              22.30763559832093
            ],
            [
              114.16751694491286,
              22.30793501169646
            ],
            [
              114.16801535065215,
              22.30782205761826
            ],
            [
              114.16761607987108,
              22.30635964586471
            ],
            [
              114.16754719056512,
              22.306107353815417
            ],
            [
              114.16753263612802,
              22.30607460799339
            ],
            [
              114.16752839618056,
              22.3060571145574
            ]
          ]
        ]
      }
    },
    {
      "type": "Feature",
      "properties": {
        "zone_id": 65,
        "ssbg": "22557",
        "super_zone": 1006
      },
      "geometry": {
        "type": "Polygon",
        "coordinates": [
          [
            [
              114.16794626496701,
              22.30575698851869
            ],
            [
              114.16763637993084,
              22.305826272150917
            ],
            [
              114.16756237069296,
              22.305938581628354
            ],
            [
              114.16755145155496,
              22.30595326567795
            ],
            [
              114.16754174644136,
              22.305969066882675
            ],
            [
              114.16753506829016,
              22.305985439897775
            ],
            [
              114.16752961192827,
              22.30600293097207
            ],
            [
              114.16752718447148,
              22.306020992051277
            ],
            [
              114.16752658253307,
              22.306039053235097
            ],
            [
              114.16752839618056,
              22.3060571145574
            ],
            [
              114.16753263612802,
              22.30607460799339
            ],
            [
              114.16754719056512,
              22.306107353815417
            ],
            [
              114.16761607987108,
              22.30635964586471
            ],
            [
              114.16801535065215,
              22.30782205761826
            ],
            [
              114.16845451645068,
              22.307722184309128
            ],
            [
              114.16829199415031,
              22.307093988706853
            ],
            [
              114.16813432368151,
              22.30648498319737
            ],
            [
              114.16810195436342,
              22.306359672732135
            ],
            [
              114.16794626496701,
              22.30575698851869
            ]
          ]
        ]
      }
    },
    {
      "type": "Feature",
      "properties": {
        "zone_id": 66,
        "ssbg": "22558S",
        "super_zone": 1006
      },
      "geometry": {
        "type": "Polygon",
        "coordinates": [
          [
            [
              114.16829199415031,
              22.307093988706853
            ],
            [
              114.16845451645068,
              22.307722184309128
            ],
            [
              114.16890763682636,
              22.307619483911548
            ],
            [
              114.16932678813238,
              22.307524113532505
            ],
            [
              114.16976352478407,
              22.307424796460516
            ],
            [
              114.16960038466763,
              22.30679490436325
            ],
            [
              114.16916122449189,
              22.30689535874631
            ],
            [
              114.16874086177963,
              22.306991279512154
            ],
            [
              114.16829199415031,
              22.307093988706853
            ]
          ]
        ]
      }
    },
    {
      "type": "Feature",
      "properties": {
        "zone_id": 67,
        "ssbg": "22561",
        "super_zone": 1006
      },
      "geometry": {
        "type": "Polygon",
        "coordinates": [
          [
            [
              114.1702051144089,
              22.30732435951722
            ],
            [
              114.17004803819195,
              22.30669276945193
            ],
            [
              114.16960038466763,
              22.30679490436325
            ],
            [
              114.16976352478407,
              22.307424796460516
            ],
            [
              114.1702051144089,
              22.30732435951722
            ]
          ]
        ]
      }
    },
    {
      "type": "Feature",
      "properties": {
        "zone_id": 68,
        "ssbg": "22562",
        "super_zone": 1006
      },
      "geometry": {
        "type": "Polygon",
        "coordinates": [
          [
            [
              114.17062667956057,
              22.30722898406779
            ],
            [
              114.1704605078648,
              22.306597965683537
            ],
            [
              114.17004803819195,
              22.30669276945193
            ],
            [
              114.1702051144089,
              22.30732435951722
            ],
            [
              114.17062667956057,
              22.30722898406779
            ]
          ]
        ]
      }
    },
    {
      "type": "Feature",
      "properties": {
        "zone_id": 69,
        "ssbg": "22563S",
        "super_zone": 1006
      },
      "geometry": {
        "type": "Polygon",
        "coordinates": [
          [
            [
              114.17106584067996,
              22.307129095552853
            ],
            [
              114.17145466031793,
              22.307040499672098
            ],
            [
              114.17150563303474,
              22.30651559904502
            ],
            [
              114.17089724182996,
              22.306498084746003
            ],
            [
              114.1704605078648,
              22.306597965683537
            ],
            [
              114.17062667956057,
              22.30722898406779
            ],
            [
              114.17106584067996,
              22.307129095552853
            ]
          ]
        ]
      }
    },
    {
      "type": "Feature",
      "properties": {
        "zone_id": 70,
        "ssbg": "22565",
        "super_zone": 1006
      },
      "geometry": {
        "type": "Polygon",
        "coordinates": [
          [
            [
              114.16874086177963,
              22.306991279512154
            ],
            [
              114.16858016039491,
              22.306384531025717
            ],
            [
              114.16813432368151,
              22.30648498319737
            ],
            [
              114.16829199415031,
              22.307093988706853
            ],
            [
              114.16874086177963,
              22.306991279512154
            ]
          ]
        ]
      }
    },
    {
      "type": "Feature",
      "properties": {
        "zone_id": 71,
        "ssbg": "22566",
        "super_zone": 1006
      },
      "geometry": {
        "type": "Polygon",
        "coordinates": [
          [
            [
              114.16858016039491,
              22.306384531025717
            ],
            [
              114.16874086177963,
              22.306991279512154
            ],
            [
              114.16916122449189,
              22.30689535874631
            ],
            [
              114.16901962671498,
              22.306359719506816
            ],
            [
              114.16900112305206,
              22.30628973139617
            ],
            [
              114.16869041141888,
              22.306359703323505
            ],
            [
              114.16858016039491,
              22.306384531025717
            ]
          ]
        ]
      }
    },
    {
      "type": "Feature",
      "properties": {
        "zone_id": 72,
        "ssbg": "22567",
        "super_zone": 1006
      },
      "geometry": {
        "type": "Polygon",
        "coordinates": [
          [
            [
              114.16901962671498,
              22.306359719506816
            ],
            [
              114.16916122449189,
              22.30689535874631
            ],
            [
              114.16960038466763,
              22.30679490436325
            ],
            [
              114.1694873139133,
              22.306359741348256
            ],
            [
              114.16944332004138,
              22.306190416336634
            ],
            [
              114.16900112305206,
              22.30628973139617
            ],
            [
              114.16901962671498,
              22.306359719506816
            ]
          ]
        ]
      }
    },
    {
      "type": "Feature",
      "properties": {
        "zone_id": 73,
        "ssbg": "22568",
        "super_zone": 1006
      },
      "geometry": {
        "type": "Polygon",
        "coordinates": [
          [
            [
              114.1694873139133,
              22.306359741348256
            ],
            [
              114.16960038466763,
              22.30679490436325
            ],
            [
              114.17004803819195,
              22.30669276945193
            ],
            [
              114.16996525936851,
              22.30635976227569
            ],
            [
              114.16989763817911,
              22.306087711401087
            ],
            [
              114.16944332004138,
              22.306190416336634
            ],
            [
              114.1694873139133,
              22.306359741348256
            ]
          ]
        ]
      }
    },
    {
      "type": "Feature",
      "properties": {
        "zone_id": 74,
        "ssbg": "22569",
        "super_zone": 1006
      },
      "geometry": {
        "type": "Polygon",
        "coordinates": [
          [
            [
              114.16996525936851,
              22.30635976227569
            ],
            [
              114.17004803819195,
              22.30669276945193
            ],
            [
              114.1704605078648,
              22.306597965683537
            ],
            [
              114.17039802773544,
              22.306359780010208
            ],
            [
              114.17030282818148,
              22.305996863121756
            ],
            [
              114.16989763817911,
              22.306087711401087
            ],
            [
              114.16996525936851,
              22.30635976227569
            ]
          ]
        ]
      }
    },
    {
      "type": "Feature",
      "properties": {
        "zone_id": 75,
        "ssbg": "22570S",
        "super_zone": 1006
      },
      "geometry": {
        "type": "Polygon",
        "coordinates": [
          [
            [
              114.17154385580278,
              22.306121079179754
            ],
            [
              114.17155903053663,
              22.305968119214366
            ],
            [
              114.17073773576988,
              22.305898663128783
            ],
            [
              114.17030282818148,
              22.305996863121756
            ],
            [
              114.17039802773544,
              22.306359780010208
            ],
            [
              114.1704605078648,
              22.306597965683537
            ],
            [
              114.17089724182996,
              22.306498084746003
            ],
            [
              114.17150563303474,
              22.30651559904502
            ],
            [
              114.17152071964335,
              22.306359820634714
            ],
            [
              114.17154385580278,
              22.306121079179754
            ]
          ]
        ]
      }
    },
    {
      "type": "Feature",
      "properties": {
        "zone_id": 76,
        "ssbg": "22573",
        "super_zone": 1006
      },
      "geometry": {
        "type": "Polygon",
        "coordinates": [
          [
            [
              114.16810195436342,
              22.306359672732135
            ],
            [
              114.16813432368151,
              22.30648498319737
            ],
            [
              114.16858016039491,
              22.306384531025717
            ],
            [
              114.16857358181768,
              22.306359697419868
            ],
            [
              114.1683882861749,
              22.305660312353588
            ],
            [
              114.16794626496701,
              22.30575698851869
            ],
            [
              114.16810195436342,
              22.306359672732135
            ]
          ]
        ]
      }
    },
    {
      "type": "Feature",
      "properties": {
        "zone_id": 77,
        "ssbg": "22574",
        "super_zone": 1006
      },
      "geometry": {
        "type": "Polygon",
        "coordinates": [
          [
            [
              114.16857358181768,
              22.306359697419868
            ],
            [
              114.16858016039491,
              22.306384531025717
            ],
            [
              114.16869041141888,
              22.306359703323505
            ],
            [
              114.16900112305206,
              22.30628973139617
            ],
            [
              114.16944332004138,
              22.306190416336634
            ],
            [
              114.16925701305699,
              22.3054703159819
            ],
            [
              114.1683882861749,
              22.305660312353588
            ],
            [
              114.16857358181768,
              22.306359697419868
            ]
          ]
        ]
      }
    },
    {
      "type": "Feature",
      "properties": {
        "zone_id": 78,
        "ssbg": "22575S",
        "super_zone": 1006
      },
      "geometry": {
        "type": "Polygon",
        "coordinates": [
          [
            [
              114.16944332004138,
              22.306190416336634
            ],
            [
              114.16989763817911,
              22.306087711401087
            ],
            [
              114.17030282818148,
              22.305996863121756
            ],
            [
              114.17011524541333,
              22.3052826064878
            ],
            [
              114.169719276344,
              22.30536921122783
            ],
            [
              114.16925701305699,
              22.3054703159819
            ],
            [
              114.16944332004138,
              22.306190416336634
            ]
          ]
        ]
      }
    },
    {
      "type": "Feature",
      "properties": {
        "zone_id": 79,
        "ssbg": "22577S",
        "super_zone": 1006
      },
      "geometry": {
        "type": "Polygon",
        "coordinates": [
          [
            [
              114.17148831582564,
              22.305301983912123
            ],
            [
              114.17135711609669,
              22.30527324323536
            ],
            [
              114.17120554360183,
              22.305247094435607
            ],
            [
              114.1710662203838,
              22.30523109633556
            ],
            [
              114.17096123010596,
              22.305225367165058
            ],
            [
              114.17087058656969,
              22.30522321547888
            ],
            [
              114.1706869885599,
              22.305223208631368
            ],
            [
              114.17056265766698,
              22.305229479247267
            ],
            [
              114.17037500055785,
              22.305239586173155
            ],
            [
              114.17018960478387,
              22.30526812535274
            ],
            [
              114.17015045450309,
              22.30527533830005
            ],
            [
              114.17011524541333,
              22.3052826064878
            ],
            [
              114.17030282818148,
              22.305996863121756
            ],
            [
              114.17073773576988,
              22.305898663128783
            ],
            [
              114.17155903053663,
              22.305968119214366
            ],
            [
              114.17162006071337,
              22.305339238559327
            ],
            [
              114.17148831582564,
              22.305301983912123
            ]
          ]
        ]
      }
    },
    {
      "type": "Feature",
      "properties": {
        "zone_id": 80,
        "ssbg": "22584",
        "super_zone": 1006
      },
      "geometry": {
        "type": "Polygon",
        "coordinates": [
          [
            [
              114.16759967064267,
              22.309887695324324
            ],
            [
              114.16759911635187,
              22.309889483352553
            ],
            [
              114.16759426254525,
              22.309906985291587
            ],
            [
              114.16759061327865,
              22.309922787739197
            ],
            [
              114.16758818441492,
              22.309931818205687
            ],
            [
              114.16741946224208,
              22.310889784943726
            ],
            [
              114.16878127131714,
              22.31110020718477
            ],
            [
              114.16897934604214,
              22.311130821608174
            ],
            [
              114.16919963409178,
              22.30997346085722
            ],
            [
              114.16902094147595,
              22.30994318266866
            ],
            [
              114.167943663045,
              22.309760816473194
            ],
            [
              114.16792545553977,
              22.309766460505912
            ],
            [
              114.16759967064267,
              22.309887695324324
            ]
          ]
        ]
      }
    },
    {
      "type": "Feature",
      "properties": {
        "zone_id": 81,
        "ssbg": "22585",
        "super_zone": 1006
      },
      "geometry": {
        "type": "Polygon",
        "coordinates": [
          [
            [
              114.16897934604214,
              22.311130821608174
            ],
            [
              114.1692598597694,
              22.311174171906
            ],
            [
              114.16937029715312,
              22.310632900691946
            ],
            [
              114.16949408207398,
              22.31002334234374
            ],
            [
              114.16944539867745,
              22.31001511325374
            ],
            [
              114.16919963409178,
              22.30997346085722
            ],
            [
              114.16897934604214,
              22.311130821608174
            ]
          ]
        ]
      }
    },
    {
      "type": "Feature",
      "properties": {
        "zone_id": 82,
        "ssbg": "22587",
        "super_zone": 1006
      },
      "geometry": {
        "type": "Polygon",
        "coordinates": [
          [
            [
              114.1695922414194,
              22.311723357926255
            ],
            [
              114.16958111616107,
              22.311778109071543
            ],
            [
              114.16953602589813,
              22.312
            ],
            [
              114.17025605462953,
              22.312
            ],
            [
              114.17028677614422,
              22.31182780738933
            ],
            [
              114.17011409809975,
              22.311801901465557
            ],
            [
              114.16995563848694,
              22.311778125377288
            ],
            [
              114.16988037334389,
              22.311766833013262
            ],
            [
              114.1695922414194,
              22.311723357926255
            ]
          ]
        ]
      }
    },
    {
      "type": "Feature",
      "properties": {
        "zone_id": 83,
        "ssbg": "22601S",
        "super_zone": 1005
      },
      "geometry": {
        "type": "Polygon",
        "coordinates": [
          [
            [
              114.17424588027265,
              22.312
            ],
            [
              114.17420237690456,
              22.31198497922977
            ],
            [
              114.17418582195018,
              22.31190087605459
            ],
            [
              114.17418419077,
              22.311884629973605
            ],
            [
              114.1742528084707,
              22.311875148945393
            ],
            [
              114.17425449728782,
              22.31187138321084
            ],
            [
              114.1742729968642,
              22.311816910907265
            ],
            [
              114.1742672321544,
              22.31179913858984
            ],
            [
              114.17426693144536,
              22.311790387930913
            ],
            [
              114.17426540791247,
              22.31177825077654
            ],
            [
              114.17426753282504,
              22.311756802225144
            ],
            [
              114.1742717849841,
              22.31174551584472
            ],
            [
              114.17428209258081,
              22.311722378699113
            ],
            [
              114.17429179929057,
              22.311705717388826
            ],
            [
              114.17430575506282,
              22.311687665431236
            ],
            [
              114.17432789367454,
              22.311658877114855
            ],
            [
              114.17435124447557,
              22.311630656838826
            ],
            [
              114.1743873405751,
              22.311594534974045
            ],
            [
              114.1744255524777,
              22.311556154578597
            ],
            [
              114.17443799401788,
              22.311547124159386
            ],
            [
              114.17445770696123,
              22.311532168866975
            ],
            [
              114.17449683861108,
              22.311511282552416
            ],
            [
              114.17452868236917,
              22.311495199502975
            ],
            [
              114.17457629743404,
              22.31147883762151
            ],
            [
              114.1746742644156,
              22.311448919661327
            ],
            [
              114.1747321875682,
              22.3114328369163
            ],
            [
              114.17475857577928,
              22.31142267872975
            ],
            [
              114.17480194952586,
              22.311406315824627
            ],
            [
              114.17481984645083,
              22.311396716516022
            ],
            [
              114.1748377336759,
              22.311386556404873
            ],
            [
              114.17486411325825,
              22.31136764664327
            ],
            [
              114.17489172642259,
              22.311346479241262
            ],
            [
              114.17498777193791,
              22.311214769912006
            ],
            [
              114.17490990650539,
              22.311211445746977
            ],
            [
              114.17479376105123,
              22.31120650368753
            ],
            [
              114.17472582315787,
              22.311211587953387
            ],
            [
              114.17465909833034,
              22.311223443353544
            ],
            [
              114.17459419897045,
              22.311242063576504
            ],
            [
              114.17453171516729,
              22.311266896862865
            ],
            [
              114.17446134935149,
              22.311305275012263
            ],
            [
              114.17440614436016,
              22.31134139661042
            ],
            [
              114.1743460974191,
              22.311371305963515
            ],
            [
              114.17428301179909,
              22.311395019349614
            ],
            [
              114.17427330536903,
              22.31139743939861
            ],
            [
              114.17421749896971,
              22.311411381760955
            ],
            [
              114.17415077404759,
              22.311420971173334
            ],
            [
              114.17403128195441,
              22.311419279529826
            ],
            [
              114.17401972187503,
              22.311417130949433
            ],
            [
              114.17396454678885,
              22.311406862188214
            ],
            [
              114.1739002585352,
              22.31138654218236
            ],
            [
              114.17383898981043,
              22.311358889356757
            ],
            [
              114.17315294732965,
              22.310833655347984
            ],
            [
              114.17289943693089,
              22.310665156393316
            ],
            [
              114.17288292841336,
              22.310654183808452
            ],
            [
              114.1728275506539,
              22.31061737370899
            ],
            [
              114.17276717253262,
              22.31068777570086
            ],
            [
              114.17253242259758,
              22.31057431726831
            ],
            [
              114.17245719625252,
              22.310546662644626
            ],
            [
              114.17237228566532,
              22.310527472105495
            ],
            [
              114.17236355949719,
              22.310530081710116
            ],
            [
              114.17232221272414,
              22.310591081394875
            ],
            [
              114.17226166316107,
              22.310553981978806
            ],
            [
              114.17224065786763,
              22.31034572661894
            ],
            [
              114.17223701748564,
              22.310342908967293
            ],
            [
              114.17223398951124,
              22.310340081399282
            ],
            [
              114.17223095186849,
              22.310336127714546
            ],
            [
              114.17220185685164,
              22.310287595515362
            ],
            [
              114.17219759740209,
              22.310280813409797
            ],
            [
              114.17216301921287,
              22.310222682417024
            ],
            [
              114.17212724536893,
              22.310222122389423
            ],
            [
              114.17199560997712,
              22.310250330128454
            ],
            [
              114.17193312885216,
              22.310197833349786
            ],
            [
              114.17191917859816,
              22.310303390761778
            ],
            [
              114.171838498508,
              22.310292100043558
            ],
            [
              114.17183061632595,
              22.31033273842414
            ],
            [
              114.17190523151092,
              22.310345716782184
            ],
            [
              114.17189551469791,
              22.310395944708763
            ],
            [
              114.17190352066633,
              22.3103951412283
            ],
            [
              114.17184031851997,
              22.310421346110445
            ],
            [
              114.17168743690425,
              22.31103259673416
            ],
            [
              114.17143238093772,
              22.310988545289938
            ],
            [
              114.1714080011672,
              22.310984336215494
            ],
            [
              114.1710468856947,
              22.31092194936228
            ],
            [
              114.17087152162719,
              22.311778161609027
            ],
            [
              114.17084423395235,
              22.31191136109229
            ],
            [
              114.17082611848504,
              22.312
            ],
            [
              114.17424588027265,
              22.312
            ]
          ]
        ]
      }
    },
    {
      "type": "Feature",
      "properties": {
        "zone_id": 84,
        "ssbg": "22604",
        "super_zone": 1005
      },
      "geometry": {
        "type": "Polygon",
        "coordinates": [
          [
            [
              114.17651535342134,
              22.312
            ],
            [
              114.17642591693988,
              22.311778270544412
            ],
            [
              114.17617799427603,
              22.31116361978853
            ],
            [
              114.17609246134451,
              22.311204826066447
            ],
            [
              114.17602937512683,
              22.311227972107382
            ],
            [
              114.17596387422182,
              22.31124489421892
            ],
            [
              114.17589714949415,
              22.311255062308575
            ],
            [
              114.17582921065477,
              22.31125900737443
            ],
            [
              114.17576127283363,
              22.31125618126535
            ],
            [
              114.1756818050669,
              22.311244341601252
            ],
            [
              114.1749919947564,
              22.311214949668905
            ],
            [
              114.17498777193791,
              22.311214769912006
            ],
            [
              114.17489172642259,
              22.311346479241262
            ],
            [
              114.17486411325825,
              22.31136764664327
            ],
            [
              114.1748377336759,
              22.311386556404873
            ],
            [
              114.17481984645083,
              22.311396716516022
            ],
            [
              114.17480194952586,
              22.311406315824627
            ],
            [
              114.17475857577928,
              22.31142267872975
            ],
            [
              114.1747321875682,
              22.3114328369163
            ],
            [
              114.1746742644156,
              22.311448919661327
            ],
            [
              114.17457629743404,
              22.31147883762151
            ],
            [
              114.17452868236917,
              22.311495199502975
            ],
            [
              114.17449683861108,
              22.311511282552416
            ],
            [
              114.17445770696123,
              22.311532168866975
            ],
            [
              114.17443799401788,
              22.311547124159386
            ],
            [
              114.1744255524777,
              22.311556154578597
            ],
            [
              114.1743873405751,
              22.311594534974045
            ],
            [
              114.17435124447557,
              22.311630656838826
            ],
            [
              114.17432789367454,
              22.311658877114855
            ],
            [
              114.17430575506282,
              22.311687665431236
            ],
            [
              114.17429179929057,
              22.311705717388826
            ],
            [
              114.17428209258081,
              22.311722378699113
            ],
            [
              114.1742717849841,
              22.31174551584472
            ],
            [
              114.17426753282504,
              22.311756802225144
            ],
            [
              114.17426540791247,
              22.31177825077654
            ],
            [
              114.17426693144536,
              22.311790387930913
            ],
            [
              114.1742672321544,
              22.31179913858984
            ],
            [
              114.1742729968642,
              22.311816910907265
            ],
            [
              114.17425449728782,
              22.31187138321084
            ],
            [
              114.1742528084707,
              22.311875148945393
            ],
            [
              114.17418419077,
              22.311884629973605
            ],
            [
              114.17418582195018,
              22.31190087605459
            ],
            [
              114.17420237690456,
              22.31198497922977
            ],
            [
              114.17424588027265,
              22.312
            ],
            [
              114.17651535342134,
              22.312
            ]
          ]
        ]
      }
    },
    {
      "type": "Feature",
      "properties": {
        "zone_id": 85,
        "ssbg": "22605S",
        "super_zone": 1005
      },
      "geometry": {
        "type": "Polygon",
        "coordinates": [
          [
            [
              114.17183061632595,
              22.31033273842414
            ],
            [
              114.171838498508,
              22.310292100043558
            ],
            [
              114.17191917859816,
              22.310303390761778
            ],
            [
              114.17193312885216,
              22.310197833349786
            ],
            [
              114.17199560997712,
              22.310250330128454
            ],
            [
              114.17212724536893,
              22.310222122389423
            ],
            [
              114.17216301921287,
              22.310222682417024
            ],
            [
              114.17219759740209,
              22.310280813409797
            ],
            [
              114.17220185685164,
              22.310287595515362
            ],
            [
              114.17223095186849,
              22.310336127714546
            ],
            [
              114.17223398951124,
              22.310340081399282
            ],
            [
              114.17223701748564,
              22.310342908967293
            ],
            [
              114.17224065786763,
              22.31034572661894
            ],
            [
              114.17219942386372,
              22.31019502271838
            ],
            [
              114.17221641854977,
              22.310175272367196
            ],
            [
              114.1721405860483,
              22.310026835045676
            ],
            [
              114.17217152702341,
              22.310014409824966
            ],
            [
              114.1723322730223,
              22.30981179467836
            ],
            [
              114.17238929235532,
              22.309790918393432
            ],
            [
              114.17244268349255,
              22.30971867500523
            ],
            [
              114.17241477202698,
              22.30968762522119
            ],
            [
              114.17236443474206,
              22.309589416011203
            ],
            [
              114.17216853621568,
              22.309506085104637
            ],
            [
              114.17230380289953,
              22.308143136573726
            ],
            [
              114.17221648249108,
              22.308228617838584
            ],
            [
              114.17213882851762,
              22.3083093212413
            ],
            [
              114.17206361038504,
              22.308392294069055
            ],
            [
              114.17204867361234,
              22.308405740202783
            ],
            [
              114.17192045716769,
              22.30843235860144
            ],
            [
              114.17185312300671,
              22.30844307497667
            ],
            [
              114.17178578798612,
              22.30845041568314
            ],
            [
              114.17171785034708,
              22.30845549688491
            ],
            [
              114.17164991476935,
              22.3084571834533
            ],
            [
              114.17158258878256,
              22.308456053366747
            ],
            [
              114.17151465244602,
              22.30845209574938
            ],
            [
              114.17144672592654,
              22.308445319651543
            ],
            [
              114.17131993883211,
              22.30842443663229
            ],
            [
              114.17125548841938,
              22.309086024769424
            ],
            [
              114.17125343008223,
              22.309106750842133
            ],
            [
              114.17119366958231,
              22.309720784796788
            ],
            [
              114.17116701749293,
              22.309994627031273
            ],
            [
              114.17115552158886,
              22.31011359671991
            ],
            [
              114.17113728733874,
              22.31030223638059
            ],
            [
              114.17110390749768,
              22.31064200266228
            ],
            [
              114.1710468856947,
              22.31092194936228
            ],
            [
              114.1714080011672,
              22.310984336215494
            ],
            [
              114.17143238093772,
              22.310988545289938
            ],
            [
              114.17168743690425,
              22.31103259673416
            ],
            [
              114.17184031851997,
              22.310421346110445
            ],
            [
              114.17190352066633,
              22.3103951412283
            ],
            [
              114.17189551469791,
              22.310395944708763
            ],
            [
              114.17190523151092,
              22.310345716782184
            ],
            [
              114.17183061632595,
              22.31033273842414
            ]
          ]
        ]
      }
    },
    {
      "type": "Feature",
      "properties": {
        "zone_id": 86,
        "ssbg": "22607",
        "super_zone": 1005
      },
      "geometry": {
        "type": "Polygon",
        "coordinates": [
          [
            [
              114.17582921065477,
              22.31125900737443
            ],
            [
              114.17589714949415,
              22.311255062308575
            ],
            [
              114.17596387422182,
              22.31124489421892
            ],
            [
              114.17602937512683,
              22.311227972107382
            ],
            [
              114.17609246134451,
              22.311204826066447
            ],
            [
              114.17617799427603,
              22.31116361978853
            ],
            [
              114.1761167250658,
              22.310971160207767
            ],
            [
              114.17610321638053,
              22.310924408711802
            ],
            [
              114.1760930744393,
              22.31088932386691
            ],
            [
              114.17607851572696,
              22.3108277973925
            ],
            [
              114.17606517117247,
              22.310765711927655
            ],
            [
              114.17605425297481,
              22.310703058447853
            ],
            [
              114.17604576112771,
              22.3106404131061
            ],
            [
              114.17603849216339,
              22.310577768672488
            ],
            [
              114.17603423283927,
              22.31051455351862
            ],
            [
              114.17603120415738,
              22.310451340176385
            ],
            [
              114.17603060375579,
              22.310388125039406
            ],
            [
              114.17603180660717,
              22.31032491171698
            ],
            [
              114.176035456173,
              22.310261696599888
            ],
            [
              114.17604091189479,
              22.310199042291597
            ],
            [
              114.17608032509443,
              22.310046524594824
            ],
            [
              114.17641049523498,
              22.308768704129918
            ],
            [
              114.17650129725446,
              22.30841720604421
            ],
            [
              114.1744184226868,
              22.307948879246293
            ],
            [
              114.17451964558003,
              22.30742775958327
            ],
            [
              114.17452935235728,
              22.307387122889374
            ],
            [
              114.17457181354472,
              22.307251673398742
            ],
            [
              114.1746932188206,
              22.30700078668967
            ],
            [
              114.17427338294003,
              22.307135372801405
            ],
            [
              114.17425397258374,
              22.30714159458335
            ],
            [
              114.17328353118425,
              22.307452878484852
            ],
            [
              114.17324402025305,
              22.307465548462012
            ],
            [
              114.1732276474437,
              22.307474579610034
            ],
            [
              114.17321066320814,
              22.307483608936632
            ],
            [
              114.17319367895561,
              22.30749320899584
            ],
            [
              114.17317730711038,
              22.30750223742959
            ],
            [
              114.17316032286817,
              22.30751126946007
            ],
            [
              114.17314393935756,
              22.3075208677215
            ],
            [
              114.17312754711033,
              22.307530456950474
            ],
            [
              114.17311057256664,
              22.30753948897593
            ],
            [
              114.17309420943063,
              22.30754907007462
            ],
            [
              114.17307782785207,
              22.307558669232435
            ],
            [
              114.17306144431505,
              22.307568835510693
            ],
            [
              114.1730450627322,
              22.30757842653766
            ],
            [
              114.17302930033563,
              22.307588025704973
            ],
            [
              114.17301291873288,
              22.307598184753843
            ],
            [
              114.17299653518677,
              22.307608343801018
            ],
            [
              114.17298015359464,
              22.307617942948884
            ],
            [
              114.17296439117402,
              22.307628092976934
            ],
            [
              114.17294862098649,
              22.307638261064426
            ],
            [
              114.17293224712068,
              22.307648979099902
            ],
            [
              114.17291646625307,
              22.30765913815338
            ],
            [
              114.17290070479343,
              22.307669299011923
            ],
            [
              114.17288492390553,
              22.30768001796
            ],
            [
              114.17286916244107,
              22.30769018603993
            ],
            [
              114.17285338251897,
              22.30770090317879
            ],
            [
              114.17283762006366,
              22.307711623928768
            ],
            [
              114.17282183916595,
              22.307722350998183
            ],
            [
              114.17280607864664,
              22.3077330789696
            ],
            [
              114.17279090916963,
              22.3077437979236
            ],
            [
              114.17277513698319,
              22.307755085789356
            ],
            [
              114.17275997720658,
              22.30776580564373
            ],
            [
              114.172744807706,
              22.307777092618572
            ],
            [
              114.17272904620413,
              22.307787821485466
            ],
            [
              114.1727138766987,
              22.307799107554327
            ],
            [
              114.17269870719072,
              22.30781039723397
            ],
            [
              114.17268352797527,
              22.307821683299707
            ],
            [
              114.17266837884328,
              22.30783297207396
            ],
            [
              114.1725070361858,
              22.307928918056565
            ],
            [
              114.17239297680442,
              22.308060427708018
            ],
            [
              114.1723098795109,
              22.308137186476277
            ],
            [
              114.17230380289953,
              22.308143136573726
            ],
            [
              114.17216853621568,
              22.309506085104637
            ],
            [
              114.17236443474206,
              22.309589416011203
            ],
            [
              114.17241477202698,
              22.30968762522119
            ],
            [
              114.17244268349255,
              22.30971867500523
            ],
            [
              114.17238929235532,
              22.309790918393432
            ],
            [
              114.1723322730223,
              22.30981179467836
            ],
            [
              114.17217152702341,
              22.310014409824966
            ],
            [
              114.1721405860483,
              22.310026835045676
            ],
            [
              114.17221641854977,
              22.310175272367196
            ],
            [
              114.17219942386372,
              22.31019502271838
            ],
            [
              114.17224065786763,
              22.31034572661894
            ],
            [
              114.17226166316107,
              22.310553981978806
            ],
            [
              114.17232221272414,
              22.310591081394875
            ],
            [
              114.17236355949719,
              22.310530081710116
            ],
            [
              114.17237228566532,
              22.310527472105495
            ],
            [
              114.17245719625252,
              22.310546662644626
            ],
            [
              114.17253242259758,
              22.31057431726831
            ],
            [
              114.17276717253262,
              22.31068777570086
            ],
            [
              114.1728275506539,
              22.31061737370899
            ],
            [
              114.17288292841336,
              22.310654183808452
            ],
            [
              114.17289943693089,
              22.310665156393316
            ],
            [
              114.17315294732965,
              22.310833655347984
            ],
            [
              114.17383898981043,
              22.311358889356757
            ],
            [
              114.1739002585352,
              22.31138654218236
            ],
            [
              114.17396454678885,
              22.311406862188214
            ],
            [
              114.17401972187503,
              22.311417130949433
            ],
            [
              114.17403128195441,
              22.311419279529826
            ],
            [
              114.17415077404759,
              22.311420971173334
            ],
            [
              114.17421749896971,
              22.311411381760955
            ],
            [
              114.17427330536903,
              22.31139743939861
            ],
            [
              114.17428301179909,
              22.311395019349614
            ],
            [
              114.1743460974191,
              22.311371305963515
            ],
            [
              114.17440614436016,
              22.31134139661042
            ],
            [
              114.17446134935149,
              22.311305275012263
            ],
            [
              114.17453171516729,
              22.311266896862865
            ],
            [
              114.17459419897045,
              22.311242063576504
            ],
            [
              114.17465909833034,
              22.311223443353544
            ],
            [
              114.17472582315787,
              22.311211587953387
            ],
            [
              114.17479376105123,
              22.31120650368753
            ],
            [
              114.17490990650539,
              22.311211445746977
            ],
            [
              114.17498777193791,
              22.311214769912006
            ],
            [
              114.1749919947564,
              22.311214949668905
            ],
            [
              114.1756818050669,
              22.311244341601252
            ],
            [
              114.17576127283363,
              22.31125618126535
            ],
            [
              114.17582921065477,
              22.31125900737443
            ]
          ]
        ]
      }
    },
    {
      "type": "Feature",
      "properties": {
        "zone_id": 87,
        "ssbg": "22608S",
        "super_zone": 1005
      },
      "geometry": {
        "type": "Polygon",
        "coordinates": [
          [
            [
              114.17836440193572,
              22.310587235540005
            ],
            [
              114.17840850207668,
              22.310583424201678
            ],
            [
              114.17854034858695,
              22.310517987105946
            ],
            [
              114.17873588031478,
              22.310294983179556
            ],
            [
              114.17890399523453,
              22.310294981116506
            ],
            [
              114.17915693062788,
              22.30998342272386
            ],
            [
              114.17940259517255,
              22.310176447287297
            ],
            [
              114.17936316961183,
              22.31003761139017
            ],
            [
              114.17970466403986,
              22.30970910840758
            ],
            [
              114.17968282672723,
              22.30968991785405
            ],
            [
              114.1800364606549,
              22.3093523923699
            ],
            [
              114.18009843761783,
              22.309271224952095
            ],
            [
              114.18010196925735,
              22.30926660030771
            ],
            [
              114.18068910714612,
              22.30849728902731
            ],
            [
              114.18080071126079,
              22.30825572753802
            ],
            [
              114.18075181248746,
              22.308147866256153
            ],
            [
              114.18078554774972,
              22.308114054844403
            ],
            [
              114.18080110376512,
              22.30809879273845
            ],
            [
              114.18086318703854,
              22.308036724747378
            ],
            [
              114.18089048601455,
              22.30801132909604
            ],
            [
              114.18096630271052,
              22.30800511412247
            ],
            [
              114.181,
              22.307974188999758
            ],
            [
              114.181,
              22.307129395393577
            ],
            [
              114.18097300172869,
              22.30710110588053
            ],
            [
              114.18068839210916,
              22.306810589202584
            ],
            [
              114.18050642504963,
              22.306612209021164
            ],
            [
              114.18032348064675,
              22.306430462130272
            ],
            [
              114.18028769621726,
              22.30639565893055
            ],
            [
              114.18016836932405,
              22.306267056528476
            ],
            [
              114.18012458849704,
              22.306211808157517
            ],
            [
              114.18003022397517,
              22.30611309736148
            ],
            [
              114.17997205072427,
              22.306060440113455
            ],
            [
              114.17991938149062,
              22.306018856072626
            ],
            [
              114.17984107902045,
              22.30596266819097
            ],
            [
              114.17977419974822,
              22.30592115570748
            ],
            [
              114.1796806722372,
              22.305870036001444
            ],
            [
              114.17958378605665,
              22.30582775545881
            ],
            [
              114.17947700084284,
              22.305787427437757
            ],
            [
              114.17939460473761,
              22.305764563258254
            ],
            [
              114.17930292099531,
              22.305744244004526
            ],
            [
              114.1792374312863,
              22.305732560284163
            ],
            [
              114.17918048210231,
              22.305726466361165
            ],
            [
              114.17905715151788,
              22.305719351078395
            ],
            [
              114.17893546026144,
              22.305721383688166
            ],
            [
              114.17884595968168,
              22.305729513277264
            ],
            [
              114.17877796642352,
              22.305739592268658
            ],
            [
              114.17875498497352,
              22.305743123511444
            ],
            [
              114.1787098179163,
              22.305752741640607
            ],
            [
              114.17868762258804,
              22.305757672609214
            ],
            [
              114.17862574355043,
              22.30577391034235
            ],
            [
              114.17857836378485,
              22.305788080789625
            ],
            [
              114.17873523391297,
              22.306359896296787
            ],
            [
              114.17912899200546,
              22.307795188957442
            ],
            [
              114.17913202031363,
              22.307813250129147
            ],
            [
              114.17913504861338,
              22.307830751403074
            ],
            [
              114.17913808759879,
              22.30784881347748
            ],
            [
              114.17914050448343,
              22.30786687375455
            ],
            [
              114.17914355122524,
              22.307884375931025
            ],
            [
              114.17914597781639,
              22.307902437110847
            ],
            [
              114.17914960814832,
              22.307938559487745
            ],
            [
              114.179153258863,
              22.307974681864135
            ],
            [
              114.17915446163371,
              22.307992743061146
            ],
            [
              114.17915568477618,
              22.308010233523454
            ],
            [
              114.17915688851802,
              22.308028294720366
            ],
            [
              114.17915750121449,
              22.30804635592572
            ],
            [
              114.17915811197008,
              22.308064417131053
            ],
            [
              114.17915811226955,
              22.308082478345096
            ],
            [
              114.17915871429071,
              22.308100539550473
            ],
            [
              114.17915871459016,
              22.30811859353996
            ],
            [
              114.17915811316807,
              22.308136661987028
            ],
            [
              114.17915811329522,
              22.308144329875386
            ],
            [
              114.178243202111,
              22.307861917223416
            ],
            [
              114.17808326475199,
              22.30829470947716
            ],
            [
              114.17807840257163,
              22.308308816225534
            ],
            [
              114.17807599574151,
              22.30831558016851
            ],
            [
              114.178072948363,
              22.308321803183006
            ],
            [
              114.17807052308765,
              22.308328016259033
            ],
            [
              114.17806748444313,
              22.308334220309092
            ],
            [
              114.17806385474645,
              22.308339864465964
            ],
            [
              114.17806020564407,
              22.308346077551132
            ],
            [
              114.17805657594681,
              22.308351720804758
            ],
            [
              114.17805232511601,
              22.308357355935463
            ],
            [
              114.17804808399018,
              22.308363000096588
            ],
            [
              114.17804323143605,
              22.308368653292746
            ],
            [
              114.17803898060431,
              22.308374298356764
            ],
            [
              114.17803412901497,
              22.30837937178771
            ],
            [
              114.17802867376143,
              22.308384447932163
            ],
            [
              114.17802321073846,
              22.308388953342135
            ],
            [
              114.17801775547474,
              22.308392917818505
            ],
            [
              114.17801167907254,
              22.30839630524348
            ],
            [
              114.17800560557679,
              22.308399122836917
            ],
            [
              114.17799894685683,
              22.308401950368008
            ],
            [
              114.1779922696966,
              22.30840476706224
            ],
            [
              114.17798560223211,
              22.30840646486396
            ],
            [
              114.17797832334385,
              22.30840872256733
            ],
            [
              114.17797104542129,
              22.308410412245227
            ],
            [
              114.17796376555756,
              22.30841211005035
            ],
            [
              114.177949206791,
              22.30841436690012
            ],
            [
              114.17793465093557,
              22.308416624651617
            ],
            [
              114.17793306801694,
              22.308416760121496
            ],
            [
              114.17792798249039,
              22.308417184594543
            ],
            [
              114.17792070358311,
              22.308417184643673
            ],
            [
              114.17791342467152,
              22.30841662479485
            ],
            [
              114.1779061457599,
              22.308416055915124
            ],
            [
              114.17789886684417,
              22.308414936168056
            ],
            [
              114.17789036505071,
              22.308410980818174
            ],
            [
              114.177303703781,
              22.308180162188297
            ],
            [
              114.17722144150153,
              22.308147796712777
            ],
            [
              114.17720674903322,
              22.3082298118164
            ],
            [
              114.17716187263389,
              22.30841154384491
            ],
            [
              114.17701204355751,
              22.30836921762934
            ],
            [
              114.1765424864898,
              22.30825784390835
            ],
            [
              114.1765269764826,
              22.308317861292903
            ],
            [
              114.17650129725446,
              22.30841720604421
            ],
            [
              114.17641049523498,
              22.308768704129918
            ],
            [
              114.17608032509443,
              22.310046524594824
            ],
            [
              114.17604091189479,
              22.310199042291597
            ],
            [
              114.176035456173,
              22.310261696599888
            ],
            [
              114.17603180660717,
              22.31032491171698
            ],
            [
              114.17603060375579,
              22.310388125039406
            ],
            [
              114.17603120415738,
              22.310451340176385
            ],
            [
              114.17603423283927,
              22.31051455351862
            ],
            [
              114.17603849216339,
              22.310577768672488
            ],
            [
              114.17604576112771,
              22.3106404131061
            ],
            [
              114.17605425297481,
              22.310703058447853
            ],
            [
              114.17606517117247,
              22.310765711927655
            ],
            [
              114.17607851572696,
              22.3108277973925
            ],
            [
              114.1760930744393,
              22.31088932386691
            ],
            [
              114.17610321638053,
              22.310924408711802
            ],
            [
              114.1761167250658,
              22.310971160207767
            ],
            [
              114.17617799427603,
              22.31116361978853
            ],
            [
              114.17642591693988,
              22.311778270544412
            ],
            [
              114.17651535342134,
              22.312
            ],
            [
              114.17693447364456,
              22.312
            ],
            [
              114.17702732448308,
              22.31186704175254
            ],
            [
              114.1770757448427,
              22.311798020788657
            ],
            [
              114.17753309163986,
              22.31123724608239
            ],
            [
              114.1775919446113,
              22.311126377096294
            ],
            [
              114.1776040762796,
              22.311112262205317
            ],
            [
              114.17761560717842,
              22.311097596449486
            ],
            [
              114.1776271361369,
              22.311083482462713
            ],
            [
              114.17763926876523,
              22.311068798640985
            ],
            [
              114.1776507783082,
              22.311054690973986
            ],
            [
              114.17766230725631,
              22.311040017087212
            ],
            [
              114.1776738391136,
              22.311025342296503
            ],
            [
              114.1776920356071,
              22.311002205793905
            ],
            [
              114.17806047619005,
              22.310423315504572
            ],
            [
              114.17823237849097,
              22.310540530450353
            ],
            [
              114.17832394906337,
              22.310590738889147
            ],
            [
              114.17836440193572,
              22.310587235540005
            ]
          ]
        ]
      }
    },
    {
      "type": "Feature",
      "properties": {
        "zone_id": 88,
        "ssbg": "22610S",
        "super_zone": 1005
      },
      "geometry": {
        "type": "Polygon",
        "coordinates": [
          [
            [
              114.17138669739586,
              22.30774037040841
            ],
            [
              114.17137880405366,
              22.307818828059606
            ],
            [
              114.17131993883211,
              22.30842443663229
            ],
            [
              114.17144672592654,
              22.308445319651543
            ],
            [
              114.17151465244602,
              22.30845209574938
            ],
            [
              114.17158258878256,
              22.308456053366747
            ],
            [
              114.17164991476935,
              22.3084571834533
            ],
            [
              114.17171785034708,
              22.30845549688491
            ],
            [
              114.17178578798612,
              22.30845041568314
            ],
            [
              114.17185312300671,
              22.30844307497667
            ],
            [
              114.17192045716769,
              22.30843235860144
            ],
            [
              114.17204867361234,
              22.308405740202783
            ],
            [
              114.17206361038504,
              22.308392294069055
            ],
            [
              114.17213882851762,
              22.3083093212413
            ],
            [
              114.17221648249108,
              22.308228617838584
            ],
            [
              114.17230380289953,
              22.308143136573726
            ],
            [
              114.1723098795109,
              22.308137186476277
            ],
            [
              114.17239297680442,
              22.308060427708018
            ],
            [
              114.1725070361858,
              22.307928918056565
            ],
            [
              114.17245144742603,
              22.307849104059404
            ],
            [
              114.17249058890987,
              22.307517726971685
            ],
            [
              114.17253308082391,
              22.307109616873454
            ],
            [
              114.17259017115073,
              22.306628512716795
            ],
            [
              114.17150563303474,
              22.30651559904502
            ],
            [
              114.17145466031793,
              22.307040499672098
            ],
            [
              114.17141862063819,
              22.30741156795937
            ],
            [
              114.17138669739586,
              22.30774037040841
            ]
          ]
        ]
      }
    },
    {
      "type": "Feature",
      "properties": {
        "zone_id": 89,
        "ssbg": "22613S",
        "super_zone": 1005
      },
      "geometry": {
        "type": "Polygon",
        "coordinates": [
          [
            [
              114.17503843294631,
              22.306818173906972
            ],
            [
              114.17499808775851,
              22.306827375646524
            ],
            [
              114.17493106416998,
              22.306839891299305
            ],
            [
              114.17481995996661,
              22.306854618883392
            ],
            [
              114.17479124252522,
              22.30685775214625
            ],
            [
              114.1747563419705,
              22.306860307366176
            ],
            [
              114.17464976239677,
              22.306865688211783
            ],
            [
              114.17454343331529,
              22.3068643863407
            ],
            [
              114.17446123991039,
              22.30685977955139
            ],
            [
              114.1744395296237,
              22.30685821603471
            ],
            [
              114.17441011448182,
              22.306855219242838
            ],
            [
              114.17438994635287,
              22.306852743651067
            ],
            [
              114.17438064888682,
              22.306851524378853
            ],
            [
              114.17435955974148,
              22.306849239315223
            ],
            [
              114.1743361219822,
              22.306845834417363
            ],
            [
              114.17427741599384,
              22.306836578033927
            ],
            [
              114.17424576873262,
              22.30683109505064
            ],
            [
              114.1742169932162,
              22.30682543239834
            ],
            [
              114.17419200171861,
              22.306819861011643
            ],
            [
              114.17410640314917,
              22.30679889865224
            ],
            [
              114.17403082999647,
              22.30677660079388
            ],
            [
              114.17391862047506,
              22.306737893631425
            ],
            [
              114.17382244386599,
              22.306697308322583
            ],
            [
              114.17369787066828,
              22.3066368379138
            ],
            [
              114.1736137383896,
              22.306588024925254
            ],
            [
              114.17357457896809,
              22.306562584919693
            ],
            [
              114.17354308652203,
              22.306539356656167
            ],
            [
              114.17352731601935,
              22.30652862887584
            ],
            [
              114.17351093505603,
              22.306518478137363
            ],
            [
              114.1734642340052,
              22.30648687004473
            ],
            [
              114.17337527900125,
              22.30641670937532
            ],
            [
              114.17329834840353,
              22.306356897996515
            ],
            [
              114.17298867599129,
              22.306116242387944
            ],
            [
              114.1728782349127,
              22.306030991687756
            ],
            [
              114.17274448366325,
              22.30593790085426
            ],
            [
              114.1726157102096,
              22.305847889476645
            ],
            [
              114.17239406159224,
              22.305701849581336
            ],
            [
              114.17220050789456,
              22.305573419873753
            ],
            [
              114.17207670277986,
              22.30552205018555
            ],
            [
              114.17198606024988,
              22.305484660780053
            ],
            [
              114.17187045510376,
              22.305431747847287
            ],
            [
              114.17178180117514,
              22.305396208760033
            ],
            [
              114.17169927095671,
              22.30536583622992
            ],
            [
              114.17162006071337,
              22.305339238559327
            ],
            [
              114.17155903053663,
              22.305968119214366
            ],
            [
              114.17154385580278,
              22.306121079179754
            ],
            [
              114.17152071964335,
              22.306359820634714
            ],
            [
              114.17150563303474,
              22.30651559904502
            ],
            [
              114.17259017115073,
              22.306628512716795
            ],
            [
              114.17253308082391,
              22.307109616873454
            ],
            [
              114.17249058890987,
              22.307517726971685
            ],
            [
              114.17245144742603,
              22.307849104059404
            ],
            [
              114.1725070361858,
              22.307928918056565
            ],
            [
              114.17266837884328,
              22.30783297207396
            ],
            [
              114.17268352797527,
              22.307821683299707
            ],
            [
              114.17269870719072,
              22.30781039723397
            ],
            [
              114.1727138766987,
              22.307799107554327
            ],
            [
              114.17272904620413,
              22.307787821485466
            ],
            [
              114.172744807706,
              22.307777092618572
            ],
            [
              114.17275997720658,
              22.30776580564373
            ],
            [
              114.17277513698319,
              22.307755085789356
            ],
            [
              114.17279090916963,
              22.3077437979236
            ],
            [
              114.17280607864664,
              22.3077330789696
            ],
            [
              114.17282183916595,
              22.307722350998183
            ],
            [
              114.17283762006366,
              22.307711623928768
            ],
            [
              114.17285338251897,
              22.30770090317879
            ],
            [
              114.17286916244107,
              22.30769018603993
            ],
            [
              114.17288492390553,
              22.30768001796
            ],
            [
              114.17290070479343,
              22.307669299011923
            ],
            [
              114.17291646625307,
              22.30765913815338
            ],
            [
              114.17293224712068,
              22.307648979099902
            ],
            [
              114.17294862098649,
              22.307638261064426
            ],
            [
              114.17296439117402,
              22.307628092976934
            ],
            [
              114.17298015359464,
              22.307617942948884
            ],
            [
              114.17299653518677,
              22.307608343801018
            ],
            [
              114.17301291873288,
              22.307598184753843
            ],
            [
              114.17302930033563,
              22.307588025704973
            ],
            [
              114.1730450627322,
              22.30757842653766
            ],
            [
              114.17306144431505,
              22.307568835510693
            ],
            [
              114.17307782785207,
              22.307558669232435
            ],
            [
              114.17309420943063,
              22.30754907007462
            ],
            [
              114.17311057256664,
              22.30753948897593
            ],
            [
              114.17312754711033,
              22.307530456950474
            ],
            [
              114.17314393935756,
              22.3075208677215
            ],
            [
              114.17316032286817,
              22.30751126946007
            ],
            [
              114.17317730711038,
              22.30750223742959
            ],
            [
              114.17319367895561,
              22.30749320899584
            ],
            [
              114.17321066320814,
              22.307483608936632
            ],
            [
              114.1732276474437,
              22.307474579610034
            ],
            [
              114.17324402025305,
              22.307465548462012
            ],
            [
              114.17328353118425,
              22.307452878484852
            ],
            [
              114.17425397258374,
              22.30714159458335
            ],
            [
              114.17427338294003,
              22.307135372801405
            ],
            [
              114.1746932188206,
              22.30700078668967
            ],
            [
              114.17527227705048,
              22.306754149306162
            ],
            [
              114.17519146245196,
              22.306777683179075
            ],
            [
              114.17511868367414,
              22.306799029883248
            ],
            [
              114.17503843294631,
              22.306818173906972
            ]
          ]
        ]
      }
    },
    {
      "type": "Feature",
      "properties": {
        "zone_id": 90,
        "ssbg": "22614S",
        "super_zone": 1005
      },
      "geometry": {
        "type": "Polygon",
        "coordinates": [
          [
            [
              114.17720674903322,
              22.3082298118164
            ],
            [
              114.17722144150153,
              22.308147796712777
            ],
            [
              114.177303703781,
              22.308180162188297
            ],
            [
              114.17789036505071,
              22.308410980818174
            ],
            [
              114.17789886684417,
              22.308414936168056
            ],
            [
              114.1779061457599,
              22.308416055915124
            ],
            [
              114.17791342467152,
              22.30841662479485
            ],
            [
              114.17792070358311,
              22.308417184643673
            ],
            [
              114.17792798249039,
              22.308417184594543
            ],
            [
              114.17793306801694,
              22.308416760121496
            ],
            [
              114.17793465093557,
              22.308416624651617
            ],
            [
              114.177949206791,
              22.30841436690012
            ],
            [
              114.17796376555756,
              22.30841211005035
            ],
            [
              114.17797104542129,
              22.308410412245227
            ],
            [
              114.17797832334385,
              22.30840872256733
            ],
            [
              114.17798560223211,
              22.30840646486396
            ],
            [
              114.1779922696966,
              22.30840476706224
            ],
            [
              114.17799894685683,
              22.308401950368008
            ],
            [
              114.17800560557679,
              22.308399122836917
            ],
            [
              114.17801167907254,
              22.30839630524348
            ],
            [
              114.17801775547474,
              22.308392917818505
            ],
            [
              114.17802321073846,
              22.308388953342135
            ],
            [
              114.17802867376143,
              22.308384447932163
            ],
            [
              114.17803412901497,
              22.30837937178771
            ],
            [
              114.17803898060431,
              22.308374298356764
            ],
            [
              114.17804323143605,
              22.308368653292746
            ],
            [
              114.17804808399018,
              22.308363000096588
            ],
            [
              114.17805232511601,
              22.308357355935463
            ],
            [
              114.17805657594681,
              22.308351720804758
            ],
            [
              114.17806020564407,
              22.308346077551132
            ],
            [
              114.17806385474645,
              22.308339864465964
            ],
            [
              114.17806748444313,
              22.308334220309092
            ],
            [
              114.17807052308765,
              22.308328016259033
            ],
            [
              114.178072948363,
              22.308321803183006
            ],
            [
              114.17807599574151,
              22.30831558016851
            ],
            [
              114.17807840257163,
              22.308308816225534
            ],
            [
              114.17808326475199,
              22.30829470947716
            ],
            [
              114.178243202111,
              22.307861917223416
            ],
            [
              114.17915811329522,
              22.308144329875386
            ],
            [
              114.17915811316807,
              22.308136661987028
            ],
            [
              114.17915871459016,
              22.30811859353996
            ],
            [
              114.17915871429071,
              22.308100539550473
            ],
            [
              114.17915811226955,
              22.308082478345096
            ],
            [
              114.17915811197008,
              22.308064417131053
            ],
            [
              114.17915750121449,
              22.30804635592572
            ],
            [
              114.17915688851802,
              22.308028294720366
            ],
            [
              114.17915568477618,
              22.308010233523454
            ],
            [
              114.17915446163371,
              22.307992743061146
            ],
            [
              114.179153258863,
              22.307974681864135
            ],
            [
              114.17914960814832,
              22.307938559487745
            ],
            [
              114.17914597781639,
              22.307902437110847
            ],
            [
              114.17914355122524,
              22.307884375931025
            ],
            [
              114.17914050448343,
              22.30786687375455
            ],
            [
              114.17913808759879,
              22.30784881347748
            ],
            [
              114.17913504861338,
              22.307830751403074
            ],
            [
              114.17913202031363,
              22.307813250129147
            ],
            [
              114.17912899200546,
              22.307795188957442
            ],
            [
              114.17873523391297,
              22.306359896296787
            ],
            [
              114.17857836378485,
              22.305788080789625
            ],
            [
              114.17851564040666,
              22.305806232075938
            ],
            [
              114.17815185808482,
              22.305911964922686
            ],
            [
              114.17796920100226,
              22.305966242077695
            ],
            [
              114.1770663502801,
              22.30623017449491
            ],
            [
              114.17667570213263,
              22.306349096879394
            ],
            [
              114.17527227705048,
              22.306754149306162
            ],
            [
              114.1746932188206,
              22.30700078668967
            ],
            [
              114.17457181354472,
              22.307251673398742
            ],
            [
              114.17452935235728,
              22.307387122889374
            ],
            [
              114.17451964558003,
              22.30742775958327
            ],
            [
              114.1744184226868,
              22.307948879246293
            ],
            [
              114.17650129725446,
              22.30841720604421
            ],
            [
              114.1765269764826,
              22.308317861292903
            ],
            [
              114.1765424864898,
              22.30825784390835
            ],
            [
              114.17701204355751,
              22.30836921762934
            ],
            [
              114.17716187263389,
              22.30841154384491
            ],
            [
              114.17720674903322,
              22.3082298118164
            ]
          ]
        ]
      }
    },
    {
      "type": "Feature",
      "properties": {
        "zone_id": 91,
        "ssbg": "23608",
        "super_zone": 1007
      },
      "geometry": {
        "type": "Polygon",
        "coordinates": [
          [
            [
              114.17828454293408,
              22.312
            ],
            [
              114.17847132913343,
              22.311778262737946
            ],
            [
              114.17893251383184,
              22.311230786124174
            ],
            [
              114.1789773908953,
              22.311183366739897
            ],
            [
              114.17902288907396,
              22.311135954559006
            ],
            [
              114.17906898994494,
              22.31108967208529
            ],
            [
              114.1791157002932,
              22.311043949487047
            ],
            [
              114.17916361408865,
              22.310998796688878
            ],
            [
              114.17925521306917,
              22.310915261356364
            ],
            [
              114.17930919371811,
              22.310876321479107
            ],
            [
              114.17936135941109,
              22.31083624285292
            ],
            [
              114.17941292332046,
              22.310795042618295
            ],
            [
              114.1794632643015,
              22.31075270724003
            ],
            [
              114.17951240175444,
              22.310708691270374
            ],
            [
              114.17955971455669,
              22.31066409735767
            ],
            [
              114.17960702729553,
              22.310617815611007
            ],
            [
              114.1796519039469,
              22.310570972189083
            ],
            [
              114.17969618850681,
              22.310522422883814
            ],
            [
              114.17976048491818,
              22.310447360254344
            ],
            [
              114.18029243961341,
              22.309841170426772
            ],
            [
              114.1803391510751,
              22.309794887571666
            ],
            [
              114.18038828696197,
              22.309751430326013
            ],
            [
              114.18043984048089,
              22.309710791463335
            ],
            [
              114.18053143842727,
              22.309648694956962
            ],
            [
              114.18061258205103,
              22.309597634042284
            ],
            [
              114.18044490014465,
              22.309458233313855
            ],
            [
              114.18009843761783,
              22.309271224952095
            ],
            [
              114.1800364606549,
              22.3093523923699
            ],
            [
              114.17968282672723,
              22.30968991785405
            ],
            [
              114.17970466403986,
              22.30970910840758
            ],
            [
              114.17936316961183,
              22.31003761139017
            ],
            [
              114.17940259517255,
              22.310176447287297
            ],
            [
              114.17915693062788,
              22.30998342272386
            ],
            [
              114.17890399523453,
              22.310294981116506
            ],
            [
              114.17873588031478,
              22.310294983179556
            ],
            [
              114.17854034858695,
              22.310517987105946
            ],
            [
              114.17840850207668,
              22.310583424201678
            ],
            [
              114.17836440193572,
              22.310587235540005
            ],
            [
              114.17832394906337,
              22.310590738889147
            ],
            [
              114.17823237849097,
              22.310540530450353
            ],
            [
              114.17806047619005,
              22.310423315504572
            ],
            [
              114.1776920356071,
              22.311002205793905
            ],
            [
              114.1776738391136,
              22.311025342296503
            ],
            [
              114.17766230725631,
              22.311040017087212
            ],
            [
              114.1776507783082,
              22.311054690973986
            ],
            [
              114.17763926876523,
              22.311068798640985
            ],
            [
              114.1776271361369,
              22.311083482462713
            ],
            [
              114.17761560717842,
              22.311097596449486
            ],
            [
              114.1776040762796,
              22.311112262205317
            ],
            [
              114.1775919446113,
              22.311126377096294
            ],
            [
              114.17753309163986,
              22.31123724608239
            ],
            [
              114.1770757448427,
              22.311798020788657
            ],
            [
              114.17702732448308,
              22.31186704175254
            ],
            [
              114.17693447364456,
              22.312
            ],
            [
              114.17828454293408,
              22.312
            ]
          ]
        ]
      }
    },
    {
      "type": "Feature",
      "properties": {
        "zone_id": 92,
        "ssbg": "23609",
        "super_zone": 1007
      },
      "geometry": {
        "type": "Polygon",
        "coordinates": [
          [
            [
              114.1800788758558,
              22.312
            ],
            [
              114.18007897187917,
              22.311960539276377
            ],
            [
              114.18007715549707,
              22.311897325093497
            ],
            [
              114.180074117201,
              22.311834110934548
            ],
            [
              114.1800708733218,
              22.311778238659336
            ],
            [
              114.18007048494782,
              22.311771466617962
            ],
            [
              114.18006623347782,
              22.311708251579077
            ],
            [
              114.18006077659692,
              22.311645038369726
            ],
            [
              114.18005531099908,
              22.311582392281725
            ],
            [
              114.18004864289107,
              22.311519178192018
            ],
            [
              114.18004136141936,
              22.311456524914153
            ],
            [
              114.18003104377853,
              22.31137976318382
            ],
            [
              114.18002133596939,
              22.31131710995187
            ],
            [
              114.1800067764623,
              22.311255594669984
            ],
            [
              114.17998797669053,
              22.31119463665719
            ],
            [
              114.17996552580257,
              22.31113538007814
            ],
            [
              114.17993883467192,
              22.31107724066257
            ],
            [
              114.17990850406744,
              22.311020249101034
            ],
            [
              114.17987453402868,
              22.310966057089004
            ],
            [
              114.17983631309512,
              22.31091356290187
            ],
            [
              114.1797950641597,
              22.310863326411788
            ],
            [
              114.17975078722387,
              22.310815355743994
            ],
            [
              114.17970287087289,
              22.31077076438038
            ],
            [
              114.17965190711192,
              22.310728438833973
            ],
            [
              114.17955971455669,
              22.31066409735767
            ],
            [
              114.17951240175444,
              22.310708691270374
            ],
            [
              114.1794632643015,
              22.31075270724003
            ],
            [
              114.17941292332046,
              22.310795042618295
            ],
            [
              114.17936135941109,
              22.31083624285292
            ],
            [
              114.17930919371811,
              22.310876321479107
            ],
            [
              114.17925521306917,
              22.310915261356364
            ],
            [
              114.17916361408865,
              22.310998796688878
            ],
            [
              114.1791157002932,
              22.311043949487047
            ],
            [
              114.17906898994494,
              22.31108967208529
            ],
            [
              114.17902288907396,
              22.311135954559006
            ],
            [
              114.1789773908953,
              22.311183366739897
            ],
            [
              114.17893251383184,
              22.311230786124174
            ],
            [
              114.17847132913343,
              22.311778262737946
            ],
            [
              114.17828454293408,
              22.312
            ],
            [
              114.1800788758558,
              22.312
            ]
          ]
        ]
      }
    },
    {
      "type": "Feature",
      "properties": {
        "zone_id": 93,
        "ssbg": "23610S",
        "super_zone": 1007
      },
      "geometry": {
        "type": "Polygon",
        "coordinates": [
          [
            [
              114.18089048601455,
              22.30801132909604
            ],
            [
              114.18086318703854,
              22.308036724747378
            ],
            [
              114.18080110376512,
              22.30809879273845
            ],
            [
              114.18078554774972,
              22.308114054844403
            ],
            [
              114.18075181248746,
              22.308147866256153
            ],
            [
              114.18080071126079,
              22.30825572753802
            ],
            [
              114.18068910714612,
              22.30849728902731
            ],
            [
              114.18010196925735,
              22.30926660030771
            ],
            [
              114.18009843761783,
              22.309271224952095
            ],
            [
              114.18044490014465,
              22.309458233313855
            ],
            [
              114.18061258205103,
              22.309597634042284
            ],
            [
              114.18053143842727,
              22.309648694956962
            ],
            [
              114.18043984048089,
              22.309710791463335
            ],
            [
              114.18038828696197,
              22.309751430326013
            ],
            [
              114.1803391510751,
              22.309794887571666
            ],
            [
              114.18029243961341,
              22.309841170426772
            ],
            [
              114.17976048491818,
              22.310447360254344
            ],
            [
              114.17969618850681,
              22.310522422883814
            ],
            [
              114.1796519039469,
              22.310570972189083
            ],
            [
              114.17960702729553,
              22.310617815611007
            ],
            [
              114.17955971455669,
              22.31066409735767
            ],
            [
              114.17965190711192,
              22.310728438833973
            ],
            [
              114.17970287087289,
              22.31077076438038
            ],
            [
              114.17975078722387,
              22.310815355743994
            ],
            [
              114.1797950641597,
              22.310863326411788
            ],
            [
              114.17983631309512,
              22.31091356290187
            ],
            [
              114.17987453402868,
              22.310966057089004
            ],
            [
              114.17990850406744,
              22.311020249101034
            ],
            [
              114.17993883467192,
              22.31107724066257
            ],
            [
              114.17996552580257,
              22.31113538007814
            ],
            [
              114.17998797669053,
              22.31119463665719
            ],
            [
              114.1800067764623,
              22.311255594669984
            ],
            [
              114.18002133596939,
              22.31131710995187
            ],
            [
              114.18003104377853,
              22.31137976318382
            ],
            [
              114.18004136141936,
              22.311456524914153
            ],
            [
              114.18004864289107,
              22.311519178192018
            ],
            [
              114.18005531099908,
              22.311582392281725
            ],
            [
              114.18006077659692,
              22.311645038369726
            ],
            [
              114.18006623347782,
              22.311708251579077
            ],
            [
              114.18007048494782,
              22.311771466617962
            ],
            [
              114.1800708733218,
              22.311778238659336
            ],
            [
              114.180074117201,
              22.311834110934548
            ],
            [
              114.18007715549707,
              22.311897325093497
            ],
            [
              114.18007897187917,
              22.311960539276377
            ],
            [
              114.1800788758558,
              22.312
            ],
            [
              114.181,
              22.312
            ],
            [
              114.181,
              22.307974188999758
            ],
            [
              114.18096630271052,
              22.30800511412247
            ],
            [
              114.18089048601455,
              22.30801132909604
            ]
          ]
        ]
      }
    },
    {
      "type": "Feature",
      "properties": {
        "zone_id": 94,
        "ssbg": "25103S",
        "super_zone": 1008
      },
      "geometry": {
        "type": "Polygon",
        "coordinates": [
          [
            [
              114.16807331254286,
              22.302657689660638
            ],
            [
              114.1679872006987,
              22.302211789434793
            ],
            [
              114.16798417487892,
              22.302194296068603
            ],
            [
              114.1679793150598,
              22.30215817334978
            ],
            [
              114.16797748102442,
              22.302140112022755
            ],
            [
              114.16797564795996,
              22.302122050695733
            ],
            [
              114.16797386338389,
              22.302104560106066
            ],
            [
              114.16797022751054,
              22.302050376226205
            ],
            [
              114.167969617249,
              22.302032314965675
            ],
            [
              114.1679690166924,
              22.30201425370563
            ],
            [
              114.16796902010951,
              22.301960070023842
            ],
            [
              114.16796962294327,
              22.301942016956893
            ],
            [
              114.16797023548268,
              22.30192394763536
            ],
            [
              114.16797084802141,
              22.301905886441308
            ],
            [
              114.16797205255027,
              22.301887825279536
            ],
            [
              114.16797327745877,
              22.301869764118834
            ],
            [
              114.16797448101653,
              22.30185170295693
            ],
            [
              114.16797630664873,
              22.30183364182889
            ],
            [
              114.16797667566104,
              22.301829965486117
            ],
            [
              114.1679766892564,
              22.301829827318468
            ],
            [
              114.16797813228045,
              22.301815580700794
            ],
            [
              114.16798055957113,
              22.30179807860046
            ],
            [
              114.16798541422106,
              22.301761956409575
            ],
            [
              114.16798844421,
              22.301743895346842
            ],
            [
              114.16799208376304,
              22.30172413656182
            ],
            [
              114.1680886725203,
              22.30114180263195
            ],
            [
              114.16803166752328,
              22.301134594023758
            ],
            [
              114.16790902042848,
              22.301119081762096
            ],
            [
              114.16702044701472,
              22.3010067076931
            ],
            [
              114.16686361940262,
              22.300988790427635
            ],
            [
              114.16686678747615,
              22.300941234501725
            ],
            [
              114.16687076886254,
              22.300892803558828
            ],
            [
              114.16668710949813,
              22.300880095138318
            ],
            [
              114.16633325888142,
              22.30085671946431
            ],
            [
              114.16630061370341,
              22.30085112559256
            ],
            [
              114.16626889753098,
              22.300842012544063
            ],
            [
              114.16623854318534,
              22.300829513097664
            ],
            [
              114.16601623916719,
              22.300687717780093
            ],
            [
              114.16600065420587,
              22.300678018763218
            ],
            [
              114.1658647082192,
              22.30059084433042
            ],
            [
              114.1658271045158,
              22.300566730945548
            ],
            [
              114.16582133015044,
              22.300567859380806
            ],
            [
              114.16580883699115,
              22.300584582329005
            ],
            [
              114.16577174378303,
              22.300634221096846
            ],
            [
              114.16577277203187,
              22.300639893296264
            ],
            [
              114.16596483624151,
              22.30076523133955
            ],
            [
              114.1661969911358,
              22.300912656154267
            ],
            [
              114.16622666762922,
              22.300931503183158
            ],
            [
              114.16622532160932,
              22.300931225855322
            ],
            [
              114.16593219026166,
              22.30087054147229
            ],
            [
              114.16585226471351,
              22.30085399470758
            ],
            [
              114.16585158830796,
              22.300853851978108
            ],
            [
              114.1658509157838,
              22.30085371557032
            ],
            [
              114.16585023840719,
              22.30085358096833
            ],
            [
              114.16584956588291,
              22.30085344636666
            ],
            [
              114.1658488885057,
              22.30085331898916
            ],
            [
              114.16584821112843,
              22.300853192514698
            ],
            [
              114.16584753666244,
              22.300853067846578
            ],
            [
              114.16584685249134,
              22.300852948596155
            ],
            [
              114.16584617899525,
              22.300852831152564
            ],
            [
              114.16584550064667,
              22.30085271551477
            ],
            [
              114.16584481453401,
              22.300852604391757
            ],
            [
              114.16584413521433,
              22.300852496881454
            ],
            [
              114.16584345492412,
              22.30085239027414
            ],
            [
              114.16584277463346,
              22.30085228908519
            ],
            [
              114.16584209337238,
              22.300852187896187
            ],
            [
              114.16584140822904,
              22.300852091222207
            ],
            [
              114.16584072696729,
              22.300851998160734
            ],
            [
              114.16584004570535,
              22.300851907808454
            ],
            [
              114.16583935862052,
              22.300851818358836
            ],
            [
              114.16583867735835,
              22.30085173071571
            ],
            [
              114.16583799027289,
              22.30085164939365
            ],
            [
              114.165837303187,
              22.300851573489936
            ],
            [
              114.16583662095368,
              22.30085149487736
            ],
            [
              114.16583593386757,
              22.300851421682847
            ],
            [
              114.16583524581088,
              22.30085135029435
            ],
            [
              114.16583456260601,
              22.30085128522764
            ],
            [
              114.16583387357826,
              22.30085122106357
            ],
            [
              114.16583318649138,
              22.300851157802715
            ],
            [
              114.16583249843383,
              22.30085109725096
            ],
            [
              114.16583181231672,
              22.30085104302076
            ],
            [
              114.16583112231783,
              22.300850987887248
            ],
            [
              114.16583043717063,
              22.300850940881606
            ],
            [
              114.16582974911194,
              22.30085089477883
            ],
            [
              114.1658290581417,
              22.30085085048198
            ],
            [
              114.16582837105321,
              22.300850807991512
            ],
            [
              114.16582768202335,
              22.300850770919276
            ],
            [
              114.16582699299335,
              22.300850735653142
            ],
            [
              114.16582629814012,
              22.300850705804994
            ],
            [
              114.16582560910996,
              22.300850672345003
            ],
            [
              114.1658249239608,
              22.30085065062505
            ],
            [
              114.1658242300776,
              22.300850626195334
            ],
            [
              114.16582354104634,
              22.30085060718431
            ],
            [
              114.16582285104451,
              22.30085058907629
            ],
            [
              114.16582216104257,
              22.300850572774362
            ],
            [
              114.16582147201058,
              22.300850562793944
            ],
            [
              114.16582078103754,
              22.3008505546195
            ],
            [
              114.16582008812313,
              22.300850551863313
            ],
            [
              114.1658193981204,
              22.300850545495063
            ],
            [
              114.16581870326476,
              22.300850546350976
            ],
            [
              114.16581801811338,
              22.300850552625903
            ],
            [
              114.16581732810953,
              22.300850560706646
            ],
            [
              114.16581663907606,
              22.300850569690486
            ],
            [
              114.165815949072,
              22.30085058048039
            ],
            [
              114.16581526003804,
              22.300850595785665
            ],
            [
              114.16581456518125,
              22.300850611090556
            ],
            [
              114.16581387517618,
              22.3008506345233
            ],
            [
              114.16581318614139,
              22.30085066066531
            ],
            [
              114.1658124971065,
              22.300850687710373
            ],
            [
              114.16581180710102,
              22.300850716561474
            ],
            [
              114.16581111806565,
              22.30085074992797
            ],
            [
              114.16581042902992,
              22.300850787809775
            ],
            [
              114.16580974096472,
              22.300850824788554
            ],
            [
              114.16580905095802,
              22.30085086899171
            ],
            [
              114.16580836192172,
              22.30085091409797
            ],
            [
              114.16580767288535,
              22.30085096010731
            ],
            [
              114.16580698578935,
              22.300851013341266
            ],
            [
              114.16580629675235,
              22.300851067478153
            ],
            [
              114.16580560771528,
              22.300851122518097
            ],
            [
              114.16580492450049,
              22.300851183879843
            ],
            [
              114.16580423546279,
              22.300851247047337
            ],
            [
              114.16580354836584,
              22.30085131202107
            ],
            [
              114.1658028612685,
              22.30085138241318
            ],
            [
              114.1658021780529,
              22.300851454611657
            ],
            [
              114.16580149095535,
              22.300851527712943
            ],
            [
              114.16580080385735,
              22.300851606232584
            ],
            [
              114.16580012161141,
              22.300851688364826
            ],
            [
              114.1657994345132,
              22.300851769593645
            ],
            [
              114.16579875226714,
              22.300851853531988
            ],
            [
              114.16579806613869,
              22.300851943791507
            ],
            [
              114.16579738486251,
              22.30085203495438
            ],
            [
              114.1657966987335,
              22.300852132438376
            ],
            [
              114.1657960193977,
              22.300852230825885
            ],
            [
              114.1657953381208,
              22.300852331019385
            ],
            [
              114.16579465781389,
              22.30085243753436
            ],
            [
              114.1657939726545,
              22.300852545855136
            ],
            [
              114.16579329234744,
              22.30085265417625
            ],
            [
              114.16579261398118,
              22.300852764303606
            ],
            [
              114.1657919336734,
              22.30085288165533
            ],
            [
              114.16579126015884,
              22.300852999910568
            ],
            [
              114.1657905808212,
              22.300853121777667
            ],
            [
              114.16578990342411,
              22.300853248160173
            ],
            [
              114.16578922505676,
              22.300853371833448
            ],
            [
              114.16578897564236,
              22.300853422387924
            ],
            [
              114.16578855251119,
              22.300853509053034
            ],
            [
              114.16578787608421,
              22.300853639950923
            ],
            [
              114.16578719383422,
              22.300853773557584
            ],
            [
              114.16578652614092,
              22.300853911680555
            ],
            [
              114.1657858545653,
              22.30085405522164
            ],
            [
              114.16578517813726,
              22.300854199665423
            ],
            [
              114.16578450267954,
              22.30085434591542
            ],
            [
              114.16578383692615,
              22.300854496681346
            ],
            [
              114.1657831672907,
              22.300854650156232
            ],
            [
              114.16578249765502,
              22.30085480634028
            ],
            [
              114.16578182801895,
              22.300854967039623
            ],
            [
              114.16578115935323,
              22.30085512954517
            ],
            [
              114.16578049068747,
              22.300855292953763
            ],
            [
              114.16577982784406,
              22.300855461781126
            ],
            [
              114.16577916014802,
              22.300855634220383
            ],
            [
              114.16577849827472,
              22.30085580756313
            ],
            [
              114.16577783834117,
              22.30085599625803
            ],
            [
              114.16577717937743,
              22.30085619308055
            ],
            [
              114.16577652138353,
              22.300856398030703
            ],
            [
              114.16577587018296,
              22.300856602078216
            ],
            [
              114.16577522092227,
              22.300856819671804
            ],
            [
              114.16577457748375,
              22.300857045393332
            ],
            [
              114.16577393016264,
              22.300857280145234
            ],
            [
              114.16577329060465,
              22.300857523025186
            ],
            [
              114.16577265686888,
              22.300857773130023
            ],
            [
              114.16577202507365,
              22.300858028653384
            ],
            [
              114.16577139521833,
              22.30085829681971
            ],
            [
              114.16577076827414,
              22.300858568598507
            ],
            [
              114.16577014618173,
              22.300858847602104
            ],
            [
              114.16576952797041,
              22.30085913653965
            ],
            [
              114.16576891946346,
              22.300859429090092
            ],
            [
              114.16576830901467,
              22.300859733380186
            ],
            [
              114.16576770050646,
              22.300860042185732
            ],
            [
              114.1657671046137,
              22.300860359119692
            ],
            [
              114.16576650580892,
              22.300860684180996
            ],
            [
              114.16576591476733,
              22.30086101556428
            ],
            [
              114.16576533051821,
              22.300861357784733
            ],
            [
              114.16576474820981,
              22.300861702714514
            ],
            [
              114.16576417560628,
              22.300862044935776
            ],
            [
              114.16576360105957,
              22.300862416054855
            ],
            [
              114.16576302845397,
              22.3008627844649
            ],
            [
              114.1657624694346,
              22.300863157391152
            ],
            [
              114.16576191526705,
              22.300863536639195
            ],
            [
              114.16576136303973,
              22.300863924917962
            ],
            [
              114.16576081857569,
              22.300864319518695
            ],
            [
              114.16576028187502,
              22.30086471863526
            ],
            [
              114.16575974808502,
              22.300865126782632
            ],
            [
              114.16575920653088,
              22.300865540347843
            ],
            [
              114.16575869408997,
              22.300865963848718
            ],
            [
              114.16575817970765,
              22.300866393670887
            ],
            [
              114.16575767308916,
              22.300866822590514
            ],
            [
              114.16575716744019,
              22.30086726325003
            ],
            [
              114.16575667149606,
              22.300867702104057
            ],
            [
              114.1657561774915,
              22.300868158116405
            ],
            [
              114.16575569222138,
              22.300868611420153
            ],
            [
              114.16575521568433,
              22.300869079173467
            ],
            [
              114.16575474205897,
              22.300869543314747
            ],
            [
              114.16575427619638,
              22.30087002009941
            ],
            [
              114.16575381906775,
              22.300870499593863
            ],
            [
              114.16575302603705,
              22.300872499820915
            ],
            [
              114.1653527096234,
              22.30082454020539
            ],
            [
              114.16534262558228,
              22.30082335377209
            ],
            [
              114.1653318059346,
              22.300822065240077
            ],
            [
              114.16532685562326,
              22.30082147428703
            ],
            [
              114.16532195771663,
              22.30082089146508
            ],
            [
              114.1653112894607,
              22.300819623712854
            ],
            [
              114.16530084732226,
              22.300818378552535
            ],
            [
              114.16529017227327,
              22.30081711260458
            ],
            [
              114.1652676508382,
              22.300814365694432
            ],
            [
              114.165259247635,
              22.300813359084948
            ],
            [
              114.1652509521529,
              22.30081236512556
            ],
            [
              114.16501247747122,
              22.300783803965594
            ],
            [
              114.16489851072572,
              22.300770152172564
            ],
            [
              114.1648622786683,
              22.300765812100018
            ],
            [
              114.164,
              22.300664518475546
            ],
            [
              114.164,
              22.301570885555968
            ],
            [
              114.1641732494577,
              22.3015821698106
            ],
            [
              114.16414614071545,
              22.30194245848098
            ],
            [
              114.16412125690474,
              22.30227317565901
            ],
            [
              114.16409784043604,
              22.302581451861876
            ],
            [
              114.16408546173024,
              22.302744413716667
            ],
            [
              114.164,
              22.302738457164732
            ],
            [
              114.164,
              22.306543199152884
            ],
            [
              114.16511445690377,
              22.306315045774006
            ],
            [
              114.16700251538403,
              22.305963392789778
            ],
            [
              114.16701021062705,
              22.305961721689965
            ],
            [
              114.16701464871088,
              22.30592049632422
            ],
            [
              114.1670152526556,
              22.305902435142183
            ],
            [
              114.16701643789253,
              22.305884935699172
            ],
            [
              114.16701767169353,
              22.305866874555125
            ],
            [
              114.16701889481868,
              22.305848813410403
            ],
            [
              114.1670207109209,
              22.305830752301485
            ],
            [
              114.16702253672767,
              22.30581269119309
            ],
            [
              114.16702498365522,
              22.305794638249708
            ],
            [
              114.16702744028775,
              22.305776577179294
            ],
            [
              114.16702981924037,
              22.30575907600191
            ],
            [
              114.16703284846804,
              22.305741015868993
            ],
            [
              114.16703527598351,
              22.305722954796593
            ],
            [
              114.16703889717715,
              22.305705452790882
            ],
            [
              114.16704261545839,
              22.30568740082678
            ],
            [
              114.16704622597396,
              22.305669908753877
            ],
            [
              114.16704983940134,
              22.305652399522852
            ],
            [
              114.16705417782981,
              22.305634355723303
            ],
            [
              114.16705838229022,
              22.305616854655177
            ],
            [
              114.16706258577904,
              22.305599353586842
            ],
            [
              114.1670674385323,
              22.30558185165438
            ],
            [
              114.16707229225464,
              22.305564352430967
            ],
            [
              114.16707779621045,
              22.305546868598487
            ],
            [
              114.16708329143036,
              22.305529385668304
            ],
            [
              114.16708862939203,
              22.305512417473256
            ],
            [
              114.1670941333438,
              22.305494933640112
            ],
            [
              114.16710020014622,
              22.305478003416873
            ],
            [
              114.16710687840207,
              22.305460501592442
            ],
            [
              114.16711293549601,
              22.30544357768951
            ],
            [
              114.1671196137098,
              22.3054266375684
            ],
            [
              114.16712629192072,
              22.305409715508187
            ],
            [
              114.1671336397746,
              22.30539280071217
            ],
            [
              114.16714077408231,
              22.305376384392687
            ],
            [
              114.167148131637,
              22.305359479530217
            ],
            [
              114.16715602389857,
              22.305343107505255
            ],
            [
              114.16716389577729,
              22.305326742703116
            ],
            [
              114.16717178613263,
              22.30530981168243
            ],
            [
              114.16718026942274,
              22.305293439691358
            ],
            [
              114.16719666429505,
              22.30526183353066
            ],
            [
              114.16720879552993,
              22.30524772934074
            ],
            [
              114.16722092870351,
              22.305233623343856
            ],
            [
              114.16723305993413,
              22.30521951012147
            ],
            [
              114.16724514364867,
              22.305204799068935
            ],
            [
              114.16725671392318,
              22.30519073006155
            ],
            [
              114.16726822406676,
              22.305176038840774
            ],
            [
              114.1672797642911,
              22.3051613819372
            ],
            [
              114.16729129477115,
              22.30514726777188
            ],
            [
              114.16730281558182,
              22.305132594610384
            ],
            [
              114.16731374535692,
              22.3051179187042
            ],
            [
              114.16732465381637,
              22.305102686510416
            ],
            [
              114.16733617462064,
              22.30508800250974
            ],
            [
              114.1673471034175,
              22.305073337437882
            ],
            [
              114.16735740142764,
              22.30505809346634
            ],
            [
              114.16736833025945,
              22.30504284230641
            ],
            [
              114.16737924938217,
              22.30502761733391
            ],
            [
              114.16738955708968,
              22.305012384197525
            ],
            [
              114.16739987450065,
              22.304997140224287
            ],
            [
              114.16741019287976,
              22.304981898056546
            ],
            [
              114.16742049961017,
              22.304966663111934
            ],
            [
              114.16743026382862,
              22.30495145703314
            ],
            [
              114.16744045510775,
              22.304935589937788
            ],
            [
              114.1674502193219,
              22.30492038295469
            ],
            [
              114.1674599253439,
              22.30490457994733
            ],
            [
              114.16746963136373,
              22.304888776939354
            ],
            [
              114.16747873567361,
              22.304872972993017
            ],
            [
              114.16748577253396,
              22.304861532518046
            ],
            [
              114.16748844168913,
              22.304857169983848
            ],
            [
              114.16749754599479,
              22.304841366939456
            ],
            [
              114.1675157361605,
              22.304809761751052
            ],
            [
              114.16752476188992,
              22.30479335364962
            ],
            [
              114.16753341004829,
              22.304777641786117
            ],
            [
              114.16754242703972,
              22.30476122465252
            ],
            [
              114.16755100633016,
              22.30474488876886
            ],
            [
              114.16755933520044,
              22.304729012528487
            ],
            [
              114.16756791642743,
              22.30471268477152
            ],
            [
              114.16757579695707,
              22.304696322657776
            ],
            [
              114.16758428986802,
              22.304679950644864
            ],
            [
              114.16759210343214,
              22.304663552404016
            ],
            [
              114.1676001402392,
              22.304646683680634
            ],
            [
              114.16760794409487,
              22.304630282729224
            ],
            [
              114.16761522485014,
              22.304613911548703
            ],
            [
              114.16762311511037,
              22.304596989535156
            ],
            [
              114.16763039489172,
              22.304580617450757
            ],
            [
              114.16763767470806,
              22.304563684565096
            ],
            [
              114.16764495549302,
              22.30454675348522
            ],
            [
              114.16765223433534,
              22.304529820598773
            ],
            [
              114.16765890273507,
              22.304512889483583
            ],
            [
              114.16766558083832,
              22.304495955659434
            ],
            [
              114.167677112144,
              22.304467735651343
            ],
            [
              114.16794951508925,
              22.303486241625606
            ],
            [
              114.16795679380442,
              22.303469869524264
            ],
            [
              114.16796407352368,
              22.3034529384277
            ],
            [
              114.1679713542118,
              22.30343600552473
            ],
            [
              114.16797803125608,
              22.303419064460904
            ],
            [
              114.1679846995633,
              22.30340214055446
            ],
            [
              114.16799076616796,
              22.303385209390438
            ],
            [
              114.16799744518367,
              22.30336770842787
            ],
            [
              114.16800350110938,
              22.30335078629332
            ],
            [
              114.16800904465182,
              22.303333311457195
            ],
            [
              114.16801443191227,
              22.303316353163382
            ],
            [
              114.16801867382003,
              22.303302238546934
            ],
            [
              114.16801988616835,
              22.303298861163793
            ],
            [
              114.16802534139423,
              22.30328135923036
            ],
            [
              114.16803019491775,
              22.303263858167146
            ],
            [
              114.16803504843945,
              22.30324636703741
            ],
            [
              114.16803930025928,
              22.303228874068758
            ],
            [
              114.16804355207861,
              22.303211372069388
            ],
            [
              114.16804779419188,
              22.303193872778508
            ],
            [
              114.16805203633868,
              22.303175819910923
            ],
            [
              114.16805568645424,
              22.303158319684666
            ],
            [
              114.16805872519866,
              22.303140258624214
            ],
            [
              114.16806235590234,
              22.303122765621165
            ],
            [
              114.168065434435,
              22.30310470456266
            ],
            [
              114.16806842461796,
              22.303087202494197
            ],
            [
              114.16807328802435,
              22.303051080306883
            ],
            [
              114.16807449302796,
              22.30304092093286
            ],
            [
              114.16807570565459,
              22.303033019212346
            ],
            [
              114.16807677480975,
              22.30302254556563
            ],
            [
              114.16807749243488,
              22.30301551978781
            ],
            [
              114.16807932777384,
              22.302997458661725
            ],
            [
              114.16808116408289,
              22.302979396632587
            ],
            [
              114.16808238704594,
              22.302961336376423
            ],
            [
              114.16808359156956,
              22.30294327521617
            ],
            [
              114.16808420409821,
              22.302925214023947
            ],
            [
              114.16808541832613,
              22.30290715286412
            ],
            [
              114.16808541945029,
              22.302889090735817
            ],
            [
              114.1680860222736,
              22.30287103044602
            ],
            [
              114.16808602452171,
              22.30283490799531
            ],
            [
              114.16808542394675,
              22.302816846737475
            ],
            [
              114.16808482337194,
              22.30279878547959
            ],
            [
              114.16808421309251,
              22.302780724221147
            ],
            [
              114.16808057715917,
              22.30272654034823
            ],
            [
              114.16807866643427,
              22.302708496177626
            ],
            [
              114.16807682360974,
              22.302690994750474
            ],
            [
              114.16807331254286,
              22.302657689660638
            ]
          ]
        ]
      }
    },
    {
      "type": "Feature",
      "properties": {
        "zone_id": 95,
        "ssbg": "25203S",
        "super_zone": 1009
      },
      "geometry": {
        "type": "Polygon",
        "coordinates": [
          [
            [
              114.16420462484119,
              22.311893949342736
            ],
            [
              114.16424848914443,
              22.31189894396534
            ],
            [
              114.16432167121043,
              22.31190915962496
            ],
            [
              114.16439550129877,
              22.31192290446074
            ],
            [
              114.16441890075794,
              22.3119272608095
            ],
            [
              114.16444312611617,
              22.311932029916537
            ],
            [
              114.1645895973807,
              22.311960165945205
            ],
            [
              114.16476157646005,
              22.311989746831813
            ],
            [
              114.16476202581602,
              22.311989824528432
            ],
            [
              114.16482118586849,
              22.312
            ],
            [
              114.1672384461131,
              22.312
            ],
            [
              114.16726300923108,
              22.31177798890453
            ],
            [
              114.1673305462276,
              22.31139448212882
            ],
            [
              114.16741946224208,
              22.310889784943726
            ],
            [
              114.16758818441492,
              22.309931818205687
            ],
            [
              114.16759061327865,
              22.309922787739197
            ],
            [
              114.16759426254525,
              22.309906985291587
            ],
            [
              114.16759911635187,
              22.309889483352553
            ],
            [
              114.16759967064267,
              22.309887695324324
            ],
            [
              114.16760457188647,
              22.30987198235063
            ],
            [
              114.16760942568989,
              22.309854491247922
            ],
            [
              114.16761488219177,
              22.309836999276254
            ],
            [
              114.16762095688424,
              22.30982005730328
            ],
            [
              114.16762701511222,
              22.309802566268313
            ],
            [
              114.16763309174226,
              22.309785632422475
            ],
            [
              114.16763976039415,
              22.309768701319083
            ],
            [
              114.16764606115211,
              22.30975270847443
            ],
            [
              114.167609608227,
              22.30974983467404
            ],
            [
              114.1677008264873,
              22.309166444665234
            ],
            [
              114.16775385854339,
              22.308827268017772
            ],
            [
              114.16768454131464,
              22.3085663328855
            ],
            [
              114.16765504372947,
              22.30845529088324
            ],
            [
              114.16752280534928,
              22.30795749824433
            ],
            [
              114.16652123387743,
              22.308182778422065
            ],
            [
              114.16559871924845,
              22.308390276636736
            ],
            [
              114.16551665817552,
              22.308072790925902
            ],
            [
              114.1654341511749,
              22.307753589314615
            ],
            [
              114.16541850263677,
              22.3076930289624
            ],
            [
              114.16535452606259,
              22.307445567745063
            ],
            [
              114.16535221794194,
              22.307436601091528
            ],
            [
              114.16539495910072,
              22.307428186680674
            ],
            [
              114.16533888295065,
              22.307200891353162
            ],
            [
              114.16533450743201,
              22.30717079112419
            ],
            [
              114.1653358281091,
              22.307161255798924
            ],
            [
              114.16533813857772,
              22.3071533180583
            ],
            [
              114.16534344884822,
              22.30714600364201
            ],
            [
              114.1653492527493,
              22.30714308806958
            ],
            [
              114.16618784726113,
              22.306948327943346
            ],
            [
              114.16719877652947,
              22.306713531178435
            ],
            [
              114.16714301581355,
              22.30650404483262
            ],
            [
              114.16705769166242,
              22.306183515413736
            ],
            [
              114.16704313855024,
              22.306133278161553
            ],
            [
              114.16703283458003,
              22.30609320782414
            ],
            [
              114.16702009531929,
              22.3060435405103
            ],
            [
              114.16700979047066,
              22.306002341344776
            ],
            [
              114.16700251538403,
              22.305963392789778
            ],
            [
              114.16511445690377,
              22.306315045774006
            ],
            [
              114.164,
              22.306543199152884
            ],
            [
              114.164,
              22.311871772650417
            ],
            [
              114.16402412962991,
              22.311873218086753
            ],
            [
              114.16418856248657,
              22.311892119394585
            ],
            [
              114.16420462484119,
              22.311893949342736
            ]
          ]
        ]
      }
    }
  ]
}
