o_zone_id,d_zone_id,purpose,person_trips,analysis_period
tract2020_42003010302,tract2020_42003010301,HBW,0.05304282196914364,synthetic_weekday_0800_0900_one_hour
tract2020_42003010302,tract2020_42003020300,HBW,2.9798789204403437,synthetic_weekday_0800_0900_one_hour
tract2020_42003010302,tract2020_42003030500,HBW,0.23973154709495614,synthetic_weekday_0800_0900_one_hour
tract2020_42003010302,tract2020_42003040200,HBW,5.124241265662873,synthetic_weekday_0800_0900_one_hour
tract2020_42003010302,tract2020_42003040400,HBW,0.8148067970150578,synthetic_weekday_0800_0900_one_hour
tract2020_42003010302,tract2020_42003040500,HBW,2.4242718833588257,synthetic_weekday_0800_0900_one_hour
tract2020_42003010302,tract2020_42003040600,HBW,0.052438543451768474,synthetic_weekday_0800_0900_one_hour
tract2020_42003010302,tract2020_42003040900,HBW,6.056620779370525,synthetic_weekday_0800_0900_one_hour
tract2020_42003010302,tract2020_42003050100,HBW,0.16576041581424414,synthetic_weekday_0800_0900_one_hour
tract2020_42003010302,tract2020_42003050600,HBW,0.11802985862393559,synthetic_weekday_0800_0900_one_hour
tract2020_42003010302,tract2020_42003050900,HBW,0.058744488835928595,synthetic_weekday_0800_0900_one_hour
tract2020_42003010302,tract2020_42003051000,HBW,0.03994735990528478,synthetic_weekday_0800_0900_one_hour
tract2020_42003010302,tract2020_42003051100,HBW,0.12010835396549682,synthetic_weekday_0800_0900_one_hour
tract2020_42003010302,tract2020_42003060500,HBW,0.41003948132833373,synthetic_weekday_0800_0900_one_hour
tract2020_42003010302,tract2020_42003070300,HBW,0.630833436048626,synthetic_weekday_0800_0900_one_hour
tract2020_42003010302,tract2020_42003070500,HBW,0.5301856866142631,synthetic_weekday_0800_0900_one_hour
tract2020_42003010302,tract2020_42003070600,HBW,0.03204191812570318,synthetic_weekday_0800_0900_one_hour
tract2020_42003010302,tract2020_42003070900,HBW,2.7506343347529754,synthetic_weekday_0800_0900_one_hour
tract2020_42003010302,tract2020_42003080200,HBW,0.012171536886060883,synthetic_weekday_0800_0900_one_hour
tract2020_42003010302,tract2020_42003080400,HBW,0.6095035421590258,synthetic_weekday_0800_0900_one_hour
tract2020_42003010302,tract2020_42003080600,HBW,0.17646335844839003,synthetic_weekday_0800_0900_one_hour
tract2020_42003010302,tract2020_42003080700,HBW,0.093038519974124,synthetic_weekday_0800_0900_one_hour
tract2020_42003010302,tract2020_42003111500,HBW,1.4446178043057005,synthetic_weekday_0800_0900_one_hour
tract2020_42003010302,tract2020_42003140100,HBW,3.0045381007097194,synthetic_weekday_0800_0900_one_hour
tract2020_42003010302,tract2020_42003140200,HBW,0.016672054734928797,synthetic_weekday_0800_0900_one_hour
tract2020_42003010302,tract2020_42003140300,HBW,0.11708196345184815,synthetic_weekday_0800_0900_one_hour
tract2020_42003010302,tract2020_42003141300,HBW,0.7044166466128483,synthetic_weekday_0800_0900_one_hour
tract2020_42003010302,tract2020_42003141400,HBW,0.05045235140178133,synthetic_weekday_0800_0900_one_hour
tract2020_42003010302,tract2020_42003151600,HBW,0.08007905137551652,synthetic_weekday_0800_0900_one_hour
tract2020_42003010302,tract2020_42003151700,HBW,0.064473116164964,synthetic_weekday_0800_0900_one_hour
tract2020_42003010302,tract2020_42003160900,HBW,5.057593086504917,synthetic_weekday_0800_0900_one_hour
tract2020_42003010302,tract2020_42003170200,HBW,1.1406302249014055,synthetic_weekday_0800_0900_one_hour
tract2020_42003010302,tract2020_42003170600,HBW,0.00436948036326593,synthetic_weekday_0800_0900_one_hour
tract2020_42003010302,tract2020_42003562000,HBW,0.7493768587941096,synthetic_weekday_0800_0900_one_hour
tract2020_42003010302,tract2020_42003562901,HBW,0.0039905787018239105,synthetic_weekday_0800_0900_one_hour
tract2020_42003010302,tract2020_42003980500,HBW,0.076658460186987,synthetic_weekday_0800_0900_one_hour
tract2020_42003010302,tract2020_42003980800,HBW,0.6819026418277461,synthetic_weekday_0800_0900_one_hour
tract2020_42003010302,tract2020_42003982200,HBW,9.648488315084466,synthetic_weekday_0800_0900_one_hour
tract2020_42003020300,tract2020_42003010301,HBW,0.0895992814640342,synthetic_weekday_0800_0900_one_hour
tract2020_42003020300,tract2020_42003010302,HBW,0.8820673942655306,synthetic_weekday_0800_0900_one_hour
tract2020_42003020300,tract2020_42003030500,HBW,0.4328349042775311,synthetic_weekday_0800_0900_one_hour
tract2020_42003020300,tract2020_42003040200,HBW,11.732462632032501,synthetic_weekday_0800_0900_one_hour
tract2020_42003020300,tract2020_42003040400,HBW,2.142575741038993,synthetic_weekday_0800_0900_one_hour
tract2020_42003020300,tract2020_42003040500,HBW,5.2088284072914215,synthetic_weekday_0800_0900_one_hour
tract2020_42003020300,tract2020_42003040600,HBW,0.10926833285652418,synthetic_weekday_0800_0900_one_hour
tract2020_42003020300,tract2020_42003040900,HBW,11.832844032762628,synthetic_weekday_0800_0900_one_hour
tract2020_42003020300,tract2020_42003050100,HBW,0.38699949802998557,synthetic_weekday_0800_0900_one_hour
tract2020_42003020300,tract2020_42003050600,HBW,0.3493090972520722,synthetic_weekday_0800_0900_one_hour
tract2020_42003020300,tract2020_42003050900,HBW,0.15396878600935793,synthetic_weekday_0800_0900_one_hour
tract2020_42003020300,tract2020_42003051000,HBW,0.09390510292701633,synthetic_weekday_0800_0900_one_hour
tract2020_42003020300,tract2020_42003051100,HBW,0.23657032320340707,synthetic_weekday_0800_0900_one_hour
tract2020_42003020300,tract2020_42003060500,HBW,1.3942474399162539,synthetic_weekday_0800_0900_one_hour
tract2020_42003020300,tract2020_42003070300,HBW,1.7164824687081417,synthetic_weekday_0800_0900_one_hour
tract2020_42003020300,tract2020_42003070500,HBW,1.542049736556571,synthetic_weekday_0800_0900_one_hour
tract2020_42003020300,tract2020_42003070600,HBW,0.08415501443286519,synthetic_weekday_0800_0900_one_hour
tract2020_42003020300,tract2020_42003070900,HBW,7.856743479497593,synthetic_weekday_0800_0900_one_hour
tract2020_42003020300,tract2020_42003080200,HBW,0.03877853682673197,synthetic_weekday_0800_0900_one_hour
tract2020_42003020300,tract2020_42003080400,HBW,1.890820326828951,synthetic_weekday_0800_0900_one_hour
tract2020_42003020300,tract2020_42003080600,HBW,0.5474299688444855,synthetic_weekday_0800_0900_one_hour
tract2020_42003020300,tract2020_42003080700,HBW,0.2886269112103959,synthetic_weekday_0800_0900_one_hour
tract2020_42003020300,tract2020_42003111500,HBW,4.481537054246595,synthetic_weekday_0800_0900_one_hour
tract2020_42003020300,tract2020_42003140100,HBW,7.0703356196957525,synthetic_weekday_0800_0900_one_hour
tract2020_42003020300,tract2020_42003140200,HBW,0.04324239258452104,synthetic_weekday_0800_0900_one_hour
tract2020_42003020300,tract2020_42003140300,HBW,0.30367608004215113,synthetic_weekday_0800_0900_one_hour
tract2020_42003020300,tract2020_42003141300,HBW,1.6570212120110719,synthetic_weekday_0800_0900_one_hour
tract2020_42003020300,tract2020_42003141400,HBW,0.0927029140555094,synthetic_weekday_0800_0900_one_hour
tract2020_42003020300,tract2020_42003151600,HBW,0.14546065794118465,synthetic_weekday_0800_0900_one_hour
tract2020_42003020300,tract2020_42003151700,HBW,0.11846515733497619,synthetic_weekday_0800_0900_one_hour
tract2020_42003020300,tract2020_42003160900,HBW,8.920439170766304,synthetic_weekday_0800_0900_one_hour
tract2020_42003020300,tract2020_42003170200,HBW,2.011811223943666,synthetic_weekday_0800_0900_one_hour
tract2020_42003020300,tract2020_42003170600,HBW,0.0077067654755332195,synthetic_weekday_0800_0900_one_hour
tract2020_42003020300,tract2020_42003562000,HBW,2.1675447603657183,synthetic_weekday_0800_0900_one_hour
tract2020_42003020300,tract2020_42003562901,HBW,0.00722902436383248,synthetic_weekday_0800_0900_one_hour
tract2020_42003020300,tract2020_42003980500,HBW,0.170653128935574,synthetic_weekday_0800_0900_one_hour
tract2020_42003020300,tract2020_42003980800,HBW,1.1518615425803513,synthetic_weekday_0800_0900_one_hour
tract2020_42003020300,tract2020_42003982200,HBW,24.08880135746379,synthetic_weekday_0800_0900_one_hour
tract2020_42003030500,tract2020_42003010301,HBW,0.1089728594206698,synthetic_weekday_0800_0900_one_hour
tract2020_42003030500,tract2020_42003010302,HBW,1.1557662715458508,synthetic_weekday_0800_0900_one_hour
tract2020_42003030500,tract2020_42003020300,HBW,7.467961535139999,synthetic_weekday_0800_0900_one_hour
tract2020_42003030500,tract2020_42003040200,HBW,11.442454828083264,synthetic_weekday_0800_0900_one_hour
tract2020_42003030500,tract2020_42003040400,HBW,1.8292277145116975,synthetic_weekday_0800_0900_one_hour
tract2020_42003030500,tract2020_42003040500,HBW,5.080074458958129,synthetic_weekday_0800_0900_one_hour
tract2020_42003030500,tract2020_42003040600,HBW,0.10773141042756842,synthetic_weekday_0800_0900_one_hour
tract2020_42003030500,tract2020_42003040900,HBW,12.442914238963281,synthetic_weekday_0800_0900_one_hour
tract2020_42003030500,tract2020_42003050100,HBW,0.4154170160600559,synthetic_weekday_0800_0900_one_hour
tract2020_42003030500,tract2020_42003050600,HBW,0.2957980735912956,synthetic_weekday_0800_0900_one_hour
tract2020_42003030500,tract2020_42003050900,HBW,0.14722127802539975,synthetic_weekday_0800_0900_one_hour
tract2020_42003030500,tract2020_42003051000,HBW,0.09985102159730826,synthetic_weekday_0800_0900_one_hour
tract2020_42003030500,tract2020_42003051100,HBW,0.2950387463150076,synthetic_weekday_0800_0900_one_hour
tract2020_42003030500,tract2020_42003060500,HBW,1.027611911827696,synthetic_weekday_0800_0900_one_hour
tract2020_42003030500,tract2020_42003070300,HBW,1.4118361277333173,synthetic_weekday_0800_0900_one_hour
tract2020_42003030500,tract2020_42003070500,HBW,1.245741140671332,synthetic_weekday_0800_0900_one_hour
tract2020_42003030500,tract2020_42003070600,HBW,0.07171138215992366,synthetic_weekday_0800_0900_one_hour
tract2020_42003030500,tract2020_42003070900,HBW,6.477991807414399,synthetic_weekday_0800_0900_one_hour
tract2020_42003030500,tract2020_42003080200,HBW,0.030503443836304708,synthetic_weekday_0800_0900_one_hour
tract2020_42003030500,tract2020_42003080400,HBW,1.5274946163592993,synthetic_weekday_0800_0900_one_hour
tract2020_42003030500,tract2020_42003080600,HBW,0.4422399729783187,synthetic_weekday_0800_0900_one_hour
tract2020_42003030500,tract2020_42003080700,HBW,0.2331665503880403,synthetic_weekday_0800_0900_one_hour
tract2020_42003030500,tract2020_42003111500,HBW,3.6203988428963267,synthetic_weekday_0800_0900_one_hour
tract2020_42003030500,tract2020_42003140100,HBW,6.300844729493226,synthetic_weekday_0800_0900_one_hour
tract2020_42003030500,tract2020_42003140200,HBW,0.0373128750843597,synthetic_weekday_0800_0900_one_hour
tract2020_42003030500,tract2020_42003140300,HBW,0.2620351688120245,synthetic_weekday_0800_0900_one_hour
tract2020_42003030500,tract2020_42003141300,HBW,1.447175948700018,synthetic_weekday_0800_0900_one_hour
tract2020_42003030500,tract2020_42003141400,HBW,0.10365091434891686,synthetic_weekday_0800_0900_one_hour
tract2020_42003030500,tract2020_42003151600,HBW,0.16451694846026782,synthetic_weekday_0800_0900_one_hour
tract2020_42003030500,tract2020_42003151700,HBW,0.1324556191287152,synthetic_weekday_0800_0900_one_hour
tract2020_42003030500,tract2020_42003160900,HBW,10.427056525491151,synthetic_weekday_0800_0900_one_hour
tract2020_42003030500,tract2020_42003170200,HBW,2.3515960312160384,synthetic_weekday_0800_0900_one_hour
tract2020_42003030500,tract2020_42003170600,HBW,0.009008399441300757,synthetic_weekday_0800_0900_one_hour
tract2020_42003030500,tract2020_42003562000,HBW,1.8780352176092674,synthetic_weekday_0800_0900_one_hour
tract2020_42003030500,tract2020_42003562901,HBW,0.008198371725658717,synthetic_weekday_0800_0900_one_hour
tract2020_42003030500,tract2020_42003980500,HBW,0.16076116815631256,synthetic_weekday_0800_0900_one_hour
tract2020_42003030500,tract2020_42003980800,HBW,1.4009224616613665,synthetic_weekday_0800_0900_one_hour
tract2020_42003030500,tract2020_42003982200,HBW,21.76544263990908,synthetic_weekday_0800_0900_one_hour
tract2020_42003040200,tract2020_42003010301,HBW,0.06659030070198028,synthetic_weekday_0800_0900_one_hour
tract2020_42003040200,tract2020_42003010302,HBW,0.6345264571756501,synthetic_weekday_0800_0900_one_hour
tract2020_42003040200,tract2020_42003020300,HBW,4.956534643967088,synthetic_weekday_0800_0900_one_hour
tract2020_42003040200,tract2020_42003030500,HBW,0.28459643240729343,synthetic_weekday_0800_0900_one_hour
tract2020_42003040200,tract2020_42003040400,HBW,1.4626607495708093,synthetic_weekday_0800_0900_one_hour
tract2020_42003040200,tract2020_42003040500,HBW,4.25373314174853,synthetic_weekday_0800_0900_one_hour
tract2020_42003040200,tract2020_42003040600,HBW,0.08923279718041245,synthetic_weekday_0800_0900_one_hour
tract2020_42003040200,tract2020_42003040900,HBW,9.587717306237767,synthetic_weekday_0800_0900_one_hour
tract2020_42003040200,tract2020_42003050100,HBW,0.23358740185795562,synthetic_weekday_0800_0900_one_hour
tract2020_42003040200,tract2020_42003050600,HBW,0.19632310537155154,synthetic_weekday_0800_0900_one_hour
tract2020_42003040200,tract2020_42003050900,HBW,0.0860290092825978,synthetic_weekday_0800_0900_one_hour
tract2020_42003040200,tract2020_42003051000,HBW,0.06923104135592999,synthetic_weekday_0800_0900_one_hour
tract2020_42003040200,tract2020_42003051100,HBW,0.15647811134341008,synthetic_weekday_0800_0900_one_hour
tract2020_42003040200,tract2020_42003060500,HBW,0.6820327096705839,synthetic_weekday_0800_0900_one_hour
tract2020_42003040200,tract2020_42003070300,HBW,1.1324099281024518,synthetic_weekday_0800_0900_one_hour
tract2020_42003040200,tract2020_42003070500,HBW,0.9627287413550447,synthetic_weekday_0800_0900_one_hour
tract2020_42003040200,tract2020_42003070600,HBW,0.05751848923587383,synthetic_weekday_0800_0900_one_hour
tract2020_42003040200,tract2020_42003070900,HBW,5.113458715343305,synthetic_weekday_0800_0900_one_hour
tract2020_42003040200,tract2020_42003080200,HBW,0.022722426300919363,synthetic_weekday_0800_0900_one_hour
tract2020_42003040200,tract2020_42003080400,HBW,1.1378513203799596,synthetic_weekday_0800_0900_one_hour
tract2020_42003040200,tract2020_42003080600,HBW,0.329430514378856,synthetic_weekday_0800_0900_one_hour
tract2020_42003040200,tract2020_42003080700,HBW,0.1736889049467298,synthetic_weekday_0800_0900_one_hour
tract2020_42003040200,tract2020_42003111500,HBW,2.6968838774111084,synthetic_weekday_0800_0900_one_hour
tract2020_42003040200,tract2020_42003140100,HBW,5.3052787368751115,synthetic_weekday_0800_0900_one_hour
tract2020_42003040200,tract2020_42003140200,HBW,0.029928027312499,synthetic_weekday_0800_0900_one_hour
tract2020_42003040200,tract2020_42003140300,HBW,0.2101739860922359,synthetic_weekday_0800_0900_one_hour
tract2020_42003040200,tract2020_42003141300,HBW,1.19281094623084,synthetic_weekday_0800_0900_one_hour
tract2020_42003040200,tract2020_42003141400,HBW,0.07562416180518063,synthetic_weekday_0800_0900_one_hour
tract2020_42003040200,tract2020_42003151600,HBW,0.11849153538161926,synthetic_weekday_0800_0900_one_hour
tract2020_42003040200,tract2020_42003151700,HBW,0.09664020077310602,synthetic_weekday_0800_0900_one_hour
tract2020_42003040200,tract2020_42003160900,HBW,6.629681812945044,synthetic_weekday_0800_0900_one_hour
tract2020_42003040200,tract2020_42003170200,HBW,1.4951806774455332,synthetic_weekday_0800_0900_one_hour
tract2020_42003040200,tract2020_42003170600,HBW,0.00572767796872788,synthetic_weekday_0800_0900_one_hour
tract2020_42003040200,tract2020_42003562000,HBW,1.387795990008747,synthetic_weekday_0800_0900_one_hour
tract2020_42003040200,tract2020_42003562901,HBW,0.005897213844396625,synthetic_weekday_0800_0900_one_hour
tract2020_42003040200,tract2020_42003980500,HBW,0.13536007372831843,synthetic_weekday_0800_0900_one_hour
tract2020_42003040200,tract2020_42003980800,HBW,0.909055628284842,synthetic_weekday_0800_0900_one_hour
tract2020_42003040200,tract2020_42003982200,HBW,18.326390348214787,synthetic_weekday_0800_0900_one_hour
tract2020_42003040400,tract2020_42003010301,HBW,0.09199064112914783,synthetic_weekday_0800_0900_one_hour
tract2020_42003040400,tract2020_42003010302,HBW,0.88603006211236,synthetic_weekday_0800_0900_one_hour
tract2020_42003040400,tract2020_42003020300,HBW,7.522687019261341,synthetic_weekday_0800_0900_one_hour
tract2020_42003040400,tract2020_42003030500,HBW,0.39079923294267005,synthetic_weekday_0800_0900_one_hour
tract2020_42003040400,tract2020_42003040200,HBW,13.26959531257481,synthetic_weekday_0800_0900_one_hour
tract2020_42003040400,tract2020_42003040500,HBW,6.123244207082653,synthetic_weekday_0800_0900_one_hour
tract2020_42003040400,tract2020_42003040600,HBW,0.1273909238246206,synthetic_weekday_0800_0900_one_hour
tract2020_42003040400,tract2020_42003040900,HBW,13.387945710213302,synthetic_weekday_0800_0900_one_hour
tract2020_42003040400,tract2020_42003050100,HBW,0.33282578871793694,synthetic_weekday_0800_0900_one_hour
tract2020_42003040400,tract2020_42003050600,HBW,0.3022644639146074,synthetic_weekday_0800_0900_one_hour
tract2020_42003040400,tract2020_42003050900,HBW,0.12525115987011642,synthetic_weekday_0800_0900_one_hour
tract2020_42003040400,tract2020_42003051000,HBW,0.09190615824707267,synthetic_weekday_0800_0900_one_hour
tract2020_42003040400,tract2020_42003051100,HBW,0.21271931874596908,synthetic_weekday_0800_0900_one_hour
tract2020_42003040400,tract2020_42003060500,HBW,1.0351422879683616,synthetic_weekday_0800_0900_one_hour
tract2020_42003040400,tract2020_42003070300,HBW,2.0930485130324428,synthetic_weekday_0800_0900_one_hour
tract2020_42003040400,tract2020_42003070500,HBW,1.75910834712561,synthetic_weekday_0800_0900_one_hour
tract2020_42003040400,tract2020_42003070600,HBW,0.10631219788822477,synthetic_weekday_0800_0900_one_hour
tract2020_42003040400,tract2020_42003070900,HBW,9.126356935536506,synthetic_weekday_0800_0900_one_hour
tract2020_42003040400,tract2020_42003080200,HBW,0.04038747987709567,synthetic_weekday_0800_0900_one_hour
tract2020_42003040400,tract2020_42003080400,HBW,2.022448954014784,synthetic_weekday_0800_0900_one_hour
tract2020_42003040400,tract2020_42003080600,HBW,0.58553906586283,synthetic_weekday_0800_0900_one_hour
tract2020_42003040400,tract2020_42003080700,HBW,0.3087195469581965,synthetic_weekday_0800_0900_one_hour
tract2020_42003040400,tract2020_42003111500,HBW,4.793517289366141,synthetic_weekday_0800_0900_one_hour
tract2020_42003040400,tract2020_42003140100,HBW,9.044488944936472,synthetic_weekday_0800_0900_one_hour
tract2020_42003040400,tract2020_42003140200,HBW,0.05531637573099155,synthetic_weekday_0800_0900_one_hour
tract2020_42003040400,tract2020_42003140300,HBW,0.38846740756290543,synthetic_weekday_0800_0900_one_hour
tract2020_42003040400,tract2020_42003141300,HBW,2.119688631443533,synthetic_weekday_0800_0900_one_hour
tract2020_42003040400,tract2020_42003141400,HBW,0.11262214948272896,synthetic_weekday_0800_0900_one_hour
tract2020_42003040400,tract2020_42003151600,HBW,0.17004514104595086,synthetic_weekday_0800_0900_one_hour
tract2020_42003040400,tract2020_42003151700,HBW,0.13555577111749575,synthetic_weekday_0800_0900_one_hour
tract2020_42003040400,tract2020_42003160900,HBW,9.158521196419969,synthetic_weekday_0800_0900_one_hour
tract2020_42003040400,tract2020_42003170200,HBW,2.065505451577544,synthetic_weekday_0800_0900_one_hour
tract2020_42003040400,tract2020_42003170600,HBW,0.007912455161940786,synthetic_weekday_0800_0900_one_hour
tract2020_42003040400,tract2020_42003562000,HBW,2.4418275290413267,synthetic_weekday_0800_0900_one_hour
tract2020_42003040400,tract2020_42003562901,HBW,0.008271934078436034,synthetic_weekday_0800_0900_one_hour
tract2020_42003040400,tract2020_42003980500,HBW,0.21621932732486954,synthetic_weekday_0800_0900_one_hour
tract2020_42003040400,tract2020_42003980800,HBW,1.2751187983370214,synthetic_weekday_0800_0900_one_hour
tract2020_42003040400,tract2020_42003982200,HBW,30.52076723152005,synthetic_weekday_0800_0900_one_hour
tract2020_42003040500,tract2020_42003010301,HBW,0.13550005511248125,synthetic_weekday_0800_0900_one_hour
tract2020_42003040500,tract2020_42003010302,HBW,1.2980159976118741,synthetic_weekday_0800_0900_one_hour
tract2020_42003040500,tract2020_42003020300,HBW,9.639477238352098,synthetic_weekday_0800_0900_one_hour
tract2020_42003040500,tract2020_42003030500,HBW,0.5725129179078662,synthetic_weekday_0800_0900_one_hour
tract2020_42003040500,tract2020_42003040200,HBW,19.439686906891218,synthetic_weekday_0800_0900_one_hour
tract2020_42003040500,tract2020_42003040400,HBW,3.0911091422879275,synthetic_weekday_0800_0900_one_hour
tract2020_42003040500,tract2020_42003040600,HBW,0.19489123426155985,synthetic_weekday_0800_0900_one_hour
tract2020_42003040500,tract2020_42003040900,HBW,19.613067829308502,synthetic_weekday_0800_0900_one_hour
tract2020_42003040500,tract2020_42003050100,HBW,0.4542811873848609,synthetic_weekday_0800_0900_one_hour
tract2020_42003040500,tract2020_42003050600,HBW,0.3818095184495671,synthetic_weekday_0800_0900_one_hour
tract2020_42003040500,tract2020_42003050900,HBW,0.16730936760967574,synthetic_weekday_0800_0900_one_hour
tract2020_42003040500,tract2020_42003051000,HBW,0.13464065022730648,synthetic_weekday_0800_0900_one_hour
tract2020_42003040500,tract2020_42003051100,HBW,0.3043189044246983,synthetic_weekday_0800_0900_one_hour
tract2020_42003040500,tract2020_42003060500,HBW,1.326418405787471,synthetic_weekday_0800_0900_one_hour
tract2020_42003040500,tract2020_42003070300,HBW,2.393174687023107,synthetic_weekday_0800_0900_one_hour
tract2020_42003040500,tract2020_42003070500,HBW,2.0113502108810493,synthetic_weekday_0800_0900_one_hour
tract2020_42003040500,tract2020_42003070600,HBW,0.12155650445926731,synthetic_weekday_0800_0900_one_hour
tract2020_42003040500,tract2020_42003070900,HBW,10.435002469780402,synthetic_weekday_0800_0900_one_hour
tract2020_42003040500,tract2020_42003080200,HBW,0.04565918317636044,synthetic_weekday_0800_0900_one_hour
tract2020_42003040500,tract2020_42003080400,HBW,2.2882502222820937,synthetic_weekday_0800_0900_one_hour
tract2020_42003040500,tract2020_42003080600,HBW,0.6624938023556546,synthetic_weekday_0800_0900_one_hour
tract2020_42003040500,tract2020_42003080700,HBW,0.3492931530101584,synthetic_weekday_0800_0900_one_hour
tract2020_42003040500,tract2020_42003111500,HBW,5.423507466594363,synthetic_weekday_0800_0900_one_hour
tract2020_42003040500,tract2020_42003140100,HBW,11.62201260861922,synthetic_weekday_0800_0900_one_hour
tract2020_42003040500,tract2020_42003140200,HBW,0.06324829517948985,synthetic_weekday_0800_0900_one_hour
tract2020_42003040500,tract2020_42003140300,HBW,0.44417048182323915,synthetic_weekday_0800_0900_one_hour
tract2020_42003040500,tract2020_42003141300,HBW,2.562718013391007,synthetic_weekday_0800_0900_one_hour
tract2020_42003040500,tract2020_42003141400,HBW,0.16228358061159673,synthetic_weekday_0800_0900_one_hour
tract2020_42003040500,tract2020_42003151600,HBW,0.2542736365585421,synthetic_weekday_0800_0900_one_hour
tract2020_42003040500,tract2020_42003151700,HBW,0.20738236878426955,synthetic_weekday_0800_0900_one_hour
tract2020_42003040500,tract2020_42003160900,HBW,13.979872215723262,synthetic_weekday_0800_0900_one_hour
tract2020_42003040500,tract2020_42003170200,HBW,3.0259234239867103,synthetic_weekday_0800_0900_one_hour
tract2020_42003040500,tract2020_42003170600,HBW,0.01159158568062599,synthetic_weekday_0800_0900_one_hour
tract2020_42003040500,tract2020_42003562000,HBW,2.7796444454108498,synthetic_weekday_0800_0900_one_hour
tract2020_42003040500,tract2020_42003562901,HBW,0.012654963115708918,synthetic_weekday_0800_0900_one_hour
tract2020_42003040500,tract2020_42003980500,HBW,0.2965266410301292,synthetic_weekday_0800_0900_one_hour
tract2020_42003040500,tract2020_42003980800,HBW,1.9507628092888525,synthetic_weekday_0800_0900_one_hour
tract2020_42003040500,tract2020_42003982200,HBW,36.603192989153065,synthetic_weekday_0800_0900_one_hour
tract2020_42003040600,tract2020_42003010301,HBW,0.1095473867543218,synthetic_weekday_0800_0900_one_hour
tract2020_42003040600,tract2020_42003010302,HBW,1.0454075830355087,synthetic_weekday_0800_0900_one_hour
tract2020_42003040600,tract2020_42003020300,HBW,7.052114018217781,synthetic_weekday_0800_0900_one_hour
tract2020_42003040600,tract2020_42003030500,HBW,0.44994840117317086,synthetic_weekday_0800_0900_one_hour
tract2020_42003040600,tract2020_42003040200,HBW,14.221817755885716,synthetic_weekday_0800_0900_one_hour
tract2020_42003040600,tract2020_42003040400,HBW,2.3432054759769594,synthetic_weekday_0800_0900_one_hour
tract2020_42003040600,tract2020_42003040500,HBW,6.6349450377301995,synthetic_weekday_0800_0900_one_hour
tract2020_42003040600,tract2020_42003040900,HBW,15.22083126834319,synthetic_weekday_0800_0900_one_hour
tract2020_42003040600,tract2020_42003050100,HBW,0.33234610659416525,synthetic_weekday_0800_0900_one_hour
tract2020_42003040600,tract2020_42003050600,HBW,0.279326792394343,synthetic_weekday_0800_0900_one_hour
tract2020_42003040600,tract2020_42003050900,HBW,0.12240131985632982,synthetic_weekday_0800_0900_one_hour
tract2020_42003040600,tract2020_42003051000,HBW,0.09850131842339044,synthetic_weekday_0800_0900_one_hour
tract2020_42003040600,tract2020_42003051100,HBW,0.22686214545518005,synthetic_weekday_0800_0900_one_hour
tract2020_42003040600,tract2020_42003060500,HBW,0.9703901572856471,synthetic_weekday_0800_0900_one_hour
tract2020_42003040600,tract2020_42003070300,HBW,1.814197653802342,synthetic_weekday_0800_0900_one_hour
tract2020_42003040600,tract2020_42003070500,HBW,1.524747379847251,synthetic_weekday_0800_0900_one_hour
tract2020_42003040600,tract2020_42003070600,HBW,0.09214852822496343,synthetic_weekday_0800_0900_one_hour
tract2020_42003040600,tract2020_42003070900,HBW,7.910478537463516,synthetic_weekday_0800_0900_one_hour
tract2020_42003040600,tract2020_42003080200,HBW,0.03461292794138797,synthetic_weekday_0800_0900_one_hour
tract2020_42003040600,tract2020_42003080400,HBW,1.734657401771516,synthetic_weekday_0800_0900_one_hour
tract2020_42003040600,tract2020_42003080600,HBW,0.5022177062165366,synthetic_weekday_0800_0900_one_hour
tract2020_42003040600,tract2020_42003080700,HBW,0.2647892032773008,synthetic_weekday_0800_0900_one_hour
tract2020_42003040600,tract2020_42003111500,HBW,4.111406732917688,synthetic_weekday_0800_0900_one_hour
tract2020_42003040600,tract2020_42003140100,HBW,8.902109481184127,synthetic_weekday_0800_0900_one_hour
tract2020_42003040600,tract2020_42003140200,HBW,0.047946733409737353,synthetic_weekday_0800_0900_one_hour
tract2020_42003040600,tract2020_42003140300,HBW,0.3367130073627575,synthetic_weekday_0800_0900_one_hour
tract2020_42003040600,tract2020_42003141300,HBW,1.9608907613770064,synthetic_weekday_0800_0900_one_hour
tract2020_42003040600,tract2020_42003141400,HBW,0.1312009958547772,synthetic_weekday_0800_0900_one_hour
tract2020_42003040600,tract2020_42003151600,HBW,0.21353834843403902,synthetic_weekday_0800_0900_one_hour
tract2020_42003040600,tract2020_42003151700,HBW,0.16766189903302206,synthetic_weekday_0800_0900_one_hour
tract2020_42003040600,tract2020_42003160900,HBW,11.302271922476635,synthetic_weekday_0800_0900_one_hour
tract2020_42003040600,tract2020_42003170200,HBW,2.288383476796834,synthetic_weekday_0800_0900_one_hour
tract2020_42003040600,tract2020_42003170600,HBW,0.008949085256472976,synthetic_weekday_0800_0900_one_hour
tract2020_42003040600,tract2020_42003562000,HBW,2.1071006509122303,synthetic_weekday_0800_0900_one_hour
tract2020_42003040600,tract2020_42003562901,HBW,0.010231126014284142,synthetic_weekday_0800_0900_one_hour
tract2020_42003040600,tract2020_42003980500,HBW,0.22713042150550652,synthetic_weekday_0800_0900_one_hour
tract2020_42003040600,tract2020_42003980800,HBW,1.5771282731783085,synthetic_weekday_0800_0900_one_hour
tract2020_42003040600,tract2020_42003982200,HBW,27.560214079875678,synthetic_weekday_0800_0900_one_hour
tract2020_42003040900,tract2020_42003010301,HBW,0.20266302941451134,synthetic_weekday_0800_0900_one_hour
tract2020_42003040900,tract2020_42003010302,HBW,1.951997880827053,synthetic_weekday_0800_0900_one_hour
tract2020_42003040900,tract2020_42003020300,HBW,13.764430355886063,synthetic_weekday_0800_0900_one_hour
tract2020_42003040900,tract2020_42003030500,HBW,0.8609631965694998,synthetic_weekday_0800_0900_one_hour
tract2020_42003040900,tract2020_42003040200,HBW,26.94164292101912,synthetic_weekday_0800_0900_one_hour
tract2020_42003040900,tract2020_42003040400,HBW,4.283996915191936,synthetic_weekday_0800_0900_one_hour
tract2020_42003040900,tract2020_42003040500,HBW,12.746056252773057,synthetic_weekday_0800_0900_one_hour
tract2020_42003040900,tract2020_42003040600,HBW,0.2689169695048231,synthetic_weekday_0800_0900_one_hour
tract2020_42003040900,tract2020_42003050100,HBW,0.6486785134851464,synthetic_weekday_0800_0900_one_hour
tract2020_42003040900,tract2020_42003050600,HBW,0.5451945573359631,synthetic_weekday_0800_0900_one_hour
tract2020_42003040900,tract2020_42003050900,HBW,0.23890487849156566,synthetic_weekday_0800_0900_one_hour
tract2020_42003040900,tract2020_42003051000,HBW,0.19225646861341567,synthetic_weekday_0800_0900_one_hour
tract2020_42003040900,tract2020_42003051100,HBW,0.4511183173925167,synthetic_weekday_0800_0900_one_hour
tract2020_42003040900,tract2020_42003060500,HBW,1.8940232253038902,synthetic_weekday_0800_0900_one_hour
tract2020_42003040900,tract2020_42003070300,HBW,3.316723061138499,synthetic_weekday_0800_0900_one_hour
tract2020_42003040900,tract2020_42003070500,HBW,2.7875489677492777,synthetic_weekday_0800_0900_one_hour
tract2020_42003040900,tract2020_42003070600,HBW,0.16846629030367313,synthetic_weekday_0800_0900_one_hour
tract2020_42003040900,tract2020_42003070900,HBW,14.461966993980532,synthetic_weekday_0800_0900_one_hour
tract2020_42003040900,tract2020_42003080200,HBW,0.06327948670648775,synthetic_weekday_0800_0900_one_hour
tract2020_42003040900,tract2020_42003080400,HBW,3.1713072693991102,synthetic_weekday_0800_0900_one_hour
tract2020_42003040900,tract2020_42003080600,HBW,0.9181563235016437,synthetic_weekday_0800_0900_one_hour
tract2020_42003040900,tract2020_42003080700,HBW,0.4840886300396449,synthetic_weekday_0800_0900_one_hour
tract2020_42003040900,tract2020_42003111500,HBW,7.516489449872192,synthetic_weekday_0800_0900_one_hour
tract2020_42003040900,tract2020_42003140100,HBW,15.796912841387611,synthetic_weekday_0800_0900_one_hour
tract2020_42003040900,tract2020_42003140200,HBW,0.08765640065349883,synthetic_weekday_0800_0900_one_hour
tract2020_42003040900,tract2020_42003140300,HBW,0.615580002633511,synthetic_weekday_0800_0900_one_hour
tract2020_42003040900,tract2020_42003141300,HBW,3.5516947343204657,synthetic_weekday_0800_0900_one_hour
tract2020_42003040900,tract2020_42003141400,HBW,0.2368461819514006,synthetic_weekday_0800_0900_one_hour
tract2020_42003040900,tract2020_42003151600,HBW,0.37163666113968025,synthetic_weekday_0800_0900_one_hour
tract2020_42003040900,tract2020_42003151700,HBW,0.30266600025388907,synthetic_weekday_0800_0900_one_hour
tract2020_42003040900,tract2020_42003160900,HBW,20.403045988904648,synthetic_weekday_0800_0900_one_hour
tract2020_42003040900,tract2020_42003170200,HBW,4.550480211364202,synthetic_weekday_0800_0900_one_hour
tract2020_42003040900,tract2020_42003170600,HBW,0.017431796469100896,synthetic_weekday_0800_0900_one_hour
tract2020_42003040900,tract2020_42003562000,HBW,3.8523350944045327,synthetic_weekday_0800_0900_one_hour
tract2020_42003040900,tract2020_42003562901,HBW,0.018469395889563416,synthetic_weekday_0800_0900_one_hour
tract2020_42003040900,tract2020_42003980500,HBW,0.4030459836214978,synthetic_weekday_0800_0900_one_hour
tract2020_42003040900,tract2020_42003980800,HBW,2.84705773394697,synthetic_weekday_0800_0900_one_hour
tract2020_42003040900,tract2020_42003982200,HBW,50.72870566312105,synthetic_weekday_0800_0900_one_hour
tract2020_42003050100,tract2020_42003010301,HBW,0.11227750145675534,synthetic_weekday_0800_0900_one_hour
tract2020_42003050100,tract2020_42003010302,HBW,1.1252903948841415,synthetic_weekday_0800_0900_one_hour
tract2020_42003050100,tract2020_42003020300,HBW,8.78810008788514,synthetic_weekday_0800_0900_one_hour
tract2020_42003050100,tract2020_42003030500,HBW,0.5521856532965559,synthetic_weekday_0800_0900_one_hour
tract2020_42003050100,tract2020_42003040200,HBW,12.680637380867946,synthetic_weekday_0800_0900_one_hour
tract2020_42003050100,tract2020_42003040400,HBW,2.082218895182175,synthetic_weekday_0800_0900_one_hour
tract2020_42003050100,tract2020_42003040500,HBW,5.629786881373927,synthetic_weekday_0800_0900_one_hour
tract2020_42003050100,tract2020_42003040600,HBW,0.11809900015215505,synthetic_weekday_0800_0900_one_hour
tract2020_42003050100,tract2020_42003040900,HBW,12.820250189071295,synthetic_weekday_0800_0900_one_hour
tract2020_42003050100,tract2020_42003050600,HBW,0.3480873681917257,synthetic_weekday_0800_0900_one_hour
tract2020_42003050100,tract2020_42003050900,HBW,0.1730622663834247,synthetic_weekday_0800_0900_one_hour
tract2020_42003050100,tract2020_42003051000,HBW,0.1106558527875594,synthetic_weekday_0800_0900_one_hour
tract2020_42003050100,tract2020_42003051100,HBW,0.3018026900734676,synthetic_weekday_0800_0900_one_hour
tract2020_42003050100,tract2020_42003060500,HBW,1.2092665836789822,synthetic_weekday_0800_0900_one_hour
tract2020_42003050100,tract2020_42003070300,HBW,1.6071000011345775,synthetic_weekday_0800_0900_one_hour
tract2020_42003050100,tract2020_42003070500,HBW,1.4180332612684436,synthetic_weekday_0800_0900_one_hour
tract2020_42003050100,tract2020_42003070600,HBW,0.08162941866036778,synthetic_weekday_0800_0900_one_hour
tract2020_42003050100,tract2020_42003070900,HBW,7.373929903437037,synthetic_weekday_0800_0900_one_hour
tract2020_42003050100,tract2020_42003080200,HBW,0.03472221999492113,synthetic_weekday_0800_0900_one_hour
tract2020_42003050100,tract2020_42003080400,HBW,1.7387546270155978,synthetic_weekday_0800_0900_one_hour
tract2020_42003050100,tract2020_42003080600,HBW,0.5034039341494031,synthetic_weekday_0800_0900_one_hour
tract2020_42003050100,tract2020_42003080700,HBW,0.2654146299505564,synthetic_weekday_0800_0900_one_hour
tract2020_42003050100,tract2020_42003111500,HBW,4.121117791388138,synthetic_weekday_0800_0900_one_hour
tract2020_42003050100,tract2020_42003140100,HBW,6.982656117790458,synthetic_weekday_0800_0900_one_hour
tract2020_42003050100,tract2020_42003140200,HBW,0.042473429042138626,synthetic_weekday_0800_0900_one_hour
tract2020_42003050100,tract2020_42003140300,HBW,0.2982759201460585,synthetic_weekday_0800_0900_one_hour
tract2020_42003050100,tract2020_42003141300,HBW,1.6275550140318478,synthetic_weekday_0800_0900_one_hour
tract2020_42003050100,tract2020_42003141400,HBW,0.10679416644358625,synthetic_weekday_0800_0900_one_hour
tract2020_42003050100,tract2020_42003151600,HBW,0.16950598542250436,synthetic_weekday_0800_0900_one_hour
tract2020_42003050100,tract2020_42003151700,HBW,0.1364723844885995,synthetic_weekday_0800_0900_one_hour
tract2020_42003050100,tract2020_42003160900,HBW,11.178266227421098,synthetic_weekday_0800_0900_one_hour
tract2020_42003050100,tract2020_42003170200,HBW,2.5210150565517844,synthetic_weekday_0800_0900_one_hour
tract2020_42003050100,tract2020_42003170600,HBW,0.009657403025641323,synthetic_weekday_0800_0900_one_hour
tract2020_42003050100,tract2020_42003562000,HBW,2.137776715769622,synthetic_weekday_0800_0900_one_hour
tract2020_42003050100,tract2020_42003562901,HBW,0.008446990363144228,synthetic_weekday_0800_0900_one_hour
tract2020_42003050100,tract2020_42003980500,HBW,0.17815705711257893,synthetic_weekday_0800_0900_one_hour
tract2020_42003050100,tract2020_42003980800,HBW,1.443405950492572,synthetic_weekday_0800_0900_one_hour
tract2020_42003050100,tract2020_42003982200,HBW,24.387375772256803,synthetic_weekday_0800_0900_one_hour
tract2020_42003050600,tract2020_42003010301,HBW,0.08352662315277694,synthetic_weekday_0800_0900_one_hour
tract2020_42003050600,tract2020_42003010302,HBW,0.8222846169334845,synthetic_weekday_0800_0900_one_hour
tract2020_42003050600,tract2020_42003020300,HBW,8.221234281141776,synthetic_weekday_0800_0900_one_hour
tract2020_42003050600,tract2020_42003030500,HBW,0.4034991949290327,synthetic_weekday_0800_0900_one_hour
tract2020_42003050600,tract2020_42003040200,HBW,11.051274951237845,synthetic_weekday_0800_0900_one_hour
tract2020_42003050600,tract2020_42003040400,HBW,2.0503509186499493,synthetic_weekday_0800_0900_one_hour
tract2020_42003050600,tract2020_42003040500,HBW,4.906403430225415,synthetic_weekday_0800_0900_one_hour
tract2020_42003050600,tract2020_42003040600,HBW,0.10292420506534612,synthetic_weekday_0800_0900_one_hour
tract2020_42003050600,tract2020_42003040900,HBW,11.145828200138059,synthetic_weekday_0800_0900_one_hour
tract2020_42003050600,tract2020_42003050100,HBW,0.36077031761956563,synthetic_weekday_0800_0900_one_hour
tract2020_42003050600,tract2020_42003050900,HBW,0.14112195561169172,synthetic_weekday_0800_0900_one_hour
tract2020_42003050600,tract2020_42003051000,HBW,0.08754061434584264,synthetic_weekday_0800_0900_one_hour
tract2020_42003050600,tract2020_42003051100,HBW,0.22053659262070519,synthetic_weekday_0800_0900_one_hour
tract2020_42003050600,tract2020_42003060500,HBW,1.1312642998326745,synthetic_weekday_0800_0900_one_hour
tract2020_42003050600,tract2020_42003070300,HBW,1.5825036317328778,synthetic_weekday_0800_0900_one_hour
tract2020_42003050600,tract2020_42003070500,HBW,1.3963305234839665,synthetic_weekday_0800_0900_one_hour
tract2020_42003050600,tract2020_42003070600,HBW,0.08038009544837167,synthetic_weekday_0800_0900_one_hour
tract2020_42003050600,tract2020_42003070900,HBW,7.261073264945889,synthetic_weekday_0800_0900_one_hour
tract2020_42003050600,tract2020_42003080200,HBW,0.034190802815629744,synthetic_weekday_0800_0900_one_hour
tract2020_42003050600,tract2020_42003080400,HBW,1.7121433078227686,synthetic_weekday_0800_0900_one_hour
tract2020_42003050600,tract2020_42003080600,HBW,0.4956994296917673,synthetic_weekday_0800_0900_one_hour
tract2020_42003050600,tract2020_42003080700,HBW,0.2613525079430456,synthetic_weekday_0800_0900_one_hour
tract2020_42003050600,tract2020_42003111500,HBW,4.058044842926099,synthetic_weekday_0800_0900_one_hour
tract2020_42003050600,tract2020_42003140100,HBW,6.838320523107711,synthetic_weekday_0800_0900_one_hour
tract2020_42003050600,tract2020_42003140200,HBW,0.04182338103657595,synthetic_weekday_0800_0900_one_hour
tract2020_42003050600,tract2020_42003140300,HBW,0.29371086214695163,synthetic_weekday_0800_0900_one_hour
tract2020_42003050600,tract2020_42003141300,HBW,1.6026455844266867,synthetic_weekday_0800_0900_one_hour
tract2020_42003050600,tract2020_42003141400,HBW,0.08732057575119052,synthetic_weekday_0800_0900_one_hour
tract2020_42003050600,tract2020_42003151600,HBW,0.13701520097810074,synthetic_weekday_0800_0900_one_hour
tract2020_42003050600,tract2020_42003151700,HBW,0.11158706120879176,synthetic_weekday_0800_0900_one_hour
tract2020_42003050600,tract2020_42003160900,HBW,8.315849734497627,synthetic_weekday_0800_0900_one_hour
tract2020_42003050600,tract2020_42003170200,HBW,1.8754592136357913,synthetic_weekday_0800_0900_one_hour
tract2020_42003050600,tract2020_42003170600,HBW,0.007184433681648316,synthetic_weekday_0800_0900_one_hour
tract2020_42003050600,tract2020_42003562000,HBW,2.105058437030093,synthetic_weekday_0800_0900_one_hour
tract2020_42003050600,tract2020_42003562901,HBW,0.006809306654494757,synthetic_weekday_0800_0900_one_hour
tract2020_42003050600,tract2020_42003980500,HBW,0.17012414253587227,synthetic_weekday_0800_0900_one_hour
tract2020_42003050600,tract2020_42003980800,HBW,1.0737932650710504,synthetic_weekday_0800_0900_one_hour
tract2020_42003050600,tract2020_42003982200,HBW,24.014131479550084,synthetic_weekday_0800_0900_one_hour
tract2020_42003050900,tract2020_42003010301,HBW,0.08861787700166675,synthetic_weekday_0800_0900_one_hour
tract2020_42003050900,tract2020_42003010302,HBW,0.8881640979818937,synthetic_weekday_0800_0900_one_hour
tract2020_42003050900,tract2020_42003020300,HBW,7.439362536924023,synthetic_weekday_0800_0900_one_hour
tract2020_42003050900,tract2020_42003030500,HBW,0.4358265874376121,synthetic_weekday_0800_0900_one_hour
tract2020_42003050900,tract2020_42003040200,HBW,10.008515946120408,synthetic_weekday_0800_0900_one_hour
tract2020_42003050900,tract2020_42003040400,HBW,1.6664693900513528,synthetic_weekday_0800_0900_one_hour
tract2020_42003050900,tract2020_42003040500,HBW,4.443452650140667,synthetic_weekday_0800_0900_one_hour
tract2020_42003050900,tract2020_42003040600,HBW,0.093212643082679,synthetic_weekday_0800_0900_one_hour
tract2020_42003050900,tract2020_42003040900,HBW,10.118708910024111,synthetic_weekday_0800_0900_one_hour
tract2020_42003050900,tract2020_42003050100,HBW,0.38917040035055733,synthetic_weekday_0800_0900_one_hour
tract2020_42003050900,tract2020_42003050600,HBW,0.289714676073343,synthetic_weekday_0800_0900_one_hour
tract2020_42003050900,tract2020_42003051000,HBW,0.08733794949667084,synthetic_weekday_0800_0900_one_hour
tract2020_42003050900,tract2020_42003051100,HBW,0.23820545808996138,synthetic_weekday_0800_0900_one_hour
tract2020_42003050900,tract2020_42003060500,HBW,1.0236766115325904,synthetic_weekday_0800_0900_one_hour
tract2020_42003050900,tract2020_42003070300,HBW,1.3191064592630366,synthetic_weekday_0800_0900_one_hour
tract2020_42003050900,tract2020_42003070500,HBW,1.1850559531362765,synthetic_weekday_0800_0900_one_hour
tract2020_42003050900,tract2020_42003070600,HBW,0.06533075261200524,synthetic_weekday_0800_0900_one_hour
tract2020_42003050900,tract2020_42003070900,HBW,6.037860136362521,synthetic_weekday_0800_0900_one_hour
tract2020_42003050900,tract2020_42003080200,HBW,0.029354565580258358,synthetic_weekday_0800_0900_one_hour
tract2020_42003050900,tract2020_42003080400,HBW,1.4530840552674522,synthetic_weekday_0800_0900_one_hour
tract2020_42003050900,tract2020_42003080600,HBW,0.4206966404034433,synthetic_weekday_0800_0900_one_hour
tract2020_42003050900,tract2020_42003080700,HBW,0.2218080463014089,synthetic_weekday_0800_0900_one_hour
tract2020_42003050900,tract2020_42003111500,HBW,3.4440342872435674,synthetic_weekday_0800_0900_one_hour
tract2020_42003050900,tract2020_42003140100,HBW,5.558000695131029,synthetic_weekday_0800_0900_one_hour
tract2020_42003050900,tract2020_42003140200,HBW,0.033992905142208645,synthetic_weekday_0800_0900_one_hour
tract2020_42003050900,tract2020_42003140300,HBW,0.2387201902081094,synthetic_weekday_0800_0900_one_hour
tract2020_42003050900,tract2020_42003141300,HBW,1.3025866866275722,synthetic_weekday_0800_0900_one_hour
tract2020_42003050900,tract2020_42003141400,HBW,0.08429001521768228,synthetic_weekday_0800_0900_one_hour
tract2020_42003050900,tract2020_42003151600,HBW,0.13378691520850575,synthetic_weekday_0800_0900_one_hour
tract2020_42003050900,tract2020_42003151700,HBW,0.10771430452068756,synthetic_weekday_0800_0900_one_hour
tract2020_42003050900,tract2020_42003160900,HBW,8.822731257651155,synthetic_weekday_0800_0900_one_hour
tract2020_42003050900,tract2020_42003170200,HBW,1.9897753272226437,synthetic_weekday_0800_0900_one_hour
tract2020_42003050900,tract2020_42003170600,HBW,0.00762235124916307,synthetic_weekday_0800_0900_one_hour
tract2020_42003050900,tract2020_42003562000,HBW,1.7109341711563388,synthetic_weekday_0800_0900_one_hour
tract2020_42003050900,tract2020_42003562901,HBW,0.006667002233957726,synthetic_weekday_0800_0900_one_hour
tract2020_42003050900,tract2020_42003980500,HBW,0.14061499382636594,synthetic_weekday_0800_0900_one_hour
tract2020_42003050900,tract2020_42003980800,HBW,1.139244900577797,synthetic_weekday_0800_0900_one_hour
tract2020_42003050900,tract2020_42003982200,HBW,19.51803209651991,synthetic_weekday_0800_0900_one_hour
tract2020_42003051000,tract2020_42003010301,HBW,0.08433211466501211,synthetic_weekday_0800_0900_one_hour
tract2020_42003051000,tract2020_42003010302,HBW,0.8008813918425169,synthetic_weekday_0800_0900_one_hour
tract2020_42003051000,tract2020_42003020300,HBW,6.393930046601647,synthetic_weekday_0800_0900_one_hour
tract2020_42003051000,tract2020_42003030500,HBW,0.39299652478873875,synthetic_weekday_0800_0900_one_hour
tract2020_42003051000,tract2020_42003040200,HBW,11.158108633016422,synthetic_weekday_0800_0900_one_hour
tract2020_42003051000,tract2020_42003040400,HBW,1.6939693846498205,synthetic_weekday_0800_0900_one_hour
tract2020_42003051000,tract2020_42003040500,HBW,4.953834079182649,synthetic_weekday_0800_0900_one_hour
tract2020_42003051000,tract2020_42003040600,HBW,0.10391918273260903,synthetic_weekday_0800_0900_one_hour
tract2020_42003051000,tract2020_42003040900,HBW,11.253575936788003,synthetic_weekday_0800_0900_one_hour
tract2020_42003051000,tract2020_42003050100,HBW,0.32669943628728987,synthetic_weekday_0800_0900_one_hour
tract2020_42003051000,tract2020_42003050600,HBW,0.2532568200254951,synthetic_weekday_0800_0900_one_hour
tract2020_42003051000,tract2020_42003050900,HBW,0.11578030432301605,synthetic_weekday_0800_0900_one_hour
tract2020_42003051000,tract2020_42003051100,HBW,0.2188530304313188,synthetic_weekday_0800_0900_one_hour
tract2020_42003051000,tract2020_42003060500,HBW,0.8798222444456781,synthetic_weekday_0800_0900_one_hour
tract2020_42003051000,tract2020_42003070300,HBW,1.3114919161137952,synthetic_weekday_0800_0900_one_hour
tract2020_42003051000,tract2020_42003070500,HBW,1.1180880707008947,synthetic_weekday_0800_0900_one_hour
tract2020_42003051000,tract2020_42003070600,HBW,0.06661459934948757,synthetic_weekday_0800_0900_one_hour
tract2020_42003051000,tract2020_42003070900,HBW,5.922113187219994,synthetic_weekday_0800_0900_one_hour
tract2020_42003051000,tract2020_42003080200,HBW,0.027377707579190565,synthetic_weekday_0800_0900_one_hour
tract2020_42003051000,tract2020_42003080400,HBW,1.370969820978053,synthetic_weekday_0800_0900_one_hour
tract2020_42003051000,tract2020_42003080600,HBW,0.3969229417177929,synthetic_weekday_0800_0900_one_hour
tract2020_42003051000,tract2020_42003080700,HBW,0.20927360425365318,synthetic_weekday_0800_0900_one_hour
tract2020_42003051000,tract2020_42003111500,HBW,3.2494108328478823,synthetic_weekday_0800_0900_one_hour
tract2020_42003051000,tract2020_42003140100,HBW,6.144268081260253,synthetic_weekday_0800_0900_one_hour
tract2020_42003051000,tract2020_42003140200,HBW,0.034660916432749794,synthetic_weekday_0800_0900_one_hour
tract2020_42003051000,tract2020_42003140300,HBW,0.24341139802550602,synthetic_weekday_0800_0900_one_hour
tract2020_42003051000,tract2020_42003141300,HBW,1.3814448943017943,synthetic_weekday_0800_0900_one_hour
tract2020_42003051000,tract2020_42003141400,HBW,0.08816471171230678,synthetic_weekday_0800_0900_one_hour
tract2020_42003051000,tract2020_42003151600,HBW,0.13833973940870783,synthetic_weekday_0800_0900_one_hour
tract2020_42003051000,tract2020_42003151700,HBW,0.1126657834956216,synthetic_weekday_0800_0900_one_hour
tract2020_42003051000,tract2020_42003160900,HBW,8.396043882486934,synthetic_weekday_0800_0900_one_hour
tract2020_42003051000,tract2020_42003170200,HBW,1.8935452611869252,synthetic_weekday_0800_0900_one_hour
tract2020_42003051000,tract2020_42003170600,HBW,0.007253716984771907,synthetic_weekday_0800_0900_one_hour
tract2020_42003051000,tract2020_42003562000,HBW,1.6855899709898734,synthetic_weekday_0800_0900_one_hour
tract2020_42003051000,tract2020_42003562901,HBW,0.006875132842284741,synthetic_weekday_0800_0900_one_hour
tract2020_42003051000,tract2020_42003980500,HBW,0.15676623637230758,synthetic_weekday_0800_0900_one_hour
tract2020_42003051000,tract2020_42003980800,HBW,1.0841484228430578,synthetic_weekday_0800_0900_one_hour
tract2020_42003051000,tract2020_42003982200,HBW,21.224569121805732,synthetic_weekday_0800_0900_one_hour
tract2020_42003051100,tract2020_42003010301,HBW,0.029475733238416197,synthetic_weekday_0800_0900_one_hour
tract2020_42003051100,tract2020_42003010302,HBW,0.3078418960349443,synthetic_weekday_0800_0900_one_hour
tract2020_42003051100,tract2020_42003020300,HBW,2.0494014196785457,synthetic_weekday_0800_0900_one_hour
tract2020_42003051100,tract2020_42003030500,HBW,0.15105956582132526,synthetic_weekday_0800_0900_one_hour
tract2020_42003051100,tract2020_42003040200,HBW,3.2062224293805004,synthetic_weekday_0800_0900_one_hour
tract2020_42003051100,tract2020_42003040400,HBW,0.5072952229466857,synthetic_weekday_0800_0900_one_hour
tract2020_42003051100,tract2020_42003040500,HBW,1.4234575463002246,synthetic_weekday_0800_0900_one_hour
tract2020_42003051100,tract2020_42003040600,HBW,0.02986061755433097,synthetic_weekday_0800_0900_one_hour
tract2020_42003051100,tract2020_42003040900,HBW,3.3656455631796045,synthetic_weekday_0800_0900_one_hour
tract2020_42003051100,tract2020_42003050100,HBW,0.11400115258576292,synthetic_weekday_0800_0900_one_hour
tract2020_42003051100,tract2020_42003050600,HBW,0.08117462698538333,synthetic_weekday_0800_0900_one_hour
tract2020_42003051100,tract2020_42003050900,HBW,0.04040131899079045,synthetic_weekday_0800_0900_one_hour
tract2020_42003051100,tract2020_42003051000,HBW,0.027978662782754835,synthetic_weekday_0800_0900_one_hour
tract2020_42003051100,tract2020_42003060500,HBW,0.28200323489464557,synthetic_weekday_0800_0900_one_hour
tract2020_42003051100,tract2020_42003070300,HBW,0.3915410407904568,synthetic_weekday_0800_0900_one_hour
tract2020_42003051100,tract2020_42003070500,HBW,0.3454783265512789,synthetic_weekday_0800_0900_one_hour
tract2020_42003051100,tract2020_42003070600,HBW,0.01988754123504224,synthetic_weekday_0800_0900_one_hour
tract2020_42003051100,tract2020_42003070900,HBW,1.7965255348573919,synthetic_weekday_0800_0900_one_hour
tract2020_42003051100,tract2020_42003080200,HBW,0.008459445053679755,synthetic_weekday_0800_0900_one_hour
tract2020_42003051100,tract2020_42003080400,HBW,0.4236163249706206,synthetic_weekday_0800_0900_one_hour
tract2020_42003051100,tract2020_42003080600,HBW,0.12264532398464147,synthetic_weekday_0800_0900_one_hour
tract2020_42003051100,tract2020_42003080700,HBW,0.06466350592899577,synthetic_weekday_0800_0900_one_hour
tract2020_42003051100,tract2020_42003111500,HBW,1.0040363064656979,synthetic_weekday_0800_0900_one_hour
tract2020_42003051100,tract2020_42003140100,HBW,1.7655223463206045,synthetic_weekday_0800_0900_one_hour
tract2020_42003051100,tract2020_42003140200,HBW,0.010347887873410547,synthetic_weekday_0800_0900_one_hour
tract2020_42003051100,tract2020_42003140300,HBW,0.07266956887204887,synthetic_weekday_0800_0900_one_hour
tract2020_42003051100,tract2020_42003141300,HBW,0.3969507513090257,synthetic_weekday_0800_0900_one_hour
tract2020_42003051100,tract2020_42003141400,HBW,0.028036216701193543,synthetic_weekday_0800_0900_one_hour
tract2020_42003051100,tract2020_42003151600,HBW,0.044499682873268914,synthetic_weekday_0800_0900_one_hour
tract2020_42003051100,tract2020_42003151700,HBW,0.035827512612986626,synthetic_weekday_0800_0900_one_hour
tract2020_42003051100,tract2020_42003160900,HBW,2.934582521987865,synthetic_weekday_0800_0900_one_hour
tract2020_42003051100,tract2020_42003170200,HBW,0.661831322685532,synthetic_weekday_0800_0900_one_hour
tract2020_42003051100,tract2020_42003170600,HBW,0.0025353167969213845,synthetic_weekday_0800_0900_one_hour
tract2020_42003051100,tract2020_42003562000,HBW,0.5208308877351245,synthetic_weekday_0800_0900_one_hour
tract2020_42003051100,tract2020_42003562901,HBW,0.0022175523268783185,synthetic_weekday_0800_0900_one_hour
tract2020_42003051100,tract2020_42003980500,HBW,0.045045933836779746,synthetic_weekday_0800_0900_one_hour
tract2020_42003051100,tract2020_42003980800,HBW,0.37893120348646503,synthetic_weekday_0800_0900_one_hour
tract2020_42003051100,tract2020_42003982200,HBW,6.098765643032994,synthetic_weekday_0800_0900_one_hour
tract2020_42003060500,tract2020_42003010301,HBW,0.06465997145940806,synthetic_weekday_0800_0900_one_hour
tract2020_42003060500,tract2020_42003010302,HBW,0.636550333959739,synthetic_weekday_0800_0900_one_hour
tract2020_42003060500,tract2020_42003020300,HBW,7.372719450877555,synthetic_weekday_0800_0900_one_hour
tract2020_42003060500,tract2020_42003030500,HBW,0.31235844863839674,synthetic_weekday_0800_0900_one_hour
tract2020_42003060500,tract2020_42003040200,HBW,8.466816770626766,synthetic_weekday_0800_0900_one_hour
tract2020_42003060500,tract2020_42003040400,HBW,1.5462053266667306,synthetic_weekday_0800_0900_one_hour
tract2020_42003060500,tract2020_42003040500,HBW,3.7589888071548008,synthetic_weekday_0800_0900_one_hour
tract2020_42003060500,tract2020_42003040600,HBW,0.0788542850843732,synthetic_weekday_0800_0900_one_hour
tract2020_42003060500,tract2020_42003040900,HBW,8.539257736672583,synthetic_weekday_0800_0900_one_hour
tract2020_42003060500,tract2020_42003050100,HBW,0.27928099521053307,synthetic_weekday_0800_0900_one_hour
tract2020_42003060500,tract2020_42003050600,HBW,0.25208144406712596,synthetic_weekday_0800_0900_one_hour
tract2020_42003060500,tract2020_42003050900,HBW,0.1111126913780113,synthetic_weekday_0800_0900_one_hour
tract2020_42003060500,tract2020_42003051000,HBW,0.06776729875440972,synthetic_weekday_0800_0900_one_hour
tract2020_42003060500,tract2020_42003051100,HBW,0.17072268992040315,synthetic_weekday_0800_0900_one_hour
tract2020_42003060500,tract2020_42003070300,HBW,1.2387120256292887,synthetic_weekday_0800_0900_one_hour
tract2020_42003060500,tract2020_42003070500,HBW,1.1128313790636741,synthetic_weekday_0800_0900_one_hour
tract2020_42003060500,tract2020_42003070600,HBW,0.060731076661361114,synthetic_weekday_0800_0900_one_hour
tract2020_42003060500,tract2020_42003070900,HBW,5.669875928102457,synthetic_weekday_0800_0900_one_hour
tract2020_42003060500,tract2020_42003080200,HBW,0.027565518412899337,synthetic_weekday_0800_0900_one_hour
tract2020_42003060500,tract2020_42003080400,HBW,1.3645242056623499,synthetic_weekday_0800_0900_one_hour
tract2020_42003060500,tract2020_42003080600,HBW,0.39505680830395484,synthetic_weekday_0800_0900_one_hour
tract2020_42003060500,tract2020_42003080700,HBW,0.20828970429603946,synthetic_weekday_0800_0900_one_hour
tract2020_42003060500,tract2020_42003111500,HBW,3.234133726152507,synthetic_weekday_0800_0900_one_hour
tract2020_42003060500,tract2020_42003140100,HBW,5.102358991142958,synthetic_weekday_0800_0900_one_hour
tract2020_42003060500,tract2020_42003140200,HBW,0.031206186307130193,synthetic_weekday_0800_0900_one_hour
tract2020_42003060500,tract2020_42003140300,HBW,0.21915004615647848,synthetic_weekday_0800_0900_one_hour
tract2020_42003060500,tract2020_42003141300,HBW,1.195801378376874,synthetic_weekday_0800_0900_one_hour
tract2020_42003060500,tract2020_42003141400,HBW,0.06689973043410287,synthetic_weekday_0800_0900_one_hour
tract2020_42003060500,tract2020_42003151600,HBW,0.10497273903607304,synthetic_weekday_0800_0900_one_hour
tract2020_42003060500,tract2020_42003151700,HBW,0.08549124018688259,synthetic_weekday_0800_0900_one_hour
tract2020_42003060500,tract2020_42003160900,HBW,6.437499640202635,synthetic_weekday_0800_0900_one_hour
tract2020_42003060500,tract2020_42003170200,HBW,1.45183816428406,synthetic_weekday_0800_0900_one_hour
tract2020_42003060500,tract2020_42003170600,HBW,0.00556164321353803,synthetic_weekday_0800_0900_one_hour
tract2020_42003060500,tract2020_42003562000,HBW,1.5642244005996362,synthetic_weekday_0800_0900_one_hour
tract2020_42003060500,tract2020_42003562901,HBW,0.00521687787454415,synthetic_weekday_0800_0900_one_hour
tract2020_42003060500,tract2020_42003980500,HBW,0.12315306848595878,synthetic_weekday_0800_0900_one_hour
tract2020_42003060500,tract2020_42003980800,HBW,0.8312492382914008,synthetic_weekday_0800_0900_one_hour
tract2020_42003060500,tract2020_42003982200,HBW,17.38385824991446,synthetic_weekday_0800_0900_one_hour
tract2020_42003070300,tract2020_42003010301,HBW,0.10504764570419024,synthetic_weekday_0800_0900_one_hour
tract2020_42003070300,tract2020_42003010302,HBW,1.0117917530042015,synthetic_weekday_0800_0900_one_hour
tract2020_42003070300,tract2020_42003020300,HBW,8.844906229651642,synthetic_weekday_0800_0900_one_hour
tract2020_42003070300,tract2020_42003030500,HBW,0.44626865145984035,synthetic_weekday_0800_0900_one_hour
tract2020_42003070300,tract2020_42003040200,HBW,15.153060462708991,synthetic_weekday_0800_0900_one_hour
tract2020_42003070300,tract2020_42003040400,HBW,3.0871797118601583,synthetic_weekday_0800_0900_one_hour
tract2020_42003070300,tract2020_42003040500,HBW,6.9923677031754154,synthetic_weekday_0800_0900_one_hour
tract2020_42003070300,tract2020_42003040600,HBW,0.14585286862914626,synthetic_weekday_0800_0900_one_hour
tract2020_42003070300,tract2020_42003040900,HBW,15.288209326631183,synthetic_weekday_0800_0900_one_hour
tract2020_42003070300,tract2020_42003050100,HBW,0.37302086891498315,synthetic_weekday_0800_0900_one_hour
tract2020_42003070300,tract2020_42003050600,HBW,0.3387686795721904,synthetic_weekday_0800_0900_one_hour
tract2020_42003070300,tract2020_42003050900,HBW,0.14037763319763552,synthetic_weekday_0800_0900_one_hour
tract2020_42003070300,tract2020_42003051000,HBW,0.1049511714568607,synthetic_weekday_0800_0900_one_hour
tract2020_42003070300,tract2020_42003051100,HBW,0.23840924532705327,synthetic_weekday_0800_0900_one_hour
tract2020_42003070300,tract2020_42003060500,HBW,1.217083263996569,synthetic_weekday_0800_0900_one_hour
tract2020_42003070300,tract2020_42003070500,HBW,2.6885412534497615,synthetic_weekday_0800_0900_one_hour
tract2020_42003070300,tract2020_42003070600,HBW,0.15816492804177584,synthetic_weekday_0800_0900_one_hour
tract2020_42003070300,tract2020_42003070900,HBW,12.307979915132783,synthetic_weekday_0800_0900_one_hour
tract2020_42003070300,tract2020_42003080200,HBW,0.051541808956421784,synthetic_weekday_0800_0900_one_hour
tract2020_42003070300,tract2020_42003080400,HBW,2.6526535763391412,synthetic_weekday_0800_0900_one_hour
tract2020_42003070300,tract2020_42003080600,HBW,0.8370908984015797,synthetic_weekday_0800_0900_one_hour
tract2020_42003070300,tract2020_42003080700,HBW,0.44642381464239744,synthetic_weekday_0800_0900_one_hour
tract2020_42003070300,tract2020_42003111500,HBW,7.065393142724294,synthetic_weekday_0800_0900_one_hour
tract2020_42003070300,tract2020_42003140100,HBW,11.293931814239341,synthetic_weekday_0800_0900_one_hour
tract2020_42003070300,tract2020_42003140200,HBW,0.07797780632719753,synthetic_weekday_0800_0900_one_hour
tract2020_42003070300,tract2020_42003140300,HBW,0.5306357346857971,synthetic_weekday_0800_0900_one_hour
tract2020_42003070300,tract2020_42003141300,HBW,2.8640613740962015,synthetic_weekday_0800_0900_one_hour
tract2020_42003070300,tract2020_42003141400,HBW,0.1592441666865926,synthetic_weekday_0800_0900_one_hour
tract2020_42003070300,tract2020_42003151600,HBW,0.20619371622168906,synthetic_weekday_0800_0900_one_hour
tract2020_42003070300,tract2020_42003151700,HBW,0.1895626298418594,synthetic_weekday_0800_0900_one_hour
tract2020_42003070300,tract2020_42003160900,HBW,10.462268728800959,synthetic_weekday_0800_0900_one_hour
tract2020_42003070300,tract2020_42003170200,HBW,2.3586799941178027,synthetic_weekday_0800_0900_one_hour
tract2020_42003070300,tract2020_42003170600,HBW,0.009035536401305508,synthetic_weekday_0800_0900_one_hour
tract2020_42003070300,tract2020_42003562000,HBW,2.7367249098460014,synthetic_weekday_0800_0900_one_hour
tract2020_42003070300,tract2020_42003562901,HBW,0.009470732123051887,synthetic_weekday_0800_0900_one_hour
tract2020_42003070300,tract2020_42003980500,HBW,0.26347114938972604,synthetic_weekday_0800_0900_one_hour
tract2020_42003070300,tract2020_42003980800,HBW,1.459913540123497,synthetic_weekday_0800_0900_one_hour
tract2020_42003070300,tract2020_42003982200,HBW,34.85283615162119,synthetic_weekday_0800_0900_one_hour
tract2020_42003070500,tract2020_42003010301,HBW,0.16072736216117725,synthetic_weekday_0800_0900_one_hour
tract2020_42003070500,tract2020_42003010302,HBW,1.5480843804413964,synthetic_weekday_0800_0900_one_hour
tract2020_42003070500,tract2020_42003020300,HBW,14.465799495556782,synthetic_weekday_0800_0900_one_hour
tract2020_42003070500,tract2020_42003030500,HBW,0.7002754069948068,synthetic_weekday_0800_0900_one_hour
tract2020_42003070500,tract2020_42003040200,HBW,23.184826471012403,synthetic_weekday_0800_0900_one_hour
tract2020_42003070500,tract2020_42003040400,HBW,4.723516155726593,synthetic_weekday_0800_0900_one_hour
tract2020_42003070500,tract2020_42003040500,HBW,10.698619742103979,synthetic_weekday_0800_0900_one_hour
tract2020_42003070500,tract2020_42003040600,HBW,0.22316108734522822,synthetic_weekday_0800_0900_one_hour
tract2020_42003070500,tract2020_42003040900,HBW,23.39160997626547,synthetic_weekday_0800_0900_one_hour
tract2020_42003070500,tract2020_42003050100,HBW,0.6055977516562223,synthetic_weekday_0800_0900_one_hour
tract2020_42003070500,tract2020_42003050600,HBW,0.549989471841652,synthetic_weekday_0800_0900_one_hour
tract2020_42003070500,tract2020_42003050900,HBW,0.2285517597735735,synthetic_weekday_0800_0900_one_hour
tract2020_42003070500,tract2020_42003051000,HBW,0.16057975246287493,synthetic_weekday_0800_0900_one_hour
tract2020_42003070500,tract2020_42003051100,HBW,0.38705636862646,synthetic_weekday_0800_0900_one_hour
tract2020_42003070500,tract2020_42003060500,HBW,1.990533535262317,synthetic_weekday_0800_0900_one_hour
tract2020_42003070500,tract2020_42003070300,HBW,4.8451501458813295,synthetic_weekday_0800_0900_one_hour
tract2020_42003070500,tract2020_42003070600,HBW,0.27506816855692157,synthetic_weekday_0800_0900_one_hour
tract2020_42003070500,tract2020_42003070900,HBW,19.742580970327126,synthetic_weekday_0800_0900_one_hour
tract2020_42003070500,tract2020_42003080200,HBW,0.08429636840042058,synthetic_weekday_0800_0900_one_hour
tract2020_42003070500,tract2020_42003080400,HBW,4.338401535321304,synthetic_weekday_0800_0900_one_hour
tract2020_42003070500,tract2020_42003080600,HBW,1.394073596053525,synthetic_weekday_0800_0900_one_hour
tract2020_42003070500,tract2020_42003080700,HBW,0.7700337891227853,synthetic_weekday_0800_0900_one_hour
tract2020_42003070500,tract2020_42003111500,HBW,12.187054710986368,synthetic_weekday_0800_0900_one_hour
tract2020_42003070500,tract2020_42003140100,HBW,17.265338982078465,synthetic_weekday_0800_0900_one_hour
tract2020_42003070500,tract2020_42003140200,HBW,0.12341138021450705,synthetic_weekday_0800_0900_one_hour
tract2020_42003070500,tract2020_42003140300,HBW,0.8529477059251263,synthetic_weekday_0800_0900_one_hour
tract2020_42003070500,tract2020_42003141300,HBW,4.603712903185121,synthetic_weekday_0800_0900_one_hour
tract2020_42003070500,tract2020_42003141400,HBW,0.2559702217147405,synthetic_weekday_0800_0900_one_hour
tract2020_42003070500,tract2020_42003151600,HBW,0.3314372661532205,synthetic_weekday_0800_0900_one_hour
tract2020_42003070500,tract2020_42003151700,HBW,0.3047043379927793,synthetic_weekday_0800_0900_one_hour
tract2020_42003070500,tract2020_42003160900,HBW,16.007715772486605,synthetic_weekday_0800_0900_one_hour
tract2020_42003070500,tract2020_42003170200,HBW,3.6088806283620816,synthetic_weekday_0800_0900_one_hour
tract2020_42003070500,tract2020_42003170600,HBW,0.013824754679249335,synthetic_weekday_0800_0900_one_hour
tract2020_42003070500,tract2020_42003562000,HBW,4.443060939526284,synthetic_weekday_0800_0900_one_hour
tract2020_42003070500,tract2020_42003562901,HBW,0.014490622628133167,synthetic_weekday_0800_0900_one_hour
tract2020_42003070500,tract2020_42003980500,HBW,0.4125669765919456,synthetic_weekday_0800_0900_one_hour
tract2020_42003070500,tract2020_42003980800,HBW,2.233729758667745,synthetic_weekday_0800_0900_one_hour
tract2020_42003070500,tract2020_42003982200,HBW,53.326320460909976,synthetic_weekday_0800_0900_one_hour
tract2020_42003070600,tract2020_42003010301,HBW,0.06236368945978531,synthetic_weekday_0800_0900_one_hour
tract2020_42003070600,tract2020_42003010302,HBW,0.6006709266003935,synthetic_weekday_0800_0900_one_hour
tract2020_42003070600,tract2020_42003020300,HBW,5.075554255798063,synthetic_weekday_0800_0900_one_hour
tract2020_42003070600,tract2020_42003030500,HBW,0.26493653816525736,synthetic_weekday_0800_0900_one_hour
tract2020_42003070600,tract2020_42003040200,HBW,8.995925141652544,synthetic_weekday_0800_0900_one_hour
tract2020_42003070600,tract2020_42003040400,HBW,1.8327675557731848,synthetic_weekday_0800_0900_one_hour
tract2020_42003070600,tract2020_42003040500,HBW,4.151162504464099,synthetic_weekday_0800_0900_one_hour
tract2020_42003070600,tract2020_42003040600,HBW,0.08658854698772285,synthetic_weekday_0800_0900_one_hour
tract2020_42003070600,tract2020_42003040900,HBW,9.076159036700705,synthetic_weekday_0800_0900_one_hour
tract2020_42003070600,tract2020_42003050100,HBW,0.22145148970345124,synthetic_weekday_0800_0900_one_hour
tract2020_42003070600,tract2020_42003050600,HBW,0.20111697496804404,synthetic_weekday_0800_0900_one_hour
tract2020_42003070600,tract2020_42003050900,HBW,0.08333806117358591,synthetic_weekday_0800_0900_one_hour
tract2020_42003070600,tract2020_42003051000,HBW,0.06230641554411593,synthetic_weekday_0800_0900_one_hour
tract2020_42003070600,tract2020_42003051100,HBW,0.14153653839883287,synthetic_weekday_0800_0900_one_hour
tract2020_42003070600,tract2020_42003060500,HBW,0.6984101334539172,synthetic_weekday_0800_0900_one_hour
tract2020_42003070600,tract2020_42003070300,HBW,1.8363739634105885,synthetic_weekday_0800_0900_one_hour
tract2020_42003070600,tract2020_42003070500,HBW,1.766004523126322,synthetic_weekday_0800_0900_one_hour
tract2020_42003070600,tract2020_42003070900,HBW,7.003957526096287,synthetic_weekday_0800_0900_one_hour
tract2020_42003070600,tract2020_42003080200,HBW,0.02957671240462665,synthetic_weekday_0800_0900_one_hour
tract2020_42003070600,tract2020_42003080400,HBW,1.5221967083619774,synthetic_weekday_0800_0900_one_hour
tract2020_42003070600,tract2020_42003080600,HBW,0.4891327420595386,synthetic_weekday_0800_0900_one_hour
tract2020_42003070600,tract2020_42003080700,HBW,0.27017851842139273,synthetic_weekday_0800_0900_one_hour
tract2020_42003070600,tract2020_42003111500,HBW,4.313565747765691,synthetic_weekday_0800_0900_one_hour
tract2020_42003070600,tract2020_42003140100,HBW,6.704874266545473,synthetic_weekday_0800_0900_one_hour
tract2020_42003070600,tract2020_42003140200,HBW,0.04792595084625992,synthetic_weekday_0800_0900_one_hour
tract2020_42003070600,tract2020_42003140300,HBW,0.3312363070370434,synthetic_weekday_0800_0900_one_hour
tract2020_42003070600,tract2020_42003141300,HBW,1.7878198746731677,synthetic_weekday_0800_0900_one_hour
tract2020_42003070600,tract2020_42003141400,HBW,0.09940425463748952,synthetic_weekday_0800_0900_one_hour
tract2020_42003070600,tract2020_42003151600,HBW,0.12871135626770006,synthetic_weekday_0800_0900_one_hour
tract2020_42003070600,tract2020_42003151700,HBW,0.1183298096164351,synthetic_weekday_0800_0900_one_hour
tract2020_42003070600,tract2020_42003160900,HBW,6.211140417987868,synthetic_weekday_0800_0900_one_hour
tract2020_42003070600,tract2020_42003170200,HBW,1.4002787563881918,synthetic_weekday_0800_0900_one_hour
tract2020_42003070600,tract2020_42003170600,HBW,0.005364131508671456,synthetic_weekday_0800_0900_one_hour
tract2020_42003070600,tract2020_42003562000,HBW,1.6247128745283907,synthetic_weekday_0800_0900_one_hour
tract2020_42003070600,tract2020_42003562901,HBW,0.005622494375000178,synthetic_weekday_0800_0900_one_hour
tract2020_42003070600,tract2020_42003980500,HBW,0.160217514839943,synthetic_weekday_0800_0900_one_hour
tract2020_42003070600,tract2020_42003980800,HBW,0.8667076167587625,synthetic_weekday_0800_0900_one_hour
tract2020_42003070600,tract2020_42003982200,HBW,20.691101033078944,synthetic_weekday_0800_0900_one_hour
tract2020_42003070900,tract2020_42003010301,HBW,0.24967752837511303,synthetic_weekday_0800_0900_one_hour
tract2020_42003070900,tract2020_42003010302,HBW,2.4048293745847844,synthetic_weekday_0800_0900_one_hour
tract2020_42003070900,tract2020_42003020300,HBW,22.068428703551245,synthetic_weekday_0800_0900_one_hour
tract2020_42003070900,tract2020_42003030500,HBW,1.0903507841227624,synthetic_weekday_0800_0900_one_hour
tract2020_42003070900,tract2020_42003040200,HBW,36.01583508403093,synthetic_weekday_0800_0900_one_hour
tract2020_42003070900,tract2020_42003040400,HBW,7.337617087369825,synthetic_weekday_0800_0900_one_hour
tract2020_42003070900,tract2020_42003040500,HBW,16.61947846537187,synthetic_weekday_0800_0900_one_hour
tract2020_42003070900,tract2020_42003040600,HBW,0.34666349256690376,synthetic_weekday_0800_0900_one_hour
tract2020_42003070900,tract2020_42003040900,HBW,36.337057269265046,synthetic_weekday_0800_0900_one_hour
tract2020_42003070900,tract2020_42003050100,HBW,0.9429347036690106,synthetic_weekday_0800_0900_one_hour
tract2020_42003070900,tract2020_42003050600,HBW,0.8563508669472045,synthetic_weekday_0800_0900_one_hour
tract2020_42003070900,tract2020_42003050900,HBW,0.354851304555665,synthetic_weekday_0800_0900_one_hour
tract2020_42003070900,tract2020_42003051000,HBW,0.25313249789128606,synthetic_weekday_0800_0900_one_hour
tract2020_42003070900,tract2020_42003051100,HBW,0.602658912216661,synthetic_weekday_0800_0900_one_hour
tract2020_42003070900,tract2020_42003060500,HBW,3.0366760868251257,synthetic_weekday_0800_0900_one_hour
tract2020_42003070900,tract2020_42003070300,HBW,6.709061240993508,synthetic_weekday_0800_0900_one_hour
tract2020_42003070900,tract2020_42003070500,HBW,5.911377664771342,synthetic_weekday_0800_0900_one_hour
tract2020_42003070900,tract2020_42003070600,HBW,0.3266455954956408,synthetic_weekday_0800_0900_one_hour
tract2020_42003070900,tract2020_42003080200,HBW,0.12859907235575652,synthetic_weekday_0800_0900_one_hour
tract2020_42003070900,tract2020_42003080400,HBW,6.618486935272594,synthetic_weekday_0800_0900_one_hour
tract2020_42003070900,tract2020_42003080600,HBW,1.9161831747653244,synthetic_weekday_0800_0900_one_hour
tract2020_42003070900,tract2020_42003080700,HBW,1.0102881875708203,synthetic_weekday_0800_0900_one_hour
tract2020_42003070900,tract2020_42003111500,HBW,15.686839210796306,synthetic_weekday_0800_0900_one_hour
tract2020_42003070900,tract2020_42003140100,HBW,26.7041225197977,synthetic_weekday_0800_0900_one_hour
tract2020_42003070900,tract2020_42003140200,HBW,0.1699602759629492,synthetic_weekday_0800_0900_one_hour
tract2020_42003070900,tract2020_42003140300,HBW,1.193571106557732,synthetic_weekday_0800_0900_one_hour
tract2020_42003070900,tract2020_42003141300,HBW,6.466993300809171,synthetic_weekday_0800_0900_one_hour
tract2020_42003070900,tract2020_42003141400,HBW,0.3460330029340845,synthetic_weekday_0800_0900_one_hour
tract2020_42003070900,tract2020_42003151600,HBW,0.47738445691392306,synthetic_weekday_0800_0900_one_hour
tract2020_42003070900,tract2020_42003151700,HBW,0.4119141530462328,synthetic_weekday_0800_0900_one_hour
tract2020_42003070900,tract2020_42003160900,HBW,24.86674860623803,synthetic_weekday_0800_0900_one_hour
tract2020_42003070900,tract2020_42003170200,HBW,5.60611698826172,synthetic_weekday_0800_0900_one_hour
tract2020_42003070900,tract2020_42003170600,HBW,0.02147568735213772,synthetic_weekday_0800_0900_one_hour
tract2020_42003070900,tract2020_42003562000,HBW,6.917985311104365,synthetic_weekday_0800_0900_one_hour
tract2020_42003070900,tract2020_42003562901,HBW,0.022510061720422348,synthetic_weekday_0800_0900_one_hour
tract2020_42003070900,tract2020_42003980500,HBW,0.622968685260212,synthetic_weekday_0800_0900_one_hour
tract2020_42003070900,tract2020_42003980800,HBW,3.4699264500018807,synthetic_weekday_0800_0900_one_hour
tract2020_42003070900,tract2020_42003982200,HBW,82.83831521273639,synthetic_weekday_0800_0900_one_hour
tract2020_42003080200,tract2020_42003010301,HBW,0.03059703473739696,synthetic_weekday_0800_0900_one_hour
tract2020_42003080200,tract2020_42003010302,HBW,0.29470272471272,synthetic_weekday_0800_0900_one_hour
tract2020_42003080200,tract2020_42003020300,HBW,3.1222701063451406,synthetic_weekday_0800_0900_one_hour
tract2020_42003080200,tract2020_42003030500,HBW,0.14379342264320033,synthetic_weekday_0800_0900_one_hour
tract2020_42003080200,tract2020_42003040200,HBW,4.413604076963043,synthetic_weekday_0800_0900_one_hour
tract2020_42003080200,tract2020_42003040400,HBW,0.904905200760962,synthetic_weekday_0800_0900_one_hour
tract2020_42003080200,tract2020_42003040500,HBW,2.0366540923075322,synthetic_weekday_0800_0900_one_hour
tract2020_42003080200,tract2020_42003040600,HBW,0.04248229703844732,synthetic_weekday_0800_0900_one_hour
tract2020_42003080200,tract2020_42003040900,HBW,4.45296863821929,synthetic_weekday_0800_0900_one_hour
tract2020_42003080200,tract2020_42003050100,HBW,0.12435246559546931,synthetic_weekday_0800_0900_one_hour
tract2020_42003080200,tract2020_42003050600,HBW,0.11293395110535936,synthetic_weekday_0800_0900_one_hour
tract2020_42003080200,tract2020_42003050900,HBW,0.04693044973548864,synthetic_weekday_0800_0900_one_hour
tract2020_42003080200,tract2020_42003051000,HBW,0.032774236477920694,synthetic_weekday_0800_0900_one_hour
tract2020_42003080200,tract2020_42003051100,HBW,0.07947753047546283,synthetic_weekday_0800_0900_one_hour
tract2020_42003080200,tract2020_42003060500,HBW,0.40873294572739505,synthetic_weekday_0800_0900_one_hour
tract2020_42003080200,tract2020_42003070300,HBW,0.7798284563603904,synthetic_weekday_0800_0900_one_hour
tract2020_42003080200,tract2020_42003070500,HBW,0.7005805696313966,synthetic_weekday_0800_0900_one_hour
tract2020_42003080200,tract2020_42003070600,HBW,0.03823311696830748,synthetic_weekday_0800_0900_one_hour
tract2020_42003080200,tract2020_42003070900,HBW,3.5658714918551064,synthetic_weekday_0800_0900_one_hour
tract2020_42003080200,tract2020_42003080400,HBW,0.8581700951869012,synthetic_weekday_0800_0900_one_hour
tract2020_42003080200,tract2020_42003080600,HBW,0.26218043650436895,synthetic_weekday_0800_0900_one_hour
tract2020_42003080200,tract2020_42003080700,HBW,0.13112832943914068,synthetic_weekday_0800_0900_one_hour
tract2020_42003080200,tract2020_42003111500,HBW,2.0360418395448514,synthetic_weekday_0800_0900_one_hour
tract2020_42003080200,tract2020_42003140100,HBW,3.1549773147885776,synthetic_weekday_0800_0900_one_hour
tract2020_42003080200,tract2020_42003140200,HBW,0.019312183138789706,synthetic_weekday_0800_0900_one_hour
tract2020_42003080200,tract2020_42003140300,HBW,0.13555466314167441,synthetic_weekday_0800_0900_one_hour
tract2020_42003080200,tract2020_42003141300,HBW,0.7394082282961506,synthetic_weekday_0800_0900_one_hour
tract2020_42003080200,tract2020_42003141400,HBW,0.03929919792035707,synthetic_weekday_0800_0900_one_hour
tract2020_42003080200,tract2020_42003151600,HBW,0.05670661594230944,synthetic_weekday_0800_0900_one_hour
tract2020_42003080200,tract2020_42003151700,HBW,0.04678136388581341,synthetic_weekday_0800_0900_one_hour
tract2020_42003080200,tract2020_42003160900,HBW,3.0473257880384463,synthetic_weekday_0800_0900_one_hour
tract2020_42003080200,tract2020_42003170200,HBW,0.687008387771483,synthetic_weekday_0800_0900_one_hour
tract2020_42003080200,tract2020_42003170600,HBW,0.0026317640846541283,synthetic_weekday_0800_0900_one_hour
tract2020_42003080200,tract2020_42003562000,HBW,0.9123309673954262,synthetic_weekday_0800_0900_one_hour
tract2020_42003080200,tract2020_42003562901,HBW,0.002758522742847544,synthetic_weekday_0800_0900_one_hour
tract2020_42003080200,tract2020_42003980500,HBW,0.07360107295652585,synthetic_weekday_0800_0900_one_hour
tract2020_42003080200,tract2020_42003980800,HBW,0.42522633421543715,synthetic_weekday_0800_0900_one_hour
tract2020_42003080200,tract2020_42003982200,HBW,10.151521543194571,synthetic_weekday_0800_0900_one_hour
tract2020_42003080400,tract2020_42003010301,HBW,0.08336738545644133,synthetic_weekday_0800_0900_one_hour
tract2020_42003080400,tract2020_42003010302,HBW,0.8029730938652067,synthetic_weekday_0800_0900_one_hour
tract2020_42003080400,tract2020_42003020300,HBW,8.086952061220847,synthetic_weekday_0800_0900_one_hour
tract2020_42003080400,tract2020_42003030500,HBW,0.3914815525929527,synthetic_weekday_0800_0900_one_hour
tract2020_42003080400,tract2020_42003040200,HBW,12.025695806612742,synthetic_weekday_0800_0900_one_hour
tract2020_42003080400,tract2020_42003040400,HBW,2.4636293262339373,synthetic_weekday_0800_0900_one_hour
tract2020_42003080400,tract2020_42003040500,HBW,5.5492477690106226,synthetic_weekday_0800_0900_one_hour
tract2020_42003080400,tract2020_42003040600,HBW,0.11575102171422301,synthetic_weekday_0800_0900_one_hour
tract2020_42003080400,tract2020_42003040900,HBW,12.132951969823946,synthetic_weekday_0800_0900_one_hour
tract2020_42003080400,tract2020_42003050100,HBW,0.33855301171091584,synthetic_weekday_0800_0900_one_hour
tract2020_42003080400,tract2020_42003050600,HBW,0.30746579159525567,synthetic_weekday_0800_0900_one_hour
tract2020_42003080400,tract2020_42003050900,HBW,0.12776944166578966,synthetic_weekday_0800_0900_one_hour
tract2020_42003080400,tract2020_42003051000,HBW,0.08922876127138152,synthetic_weekday_0800_0900_one_hour
tract2020_42003080400,tract2020_42003051100,HBW,0.21637976518572855,synthetic_weekday_0800_0900_one_hour
tract2020_42003080400,tract2020_42003060500,HBW,1.1127866994743822,synthetic_weekday_0800_0900_one_hour
tract2020_42003080400,tract2020_42003070300,HBW,2.2017159176422734,synthetic_weekday_0800_0900_one_hour
tract2020_42003080400,tract2020_42003070500,HBW,1.9779726927988572,synthetic_weekday_0800_0900_one_hour
tract2020_42003080400,tract2020_42003070600,HBW,0.10794484546393524,synthetic_weekday_0800_0900_one_hour
tract2020_42003080400,tract2020_42003070900,HBW,10.077770961832808,synthetic_weekday_0800_0900_one_hour
tract2020_42003080400,tract2020_42003080200,HBW,0.048174855967538656,synthetic_weekday_0800_0900_one_hour
tract2020_42003080400,tract2020_42003080600,HBW,0.7021832719948717,synthetic_weekday_0800_0900_one_hour
tract2020_42003080400,tract2020_42003080700,HBW,0.37021902422931385,synthetic_weekday_0800_0900_one_hour
tract2020_42003080400,tract2020_42003111500,HBW,5.7484254268349995,synthetic_weekday_0800_0900_one_hour
tract2020_42003080400,tract2020_42003140100,HBW,8.916512791008206,synthetic_weekday_0800_0900_one_hour
tract2020_42003080400,tract2020_42003140200,HBW,0.05455221494842327,synthetic_weekday_0800_0900_one_hour
tract2020_42003080400,tract2020_42003140300,HBW,0.3831009757559998,synthetic_weekday_0800_0900_one_hour
tract2020_42003080400,tract2020_42003141300,HBW,2.0896958258545038,synthetic_weekday_0800_0900_one_hour
tract2020_42003080400,tract2020_42003141400,HBW,0.11106634564081122,synthetic_weekday_0800_0900_one_hour
tract2020_42003080400,tract2020_42003151600,HBW,0.1593987824593664,synthetic_weekday_0800_0900_one_hour
tract2020_42003080400,tract2020_42003151700,HBW,0.1322122436549491,synthetic_weekday_0800_0900_one_hour
tract2020_42003080400,tract2020_42003160900,HBW,8.303013209062618,synthetic_weekday_0800_0900_one_hour
tract2020_42003080400,tract2020_42003170200,HBW,1.8718837811152578,synthetic_weekday_0800_0900_one_hour
tract2020_42003080400,tract2020_42003170600,HBW,0.007170737058634488,synthetic_weekday_0800_0900_one_hour
tract2020_42003080400,tract2020_42003562000,HBW,2.4838461803696528,synthetic_weekday_0800_0900_one_hour
tract2020_42003080400,tract2020_42003562901,HBW,0.007516114903522043,synthetic_weekday_0800_0900_one_hour
tract2020_42003080400,tract2020_42003980500,HBW,0.2080093905501721,synthetic_weekday_0800_0900_one_hour
tract2020_42003080400,tract2020_42003980800,HBW,1.1586092578912366,synthetic_weekday_0800_0900_one_hour
tract2020_42003080400,tract2020_42003982200,HBW,27.65973293570439,synthetic_weekday_0800_0900_one_hour
tract2020_42003080600,tract2020_42003010301,HBW,0.03656299378590569,synthetic_weekday_0800_0900_one_hour
tract2020_42003080600,tract2020_42003010302,HBW,0.35216529918145123,synthetic_weekday_0800_0900_one_hour
tract2020_42003080600,tract2020_42003020300,HBW,3.565265853354157,synthetic_weekday_0800_0900_one_hour
tract2020_42003080600,tract2020_42003030500,HBW,0.17169469207153717,synthetic_weekday_0800_0900_one_hour
tract2020_42003080600,tract2020_42003040200,HBW,5.274190124123665,synthetic_weekday_0800_0900_one_hour
tract2020_42003080600,tract2020_42003040400,HBW,1.0804904490249507,synthetic_weekday_0800_0900_one_hour
tract2020_42003080600,tract2020_42003040500,HBW,2.4337708395664914,synthetic_weekday_0800_0900_one_hour
tract2020_42003080600,tract2020_42003040600,HBW,0.05076570249238126,synthetic_weekday_0800_0900_one_hour
tract2020_42003080600,tract2020_42003040900,HBW,5.321230179506482,synthetic_weekday_0800_0900_one_hour
tract2020_42003080600,tract2020_42003050100,HBW,0.14848146665045087,synthetic_weekday_0800_0900_one_hour
tract2020_42003080600,tract2020_42003050600,HBW,0.13484733587272774,synthetic_weekday_0800_0900_one_hour
tract2020_42003080600,tract2020_42003050900,HBW,0.05603670159592318,synthetic_weekday_0800_0900_one_hour
tract2020_42003080600,tract2020_42003051000,HBW,0.039133656717520476,synthetic_weekday_0800_0900_one_hour
tract2020_42003080600,tract2020_42003051100,HBW,0.09489912591795513,synthetic_weekday_0800_0900_one_hour
tract2020_42003080600,tract2020_42003060500,HBW,0.4880423316043516,synthetic_weekday_0800_0900_one_hour
tract2020_42003080600,tract2020_42003070300,HBW,1.052496416372836,synthetic_weekday_0800_0900_one_hour
tract2020_42003080600,tract2020_42003070500,HBW,0.9455394104991753,synthetic_weekday_0800_0900_one_hour
tract2020_42003080600,tract2020_42003070600,HBW,0.05160137241428192,synthetic_weekday_0800_0900_one_hour
tract2020_42003080600,tract2020_42003070900,HBW,4.4198756508418695,synthetic_weekday_0800_0900_one_hour
tract2020_42003080600,tract2020_42003080200,HBW,0.02131370365710077,synthetic_weekday_0800_0900_one_hour
tract2020_42003080600,tract2020_42003080400,HBW,1.0636965231811997,synthetic_weekday_0800_0900_one_hour
tract2020_42003080600,tract2020_42003080700,HBW,0.17697750793011738,synthetic_weekday_0800_0900_one_hour
tract2020_42003080600,tract2020_42003111500,HBW,2.747946323615279,synthetic_weekday_0800_0900_one_hour
tract2020_42003080600,tract2020_42003140100,HBW,3.910574860716017,synthetic_weekday_0800_0900_one_hour
tract2020_42003080600,tract2020_42003140200,HBW,0.026064711258136756,synthetic_weekday_0800_0900_one_hour
tract2020_42003080600,tract2020_42003140300,HBW,0.1747159138513502,synthetic_weekday_0800_0900_one_hour
tract2020_42003080600,tract2020_42003141300,HBW,0.9466437635877735,synthetic_weekday_0800_0900_one_hour
tract2020_42003080600,tract2020_42003141400,HBW,0.052127834904719145,synthetic_weekday_0800_0900_one_hour
tract2020_42003080600,tract2020_42003151600,HBW,0.06990859387797249,synthetic_weekday_0800_0900_one_hour
tract2020_42003080600,tract2020_42003151700,HBW,0.062052442347533675,synthetic_weekday_0800_0900_one_hour
tract2020_42003080600,tract2020_42003160900,HBW,3.6415082313678755,synthetic_weekday_0800_0900_one_hour
tract2020_42003080600,tract2020_42003170200,HBW,0.8209646336170033,synthetic_weekday_0800_0900_one_hour
tract2020_42003080600,tract2020_42003170600,HBW,0.0031449182804491925,synthetic_weekday_0800_0900_one_hour
tract2020_42003080600,tract2020_42003562000,HBW,1.0893570904349896,synthetic_weekday_0800_0900_one_hour
tract2020_42003080600,tract2020_42003562901,HBW,0.003296392959992924,synthetic_weekday_0800_0900_one_hour
tract2020_42003080600,tract2020_42003980500,HBW,0.09122807453365261,synthetic_weekday_0800_0900_one_hour
tract2020_42003080600,tract2020_42003980800,HBW,0.5081390386016599,synthetic_weekday_0800_0900_one_hour
tract2020_42003080600,tract2020_42003982200,HBW,12.130914720557918,synthetic_weekday_0800_0900_one_hour
tract2020_42003080700,tract2020_42003010301,HBW,0.04505230254875741,synthetic_weekday_0800_0900_one_hour
tract2020_42003080700,tract2020_42003010302,HBW,0.4339321254380537,synthetic_weekday_0800_0900_one_hour
tract2020_42003080700,tract2020_42003020300,HBW,4.370243938497759,synthetic_weekday_0800_0900_one_hour
tract2020_42003080700,tract2020_42003030500,HBW,0.2115592956779271,synthetic_weekday_0800_0900_one_hour
tract2020_42003080700,tract2020_42003040200,HBW,6.498767867944208,synthetic_weekday_0800_0900_one_hour
tract2020_42003080700,tract2020_42003040400,HBW,1.331362056825867,synthetic_weekday_0800_0900_one_hour
tract2020_42003080700,tract2020_42003040500,HBW,2.9988512658599533,synthetic_weekday_0800_0900_one_hour
tract2020_42003080700,tract2020_42003040600,HBW,0.06255264000478551,synthetic_weekday_0800_0900_one_hour
tract2020_42003080700,tract2020_42003040900,HBW,6.556729828592898,synthetic_weekday_0800_0900_one_hour
tract2020_42003080700,tract2020_42003050100,HBW,0.18295635192208987,synthetic_weekday_0800_0900_one_hour
tract2020_42003080700,tract2020_42003050600,HBW,0.16615660657344475,synthetic_weekday_0800_0900_one_hour
tract2020_42003080700,tract2020_42003050900,HBW,0.06904747595113904,synthetic_weekday_0800_0900_one_hour
tract2020_42003080700,tract2020_42003051000,HBW,0.04821982993516714,synthetic_weekday_0800_0900_one_hour
tract2020_42003080700,tract2020_42003051100,HBW,0.11693309791597074,synthetic_weekday_0800_0900_one_hour
tract2020_42003080700,tract2020_42003060500,HBW,0.6013575066852418,synthetic_weekday_0800_0900_one_hour
tract2020_42003080700,tract2020_42003070300,HBW,1.3069418797494663,synthetic_weekday_0800_0900_one_hour
tract2020_42003080700,tract2020_42003070500,HBW,1.248323598561489,synthetic_weekday_0800_0900_one_hour
tract2020_42003080700,tract2020_42003070600,HBW,0.06812535806297221,synthetic_weekday_0800_0900_one_hour
tract2020_42003080700,tract2020_42003070900,HBW,5.446096023088048,synthetic_weekday_0800_0900_one_hour
tract2020_42003080700,tract2020_42003080200,HBW,0.025466666612686446,synthetic_weekday_0800_0900_one_hour
tract2020_42003080700,tract2020_42003080400,HBW,1.3106688654388507,synthetic_weekday_0800_0900_one_hour
tract2020_42003080700,tract2020_42003080600,HBW,0.4173341022768358,synthetic_weekday_0800_0900_one_hour
tract2020_42003080700,tract2020_42003111500,HBW,3.62790403579083,synthetic_weekday_0800_0900_one_hour
tract2020_42003080700,tract2020_42003140100,HBW,4.818544203359434,synthetic_weekday_0800_0900_one_hour
tract2020_42003080700,tract2020_42003140200,HBW,0.03306952121422404,synthetic_weekday_0800_0900_one_hour
tract2020_42003080700,tract2020_42003140300,HBW,0.22855730327857554,synthetic_weekday_0800_0900_one_hour
tract2020_42003080700,tract2020_42003141300,HBW,1.2336186602196442,synthetic_weekday_0800_0900_one_hour
tract2020_42003080700,tract2020_42003141400,HBW,0.06859021155498105,synthetic_weekday_0800_0900_one_hour
tract2020_42003080700,tract2020_42003151600,HBW,0.0888124878369194,synthetic_weekday_0800_0900_one_hour
tract2020_42003080700,tract2020_42003151700,HBW,0.08164908740023816,synthetic_weekday_0800_0900_one_hour
tract2020_42003080700,tract2020_42003160900,HBW,4.4870048534323566,synthetic_weekday_0800_0900_one_hour
tract2020_42003080700,tract2020_42003170200,HBW,1.011578736470986,synthetic_weekday_0800_0900_one_hour
tract2020_42003080700,tract2020_42003170600,HBW,0.0038751151147948934,synthetic_weekday_0800_0900_one_hour
tract2020_42003080700,tract2020_42003562000,HBW,1.3422873824087633,synthetic_weekday_0800_0900_one_hour
tract2020_42003080700,tract2020_42003562901,HBW,0.0040617596530195185,synthetic_weekday_0800_0900_one_hour
tract2020_42003080700,tract2020_42003980500,HBW,0.11240969048915914,synthetic_weekday_0800_0900_one_hour
tract2020_42003080700,tract2020_42003980800,HBW,0.626120329149344,synthetic_weekday_0800_0900_one_hour
tract2020_42003080700,tract2020_42003982200,HBW,14.947507947076943,synthetic_weekday_0800_0900_one_hour
tract2020_42003111500,tract2020_42003010301,HBW,0.04884909951946848,synthetic_weekday_0800_0900_one_hour
tract2020_42003111500,tract2020_42003010302,HBW,0.4705018918240087,synthetic_weekday_0800_0900_one_hour
tract2020_42003111500,tract2020_42003020300,HBW,4.738547621289536,synthetic_weekday_0800_0900_one_hour
tract2020_42003111500,tract2020_42003030500,HBW,0.22938852187755157,synthetic_weekday_0800_0900_one_hour
tract2020_42003111500,tract2020_42003040200,HBW,7.046453574521832,synthetic_weekday_0800_0900_one_hour
tract2020_42003111500,tract2020_42003040400,HBW,1.4435630130101922,synthetic_weekday_0800_0900_one_hour
tract2020_42003111500,tract2020_42003040500,HBW,3.251580399726256,synthetic_weekday_0800_0900_one_hour
tract2020_42003111500,tract2020_42003040600,HBW,0.06782428342019403,synthetic_weekday_0800_0900_one_hour
tract2020_42003111500,tract2020_42003040900,HBW,7.1093002976389705,synthetic_weekday_0800_0900_one_hour
tract2020_42003111500,tract2020_42003050100,HBW,0.19837505603823044,synthetic_weekday_0800_0900_one_hour
tract2020_42003111500,tract2020_42003050600,HBW,0.18015950686514337,synthetic_weekday_0800_0900_one_hour
tract2020_42003111500,tract2020_42003050900,HBW,0.07486647370919612,synthetic_weekday_0800_0900_one_hour
tract2020_42003111500,tract2020_42003051000,HBW,0.05228357127286919,synthetic_weekday_0800_0900_one_hour
tract2020_42003111500,tract2020_42003051100,HBW,0.12678767152988835,synthetic_weekday_0800_0900_one_hour
tract2020_42003111500,tract2020_42003060500,HBW,0.6520370997476806,synthetic_weekday_0800_0900_one_hour
tract2020_42003111500,tract2020_42003070300,HBW,1.438142938456768,synthetic_weekday_0800_0900_one_hour
tract2020_42003111500,tract2020_42003070500,HBW,1.3750439546414388,synthetic_weekday_0800_0900_one_hour
tract2020_42003111500,tract2020_42003070600,HBW,0.07594180861925622,synthetic_weekday_0800_0900_one_hour
tract2020_42003111500,tract2020_42003070900,HBW,5.905067478770781,synthetic_weekday_0800_0900_one_hour
tract2020_42003111500,tract2020_42003080200,HBW,0.027612877953261387,synthetic_weekday_0800_0900_one_hour
tract2020_42003111500,tract2020_42003080400,HBW,1.421125896408975,synthetic_weekday_0800_0900_one_hour
tract2020_42003111500,tract2020_42003080600,HBW,0.45665530788747627,synthetic_weekday_0800_0900_one_hour
tract2020_42003111500,tract2020_42003080700,HBW,0.25223920605847583,synthetic_weekday_0800_0900_one_hour
tract2020_42003111500,tract2020_42003140100,HBW,5.224628532007293,synthetic_weekday_0800_0900_one_hour
tract2020_42003111500,tract2020_42003140200,HBW,0.03638929867447458,synthetic_weekday_0800_0900_one_hour
tract2020_42003111500,tract2020_42003140300,HBW,0.2515016748914764,synthetic_weekday_0800_0900_one_hour
tract2020_42003111500,tract2020_42003141300,HBW,1.3574589600598534,synthetic_weekday_0800_0900_one_hour
tract2020_42003111500,tract2020_42003141400,HBW,0.07547583402405088,synthetic_weekday_0800_0900_one_hour
tract2020_42003111500,tract2020_42003151600,HBW,0.09772818073128661,synthetic_weekday_0800_0900_one_hour
tract2020_42003111500,tract2020_42003151700,HBW,0.08984566207228842,synthetic_weekday_0800_0900_one_hour
tract2020_42003111500,tract2020_42003160900,HBW,4.8651485990631285,synthetic_weekday_0800_0900_one_hour
tract2020_42003111500,tract2020_42003170200,HBW,1.0968298527288542,synthetic_weekday_0800_0900_one_hour
tract2020_42003111500,tract2020_42003170600,HBW,0.004201691660202022,synthetic_weekday_0800_0900_one_hour
tract2020_42003111500,tract2020_42003562000,HBW,1.4554090738436845,synthetic_weekday_0800_0900_one_hour
tract2020_42003111500,tract2020_42003562901,HBW,0.004404065725603733,synthetic_weekday_0800_0900_one_hour
tract2020_42003111500,tract2020_42003980500,HBW,0.12188305251912218,synthetic_weekday_0800_0900_one_hour
tract2020_42003111500,tract2020_42003980800,HBW,0.6788868168653068,synthetic_weekday_0800_0900_one_hour
tract2020_42003111500,tract2020_42003982200,HBW,16.207213881789627,synthetic_weekday_0800_0900_one_hour
tract2020_42003140100,tract2020_42003010301,HBW,0.10665092149365069,synthetic_weekday_0800_0900_one_hour
tract2020_42003140100,tract2020_42003010302,HBW,1.0214226216207674,synthetic_weekday_0800_0900_one_hour
tract2020_42003140100,tract2020_42003020300,HBW,7.738050104632713,synthetic_weekday_0800_0900_one_hour
tract2020_42003140100,tract2020_42003030500,HBW,0.439625159582148,synthetic_weekday_0800_0900_one_hour
tract2020_42003140100,tract2020_42003040200,HBW,14.885729472280639,synthetic_weekday_0800_0900_one_hour
tract2020_42003140100,tract2020_42003040400,HBW,2.8333765554054646,synthetic_weekday_0800_0900_one_hour
tract2020_42003140100,tract2020_42003040500,HBW,6.869008030182008,synthetic_weekday_0800_0900_one_hour
tract2020_42003140100,tract2020_42003040600,HBW,0.1533972049515107,synthetic_weekday_0800_0900_one_hour
tract2020_42003140100,tract2020_42003040900,HBW,15.018494033722387,synthetic_weekday_0800_0900_one_hour
tract2020_42003140100,tract2020_42003050100,HBW,0.3478608936525771,synthetic_weekday_0800_0900_one_hour
tract2020_42003140100,tract2020_42003050600,HBW,0.31091783569255016,synthetic_weekday_0800_0900_one_hour
tract2020_42003140100,tract2020_42003050900,HBW,0.1288369100371651,synthetic_weekday_0800_0900_one_hour
tract2020_42003140100,tract2020_42003051000,HBW,0.10309961805738571,synthetic_weekday_0800_0900_one_hour
tract2020_42003140100,tract2020_42003051100,HBW,0.2330289014562803,synthetic_weekday_0800_0900_one_hour
tract2020_42003140100,tract2020_42003060500,HBW,1.0647768369485924,synthetic_weekday_0800_0900_one_hour
tract2020_42003140100,tract2020_42003070300,HBW,2.4017239891564657,synthetic_weekday_0800_0900_one_hour
tract2020_42003140100,tract2020_42003070500,HBW,2.0168000586121284,synthetic_weekday_0800_0900_one_hour
tract2020_42003140100,tract2020_42003070600,HBW,0.12199074910030097,synthetic_weekday_0800_0900_one_hour
tract2020_42003140100,tract2020_42003070900,HBW,10.417926021425068,synthetic_weekday_0800_0900_one_hour
tract2020_42003140100,tract2020_42003080200,HBW,0.04438858961008046,synthetic_weekday_0800_0900_one_hour
tract2020_42003140100,tract2020_42003080400,HBW,2.284505595785066,synthetic_weekday_0800_0900_one_hour
tract2020_42003140100,tract2020_42003080600,HBW,0.6614096587500904,synthetic_weekday_0800_0900_one_hour
tract2020_42003140100,tract2020_42003080700,HBW,0.34872154926540366,synthetic_weekday_0800_0900_one_hour
tract2020_42003140100,tract2020_42003111500,HBW,5.414632121770408,synthetic_weekday_0800_0900_one_hour
tract2020_42003140100,tract2020_42003140200,HBW,0.06347424140390942,synthetic_weekday_0800_0900_one_hour
tract2020_42003140100,tract2020_42003140300,HBW,0.5116083107074814,synthetic_weekday_0800_0900_one_hour
tract2020_42003140100,tract2020_42003141300,HBW,2.970175474006989,synthetic_weekday_0800_0900_one_hour
tract2020_42003140100,tract2020_42003141400,HBW,0.1576907614833433,synthetic_weekday_0800_0900_one_hour
tract2020_42003140100,tract2020_42003151600,HBW,0.2265604153436009,synthetic_weekday_0800_0900_one_hour
tract2020_42003140100,tract2020_42003151700,HBW,0.18771347215109443,synthetic_weekday_0800_0900_one_hour
tract2020_42003140100,tract2020_42003160900,HBW,11.003436514713517,synthetic_weekday_0800_0900_one_hour
tract2020_42003140100,tract2020_42003170200,HBW,2.317068053052643,synthetic_weekday_0800_0900_one_hour
tract2020_42003140100,tract2020_42003170600,HBW,0.008876131052058948,synthetic_weekday_0800_0900_one_hour
tract2020_42003140100,tract2020_42003562000,HBW,2.5117333365343923,synthetic_weekday_0800_0900_one_hour
tract2020_42003140100,tract2020_42003562901,HBW,0.009960612020697212,synthetic_weekday_0800_0900_one_hour
tract2020_42003140100,tract2020_42003980500,HBW,0.3307077785789332,synthetic_weekday_0800_0900_one_hour
tract2020_42003140100,tract2020_42003980800,HBW,1.5354285358296855,synthetic_weekday_0800_0900_one_hour
tract2020_42003140100,tract2020_42003982200,HBW,32.08027075368409,synthetic_weekday_0800_0900_one_hour
tract2020_42003140200,tract2020_42003010301,HBW,0.07048650568215818,synthetic_weekday_0800_0900_one_hour
tract2020_42003140200,tract2020_42003010302,HBW,0.6789077914998586,synthetic_weekday_0800_0900_one_hour
tract2020_42003140200,tract2020_42003020300,HBW,5.657294804618507,synthetic_weekday_0800_0900_one_hour
tract2020_42003140200,tract2020_42003030500,HBW,0.2994442914548665,synthetic_weekday_0800_0900_one_hour
tract2020_42003140200,tract2020_42003040200,HBW,10.167636554316593,synthetic_weekday_0800_0900_one_hour
tract2020_42003140200,tract2020_42003040400,HBW,2.0714839332491044,synthetic_weekday_0800_0900_one_hour
tract2020_42003140200,tract2020_42003040500,HBW,4.691847804276428,synthetic_weekday_0800_0900_one_hour
tract2020_42003140200,tract2020_42003040600,HBW,0.09786662979898944,synthetic_weekday_0800_0900_one_hour
tract2020_42003140200,tract2020_42003040900,HBW,10.258320844296918,synthetic_weekday_0800_0900_one_hour
tract2020_42003140200,tract2020_42003050100,HBW,0.2502953533140508,synthetic_weekday_0800_0900_one_hour
tract2020_42003140200,tract2020_42003050600,HBW,0.22731228574930287,synthetic_weekday_0800_0900_one_hour
tract2020_42003140200,tract2020_42003050900,HBW,0.09419277103930718,synthetic_weekday_0800_0900_one_hour
tract2020_42003140200,tract2020_42003051000,HBW,0.07042177188886851,synthetic_weekday_0800_0900_one_hour
tract2020_42003140200,tract2020_42003051100,HBW,0.15997154922201226,synthetic_weekday_0800_0900_one_hour
tract2020_42003140200,tract2020_42003060500,HBW,0.7784592224520515,synthetic_weekday_0800_0900_one_hour
tract2020_42003140200,tract2020_42003070300,HBW,2.0065502241210558,synthetic_weekday_0800_0900_one_hour
tract2020_42003140200,tract2020_42003070500,HBW,1.7211164085008912,synthetic_weekday_0800_0900_one_hour
tract2020_42003140200,tract2020_42003070600,HBW,0.10410564947440988,synthetic_weekday_0800_0900_one_hour
tract2020_42003140200,tract2020_42003070900,HBW,7.916216892188988,synthetic_weekday_0800_0900_one_hour
tract2020_42003140200,tract2020_42003080200,HBW,0.032423209145925364,synthetic_weekday_0800_0900_one_hour
tract2020_42003140200,tract2020_42003080400,HBW,1.668694666305748,synthetic_weekday_0800_0900_one_hour
tract2020_42003140200,tract2020_42003080600,HBW,0.5263203313277698,synthetic_weekday_0800_0900_one_hour
tract2020_42003140200,tract2020_42003080700,HBW,0.28448904319960683,synthetic_weekday_0800_0900_one_hour
tract2020_42003140200,tract2020_42003111500,HBW,4.5025083095372205,synthetic_weekday_0800_0900_one_hour
tract2020_42003140200,tract2020_42003140100,HBW,7.578178298635908,synthetic_weekday_0800_0900_one_hour
tract2020_42003140200,tract2020_42003140300,HBW,0.36098956554444883,synthetic_weekday_0800_0900_one_hour
tract2020_42003140200,tract2020_42003141300,HBW,1.9484105640563791,synthetic_weekday_0800_0900_one_hour
tract2020_42003140200,tract2020_42003141400,HBW,0.10833322897433485,synthetic_weekday_0800_0900_one_hour
tract2020_42003140200,tract2020_42003151600,HBW,0.14027283722408376,synthetic_weekday_0800_0900_one_hour
tract2020_42003140200,tract2020_42003151700,HBW,0.12895876948542714,synthetic_weekday_0800_0900_one_hour
tract2020_42003140200,tract2020_42003160900,HBW,7.020136046432865,synthetic_weekday_0800_0900_one_hour
tract2020_42003140200,tract2020_42003170200,HBW,1.5826638445181787,synthetic_weekday_0800_0900_one_hour
tract2020_42003140200,tract2020_42003170600,HBW,0.0060628049645720244,synthetic_weekday_0800_0900_one_hour
tract2020_42003140200,tract2020_42003562000,HBW,1.8363303110244704,synthetic_weekday_0800_0900_one_hour
tract2020_42003140200,tract2020_42003562901,HBW,0.006354819369160469,synthetic_weekday_0800_0900_one_hour
tract2020_42003140200,tract2020_42003980500,HBW,0.1767879760088985,synthetic_weekday_0800_0900_one_hour
tract2020_42003140200,tract2020_42003980800,HBW,0.979595528786513,synthetic_weekday_0800_0900_one_hour
tract2020_42003140200,tract2020_42003982200,HBW,23.386098917042,synthetic_weekday_0800_0900_one_hour
tract2020_42003140300,tract2020_42003010301,HBW,0.02270027233030269,synthetic_weekday_0800_0900_one_hour
tract2020_42003140300,tract2020_42003010302,HBW,0.22003724657968712,synthetic_weekday_0800_0900_one_hour
tract2020_42003140300,tract2020_42003020300,HBW,1.7062355385421626,synthetic_weekday_0800_0900_one_hour
tract2020_42003140300,tract2020_42003030500,HBW,0.09470507857767681,synthetic_weekday_0800_0900_one_hour
tract2020_42003140300,tract2020_42003040200,HBW,3.0665509631551258,synthetic_weekday_0800_0900_one_hour
tract2020_42003140300,tract2020_42003040400,HBW,0.6247578792505696,synthetic_weekday_0800_0900_one_hour
tract2020_42003140300,tract2020_42003040500,HBW,1.4150575039066395,synthetic_weekday_0800_0900_one_hour
tract2020_42003140300,tract2020_42003040600,HBW,0.02951649641168835,synthetic_weekday_0800_0900_one_hour
tract2020_42003140300,tract2020_42003040900,HBW,3.093901271685198,synthetic_weekday_0800_0900_one_hour
tract2020_42003140300,tract2020_42003050100,HBW,0.07548887616882807,synthetic_weekday_0800_0900_one_hour
tract2020_42003140300,tract2020_42003050600,HBW,0.0685572015755799,synthetic_weekday_0800_0900_one_hour
tract2020_42003140300,tract2020_42003050900,HBW,0.02840846358047778,synthetic_weekday_0800_0900_one_hour
tract2020_42003140300,tract2020_42003051000,HBW,0.021239149458112724,synthetic_weekday_0800_0900_one_hour
tract2020_42003140300,tract2020_42003051100,HBW,0.04824728989117095,synthetic_weekday_0800_0900_one_hour
tract2020_42003140300,tract2020_42003060500,HBW,0.23478267202360473,synthetic_weekday_0800_0900_one_hour
tract2020_42003140300,tract2020_42003070300,HBW,0.5887337600148574,synthetic_weekday_0800_0900_one_hour
tract2020_42003140300,tract2020_42003070500,HBW,0.5237169344717568,synthetic_weekday_0800_0900_one_hour
tract2020_42003140300,tract2020_42003070600,HBW,0.03167821266163994,synthetic_weekday_0800_0900_one_hour
tract2020_42003140300,tract2020_42003070900,HBW,2.38752461357217,synthetic_weekday_0800_0900_one_hour
tract2020_42003140300,tract2020_42003080200,HBW,0.009778813660762319,synthetic_weekday_0800_0900_one_hour
tract2020_42003140300,tract2020_42003080400,HBW,0.5032769620388592,synthetic_weekday_0800_0900_one_hour
tract2020_42003140300,tract2020_42003080600,HBW,0.15672123161360166,synthetic_weekday_0800_0900_one_hour
tract2020_42003140300,tract2020_42003080700,HBW,0.08656691020979485,synthetic_weekday_0800_0900_one_hour
tract2020_42003140300,tract2020_42003111500,HBW,1.3700641267828704,synthetic_weekday_0800_0900_one_hour
tract2020_42003140300,tract2020_42003140100,HBW,2.623216853499528,synthetic_weekday_0800_0900_one_hour
tract2020_42003140300,tract2020_42003140200,HBW,0.015893290617843746,synthetic_weekday_0800_0900_one_hour
tract2020_42003140300,tract2020_42003141300,HBW,0.7519782315604586,synthetic_weekday_0800_0900_one_hour
tract2020_42003140300,tract2020_42003141400,HBW,0.04119987293606146,synthetic_weekday_0800_0900_one_hour
tract2020_42003140300,tract2020_42003151600,HBW,0.054137522151456736,synthetic_weekday_0800_0900_one_hour
tract2020_42003140300,tract2020_42003151700,HBW,0.04904390801504824,synthetic_weekday_0800_0900_one_hour
tract2020_42003140300,tract2020_42003160900,HBW,2.342042637372466,synthetic_weekday_0800_0900_one_hour
tract2020_42003140300,tract2020_42003170200,HBW,0.4773301357528929,synthetic_weekday_0800_0900_one_hour
tract2020_42003140300,tract2020_42003170600,HBW,0.001854418242624294,synthetic_weekday_0800_0900_one_hour
tract2020_42003140300,tract2020_42003562000,HBW,0.5538357369345928,synthetic_weekday_0800_0900_one_hour
tract2020_42003140300,tract2020_42003562901,HBW,0.0021407967289198975,synthetic_weekday_0800_0900_one_hour
tract2020_42003140300,tract2020_42003980500,HBW,0.06738938591136143,synthetic_weekday_0800_0900_one_hour
tract2020_42003140300,tract2020_42003980800,HBW,0.32681054620917466,synthetic_weekday_0800_0900_one_hour
tract2020_42003140300,tract2020_42003982200,HBW,7.053228523205839,synthetic_weekday_0800_0900_one_hour
tract2020_42003141300,tract2020_42003010301,HBW,0.2476568713145864,synthetic_weekday_0800_0900_one_hour
tract2020_42003141300,tract2020_42003010302,HBW,2.400576313256718,synthetic_weekday_0800_0900_one_hour
tract2020_42003141300,tract2020_42003020300,HBW,15.582393706610057,synthetic_weekday_0800_0900_one_hour
tract2020_42003141300,tract2020_42003030500,HBW,1.033219474941725,synthetic_weekday_0800_0900_one_hour
tract2020_42003141300,tract2020_42003040200,HBW,28.005631901264394,synthetic_weekday_0800_0900_one_hour
tract2020_42003141300,tract2020_42003040400,HBW,5.705673704409567,synthetic_weekday_0800_0900_one_hour
tract2020_42003141300,tract2020_42003040500,HBW,13.10647881922262,synthetic_weekday_0800_0900_one_hour
tract2020_42003141300,tract2020_42003040600,HBW,0.3085705789136267,synthetic_weekday_0800_0900_one_hour
tract2020_42003141300,tract2020_42003040900,HBW,31.641799249872836,synthetic_weekday_0800_0900_one_hour
tract2020_42003141300,tract2020_42003050100,HBW,0.7144111480909009,synthetic_weekday_0800_0900_one_hour
tract2020_42003141300,tract2020_42003050600,HBW,0.626106585077272,synthetic_weekday_0800_0900_one_hour
tract2020_42003141300,tract2020_42003050900,HBW,0.25944358449427474,synthetic_weekday_0800_0900_one_hour
tract2020_42003141300,tract2020_42003051000,HBW,0.19817075463103673,synthetic_weekday_0800_0900_one_hour
tract2020_42003141300,tract2020_42003051100,HBW,0.5176552353003042,synthetic_weekday_0800_0900_one_hour
tract2020_42003141300,tract2020_42003060500,HBW,2.144179949555837,synthetic_weekday_0800_0900_one_hour
tract2020_42003141300,tract2020_42003070300,HBW,5.221540087153103,synthetic_weekday_0800_0900_one_hour
tract2020_42003141300,tract2020_42003070500,HBW,4.644899194495321,synthetic_weekday_0800_0900_one_hour
tract2020_42003141300,tract2020_42003070600,HBW,0.280957316424218,synthetic_weekday_0800_0900_one_hour
tract2020_42003141300,tract2020_42003070900,HBW,21.682512311303668,synthetic_weekday_0800_0900_one_hour
tract2020_42003141300,tract2020_42003080200,HBW,0.0893869217739118,synthetic_weekday_0800_0900_one_hour
tract2020_42003141300,tract2020_42003080400,HBW,4.600392235398472,synthetic_weekday_0800_0900_one_hour
tract2020_42003141300,tract2020_42003080600,HBW,1.3899766735948302,synthetic_weekday_0800_0900_one_hour
tract2020_42003141300,tract2020_42003080700,HBW,0.7677708033424488,synthetic_weekday_0800_0900_one_hour
tract2020_42003141300,tract2020_42003111500,HBW,12.151239228724778,synthetic_weekday_0800_0900_one_hour
tract2020_42003141300,tract2020_42003140100,HBW,25.520942257257857,synthetic_weekday_0800_0900_one_hour
tract2020_42003141300,tract2020_42003140200,HBW,0.14095922420985532,synthetic_weekday_0800_0900_one_hour
tract2020_42003141300,tract2020_42003140300,HBW,1.2604130724360922,synthetic_weekday_0800_0900_one_hour
tract2020_42003141300,tract2020_42003141400,HBW,0.446294934966426,synthetic_weekday_0800_0900_one_hour
tract2020_42003141300,tract2020_42003151600,HBW,0.591962728533157,synthetic_weekday_0800_0900_one_hour
tract2020_42003141300,tract2020_42003151700,HBW,0.5312649330750033,synthetic_weekday_0800_0900_one_hour
tract2020_42003141300,tract2020_42003160900,HBW,25.551365358853083,synthetic_weekday_0800_0900_one_hour
tract2020_42003141300,tract2020_42003170200,HBW,5.1588589044144975,synthetic_weekday_0800_0900_one_hour
tract2020_42003141300,tract2020_42003170600,HBW,0.020231449799126805,synthetic_weekday_0800_0900_one_hour
tract2020_42003141300,tract2020_42003562000,HBW,5.05796902406513,synthetic_weekday_0800_0900_one_hour
tract2020_42003141300,tract2020_42003562901,HBW,0.023408383363777208,synthetic_weekday_0800_0900_one_hour
tract2020_42003141300,tract2020_42003980500,HBW,0.702089139263517,synthetic_weekday_0800_0900_one_hour
tract2020_42003141300,tract2020_42003980800,HBW,3.5654584319119507,synthetic_weekday_0800_0900_one_hour
tract2020_42003141300,tract2020_42003982200,HBW,64.41442653643875,synthetic_weekday_0800_0900_one_hour
tract2020_42003141400,tract2020_42003010301,HBW,0.024015635267917727,synthetic_weekday_0800_0900_one_hour
tract2020_42003141400,tract2020_42003010302,HBW,0.23278726273960013,synthetic_weekday_0800_0900_one_hour
tract2020_42003141400,tract2020_42003020300,HBW,1.3758165903048953,synthetic_weekday_0800_0900_one_hour
tract2020_42003141400,tract2020_42003030500,HBW,0.10019274623876942,synthetic_weekday_0800_0900_one_hour
tract2020_42003141400,tract2020_42003040200,HBW,2.6864451138786065,synthetic_weekday_0800_0900_one_hour
tract2020_42003141400,tract2020_42003040400,HBW,0.4525490077006932,synthetic_weekday_0800_0900_one_hour
tract2020_42003141400,tract2020_42003040500,HBW,1.2709536920916467,synthetic_weekday_0800_0900_one_hour
tract2020_42003141400,tract2020_42003040600,HBW,0.02992252320020092,synthetic_weekday_0800_0900_one_hour
tract2020_42003141400,tract2020_42003040900,HBW,3.068349793696446,synthetic_weekday_0800_0900_one_hour
tract2020_42003141400,tract2020_42003050100,HBW,0.06927745421644972,synthetic_weekday_0800_0900_one_hour
tract2020_42003141400,tract2020_42003050600,HBW,0.054494642897153577,synthetic_weekday_0800_0900_one_hour
tract2020_42003141400,tract2020_42003050900,HBW,0.024551510780235822,synthetic_weekday_0800_0900_one_hour
tract2020_42003141400,tract2020_42003051000,HBW,0.019216896905483477,synthetic_weekday_0800_0900_one_hour
tract2020_42003141400,tract2020_42003051100,HBW,0.050197756514935174,synthetic_weekday_0800_0900_one_hour
tract2020_42003141400,tract2020_42003060500,HBW,0.18931612194772396,synthetic_weekday_0800_0900_one_hour
tract2020_42003141400,tract2020_42003070300,HBW,0.43060667456705715,synthetic_weekday_0800_0900_one_hour
tract2020_42003141400,tract2020_42003070500,HBW,0.3830526171314613,synthetic_weekday_0800_0900_one_hour
tract2020_42003141400,tract2020_42003070600,HBW,0.023169810764907695,synthetic_weekday_0800_0900_one_hour
tract2020_42003141400,tract2020_42003070900,HBW,1.7294249990558734,synthetic_weekday_0800_0900_one_hour
tract2020_42003141400,tract2020_42003080200,HBW,0.00708337191997717,synthetic_weekday_0800_0900_one_hour
tract2020_42003141400,tract2020_42003080400,HBW,0.3645532090647859,synthetic_weekday_0800_0900_one_hour
tract2020_42003141400,tract2020_42003080600,HBW,0.11462771962913021,synthetic_weekday_0800_0900_one_hour
tract2020_42003141400,tract2020_42003080700,HBW,0.06331603836009697,synthetic_weekday_0800_0900_one_hour
tract2020_42003141400,tract2020_42003111500,HBW,1.002080732660385,synthetic_weekday_0800_0900_one_hour
tract2020_42003141400,tract2020_42003140100,HBW,2.0201680765665966,synthetic_weekday_0800_0900_one_hour
tract2020_42003141400,tract2020_42003140200,HBW,0.011624536396052428,synthetic_weekday_0800_0900_one_hour
tract2020_42003141400,tract2020_42003140300,HBW,0.10041316456751416,synthetic_weekday_0800_0900_one_hour
tract2020_42003141400,tract2020_42003141300,HBW,0.6654089137099383,synthetic_weekday_0800_0900_one_hour
tract2020_42003141400,tract2020_42003151600,HBW,0.05638662450986734,synthetic_weekday_0800_0900_one_hour
tract2020_42003141400,tract2020_42003151700,HBW,0.056603789519090564,synthetic_weekday_0800_0900_one_hour
tract2020_42003141400,tract2020_42003160900,HBW,2.4777518499620252,synthetic_weekday_0800_0900_one_hour
tract2020_42003141400,tract2020_42003170200,HBW,0.5002618065448009,synthetic_weekday_0800_0900_one_hour
tract2020_42003141400,tract2020_42003170600,HBW,0.001961872152942765,synthetic_weekday_0800_0900_one_hour
tract2020_42003141400,tract2020_42003562000,HBW,0.4011759139069776,synthetic_weekday_0800_0900_one_hour
tract2020_42003141400,tract2020_42003562901,HBW,0.0022429288184682254,synthetic_weekday_0800_0900_one_hour
tract2020_42003141400,tract2020_42003980500,HBW,0.055575458450830395,synthetic_weekday_0800_0900_one_hour
tract2020_42003141400,tract2020_42003980800,HBW,0.34574752079037546,synthetic_weekday_0800_0900_one_hour
tract2020_42003141400,tract2020_42003982200,HBW,5.117182925723211,synthetic_weekday_0800_0900_one_hour
tract2020_42003151600,tract2020_42003010301,HBW,0.04747888905613032,synthetic_weekday_0800_0900_one_hour
tract2020_42003151600,tract2020_42003010302,HBW,0.430128573305393,synthetic_weekday_0800_0900_one_hour
tract2020_42003151600,tract2020_42003020300,HBW,2.6308345685335786,synthetic_weekday_0800_0900_one_hour
tract2020_42003151600,tract2020_42003030500,HBW,0.18512938589530498,synthetic_weekday_0800_0900_one_hour
tract2020_42003151600,tract2020_42003040200,HBW,5.137016606620295,synthetic_weekday_0800_0900_one_hour
tract2020_42003151600,tract2020_42003040400,HBW,0.84959476674173,synthetic_weekday_0800_0900_one_hour
tract2020_42003151600,tract2020_42003040500,HBW,2.430315880563043,synthetic_weekday_0800_0900_one_hour
tract2020_42003151600,tract2020_42003040600,HBW,0.059192666137763,synthetic_weekday_0800_0900_one_hour
tract2020_42003151600,tract2020_42003040900,HBW,5.867294203670397,synthetic_weekday_0800_0900_one_hour
tract2020_42003151600,tract2020_42003050100,HBW,0.12800619842196437,synthetic_weekday_0800_0900_one_hour
tract2020_42003151600,tract2020_42003050600,HBW,0.10420458027908568,synthetic_weekday_0800_0900_one_hour
tract2020_42003151600,tract2020_42003050900,HBW,0.045662566243299174,synthetic_weekday_0800_0900_one_hour
tract2020_42003151600,tract2020_42003051000,HBW,0.036746523508404585,synthetic_weekday_0800_0900_one_hour
tract2020_42003151600,tract2020_42003051100,HBW,0.09275202233488686,synthetic_weekday_0800_0900_one_hour
tract2020_42003151600,tract2020_42003060500,HBW,0.36201002481763617,synthetic_weekday_0800_0900_one_hour
tract2020_42003151600,tract2020_42003070300,HBW,0.7221543477052806,synthetic_weekday_0800_0900_one_hour
tract2020_42003151600,tract2020_42003070500,HBW,0.6424032166698176,synthetic_weekday_0800_0900_one_hour
tract2020_42003151600,tract2020_42003070600,HBW,0.03885722300103605,synthetic_weekday_0800_0900_one_hour
tract2020_42003151600,tract2020_42003070900,HBW,3.0797428273777103,synthetic_weekday_0800_0900_one_hour
tract2020_42003151600,tract2020_42003080200,HBW,0.013122135844304852,synthetic_weekday_0800_0900_one_hour
tract2020_42003151600,tract2020_42003080400,HBW,0.6753445655357889,synthetic_weekday_0800_0900_one_hour
tract2020_42003151600,tract2020_42003080600,HBW,0.19552563996948935,synthetic_weekday_0800_0900_one_hour
tract2020_42003151600,tract2020_42003080700,HBW,0.10618495969016357,synthetic_weekday_0800_0900_one_hour
tract2020_42003151600,tract2020_42003111500,HBW,1.6805521153845862,synthetic_weekday_0800_0900_one_hour
tract2020_42003151600,tract2020_42003140100,HBW,3.7465130751614857,synthetic_weekday_0800_0900_one_hour
tract2020_42003151600,tract2020_42003140200,HBW,0.019495075191084267,synthetic_weekday_0800_0900_one_hour
tract2020_42003151600,tract2020_42003140300,HBW,0.17431883409336443,synthetic_weekday_0800_0900_one_hour
tract2020_42003151600,tract2020_42003141300,HBW,1.1392603596177329,synthetic_weekday_0800_0900_one_hour
tract2020_42003151600,tract2020_42003141400,HBW,0.07242810418038687,synthetic_weekday_0800_0900_one_hour
tract2020_42003151600,tract2020_42003151700,HBW,0.0998568929534885,synthetic_weekday_0800_0900_one_hour
tract2020_42003151600,tract2020_42003160900,HBW,5.05361408319896,synthetic_weekday_0800_0900_one_hour
tract2020_42003151600,tract2020_42003170200,HBW,1.020332246298234,synthetic_weekday_0800_0900_one_hour
tract2020_42003151600,tract2020_42003170600,HBW,0.004001427641633836,synthetic_weekday_0800_0900_one_hour
tract2020_42003151600,tract2020_42003562000,HBW,0.7639883503032268,synthetic_weekday_0800_0900_one_hour
tract2020_42003151600,tract2020_42003562901,HBW,0.00512527235609016,synthetic_weekday_0800_0900_one_hour
tract2020_42003151600,tract2020_42003980500,HBW,0.10306775171796755,synthetic_weekday_0800_0900_one_hour
tract2020_42003151600,tract2020_42003980800,HBW,0.6835425337662392,synthetic_weekday_0800_0900_one_hour
tract2020_42003151600,tract2020_42003982200,HBW,9.992727437947638,synthetic_weekday_0800_0900_one_hour
tract2020_42003151700,tract2020_42003010301,HBW,0.08880807544238224,synthetic_weekday_0800_0900_one_hour
tract2020_42003151700,tract2020_42003010302,HBW,0.8597479442507008,synthetic_weekday_0800_0900_one_hour
tract2020_42003151700,tract2020_42003020300,HBW,5.08127236542064,synthetic_weekday_0800_0900_one_hour
tract2020_42003151700,tract2020_42003030500,HBW,0.37003960867039537,synthetic_weekday_0800_0900_one_hour
tract2020_42003151700,tract2020_42003040200,HBW,9.921787115058374,synthetic_weekday_0800_0900_one_hour
tract2020_42003151700,tract2020_42003040400,HBW,1.6537754780977876,synthetic_weekday_0800_0900_one_hour
tract2020_42003151700,tract2020_42003040500,HBW,4.693984589852518,synthetic_weekday_0800_0900_one_hour
tract2020_42003151700,tract2020_42003040600,HBW,0.11071840273649926,synthetic_weekday_0800_0900_one_hour
tract2020_42003151700,tract2020_42003040900,HBW,11.33226705072564,synthetic_weekday_0800_0900_one_hour
tract2020_42003151700,tract2020_42003050100,HBW,0.25586085829850935,synthetic_weekday_0800_0900_one_hour
tract2020_42003151700,tract2020_42003050600,HBW,0.20126383485127763,synthetic_weekday_0800_0900_one_hour
tract2020_42003151700,tract2020_42003050900,HBW,0.09067554071963366,synthetic_weekday_0800_0900_one_hour
tract2020_42003151700,tract2020_42003051000,HBW,0.07097333168030133,synthetic_weekday_0800_0900_one_hour
tract2020_42003151700,tract2020_42003051100,HBW,0.18539424134210206,synthetic_weekday_0800_0900_one_hour
tract2020_42003151700,tract2020_42003060500,HBW,0.6991969609614833,synthetic_weekday_0800_0900_one_hour
tract2020_42003151700,tract2020_42003070300,HBW,1.5735903669801432,synthetic_weekday_0800_0900_one_hour
tract2020_42003151700,tract2020_42003070500,HBW,1.3998108807083367,synthetic_weekday_0800_0900_one_hour
tract2020_42003151700,tract2020_42003070600,HBW,0.08467075216859833,synthetic_weekday_0800_0900_one_hour
tract2020_42003151700,tract2020_42003070900,HBW,6.319935754979034,synthetic_weekday_0800_0900_one_hour
tract2020_42003151700,tract2020_42003080200,HBW,0.025885167317066114,synthetic_weekday_0800_0900_one_hour
tract2020_42003151700,tract2020_42003080400,HBW,1.332207445722514,synthetic_weekday_0800_0900_one_hour
tract2020_42003151700,tract2020_42003080600,HBW,0.41889057009777114,synthetic_weekday_0800_0900_one_hour
tract2020_42003151700,tract2020_42003080700,HBW,0.23137938616248316,synthetic_weekday_0800_0900_one_hour
tract2020_42003151700,tract2020_42003111500,HBW,3.6619603944509356,synthetic_weekday_0800_0900_one_hour
tract2020_42003151700,tract2020_42003140100,HBW,7.382414655235346,synthetic_weekday_0800_0900_one_hour
tract2020_42003151700,tract2020_42003140200,HBW,0.04248020194259569,synthetic_weekday_0800_0900_one_hour
tract2020_42003151700,tract2020_42003140300,HBW,0.36694551620756577,synthetic_weekday_0800_0900_one_hour
tract2020_42003151700,tract2020_42003141300,HBW,2.4316414922491427,synthetic_weekday_0800_0900_one_hour
tract2020_42003151700,tract2020_42003141400,HBW,0.17416117526469038,synthetic_weekday_0800_0900_one_hour
tract2020_42003151700,tract2020_42003151600,HBW,0.24243303628213397,synthetic_weekday_0800_0900_one_hour
tract2020_42003151700,tract2020_42003160900,HBW,9.452658848585056,synthetic_weekday_0800_0900_one_hour
tract2020_42003151700,tract2020_42003170200,HBW,1.908505967745451,synthetic_weekday_0800_0900_one_hour
tract2020_42003151700,tract2020_42003170600,HBW,0.007484570404655843,synthetic_weekday_0800_0900_one_hour
tract2020_42003151700,tract2020_42003562000,HBW,1.4660398708942135,synthetic_weekday_0800_0900_one_hour
tract2020_42003151700,tract2020_42003562901,HBW,0.009586693857227931,synthetic_weekday_0800_0900_one_hour
tract2020_42003151700,tract2020_42003980500,HBW,0.20309254645590288,synthetic_weekday_0800_0900_one_hour
tract2020_42003151700,tract2020_42003980800,HBW,1.278549227110683,synthetic_weekday_0800_0900_one_hour
tract2020_42003151700,tract2020_42003982200,HBW,18.89917622196822,synthetic_weekday_0800_0900_one_hour
tract2020_42003160900,tract2020_42003010301,HBW,0.28172461218508504,synthetic_weekday_0800_0900_one_hour
tract2020_42003160900,tract2020_42003010302,HBW,2.662839052506228,synthetic_weekday_0800_0900_one_hour
tract2020_42003160900,tract2020_42003020300,HBW,16.49337951127007,synthetic_weekday_0800_0900_one_hour
tract2020_42003160900,tract2020_42003030500,HBW,1.1968365584976584,synthetic_weekday_0800_0900_one_hour
tract2020_42003160900,tract2020_42003040200,HBW,28.90766738104143,synthetic_weekday_0800_0900_one_hour
tract2020_42003160900,tract2020_42003040400,HBW,4.68159462632554,synthetic_weekday_0800_0900_one_hour
tract2020_42003160900,tract2020_42003040500,HBW,13.67617986977867,synthetic_weekday_0800_0900_one_hour
tract2020_42003160900,tract2020_42003040600,HBW,0.3219832571319717,synthetic_weekday_0800_0900_one_hour
tract2020_42003160900,tract2020_42003040900,HBW,33.937432609684166,synthetic_weekday_0800_0900_one_hour
tract2020_42003160900,tract2020_42003050100,HBW,0.901191799394582,synthetic_weekday_0800_0900_one_hour
tract2020_42003160900,tract2020_42003050600,HBW,0.6532853528352258,synthetic_weekday_0800_0900_one_hour
tract2020_42003160900,tract2020_42003050900,HBW,0.3193769232450019,synthetic_weekday_0800_0900_one_hour
tract2020_42003160900,tract2020_42003051000,HBW,0.22926802323932932,synthetic_weekday_0800_0900_one_hour
tract2020_42003160900,tract2020_42003051100,HBW,0.6271056609790058,synthetic_weekday_0800_0900_one_hour
tract2020_42003160900,tract2020_42003060500,HBW,2.269534085349067,synthetic_weekday_0800_0900_one_hour
tract2020_42003160900,tract2020_42003070300,HBW,3.624666327477022,synthetic_weekday_0800_0900_one_hour
tract2020_42003160900,tract2020_42003070500,HBW,3.0463607281476968,synthetic_weekday_0800_0900_one_hour
tract2020_42003160900,tract2020_42003070600,HBW,0.18410765038944382,synthetic_weekday_0800_0900_one_hour
tract2020_42003160900,tract2020_42003070900,HBW,15.804697536058876,synthetic_weekday_0800_0900_one_hour
tract2020_42003160900,tract2020_42003080200,HBW,0.0691547109773776,synthetic_weekday_0800_0900_one_hour
tract2020_42003160900,tract2020_42003080400,HBW,3.4657493138810014,synthetic_weekday_0800_0900_one_hour
tract2020_42003160900,tract2020_42003080600,HBW,1.003403132492506,synthetic_weekday_0800_0900_one_hour
tract2020_42003160900,tract2020_42003080700,HBW,0.5290341474023689,synthetic_weekday_0800_0900_one_hour
tract2020_42003160900,tract2020_42003111500,HBW,8.214362703057866,synthetic_weekday_0800_0900_one_hour
tract2020_42003160900,tract2020_42003140100,HBW,17.785921182476372,synthetic_weekday_0800_0900_one_hour
tract2020_42003160900,tract2020_42003140200,HBW,0.09579491503505552,synthetic_weekday_0800_0900_one_hour
tract2020_42003160900,tract2020_42003140300,HBW,0.6727339202833523,synthetic_weekday_0800_0900_one_hour
tract2020_42003160900,tract2020_42003141300,HBW,4.40471455878705,synthetic_weekday_0800_0900_one_hour
tract2020_42003160900,tract2020_42003141400,HBW,0.3154783576070206,synthetic_weekday_0800_0900_one_hour
tract2020_42003160900,tract2020_42003151600,HBW,0.5165886676677319,synthetic_weekday_0800_0900_one_hour
tract2020_42003160900,tract2020_42003151700,HBW,0.4031501452836419,synthetic_weekday_0800_0900_one_hour
tract2020_42003160900,tract2020_42003170200,HBW,7.551618849704564,synthetic_weekday_0800_0900_one_hour
tract2020_42003160900,tract2020_42003170600,HBW,0.02961511460009146,synthetic_weekday_0800_0900_one_hour
tract2020_42003160900,tract2020_42003562000,HBW,4.219212792232053,synthetic_weekday_0800_0900_one_hour
tract2020_42003160900,tract2020_42003562901,HBW,0.025743158783580744,synthetic_weekday_0800_0900_one_hour
tract2020_42003160900,tract2020_42003980500,HBW,0.45379398934354914,synthetic_weekday_0800_0900_one_hour
tract2020_42003160900,tract2020_42003980800,HBW,3.8465167080526195,synthetic_weekday_0800_0900_one_hour
tract2020_42003160900,tract2020_42003982200,HBW,55.063779706699606,synthetic_weekday_0800_0900_one_hour
tract2020_42003170200,tract2020_42003010301,HBW,0.20341268657881667,synthetic_weekday_0800_0900_one_hour
tract2020_42003170200,tract2020_42003010302,HBW,1.922640842048371,synthetic_weekday_0800_0900_one_hour
tract2020_42003170200,tract2020_42003020300,HBW,11.908660060368952,synthetic_weekday_0800_0900_one_hour
tract2020_42003170200,tract2020_42003030500,HBW,0.8641479275506565,synthetic_weekday_0800_0900_one_hour
tract2020_42003170200,tract2020_42003040200,HBW,20.73153302875488,synthetic_weekday_0800_0900_one_hour
tract2020_42003170200,tract2020_42003040400,HBW,3.2965258949778335,synthetic_weekday_0800_0900_one_hour
tract2020_42003170200,tract2020_42003040500,HBW,9.808061333356004,synthetic_weekday_0800_0900_one_hour
tract2020_42003170200,tract2020_42003040600,HBW,0.21215460771430017,synthetic_weekday_0800_0900_one_hour
tract2020_42003170200,tract2020_42003040900,HBW,24.503731815195902,synthetic_weekday_0800_0900_one_hour
tract2020_42003170200,tract2020_42003050100,HBW,0.6506845234992034,synthetic_weekday_0800_0900_one_hour
tract2020_42003170200,tract2020_42003050600,HBW,0.47168945479105245,synthetic_weekday_0800_0900_one_hour
tract2020_42003170200,tract2020_42003050900,HBW,0.2305986597502599,synthetic_weekday_0800_0900_one_hour
tract2020_42003170200,tract2020_42003051000,HBW,0.16553762978680764,synthetic_weekday_0800_0900_one_hour
tract2020_42003170200,tract2020_42003051100,HBW,0.4527870187810216,synthetic_weekday_0800_0900_one_hour
tract2020_42003170200,tract2020_42003060500,HBW,1.6386641621490956,synthetic_weekday_0800_0900_one_hour
tract2020_42003170200,tract2020_42003070300,HBW,2.5522108614831636,synthetic_weekday_0800_0900_one_hour
tract2020_42003170200,tract2020_42003070500,HBW,2.145012598659289,synthetic_weekday_0800_0900_one_hour
tract2020_42003170200,tract2020_42003070600,HBW,0.12963442771107386,synthetic_weekday_0800_0900_one_hour
tract2020_42003170200,tract2020_42003070900,HBW,11.128450750958493,synthetic_weekday_0800_0900_one_hour
tract2020_42003170200,tract2020_42003080200,HBW,0.04948001437575044,synthetic_weekday_0800_0900_one_hour
tract2020_42003170200,tract2020_42003080400,HBW,2.4777679524298466,synthetic_weekday_0800_0900_one_hour
tract2020_42003170200,tract2020_42003080600,HBW,0.7173629422935858,synthetic_weekday_0800_0900_one_hour
tract2020_42003170200,tract2020_42003080700,HBW,0.3782223517796087,synthetic_weekday_0800_0900_one_hour
tract2020_42003170200,tract2020_42003111500,HBW,5.872693842498337,synthetic_weekday_0800_0900_one_hour
tract2020_42003170200,tract2020_42003140100,HBW,12.15568854815784,synthetic_weekday_0800_0900_one_hour
tract2020_42003170200,tract2020_42003140200,HBW,0.06745140118801057,synthetic_weekday_0800_0900_one_hour
tract2020_42003170200,tract2020_42003140300,HBW,0.47368741371303635,synthetic_weekday_0800_0900_one_hour
tract2020_42003170200,tract2020_42003141300,HBW,2.8589360059068314,synthetic_weekday_0800_0900_one_hour
tract2020_42003170200,tract2020_42003141400,HBW,0.2047652404280727,synthetic_weekday_0800_0900_one_hour
tract2020_42003170200,tract2020_42003151600,HBW,0.33529844500194306,synthetic_weekday_0800_0900_one_hour
tract2020_42003170200,tract2020_42003151700,HBW,0.261669729276479,synthetic_weekday_0800_0900_one_hour
tract2020_42003170200,tract2020_42003160900,HBW,24.276562304452877,synthetic_weekday_0800_0900_one_hour
tract2020_42003170200,tract2020_42003170600,HBW,0.023962216178121505,synthetic_weekday_0800_0900_one_hour
tract2020_42003170200,tract2020_42003562000,HBW,3.04638420711284,synthetic_weekday_0800_0900_one_hour
tract2020_42003170200,tract2020_42003562901,HBW,0.016708924623806434,synthetic_weekday_0800_0900_one_hour
tract2020_42003170200,tract2020_42003980500,HBW,0.3101429688624207,synthetic_weekday_0800_0900_one_hour
tract2020_42003170200,tract2020_42003980800,HBW,2.6150126107555907,synthetic_weekday_0800_0900_one_hour
tract2020_42003170200,tract2020_42003982200,HBW,39.0356237755822,synthetic_weekday_0800_0900_one_hour
tract2020_42003562000,tract2020_42003010301,HBW,0.20417314230489175,synthetic_weekday_0800_0900_one_hour
tract2020_42003562000,tract2020_42003010302,HBW,1.9626544467190083,synthetic_weekday_0800_0900_one_hour
tract2020_42003562000,tract2020_42003020300,HBW,18.54947764606757,synthetic_weekday_0800_0900_one_hour
tract2020_42003562000,tract2020_42003030500,HBW,0.9630844027318897,synthetic_weekday_0800_0900_one_hour
tract2020_42003562000,tract2020_42003040200,HBW,29.26705185913425,synthetic_weekday_0800_0900_one_hour
tract2020_42003562000,tract2020_42003040400,HBW,5.951710323495328,synthetic_weekday_0800_0900_one_hour
tract2020_42003562000,tract2020_42003040500,HBW,13.50525781181927,synthetic_weekday_0800_0900_one_hour
tract2020_42003562000,tract2020_42003040600,HBW,0.2809698929118846,synthetic_weekday_0800_0900_one_hour
tract2020_42003562000,tract2020_42003040900,HBW,29.52808221790882,synthetic_weekday_0800_0900_one_hour
tract2020_42003562000,tract2020_42003050100,HBW,0.8328748134288451,synthetic_weekday_0800_0900_one_hour
tract2020_42003562000,tract2020_42003050600,HBW,0.7563970927817741,synthetic_weekday_0800_0900_one_hour
tract2020_42003562000,tract2020_42003050900,HBW,0.3134328526957311,synthetic_weekday_0800_0900_one_hour
tract2020_42003562000,tract2020_42003051000,HBW,0.21951182038175512,synthetic_weekday_0800_0900_one_hour
tract2020_42003562000,tract2020_42003051100,HBW,0.532316211420163,synthetic_weekday_0800_0900_one_hour
tract2020_42003562000,tract2020_42003060500,HBW,2.55245880654141,synthetic_weekday_0800_0900_one_hour
tract2020_42003562000,tract2020_42003070300,HBW,4.545073325789655,synthetic_weekday_0800_0900_one_hour
tract2020_42003562000,tract2020_42003070500,HBW,4.05323533451689,synthetic_weekday_0800_0900_one_hour
tract2020_42003562000,tract2020_42003070600,HBW,0.2308578763555645,synthetic_weekday_0800_0900_one_hour
tract2020_42003562000,tract2020_42003070900,HBW,21.077272342770343,synthetic_weekday_0800_0900_one_hour
tract2020_42003562000,tract2020_42003080200,HBW,0.09924825659617656,synthetic_weekday_0800_0900_one_hour
tract2020_42003562000,tract2020_42003080400,HBW,4.969969241744195,synthetic_weekday_0800_0900_one_hour
tract2020_42003562000,tract2020_42003080600,HBW,1.4389046217463248,synthetic_weekday_0800_0900_one_hour
tract2020_42003562000,tract2020_42003080700,HBW,0.7586479004385411,synthetic_weekday_0800_0900_one_hour
tract2020_42003562000,tract2020_42003111500,HBW,11.77959692907264,synthetic_weekday_0800_0900_one_hour
tract2020_42003562000,tract2020_42003140100,HBW,19.640187598648843,synthetic_weekday_0800_0900_one_hour
tract2020_42003562000,tract2020_42003140200,HBW,0.12011999829379538,synthetic_weekday_0800_0900_one_hour
tract2020_42003562000,tract2020_42003140300,HBW,0.8435604053413799,synthetic_weekday_0800_0900_one_hour
tract2020_42003562000,tract2020_42003141300,HBW,4.602922578127673,synthetic_weekday_0800_0900_one_hour
tract2020_42003562000,tract2020_42003141400,HBW,0.24455999195423933,synthetic_weekday_0800_0900_one_hour
tract2020_42003562000,tract2020_42003151600,HBW,0.3750468529111433,synthetic_weekday_0800_0900_one_hour
tract2020_42003562000,tract2020_42003151700,HBW,0.29897805393817023,synthetic_weekday_0800_0900_one_hour
tract2020_42003562000,tract2020_42003160900,HBW,20.327329265091127,synthetic_weekday_0800_0900_one_hour
tract2020_42003562000,tract2020_42003170200,HBW,4.584387425938341,synthetic_weekday_0800_0900_one_hour
tract2020_42003562000,tract2020_42003170600,HBW,0.017561686862166314,synthetic_weekday_0800_0900_one_hour
tract2020_42003562000,tract2020_42003562901,HBW,0.01824434867425898,synthetic_weekday_0800_0900_one_hour
tract2020_42003562000,tract2020_42003980500,HBW,0.47688735916213754,synthetic_weekday_0800_0900_one_hour
tract2020_42003562000,tract2020_42003980800,HBW,2.8123667013508378,synthetic_weekday_0800_0900_one_hour
tract2020_42003562000,tract2020_42003982200,HBW,67.31575879326023,synthetic_weekday_0800_0900_one_hour
tract2020_42003562901,tract2020_42003010301,HBW,0.0001261675968754233,synthetic_weekday_0800_0900_one_hour
tract2020_42003562901,tract2020_42003010302,HBW,0.001070859324438434,synthetic_weekday_0800_0900_one_hour
tract2020_42003562901,tract2020_42003020300,HBW,0.006991024471871362,synthetic_weekday_0800_0900_one_hour
tract2020_42003562901,tract2020_42003030500,HBW,0.00046090295185479774,synthetic_weekday_0800_0900_one_hour
tract2020_42003562901,tract2020_42003040200,HBW,0.013650804668158935,synthetic_weekday_0800_0900_one_hour
tract2020_42003562901,tract2020_42003040400,HBW,0.0022107468214950135,synthetic_weekday_0800_0900_one_hour
tract2020_42003562901,tract2020_42003040500,HBW,0.006458177948020595,synthetic_weekday_0800_0900_one_hour
tract2020_42003562901,tract2020_42003040600,HBW,0.00015204722302875043,synthetic_weekday_0800_0900_one_hour
tract2020_42003562901,tract2020_42003040900,HBW,0.015591401242835402,synthetic_weekday_0800_0900_one_hour
tract2020_42003562901,tract2020_42003050100,HBW,0.0003339529786251522,synthetic_weekday_0800_0900_one_hour
tract2020_42003562901,tract2020_42003050600,HBW,0.00027690709994670414,synthetic_weekday_0800_0900_one_hour
tract2020_42003562901,tract2020_42003050900,HBW,0.00012134100785869203,synthetic_weekday_0800_0900_one_hour
tract2020_42003562901,tract2020_42003051000,HBW,9.764804225095985e-05,synthetic_weekday_0800_0900_one_hour
tract2020_42003562901,tract2020_42003051100,HBW,0.0002323853851503355,synthetic_weekday_0800_0900_one_hour
tract2020_42003562901,tract2020_42003060500,HBW,0.0009619840687943847,synthetic_weekday_0800_0900_one_hour
tract2020_42003562901,tract2020_42003070300,HBW,0.0017116431904184751,synthetic_weekday_0800_0900_one_hour
tract2020_42003562901,tract2020_42003070500,HBW,0.0014385552006166908,synthetic_weekday_0800_0900_one_hour
tract2020_42003562901,tract2020_42003070600,HBW,8.69394801127483e-05,synthetic_weekday_0800_0900_one_hour
tract2020_42003562901,tract2020_42003070900,HBW,0.007463308473154987,synthetic_weekday_0800_0900_one_hour
tract2020_42003562901,tract2020_42003080200,HBW,3.265629976268114e-05,synthetic_weekday_0800_0900_one_hour
tract2020_42003562901,tract2020_42003080400,HBW,0.0016365992554495412,synthetic_weekday_0800_0900_one_hour
tract2020_42003562901,tract2020_42003080600,HBW,0.00047382792892023876,synthetic_weekday_0800_0900_one_hour
tract2020_42003562901,tract2020_42003080700,HBW,0.00024982098049571396,synthetic_weekday_0800_0900_one_hour
tract2020_42003562901,tract2020_42003111500,HBW,0.0038789937373637116,synthetic_weekday_0800_0900_one_hour
tract2020_42003562901,tract2020_42003140100,HBW,0.008398883683866038,synthetic_weekday_0800_0900_one_hour
tract2020_42003562901,tract2020_42003140200,HBW,4.523636086265617e-05,synthetic_weekday_0800_0900_one_hour
tract2020_42003562901,tract2020_42003140300,HBW,0.00034791856516930275,synthetic_weekday_0800_0900_one_hour
tract2020_42003562901,tract2020_42003141300,HBW,0.0022738210230351303,synthetic_weekday_0800_0900_one_hour
tract2020_42003562901,tract2020_42003141400,HBW,0.00014897547352953815,synthetic_weekday_0800_0900_one_hour
tract2020_42003562901,tract2020_42003151600,HBW,0.000268551776063488,synthetic_weekday_0800_0900_one_hour
tract2020_42003562901,tract2020_42003151700,HBW,0.00020345357251209207,synthetic_weekday_0800_0900_one_hour
tract2020_42003562901,tract2020_42003160900,HBW,0.013429175726062677,synthetic_weekday_0800_0900_one_hour
tract2020_42003562901,tract2020_42003170200,HBW,0.002711370676297005,synthetic_weekday_0800_0900_one_hour
tract2020_42003562901,tract2020_42003170600,HBW,1.0633157591766529e-05,synthetic_weekday_0800_0900_one_hour
tract2020_42003562901,tract2020_42003562000,HBW,0.001987988724988835,synthetic_weekday_0800_0900_one_hour
tract2020_42003562901,tract2020_42003980500,HBW,0.00021429100544362957,synthetic_weekday_0800_0900_one_hour
tract2020_42003562901,tract2020_42003980800,HBW,0.0018164055764967226,synthetic_weekday_0800_0900_one_hour
tract2020_42003562901,tract2020_42003982200,HBW,0.0260022675354171,synthetic_weekday_0800_0900_one_hour
tract2020_42003980500,tract2020_42003010301,HBW,0.0004694298701904695,synthetic_weekday_0800_0900_one_hour
tract2020_42003980500,tract2020_42003010302,HBW,0.0044958475928929655,synthetic_weekday_0800_0900_one_hour
tract2020_42003980500,tract2020_42003020300,HBW,0.03331073667503537,synthetic_weekday_0800_0900_one_hour
tract2020_42003980500,tract2020_42003030500,HBW,0.0019350342097831617,synthetic_weekday_0800_0900_one_hour
tract2020_42003980500,tract2020_42003040200,HBW,0.06552035327964004,synthetic_weekday_0800_0900_one_hour
tract2020_42003980500,tract2020_42003040400,HBW,0.012102771248039344,synthetic_weekday_0800_0900_one_hour
tract2020_42003980500,tract2020_42003040500,HBW,0.030234314929361402,synthetic_weekday_0800_0900_one_hour
tract2020_42003980500,tract2020_42003040600,HBW,0.0006751861962323079,synthetic_weekday_0800_0900_one_hour
tract2020_42003980500,tract2020_42003040900,HBW,0.06610472376580792,synthetic_weekday_0800_0900_one_hour
tract2020_42003980500,tract2020_42003050100,HBW,0.0015311287691160886,synthetic_weekday_0800_0900_one_hour
tract2020_42003980500,tract2020_42003050600,HBW,0.0013684099156359873,synthetic_weekday_0800_0900_one_hour
tract2020_42003980500,tract2020_42003050900,HBW,0.0005670363194252183,synthetic_weekday_0800_0900_one_hour
tract2020_42003980500,tract2020_42003051000,HBW,0.0004537986136786158,synthetic_weekday_0800_0900_one_hour
tract2020_42003980500,tract2020_42003051100,HBW,0.0010256894683067675,synthetic_weekday_0800_0900_one_hour
tract2020_42003980500,tract2020_42003060500,HBW,0.004583648380880467,synthetic_weekday_0800_0900_one_hour
tract2020_42003980500,tract2020_42003070300,HBW,0.009880426194258354,synthetic_weekday_0800_0900_one_hour
tract2020_42003980500,tract2020_42003070500,HBW,0.008695618912107583,synthetic_weekday_0800_0900_one_hour
tract2020_42003980500,tract2020_42003070600,HBW,0.0005259743326806196,synthetic_weekday_0800_0900_one_hour
tract2020_42003980500,tract2020_42003070900,HBW,0.04285819253863814,synthetic_weekday_0800_0900_one_hour
tract2020_42003980500,tract2020_42003080200,HBW,0.00018260973596040102,synthetic_weekday_0800_0900_one_hour
tract2020_42003980500,tract2020_42003080400,HBW,0.009398202720809837,synthetic_weekday_0800_0900_one_hour
tract2020_42003980500,tract2020_42003080600,HBW,0.0027209660006540146,synthetic_weekday_0800_0900_one_hour
tract2020_42003980500,tract2020_42003080700,HBW,0.0014373277089889604,synthetic_weekday_0800_0900_one_hour
tract2020_42003980500,tract2020_42003111500,HBW,0.022748081544603505,synthetic_weekday_0800_0900_one_hour
tract2020_42003980500,tract2020_42003140100,HBW,0.05733905962581899,synthetic_weekday_0800_0900_one_hour
tract2020_42003980500,tract2020_42003140200,HBW,0.0002638868239224314,synthetic_weekday_0800_0900_one_hour
tract2020_42003980500,tract2020_42003140300,HBW,0.0023595930268479662,synthetic_weekday_0800_0900_one_hour
tract2020_42003980500,tract2020_42003141300,HBW,0.01466701570282817,synthetic_weekday_0800_0900_one_hour
tract2020_42003980500,tract2020_42003141400,HBW,0.0007786923348831359,synthetic_weekday_0800_0900_one_hour
tract2020_42003980500,tract2020_42003151600,HBW,0.0011187773916269456,synthetic_weekday_0800_0900_one_hour
tract2020_42003980500,tract2020_42003151700,HBW,0.0009269474035344555,synthetic_weekday_0800_0900_one_hour
tract2020_42003980500,tract2020_42003160900,HBW,0.048432228267793725,synthetic_weekday_0800_0900_one_hour
tract2020_42003980500,tract2020_42003170200,HBW,0.010198701897120887,synthetic_weekday_0800_0900_one_hour
tract2020_42003980500,tract2020_42003170600,HBW,3.906877680198652e-05,synthetic_weekday_0800_0900_one_hour
tract2020_42003980500,tract2020_42003562000,HBW,0.010883278242576245,synthetic_weekday_0800_0900_one_hour
tract2020_42003980500,tract2020_42003562901,HBW,4.42405726232532e-05,synthetic_weekday_0800_0900_one_hour
tract2020_42003980500,tract2020_42003980800,HBW,0.006758272766580669,synthetic_weekday_0800_0900_one_hour
tract2020_42003980500,tract2020_42003982200,HBW,0.14120306814670683,synthetic_weekday_0800_0900_one_hour
tract2020_42003980800,tract2020_42003010301,HBW,0.00014251422797189415,synthetic_weekday_0800_0900_one_hour
tract2020_42003980800,tract2020_42003010302,HBW,0.0010911888182355237,synthetic_weekday_0800_0900_one_hour
tract2020_42003980800,tract2020_42003020300,HBW,0.007123744041466315,synthetic_weekday_0800_0900_one_hour
tract2020_42003980800,tract2020_42003030500,HBW,0.0004696528627786309,synthetic_weekday_0800_0900_one_hour
tract2020_42003980800,tract2020_42003040200,HBW,0.013909955373105317,synthetic_weekday_0800_0900_one_hour
tract2020_42003980800,tract2020_42003040400,HBW,0.0022527162592809596,synthetic_weekday_0800_0900_one_hour
tract2020_42003980800,tract2020_42003040500,HBW,0.006580781809740375,synthetic_weekday_0800_0900_one_hour
tract2020_42003980800,tract2020_42003040600,HBW,0.0001549337301608134,synthetic_weekday_0800_0900_one_hour
tract2020_42003980800,tract2020_42003040900,HBW,0.015887392777503482,synthetic_weekday_0800_0900_one_hour
tract2020_42003980800,tract2020_42003050100,HBW,0.00034713815445833776,synthetic_weekday_0800_0900_one_hour
tract2020_42003980800,tract2020_42003050600,HBW,0.0002821639820060623,synthetic_weekday_0800_0900_one_hour
tract2020_42003980800,tract2020_42003050900,HBW,0.00012364457958870384,synthetic_weekday_0800_0900_one_hour
tract2020_42003980800,tract2020_42003051000,HBW,9.950182007586686e-05,synthetic_weekday_0800_0900_one_hour
tract2020_42003980800,tract2020_42003051100,HBW,0.00024156045577520025,synthetic_weekday_0800_0900_one_hour
tract2020_42003980800,tract2020_42003060500,HBW,0.0009802466441982181,synthetic_weekday_0800_0900_one_hour
tract2020_42003980800,tract2020_42003070300,HBW,0.0017441375048707407,synthetic_weekday_0800_0900_one_hour
tract2020_42003980800,tract2020_42003070500,HBW,0.001465865136067871,synthetic_weekday_0800_0900_one_hour
tract2020_42003980800,tract2020_42003070600,HBW,8.858996359021267e-05,synthetic_weekday_0800_0900_one_hour
tract2020_42003980800,tract2020_42003070900,HBW,0.007604994014708576,synthetic_weekday_0800_0900_one_hour
tract2020_42003980800,tract2020_42003080200,HBW,3.327625611764818e-05,synthetic_weekday_0800_0900_one_hour
tract2020_42003980800,tract2020_42003080400,HBW,0.0016676689147901193,synthetic_weekday_0800_0900_one_hour
tract2020_42003980800,tract2020_42003080600,HBW,0.00048282321123420977,synthetic_weekday_0800_0900_one_hour
tract2020_42003980800,tract2020_42003080700,HBW,0.00025456365206560845,synthetic_weekday_0800_0900_one_hour
tract2020_42003980800,tract2020_42003111500,HBW,0.0039526336425529775,synthetic_weekday_0800_0900_one_hour
tract2020_42003980800,tract2020_42003140100,HBW,0.008558330447653773,synthetic_weekday_0800_0900_one_hour
tract2020_42003980800,tract2020_42003140200,HBW,4.609514062632171e-05,synthetic_weekday_0800_0900_one_hour
tract2020_42003980800,tract2020_42003140300,HBW,0.00032370992393708985,synthetic_weekday_0800_0900_one_hour
tract2020_42003980800,tract2020_42003141300,HBW,0.002119485537742749,synthetic_weekday_0800_0900_one_hour
tract2020_42003980800,tract2020_42003141400,HBW,0.00015180366570746539,synthetic_weekday_0800_0900_one_hour
tract2020_42003980800,tract2020_42003151600,HBW,0.00024094602545622206,synthetic_weekday_0800_0900_one_hour
tract2020_42003980800,tract2020_42003151700,HBW,0.00019399007383190498,synthetic_weekday_0800_0900_one_hour
tract2020_42003980800,tract2020_42003160900,HBW,0.013264138418234372,synthetic_weekday_0800_0900_one_hour
tract2020_42003980800,tract2020_42003170200,HBW,0.0029242815589616035,synthetic_weekday_0800_0900_one_hour
tract2020_42003980800,tract2020_42003170600,HBW,1.1202220114452856e-05,synthetic_weekday_0800_0900_one_hour
tract2020_42003980800,tract2020_42003562000,HBW,0.0020257292605858315,synthetic_weekday_0800_0900_one_hour
tract2020_42003980800,tract2020_42003562901,HBW,1.2007061284553335e-05,synthetic_weekday_0800_0900_one_hour
tract2020_42003980800,tract2020_42003980500,HBW,0.00021835916600078116,synthetic_weekday_0800_0900_one_hour
tract2020_42003980800,tract2020_42003982200,HBW,0.026495901876089023,synthetic_weekday_0800_0900_one_hour
tract2020_42003982200,tract2020_42003010301,HBW,0.007835623768056287,synthetic_weekday_0800_0900_one_hour
tract2020_42003982200,tract2020_42003010302,HBW,0.07547070146139234,synthetic_weekday_0800_0900_one_hour
tract2020_42003982200,tract2020_42003020300,HBW,0.5797952773927795,synthetic_weekday_0800_0900_one_hour
tract2020_42003982200,tract2020_42003030500,HBW,0.03328768797126568,synthetic_weekday_0800_0900_one_hour
tract2020_42003982200,tract2020_42003040200,HBW,1.1302840718081941,synthetic_weekday_0800_0900_one_hour
tract2020_42003982200,tract2020_42003040400,HBW,0.1979020672607704,synthetic_weekday_0800_0900_one_hour
tract2020_42003982200,tract2020_42003040500,HBW,0.5215686863109299,synthetic_weekday_0800_0900_one_hour
tract2020_42003982200,tract2020_42003040600,HBW,0.010850966340733145,synthetic_weekday_0800_0900_one_hour
tract2020_42003982200,tract2020_42003040900,HBW,1.140364979793096,synthetic_weekday_0800_0900_one_hour
tract2020_42003982200,tract2020_42003050100,HBW,0.02672257656127497,synthetic_weekday_0800_0900_one_hour
tract2020_42003982200,tract2020_42003050600,HBW,0.024268808345125466,synthetic_weekday_0800_0900_one_hour
tract2020_42003982200,tract2020_42003050900,HBW,0.01005641336240991,synthetic_weekday_0800_0900_one_hour
tract2020_42003982200,tract2020_42003051000,HBW,0.007828427643856516,synthetic_weekday_0800_0900_one_hour
tract2020_42003982200,tract2020_42003051100,HBW,0.01769405094170644,synthetic_weekday_0800_0900_one_hour
tract2020_42003982200,tract2020_42003060500,HBW,0.07978141433465404,synthetic_weekday_0800_0900_one_hour
tract2020_42003982200,tract2020_42003070300,HBW,0.15321821264695556,synthetic_weekday_0800_0900_one_hour
tract2020_42003982200,tract2020_42003070500,HBW,0.13025987617527113,synthetic_weekday_0800_0900_one_hour
tract2020_42003982200,tract2020_42003070600,HBW,0.007782411559779626,synthetic_weekday_0800_0900_one_hour
tract2020_42003982200,tract2020_42003070900,HBW,0.6918651853589328,synthetic_weekday_0800_0900_one_hour
tract2020_42003982200,tract2020_42003080200,HBW,0.0030744074724449594,synthetic_weekday_0800_0900_one_hour
tract2020_42003982200,tract2020_42003080400,HBW,0.15395444815529988,synthetic_weekday_0800_0900_one_hour
tract2020_42003982200,tract2020_42003080600,HBW,0.04457286478322798,synthetic_weekday_0800_0900_one_hour
tract2020_42003982200,tract2020_42003080700,HBW,0.02350059189002202,synthetic_weekday_0800_0900_one_hour
tract2020_42003982200,tract2020_42003111500,HBW,0.36489588898759345,synthetic_weekday_0800_0900_one_hour
tract2020_42003982200,tract2020_42003140100,HBW,0.7218418631975152,synthetic_weekday_0800_0900_one_hour
tract2020_42003982200,tract2020_42003140200,HBW,0.004049345328996003,synthetic_weekday_0800_0900_one_hour
tract2020_42003982200,tract2020_42003140300,HBW,0.02843712483861677,synthetic_weekday_0800_0900_one_hour
tract2020_42003982200,tract2020_42003141300,HBW,0.16273859184526895,synthetic_weekday_0800_0900_one_hour
tract2020_42003982200,tract2020_42003141400,HBW,0.00903546882209579,synthetic_weekday_0800_0900_one_hour
tract2020_42003982200,tract2020_42003151600,HBW,0.014484188092042268,synthetic_weekday_0800_0900_one_hour
tract2020_42003982200,tract2020_42003151700,HBW,0.01154643569202057,synthetic_weekday_0800_0900_one_hour
tract2020_42003982200,tract2020_42003160900,HBW,0.7801089924589856,synthetic_weekday_0800_0900_one_hour
tract2020_42003982200,tract2020_42003170200,HBW,0.17593663236577517,synthetic_weekday_0800_0900_one_hour
tract2020_42003982200,tract2020_42003170600,HBW,0.0006739709710636869,synthetic_weekday_0800_0900_one_hour
tract2020_42003982200,tract2020_42003562000,HBW,0.18777265708369423,synthetic_weekday_0800_0900_one_hour
tract2020_42003982200,tract2020_42003562901,HBW,0.0007045908418204392,synthetic_weekday_0800_0900_one_hour
tract2020_42003982200,tract2020_42003980500,HBW,0.018417235487263806,synthetic_weekday_0800_0900_one_hour
tract2020_42003982200,tract2020_42003980800,HBW,0.10861269190762396,synthetic_weekday_0800_0900_one_hour
