expanded_link_id,link_class,physical_link_id,source_route_id,from_physical_link_id,to_physical_link_id,zone_id
669858,physical,669858,284929,,,
669606,physical,669606,284803,,,
669856,physical,669856,284928,,,
669610,physical,669610,284805,,,
669854,physical,669854,284927,,,
621972,physical,621972,260986,,,
621834,physical,621834,260917,,,
621926,physical,621926,260963,,,
621958,physical,621958,260979,,,
621878,physical,621878,260939,,,
621970,physical,621970,260985,,,
319912,physical,319912,109956,,,
669852,physical,669852,284926,,,
622566,physical,622566,261283,,,
622568,physical,622568,261284,,,
621964,physical,621964,260982,,,
621830,physical,621830,260915,,,
622118,physical,622118,261059,,,
621954,physical,621954,260977,,,
622142,physical,622142,261071,,,
622146,physical,622146,261073,,,
621927,physical,621927,260963,,,
621812,physical,621812,260906,,,
621952,physical,621952,260976,,,
621950,physical,621950,260975,,,
623394,physical,623394,261697,,,
621974,physical,621974,260987,,,
621996,physical,621996,260998,,,
621956,physical,621956,260978,,,
622000,physical,622000,261000,,,
621978,physical,621978,260989,,,
621984,physical,621984,260992,,,
621986,physical,621986,260993,,,
621988,physical,621988,260994,,,
621884,physical,621884,260942,,,
621980,physical,621980,260990,,,
621992,physical,621992,260996,,,
621976,physical,621976,260988,,,
621982,physical,621982,260991,,,
621990,physical,621990,260995,,,
313744,physical,313744,106872,,,
313836,physical,313836,106918,,,
313748,physical,313748,106874,,,
623382,physical,623382,261691,,,
623386,physical,623386,261693,,,
623398,physical,623398,261699,,,
623378,physical,623378,261689,,,
633338,physical,633338,266669,,,
623408,physical,623408,261704,,,
633336,physical,633336,266668,,,
623414,physical,623414,261707,,,
313802,physical,313802,106901,,,
623392,physical,623392,261696,,,
623418,physical,623418,261709,,,
313796,physical,313796,106898,,,
313803,physical,313803,106901,,,
319922,physical,319922,109961,,,
632806,physical,632806,266403,,,
319923,physical,319923,109961,,,
311098,physical,311098,105549,,,
623374,physical,623374,261687,,,
311066,physical,311066,105533,,,
670374,physical,670374,285187,,,
669604,physical,669604,284802,,,
669602,physical,669602,284801,,,
622036,physical,622036,261018,,,
622138,physical,622138,261069,,,
622009,physical,622009,261004,,,
669600,physical,669600,284800,,,
669598,physical,669598,284799,,,
622040,physical,622040,261020,,,
622042,physical,622042,261021,,,
622017,physical,622017,261008,,,
311000,physical,311000,105500,,,
623406,physical,623406,261703,,,
622059,physical,622059,261029,,,
623410,physical,623410,261705,,,
622058,physical,622058,261029,,,
622056,physical,622056,261028,,,
622054,physical,622054,261027,,,
622057,physical,622057,261028,,,
622052,physical,622052,261026,,,
622038,physical,622038,261019,,,
622044,physical,622044,261022,,,
622008,physical,622008,261004,,,
622016,physical,622016,261008,,,
621758,physical,621758,260879,,,
622014,physical,622014,261007,,,
669612,physical,669612,284806,,,
622055,physical,622055,261027,,,
622046,physical,622046,261023,,,
670372,physical,670372,285186,,,
621759,physical,621759,260879,,,
622018,physical,622018,261009,,,
669596,physical,669596,284798,,,
669592,physical,669592,284796,,,
669594,physical,669594,284797,,,
669597,physical,669597,284798,,,
311480,physical,311480,105740,,,
669593,physical,669593,284796,,,
622015,physical,622015,261007,,,
622034,physical,622034,261017,,,
310604,physical,310604,105302,,,
310812,physical,310812,105406,,,
310770,physical,310770,105385,,,
669614,physical,669614,284807,,,
622050,physical,622050,261025,,,
310768,physical,310768,105384,,,
310794,physical,310794,105397,,,
621346,physical,621346,260673,,,
622012,physical,622012,261006,,,
622006,physical,622006,261003,,,
310988,physical,310988,105494,,,
313794,physical,313794,106897,,,
622134,physical,622134,261067,,,
621890,physical,621890,260945,,,
621966,physical,621966,260983,,,
621790,physical,621790,260895,,,
621804,physical,621804,260902,,,
621826,physical,621826,260913,,,
668344,physical,668344,284172,,,
621762,physical,621762,260881,,,
311017,physical,311017,105508,,,
621796,physical,621796,260898,,,
621798,physical,621798,260899,,,
621780,physical,621780,260890,,,
622010,physical,622010,261005,,,
622032,physical,622032,261016,,,
311016,physical,311016,105508,,,
622792,physical,622792,261396,,,
622793,physical,622793,261396,,,
310922,physical,310922,105461,,,
310924,physical,310924,105462,,,
310828,physical,310828,105414,,,
621764,physical,621764,260882,,,
622023,physical,622023,261011,,,
310788,physical,310788,105394,,,
310866,physical,310866,105433,,,
622022,physical,622022,261011,,,
622026,physical,622026,261013,,,
622024,physical,622024,261012,,,
622027,physical,622027,261013,,,
622572,physical,622572,261286,,,
622030,physical,622030,261015,,,
622570,physical,622570,261285,,,
310816,physical,310816,105408,,,
310822,physical,310822,105411,,,
311013,physical,311013,105506,,,
311053,physical,311053,105526,,,
311032,physical,311032,105516,,,
621349,physical,621349,260674,,,
622025,physical,622025,261012,,,
360312,physical,360312,130156,,,
310868,physical,310868,105434,,,
311012,physical,311012,105506,,,
621348,physical,621348,260674,,,
621350,physical,621350,260675,,,
622028,physical,622028,261014,,,
311052,physical,311052,105526,,,
668342,physical,668342,284171,,,
621351,physical,621351,260675,,,
311040,physical,311040,105520,,,
310826,physical,310826,105413,,,
310808,physical,310808,105404,,,
310850,physical,310850,105425,,,
310602,physical,310602,105301,,,
313658,physical,313658,106829,,,
313656,physical,313656,106828,,,
621782,physical,621782,260891,,,
626207,physical,626207,263103,,,
626204,physical,626204,263102,,,
626206,physical,626206,263103,,,
622136,physical,622136,261068,,,
310857,physical,310857,105428,,,
313753,physical,313753,106876,,,
310898,physical,310898,105449,,,
310590,physical,310590,105295,,,
310612,physical,310612,105306,,,
622020,physical,622020,261010,,,
310856,physical,310856,105428,,,
313752,physical,313752,106876,,,
310591,physical,310591,105295,,,
310877,physical,310877,105438,,,
311036,physical,311036,105518,,,
313420,physical,313420,106710,,,
622790,physical,622790,261395,,,
310918,physical,310918,105459,,,
313784,physical,313784,106892,,,
648366,physical,648366,274183,,,
313754,physical,313754,106877,,,
671294,physical,671294,285647,,,
310588,physical,310588,105294,,,
313732,physical,313732,106866,,,
310790,physical,310790,105395,,,
310920,physical,310920,105460,,,
310862,physical,310862,105431,,,
310778,physical,310778,105389,,,
310876,physical,310876,105438,,,
313734,physical,313734,106867,,,
314202,physical,314202,107101,,,
671224,physical,671224,285612,,,
310984,physical,310984,105492,,,
310830,physical,310830,105415,,,
310642,physical,310642,105321,,,
310860,physical,310860,105430,,,
310852,physical,310852,105426,,,
621774,physical,621774,260887,,,
642086,physical,642086,271043,,,
310992,physical,310992,105496,,,
310772,physical,310772,105386,,,
310820,physical,310820,105410,,,
621778,physical,621778,260889,,,
642088,physical,642088,271044,,,
671218,physical,671218,285609,,,
310814,physical,310814,105407,,,
671216,physical,671216,285608,,,
311086,physical,311086,105543,,,
310644,physical,310644,105322,,,
310786,physical,310786,105393,,,
310614,physical,310614,105307,,,
313816,physical,313816,106908,,,
311100,physical,311100,105550,,,
313478,physical,313478,106739,,,
313477,physical,313477,106738,,,
310840,physical,310840,105420,,,
310843,physical,310843,105421,,,
323849,physical,323849,111924,,,
342456,physical,342456,121228,,,
323838,physical,323838,111919,,,
310787,physical,310787,105393,,,
310842,physical,310842,105421,,,
310845,physical,310845,105422,,,
621776,physical,621776,260888,,,
621872,physical,621872,260936,,,
313418,physical,313418,106709,,,
310792,physical,310792,105396,,,
310896,physical,310896,105448,,,
313476,physical,313476,106738,,,
310897,physical,310897,105448,,,
310894,physical,310894,105447,,,
310648,physical,310648,105324,,,
310832,physical,310832,105416,,,
310844,physical,310844,105422,,,
310784,physical,310784,105392,,,
310895,physical,310895,105447,,,
311078,physical,311078,105539,,,
311159,physical,311159,105579,,,
323848,physical,323848,111924,,,
323851,physical,323851,111925,,,
310646,physical,310646,105323,,,
311094,physical,311094,105547,,,
313750,physical,313750,106875,,,
310652,physical,310652,105326,,,
342458,physical,342458,121229,,,
314316,physical,314316,107158,,,
313746,physical,313746,106873,,,
310952,physical,310952,105476,,,
649774,physical,649774,274887,,,
428250,physical,428250,164125,,,
342459,physical,342459,121229,,,
323890,physical,323890,111945,,,
313652,physical,313652,106826,,,
313654,physical,313654,106827,,,
313790,physical,313790,106895,,,
310982,physical,310982,105491,,,
311026,physical,311026,105513,,,
323844,physical,323844,111922,,,
323850,physical,323850,111925,,,
323855,physical,323855,111927,,,
313804,physical,313804,106902,,,
313806,physical,313806,106903,,,
671214,physical,671214,285607,,,
428152,physical,428152,164076,,,
428154,physical,428154,164077,,,
621773,physical,621773,260886,,,
428251,physical,428251,164125,,,
633206,physical,633206,266603,,,
310573,physical,310573,105286,,,
310836,physical,310836,105418,,,
310578,physical,310578,105289,,,
314364,physical,314364,107182,,,
638086,physical,638086,269043,,,
310846,physical,310846,105423,,,
310638,physical,310638,105319,,,
310764,physical,310764,105382,,,
310572,physical,310572,105286,,,
310576,physical,310576,105288,,,
310796,physical,310796,105398,,,
323854,physical,323854,111927,,,
323847,physical,323847,111923,,,
310926,physical,310926,105463,,,
313553,physical,313553,106776,,,
311027,physical,311027,105513,,,
313740,physical,313740,106870,,,
310834,physical,310834,105417,,,
313584,physical,313584,106792,,,
310574,physical,310574,105287,,,
313730,physical,313730,106865,,,
621870,physical,621870,260935,,,
621772,physical,621772,260886,,,
310835,physical,310835,105417,,,
310838,physical,310838,105419,,,
310641,physical,310641,105320,,,
310198,physical,310198,105099,,,
428248,physical,428248,164124,,,
310839,physical,310839,105419,,,
310636,physical,310636,105318,,,
313552,physical,313552,106776,,,
310640,physical,310640,105320,,,
313742,physical,313742,106871,,,
310654,physical,310654,105327,,,
323846,physical,323846,111923,,,
649126,physical,649126,274563,,,
649772,physical,649772,274886,,,
313728,physical,313728,106864,,,
310864,physical,310864,105432,,,
310824,physical,310824,105412,,,
310580,physical,310580,105290,,,
323839,physical,323839,111919,,,
313580,physical,313580,106790,,,
311030,physical,311030,105515,,,
311028,physical,311028,105514,,,
313582,physical,313582,106791,,,
313578,physical,313578,106789,,,
323840,physical,323840,111920,,,
323842,physical,323842,111921,,,
310766,physical,310766,105383,,,
312352,physical,312352,106176,,,
312350,physical,312350,106175,,,
310806,physical,310806,105403,,,
310818,physical,310818,105409,,,
310810,physical,310810,105405,,,
313726,physical,313726,106863,,,
310562,physical,310562,105281,,,
310560,physical,310560,105280,,,
311024,physical,311024,105512,,,
312348,physical,312348,106174,,,
312354,physical,312354,106177,,,
313724,physical,313724,106862,,,
654366,physical,654366,277183,,,
310650,physical,310650,105325,,,
310762,physical,310762,105381,,,
310628,physical,310628,105314,,,
310780,physical,310780,105390,,,
310798,physical,310798,105399,,,
310624,physical,310624,105312,,,
310782,physical,310782,105391,,,
310622,physical,310622,105311,,,
311092,physical,311092,105546,,,
313738,physical,313738,106869,,,
310776,physical,310776,105388,,,
310610,physical,310610,105305,,,
310566,physical,310566,105283,,,
310932,physical,310932,105466,,,
310986,physical,310986,105493,,,
671212,physical,671212,285606,,,
310568,physical,310568,105284,,,
313586,physical,313586,106793,,,
659172,physical,659172,279586,,,
310774,physical,310774,105387,,,
310592,physical,310592,105296,,,
310564,physical,310564,105282,,,
310630,physical,310630,105315,,,
310936,physical,310936,105468,,,
313756,physical,313756,106878,,,
644050,physical,644050,272025,,,
622990,physical,622990,261495,,,
310635,physical,310635,105317,,,
310854,physical,310854,105427,,,
310976,physical,310976,105488,,,
310634,physical,310634,105317,,,
310884,physical,310884,105442,,,
323852,physical,323852,111926,,,
622994,physical,622994,261497,,,
331596,physical,331596,115798,,,
331599,physical,331599,115799,,,
311158,physical,311158,105579,,,
311160,physical,311160,105580,,,
310606,physical,310606,105303,,,
310848,physical,310848,105424,,,
310620,physical,310620,105310,,,
310618,physical,310618,105309,,,
311090,physical,311090,105545,,,
311088,physical,311088,105544,,,
310858,physical,310858,105429,,,
310584,physical,310584,105292,,,
311050,physical,311050,105525,,,
310886,physical,310886,105443,,,
310889,physical,310889,105444,,,
310632,physical,310632,105316,,,
310882,physical,310882,105441,,,
331598,physical,331598,115799,,,
310554,physical,310554,105277,,,
314366,physical,314366,107183,,,
310608,physical,310608,105304,,,
310888,physical,310888,105444,,,
310891,physical,310891,105445,,,
313566,physical,313566,106783,,,
313782,physical,313782,106891,,,
310974,physical,310974,105487,,,
310883,physical,310883,105441,,,
310880,physical,310880,105440,,,
313480,physical,313480,106740,,,
310970,physical,310970,105485,,,
310930,physical,310930,105465,,,
310881,physical,310881,105440,,,
310878,physical,310878,105439,,,
310890,physical,310890,105445,,,
309460,physical,309460,104730,,,
310596,physical,310596,105298,,,
310600,physical,310600,105300,,,
310550,physical,310550,105275,,,
313567,physical,313567,106783,,,
314368,physical,314368,107184,,,
310934,physical,310934,105467,,,
310902,physical,310902,105451,,,
310626,physical,310626,105313,,,
310594,physical,310594,105297,,,
309452,physical,309452,104726,,,
310972,physical,310972,105486,,,
309492,physical,309492,104746,,,
313783,physical,313783,106891,,,
310544,physical,310544,105272,,,
310102,physical,310102,105051,,,
310900,physical,310900,105450,,,
309436,physical,309436,104718,,,
310931,physical,310931,105465,,,
310582,physical,310582,105291,,,
309446,physical,309446,104723,,,
310966,physical,310966,105483,,,
311106,physical,311106,105553,,,
310978,physical,310978,105489,,,
309516,physical,309516,104758,,,
314370,physical,314370,107185,,,
376308,physical,376308,138154,,,
376310,physical,376310,138155,,,
310616,physical,310616,105308,,,
309420,physical,309420,104710,,,
310892,physical,310892,105446,,,
310928,physical,310928,105464,,,
310598,physical,310598,105299,,,
309472,physical,309472,104736,,,
309428,physical,309428,104714,,,
309518,physical,309518,104759,,,
309480,physical,309480,104740,,,
319846,physical,319846,109923,,,
622988,physical,622988,261494,,,
309514,physical,309514,104757,,,
309438,physical,309438,104719,,,
309498,physical,309498,104749,,,
309474,physical,309474,104737,,,
309510,physical,309510,104755,,,
309508,physical,309508,104754,,,
309266,physical,309266,104633,,,
310104,physical,310104,105052,,,
309432,physical,309432,104716,,,
309512,physical,309512,104756,,,
309520,physical,309520,104760,,,
310376,physical,310376,105188,,,
309450,physical,309450,104725,,,
309716,physical,309716,104858,,,
309496,physical,309496,104748,,,
309486,physical,309486,104743,,,
309444,physical,309444,104722,,,
309442,physical,309442,104721,,,
310586,physical,310586,105293,,,
309414,physical,309414,104707,,,
309522,physical,309522,104761,,,
309464,physical,309464,104732,,,
309467,physical,309467,104733,,,
309904,physical,309904,104952,,,
310446,physical,310446,105223,,,
309422,physical,309422,104711,,,
309504,physical,309504,104752,,,
309488,physical,309488,104744,,,
309410,physical,309410,104705,,,
309430,physical,309430,104715,,,
309434,physical,309434,104717,,,
309466,physical,309466,104733,,,
309469,physical,309469,104734,,,
309494,physical,309494,104747,,,
309468,physical,309468,104734,,,
308636,physical,308636,104318,,,
664048,physical,664048,282024,,,
430016,physical,430016,165008,,,
309484,physical,309484,104742,,,
309490,physical,309490,104745,,,
309482,physical,309482,104741,,,
309268,physical,309268,104634,,,
310442,physical,310442,105221,,,
309440,physical,309440,104720,,,
310076,physical,310076,105038,,,
309462,physical,309462,104731,,,
309426,physical,309426,104713,,,
430018,physical,430018,165009,,,
309476,physical,309476,104738,,,
308418,physical,308418,104209,,,
310206,physical,310206,105103,,,
309506,physical,309506,104753,,,
308639,physical,308639,104319,,,
309386,physical,309386,104693,,,
309502,physical,309502,104751,,,
309500,physical,309500,104750,,,
310444,physical,310444,105222,,,
308266,physical,308266,104133,,,
309454,physical,309454,104727,,,
309400,physical,309400,104700,,,
308638,physical,308638,104319,,,
308364,physical,308364,104182,,,
309478,physical,309478,104739,,,
309424,physical,309424,104712,,,
309448,physical,309448,104724,,,
309418,physical,309418,104709,,,
309384,physical,309384,104692,,,
309078,physical,309078,104539,,,
332240,physical,332240,116120,,,
319696,physical,319696,109848,,,
308298,physical,308298,104149,,,
332238,physical,332238,116119,,,
309396,physical,309396,104698,,,
309080,physical,309080,104540,,,
654326,physical,654326,277163,,,
308366,physical,308366,104183,,,
308372,physical,308372,104186,,,
309612,physical,309612,104806,,,
309930,physical,309930,104965,,,
309470,physical,309470,104735,,,
308585,physical,308585,104292,,,
310210,physical,310210,105105,,,
332241,physical,332241,116120,,,
310372,physical,310372,105186,,,
664050,physical,664050,282025,,,
308296,physical,308296,104148,,,
308284,physical,308284,104142,,,
308584,physical,308584,104292,,,
308581,physical,308581,104290,,,
309076,physical,309076,104538,,,
309070,physical,309070,104535,,,
309402,physical,309402,104701,,,
308580,physical,308580,104290,,,
308456,physical,308456,104228,,,
309392,physical,309392,104696,,,
309406,physical,309406,104703,,,
310374,physical,310374,105187,,,
309398,physical,309398,104699,,,
309408,physical,309408,104704,,,
309162,physical,309162,104581,,,
309114,physical,309114,104557,,,
309404,physical,309404,104702,,,
309388,physical,309388,104694,,,
309928,physical,309928,104964,,,
309916,physical,309916,104958,,,
308438,physical,308438,104219,,,
309644,physical,309644,104822,,,
309326,physical,309326,104663,,,
309184,physical,309184,104592,,,
310402,physical,310402,105201,,,
309102,physical,309102,104551,,,
309124,physical,309124,104562,,,
309182,physical,309182,104591,,,
309060,physical,309060,104530,,,
308302,physical,308302,104151,,,
308290,physical,308290,104145,,,
308568,physical,308568,104284,,,
308370,physical,308370,104185,,,
308292,physical,308292,104146,,,
308582,physical,308582,104291,,,
308288,physical,308288,104144,,,
309932,physical,309932,104966,,,
309154,physical,309154,104577,,,
308294,physical,308294,104147,,,
308286,physical,308286,104143,,,
310208,physical,310208,105104,,,
309926,physical,309926,104963,,,
309246,physical,309246,104623,,,
309370,physical,309370,104685,,,
309371,physical,309371,104685,,,
309368,physical,309368,104684,,,
309057,physical,309057,104528,,,
309369,physical,309369,104684,,,
309366,physical,309366,104683,,,
309394,physical,309394,104697,,,
310344,physical,310344,105172,,,
309056,physical,309056,104528,,,
309132,physical,309132,104566,,,
643446,physical,643446,271723,,,
309108,physical,309108,104554,,,
309086,physical,309086,104543,,,
309096,physical,309096,104548,,,
309116,physical,309116,104558,,,
308426,physical,308426,104213,,,
309155,physical,309155,104577,,,
310358,physical,310358,105179,,,
309250,physical,309250,104625,,,
309128,physical,309128,104564,,,
309328,physical,309328,104664,,,
309127,physical,309127,104563,,,
309254,physical,309254,104627,,,
309166,physical,309166,104583,,,
659670,physical,659670,279835,,,
309346,physical,309346,104673,,,
309349,physical,309349,104674,,,
308382,physical,308382,104191,,,
308378,physical,308378,104189,,,
309126,physical,309126,104563,,,
309348,physical,309348,104674,,,
309321,physical,309321,104660,,,
309351,physical,309351,104675,,,
308386,physical,308386,104193,,,
308282,physical,308282,104141,,,
309100,physical,309100,104550,,,
309320,physical,309320,104660,,,
308458,physical,308458,104229,,,
308462,physical,308462,104231,,,
309061,physical,309061,104530,,,
309062,physical,309062,104531,,,
309063,physical,309063,104531,,,
309350,physical,309350,104675,,,
309074,physical,309074,104537,,,
308589,physical,308589,104294,,,
308586,physical,308586,104293,,,
308463,physical,308463,104231,,,
308588,physical,308588,104294,,,
308591,physical,308591,104295,,,
308612,physical,308612,104306,,,
309296,physical,309296,104648,,,
308590,physical,308590,104295,,,
308446,physical,308446,104223,,,
308613,physical,308613,104306,,,
308390,physical,308390,104195,,,
308592,physical,308592,104296,,,
308412,physical,308412,104206,,,
309093,physical,309093,104546,,,
308470,physical,308470,104235,,,
308433,physical,308433,104216,,,
308440,physical,308440,104220,,,
308485,physical,308485,104242,,,
308542,physical,308542,104271,,,
308545,physical,308545,104272,,,
308544,physical,308544,104272,,,
308547,physical,308547,104273,,,
308560,physical,308560,104280,,,
308546,physical,308546,104273,,,
308538,physical,308538,104269,,,
309294,physical,309294,104647,,,
309360,physical,309360,104680,,,
308536,physical,308536,104268,,,
308384,physical,308384,104192,,,
308562,physical,308562,104281,,,
308537,physical,308537,104268,,,
308540,physical,308540,104270,,,
308432,physical,308432,104216,,,
308541,physical,308541,104270,,,
308362,physical,308362,104181,,,
308548,physical,308548,104274,,,
308436,physical,308436,104218,,,
319736,physical,319736,109868,,,
309157,physical,309157,104578,,,
309156,physical,309156,104578,,,
309330,physical,309330,104665,,,
309158,physical,309158,104579,,,
309333,physical,309333,104666,,,
308398,physical,308398,104199,,,
308532,physical,308532,104266,,,
308314,physical,308314,104157,,,
308300,physical,308300,104150,,,
308315,physical,308315,104157,,,
308316,physical,308316,104158,,,
309248,physical,309248,104624,,,
309160,physical,309160,104580,,,
309332,physical,309332,104666,,,
308317,physical,308317,104158,,,
310240,physical,310240,105120,,,
308430,physical,308430,104215,,,
310236,physical,310236,105118,,,
319730,physical,319730,109865,,,
310214,physical,310214,105107,,,
309892,physical,309892,104946,,,
310238,physical,310238,105119,,,
309088,physical,309088,104544,,,
645760,physical,645760,272880,,,
308434,physical,308434,104217,,,
309092,physical,309092,104546,,,
309094,physical,309094,104547,,,
308507,physical,308507,104253,,,
309064,physical,309064,104532,,,
309066,physical,309066,104533,,,
309164,physical,309164,104582,,,
310370,physical,310370,105185,,,
309122,physical,309122,104561,,,
309352,physical,309352,104676,,,
309292,physical,309292,104646,,,
339260,physical,339260,119630,,,
645758,physical,645758,272879,,,
309319,physical,309319,104659,,,
331594,physical,331594,115797,,,
308484,physical,308484,104242,,,
331595,physical,331595,115797,,,
331593,physical,331593,115796,,,
308506,physical,308506,104253,,,
308511,physical,308511,104255,,,
308504,physical,308504,104252,,,
308530,physical,308530,104265,,,
339262,physical,339262,119631,,,
309358,physical,309358,104679,,,
339264,physical,339264,119632,,,
309359,physical,309359,104679,,,
309356,physical,309356,104678,,,
309072,physical,309072,104536,,,
310226,physical,310226,105113,,,
309912,physical,309912,104956,,,
308512,physical,308512,104256,,,
308510,physical,308510,104255,,,
309357,physical,309357,104678,,,
309354,physical,309354,104677,,,
309890,physical,309890,104945,,,
308670,physical,308670,104335,,,
308505,physical,308505,104252,,,
331592,physical,331592,115796,,,
308574,physical,308574,104287,,,
308496,physical,308496,104248,,,
658172,physical,658172,279086,,,
310218,physical,310218,105109,,,
658173,physical,658173,279086,,,
308502,physical,308502,104251,,,
308604,physical,308604,104302,,,
308389,physical,308389,104194,,,
308518,physical,308518,104259,,,
309908,physical,309908,104954,,,
309300,physical,309300,104650,,,
309058,physical,309058,104529,,,
651956,physical,651956,275978,,,
308435,physical,308435,104217,,,
309073,physical,309073,104536,,,
308558,physical,308558,104279,,,
308474,physical,308474,104237,,,
308472,physical,308472,104236,,,
308388,physical,308388,104194,,,
308559,physical,308559,104279,,,
308611,physical,308611,104305,,,
651954,physical,651954,275977,,,
309873,physical,309873,104936,,,
308576,physical,308576,104288,,,
308500,physical,308500,104250,,,
309880,physical,309880,104940,,,
651957,physical,651957,275978,,,
658170,physical,658170,279085,,,
309882,physical,309882,104941,,,
308610,physical,308610,104305,,,
308368,physical,308368,104184,,,
309343,physical,309343,104671,,,
308280,physical,308280,104140,,,
310230,physical,310230,105115,,,
308422,physical,308422,104211,,,
308424,physical,308424,104212,,,
308508,physical,308508,104254,,,
309872,physical,309872,104936,,,
308281,physical,308281,104140,,,
308520,physical,308520,104260,,,
308425,physical,308425,104212,,,
642418,physical,642418,271209,,,
642421,physical,642421,271210,,,
642416,physical,642416,271208,,,
642424,physical,642424,271212,,,
659672,physical,659672,279836,,,
309099,physical,309099,104549,,,
642426,physical,642426,271213,,,
309304,physical,309304,104652,,,
310348,physical,310348,105174,,,
308516,physical,308516,104258,,,
308526,physical,308526,104263,,,
309376,physical,309376,104688,,,
309288,physical,309288,104644,,,
309290,physical,309290,104645,,,
642420,physical,642420,271210,,,
309318,physical,309318,104659,,,
309342,physical,309342,104671,,,
309107,physical,309107,104553,,,
309098,physical,309098,104549,,,
309120,physical,309120,104560,,,
366722,physical,366722,133361,,,
309068,physical,309068,104534,,,
642422,physical,642422,271211,,,
309118,physical,309118,104559,,,
309091,physical,309091,104545,,,
309310,physical,309310,104655,,,
309379,physical,309379,104689,,,
309186,physical,309186,104593,,,
310405,physical,310405,105202,,,
309144,physical,309144,104572,,,
310367,physical,310367,105183,,,
308414,physical,308414,104207,,,
308488,physical,308488,104244,,,
310404,physical,310404,105202,,,
310366,physical,310366,105183,,,
310351,physical,310351,105175,,,
310369,physical,310369,105184,,,
310350,physical,310350,105175,,,
310346,physical,310346,105173,,,
309090,physical,309090,104545,,,
309322,physical,309322,104661,,,
309341,physical,309341,104670,,,
310368,physical,310368,105184,,,
309142,physical,309142,104571,,,
308494,physical,308494,104247,,,
308492,physical,308492,104246,,,
309059,physical,309059,104529,,,
310075,physical,310075,105037,,,
310073,physical,310073,105036,,,
309306,physical,309306,104653,,,
309362,physical,309362,104681,,,
310440,physical,310440,105220,,,
308405,physical,308405,104202,,,
309140,physical,309140,104570,,,
308501,physical,308501,104250,,,
310074,physical,310074,105037,,,
310224,physical,310224,105112,,,
309924,physical,309924,104962,,,
308428,physical,308428,104214,,,
308473,physical,308473,104236,,,
310072,physical,310072,105036,,,
309378,physical,309378,104689,,,
642287,physical,642287,271143,,,
308600,physical,308600,104300,,,
308608,physical,308608,104304,,,
667532,physical,667532,283766,,,
308572,physical,308572,104286,,,
308395,physical,308395,104197,,,
310235,physical,310235,105117,,,
310220,physical,310220,105110,,,
310228,physical,310228,105114,,,
310234,physical,310234,105117,,,
310221,physical,310221,105110,,,
310232,physical,310232,105116,,,
644740,physical,644740,272370,,,
310050,physical,310050,105025,,,
309934,physical,309934,104967,,,
309900,physical,309900,104950,,,
308672,physical,308672,104336,,,
308404,physical,308404,104202,,,
308393,physical,308393,104196,,,
308402,physical,308402,104201,,,
308394,physical,308394,104197,,,
308392,physical,308392,104196,,,
308565,physical,308565,104282,,,
308328,physical,308328,104164,,,
667534,physical,667534,283767,,,
308376,physical,308376,104188,,,
308403,physical,308403,104201,,,
309992,physical,309992,104996,,,
308332,physical,308332,104166,,,
309888,physical,309888,104944,,,
308420,physical,308420,104210,,,
308330,physical,308330,104165,,,
309106,physical,309106,104553,,,
309340,physical,309340,104670,,,
309137,physical,309137,104568,,,
642286,physical,642286,271143,,,
310233,physical,310233,105116,,,
308570,physical,308570,104285,,,
308564,physical,308564,104282,,,
308397,physical,308397,104198,,,
310500,physical,310500,105250,,,
309876,physical,309876,104938,,,
309886,physical,309886,104943,,,
309884,physical,309884,104942,,,
309878,physical,309878,104939,,,
308335,physical,308335,104167,,,
354580,physical,354580,127290,,,
308573,physical,308573,104286,,,
308554,physical,308554,104277,,,
309887,physical,309887,104943,,,
308334,physical,308334,104167,,,
308360,physical,308360,104180,,,
308326,physical,308326,104163,,,
308361,physical,308361,104180,,,
308358,physical,308358,104179,,,
310502,physical,310502,105251,,,
309990,physical,309990,104995,,,
310216,physical,310216,105108,,,
308327,physical,308327,104163,,,
331601,physical,331601,115800,,,
308406,physical,308406,104203,,,
654568,physical,654568,277284,,,
308632,physical,308632,104316,,,
308400,physical,308400,104200,,,
331600,physical,331600,115800,,,
308336,physical,308336,104168,,,
309898,physical,309898,104949,,,
310222,physical,310222,105111,,,
309899,physical,309899,104949,,,
309896,physical,309896,104948,,,
310450,physical,310450,105225,,,
309897,physical,309897,104948,,,
309914,physical,309914,104957,,,
308320,physical,308320,104160,,,
354584,physical,354584,127292,,,
308396,physical,308396,104198,,,
308483,physical,308483,104241,,,
309910,physical,309910,104955,,,
310451,physical,310451,105225,,,
319706,physical,319706,109853,,,
308476,physical,308476,104238,,,
308478,physical,308478,104239,,,
308514,physical,308514,104257,,,
308524,physical,308524,104262,,,
319716,physical,319716,109858,,,
430320,physical,430320,165160,,,
308479,physical,308479,104239,,,
430312,physical,430312,165156,,,
308490,physical,308490,104245,,,
308498,physical,308498,104249,,,
308762,physical,308762,104381,,,
430310,physical,430310,165155,,,
308310,physical,308310,104155,,,
430314,physical,430314,165157,,,
309083,physical,309083,104541,,,
308442,physical,308442,104221,,,
308626,physical,308626,104313,,,
319710,physical,319710,109855,,,
319714,physical,319714,109857,,,
319712,physical,319712,109856,,,
319718,physical,319718,109859,,,
310212,physical,310212,105106,,,
430324,physical,430324,165162,,,
430316,physical,430316,165158,,,
354582,physical,354582,127291,,,
308322,physical,308322,104161,,,
430322,physical,430322,165161,,,
319708,physical,319708,109854,,,
308324,physical,308324,104162,,,
430318,physical,430318,165159,,,
319720,physical,319720,109860,,,
310244,physical,310244,105122,,,
309082,physical,309082,104541,,,
309325,physical,309325,104662,,,
309334,physical,309334,104667,,,
319722,physical,319722,109861,,,
309153,physical,309153,104576,,,
309846,physical,309846,104923,,,
310242,physical,310242,105121,,,
308616,physical,308616,104308,,,
308486,physical,308486,104243,,,
308617,physical,308617,104308,,,
308615,physical,308615,104307,,,
309922,physical,309922,104961,,,
309136,physical,309136,104568,,,
309324,physical,309324,104662,,,
309316,physical,309316,104658,,,
309344,physical,309344,104672,,,
308614,physical,308614,104307,,,
308450,physical,308450,104225,,,
309317,physical,309317,104658,,,
309314,physical,309314,104657,,,
308482,physical,308482,104241,,,
308380,physical,308380,104190,,,
654612,physical,654612,277306,,,
309616,physical,309616,104808,,,
309284,physical,309284,104642,,,
309335,physical,309335,104667,,,
309152,physical,309152,104576,,,
643494,physical,643494,271747,,,
310200,physical,310200,105100,,,
309844,physical,309844,104922,,,
308768,physical,308768,104384,,,
654610,physical,654610,277305,,,
643495,physical,643495,271747,,,
309382,physical,309382,104691,,,
309652,physical,309652,104826,,,
308634,physical,308634,104317,,,
308480,physical,308480,104240,,,
309286,physical,309286,104643,,,
309373,physical,309373,104686,,,
308534,physical,308534,104267,,,
309345,physical,309345,104672,,,
309653,physical,309653,104826,,,
309372,physical,309372,104686,,,
308764,physical,308764,104382,,,
331824,physical,331824,115912,,,
309383,physical,309383,104691,,,
309313,physical,309313,104656,,,
309380,physical,309380,104690,,,
308766,physical,308766,104383,,,
309618,physical,309618,104809,,,
308566,physical,308566,104283,,,
308556,physical,308556,104278,,,
331822,physical,331822,115911,,,
331835,physical,331835,115917,,,
309312,physical,309312,104656,,,
309381,physical,309381,104690,,,
309130,physical,309130,104565,,,
309148,physical,309148,104574,,,
310380,physical,310380,105190,,,
309918,physical,309918,104959,,,
309920,physical,309920,104960,,,
309134,physical,309134,104567,,,
331834,physical,331834,115917,,,
331836,physical,331836,115918,,,
308523,physical,308523,104261,,,
308602,physical,308602,104301,,,
308607,physical,308607,104303,,,
309848,physical,309848,104924,,,
310357,physical,310357,105178,,,
309374,physical,309374,104687,,,
308448,physical,308448,104224,,,
654486,physical,654486,277243,,,
308522,physical,308522,104261,,,
308628,physical,308628,104314,,,
308674,physical,308674,104337,,,
308318,physical,308318,104159,,,
309923,physical,309923,104961,,,
308444,physical,308444,104222,,,
310056,physical,310056,105028,,,
309308,physical,309308,104654,,,
309131,physical,309131,104565,,,
310356,physical,310356,105178,,,
308445,physical,308445,104222,,,
308594,physical,308594,104297,,,
308597,physical,308597,104298,,,
308606,physical,308606,104303,,,
308596,physical,308596,104298,,,
308599,physical,308599,104299,,,
308375,physical,308375,104187,,,
308598,physical,308598,104299,,,
308466,physical,308466,104233,,,
308631,physical,308631,104315,,,
310080,physical,310080,105040,,,
310082,physical,310082,105041,,,
308452,physical,308452,104226,,,
308374,physical,308374,104187,,,
308454,physical,308454,104227,,,
309138,physical,309138,104569,,,
310298,physical,310298,105149,,,
308528,physical,308528,104264,,,
309149,physical,309149,104574,,,
309151,physical,309151,104575,,,
309146,physical,309146,104573,,,
308464,physical,308464,104232,,,
308410,physical,308410,104205,,,
310448,physical,310448,105224,,,
308630,physical,308630,104315,,,
310086,physical,310086,105043,,,
310078,physical,310078,105039,,,
308468,physical,308468,104234,,,
654488,physical,654488,277244,,,
308552,physical,308552,104276,,,
309150,physical,309150,104575,,,
319734,physical,319734,109867,,,
310504,physical,310504,105252,,,
309850,physical,309850,104925,,,
310084,physical,310084,105042,,,
308460,physical,308460,104230,,,
319732,physical,319732,109866,,,
308578,physical,308578,104289,,,
308720,physical,308720,104360,,,
308579,physical,308579,104289,,,
308726,physical,308726,104363,,,
309252,physical,309252,104626,,,
310438,physical,310438,105219,,,
310063,physical,310063,105031,,,
308550,physical,308550,104275,,,
310068,physical,310068,105034,,,
310436,physical,310436,105218,,,
310480,physical,310480,105240,,,
308551,physical,308551,104275,,,
308730,physical,308730,104365,,,
310538,physical,310538,105269,,,
310540,physical,310540,105270,,,
309338,physical,309338,104669,,,
310062,physical,310062,105031,,,
310065,physical,310065,105032,,,
310066,physical,310066,105033,,,
309364,physical,309364,104682,,,
310362,physical,310362,105181,,,
308732,physical,308732,104366,,,
310064,physical,310064,105032,,,
634936,physical,634936,267468,,,
310118,physical,310118,105059,,,
308740,physical,308740,104370,,,
309260,physical,309260,104630,,,
309147,physical,309147,104573,,,
310092,physical,310092,105046,,,
308702,physical,308702,104351,,,
331926,physical,331926,115963,,,
310388,physical,310388,105194,,,
309298,physical,309298,104649,,,
428996,physical,428996,164498,,,
635566,physical,635566,267783,,,
310382,physical,310382,105191,,,
364790,physical,364790,132395,,,
310088,physical,310088,105044,,,
310282,physical,310282,105141,,,
310284,physical,310284,105142,,,
310094,physical,310094,105047,,,
308754,physical,308754,104377,,,
310260,physical,310260,105130,,,
308755,physical,308755,104377,,,
308757,physical,308757,104378,,,
310057,physical,310057,105028,,,
310054,physical,310054,105027,,,
308774,physical,308774,104387,,,
331640,physical,331640,115820,,,
310506,physical,310506,105253,,,
310360,physical,310360,105180,,,
308646,physical,308646,104323,,,
310296,physical,310296,105148,,,
310058,physical,310058,105029,,,
310055,physical,310055,105027,,,
308756,physical,308756,104378,,,
308742,physical,308742,104371,,,
331641,physical,331641,115820,,,
331638,physical,331638,115819,,,
310116,physical,310116,105058,,,
310352,physical,310352,105176,,,
310364,physical,310364,105182,,,
310534,physical,310534,105267,,,
310536,physical,310536,105268,,,
308690,physical,308690,104345,,,
331924,physical,331924,115962,,,
428994,physical,428994,164497,,,
308724,physical,308724,104362,,,
331637,physical,331637,115818,,,
331602,physical,331602,115801,,,
310096,physical,310096,105048,,,
310090,physical,310090,105045,,,
308728,physical,308728,104364,,,
310294,physical,310294,105147,,,
309084,physical,309084,104542,,,
331925,physical,331925,115962,,,
351463,physical,351463,125731,,,
310283,physical,310283,105141,,,
310280,physical,310280,105140,,,
351462,physical,351462,125731,,,
331636,physical,331636,115818,,,
310060,physical,310060,105030,,,
331642,physical,331642,115821,,,
331840,physical,331840,115920,,,
331838,physical,331838,115919,,,
310288,physical,310288,105144,,,
309336,physical,309336,104668,,,
310486,physical,310486,105243,,,
364798,physical,364798,132399,,,
310048,physical,310048,105024,,,
331820,physical,331820,115910,,,
309200,physical,309200,104600,,,
309982,physical,309982,104991,,,
364794,physical,364794,132397,,,
310196,physical,310196,105098,,,
310414,physical,310414,105207,,,
310110,physical,310110,105055,,,
309258,physical,309258,104629,,,
308694,physical,308694,104347,,,
310276,physical,310276,105138,,,
308417,physical,308417,104208,,,
308776,physical,308776,104388,,,
308779,physical,308779,104389,,,
364792,physical,364792,132396,,,
331644,physical,331644,115822,,,
308416,physical,308416,104208,,,
308778,physical,308778,104389,,,
308772,physical,308772,104386,,,
331645,physical,331645,115822,,,
310262,physical,310262,105131,,,
308748,physical,308748,104374,,,
309198,physical,309198,104599,,,
310174,physical,310174,105087,,,
310172,physical,310172,105086,,,
310272,physical,310272,105136,,,
310270,physical,310270,105135,,,
310286,physical,310286,105143,,,
310158,physical,310158,105079,,,
310354,physical,310354,105177,,,
309110,physical,309110,104555,,,
310190,physical,310190,105095,,,
309112,physical,309112,104556,,,
310281,physical,310281,105140,,,
308773,physical,308773,104386,,,
308708,physical,308708,104354,,,
308781,physical,308781,104390,,,
308709,physical,308709,104354,,,
308710,physical,308710,104355,,,
308692,physical,308692,104346,,,
310250,physical,310250,105125,,,
310268,physical,310268,105134,,,
309230,physical,309230,104615,,,
309188,physical,309188,104594,,,
308718,physical,308718,104359,,,
308714,physical,308714,104357,,,
309190,physical,309190,104595,,,
310052,physical,310052,105026,,,
308744,physical,308744,104372,,,
308780,physical,308780,104390,,,
310452,physical,310452,105226,,,
308706,physical,308706,104353,,,
308704,physical,308704,104352,,,
310274,physical,310274,105137,,,
308716,physical,308716,104358,,,
310264,physical,310264,105132,,,
308712,physical,308712,104356,,,
310252,physical,310252,105126,,,
654886,physical,654886,277443,,,
309988,physical,309988,104994,,,
310424,physical,310424,105212,,,
310420,physical,310420,105210,,,
310248,physical,310248,105124,,,
622646,physical,622646,261323,,,
105810,physical,105810,2905,,,
622598,physical,622598,261299,,,
622600,physical,622600,261300,,,
310278,physical,310278,105139,,,
310526,physical,310526,105263,,,
622648,physical,622648,261324,,,
310254,physical,310254,105127,,,
310266,physical,310266,105133,,,
622602,physical,622602,261301,,,
310422,physical,310422,105211,,,
310418,physical,310418,105209,,,
310194,physical,310194,105097,,,
310164,physical,310164,105082,,,
310163,physical,310163,105081,,,
310180,physical,310180,105090,,,
310176,physical,310176,105088,,,
310160,physical,310160,105080,,,
310292,physical,310292,105146,,,
310530,physical,310530,105265,,,
310290,physical,310290,105145,,,
310108,physical,310108,105054,,,
310162,physical,310162,105081,,,
309984,physical,309984,104992,,,
310542,physical,310542,105271,,,
427568,physical,427568,163784,,,
310192,physical,310192,105096,,,
310246,physical,310246,105123,,,
310178,physical,310178,105089,,,
310182,physical,310182,105091,,,
310184,physical,310184,105092,,,
310156,physical,310156,105078,,,
310428,physical,310428,105214,,,
310114,physical,310114,105057,,,
2000000000,nonphysical_allowed_movement,,,308266,308284,
2000000001,nonphysical_allowed_movement,,,308266,308296,
2000000002,nonphysical_allowed_movement,,,308280,308281,
2000000003,nonphysical_allowed_movement,,,308281,308280,
2000000004,nonphysical_allowed_movement,,,308281,310230,
2000000005,nonphysical_allowed_movement,,,308282,308315,
2000000006,nonphysical_allowed_movement,,,308282,308316,
2000000007,nonphysical_allowed_movement,,,308284,308286,
2000000008,nonphysical_allowed_movement,,,308284,308294,
2000000009,nonphysical_allowed_movement,,,308284,310208,
2000000010,nonphysical_allowed_movement,,,308288,308282,
2000000011,nonphysical_allowed_movement,,,308288,308386,
2000000012,nonphysical_allowed_movement,,,308290,308292,
2000000013,nonphysical_allowed_movement,,,308292,308366,
2000000014,nonphysical_allowed_movement,,,308294,308288,
2000000015,nonphysical_allowed_movement,,,308296,308366,
2000000016,nonphysical_allowed_movement,,,308298,654326,
2000000017,nonphysical_allowed_movement,,,308300,308430,
2000000018,nonphysical_allowed_movement,,,308302,308364,
2000000019,nonphysical_allowed_movement,,,308302,308638,
2000000020,nonphysical_allowed_movement,,,308310,310298,
2000000021,nonphysical_allowed_movement,,,308314,308316,
2000000022,nonphysical_allowed_movement,,,308315,308300,
2000000023,nonphysical_allowed_movement,,,308316,310240,
2000000024,nonphysical_allowed_movement,,,308317,308315,
2000000025,nonphysical_allowed_movement,,,308318,319722,
2000000026,nonphysical_allowed_movement,,,308320,308358,
2000000027,nonphysical_allowed_movement,,,308320,308361,
2000000028,nonphysical_allowed_movement,,,308322,308324,
2000000029,nonphysical_allowed_movement,,,308324,310298,
2000000030,nonphysical_allowed_movement,,,308326,308327,
2000000031,nonphysical_allowed_movement,,,308326,331601,
2000000032,nonphysical_allowed_movement,,,308327,308326,
2000000033,nonphysical_allowed_movement,,,308327,308334,
2000000034,nonphysical_allowed_movement,,,308327,308360,
2000000035,nonphysical_allowed_movement,,,308327,309887,
2000000036,nonphysical_allowed_movement,,,308330,308328,
2000000037,nonphysical_allowed_movement,,,308332,308328,
2000000038,nonphysical_allowed_movement,,,308334,354580,
2000000039,nonphysical_allowed_movement,,,308335,308326,
2000000040,nonphysical_allowed_movement,,,308335,309887,
2000000041,nonphysical_allowed_movement,,,308336,309878,
2000000042,nonphysical_allowed_movement,,,308336,309884,
2000000043,nonphysical_allowed_movement,,,308358,308324,
2000000044,nonphysical_allowed_movement,,,308360,308358,
2000000045,nonphysical_allowed_movement,,,308361,308326,
2000000046,nonphysical_allowed_movement,,,308361,308334,
2000000047,nonphysical_allowed_movement,,,308361,309887,
2000000048,nonphysical_allowed_movement,,,308362,308300,
2000000049,nonphysical_allowed_movement,,,308362,308314,
2000000050,nonphysical_allowed_movement,,,308364,308366,
2000000051,nonphysical_allowed_movement,,,308366,309268,
2000000052,nonphysical_allowed_movement,,,308366,310442,
2000000053,nonphysical_allowed_movement,,,308368,308572,
2000000054,nonphysical_allowed_movement,,,308368,308608,
2000000055,nonphysical_allowed_movement,,,308368,667532,
2000000056,nonphysical_allowed_movement,,,308370,308582,
2000000057,nonphysical_allowed_movement,,,308372,308581,
2000000058,nonphysical_allowed_movement,,,308372,308584,
2000000059,nonphysical_allowed_movement,,,308374,308599,
2000000060,nonphysical_allowed_movement,,,308374,308606,
2000000061,nonphysical_allowed_movement,,,308375,308454,
2000000062,nonphysical_allowed_movement,,,308376,308602,
2000000063,nonphysical_allowed_movement,,,308376,308607,
2000000064,nonphysical_allowed_movement,,,308378,308586,
2000000065,nonphysical_allowed_movement,,,308378,308589,
2000000066,nonphysical_allowed_movement,,,308380,308450,
2000000067,nonphysical_allowed_movement,,,308380,308614,
2000000068,nonphysical_allowed_movement,,,308382,308370,
2000000069,nonphysical_allowed_movement,,,308382,308568,
2000000070,nonphysical_allowed_movement,,,308384,308548,
2000000071,nonphysical_allowed_movement,,,308386,308426,
2000000072,nonphysical_allowed_movement,,,308388,308604,
2000000073,nonphysical_allowed_movement,,,308389,308559,
2000000074,nonphysical_allowed_movement,,,308389,308611,
2000000075,nonphysical_allowed_movement,,,308390,308389,
2000000076,nonphysical_allowed_movement,,,308392,308393,
2000000077,nonphysical_allowed_movement,,,308392,308402,
2000000078,nonphysical_allowed_movement,,,308392,308404,
2000000079,nonphysical_allowed_movement,,,308393,308392,
2000000080,nonphysical_allowed_movement,,,308393,308394,
2000000081,nonphysical_allowed_movement,,,308393,308565,
2000000082,nonphysical_allowed_movement,,,308394,308395,
2000000083,nonphysical_allowed_movement,,,308395,308392,
2000000084,nonphysical_allowed_movement,,,308395,308394,
2000000085,nonphysical_allowed_movement,,,308395,308565,
2000000086,nonphysical_allowed_movement,,,308396,308397,
2000000087,nonphysical_allowed_movement,,,308396,308564,
2000000088,nonphysical_allowed_movement,,,308396,308570,
2000000089,nonphysical_allowed_movement,,,308397,308396,
2000000090,nonphysical_allowed_movement,,,308397,308483,
2000000091,nonphysical_allowed_movement,,,308398,308362,
2000000092,nonphysical_allowed_movement,,,308398,308541,
2000000093,nonphysical_allowed_movement,,,308400,308476,
2000000094,nonphysical_allowed_movement,,,308400,308478,
2000000095,nonphysical_allowed_movement,,,308402,308403,
2000000096,nonphysical_allowed_movement,,,308403,308393,
2000000097,nonphysical_allowed_movement,,,308403,308402,
2000000098,nonphysical_allowed_movement,,,308403,308404,
2000000099,nonphysical_allowed_movement,,,308404,308405,
2000000100,nonphysical_allowed_movement,,,308405,308393,
2000000101,nonphysical_allowed_movement,,,308405,308402,
2000000102,nonphysical_allowed_movement,,,308405,308404,
2000000103,nonphysical_allowed_movement,,,308406,308397,
2000000104,nonphysical_allowed_movement,,,308406,308564,
2000000105,nonphysical_allowed_movement,,,308406,308570,
2000000106,nonphysical_allowed_movement,,,308410,308464,
2000000107,nonphysical_allowed_movement,,,308412,308472,
2000000108,nonphysical_allowed_movement,,,308412,308474,
2000000109,nonphysical_allowed_movement,,,308414,308496,
2000000110,nonphysical_allowed_movement,,,308416,310276,
2000000111,nonphysical_allowed_movement,,,308417,308772,
2000000112,nonphysical_allowed_movement,,,308417,308778,
2000000113,nonphysical_allowed_movement,,,308418,308266,
2000000114,nonphysical_allowed_movement,,,308418,310444,
2000000115,nonphysical_allowed_movement,,,308420,308492,
2000000116,nonphysical_allowed_movement,,,308420,308494,
2000000117,nonphysical_allowed_movement,,,308422,308510,
2000000118,nonphysical_allowed_movement,,,308422,308512,
2000000119,nonphysical_allowed_movement,,,308424,308520,
2000000120,nonphysical_allowed_movement,,,308425,308422,
2000000121,nonphysical_allowed_movement,,,308425,308508,
2000000122,nonphysical_allowed_movement,,,308426,308438,
2000000123,nonphysical_allowed_movement,,,308426,309916,
2000000124,nonphysical_allowed_movement,,,308428,309910,
2000000125,nonphysical_allowed_movement,,,308430,308398,
2000000126,nonphysical_allowed_movement,,,308430,308532,
2000000127,nonphysical_allowed_movement,,,308432,308433,
2000000128,nonphysical_allowed_movement,,,308432,308470,
2000000129,nonphysical_allowed_movement,,,308433,308432,
2000000130,nonphysical_allowed_movement,,,308434,308435,
2000000131,nonphysical_allowed_movement,,,308434,308558,
2000000132,nonphysical_allowed_movement,,,308434,309073,
2000000133,nonphysical_allowed_movement,,,308435,308434,
2000000134,nonphysical_allowed_movement,,,308436,309296,
2000000135,nonphysical_allowed_movement,,,308438,308290,
2000000136,nonphysical_allowed_movement,,,308438,308302,
2000000137,nonphysical_allowed_movement,,,308440,308433,
2000000138,nonphysical_allowed_movement,,,308440,308470,
2000000139,nonphysical_allowed_movement,,,308442,308514,
2000000140,nonphysical_allowed_movement,,,308442,308524,
2000000141,nonphysical_allowed_movement,,,308445,309923,
2000000142,nonphysical_allowed_movement,,,308445,310056,
2000000143,nonphysical_allowed_movement,,,308446,308542,
2000000144,nonphysical_allowed_movement,,,308446,308545,
2000000145,nonphysical_allowed_movement,,,308448,308594,
2000000146,nonphysical_allowed_movement,,,308448,308597,
2000000147,nonphysical_allowed_movement,,,308450,308448,
2000000148,nonphysical_allowed_movement,,,308450,654486,
2000000149,nonphysical_allowed_movement,,,308452,308552,
2000000150,nonphysical_allowed_movement,,,308454,308552,
2000000151,nonphysical_allowed_movement,,,308456,308458,
2000000152,nonphysical_allowed_movement,,,308456,308462,
2000000153,nonphysical_allowed_movement,,,308458,308582,
2000000154,nonphysical_allowed_movement,,,308460,308466,
2000000155,nonphysical_allowed_movement,,,308460,308598,
2000000156,nonphysical_allowed_movement,,,308462,308591,
2000000157,nonphysical_allowed_movement,,,308462,308612,
2000000158,nonphysical_allowed_movement,,,308463,308458,
2000000159,nonphysical_allowed_movement,,,308464,309338,
2000000160,nonphysical_allowed_movement,,,308464,310540,
2000000161,nonphysical_allowed_movement,,,308466,308464,
2000000162,nonphysical_allowed_movement,,,308468,308374,
2000000163,nonphysical_allowed_movement,,,308468,308454,
2000000164,nonphysical_allowed_movement,,,308470,308412,
2000000165,nonphysical_allowed_movement,,,308470,308592,
2000000166,nonphysical_allowed_movement,,,308473,308474,
2000000167,nonphysical_allowed_movement,,,308474,308388,
2000000168,nonphysical_allowed_movement,,,308474,308559,
2000000169,nonphysical_allowed_movement,,,308474,308611,
2000000170,nonphysical_allowed_movement,,,308476,308554,
2000000171,nonphysical_allowed_movement,,,308476,308573,
2000000172,nonphysical_allowed_movement,,,308478,308479,
2000000173,nonphysical_allowed_movement,,,308479,308476,
2000000174,nonphysical_allowed_movement,,,308479,308478,
2000000175,nonphysical_allowed_movement,,,308480,308380,
2000000176,nonphysical_allowed_movement,,,308480,308482,
2000000177,nonphysical_allowed_movement,,,308482,308396,
2000000178,nonphysical_allowed_movement,,,308483,308380,
2000000179,nonphysical_allowed_movement,,,308484,308440,
2000000180,nonphysical_allowed_movement,,,308485,331593,
2000000181,nonphysical_allowed_movement,,,308485,331595,
2000000182,nonphysical_allowed_movement,,,308486,308490,
2000000183,nonphysical_allowed_movement,,,308486,308498,
2000000184,nonphysical_allowed_movement,,,308488,308396,
2000000185,nonphysical_allowed_movement,,,308488,308483,
2000000186,nonphysical_allowed_movement,,,308490,308420,
2000000187,nonphysical_allowed_movement,,,308492,308414,
2000000188,nonphysical_allowed_movement,,,308492,308488,
2000000189,nonphysical_allowed_movement,,,308494,308502,
2000000190,nonphysical_allowed_movement,,,308496,308502,
2000000191,nonphysical_allowed_movement,,,308498,308420,
2000000192,nonphysical_allowed_movement,,,308500,308501,
2000000193,nonphysical_allowed_movement,,,308501,308500,
2000000194,nonphysical_allowed_movement,,,308501,308576,
2000000195,nonphysical_allowed_movement,,,308502,308500,
2000000196,nonphysical_allowed_movement,,,308502,308576,
2000000197,nonphysical_allowed_movement,,,308504,308505,
2000000198,nonphysical_allowed_movement,,,308505,308504,
2000000199,nonphysical_allowed_movement,,,308505,308506,
2000000200,nonphysical_allowed_movement,,,308505,308511,
2000000201,nonphysical_allowed_movement,,,308506,308507,
2000000202,nonphysical_allowed_movement,,,308507,308504,
2000000203,nonphysical_allowed_movement,,,308507,308506,
2000000204,nonphysical_allowed_movement,,,308507,308511,
2000000205,nonphysical_allowed_movement,,,308508,308442,
2000000206,nonphysical_allowed_movement,,,308508,308626,
2000000207,nonphysical_allowed_movement,,,308510,308504,
2000000208,nonphysical_allowed_movement,,,308510,308506,
2000000209,nonphysical_allowed_movement,,,308510,308511,
2000000210,nonphysical_allowed_movement,,,308511,308510,
2000000211,nonphysical_allowed_movement,,,308511,308512,
2000000212,nonphysical_allowed_movement,,,308512,308548,
2000000213,nonphysical_allowed_movement,,,308514,308516,
2000000214,nonphysical_allowed_movement,,,308514,308526,
2000000215,nonphysical_allowed_movement,,,308516,308425,
2000000216,nonphysical_allowed_movement,,,308516,308520,
2000000217,nonphysical_allowed_movement,,,308518,308425,
2000000218,nonphysical_allowed_movement,,,308518,308520,
2000000219,nonphysical_allowed_movement,,,308520,308537,
2000000220,nonphysical_allowed_movement,,,308520,308540,
2000000221,nonphysical_allowed_movement,,,308520,308562,
2000000222,nonphysical_allowed_movement,,,308522,331834,
2000000223,nonphysical_allowed_movement,,,308522,331836,
2000000224,nonphysical_allowed_movement,,,308523,308628,
2000000225,nonphysical_allowed_movement,,,308524,309910,
2000000226,nonphysical_allowed_movement,,,308526,308428,
2000000227,nonphysical_allowed_movement,,,308526,309924,
2000000228,nonphysical_allowed_movement,,,308528,310084,
2000000229,nonphysical_allowed_movement,,,308530,308518,
2000000230,nonphysical_allowed_movement,,,308530,309908,
2000000231,nonphysical_allowed_movement,,,308532,308530,
2000000232,nonphysical_allowed_movement,,,308534,331822,
2000000233,nonphysical_allowed_movement,,,308534,331835,
2000000234,nonphysical_allowed_movement,,,308536,308540,
2000000235,nonphysical_allowed_movement,,,308536,308562,
2000000236,nonphysical_allowed_movement,,,308537,308384,
2000000237,nonphysical_allowed_movement,,,308538,308384,
2000000238,nonphysical_allowed_movement,,,308538,308536,
2000000239,nonphysical_allowed_movement,,,308540,308362,
2000000240,nonphysical_allowed_movement,,,308541,308537,
2000000241,nonphysical_allowed_movement,,,308541,308562,
2000000242,nonphysical_allowed_movement,,,308542,308440,
2000000243,nonphysical_allowed_movement,,,308542,308485,
2000000244,nonphysical_allowed_movement,,,308544,308542,
2000000245,nonphysical_allowed_movement,,,308545,308547,
2000000246,nonphysical_allowed_movement,,,308545,308560,
2000000247,nonphysical_allowed_movement,,,308546,308544,
2000000248,nonphysical_allowed_movement,,,308546,308560,
2000000249,nonphysical_allowed_movement,,,308547,308538,
2000000250,nonphysical_allowed_movement,,,308548,308538,
2000000251,nonphysical_allowed_movement,,,308548,308546,
2000000252,nonphysical_allowed_movement,,,308550,308730,
2000000253,nonphysical_allowed_movement,,,308551,310068,
2000000254,nonphysical_allowed_movement,,,308552,308551,
2000000255,nonphysical_allowed_movement,,,308552,308730,
2000000256,nonphysical_allowed_movement,,,308554,308406,
2000000257,nonphysical_allowed_movement,,,308556,308480,
2000000258,nonphysical_allowed_movement,,,308556,308634,
2000000259,nonphysical_allowed_movement,,,308558,308388,
2000000260,nonphysical_allowed_movement,,,308558,308559,
2000000261,nonphysical_allowed_movement,,,308558,308611,
2000000262,nonphysical_allowed_movement,,,308559,308435,
2000000263,nonphysical_allowed_movement,,,308559,308558,
2000000264,nonphysical_allowed_movement,,,308559,309073,
2000000265,nonphysical_allowed_movement,,,308560,308502,
2000000266,nonphysical_allowed_movement,,,308562,308426,
2000000267,nonphysical_allowed_movement,,,308564,308392,
2000000268,nonphysical_allowed_movement,,,308564,308394,
2000000269,nonphysical_allowed_movement,,,308564,308565,
2000000270,nonphysical_allowed_movement,,,308565,308397,
2000000271,nonphysical_allowed_movement,,,308565,308564,
2000000272,nonphysical_allowed_movement,,,308565,308570,
2000000273,nonphysical_allowed_movement,,,308566,308476,
2000000274,nonphysical_allowed_movement,,,308566,308478,
2000000275,nonphysical_allowed_movement,,,308568,308372,
2000000276,nonphysical_allowed_movement,,,308570,308574,
2000000277,nonphysical_allowed_movement,,,308570,331592,
2000000278,nonphysical_allowed_movement,,,308572,308554,
2000000279,nonphysical_allowed_movement,,,308573,308608,
2000000280,nonphysical_allowed_movement,,,308573,667532,
2000000281,nonphysical_allowed_movement,,,308574,308496,
2000000282,nonphysical_allowed_movement,,,308576,308422,
2000000283,nonphysical_allowed_movement,,,308576,308424,
2000000284,nonphysical_allowed_movement,,,308576,308508,
2000000285,nonphysical_allowed_movement,,,308578,308726,
2000000286,nonphysical_allowed_movement,,,308579,308720,
2000000287,nonphysical_allowed_movement,,,308579,319732,
2000000288,nonphysical_allowed_movement,,,308580,308584,
2000000289,nonphysical_allowed_movement,,,308581,308456,
2000000290,nonphysical_allowed_movement,,,308582,308456,
2000000291,nonphysical_allowed_movement,,,308582,308580,
2000000292,nonphysical_allowed_movement,,,308584,309470,
2000000293,nonphysical_allowed_movement,,,308585,308581,
2000000294,nonphysical_allowed_movement,,,308586,309296,
2000000295,nonphysical_allowed_movement,,,308588,308586,
2000000296,nonphysical_allowed_movement,,,308589,308591,
2000000297,nonphysical_allowed_movement,,,308590,308588,
2000000298,nonphysical_allowed_movement,,,308591,308446,
2000000299,nonphysical_allowed_movement,,,308592,308446,
2000000300,nonphysical_allowed_movement,,,308592,308590,
2000000301,nonphysical_allowed_movement,,,308594,308556,
2000000302,nonphysical_allowed_movement,,,308594,308566,
2000000303,nonphysical_allowed_movement,,,308596,308594,
2000000304,nonphysical_allowed_movement,,,308597,308375,
2000000305,nonphysical_allowed_movement,,,308597,308599,
2000000306,nonphysical_allowed_movement,,,308597,308606,
2000000307,nonphysical_allowed_movement,,,308598,308596,
2000000308,nonphysical_allowed_movement,,,308598,308606,
2000000309,nonphysical_allowed_movement,,,308599,308466,
2000000310,nonphysical_allowed_movement,,,308600,308368,
2000000311,nonphysical_allowed_movement,,,308600,308610,
2000000312,nonphysical_allowed_movement,,,308602,667534,
2000000313,nonphysical_allowed_movement,,,308604,308613,
2000000314,nonphysical_allowed_movement,,,308606,308602,
2000000315,nonphysical_allowed_movement,,,308607,308375,
2000000316,nonphysical_allowed_movement,,,308607,308599,
2000000317,nonphysical_allowed_movement,,,308608,308600,
2000000318,nonphysical_allowed_movement,,,308610,308388,
2000000319,nonphysical_allowed_movement,,,308610,308559,
2000000320,nonphysical_allowed_movement,,,308611,308368,
2000000321,nonphysical_allowed_movement,,,308612,308390,
2000000322,nonphysical_allowed_movement,,,308613,308463,
2000000323,nonphysical_allowed_movement,,,308614,308486,
2000000324,nonphysical_allowed_movement,,,308614,308617,
2000000325,nonphysical_allowed_movement,,,308614,309922,
2000000326,nonphysical_allowed_movement,,,308615,308450,
2000000327,nonphysical_allowed_movement,,,308616,308486,
2000000328,nonphysical_allowed_movement,,,308616,308615,
2000000329,nonphysical_allowed_movement,,,308617,310242,
2000000330,nonphysical_allowed_movement,,,308626,310244,
2000000331,nonphysical_allowed_movement,,,308628,308631,
2000000332,nonphysical_allowed_movement,,,308628,310080,
2000000333,nonphysical_allowed_movement,,,308628,310082,
2000000334,nonphysical_allowed_movement,,,308630,310080,
2000000335,nonphysical_allowed_movement,,,308630,310082,
2000000336,nonphysical_allowed_movement,,,308631,310086,
2000000337,nonphysical_allowed_movement,,,308631,310448,
2000000338,nonphysical_allowed_movement,,,308632,308406,
2000000339,nonphysical_allowed_movement,,,308634,308400,
2000000340,nonphysical_allowed_movement,,,308634,308632,
2000000341,nonphysical_allowed_movement,,,308636,308585,
2000000342,nonphysical_allowed_movement,,,308639,308364,
2000000343,nonphysical_allowed_movement,,,308646,310288,
2000000344,nonphysical_allowed_movement,,,308670,308672,
2000000345,nonphysical_allowed_movement,,,308672,308310,
2000000346,nonphysical_allowed_movement,,,308674,308762,
2000000347,nonphysical_allowed_movement,,,308690,308702,
2000000348,nonphysical_allowed_movement,,,308690,331926,
2000000349,nonphysical_allowed_movement,,,308692,308748,
2000000350,nonphysical_allowed_movement,,,308694,309230,
2000000351,nonphysical_allowed_movement,,,308694,310268,
2000000352,nonphysical_allowed_movement,,,308702,308468,
2000000353,nonphysical_allowed_movement,,,308702,654488,
2000000354,nonphysical_allowed_movement,,,308704,308712,
2000000355,nonphysical_allowed_movement,,,308704,310252,
2000000356,nonphysical_allowed_movement,,,308706,308709,
2000000357,nonphysical_allowed_movement,,,308706,308710,
2000000358,nonphysical_allowed_movement,,,308708,308710,
2000000359,nonphysical_allowed_movement,,,308709,308773,
2000000360,nonphysical_allowed_movement,,,308709,310281,
2000000361,nonphysical_allowed_movement,,,308710,308714,
2000000362,nonphysical_allowed_movement,,,308710,308718,
2000000363,nonphysical_allowed_movement,,,308712,308716,
2000000364,nonphysical_allowed_movement,,,308712,310264,
2000000365,nonphysical_allowed_movement,,,308714,308716,
2000000366,nonphysical_allowed_movement,,,308714,310264,
2000000367,nonphysical_allowed_movement,,,308716,310452,
2000000368,nonphysical_allowed_movement,,,308718,310452,
2000000369,nonphysical_allowed_movement,,,308720,310088,
2000000370,nonphysical_allowed_movement,,,308720,310282,
2000000371,nonphysical_allowed_movement,,,308720,310284,
2000000372,nonphysical_allowed_movement,,,308724,308742,
2000000373,nonphysical_allowed_movement,,,308724,308756,
2000000374,nonphysical_allowed_movement,,,308726,308754,
2000000375,nonphysical_allowed_movement,,,308726,310094,
2000000376,nonphysical_allowed_movement,,,308728,310060,
2000000377,nonphysical_allowed_movement,,,308728,331642,
2000000378,nonphysical_allowed_movement,,,308730,308740,
2000000379,nonphysical_allowed_movement,,,308730,309260,
2000000380,nonphysical_allowed_movement,,,308732,308550,
2000000381,nonphysical_allowed_movement,,,308732,310068,
2000000382,nonphysical_allowed_movement,,,308740,428994,
2000000383,nonphysical_allowed_movement,,,308742,310288,
2000000384,nonphysical_allowed_movement,,,308744,310354,
2000000385,nonphysical_allowed_movement,,,308748,308690,
2000000386,nonphysical_allowed_movement,,,308748,331924,
2000000387,nonphysical_allowed_movement,,,308754,308757,
2000000388,nonphysical_allowed_movement,,,308754,310260,
2000000389,nonphysical_allowed_movement,,,308755,310094,
2000000390,nonphysical_allowed_movement,,,308756,308755,
2000000391,nonphysical_allowed_movement,,,308756,310260,
2000000392,nonphysical_allowed_movement,,,308757,308742,
2000000393,nonphysical_allowed_movement,,,308762,309900,
2000000394,nonphysical_allowed_movement,,,308764,309134,
2000000395,nonphysical_allowed_movement,,,308766,309134,
2000000396,nonphysical_allowed_movement,,,308768,309286,
2000000397,nonphysical_allowed_movement,,,308768,309373,
2000000398,nonphysical_allowed_movement,,,308772,308708,
2000000399,nonphysical_allowed_movement,,,308772,310281,
2000000400,nonphysical_allowed_movement,,,308773,308416,
2000000401,nonphysical_allowed_movement,,,308773,308778,
2000000402,nonphysical_allowed_movement,,,308774,308728,
2000000403,nonphysical_allowed_movement,,,308774,310294,
2000000404,nonphysical_allowed_movement,,,308776,331638,
2000000405,nonphysical_allowed_movement,,,308776,331641,
2000000406,nonphysical_allowed_movement,,,308778,308776,
2000000407,nonphysical_allowed_movement,,,308779,308416,
2000000408,nonphysical_allowed_movement,,,308779,308772,
2000000409,nonphysical_allowed_movement,,,308780,308781,
2000000410,nonphysical_allowed_movement,,,308781,308744,
2000000411,nonphysical_allowed_movement,,,308781,308780,
2000000412,nonphysical_allowed_movement,,,309056,309371,
2000000413,nonphysical_allowed_movement,,,309057,309132,
2000000414,nonphysical_allowed_movement,,,309058,310073,
2000000415,nonphysical_allowed_movement,,,309058,310075,
2000000416,nonphysical_allowed_movement,,,309059,309300,
2000000417,nonphysical_allowed_movement,,,309060,309062,
2000000418,nonphysical_allowed_movement,,,309061,309182,
2000000419,nonphysical_allowed_movement,,,309062,309063,
2000000420,nonphysical_allowed_movement,,,309063,309061,
2000000421,nonphysical_allowed_movement,,,309063,309062,
2000000422,nonphysical_allowed_movement,,,309064,309066,
2000000423,nonphysical_allowed_movement,,,309064,309164,
2000000424,nonphysical_allowed_movement,,,309066,309254,
2000000425,nonphysical_allowed_movement,,,309068,645758,
2000000426,nonphysical_allowed_movement,,,309070,309128,
2000000427,nonphysical_allowed_movement,,,309072,308435,
2000000428,nonphysical_allowed_movement,,,309072,308558,
2000000429,nonphysical_allowed_movement,,,309072,309073,
2000000430,nonphysical_allowed_movement,,,309073,309072,
2000000431,nonphysical_allowed_movement,,,309073,309356,
2000000432,nonphysical_allowed_movement,,,309073,309359,
2000000433,nonphysical_allowed_movement,,,309073,339264,
2000000434,nonphysical_allowed_movement,,,309074,309294,
2000000435,nonphysical_allowed_movement,,,309074,309360,
2000000436,nonphysical_allowed_movement,,,309076,309418,
2000000437,nonphysical_allowed_movement,,,309078,309102,
2000000438,nonphysical_allowed_movement,,,309078,309124,
2000000439,nonphysical_allowed_movement,,,309080,309326,
2000000440,nonphysical_allowed_movement,,,309082,309083,
2000000441,nonphysical_allowed_movement,,,309083,309082,
2000000442,nonphysical_allowed_movement,,,309083,309325,
2000000443,nonphysical_allowed_movement,,,309083,309334,
2000000444,nonphysical_allowed_movement,,,309084,310382,
2000000445,nonphysical_allowed_movement,,,309084,364790,
2000000446,nonphysical_allowed_movement,,,309086,309088,
2000000447,nonphysical_allowed_movement,,,309086,645760,
2000000448,nonphysical_allowed_movement,,,309088,309092,
2000000449,nonphysical_allowed_movement,,,309088,309094,
2000000450,nonphysical_allowed_movement,,,309090,309118,
2000000451,nonphysical_allowed_movement,,,309091,309322,
2000000452,nonphysical_allowed_movement,,,309093,309094,
2000000453,nonphysical_allowed_movement,,,309094,309064,
2000000454,nonphysical_allowed_movement,,,309096,309114,
2000000455,nonphysical_allowed_movement,,,309096,309162,
2000000456,nonphysical_allowed_movement,,,309098,642426,
2000000457,nonphysical_allowed_movement,,,309099,309120,
2000000458,nonphysical_allowed_movement,,,309099,366722,
2000000459,nonphysical_allowed_movement,,,309100,308378,
2000000460,nonphysical_allowed_movement,,,309100,308382,
2000000461,nonphysical_allowed_movement,,,309102,308370,
2000000462,nonphysical_allowed_movement,,,309102,308568,
2000000463,nonphysical_allowed_movement,,,309106,309107,
2000000464,nonphysical_allowed_movement,,,309106,309318,
2000000465,nonphysical_allowed_movement,,,309106,309342,
2000000466,nonphysical_allowed_movement,,,309107,309106,
2000000467,nonphysical_allowed_movement,,,309107,309137,
2000000468,nonphysical_allowed_movement,,,309107,309340,
2000000469,nonphysical_allowed_movement,,,309108,309366,
2000000470,nonphysical_allowed_movement,,,309108,309369,
2000000471,nonphysical_allowed_movement,,,309110,364792,
2000000472,nonphysical_allowed_movement,,,309112,309110,
2000000473,nonphysical_allowed_movement,,,309114,309070,
2000000474,nonphysical_allowed_movement,,,309114,309076,
2000000475,nonphysical_allowed_movement,,,309116,309128,
2000000476,nonphysical_allowed_movement,,,309118,309310,
2000000477,nonphysical_allowed_movement,,,309118,309379,
2000000478,nonphysical_allowed_movement,,,309120,309091,
2000000479,nonphysical_allowed_movement,,,309120,309118,
2000000480,nonphysical_allowed_movement,,,309122,309166,
2000000481,nonphysical_allowed_movement,,,309124,309127,
2000000482,nonphysical_allowed_movement,,,309124,309328,
2000000483,nonphysical_allowed_movement,,,309126,309328,
2000000484,nonphysical_allowed_movement,,,309127,309348,
2000000485,nonphysical_allowed_movement,,,309127,309351,
2000000486,nonphysical_allowed_movement,,,309128,309346,
2000000487,nonphysical_allowed_movement,,,309128,309349,
2000000488,nonphysical_allowed_movement,,,309130,309131,
2000000489,nonphysical_allowed_movement,,,309130,309308,
2000000490,nonphysical_allowed_movement,,,309130,310356,
2000000491,nonphysical_allowed_movement,,,309131,309130,
2000000492,nonphysical_allowed_movement,,,309131,309148,
2000000493,nonphysical_allowed_movement,,,309131,309381,
2000000494,nonphysical_allowed_movement,,,309132,309088,
2000000495,nonphysical_allowed_movement,,,309132,645760,
2000000496,nonphysical_allowed_movement,,,309134,309138,
2000000497,nonphysical_allowed_movement,,,309136,309106,
2000000498,nonphysical_allowed_movement,,,309136,309340,
2000000499,nonphysical_allowed_movement,,,309137,309316,
2000000500,nonphysical_allowed_movement,,,309137,309324,
2000000501,nonphysical_allowed_movement,,,309137,309344,
2000000502,nonphysical_allowed_movement,,,309138,309336,
2000000503,nonphysical_allowed_movement,,,309138,310486,
2000000504,nonphysical_allowed_movement,,,309140,309090,
2000000505,nonphysical_allowed_movement,,,309140,309322,
2000000506,nonphysical_allowed_movement,,,309142,309140,
2000000507,nonphysical_allowed_movement,,,309144,309376,
2000000508,nonphysical_allowed_movement,,,309146,309147,
2000000509,nonphysical_allowed_movement,,,309147,309146,
2000000510,nonphysical_allowed_movement,,,309147,309149,
2000000511,nonphysical_allowed_movement,,,309147,309151,
2000000512,nonphysical_allowed_movement,,,309148,309146,
2000000513,nonphysical_allowed_movement,,,309148,309149,
2000000514,nonphysical_allowed_movement,,,309148,309151,
2000000515,nonphysical_allowed_movement,,,309149,309130,
2000000516,nonphysical_allowed_movement,,,309149,309148,
2000000517,nonphysical_allowed_movement,,,309149,309381,
2000000518,nonphysical_allowed_movement,,,309150,309146,
2000000519,nonphysical_allowed_movement,,,309150,309149,
2000000520,nonphysical_allowed_movement,,,309150,309151,
2000000521,nonphysical_allowed_movement,,,309151,309150,
2000000522,nonphysical_allowed_movement,,,309152,309153,
2000000523,nonphysical_allowed_movement,,,309153,309152,
2000000524,nonphysical_allowed_movement,,,309153,309335,
2000000525,nonphysical_allowed_movement,,,309153,643494,
2000000526,nonphysical_allowed_movement,,,309154,309155,
2000000527,nonphysical_allowed_movement,,,309155,309154,
2000000528,nonphysical_allowed_movement,,,309155,309932,
2000000529,nonphysical_allowed_movement,,,309157,309330,
2000000530,nonphysical_allowed_movement,,,309158,309156,
2000000531,nonphysical_allowed_movement,,,309158,309330,
2000000532,nonphysical_allowed_movement,,,309160,643446,
2000000533,nonphysical_allowed_movement,,,309162,309386,
2000000534,nonphysical_allowed_movement,,,309164,309122,
2000000535,nonphysical_allowed_movement,,,309166,309254,
2000000536,nonphysical_allowed_movement,,,309182,309644,
2000000537,nonphysical_allowed_movement,,,309184,309644,
2000000538,nonphysical_allowed_movement,,,309186,309068,
2000000539,nonphysical_allowed_movement,,,309188,310414,
2000000540,nonphysical_allowed_movement,,,309190,309188,
2000000541,nonphysical_allowed_movement,,,309198,310270,
2000000542,nonphysical_allowed_movement,,,309198,310272,
2000000543,nonphysical_allowed_movement,,,309200,309198,
2000000544,nonphysical_allowed_movement,,,309246,309926,
2000000545,nonphysical_allowed_movement,,,309248,309056,
2000000546,nonphysical_allowed_movement,,,309248,309132,
2000000547,nonphysical_allowed_movement,,,309250,309064,
2000000548,nonphysical_allowed_movement,,,309252,309298,
2000000549,nonphysical_allowed_movement,,,309254,309250,
2000000550,nonphysical_allowed_movement,,,309254,310358,
2000000551,nonphysical_allowed_movement,,,309258,308702,
2000000552,nonphysical_allowed_movement,,,309258,331926,
2000000553,nonphysical_allowed_movement,,,309260,310110,
2000000554,nonphysical_allowed_movement,,,309266,309904,
2000000555,nonphysical_allowed_movement,,,309266,310446,
2000000556,nonphysical_allowed_movement,,,309268,310104,
2000000557,nonphysical_allowed_movement,,,309284,309314,
2000000558,nonphysical_allowed_movement,,,309284,309317,
2000000559,nonphysical_allowed_movement,,,309286,309284,
2000000560,nonphysical_allowed_movement,,,309288,309144,
2000000561,nonphysical_allowed_movement,,,309288,310367,
2000000562,nonphysical_allowed_movement,,,309290,309992,
2000000563,nonphysical_allowed_movement,,,309292,309122,
2000000564,nonphysical_allowed_movement,,,309294,308436,
2000000565,nonphysical_allowed_movement,,,309294,319736,
2000000566,nonphysical_allowed_movement,,,309296,309100,
2000000567,nonphysical_allowed_movement,,,309296,309320,
2000000568,nonphysical_allowed_movement,,,309298,308460,
2000000569,nonphysical_allowed_movement,,,309300,309288,
2000000570,nonphysical_allowed_movement,,,309300,309290,
2000000571,nonphysical_allowed_movement,,,309304,309376,
2000000572,nonphysical_allowed_movement,,,309306,309068,
2000000573,nonphysical_allowed_movement,,,309308,309934,
2000000574,nonphysical_allowed_movement,,,309308,310050,
2000000575,nonphysical_allowed_movement,,,309310,309098,
2000000576,nonphysical_allowed_movement,,,309310,309120,
2000000577,nonphysical_allowed_movement,,,309310,366722,
2000000578,nonphysical_allowed_movement,,,309312,309313,
2000000579,nonphysical_allowed_movement,,,309312,309380,
2000000580,nonphysical_allowed_movement,,,309312,309383,
2000000581,nonphysical_allowed_movement,,,309313,309312,
2000000582,nonphysical_allowed_movement,,,309314,308768,
2000000583,nonphysical_allowed_movement,,,309314,654610,
2000000584,nonphysical_allowed_movement,,,309316,309314,
2000000585,nonphysical_allowed_movement,,,309317,309136,
2000000586,nonphysical_allowed_movement,,,309317,309324,
2000000587,nonphysical_allowed_movement,,,309317,309344,
2000000588,nonphysical_allowed_movement,,,309318,309319,
2000000589,nonphysical_allowed_movement,,,309319,309107,
2000000590,nonphysical_allowed_movement,,,309319,309318,
2000000591,nonphysical_allowed_movement,,,309319,309342,
2000000592,nonphysical_allowed_movement,,,309320,309348,
2000000593,nonphysical_allowed_movement,,,309321,309100,
2000000594,nonphysical_allowed_movement,,,309322,309306,
2000000595,nonphysical_allowed_movement,,,309322,309362,
2000000596,nonphysical_allowed_movement,,,309324,309082,
2000000597,nonphysical_allowed_movement,,,309324,309334,
2000000598,nonphysical_allowed_movement,,,309325,309136,
2000000599,nonphysical_allowed_movement,,,309325,309316,
2000000600,nonphysical_allowed_movement,,,309325,309344,
2000000601,nonphysical_allowed_movement,,,309326,309114,
2000000602,nonphysical_allowed_movement,,,309326,309162,
2000000603,nonphysical_allowed_movement,,,309328,309418,
2000000604,nonphysical_allowed_movement,,,309330,309158,
2000000605,nonphysical_allowed_movement,,,309330,309333,
2000000606,nonphysical_allowed_movement,,,309332,309158,
2000000607,nonphysical_allowed_movement,,,309333,309160,
2000000608,nonphysical_allowed_movement,,,309333,309248,
2000000609,nonphysical_allowed_movement,,,309334,309152,
2000000610,nonphysical_allowed_movement,,,309334,643494,
2000000611,nonphysical_allowed_movement,,,309335,309082,
2000000612,nonphysical_allowed_movement,,,309335,309325,
2000000613,nonphysical_allowed_movement,,,309336,310534,
2000000614,nonphysical_allowed_movement,,,309338,310352,
2000000615,nonphysical_allowed_movement,,,309338,310364,
2000000616,nonphysical_allowed_movement,,,309340,309341,
2000000617,nonphysical_allowed_movement,,,309341,309106,
2000000618,nonphysical_allowed_movement,,,309341,309137,
2000000619,nonphysical_allowed_movement,,,309341,309340,
2000000620,nonphysical_allowed_movement,,,309342,309343,
2000000621,nonphysical_allowed_movement,,,309343,309107,
2000000622,nonphysical_allowed_movement,,,309343,309318,
2000000623,nonphysical_allowed_movement,,,309343,309342,
2000000624,nonphysical_allowed_movement,,,309345,309136,
2000000625,nonphysical_allowed_movement,,,309345,309316,
2000000626,nonphysical_allowed_movement,,,309345,309324,
2000000627,nonphysical_allowed_movement,,,309346,309166,
2000000628,nonphysical_allowed_movement,,,309348,309346,
2000000629,nonphysical_allowed_movement,,,309349,309126,
2000000630,nonphysical_allowed_movement,,,309349,309321,
2000000631,nonphysical_allowed_movement,,,309350,309126,
2000000632,nonphysical_allowed_movement,,,309350,309321,
2000000633,nonphysical_allowed_movement,,,309351,309074,
2000000634,nonphysical_allowed_movement,,,309352,309074,
2000000635,nonphysical_allowed_movement,,,309352,309350,
2000000636,nonphysical_allowed_movement,,,309354,309058,
2000000637,nonphysical_allowed_movement,,,309354,309300,
2000000638,nonphysical_allowed_movement,,,309356,309354,
2000000639,nonphysical_allowed_movement,,,309357,309072,
2000000640,nonphysical_allowed_movement,,,309357,309359,
2000000641,nonphysical_allowed_movement,,,309357,339264,
2000000642,nonphysical_allowed_movement,,,309358,309072,
2000000643,nonphysical_allowed_movement,,,309358,309356,
2000000644,nonphysical_allowed_movement,,,309358,339264,
2000000645,nonphysical_allowed_movement,,,309359,339262,
2000000646,nonphysical_allowed_movement,,,309360,309358,
2000000647,nonphysical_allowed_movement,,,309360,339262,
2000000648,nonphysical_allowed_movement,,,309362,309142,
2000000649,nonphysical_allowed_movement,,,309362,310368,
2000000650,nonphysical_allowed_movement,,,309364,309131,
2000000651,nonphysical_allowed_movement,,,309364,309308,
2000000652,nonphysical_allowed_movement,,,309364,310356,
2000000653,nonphysical_allowed_movement,,,309366,309394,
2000000654,nonphysical_allowed_movement,,,309366,310344,
2000000655,nonphysical_allowed_movement,,,309368,309366,
2000000656,nonphysical_allowed_movement,,,309369,309057,
2000000657,nonphysical_allowed_movement,,,309369,309371,
2000000658,nonphysical_allowed_movement,,,309370,309368,
2000000659,nonphysical_allowed_movement,,,309371,309246,
2000000660,nonphysical_allowed_movement,,,309372,309286,
2000000661,nonphysical_allowed_movement,,,309373,308764,
2000000662,nonphysical_allowed_movement,,,309374,309252,
2000000663,nonphysical_allowed_movement,,,309374,310438,
2000000664,nonphysical_allowed_movement,,,309376,309354,
2000000665,nonphysical_allowed_movement,,,309376,309357,
2000000666,nonphysical_allowed_movement,,,309378,309310,
2000000667,nonphysical_allowed_movement,,,309379,642287,
2000000668,nonphysical_allowed_movement,,,309380,309130,
2000000669,nonphysical_allowed_movement,,,309380,309148,
2000000670,nonphysical_allowed_movement,,,309380,309381,
2000000671,nonphysical_allowed_movement,,,309381,309313,
2000000672,nonphysical_allowed_movement,,,309381,309380,
2000000673,nonphysical_allowed_movement,,,309381,309383,
2000000674,nonphysical_allowed_movement,,,309382,309313,
2000000675,nonphysical_allowed_movement,,,309382,309380,
2000000676,nonphysical_allowed_movement,,,309383,643495,
2000000677,nonphysical_allowed_movement,,,309384,308372,
2000000678,nonphysical_allowed_movement,,,309386,309080,
2000000679,nonphysical_allowed_movement,,,309386,309396,
2000000680,nonphysical_allowed_movement,,,309388,309424,
2000000681,nonphysical_allowed_movement,,,309388,309448,
2000000682,nonphysical_allowed_movement,,,309388,309478,
2000000683,nonphysical_allowed_movement,,,309392,309426,
2000000684,nonphysical_allowed_movement,,,309392,309462,
2000000685,nonphysical_allowed_movement,,,309394,309392,
2000000686,nonphysical_allowed_movement,,,309394,309406,
2000000687,nonphysical_allowed_movement,,,309396,309392,
2000000688,nonphysical_allowed_movement,,,309396,309406,
2000000689,nonphysical_allowed_movement,,,309398,309402,
2000000690,nonphysical_allowed_movement,,,309400,309402,
2000000691,nonphysical_allowed_movement,,,309402,309404,
2000000692,nonphysical_allowed_movement,,,309404,309057,
2000000693,nonphysical_allowed_movement,,,309404,309368,
2000000694,nonphysical_allowed_movement,,,309404,309371,
2000000695,nonphysical_allowed_movement,,,309406,309404,
2000000696,nonphysical_allowed_movement,,,309408,309388,
2000000697,nonphysical_allowed_movement,,,309408,309928,
2000000698,nonphysical_allowed_movement,,,309410,309432,
2000000699,nonphysical_allowed_movement,,,309414,309440,
2000000700,nonphysical_allowed_movement,,,309418,309414,
2000000701,nonphysical_allowed_movement,,,309418,310586,
2000000702,nonphysical_allowed_movement,,,309420,309422,
2000000703,nonphysical_allowed_movement,,,309422,309078,
2000000704,nonphysical_allowed_movement,,,309422,309384,
2000000705,nonphysical_allowed_movement,,,309424,309500,
2000000706,nonphysical_allowed_movement,,,309424,309502,
2000000707,nonphysical_allowed_movement,,,309426,309410,
2000000708,nonphysical_allowed_movement,,,309426,309430,
2000000709,nonphysical_allowed_movement,,,309428,309410,
2000000710,nonphysical_allowed_movement,,,309428,309430,
2000000711,nonphysical_allowed_movement,,,309430,309080,
2000000712,nonphysical_allowed_movement,,,309430,309396,
2000000713,nonphysical_allowed_movement,,,309432,309386,
2000000714,nonphysical_allowed_movement,,,309434,309442,
2000000715,nonphysical_allowed_movement,,,309434,309444,
2000000716,nonphysical_allowed_movement,,,309436,309432,
2000000717,nonphysical_allowed_movement,,,309438,309432,
2000000718,nonphysical_allowed_movement,,,309440,309386,
2000000719,nonphysical_allowed_movement,,,309442,308372,
2000000720,nonphysical_allowed_movement,,,309444,309422,
2000000721,nonphysical_allowed_movement,,,309446,309442,
2000000722,nonphysical_allowed_movement,,,309446,309444,
2000000723,nonphysical_allowed_movement,,,309448,309930,
2000000724,nonphysical_allowed_movement,,,309450,309400,
2000000725,nonphysical_allowed_movement,,,309450,309454,
2000000726,nonphysical_allowed_movement,,,309452,309474,
2000000727,nonphysical_allowed_movement,,,309454,309426,
2000000728,nonphysical_allowed_movement,,,309454,309462,
2000000729,nonphysical_allowed_movement,,,309460,309464,
2000000730,nonphysical_allowed_movement,,,309460,309467,
2000000731,nonphysical_allowed_movement,,,309462,309474,
2000000732,nonphysical_allowed_movement,,,309464,310892,
2000000733,nonphysical_allowed_movement,,,309466,309464,
2000000734,nonphysical_allowed_movement,,,309467,309434,
2000000735,nonphysical_allowed_movement,,,309467,309469,
2000000736,nonphysical_allowed_movement,,,309468,309434,
2000000737,nonphysical_allowed_movement,,,309468,309466,
2000000738,nonphysical_allowed_movement,,,309469,308636,
2000000739,nonphysical_allowed_movement,,,309470,309468,
2000000740,nonphysical_allowed_movement,,,309472,309474,
2000000741,nonphysical_allowed_movement,,,309474,309450,
2000000742,nonphysical_allowed_movement,,,309474,310376,
2000000743,nonphysical_allowed_movement,,,309476,309408,
2000000744,nonphysical_allowed_movement,,,309478,309482,
2000000745,nonphysical_allowed_movement,,,309478,309490,
2000000746,nonphysical_allowed_movement,,,309480,310934,
2000000747,nonphysical_allowed_movement,,,309482,309506,
2000000748,nonphysical_allowed_movement,,,309484,309476,
2000000749,nonphysical_allowed_movement,,,309484,430018,
2000000750,nonphysical_allowed_movement,,,309486,309488,
2000000751,nonphysical_allowed_movement,,,309486,309504,
2000000752,nonphysical_allowed_movement,,,309488,309482,
2000000753,nonphysical_allowed_movement,,,309488,309490,
2000000754,nonphysical_allowed_movement,,,309490,309518,
2000000755,nonphysical_allowed_movement,,,309492,309508,
2000000756,nonphysical_allowed_movement,,,309492,309510,
2000000757,nonphysical_allowed_movement,,,309494,309486,
2000000758,nonphysical_allowed_movement,,,309494,309496,
2000000759,nonphysical_allowed_movement,,,309496,309498,
2000000760,nonphysical_allowed_movement,,,309498,310966,
2000000761,nonphysical_allowed_movement,,,309498,311106,
2000000762,nonphysical_allowed_movement,,,309500,309476,
2000000763,nonphysical_allowed_movement,,,309500,430018,
2000000764,nonphysical_allowed_movement,,,309502,309488,
2000000765,nonphysical_allowed_movement,,,309502,309504,
2000000766,nonphysical_allowed_movement,,,309504,310928,
2000000767,nonphysical_allowed_movement,,,309506,309930,
2000000768,nonphysical_allowed_movement,,,309508,309506,
2000000769,nonphysical_allowed_movement,,,309510,309480,
2000000770,nonphysical_allowed_movement,,,309510,319846,
2000000771,nonphysical_allowed_movement,,,309512,309508,
2000000772,nonphysical_allowed_movement,,,309512,309510,
2000000773,nonphysical_allowed_movement,,,309514,309450,
2000000774,nonphysical_allowed_movement,,,309514,310376,
2000000775,nonphysical_allowed_movement,,,309516,309514,
2000000776,nonphysical_allowed_movement,,,309518,310928,
2000000777,nonphysical_allowed_movement,,,309520,332238,
2000000778,nonphysical_allowed_movement,,,309522,309512,
2000000779,nonphysical_allowed_movement,,,309522,309520,
2000000780,nonphysical_allowed_movement,,,309612,309408,
2000000781,nonphysical_allowed_movement,,,309616,309284,
2000000782,nonphysical_allowed_movement,,,309618,308764,
2000000783,nonphysical_allowed_movement,,,309618,309372,
2000000784,nonphysical_allowed_movement,,,309618,309653,
2000000785,nonphysical_allowed_movement,,,309644,309612,
2000000786,nonphysical_allowed_movement,,,309652,308764,
2000000787,nonphysical_allowed_movement,,,309652,309372,
2000000788,nonphysical_allowed_movement,,,309716,309484,
2000000789,nonphysical_allowed_movement,,,309716,430016,
2000000790,nonphysical_allowed_movement,,,309844,310500,
2000000791,nonphysical_allowed_movement,,,309846,309848,
2000000792,nonphysical_allowed_movement,,,309848,310504,
2000000793,nonphysical_allowed_movement,,,309850,309844,
2000000794,nonphysical_allowed_movement,,,309850,310200,
2000000795,nonphysical_allowed_movement,,,309872,651954,
2000000796,nonphysical_allowed_movement,,,309876,308330,
2000000797,nonphysical_allowed_movement,,,309878,308335,
2000000798,nonphysical_allowed_movement,,,309878,354580,
2000000799,nonphysical_allowed_movement,,,309882,308280,
2000000800,nonphysical_allowed_movement,,,309882,310230,
2000000801,nonphysical_allowed_movement,,,309884,308330,
2000000802,nonphysical_allowed_movement,,,309886,308326,
2000000803,nonphysical_allowed_movement,,,309886,308360,
2000000804,nonphysical_allowed_movement,,,309887,309876,
2000000805,nonphysical_allowed_movement,,,309888,309876,
2000000806,nonphysical_allowed_movement,,,309888,309886,
2000000807,nonphysical_allowed_movement,,,309890,309873,
2000000808,nonphysical_allowed_movement,,,309890,651954,
2000000809,nonphysical_allowed_movement,,,309892,309890,
2000000810,nonphysical_allowed_movement,,,309896,309914,
2000000811,nonphysical_allowed_movement,,,309897,309899,
2000000812,nonphysical_allowed_movement,,,309897,310222,
2000000813,nonphysical_allowed_movement,,,309897,310450,
2000000814,nonphysical_allowed_movement,,,309898,309896,
2000000815,nonphysical_allowed_movement,,,309898,310222,
2000000816,nonphysical_allowed_movement,,,309899,308336,
2000000817,nonphysical_allowed_movement,,,309904,310554,
2000000818,nonphysical_allowed_movement,,,309908,644740,
2000000819,nonphysical_allowed_movement,,,309910,309897,
2000000820,nonphysical_allowed_movement,,,309910,309914,
2000000821,nonphysical_allowed_movement,,,309912,308530,
2000000822,nonphysical_allowed_movement,,,309914,310244,
2000000823,nonphysical_allowed_movement,,,309916,310568,
2000000824,nonphysical_allowed_movement,,,309918,308528,
2000000825,nonphysical_allowed_movement,,,309920,308528,
2000000826,nonphysical_allowed_movement,,,309922,308444,
2000000827,nonphysical_allowed_movement,,,309922,310056,
2000000828,nonphysical_allowed_movement,,,309923,308486,
2000000829,nonphysical_allowed_movement,,,309923,308617,
2000000830,nonphysical_allowed_movement,,,309924,644740,
2000000831,nonphysical_allowed_movement,,,309926,309154,
2000000832,nonphysical_allowed_movement,,,309926,309932,
2000000833,nonphysical_allowed_movement,,,309928,309184,
2000000834,nonphysical_allowed_movement,,,309928,310402,
2000000835,nonphysical_allowed_movement,,,309930,309184,
2000000836,nonphysical_allowed_movement,,,309930,310402,
2000000837,nonphysical_allowed_movement,,,309932,309060,
2000000838,nonphysical_allowed_movement,,,309932,309182,
2000000839,nonphysical_allowed_movement,,,309934,309140,
2000000840,nonphysical_allowed_movement,,,309982,309084,
2000000841,nonphysical_allowed_movement,,,309984,310266,
2000000842,nonphysical_allowed_movement,,,309984,622602,
2000000843,nonphysical_allowed_movement,,,309988,308744,
2000000844,nonphysical_allowed_movement,,,309988,308780,
2000000845,nonphysical_allowed_movement,,,309990,309374,
2000000846,nonphysical_allowed_movement,,,309990,310357,
2000000847,nonphysical_allowed_movement,,,309992,309990,
2000000848,nonphysical_allowed_movement,,,309992,310502,
2000000849,nonphysical_allowed_movement,,,310048,308694,
2000000850,nonphysical_allowed_movement,,,310050,310440,
2000000851,nonphysical_allowed_movement,,,310052,308704,
2000000852,nonphysical_allowed_movement,,,310052,308706,
2000000853,nonphysical_allowed_movement,,,310054,310055,
2000000854,nonphysical_allowed_movement,,,310054,310058,
2000000855,nonphysical_allowed_movement,,,310055,308774,
2000000856,nonphysical_allowed_movement,,,310055,310054,
2000000857,nonphysical_allowed_movement,,,310055,310057,
2000000858,nonphysical_allowed_movement,,,310056,308774,
2000000859,nonphysical_allowed_movement,,,310056,310054,
2000000860,nonphysical_allowed_movement,,,310057,308444,
2000000861,nonphysical_allowed_movement,,,310057,309923,
2000000862,nonphysical_allowed_movement,,,310058,428996,
2000000863,nonphysical_allowed_movement,,,310058,635566,
2000000864,nonphysical_allowed_movement,,,310060,310055,
2000000865,nonphysical_allowed_movement,,,310060,310058,
2000000866,nonphysical_allowed_movement,,,310062,310063,
2000000867,nonphysical_allowed_movement,,,310063,310062,
2000000868,nonphysical_allowed_movement,,,310063,310065,
2000000869,nonphysical_allowed_movement,,,310063,310066,
2000000870,nonphysical_allowed_movement,,,310064,310062,
2000000871,nonphysical_allowed_movement,,,310064,310065,
2000000872,nonphysical_allowed_movement,,,310064,310066,
2000000873,nonphysical_allowed_movement,,,310065,308732,
2000000874,nonphysical_allowed_movement,,,310065,310064,
2000000875,nonphysical_allowed_movement,,,310065,634936,
2000000876,nonphysical_allowed_movement,,,310066,308774,
2000000877,nonphysical_allowed_movement,,,310066,310054,
2000000878,nonphysical_allowed_movement,,,310066,310057,
2000000879,nonphysical_allowed_movement,,,310068,310062,
2000000880,nonphysical_allowed_movement,,,310068,310065,
2000000881,nonphysical_allowed_movement,,,310068,310066,
2000000882,nonphysical_allowed_movement,,,310072,309059,
2000000883,nonphysical_allowed_movement,,,310072,310073,
2000000884,nonphysical_allowed_movement,,,310072,310075,
2000000885,nonphysical_allowed_movement,,,310073,310072,
2000000886,nonphysical_allowed_movement,,,310074,309059,
2000000887,nonphysical_allowed_movement,,,310074,310073,
2000000888,nonphysical_allowed_movement,,,310074,310075,
2000000889,nonphysical_allowed_movement,,,310075,310074,
2000000890,nonphysical_allowed_movement,,,310076,308418,
2000000891,nonphysical_allowed_movement,,,310076,310206,
2000000892,nonphysical_allowed_movement,,,310078,308522,
2000000893,nonphysical_allowed_movement,,,310078,308628,
2000000894,nonphysical_allowed_movement,,,310080,310078,
2000000895,nonphysical_allowed_movement,,,310082,310078,
2000000896,nonphysical_allowed_movement,,,310084,308578,
2000000897,nonphysical_allowed_movement,,,310084,308720,
2000000898,nonphysical_allowed_movement,,,310084,319732,
2000000899,nonphysical_allowed_movement,,,310086,310084,
2000000900,nonphysical_allowed_movement,,,310088,319734,
2000000901,nonphysical_allowed_movement,,,310090,308724,
2000000902,nonphysical_allowed_movement,,,310092,308579,
2000000903,nonphysical_allowed_movement,,,310092,308726,
2000000904,nonphysical_allowed_movement,,,310094,310092,
2000000905,nonphysical_allowed_movement,,,310096,310092,
2000000906,nonphysical_allowed_movement,,,310102,309266,
2000000907,nonphysical_allowed_movement,,,310104,314370,
2000000908,nonphysical_allowed_movement,,,310108,309258,
2000000909,nonphysical_allowed_movement,,,310114,622648,
2000000910,nonphysical_allowed_movement,,,310116,310538,
2000000911,nonphysical_allowed_movement,,,310118,310536,
2000000912,nonphysical_allowed_movement,,,310156,310286,
2000000913,nonphysical_allowed_movement,,,310160,310163,
2000000914,nonphysical_allowed_movement,,,310160,310164,
2000000915,nonphysical_allowed_movement,,,310162,310164,
2000000916,nonphysical_allowed_movement,,,310164,310530,
2000000917,nonphysical_allowed_movement,,,310174,310194,
2000000918,nonphysical_allowed_movement,,,310176,310420,
2000000919,nonphysical_allowed_movement,,,310178,309190,
2000000920,nonphysical_allowed_movement,,,310180,309112,
2000000921,nonphysical_allowed_movement,,,310182,310424,
2000000922,nonphysical_allowed_movement,,,310184,310194,
2000000923,nonphysical_allowed_movement,,,310192,310176,
2000000924,nonphysical_allowed_movement,,,310192,310180,
2000000925,nonphysical_allowed_movement,,,310196,310172,
2000000926,nonphysical_allowed_movement,,,310196,310174,
2000000927,nonphysical_allowed_movement,,,310198,659672,
2000000928,nonphysical_allowed_movement,,,310200,659670,
2000000929,nonphysical_allowed_movement,,,310208,310236,
2000000930,nonphysical_allowed_movement,,,310210,308298,
2000000931,nonphysical_allowed_movement,,,310210,319696,
2000000932,nonphysical_allowed_movement,,,310212,309918,
2000000933,nonphysical_allowed_movement,,,310212,309920,
2000000934,nonphysical_allowed_movement,,,310214,308317,
2000000935,nonphysical_allowed_movement,,,310214,310240,
2000000936,nonphysical_allowed_movement,,,310216,308336,
2000000937,nonphysical_allowed_movement,,,310216,309898,
2000000938,nonphysical_allowed_movement,,,310218,309912,
2000000939,nonphysical_allowed_movement,,,310218,310226,
2000000940,nonphysical_allowed_movement,,,310220,310232,
2000000941,nonphysical_allowed_movement,,,310220,310234,
2000000942,nonphysical_allowed_movement,,,310221,310228,
2000000943,nonphysical_allowed_movement,,,310222,644740,
2000000944,nonphysical_allowed_movement,,,310224,309882,
2000000945,nonphysical_allowed_movement,,,310224,658170,
2000000946,nonphysical_allowed_movement,,,310226,308430,
2000000947,nonphysical_allowed_movement,,,310228,644740,
2000000948,nonphysical_allowed_movement,,,310230,310220,
2000000949,nonphysical_allowed_movement,,,310230,310228,
2000000950,nonphysical_allowed_movement,,,310233,310221,
2000000951,nonphysical_allowed_movement,,,310233,310234,
2000000952,nonphysical_allowed_movement,,,310235,310221,
2000000953,nonphysical_allowed_movement,,,310235,310232,
2000000954,nonphysical_allowed_movement,,,310236,319730,
2000000955,nonphysical_allowed_movement,,,310238,309892,
2000000956,nonphysical_allowed_movement,,,310238,310214,
2000000957,nonphysical_allowed_movement,,,310240,310236,
2000000958,nonphysical_allowed_movement,,,310242,308442,
2000000959,nonphysical_allowed_movement,,,310242,308626,
2000000960,nonphysical_allowed_movement,,,310244,308616,
2000000961,nonphysical_allowed_movement,,,310244,310242,
2000000962,nonphysical_allowed_movement,,,310250,310052,
2000000963,nonphysical_allowed_movement,,,310252,310254,
2000000964,nonphysical_allowed_movement,,,310254,310292,
2000000965,nonphysical_allowed_movement,,,310260,308318,
2000000966,nonphysical_allowed_movement,,,310260,308674,
2000000967,nonphysical_allowed_movement,,,310262,310270,
2000000968,nonphysical_allowed_movement,,,310262,310272,
2000000969,nonphysical_allowed_movement,,,310264,310254,
2000000970,nonphysical_allowed_movement,,,310266,308692,
2000000971,nonphysical_allowed_movement,,,310266,310250,
2000000972,nonphysical_allowed_movement,,,310270,310052,
2000000973,nonphysical_allowed_movement,,,310272,308748,
2000000974,nonphysical_allowed_movement,,,310274,105810,
2000000975,nonphysical_allowed_movement,,,310276,310060,
2000000976,nonphysical_allowed_movement,,,310276,331642,
2000000977,nonphysical_allowed_movement,,,310278,310452,
2000000978,nonphysical_allowed_movement,,,310280,308708,
2000000979,nonphysical_allowed_movement,,,310280,308773,
2000000980,nonphysical_allowed_movement,,,310281,310283,
2000000981,nonphysical_allowed_movement,,,310282,310280,
2000000982,nonphysical_allowed_movement,,,310283,310088,
2000000983,nonphysical_allowed_movement,,,310283,310284,
2000000984,nonphysical_allowed_movement,,,310284,310280,
2000000985,nonphysical_allowed_movement,,,310286,308724,
2000000986,nonphysical_allowed_movement,,,310288,310158,
2000000987,nonphysical_allowed_movement,,,310292,310290,
2000000988,nonphysical_allowed_movement,,,310294,308417,
2000000989,nonphysical_allowed_movement,,,310294,310276,
2000000990,nonphysical_allowed_movement,,,310296,310278,
2000000991,nonphysical_allowed_movement,,,310296,310526,
2000000992,nonphysical_allowed_movement,,,310298,308646,
2000000993,nonphysical_allowed_movement,,,310298,310296,
2000000994,nonphysical_allowed_movement,,,310344,309096,
2000000995,nonphysical_allowed_movement,,,310344,309116,
2000000996,nonphysical_allowed_movement,,,310346,309992,
2000000997,nonphysical_allowed_movement,,,310348,309186,
2000000998,nonphysical_allowed_movement,,,310348,310405,
2000000999,nonphysical_allowed_movement,,,310350,310404,
2000001000,nonphysical_allowed_movement,,,310351,310346,
2000001001,nonphysical_allowed_movement,,,310352,309298,
2000001002,nonphysical_allowed_movement,,,310356,309374,
2000001003,nonphysical_allowed_movement,,,310356,310357,
2000001004,nonphysical_allowed_movement,,,310357,309131,
2000001005,nonphysical_allowed_movement,,,310357,309308,
2000001006,nonphysical_allowed_movement,,,310357,310356,
2000001007,nonphysical_allowed_movement,,,310358,309086,
2000001008,nonphysical_allowed_movement,,,310358,309108,
2000001009,nonphysical_allowed_movement,,,310360,309364,
2000001010,nonphysical_allowed_movement,,,310360,310362,
2000001011,nonphysical_allowed_movement,,,310362,310534,
2000001012,nonphysical_allowed_movement,,,310364,308694,
2000001013,nonphysical_allowed_movement,,,310366,309144,
2000001014,nonphysical_allowed_movement,,,310367,310351,
2000001015,nonphysical_allowed_movement,,,310367,310369,
2000001016,nonphysical_allowed_movement,,,310368,310366,
2000001017,nonphysical_allowed_movement,,,310368,310404,
2000001018,nonphysical_allowed_movement,,,310369,309142,
2000001019,nonphysical_allowed_movement,,,310370,309304,
2000001020,nonphysical_allowed_movement,,,310370,310348,
2000001021,nonphysical_allowed_movement,,,310372,309398,
2000001022,nonphysical_allowed_movement,,,310372,310374,
2000001023,nonphysical_allowed_movement,,,310374,309522,
2000001024,nonphysical_allowed_movement,,,310376,309522,
2000001025,nonphysical_allowed_movement,,,310380,309138,
2000001026,nonphysical_allowed_movement,,,310402,309246,
2000001027,nonphysical_allowed_movement,,,310402,309370,
2000001028,nonphysical_allowed_movement,,,310404,309186,
2000001029,nonphysical_allowed_movement,,,310405,310351,
2000001030,nonphysical_allowed_movement,,,310414,309084,
2000001031,nonphysical_allowed_movement,,,310418,309988,
2000001032,nonphysical_allowed_movement,,,310418,654886,
2000001033,nonphysical_allowed_movement,,,310420,310418,
2000001034,nonphysical_allowed_movement,,,310422,309988,
2000001035,nonphysical_allowed_movement,,,310422,654886,
2000001036,nonphysical_allowed_movement,,,310424,310422,
2000001037,nonphysical_allowed_movement,,,310428,309988,
2000001038,nonphysical_allowed_movement,,,310428,654886,
2000001039,nonphysical_allowed_movement,,,310436,310048,
2000001040,nonphysical_allowed_movement,,,310438,310048,
2000001041,nonphysical_allowed_movement,,,310440,310346,
2000001042,nonphysical_allowed_movement,,,310440,310350,
2000001043,nonphysical_allowed_movement,,,310442,310076,
2000001044,nonphysical_allowed_movement,,,310444,309268,
2000001045,nonphysical_allowed_movement,,,310444,310442,
2000001046,nonphysical_allowed_movement,,,310446,310076,
2000001047,nonphysical_allowed_movement,,,310448,310451,
2000001048,nonphysical_allowed_movement,,,310448,319706,
2000001049,nonphysical_allowed_movement,,,310450,319706,
2000001050,nonphysical_allowed_movement,,,310451,309896,
2000001051,nonphysical_allowed_movement,,,310451,309899,
2000001052,nonphysical_allowed_movement,,,310451,310222,
2000001053,nonphysical_allowed_movement,,,310452,310090,
2000001054,nonphysical_allowed_movement,,,310452,310096,
2000001055,nonphysical_allowed_movement,,,310480,310190,
2000001056,nonphysical_allowed_movement,,,310486,310196,
2000001057,nonphysical_allowed_movement,,,310500,310440,
2000001058,nonphysical_allowed_movement,,,310502,309846,
2000001059,nonphysical_allowed_movement,,,310504,310436,
2000001060,nonphysical_allowed_movement,,,310504,310480,
2000001061,nonphysical_allowed_movement,,,310506,309850,
2000001062,nonphysical_allowed_movement,,,310526,310160,
2000001063,nonphysical_allowed_movement,,,310530,310290,
2000001064,nonphysical_allowed_movement,,,310534,310116,
2000001065,nonphysical_allowed_movement,,,310536,364798,
2000001066,nonphysical_allowed_movement,,,310538,308460,
2000001067,nonphysical_allowed_movement,,,310540,310118,
2000001068,nonphysical_allowed_movement,,,310542,310108,
2000001069,nonphysical_allowed_movement,,,310544,310550,
2000001070,nonphysical_allowed_movement,,,310544,313567,
2000001071,nonphysical_allowed_movement,,,310550,310554,
2000001072,nonphysical_allowed_movement,,,310554,323852,
2000001073,nonphysical_allowed_movement,,,310554,622994,
2000001074,nonphysical_allowed_movement,,,310560,310562,
2000001075,nonphysical_allowed_movement,,,310560,313726,
2000001076,nonphysical_allowed_movement,,,310562,654366,
2000001077,nonphysical_allowed_movement,,,310564,310568,
2000001078,nonphysical_allowed_movement,,,310566,314368,
2000001079,nonphysical_allowed_movement,,,310568,310560,
2000001080,nonphysical_allowed_movement,,,310572,310573,
2000001081,nonphysical_allowed_movement,,,310573,310572,
2000001082,nonphysical_allowed_movement,,,310573,310576,
2000001083,nonphysical_allowed_movement,,,310574,638086,
2000001084,nonphysical_allowed_movement,,,310576,310574,
2000001085,nonphysical_allowed_movement,,,310576,313730,
2000001086,nonphysical_allowed_movement,,,310578,310572,
2000001087,nonphysical_allowed_movement,,,310578,310576,
2000001088,nonphysical_allowed_movement,,,310580,310926,
2000001089,nonphysical_allowed_movement,,,310580,313553,
2000001090,nonphysical_allowed_movement,,,310582,310892,
2000001091,nonphysical_allowed_movement,,,310584,309436,
2000001092,nonphysical_allowed_movement,,,310584,310900,
2000001093,nonphysical_allowed_movement,,,310586,376308,
2000001094,nonphysical_allowed_movement,,,310586,376310,
2000001095,nonphysical_allowed_movement,,,310588,310590,
2000001096,nonphysical_allowed_movement,,,310588,310612,
2000001097,nonphysical_allowed_movement,,,310590,310591,
2000001098,nonphysical_allowed_movement,,,310590,310856,
2000001099,nonphysical_allowed_movement,,,310590,310877,
2000001100,nonphysical_allowed_movement,,,310590,313752,
2000001101,nonphysical_allowed_movement,,,310591,310590,
2000001102,nonphysical_allowed_movement,,,310591,310612,
2000001103,nonphysical_allowed_movement,,,310592,310976,
2000001104,nonphysical_allowed_movement,,,310594,310596,
2000001105,nonphysical_allowed_movement,,,310594,310600,
2000001106,nonphysical_allowed_movement,,,310596,310592,
2000001107,nonphysical_allowed_movement,,,310596,310774,
2000001108,nonphysical_allowed_movement,,,310598,310596,
2000001109,nonphysical_allowed_movement,,,310598,310600,
2000001110,nonphysical_allowed_movement,,,310600,310584,
2000001111,nonphysical_allowed_movement,,,310600,310858,
2000001112,nonphysical_allowed_movement,,,310602,313477,
2000001113,nonphysical_allowed_movement,,,310602,313478,
2000001114,nonphysical_allowed_movement,,,310604,310816,
2000001115,nonphysical_allowed_movement,,,310604,310822,
2000001116,nonphysical_allowed_movement,,,310606,310780,
2000001117,nonphysical_allowed_movement,,,310608,310618,
2000001118,nonphysical_allowed_movement,,,310608,310620,
2000001119,nonphysical_allowed_movement,,,310610,310584,
2000001120,nonphysical_allowed_movement,,,310610,310858,
2000001121,nonphysical_allowed_movement,,,310612,310778,
2000001122,nonphysical_allowed_movement,,,310612,310862,
2000001123,nonphysical_allowed_movement,,,310614,310632,
2000001124,nonphysical_allowed_movement,,,310614,310882,
2000001125,nonphysical_allowed_movement,,,310616,309446,
2000001126,nonphysical_allowed_movement,,,310616,310582,
2000001127,nonphysical_allowed_movement,,,310618,309446,
2000001128,nonphysical_allowed_movement,,,310618,310582,
2000001129,nonphysical_allowed_movement,,,310620,310606,
2000001130,nonphysical_allowed_movement,,,310620,310848,
2000001131,nonphysical_allowed_movement,,,310622,310618,
2000001132,nonphysical_allowed_movement,,,310622,310620,
2000001133,nonphysical_allowed_movement,,,310624,310976,
2000001134,nonphysical_allowed_movement,,,310626,310976,
2000001135,nonphysical_allowed_movement,,,310628,310630,
2000001136,nonphysical_allowed_movement,,,310630,310902,
2000001137,nonphysical_allowed_movement,,,310632,310766,
2000001138,nonphysical_allowed_movement,,,310634,310854,
2000001139,nonphysical_allowed_movement,,,310635,310884,
2000001140,nonphysical_allowed_movement,,,310636,310622,
2000001141,nonphysical_allowed_movement,,,310636,310782,
2000001142,nonphysical_allowed_movement,,,310638,310636,
2000001143,nonphysical_allowed_movement,,,310640,310835,
2000001144,nonphysical_allowed_movement,,,310640,310838,
2000001145,nonphysical_allowed_movement,,,310640,621772,
2000001146,nonphysical_allowed_movement,,,310640,621870,
2000001147,nonphysical_allowed_movement,,,310641,313742,
2000001148,nonphysical_allowed_movement,,,310642,310644,
2000001149,nonphysical_allowed_movement,,,310642,310786,
2000001150,nonphysical_allowed_movement,,,310644,622020,
2000001151,nonphysical_allowed_movement,,,310646,310648,
2000001152,nonphysical_allowed_movement,,,310646,310832,
2000001153,nonphysical_allowed_movement,,,310648,310830,
2000001154,nonphysical_allowed_movement,,,310650,310654,
2000001155,nonphysical_allowed_movement,,,310652,310796,
2000001156,nonphysical_allowed_movement,,,310654,310764,
2000001157,nonphysical_allowed_movement,,,310762,310766,
2000001158,nonphysical_allowed_movement,,,310764,310652,
2000001159,nonphysical_allowed_movement,,,310764,313750,
2000001160,nonphysical_allowed_movement,,,310766,310764,
2000001161,nonphysical_allowed_movement,,,310768,310770,
2000001162,nonphysical_allowed_movement,,,310768,310812,
2000001163,nonphysical_allowed_movement,,,310770,310868,
2000001164,nonphysical_allowed_movement,,,310772,310868,
2000001165,nonphysical_allowed_movement,,,310774,310610,
2000001166,nonphysical_allowed_movement,,,310774,310776,
2000001167,nonphysical_allowed_movement,,,310776,310628,
2000001168,nonphysical_allowed_movement,,,310776,310650,
2000001169,nonphysical_allowed_movement,,,310776,310762,
2000001170,nonphysical_allowed_movement,,,310778,310840,
2000001171,nonphysical_allowed_movement,,,310778,310843,
2000001172,nonphysical_allowed_movement,,,310780,310622,
2000001173,nonphysical_allowed_movement,,,310780,310782,
2000001174,nonphysical_allowed_movement,,,310782,313738,
2000001175,nonphysical_allowed_movement,,,310784,313746,
2000001176,nonphysical_allowed_movement,,,310786,310845,
2000001177,nonphysical_allowed_movement,,,310787,310644,
2000001178,nonphysical_allowed_movement,,,310788,310924,
2000001179,nonphysical_allowed_movement,,,310790,310788,
2000001180,nonphysical_allowed_movement,,,310790,310866,
2000001181,nonphysical_allowed_movement,,,310792,310814,
2000001182,nonphysical_allowed_movement,,,310794,310808,
2000001183,nonphysical_allowed_movement,,,310794,310826,
2000001184,nonphysical_allowed_movement,,,310796,310894,
2000001185,nonphysical_allowed_movement,,,310796,310897,
2000001186,nonphysical_allowed_movement,,,310796,313476,
2000001187,nonphysical_allowed_movement,,,310798,310806,
2000001188,nonphysical_allowed_movement,,,310798,310810,
2000001189,nonphysical_allowed_movement,,,310798,310818,
2000001190,nonphysical_allowed_movement,,,310806,310796,
2000001191,nonphysical_allowed_movement,,,310808,310814,
2000001192,nonphysical_allowed_movement,,,310810,310592,
2000001193,nonphysical_allowed_movement,,,310810,310774,
2000001194,nonphysical_allowed_movement,,,310812,310604,
2000001195,nonphysical_allowed_movement,,,310814,310772,
2000001196,nonphysical_allowed_movement,,,310814,310820,
2000001197,nonphysical_allowed_movement,,,310816,310868,
2000001198,nonphysical_allowed_movement,,,310818,310824,
2000001199,nonphysical_allowed_movement,,,310818,310864,
2000001200,nonphysical_allowed_movement,,,310820,310852,
2000001201,nonphysical_allowed_movement,,,310822,310852,
2000001202,nonphysical_allowed_movement,,,310824,310610,
2000001203,nonphysical_allowed_movement,,,310824,310776,
2000001204,nonphysical_allowed_movement,,,310826,310602,
2000001205,nonphysical_allowed_movement,,,310826,310850,
2000001206,nonphysical_allowed_movement,,,310828,310768,
2000001207,nonphysical_allowed_movement,,,310828,310794,
2000001208,nonphysical_allowed_movement,,,310830,310828,
2000001209,nonphysical_allowed_movement,,,310832,310895,
2000001210,nonphysical_allowed_movement,,,310832,311078,
2000001211,nonphysical_allowed_movement,,,310834,310641,
2000001212,nonphysical_allowed_movement,,,310834,310838,
2000001213,nonphysical_allowed_movement,,,310834,621870,
2000001214,nonphysical_allowed_movement,,,310835,313740,
2000001215,nonphysical_allowed_movement,,,310836,428251,
2000001216,nonphysical_allowed_movement,,,310836,633206,
2000001217,nonphysical_allowed_movement,,,310838,428248,
2000001218,nonphysical_allowed_movement,,,310839,310641,
2000001219,nonphysical_allowed_movement,,,310839,310835,
2000001220,nonphysical_allowed_movement,,,310839,621772,
2000001221,nonphysical_allowed_movement,,,310839,621870,
2000001222,nonphysical_allowed_movement,,,310840,310588,
2000001223,nonphysical_allowed_movement,,,310840,313732,
2000001224,nonphysical_allowed_movement,,,310842,310840,
2000001225,nonphysical_allowed_movement,,,310843,310787,
2000001226,nonphysical_allowed_movement,,,310843,310845,
2000001227,nonphysical_allowed_movement,,,310844,310842,
2000001228,nonphysical_allowed_movement,,,310845,310784,
2000001229,nonphysical_allowed_movement,,,310846,310784,
2000001230,nonphysical_allowed_movement,,,310846,310844,
2000001231,nonphysical_allowed_movement,,,310848,310880,
2000001232,nonphysical_allowed_movement,,,310848,310883,
2000001233,nonphysical_allowed_movement,,,310848,313480,
2000001234,nonphysical_allowed_movement,,,310850,310828,
2000001235,nonphysical_allowed_movement,,,310852,310790,
2000001236,nonphysical_allowed_movement,,,310852,310920,
2000001237,nonphysical_allowed_movement,,,310854,310886,
2000001238,nonphysical_allowed_movement,,,310854,310889,
2000001239,nonphysical_allowed_movement,,,310856,310857,
2000001240,nonphysical_allowed_movement,,,310856,622136,
2000001241,nonphysical_allowed_movement,,,310857,310856,
2000001242,nonphysical_allowed_movement,,,310857,310877,
2000001243,nonphysical_allowed_movement,,,310857,313752,
2000001244,nonphysical_allowed_movement,,,310858,310630,
2000001245,nonphysical_allowed_movement,,,310860,313746,
2000001246,nonphysical_allowed_movement,,,310862,622020,
2000001247,nonphysical_allowed_movement,,,310864,310654,
2000001248,nonphysical_allowed_movement,,,310866,310816,
2000001249,nonphysical_allowed_movement,,,310866,310822,
2000001250,nonphysical_allowed_movement,,,310868,310808,
2000001251,nonphysical_allowed_movement,,,310868,310826,
2000001252,nonphysical_allowed_movement,,,310876,310856,
2000001253,nonphysical_allowed_movement,,,310876,310877,
2000001254,nonphysical_allowed_movement,,,310876,313752,
2000001255,nonphysical_allowed_movement,,,310877,310876,
2000001256,nonphysical_allowed_movement,,,310877,313734,
2000001257,nonphysical_allowed_movement,,,310878,309420,
2000001258,nonphysical_allowed_movement,,,310878,310616,
2000001259,nonphysical_allowed_movement,,,310880,310878,
2000001260,nonphysical_allowed_movement,,,310880,310881,
2000001261,nonphysical_allowed_movement,,,310881,310880,
2000001262,nonphysical_allowed_movement,,,310881,310883,
2000001263,nonphysical_allowed_movement,,,310881,313480,
2000001264,nonphysical_allowed_movement,,,310882,310880,
2000001265,nonphysical_allowed_movement,,,310882,310883,
2000001266,nonphysical_allowed_movement,,,310882,313480,
2000001267,nonphysical_allowed_movement,,,310883,310632,
2000001268,nonphysical_allowed_movement,,,310883,310882,
2000001269,nonphysical_allowed_movement,,,310884,331599,
2000001270,nonphysical_allowed_movement,,,310886,313738,
2000001271,nonphysical_allowed_movement,,,310888,310886,
2000001272,nonphysical_allowed_movement,,,310889,310608,
2000001273,nonphysical_allowed_movement,,,310889,310891,
2000001274,nonphysical_allowed_movement,,,310890,310608,
2000001275,nonphysical_allowed_movement,,,310890,310888,
2000001276,nonphysical_allowed_movement,,,310891,309460,
2000001277,nonphysical_allowed_movement,,,310892,309460,
2000001278,nonphysical_allowed_movement,,,310892,310890,
2000001279,nonphysical_allowed_movement,,,310894,310895,
2000001280,nonphysical_allowed_movement,,,310894,311078,
2000001281,nonphysical_allowed_movement,,,310895,310894,
2000001282,nonphysical_allowed_movement,,,310895,310897,
2000001283,nonphysical_allowed_movement,,,310895,313476,
2000001284,nonphysical_allowed_movement,,,310896,310894,
2000001285,nonphysical_allowed_movement,,,310896,310897,
2000001286,nonphysical_allowed_movement,,,310896,313476,
2000001287,nonphysical_allowed_movement,,,310897,310792,
2000001288,nonphysical_allowed_movement,,,310897,310896,
2000001289,nonphysical_allowed_movement,,,310898,310792,
2000001290,nonphysical_allowed_movement,,,310898,310896,
2000001291,nonphysical_allowed_movement,,,310900,309428,
2000001292,nonphysical_allowed_movement,,,310900,309472,
2000001293,nonphysical_allowed_movement,,,310900,310598,
2000001294,nonphysical_allowed_movement,,,310902,309436,
2000001295,nonphysical_allowed_movement,,,310902,310900,
2000001296,nonphysical_allowed_movement,,,310918,310898,
2000001297,nonphysical_allowed_movement,,,310918,313753,
2000001298,nonphysical_allowed_movement,,,310920,310918,
2000001299,nonphysical_allowed_movement,,,310920,622790,
2000001300,nonphysical_allowed_movement,,,310922,310924,
2000001301,nonphysical_allowed_movement,,,310924,310788,
2000001302,nonphysical_allowed_movement,,,310924,310866,
2000001303,nonphysical_allowed_movement,,,310926,310839,
2000001304,nonphysical_allowed_movement,,,310926,428248,
2000001305,nonphysical_allowed_movement,,,310928,310966,
2000001306,nonphysical_allowed_movement,,,310928,311106,
2000001307,nonphysical_allowed_movement,,,310930,310931,
2000001308,nonphysical_allowed_movement,,,310931,310930,
2000001309,nonphysical_allowed_movement,,,310931,310970,
2000001310,nonphysical_allowed_movement,,,310932,310930,
2000001311,nonphysical_allowed_movement,,,310932,310970,
2000001312,nonphysical_allowed_movement,,,310934,309492,
2000001313,nonphysical_allowed_movement,,,310934,310972,
2000001314,nonphysical_allowed_movement,,,310936,311028,
2000001315,nonphysical_allowed_movement,,,310936,311030,
2000001316,nonphysical_allowed_movement,,,310952,311094,
2000001317,nonphysical_allowed_movement,,,310966,311050,
2000001318,nonphysical_allowed_movement,,,310970,310934,
2000001319,nonphysical_allowed_movement,,,310972,310936,
2000001320,nonphysical_allowed_movement,,,310972,313756,
2000001321,nonphysical_allowed_movement,,,310974,309516,
2000001322,nonphysical_allowed_movement,,,310974,310978,
2000001323,nonphysical_allowed_movement,,,310976,310974,
2000001324,nonphysical_allowed_movement,,,310976,313782,
2000001325,nonphysical_allowed_movement,,,310978,309452,
2000001326,nonphysical_allowed_movement,,,310978,310594,
2000001327,nonphysical_allowed_movement,,,310978,310626,
2000001328,nonphysical_allowed_movement,,,310982,310952,
2000001329,nonphysical_allowed_movement,,,310982,649774,
2000001330,nonphysical_allowed_movement,,,310984,310646,
2000001331,nonphysical_allowed_movement,,,310986,310624,
2000001332,nonphysical_allowed_movement,,,310986,310798,
2000001333,nonphysical_allowed_movement,,,310988,311017,
2000001334,nonphysical_allowed_movement,,,310992,642088,
2000001335,nonphysical_allowed_movement,,,310992,671218,
2000001336,nonphysical_allowed_movement,,,311000,622052,
2000001337,nonphysical_allowed_movement,,,311000,622057,
2000001338,nonphysical_allowed_movement,,,311012,311053,
2000001339,nonphysical_allowed_movement,,,311013,621348,
2000001340,nonphysical_allowed_movement,,,311013,621350,
2000001341,nonphysical_allowed_movement,,,311024,310932,
2000001342,nonphysical_allowed_movement,,,311026,311027,
2000001343,nonphysical_allowed_movement,,,311027,310982,
2000001344,nonphysical_allowed_movement,,,311027,311026,
2000001345,nonphysical_allowed_movement,,,311028,310982,
2000001346,nonphysical_allowed_movement,,,311028,311026,
2000001347,nonphysical_allowed_movement,,,311030,313790,
2000001348,nonphysical_allowed_movement,,,311032,622050,
2000001349,nonphysical_allowed_movement,,,311032,669614,
2000001350,nonphysical_allowed_movement,,,311036,311040,
2000001351,nonphysical_allowed_movement,,,311036,621351,
2000001352,nonphysical_allowed_movement,,,311040,310984,
2000001353,nonphysical_allowed_movement,,,311040,671224,
2000001354,nonphysical_allowed_movement,,,311050,310930,
2000001355,nonphysical_allowed_movement,,,311050,310970,
2000001356,nonphysical_allowed_movement,,,311052,311013,
2000001357,nonphysical_allowed_movement,,,311066,311098,
2000001358,nonphysical_allowed_movement,,,311066,319923,
2000001359,nonphysical_allowed_movement,,,311078,313804,
2000001360,nonphysical_allowed_movement,,,311078,313806,
2000001361,nonphysical_allowed_movement,,,311078,671214,
2000001362,nonphysical_allowed_movement,,,311086,313804,
2000001363,nonphysical_allowed_movement,,,311086,313806,
2000001364,nonphysical_allowed_movement,,,311086,671214,
2000001365,nonphysical_allowed_movement,,,311088,311050,
2000001366,nonphysical_allowed_movement,,,311090,311092,
2000001367,nonphysical_allowed_movement,,,311092,310932,
2000001368,nonphysical_allowed_movement,,,311094,311092,
2000001369,nonphysical_allowed_movement,,,311098,669593,
2000001370,nonphysical_allowed_movement,,,311100,313816,
2000001371,nonphysical_allowed_movement,,,311158,311159,
2000001372,nonphysical_allowed_movement,,,311159,311158,
2000001373,nonphysical_allowed_movement,,,311159,311160,
2000001374,nonphysical_allowed_movement,,,311160,311088,
2000001375,nonphysical_allowed_movement,,,311160,311090,
2000001376,nonphysical_allowed_movement,,,311480,311066,
2000001377,nonphysical_allowed_movement,,,311480,670374,
2000001378,nonphysical_allowed_movement,,,312348,310580,
2000001379,nonphysical_allowed_movement,,,312350,312354,
2000001380,nonphysical_allowed_movement,,,312350,313724,
2000001381,nonphysical_allowed_movement,,,312352,310580,
2000001382,nonphysical_allowed_movement,,,312354,312348,
2000001383,nonphysical_allowed_movement,,,313420,671294,
2000001384,nonphysical_allowed_movement,,,313476,313477,
2000001385,nonphysical_allowed_movement,,,313476,313478,
2000001386,nonphysical_allowed_movement,,,313477,310897,
2000001387,nonphysical_allowed_movement,,,313477,313476,
2000001388,nonphysical_allowed_movement,,,313478,310830,
2000001389,nonphysical_allowed_movement,,,313480,310902,
2000001390,nonphysical_allowed_movement,,,313552,310926,
2000001391,nonphysical_allowed_movement,,,313552,313553,
2000001392,nonphysical_allowed_movement,,,313553,313552,
2000001393,nonphysical_allowed_movement,,,313566,310550,
2000001394,nonphysical_allowed_movement,,,313566,313567,
2000001395,nonphysical_allowed_movement,,,313567,313566,
2000001396,nonphysical_allowed_movement,,,313578,313586,
2000001397,nonphysical_allowed_movement,,,313580,313586,
2000001398,nonphysical_allowed_movement,,,313582,313580,
2000001399,nonphysical_allowed_movement,,,313582,323839,
2000001400,nonphysical_allowed_movement,,,313584,313578,
2000001401,nonphysical_allowed_movement,,,313584,313582,
2000001402,nonphysical_allowed_movement,,,313586,314366,
2000001403,nonphysical_allowed_movement,,,313654,311100,
2000001404,nonphysical_allowed_movement,,,313656,314202,
2000001405,nonphysical_allowed_movement,,,313658,310198,
2000001406,nonphysical_allowed_movement,,,313724,310566,
2000001407,nonphysical_allowed_movement,,,313726,312354,
2000001408,nonphysical_allowed_movement,,,313726,313724,
2000001409,nonphysical_allowed_movement,,,313728,323840,
2000001410,nonphysical_allowed_movement,,,313728,323842,
2000001411,nonphysical_allowed_movement,,,313730,312350,
2000001412,nonphysical_allowed_movement,,,313730,312352,
2000001413,nonphysical_allowed_movement,,,313732,310614,
2000001414,nonphysical_allowed_movement,,,313734,310614,
2000001415,nonphysical_allowed_movement,,,313738,310640,
2000001416,nonphysical_allowed_movement,,,313738,313742,
2000001417,nonphysical_allowed_movement,,,313740,310638,
2000001418,nonphysical_allowed_movement,,,313740,310846,
2000001419,nonphysical_allowed_movement,,,313742,310635,
2000001420,nonphysical_allowed_movement,,,313742,310854,
2000001421,nonphysical_allowed_movement,,,313744,319912,
2000001422,nonphysical_allowed_movement,,,313746,428152,
2000001423,nonphysical_allowed_movement,,,313748,622009,
2000001424,nonphysical_allowed_movement,,,313748,622138,
2000001425,nonphysical_allowed_movement,,,313750,310876,
2000001426,nonphysical_allowed_movement,,,313750,313734,
2000001427,nonphysical_allowed_movement,,,313752,310898,
2000001428,nonphysical_allowed_movement,,,313752,313753,
2000001429,nonphysical_allowed_movement,,,313753,310591,
2000001430,nonphysical_allowed_movement,,,313753,310877,
2000001431,nonphysical_allowed_movement,,,313753,313752,
2000001432,nonphysical_allowed_movement,,,313754,642088,
2000001433,nonphysical_allowed_movement,,,313754,671218,
2000001434,nonphysical_allowed_movement,,,313756,659172,
2000001435,nonphysical_allowed_movement,,,313782,313783,
2000001436,nonphysical_allowed_movement,,,313783,310974,
2000001437,nonphysical_allowed_movement,,,313783,313782,
2000001438,nonphysical_allowed_movement,,,313784,313754,
2000001439,nonphysical_allowed_movement,,,313784,648366,
2000001440,nonphysical_allowed_movement,,,313790,313816,
2000001441,nonphysical_allowed_movement,,,313794,313796,
2000001442,nonphysical_allowed_movement,,,313794,313803,
2000001443,nonphysical_allowed_movement,,,313794,319922,
2000001444,nonphysical_allowed_movement,,,313794,632806,
2000001445,nonphysical_allowed_movement,,,313802,313796,
2000001446,nonphysical_allowed_movement,,,313802,319922,
2000001447,nonphysical_allowed_movement,,,313802,632806,
2000001448,nonphysical_allowed_movement,,,313804,314316,
2000001449,nonphysical_allowed_movement,,,313806,313790,
2000001450,nonphysical_allowed_movement,,,313836,621884,
2000001451,nonphysical_allowed_movement,,,314202,310992,
2000001452,nonphysical_allowed_movement,,,314202,642086,
2000001453,nonphysical_allowed_movement,,,314316,313418,
2000001454,nonphysical_allowed_movement,,,314364,313584,
2000001455,nonphysical_allowed_movement,,,314366,314368,
2000001456,nonphysical_allowed_movement,,,314368,310102,
2000001457,nonphysical_allowed_movement,,,314370,312348,
2000001458,nonphysical_allowed_movement,,,319696,308266,
2000001459,nonphysical_allowed_movement,,,319696,310444,
2000001460,nonphysical_allowed_movement,,,319706,319710,
2000001461,nonphysical_allowed_movement,,,319706,319714,
2000001462,nonphysical_allowed_movement,,,319708,430316,
2000001463,nonphysical_allowed_movement,,,319708,430324,
2000001464,nonphysical_allowed_movement,,,319710,430314,
2000001465,nonphysical_allowed_movement,,,319712,430314,
2000001466,nonphysical_allowed_movement,,,319714,310212,
2000001467,nonphysical_allowed_movement,,,319716,319720,
2000001468,nonphysical_allowed_movement,,,319716,430318,
2000001469,nonphysical_allowed_movement,,,319718,310212,
2000001470,nonphysical_allowed_movement,,,319720,319722,
2000001471,nonphysical_allowed_movement,,,319722,308322,
2000001472,nonphysical_allowed_movement,,,319722,354582,
2000001473,nonphysical_allowed_movement,,,319730,310238,
2000001474,nonphysical_allowed_movement,,,319732,319734,
2000001475,nonphysical_allowed_movement,,,319734,308630,
2000001476,nonphysical_allowed_movement,,,319734,310086,
2000001477,nonphysical_allowed_movement,,,319734,310448,
2000001478,nonphysical_allowed_movement,,,319736,308434,
2000001479,nonphysical_allowed_movement,,,319846,309518,
2000001480,nonphysical_allowed_movement,,,319912,313748,
2000001481,nonphysical_allowed_movement,,,319922,311098,
2000001482,nonphysical_allowed_movement,,,319923,313796,
2000001483,nonphysical_allowed_movement,,,319923,313803,
2000001484,nonphysical_allowed_movement,,,319923,632806,
2000001485,nonphysical_allowed_movement,,,323838,313580,
2000001486,nonphysical_allowed_movement,,,323838,323839,
2000001487,nonphysical_allowed_movement,,,323839,323838,
2000001488,nonphysical_allowed_movement,,,323839,323849,
2000001489,nonphysical_allowed_movement,,,323839,342456,
2000001490,nonphysical_allowed_movement,,,323840,312350,
2000001491,nonphysical_allowed_movement,,,323840,312352,
2000001492,nonphysical_allowed_movement,,,323842,312354,
2000001493,nonphysical_allowed_movement,,,323842,313724,
2000001494,nonphysical_allowed_movement,,,323844,323848,
2000001495,nonphysical_allowed_movement,,,323844,323851,
2000001496,nonphysical_allowed_movement,,,323846,323847,
2000001497,nonphysical_allowed_movement,,,323846,323854,
2000001498,nonphysical_allowed_movement,,,323847,323846,
2000001499,nonphysical_allowed_movement,,,323848,323838,
2000001500,nonphysical_allowed_movement,,,323848,323849,
2000001501,nonphysical_allowed_movement,,,323848,342456,
2000001502,nonphysical_allowed_movement,,,323849,323848,
2000001503,nonphysical_allowed_movement,,,323849,323851,
2000001504,nonphysical_allowed_movement,,,323850,323848,
2000001505,nonphysical_allowed_movement,,,323850,323851,
2000001506,nonphysical_allowed_movement,,,323851,323844,
2000001507,nonphysical_allowed_movement,,,323851,323850,
2000001508,nonphysical_allowed_movement,,,323851,323855,
2000001509,nonphysical_allowed_movement,,,323852,323847,
2000001510,nonphysical_allowed_movement,,,323852,323854,
2000001511,nonphysical_allowed_movement,,,323854,323844,
2000001512,nonphysical_allowed_movement,,,323854,323850,
2000001513,nonphysical_allowed_movement,,,323854,323855,
2000001514,nonphysical_allowed_movement,,,323855,323847,
2000001515,nonphysical_allowed_movement,,,323855,323854,
2000001516,nonphysical_allowed_movement,,,323890,310560,
2000001517,nonphysical_allowed_movement,,,331592,308484,
2000001518,nonphysical_allowed_movement,,,331592,331593,
2000001519,nonphysical_allowed_movement,,,331592,331595,
2000001520,nonphysical_allowed_movement,,,331593,308574,
2000001521,nonphysical_allowed_movement,,,331593,331592,
2000001522,nonphysical_allowed_movement,,,331594,308484,
2000001523,nonphysical_allowed_movement,,,331594,331593,
2000001524,nonphysical_allowed_movement,,,331594,331595,
2000001525,nonphysical_allowed_movement,,,331595,331594,
2000001526,nonphysical_allowed_movement,,,331596,310634,
2000001527,nonphysical_allowed_movement,,,331596,310884,
2000001528,nonphysical_allowed_movement,,,331598,331596,
2000001529,nonphysical_allowed_movement,,,331598,331599,
2000001530,nonphysical_allowed_movement,,,331599,331598,
2000001531,nonphysical_allowed_movement,,,331600,308327,
2000001532,nonphysical_allowed_movement,,,331600,331601,
2000001533,nonphysical_allowed_movement,,,331601,331600,
2000001534,nonphysical_allowed_movement,,,331602,308776,
2000001535,nonphysical_allowed_movement,,,331602,308779,
2000001536,nonphysical_allowed_movement,,,331636,331602,
2000001537,nonphysical_allowed_movement,,,331636,331637,
2000001538,nonphysical_allowed_movement,,,331637,331636,
2000001539,nonphysical_allowed_movement,,,331638,331602,
2000001540,nonphysical_allowed_movement,,,331638,331637,
2000001541,nonphysical_allowed_movement,,,331640,331638,
2000001542,nonphysical_allowed_movement,,,331640,331641,
2000001543,nonphysical_allowed_movement,,,331641,331640,
2000001544,nonphysical_allowed_movement,,,331642,310262,
2000001545,nonphysical_allowed_movement,,,331642,331645,
2000001546,nonphysical_allowed_movement,,,331644,310262,
2000001547,nonphysical_allowed_movement,,,331644,331645,
2000001548,nonphysical_allowed_movement,,,331645,331644,
2000001549,nonphysical_allowed_movement,,,331820,309200,
2000001550,nonphysical_allowed_movement,,,331822,308534,
2000001551,nonphysical_allowed_movement,,,331824,308534,
2000001552,nonphysical_allowed_movement,,,331834,331822,
2000001553,nonphysical_allowed_movement,,,331834,331835,
2000001554,nonphysical_allowed_movement,,,331835,308523,
2000001555,nonphysical_allowed_movement,,,331835,331834,
2000001556,nonphysical_allowed_movement,,,331835,331836,
2000001557,nonphysical_allowed_movement,,,331838,309200,
2000001558,nonphysical_allowed_movement,,,331924,331925,
2000001559,nonphysical_allowed_movement,,,331924,351463,
2000001560,nonphysical_allowed_movement,,,331925,308690,
2000001561,nonphysical_allowed_movement,,,331925,331924,
2000001562,nonphysical_allowed_movement,,,331926,331925,
2000001563,nonphysical_allowed_movement,,,331926,351463,
2000001564,nonphysical_allowed_movement,,,332238,310372,
2000001565,nonphysical_allowed_movement,,,332238,332241,
2000001566,nonphysical_allowed_movement,,,332240,310372,
2000001567,nonphysical_allowed_movement,,,332240,332241,
2000001568,nonphysical_allowed_movement,,,332241,332240,
2000001569,nonphysical_allowed_movement,,,339260,309352,
2000001570,nonphysical_allowed_movement,,,339262,309352,
2000001571,nonphysical_allowed_movement,,,339264,309292,
2000001572,nonphysical_allowed_movement,,,339264,339260,
2000001573,nonphysical_allowed_movement,,,342456,323890,
2000001574,nonphysical_allowed_movement,,,342456,342459,
2000001575,nonphysical_allowed_movement,,,342458,323890,
2000001576,nonphysical_allowed_movement,,,342458,342459,
2000001577,nonphysical_allowed_movement,,,342459,342458,
2000001578,nonphysical_allowed_movement,,,351462,331925,
2000001579,nonphysical_allowed_movement,,,351462,351463,
2000001580,nonphysical_allowed_movement,,,351463,351462,
2000001581,nonphysical_allowed_movement,,,354580,310216,
2000001582,nonphysical_allowed_movement,,,354582,308320,
2000001583,nonphysical_allowed_movement,,,354582,354584,
2000001584,nonphysical_allowed_movement,,,354584,654568,
2000001585,nonphysical_allowed_movement,,,360312,310642,
2000001586,nonphysical_allowed_movement,,,360312,310860,
2000001587,nonphysical_allowed_movement,,,364790,310388,
2000001588,nonphysical_allowed_movement,,,364792,309982,
2000001589,nonphysical_allowed_movement,,,364792,364794,
2000001590,nonphysical_allowed_movement,,,364794,364798,
2000001591,nonphysical_allowed_movement,,,364798,310388,
2000001592,nonphysical_allowed_movement,,,376308,310878,
2000001593,nonphysical_allowed_movement,,,376308,310881,
2000001594,nonphysical_allowed_movement,,,376310,309438,
2000001595,nonphysical_allowed_movement,,,427568,310424,
2000001596,nonphysical_allowed_movement,,,428152,310834,
2000001597,nonphysical_allowed_movement,,,428152,313740,
2000001598,nonphysical_allowed_movement,,,428154,621778,
2000001599,nonphysical_allowed_movement,,,428248,310836,
2000001600,nonphysical_allowed_movement,,,428250,428251,
2000001601,nonphysical_allowed_movement,,,428250,633206,
2000001602,nonphysical_allowed_movement,,,428251,428250,
2000001603,nonphysical_allowed_movement,,,428994,331838,
2000001604,nonphysical_allowed_movement,,,428994,331840,
2000001605,nonphysical_allowed_movement,,,428996,308732,
2000001606,nonphysical_allowed_movement,,,428996,310064,
2000001607,nonphysical_allowed_movement,,,428996,634936,
2000001608,nonphysical_allowed_movement,,,430016,309494,
2000001609,nonphysical_allowed_movement,,,430018,309494,
2000001610,nonphysical_allowed_movement,,,430310,430312,
2000001611,nonphysical_allowed_movement,,,430312,319716,
2000001612,nonphysical_allowed_movement,,,430312,430320,
2000001613,nonphysical_allowed_movement,,,430314,430310,
2000001614,nonphysical_allowed_movement,,,430316,319712,
2000001615,nonphysical_allowed_movement,,,430316,319718,
2000001616,nonphysical_allowed_movement,,,430318,319708,
2000001617,nonphysical_allowed_movement,,,430318,430322,
2000001618,nonphysical_allowed_movement,,,430320,319720,
2000001619,nonphysical_allowed_movement,,,430320,430318,
2000001620,nonphysical_allowed_movement,,,430322,430312,
2000001621,nonphysical_allowed_movement,,,430324,430310,
2000001622,nonphysical_allowed_movement,,,621346,311032,
2000001623,nonphysical_allowed_movement,,,621346,621349,
2000001624,nonphysical_allowed_movement,,,621348,311032,
2000001625,nonphysical_allowed_movement,,,621349,311012,
2000001626,nonphysical_allowed_movement,,,621349,621350,
2000001627,nonphysical_allowed_movement,,,621350,311040,
2000001628,nonphysical_allowed_movement,,,621351,621348,
2000001629,nonphysical_allowed_movement,,,621758,622018,
2000001630,nonphysical_allowed_movement,,,621759,622008,
2000001631,nonphysical_allowed_movement,,,621759,622016,
2000001632,nonphysical_allowed_movement,,,621762,310857,
2000001633,nonphysical_allowed_movement,,,621762,622136,
2000001634,nonphysical_allowed_movement,,,621764,622006,
2000001635,nonphysical_allowed_movement,,,621764,622012,
2000001636,nonphysical_allowed_movement,,,621772,428154,
2000001637,nonphysical_allowed_movement,,,621773,310838,
2000001638,nonphysical_allowed_movement,,,621773,621870,
2000001639,nonphysical_allowed_movement,,,621774,428154,
2000001640,nonphysical_allowed_movement,,,621774,621773,
2000001641,nonphysical_allowed_movement,,,621776,626204,
2000001642,nonphysical_allowed_movement,,,621776,626207,
2000001643,nonphysical_allowed_movement,,,621778,621796,
2000001644,nonphysical_allowed_movement,,,621780,621782,
2000001645,nonphysical_allowed_movement,,,621782,621774,
2000001646,nonphysical_allowed_movement,,,621790,621812,
2000001647,nonphysical_allowed_movement,,,621790,621927,
2000001648,nonphysical_allowed_movement,,,621796,621790,
2000001649,nonphysical_allowed_movement,,,621796,621966,
2000001650,nonphysical_allowed_movement,,,621798,621782,
2000001651,nonphysical_allowed_movement,,,621804,621798,
2000001652,nonphysical_allowed_movement,,,621812,621804,
2000001653,nonphysical_allowed_movement,,,621826,621780,
2000001654,nonphysical_allowed_movement,,,621830,621826,
2000001655,nonphysical_allowed_movement,,,621834,621830,
2000001656,nonphysical_allowed_movement,,,621870,621776,
2000001657,nonphysical_allowed_movement,,,621870,621872,
2000001658,nonphysical_allowed_movement,,,621872,621778,
2000001659,nonphysical_allowed_movement,,,621878,622142,
2000001660,nonphysical_allowed_movement,,,621878,622146,
2000001661,nonphysical_allowed_movement,,,621884,669852,
2000001662,nonphysical_allowed_movement,,,621890,621759,
2000001663,nonphysical_allowed_movement,,,621890,622018,
2000001664,nonphysical_allowed_movement,,,621926,621812,
2000001665,nonphysical_allowed_movement,,,621950,313748,
2000001666,nonphysical_allowed_movement,,,621954,621950,
2000001667,nonphysical_allowed_movement,,,621954,621952,
2000001668,nonphysical_allowed_movement,,,621956,621950,
2000001669,nonphysical_allowed_movement,,,621956,621952,
2000001670,nonphysical_allowed_movement,,,621958,621954,
2000001671,nonphysical_allowed_movement,,,621958,622118,
2000001672,nonphysical_allowed_movement,,,621964,621954,
2000001673,nonphysical_allowed_movement,,,621964,622118,
2000001674,nonphysical_allowed_movement,,,621966,621970,
2000001675,nonphysical_allowed_movement,,,621970,621964,
2000001676,nonphysical_allowed_movement,,,621972,622566,
2000001677,nonphysical_allowed_movement,,,621972,622568,
2000001678,nonphysical_allowed_movement,,,621974,621978,
2000001679,nonphysical_allowed_movement,,,621974,621984,
2000001680,nonphysical_allowed_movement,,,621976,621974,
2000001681,nonphysical_allowed_movement,,,621978,621986,
2000001682,nonphysical_allowed_movement,,,621980,621988,
2000001683,nonphysical_allowed_movement,,,621982,621986,
2000001684,nonphysical_allowed_movement,,,621986,621980,
2000001685,nonphysical_allowed_movement,,,621986,621992,
2000001686,nonphysical_allowed_movement,,,621988,621956,
2000001687,nonphysical_allowed_movement,,,621988,621996,
2000001688,nonphysical_allowed_movement,,,621988,622000,
2000001689,nonphysical_allowed_movement,,,621990,621988,
2000001690,nonphysical_allowed_movement,,,621996,621954,
2000001691,nonphysical_allowed_movement,,,621996,622118,
2000001692,nonphysical_allowed_movement,,,622006,621762,
2000001693,nonphysical_allowed_movement,,,622008,622138,
2000001694,nonphysical_allowed_movement,,,622009,621758,
2000001695,nonphysical_allowed_movement,,,622009,622014,
2000001696,nonphysical_allowed_movement,,,622009,622016,
2000001697,nonphysical_allowed_movement,,,622010,621764,
2000001698,nonphysical_allowed_movement,,,622010,622023,
2000001699,nonphysical_allowed_movement,,,622012,622015,
2000001700,nonphysical_allowed_movement,,,622012,622034,
2000001701,nonphysical_allowed_movement,,,622014,622034,
2000001702,nonphysical_allowed_movement,,,622015,621758,
2000001703,nonphysical_allowed_movement,,,622015,622008,
2000001704,nonphysical_allowed_movement,,,622015,622016,
2000001705,nonphysical_allowed_movement,,,622016,622042,
2000001706,nonphysical_allowed_movement,,,622017,622008,
2000001707,nonphysical_allowed_movement,,,622017,622014,
2000001708,nonphysical_allowed_movement,,,622018,621762,
2000001709,nonphysical_allowed_movement,,,622020,360312,
2000001710,nonphysical_allowed_movement,,,622020,622025,
2000001711,nonphysical_allowed_movement,,,622022,621764,
2000001712,nonphysical_allowed_movement,,,622023,622024,
2000001713,nonphysical_allowed_movement,,,622023,622026,
2000001714,nonphysical_allowed_movement,,,622024,360312,
2000001715,nonphysical_allowed_movement,,,622025,622022,
2000001716,nonphysical_allowed_movement,,,622025,622026,
2000001717,nonphysical_allowed_movement,,,622026,622572,
2000001718,nonphysical_allowed_movement,,,622027,622022,
2000001719,nonphysical_allowed_movement,,,622027,622024,
2000001720,nonphysical_allowed_movement,,,622028,622027,
2000001721,nonphysical_allowed_movement,,,622028,622572,
2000001722,nonphysical_allowed_movement,,,622030,622028,
2000001723,nonphysical_allowed_movement,,,622032,622028,
2000001724,nonphysical_allowed_movement,,,622034,622010,
2000001725,nonphysical_allowed_movement,,,622034,622032,
2000001726,nonphysical_allowed_movement,,,622036,623374,
2000001727,nonphysical_allowed_movement,,,622038,622059,
2000001728,nonphysical_allowed_movement,,,622038,623406,
2000001729,nonphysical_allowed_movement,,,622040,622038,
2000001730,nonphysical_allowed_movement,,,622040,622044,
2000001731,nonphysical_allowed_movement,,,622042,622040,
2000001732,nonphysical_allowed_movement,,,622044,621346,
2000001733,nonphysical_allowed_movement,,,622046,621346,
2000001734,nonphysical_allowed_movement,,,622050,622046,
2000001735,nonphysical_allowed_movement,,,622050,622055,
2000001736,nonphysical_allowed_movement,,,622052,669612,
2000001737,nonphysical_allowed_movement,,,622054,622046,
2000001738,nonphysical_allowed_movement,,,622055,622056,
2000001739,nonphysical_allowed_movement,,,622055,623410,
2000001740,nonphysical_allowed_movement,,,622056,622052,
2000001741,nonphysical_allowed_movement,,,622057,622058,
2000001742,nonphysical_allowed_movement,,,622057,623410,
2000001743,nonphysical_allowed_movement,,,622058,623406,
2000001744,nonphysical_allowed_movement,,,622059,622054,
2000001745,nonphysical_allowed_movement,,,622059,622056,
2000001746,nonphysical_allowed_movement,,,622059,623410,
2000001747,nonphysical_allowed_movement,,,622134,622040,
2000001748,nonphysical_allowed_movement,,,622136,621890,
2000001749,nonphysical_allowed_movement,,,622136,622134,
2000001750,nonphysical_allowed_movement,,,622138,313744,
2000001751,nonphysical_allowed_movement,,,622138,313836,
2000001752,nonphysical_allowed_movement,,,622146,621884,
2000001753,nonphysical_allowed_movement,,,622568,621974,
2000001754,nonphysical_allowed_movement,,,622572,622030,
2000001755,nonphysical_allowed_movement,,,622572,622570,
2000001756,nonphysical_allowed_movement,,,622598,310274,
2000001757,nonphysical_allowed_movement,,,622600,310274,
2000001758,nonphysical_allowed_movement,,,622602,622598,
2000001759,nonphysical_allowed_movement,,,622602,622600,
2000001760,nonphysical_allowed_movement,,,622648,310248,
2000001761,nonphysical_allowed_movement,,,622648,622646,
2000001762,nonphysical_allowed_movement,,,622790,310922,
2000001763,nonphysical_allowed_movement,,,622790,622793,
2000001764,nonphysical_allowed_movement,,,622792,310922,
2000001765,nonphysical_allowed_movement,,,622792,622793,
2000001766,nonphysical_allowed_movement,,,622793,622792,
2000001767,nonphysical_allowed_movement,,,622988,309266,
2000001768,nonphysical_allowed_movement,,,622994,622990,
2000001769,nonphysical_allowed_movement,,,622994,644050,
2000001770,nonphysical_allowed_movement,,,623374,622017,
2000001771,nonphysical_allowed_movement,,,623374,622042,
2000001772,nonphysical_allowed_movement,,,623378,623374,
2000001773,nonphysical_allowed_movement,,,623382,623378,
2000001774,nonphysical_allowed_movement,,,623382,623398,
2000001775,nonphysical_allowed_movement,,,623386,623378,
2000001776,nonphysical_allowed_movement,,,623386,623398,
2000001777,nonphysical_allowed_movement,,,623392,623408,
2000001778,nonphysical_allowed_movement,,,623392,633336,
2000001779,nonphysical_allowed_movement,,,623394,623382,
2000001780,nonphysical_allowed_movement,,,623394,623386,
2000001781,nonphysical_allowed_movement,,,623398,623394,
2000001782,nonphysical_allowed_movement,,,623406,622036,
2000001783,nonphysical_allowed_movement,,,623408,623394,
2000001784,nonphysical_allowed_movement,,,623410,623392,
2000001785,nonphysical_allowed_movement,,,623410,623418,
2000001786,nonphysical_allowed_movement,,,623414,622036,
2000001787,nonphysical_allowed_movement,,,623418,623414,
2000001788,nonphysical_allowed_movement,,,626204,621774,
2000001789,nonphysical_allowed_movement,,,626206,626204,
2000001790,nonphysical_allowed_movement,,,626206,626207,
2000001791,nonphysical_allowed_movement,,,626207,626206,
2000001792,nonphysical_allowed_movement,,,632806,310988,
2000001793,nonphysical_allowed_movement,,,633206,310578,
2000001794,nonphysical_allowed_movement,,,633206,314364,
2000001795,nonphysical_allowed_movement,,,633336,633338,
2000001796,nonphysical_allowed_movement,,,633338,623414,
2000001797,nonphysical_allowed_movement,,,634936,428994,
2000001798,nonphysical_allowed_movement,,,638086,313728,
2000001799,nonphysical_allowed_movement,,,642086,311036,
2000001800,nonphysical_allowed_movement,,,642088,311036,
2000001801,nonphysical_allowed_movement,,,642286,309378,
2000001802,nonphysical_allowed_movement,,,642286,642287,
2000001803,nonphysical_allowed_movement,,,642287,642286,
2000001804,nonphysical_allowed_movement,,,642416,309099,
2000001805,nonphysical_allowed_movement,,,642416,642426,
2000001806,nonphysical_allowed_movement,,,642418,642416,
2000001807,nonphysical_allowed_movement,,,642418,642424,
2000001808,nonphysical_allowed_movement,,,642420,642418,
2000001809,nonphysical_allowed_movement,,,642420,642421,
2000001810,nonphysical_allowed_movement,,,642421,642420,
2000001811,nonphysical_allowed_movement,,,642422,642420,
2000001812,nonphysical_allowed_movement,,,642424,642422,
2000001813,nonphysical_allowed_movement,,,642426,642422,
2000001814,nonphysical_allowed_movement,,,643446,309926,
2000001815,nonphysical_allowed_movement,,,643494,309382,
2000001816,nonphysical_allowed_movement,,,643494,643495,
2000001817,nonphysical_allowed_movement,,,643495,309152,
2000001818,nonphysical_allowed_movement,,,643495,309335,
2000001819,nonphysical_allowed_movement,,,643495,643494,
2000001820,nonphysical_allowed_movement,,,644050,310564,
2000001821,nonphysical_allowed_movement,,,644740,310224,
2000001822,nonphysical_allowed_movement,,,645758,309160,
2000001823,nonphysical_allowed_movement,,,645758,309248,
2000001824,nonphysical_allowed_movement,,,645758,309332,
2000001825,nonphysical_allowed_movement,,,645760,310370,
2000001826,nonphysical_allowed_movement,,,648366,313420,
2000001827,nonphysical_allowed_movement,,,649126,311024,
2000001828,nonphysical_allowed_movement,,,649772,311024,
2000001829,nonphysical_allowed_movement,,,649774,649126,
2000001830,nonphysical_allowed_movement,,,649774,649772,
2000001831,nonphysical_allowed_movement,,,651954,309880,
2000001832,nonphysical_allowed_movement,,,651954,651957,
2000001833,nonphysical_allowed_movement,,,651956,309880,
2000001834,nonphysical_allowed_movement,,,651956,651957,
2000001835,nonphysical_allowed_movement,,,651957,651956,
2000001836,nonphysical_allowed_movement,,,654326,308284,
2000001837,nonphysical_allowed_movement,,,654326,308296,
2000001838,nonphysical_allowed_movement,,,654366,310566,
2000001839,nonphysical_allowed_movement,,,654486,308452,
2000001840,nonphysical_allowed_movement,,,654488,308410,
2000001841,nonphysical_allowed_movement,,,654568,310216,
2000001842,nonphysical_allowed_movement,,,654610,308766,
2000001843,nonphysical_allowed_movement,,,654612,309616,
2000001844,nonphysical_allowed_movement,,,658170,310218,
2000001845,nonphysical_allowed_movement,,,658170,658173,
2000001846,nonphysical_allowed_movement,,,658172,310218,
2000001847,nonphysical_allowed_movement,,,658172,658173,
2000001848,nonphysical_allowed_movement,,,658173,658172,
2000001849,nonphysical_allowed_movement,,,659172,310986,
2000001850,nonphysical_allowed_movement,,,659172,671212,
2000001851,nonphysical_allowed_movement,,,659670,313652,
2000001852,nonphysical_allowed_movement,,,659670,313654,
2000001853,nonphysical_allowed_movement,,,659672,309848,
2000001854,nonphysical_allowed_movement,,,664048,309438,
2000001855,nonphysical_allowed_movement,,,664050,309440,
2000001856,nonphysical_allowed_movement,,,667532,308376,
2000001857,nonphysical_allowed_movement,,,667534,308600,
2000001858,nonphysical_allowed_movement,,,668344,668342,
2000001859,nonphysical_allowed_movement,,,669592,669593,
2000001860,nonphysical_allowed_movement,,,669593,669592,
2000001861,nonphysical_allowed_movement,,,669593,669596,
2000001862,nonphysical_allowed_movement,,,669594,311000,
2000001863,nonphysical_allowed_movement,,,669596,669594,
2000001864,nonphysical_allowed_movement,,,669596,669597,
2000001865,nonphysical_allowed_movement,,,669597,669592,
2000001866,nonphysical_allowed_movement,,,669597,669596,
2000001867,nonphysical_allowed_movement,,,669598,669592,
2000001868,nonphysical_allowed_movement,,,669598,669596,
2000001869,nonphysical_allowed_movement,,,669600,311000,
2000001870,nonphysical_allowed_movement,,,669602,311000,
2000001871,nonphysical_allowed_movement,,,669604,669598,
2000001872,nonphysical_allowed_movement,,,669604,669600,
2000001873,nonphysical_allowed_movement,,,669606,669598,
2000001874,nonphysical_allowed_movement,,,669606,669600,
2000001875,nonphysical_allowed_movement,,,669610,669602,
2000001876,nonphysical_allowed_movement,,,669610,669604,
2000001877,nonphysical_allowed_movement,,,669612,669594,
2000001878,nonphysical_allowed_movement,,,669612,669597,
2000001879,nonphysical_allowed_movement,,,669614,669612,
2000001880,nonphysical_allowed_movement,,,669852,668344,
2000001881,nonphysical_allowed_movement,,,669854,668344,
2000001882,nonphysical_allowed_movement,,,669856,668344,
2000001883,nonphysical_allowed_movement,,,669858,668344,
2000001884,nonphysical_allowed_movement,,,670372,310988,
2000001885,nonphysical_allowed_movement,,,670374,670372,
2000001886,nonphysical_allowed_movement,,,671212,310974,
2000001887,nonphysical_allowed_movement,,,671212,313782,
2000001888,nonphysical_allowed_movement,,,671214,310986,
2000001889,nonphysical_allowed_movement,,,671214,671212,
2000001890,nonphysical_allowed_movement,,,671216,310646,
2000001891,nonphysical_allowed_movement,,,671218,311086,
2000001892,nonphysical_allowed_movement,,,671218,671216,
2000001893,nonphysical_allowed_movement,,,671224,311086,
2000001894,nonphysical_allowed_movement,,,671224,671216,
2000001895,nonphysical_allowed_movement,,,671294,310198,
3000000000,nonphysical_zone_origin,,,,310606,1
3000000001,nonphysical_zone_origin,,,,310848,1
3000000002,nonphysical_zone_destination,,,310620,,1
3000000003,nonphysical_zone_origin,,,,309422,2
3000000004,nonphysical_zone_destination,,,309420,,2
3000000005,nonphysical_zone_destination,,,309444,,2
3000000006,nonphysical_zone_origin,,,,309384,3
3000000007,nonphysical_zone_origin,,,,309078,3
3000000008,nonphysical_zone_destination,,,309422,,3
3000000009,nonphysical_zone_origin,,,,309102,4
3000000010,nonphysical_zone_origin,,,,309124,4
3000000011,nonphysical_zone_destination,,,309078,,4
3000000012,nonphysical_zone_origin,,,,310846,5
3000000013,nonphysical_zone_origin,,,,310638,5
3000000014,nonphysical_zone_destination,,,313740,,5
3000000015,nonphysical_zone_origin,,,,310782,6
3000000016,nonphysical_zone_origin,,,,310622,6
3000000017,nonphysical_zone_destination,,,310636,,6
3000000018,nonphysical_zone_destination,,,310780,,6
3000000019,nonphysical_zone_origin,,,,310892,7
3000000020,nonphysical_zone_destination,,,310582,,7
3000000021,nonphysical_zone_destination,,,309464,,7
3000000022,nonphysical_zone_origin,,,,310892,8
3000000023,nonphysical_zone_destination,,,310582,,8
3000000024,nonphysical_zone_destination,,,309464,,8
3000000025,nonphysical_zone_origin,,,,309444,9
3000000026,nonphysical_zone_origin,,,,309442,9
3000000027,nonphysical_zone_destination,,,309446,,9
3000000028,nonphysical_zone_destination,,,309434,,9
3000000029,nonphysical_zone_origin,,,,308568,10
3000000030,nonphysical_zone_origin,,,,308370,10
3000000031,nonphysical_zone_destination,,,309102,,10
3000000032,nonphysical_zone_destination,,,308382,,10
3000000033,nonphysical_zone_origin,,,,310566,11
3000000034,nonphysical_zone_destination,,,313724,,11
3000000035,nonphysical_zone_destination,,,654366,,11
3000000036,nonphysical_zone_origin,,,,323852,12
3000000037,nonphysical_zone_origin,,,,622994,12
3000000038,nonphysical_zone_destination,,,310554,,12
3000000039,nonphysical_zone_origin,,,,308638,13
3000000040,nonphysical_zone_origin,,,,308364,13
3000000041,nonphysical_zone_destination,,,308639,,13
3000000042,nonphysical_zone_destination,,,308302,,13
3000000043,nonphysical_zone_origin,,,,308386,14
3000000044,nonphysical_zone_origin,,,,308282,14
3000000045,nonphysical_zone_destination,,,308288,,14
3000000046,nonphysical_zone_origin,,,,310780,15
3000000047,nonphysical_zone_destination,,,310606,,15
3000000048,nonphysical_zone_origin,,,,308382,16
3000000049,nonphysical_zone_origin,,,,308378,16
3000000050,nonphysical_zone_destination,,,309100,,16
3000000051,nonphysical_zone_origin,,,,310072,17
3000000052,nonphysical_zone_destination,,,310073,,17
3000000053,nonphysical_zone_origin,,,,308434,18
3000000054,nonphysical_zone_destination,,,319736,,18
3000000055,nonphysical_zone_destination,,,308435,,18
3000000056,nonphysical_zone_origin,,,,308613,19
3000000057,nonphysical_zone_origin,,,,308390,19
3000000058,nonphysical_zone_destination,,,308612,,19
3000000059,nonphysical_zone_destination,,,308604,,19
3000000060,nonphysical_zone_origin,,,,308479,20
3000000061,nonphysical_zone_destination,,,308478,,20
3000000062,nonphysical_zone_origin,,,,331592,21
3000000063,nonphysical_zone_origin,,,,308574,21
3000000064,nonphysical_zone_destination,,,331593,,21
3000000065,nonphysical_zone_destination,,,308570,,21
3000000066,nonphysical_zone_origin,,,,308566,22
3000000067,nonphysical_zone_origin,,,,308556,22
3000000068,nonphysical_zone_destination,,,308594,,22
3000000069,nonphysical_zone_origin,,,,308396,23
3000000070,nonphysical_zone_origin,,,,308483,23
3000000071,nonphysical_zone_destination,,,308488,,23
3000000072,nonphysical_zone_destination,,,308397,,23
3000000073,nonphysical_zone_destination,,,308482,,23
3000000074,nonphysical_zone_origin,,,,308414,24
3000000075,nonphysical_zone_origin,,,,308488,24
3000000076,nonphysical_zone_destination,,,308492,,24
3000000077,nonphysical_zone_origin,,,,308414,25
3000000078,nonphysical_zone_origin,,,,308488,25
3000000079,nonphysical_zone_destination,,,308492,,25
3000000080,nonphysical_zone_origin,,,,308506,26
3000000081,nonphysical_zone_origin,,,,308511,26
3000000082,nonphysical_zone_origin,,,,308504,26
3000000083,nonphysical_zone_destination,,,308507,,26
3000000084,nonphysical_zone_destination,,,308510,,26
3000000085,nonphysical_zone_destination,,,308505,,26
3000000086,nonphysical_zone_origin,,,,308501,27
3000000087,nonphysical_zone_destination,,,308500,,27
3000000088,nonphysical_zone_origin,,,,308501,28
3000000089,nonphysical_zone_destination,,,308500,,28
3000000090,nonphysical_zone_origin,,,,308530,29
3000000091,nonphysical_zone_destination,,,308532,,29
3000000092,nonphysical_zone_destination,,,309912,,29
3000000093,nonphysical_zone_origin,,,,308403,30
3000000094,nonphysical_zone_destination,,,308402,,30
3000000095,nonphysical_zone_origin,,,,308474,31
3000000096,nonphysical_zone_origin,,,,308472,31
3000000097,nonphysical_zone_destination,,,308412,,31
3000000098,nonphysical_zone_destination,,,308473,,31
3000000099,nonphysical_zone_origin,,,,309924,32
3000000100,nonphysical_zone_origin,,,,308428,32
3000000101,nonphysical_zone_destination,,,308526,,32
3000000102,nonphysical_zone_origin,,,,309897,33
3000000103,nonphysical_zone_origin,,,,309914,33
3000000104,nonphysical_zone_destination,,,309896,,33
3000000105,nonphysical_zone_destination,,,309910,,33
3000000106,nonphysical_zone_origin,,,,308281,34
3000000107,nonphysical_zone_destination,,,308280,,34
3000000108,nonphysical_zone_origin,,,,310220,35
3000000109,nonphysical_zone_origin,,,,310228,35
3000000110,nonphysical_zone_destination,,,310230,,35
3000000111,nonphysical_zone_destination,,,310221,,35
3000000112,nonphysical_zone_origin,,,,308398,36
3000000113,nonphysical_zone_origin,,,,308532,36
3000000114,nonphysical_zone_destination,,,308430,,36
3000000115,nonphysical_zone_origin,,,,658172,37
3000000116,nonphysical_zone_destination,,,658173,,37
3000000117,nonphysical_zone_origin,,,,308728,38
3000000118,nonphysical_zone_origin,,,,310294,38
3000000119,nonphysical_zone_destination,,,308774,,38
3000000120,nonphysical_zone_origin,,,,430018,39
3000000121,nonphysical_zone_origin,,,,309476,39
3000000122,nonphysical_zone_destination,,,309484,,39
3000000123,nonphysical_zone_destination,,,309500,,39
3000000124,nonphysical_zone_origin,,,,311092,40
3000000125,nonphysical_zone_destination,,,311094,,40
3000000126,nonphysical_zone_destination,,,311090,,40
3000000127,nonphysical_zone_origin,,,,309496,41
3000000128,nonphysical_zone_origin,,,,309486,41
3000000129,nonphysical_zone_destination,,,309494,,41
3000000130,nonphysical_zone_origin,,,,309502,42
3000000131,nonphysical_zone_origin,,,,309500,42
3000000132,nonphysical_zone_destination,,,309424,,42
3000000133,nonphysical_zone_origin,,,,310934,43
3000000134,nonphysical_zone_destination,,,310970,,43
3000000135,nonphysical_zone_destination,,,309480,,43
3000000136,nonphysical_zone_origin,,,,309504,44
3000000137,nonphysical_zone_origin,,,,309488,44
3000000138,nonphysical_zone_destination,,,309486,,44
3000000139,nonphysical_zone_destination,,,309502,,44
3000000140,nonphysical_zone_origin,,,,309490,45
3000000141,nonphysical_zone_origin,,,,309482,45
3000000142,nonphysical_zone_destination,,,309488,,45
3000000143,nonphysical_zone_destination,,,309478,,45
3000000144,nonphysical_zone_origin,,,,309512,46
3000000145,nonphysical_zone_origin,,,,309520,46
3000000146,nonphysical_zone_destination,,,309522,,46
3000000147,nonphysical_zone_origin,,,,310798,47
3000000148,nonphysical_zone_origin,,,,310624,47
3000000149,nonphysical_zone_destination,,,310986,,47
3000000150,nonphysical_zone_origin,,,,309514,48
3000000151,nonphysical_zone_destination,,,309516,,48
3000000152,nonphysical_zone_origin,,,,309402,49
3000000153,nonphysical_zone_destination,,,309400,,49
3000000154,nonphysical_zone_destination,,,309398,,49
3000000155,nonphysical_zone_origin,,,,309392,50
3000000156,nonphysical_zone_origin,,,,309406,50
3000000157,nonphysical_zone_destination,,,309396,,50
3000000158,nonphysical_zone_destination,,,309394,,50
3000000159,nonphysical_zone_origin,,,,310796,51
3000000160,nonphysical_zone_destination,,,310652,,51
3000000161,nonphysical_zone_destination,,,310806,,51
3000000162,nonphysical_zone_origin,,,,310976,52
3000000163,nonphysical_zone_destination,,,310624,,52
3000000164,nonphysical_zone_destination,,,310592,,52
3000000165,nonphysical_zone_destination,,,310626,,52
3000000166,nonphysical_zone_origin,,,,309474,53
3000000167,nonphysical_zone_destination,,,309452,,53
3000000168,nonphysical_zone_destination,,,309472,,53
3000000169,nonphysical_zone_destination,,,309462,,53
3000000170,nonphysical_zone_origin,,,,310598,54
3000000171,nonphysical_zone_origin,,,,309472,54
3000000172,nonphysical_zone_origin,,,,309428,54
3000000173,nonphysical_zone_destination,,,310900,,54
3000000174,nonphysical_zone_origin,,,,309396,55
3000000175,nonphysical_zone_origin,,,,309080,55
3000000176,nonphysical_zone_destination,,,309430,,55
3000000177,nonphysical_zone_destination,,,309386,,55
3000000178,nonphysical_zone_origin,,,,310828,56
3000000179,nonphysical_zone_destination,,,310850,,56
3000000180,nonphysical_zone_destination,,,310830,,56
3000000181,nonphysical_zone_origin,,,,310830,57
3000000182,nonphysical_zone_destination,,,313478,,57
3000000183,nonphysical_zone_destination,,,310648,,57
3000000184,nonphysical_zone_origin,,,,310868,58
3000000185,nonphysical_zone_destination,,,310770,,58
3000000186,nonphysical_zone_destination,,,310816,,58
3000000187,nonphysical_zone_destination,,,310772,,58
3000000188,nonphysical_zone_origin,,,,310814,59
3000000189,nonphysical_zone_destination,,,310808,,59
3000000190,nonphysical_zone_destination,,,310792,,59
3000000191,nonphysical_zone_origin,,,,310868,60
3000000192,nonphysical_zone_destination,,,310770,,60
3000000193,nonphysical_zone_destination,,,310816,,60
3000000194,nonphysical_zone_destination,,,310772,,60
3000000195,nonphysical_zone_origin,,,,310772,61
3000000196,nonphysical_zone_origin,,,,310820,61
3000000197,nonphysical_zone_destination,,,310814,,61
3000000198,nonphysical_zone_origin,,,,310816,62
3000000199,nonphysical_zone_origin,,,,310822,62
3000000200,nonphysical_zone_destination,,,310604,,62
3000000201,nonphysical_zone_destination,,,310866,,62
3000000202,nonphysical_zone_origin,,,,310816,63
3000000203,nonphysical_zone_origin,,,,310822,63
3000000204,nonphysical_zone_destination,,,310604,,63
3000000205,nonphysical_zone_destination,,,310866,,63
3000000206,nonphysical_zone_origin,,,,310852,64
3000000207,nonphysical_zone_destination,,,310822,,64
3000000208,nonphysical_zone_destination,,,310820,,64
3000000209,nonphysical_zone_origin,,,,310654,65
3000000210,nonphysical_zone_destination,,,310864,,65
3000000211,nonphysical_zone_destination,,,310650,,65
3000000212,nonphysical_zone_origin,,,,310596,66
3000000213,nonphysical_zone_origin,,,,310600,66
3000000214,nonphysical_zone_destination,,,310594,,66
3000000215,nonphysical_zone_destination,,,310598,,66
3000000216,nonphysical_zone_origin,,,,310900,67
3000000217,nonphysical_zone_origin,,,,309436,67
3000000218,nonphysical_zone_destination,,,310584,,67
3000000219,nonphysical_zone_destination,,,310902,,67
3000000220,nonphysical_zone_origin,,,,309396,68
3000000221,nonphysical_zone_origin,,,,309080,68
3000000222,nonphysical_zone_destination,,,309430,,68
3000000223,nonphysical_zone_destination,,,309386,,68
3000000224,nonphysical_zone_origin,,,,309326,69
3000000225,nonphysical_zone_destination,,,309080,,69
3000000226,nonphysical_zone_origin,,,,310654,70
3000000227,nonphysical_zone_destination,,,310864,,70
3000000228,nonphysical_zone_destination,,,310650,,70
3000000229,nonphysical_zone_origin,,,,310858,71
3000000230,nonphysical_zone_origin,,,,310584,71
3000000231,nonphysical_zone_destination,,,310610,,71
3000000232,nonphysical_zone_destination,,,310600,,71
3000000233,nonphysical_zone_origin,,,,310900,72
3000000234,nonphysical_zone_origin,,,,309436,72
3000000235,nonphysical_zone_destination,,,310584,,72
3000000236,nonphysical_zone_destination,,,310902,,72
3000000237,nonphysical_zone_origin,,,,309438,73
3000000238,nonphysical_zone_destination,,,376310,,73
3000000239,nonphysical_zone_destination,,,664048,,73
3000000240,nonphysical_zone_origin,,,,309432,74
3000000241,nonphysical_zone_destination,,,309436,,74
3000000242,nonphysical_zone_destination,,,309438,,74
3000000243,nonphysical_zone_destination,,,309410,,74
3000000244,nonphysical_zone_origin,,,,309162,75
3000000245,nonphysical_zone_origin,,,,309114,75
3000000246,nonphysical_zone_destination,,,309326,,75
3000000247,nonphysical_zone_destination,,,309096,,75
3000000248,nonphysical_zone_origin,,,,310764,76
3000000249,nonphysical_zone_destination,,,310654,,76
3000000250,nonphysical_zone_destination,,,310766,,76
3000000251,nonphysical_zone_origin,,,,310630,77
3000000252,nonphysical_zone_destination,,,310628,,77
3000000253,nonphysical_zone_destination,,,310858,,77
3000000254,nonphysical_zone_origin,,,,376308,78
3000000255,nonphysical_zone_origin,,,,376310,78
3000000256,nonphysical_zone_destination,,,310586,,78
3000000257,nonphysical_zone_origin,,,,309076,79
3000000258,nonphysical_zone_origin,,,,309070,79
3000000259,nonphysical_zone_destination,,,309114,,79
3000000260,nonphysical_zone_origin,,,,311027,80
3000000261,nonphysical_zone_destination,,,311026,,80
3000000262,nonphysical_zone_origin,,,,310934,81
3000000263,nonphysical_zone_destination,,,310970,,81
3000000264,nonphysical_zone_destination,,,309480,,81
3000000265,nonphysical_zone_origin,,,,309498,82
3000000266,nonphysical_zone_destination,,,309496,,82
3000000267,nonphysical_zone_origin,,,,309319,83
3000000268,nonphysical_zone_destination,,,309318,,83
3000000269,nonphysical_zone_origin,,,,309106,84
3000000270,nonphysical_zone_origin,,,,309340,84
3000000271,nonphysical_zone_origin,,,,309137,84
3000000272,nonphysical_zone_destination,,,309107,,84
3000000273,nonphysical_zone_destination,,,309341,,84
3000000274,nonphysical_zone_destination,,,309136,,84
3000000275,nonphysical_zone_origin,,,,643446,85
3000000276,nonphysical_zone_destination,,,309160,,85
3000000277,nonphysical_zone_origin,,,,642420,86
3000000278,nonphysical_zone_destination,,,642421,,86
3000000279,nonphysical_zone_destination,,,642422,,86
3000000280,nonphysical_zone_origin,,,,309336,87
3000000281,nonphysical_zone_origin,,,,310486,87
3000000282,nonphysical_zone_destination,,,309138,,87
3000000283,nonphysical_zone_origin,,,,309092,88
3000000284,nonphysical_zone_origin,,,,309094,88
3000000285,nonphysical_zone_destination,,,309093,,88
3000000286,nonphysical_zone_destination,,,309088,,88
3000000287,nonphysical_zone_origin,,,,309066,89
3000000288,nonphysical_zone_origin,,,,309164,89
3000000289,nonphysical_zone_destination,,,309064,,89
3000000290,nonphysical_zone_origin,,,,309381,90
3000000291,nonphysical_zone_origin,,,,309130,90
3000000292,nonphysical_zone_origin,,,,309148,90
3000000293,nonphysical_zone_destination,,,309380,,90
3000000294,nonphysical_zone_destination,,,309131,,90
3000000295,nonphysical_zone_destination,,,309149,,90
3000000296,nonphysical_zone_origin,,,,309138,91
3000000297,nonphysical_zone_destination,,,310380,,91
3000000298,nonphysical_zone_destination,,,309134,,91
3000000299,nonphysical_zone_origin,,,,309138,92
3000000300,nonphysical_zone_destination,,,310380,,92
3000000301,nonphysical_zone_destination,,,309134,,92
3000000302,nonphysical_zone_origin,,,,309336,93
3000000303,nonphysical_zone_origin,,,,310486,93
3000000304,nonphysical_zone_destination,,,309138,,93
3000000305,nonphysical_zone_origin,,,,622028,94
3000000306,nonphysical_zone_destination,,,622032,,94
3000000307,nonphysical_zone_destination,,,622030,,94
3000000308,nonphysical_zone_origin,,,,669614,95
3000000309,nonphysical_zone_origin,,,,622050,95
3000000310,nonphysical_zone_destination,,,311032,,95
