link_id,flow_pce_per_period,cost_min
1,0.0,0.199524
10,0.0,0.5099
10231,0.0,0.213514
10232,0.0,0.213514
10233,0.0,0.136588
10234,0.0,0.136588
10235,0.0,0.437635
10236,2.7897980104696383,0.22099206360853385
10237,0.0,0.220992
10238,0.0,0.28167
10239,0.0,0.28167
10240,0.0,0.339926
10241,0.0,0.172632
10242,0.0,0.172632
10243,0.0,0.701986
10244,0.0,0.123888
10245,0.0,0.092312
10246,0.0,0.184502
10247,0.0,0.1431586666666666
10248,0.09731355789423173,0.5061410000068772
10249,0.0,0.1030986666666666
10250,0.0,0.705716
10251,0.0,0.07791
10252,0.0,0.175078
10253,0.0,0.175078
10254,0.0,0.391024
10255,0.0,0.1807
10256,0.0,0.681192
10257,0.0,0.578786
10258,0.0,0.578786
10259,0.0,0.335494
10260,0.09731355789423173,0.5155920000070057
10261,0.0,0.340043
10262,0.0,0.688235
10427,0.0,0.108454
10428,0.0,0.108454
10429,0.0,0.165504
10430,0.0,0.165504
10431,0.0,0.393444
10432,0.0,0.393444
10436,0.0,0.1655146666666666
10437,0.0,0.163344
10438,0.0,0.2766986666666666
10605,0.0,0.017396
10606,0.0,0.109354
10607,0.0,0.109354
10608,0.0,0.068756
10609,0.0,0.0176733333333333
10636,0.0,0.209082
10637,0.0,0.209082
10638,0.0,0.1339586666666666
10639,0.0,0.3128453333333333
10640,0.0,0.1678946666666666
10641,0.0,0.1405653333333333
10642,0.0,0.184852
10643,0.0,0.085582
10644,0.0,0.085582
10645,0.0,0.179772
10646,0.0,0.046162
10647,0.0,0.046162
10648,0.0,0.112922
10649,0.0,0.112922
10650,0.0,0.054698
10651,0.0,0.02597
10652,0.0,0.0194853333333333
10653,0.0,0.07207
10654,0.0,0.07207
10655,0.0,0.128184
10656,0.0,0.128184
10671,0.0,0.142946
10672,0.0,0.142946
10673,0.0,0.015966
10674,0.0,0.015966
10675,0.0,0.051394
10676,0.0,0.051394
10677,0.0,0.063388
10678,0.0,0.063388
10679,0.0,0.057148
10680,0.0,0.021326
10681,0.0,0.0469
10682,0.0,0.0469
10687,0.0,0.011092
10688,0.0,0.011092
10859,0.0,0.151318
10860,0.0,0.151318
10861,0.0,0.082762
10862,0.0,0.082762
10863,0.0,0.076448
10864,0.0,0.076448
10911,0.0,0.111486
10912,0.0,0.111486
10913,0.0,0.087128
10914,0.0,0.087128
10915,0.0,0.171382
10916,0.0,0.171382
10917,0.0,0.034304
10918,0.0,0.034304
10919,0.0,0.007432
10920,0.0,0.007432
10921,0.0,0.355644
10922,0.0,0.355644
10923,0.0,0.2894719999999999
10924,0.0,0.1983893333333333
10925,0.0,0.0964786666666666
10940,0.0,0.066288
10941,0.0,0.03311
10942,0.0,0.03311
10943,0.0,0.044202
10944,0.0,0.044202
10945,0.0,0.095748
10946,0.0,0.082198
10947,0.0,0.082198
10952,0.0,0.2171333333333333
10953,0.0,0.352496
10954,0.0,0.352496
10955,0.0,0.169542
10956,0.0,0.169542
10957,0.0,0.111994
10958,0.0,0.111994
10959,0.0,0.1187499999999999
10960,0.0,0.1187499999999999
10961,0.0,0.05345
10962,0.0,0.05345
10963,0.0,0.036792
10964,0.0,0.036792
10965,0.0,0.040646
10966,0.0,0.040646
10967,0.0,0.099714
10968,0.0,0.099714
10969,0.0,0.130448
10970,0.0,0.130448
10971,0.0,0.012168
10972,0.0,0.012168
10973,0.0,0.074648
10974,0.0,0.074648
10975,0.0,0.137074
10976,0.0,0.122332
10977,0.0,0.122332
10978,0.0,0.04516
10979,0.0,0.04516
10980,0.0,0.130138
10981,0.0,0.121862
10982,0.0,0.121862
10983,0.0,0.071426
10984,0.0,0.071426
10985,0.0,0.050002
10986,0.0,0.050002
10987,0.0,0.147652
10988,0.0,0.095116
10989,0.0,0.095116
10990,0.0,0.035914
10991,0.0,0.191618
10992,2.7897980104696383,0.19161805515376143
10993,2.433513851612647,0.7133821562367171
10994,0.0,0.593396
10995,13.224883030217942,0.15330143806780486
10996,0.0,0.745848
10997,0.0,0.3377133333333333
10998,0.0,0.3377133333333333
10999,0.0,0.238448
11,0.0,0.5099
11000,0.0,0.82555
11001,0.0,0.1858373333333333
11002,0.0,0.1858373333333333
11003,0.0,0.32159
11004,0.0,0.32159
11005,0.0,0.088562
11006,0.0,0.088562
11007,0.0,0.274148
11008,0.09731355789423173,0.3846980000052271
11043,0.0,0.289218
11044,0.0,0.289218
11045,0.0,0.153016
11046,0.0,0.153016
11051,0.0,0.165764
11052,0.0,0.165764
11053,0.0,0.134658
11054,0.0,0.134658
11055,0.0,0.068138
11056,0.0,0.068138
11069,0.0,0.142008
11070,0.0,0.142008
11071,0.0,0.108684
11072,0.0,0.108684
11073,0.0,0.08328
11074,0.0,0.08328
11075,0.0,0.106372
11076,0.0,0.106372
11085,0.0,0.010334
11086,0.0,0.010334
11087,0.0,0.065544
11088,0.0,0.065544
11093,0.0,0.063232
11094,0.0,0.063232
11095,0.0,0.213078
11096,0.0,0.213078
11097,0.0,0.135932
11098,0.0,0.135932
11099,0.0,0.114022
11100,0.0,0.114022
11101,0.0,0.108708
11102,0.0,0.108708
11103,0.0,0.137908
11104,0.0,0.137908
11105,0.0,0.444596
11106,0.0,0.444596
11107,0.0,0.111336
11108,0.0,0.111336
11109,0.0,0.0813173333333333
11110,0.0,0.0813173333333333
11111,0.0,0.235076
11112,0.0,0.235076
11113,0.0,0.1224079999999999
11114,0.0,0.1224079999999999
11115,0.0,0.0178733333333333
11116,0.0,0.0178733333333333
11117,0.0,0.04072
11118,0.0,0.0443986666666666
11119,2.433513851612647,0.4586521004486836
11120,57.40921173680239,0.5538134942976491
11121,0.0,0.18973
11122,0.0,0.0719533333333333
11123,0.0,0.0882266666666666
11124,2.7897980104696383,0.24430400742738836
11173,0.0,0.1246719999999999
11174,0.0,0.1053173333333333
11175,0.0,0.0375253333333333
11176,2.433513851612647,0.2118180463899411
11177,0.0,0.0642306666666666
11178,0.0,0.437514
11179,0.16591106005168288,0.43751400044538535
11180,2.7897980104696383,0.0787240023933858
11201,2.433513851612647,0.18800000434896105
11202,60.199009747272044,0.11707632396868499
11203,0.0,0.027326
11204,0.0,0.027326
11205,57.40921173680239,0.09855860218877488
11206,2.7897980104696383,0.018140000551496598
11207,0.0,0.024958
11208,2.7897980104696383,0.07069733548269047
11209,2.433513851612647,0.016841333722920026
11210,2.433513851612647,0.025546005594790977
11211,0.0,0.105134
11212,0.0,0.1435213333333333
11213,2.7897980104696383,0.021034667306167546
11214,0.16591106005168288,0.15641600015923007
11215,0.0,0.156416
11216,0.0,0.150056
11217,0.16591106005168288,0.15005600015275566
11218,2.7897980104696383,0.1634980470599301
11219,0.0,0.163498
11220,0.0,0.0403506666666666
11221,0.0,0.0957106666666666
11222,0.0,0.0957106666666666
11223,0.0,0.0767946666666666
11224,0.0,0.0767946666666666
11225,0.0,0.1111453333333333
11226,2.7897980104696383,0.08720800265131837
11227,0.0,0.069904
11228,0.0,0.0477893333333333
11229,0.0,0.060574
11230,0.0,0.0513533333333333
11231,2.7897980104696383,0.06364001831761827
11232,2.7897980104696383,0.1831660527210067
11233,0.0,0.183166
11234,57.40921173680239,0.6032755223285236
11235,0.0,0.5314906666666667
11236,0.0,0.5314906666666667
11237,0.0,0.219432
11238,0.0,0.219432
11239,0.0,0.140062
11240,0.0,0.140062
11241,0.0,0.0229373333333333
11264,0.0,0.56834
11265,0.0,0.56834
11266,0.0,0.086648
11267,0.0,0.0392546666666666
11268,0.0,0.06399
11269,0.0,0.057296
11270,0.0,0.01032
11271,0.0,0.01032
11272,0.0,0.116812
11273,0.0,0.116812
11274,0.0,0.20661
11275,0.0,0.20661
11298,0.0,0.095752
11299,0.0,0.095752
11300,0.0,0.13684
11301,0.0,0.13684
11302,0.0,0.1164106666666666
11303,0.0,0.092322
11304,0.0,0.0670106666666666
11305,0.0,0.0533386666666666
11306,0.0,0.062392
11307,0.0,0.062392
11308,0.0,0.164308
11309,0.0,0.164308
11310,0.0,0.081306
11311,0.0,0.081306
11312,0.0,0.090332
11313,0.0,0.090332
11314,0.0,0.1293266666666666
11315,0.0,0.1293266666666666
11316,0.0,0.125008
11317,0.0,0.125008
11318,0.0,0.086634
11319,0.0,0.086634
11320,0.0,0.11287
11321,0.0,0.11287
11322,0.0,0.025356
11323,0.0,0.025356
11324,0.0,0.134116
11325,0.0,0.134116
11326,0.0,0.0306939999999999
11327,0.0,0.0306939999999999
11328,0.0,0.095796
11329,0.0,0.095796
11330,0.0,1.103472
11331,0.0,0.28106
11332,0.0,0.242024
11333,0.0,0.242024
11334,0.0,0.439542
11335,0.0,0.39229
11336,2.7897980104696383,0.3922901129135523
11337,0.0,0.219716
11338,0.09731355789423173,0.37701600000512275
11339,2.7897980104696383,0.28929008326687283
11340,0.0,0.28929
11341,0.0,0.144396
11342,0.0,0.147884
11343,0.0,0.134346
11344,13.224883030217942,0.17716812104002266
11345,0.0,0.138112
11346,13.224883030217942,0.24013083072237276
11347,13.224883030217942,0.09249206318993135
11348,0.0,0.0917786666666666
11349,13.224883030217942,0.009586673216214772
11350,13.224883030217942,0.013228009037283267
11351,15.65839688183059,0.05376005148893251
11352,15.65839688183059,0.011409344260684379
11353,0.0,0.088138
11354,0.0,0.125072
11355,0.0,0.338732
11356,2.7897980104696383,0.3387320974978546
11357,0.0,0.040596
11358,0.0,0.112302
11359,2.7897980104696383,0.06626401907288901
11360,0.0,0.066264
11361,0.0,0.03228
11362,0.0,0.08932
11363,2.7897980104696383,0.026780007708136662
11364,0.0,0.02678
11365,0.0,0.074868
11366,0.0,0.054466
11367,0.0,0.054466
11370,0.0,0.424894
11371,0.0,0.316654
11372,0.0,0.316654
11373,0.0,1.315152
11374,0.0,0.205772
11375,0.0,0.462654
11379,0.0,0.979058
11462,0.0,0.202626
11463,0.0,0.202626
11492,0.0,0.085048
11493,0.0,0.085048
11494,0.0,0.104924
11495,0.0,0.104924
11496,0.0,0.193038
11497,0.0,0.193038
11498,0.0,0.126818
11499,0.0,0.126818
11500,0.0,0.116986
11501,0.0,0.116986
11502,0.0,0.059744
11503,0.0,0.059744
11504,0.0,0.11105
11505,0.0,0.11105
11506,0.0,0.049758
11507,0.0,0.049758
11508,0.0,0.111916
11509,0.0,0.111916
11514,0.0,0.17773
11515,0.0,0.17773
11534,0.0,0.129754
11535,0.0,0.129754
11536,0.0,0.103314
11537,0.0,0.103314
11538,0.0,0.042882
11539,0.0,0.042882
11540,0.0,0.0306599999999999
11541,0.0,0.0306599999999999
11542,0.0,0.09401
11543,0.0,0.09401
11544,0.0,0.032214
11545,0.0,0.032214
11546,0.0,0.165302
11547,0.0,0.165302
11548,0.0,0.008
11549,0.0,0.008
11550,0.0,0.043806
11551,0.0,0.043806
11552,0.0,0.079958
11553,0.0,0.065076
11554,0.0,0.091716
11555,0.0,0.1215879999999999
11556,0.0,0.17382
11563,0.0,0.367056
11564,0.0,0.614846
11565,0.0,0.199026
11566,0.0,0.199026
11567,0.0,0.576874
11600,0.0,0.085508
11601,0.0,0.087493
11602,0.0,0.14794
11603,0.0,0.09973
11604,0.0,0.089254
11605,0.0,0.047664
11606,0.0,0.041215
11607,0.0,0.131306
11610,0.0,0.059787
11611,0.0,0.0563
11612,0.0,0.05033
11613,0.0,0.011456
11614,0.0,0.056689
11615,0.0,0.102288
11616,0.0,0.095532
11617,0.0,0.049374
11618,0.0,0.041388
11619,0.0,0.04364
11620,0.0,0.007736
11621,0.0,0.042826
11622,0.0,0.031094
11627,0.0,0.116924
11628,0.0,0.116924
11629,0.0,0.2959119999999999
11630,0.0,1.53236
11631,0.0,1.53236
11632,0.0,0.1241479999999999
11633,2.7897980104696383,0.12545803611080691
11634,0.0,0.490282
11635,0.0,0.490282
11636,0.0,0.121968
11637,0.0,0.121968
11638,0.0,0.1715813333333333
11713,0.09731355789423173,0.2572450000034953
11714,0.09731355789423173,0.3427950000046578
11715,0.0,0.126836
11716,0.0,0.1028373333333333
11717,0.0,0.665122
11718,0.0,0.0609719999999999
11719,0.09731355789423173,0.1376186666717574
11720,0.0,0.157536
11721,0.0,0.157536
11770,0.0,0.197392
11771,0.0,0.1509039999999999
11772,0.0,0.201966
11773,0.0,0.201966
11774,0.0,0.044878
11775,0.0,0.044878
11776,0.0,0.037812
11777,0.0,0.1208119999999999
11778,0.0,0.082288
11779,0.0,0.031106
11780,0.0,0.031106
11781,0.0,0.139104
11782,0.0,0.139104
11783,0.0,0.0301826666666666
11784,0.0,0.189516
11785,0.0,0.189516
11786,0.0,0.008446
11787,0.0,0.008446
11788,0.09731355789423173,0.04079200000055427
11789,0.0,0.042328
11790,0.0,0.041858
11791,0.09731355789423173,0.014354000000195037
11798,0.0,0.155294
11799,0.0,0.155294
11800,0.0,0.263286
11801,0.0,0.263286
11802,0.0,0.038882
11803,0.0,0.038882
11804,0.0,0.093604
11805,0.0,0.055356
11806,0.0,0.039592
11807,0.0,0.217352
11808,0.0,0.038291
11809,0.0,0.3028133333333333
11810,0.0,0.080974
11811,0.0,0.088834
11812,0.0,0.042082
11813,0.0,0.144296
11814,0.0,0.346554
11815,0.0,0.095822
11816,0.0,0.04946
11817,0.0,0.04946
11818,0.09731355789423173,0.03558400000131632
11819,0.09731355789423173,0.020005333334073335
11820,0.0,0.046104
11821,0.0,0.046104
11822,0.0,0.0748733333333333
11823,0.0,0.0814479999999999
11824,0.0,0.040446
11825,0.0,0.034968
11826,0.0,0.011261
11827,0.0,0.007856
11828,0.0,0.168002
11829,0.0,0.03868
11830,0.0,0.1136626666666666
11831,0.0,0.094506
11832,0.0,0.140786
11833,0.0,0.209292
11834,0.0,0.018728
11835,0.0,0.05354
11836,0.0,0.01393
11837,0.0,0.16324
11838,0.0,0.083704
11839,0.0,0.093052
11840,0.0,0.14933
11841,0.0,0.064522
11842,0.0,0.075136
11843,0.0,0.0476
11844,0.0,0.070598
11845,0.0,0.013458
11846,0.0,0.01867
11847,0.0,0.010197
11848,0.0,0.047654
11849,0.0,0.089944
11850,0.0,0.054742
11851,0.0,0.14384
11852,0.0,0.053984
11853,0.0,0.054926
11854,0.0,0.073724
11855,0.0,0.022314
11856,0.0,0.038972
11857,0.0,0.0291
11858,0.0,0.022698
11859,0.0,0.0294319999999999
11860,0.0,0.01937
11861,0.0,0.149998
11862,0.0,0.017127
11863,0.0,0.040776
11864,0.0,0.040776
11865,0.0,0.3647933333333333
11866,0.0,0.36408
11867,0.0,0.0211933333333333
11868,0.0,0.0403066666666666
11869,0.0,0.0410346666666666
11870,0.0,0.1165453333333333
11871,0.0,0.095888
11872,0.0,0.095888
11873,2.7897980104696383,0.08866402552032222
11874,2.7897980104696383,0.1466080421984503
11875,0.0,0.141964
11876,0.0,0.082172
11877,30.717142832059697,0.11732409380357903
11878,0.0,0.116424
11879,0.0,0.116424
11880,0.0,0.0727746666666666
11953,0.0,0.052432
11954,0.0,0.052432
11955,0.0,0.072598
11956,0.0,0.072598
11957,0.0,0.131746
11958,2.7897980104696383,0.31490009063824626
11959,0.0,0.183682
11960,0.0,0.112162
11961,0.0,0.112162
11962,0.0,0.203856
11963,0.0,0.203856
11964,0.0,0.043716
11965,2.7897980104696383,0.04071401171878551
11966,0.0,0.060876
11967,0.0,0.082992
11968,0.0,0.016252
11969,2.7897980104696383,0.01896000545729168
11970,0.0,0.00867
11971,0.0,0.032698
11972,0.0,0.103624
11973,0.0,0.103624
11974,0.0,0.323942
11975,0.0,0.323942
11976,0.0,0.014218
11977,0.0,0.014218
11978,0.0,0.07748
11979,0.0,0.07748
11980,0.0,0.074124
11981,0.0,0.074124
11982,0.0,0.012132
11983,0.0,0.012132
11984,0.0,0.077054
11985,0.0,0.077054
11986,0.0,0.050474
11987,0.0,0.050474
11988,2.7897980104696383,0.09786802816952646
11989,2.7897980104696383,0.09039002601711997
11990,0.0,0.105116
11991,0.0,0.08278
11992,0.0,0.15927
11993,2.7897980104696383,0.15206804377001218
11994,0.0,0.01587
11995,0.0,0.01587
11996,0.0,0.047376
11997,0.0,0.41013
11998,0.0,0.41013
11999,30.717142832059697,0.22450216078111052
12,0.0,0.373638
12000,0.0,0.126644
12001,0.0,0.126644
12002,0.0,0.100424
12003,0.0,0.100424
12004,0.0,0.009112
12005,0.0,0.009112
12006,0.0,0.06221
12007,0.0,0.06221
12008,0.0,0.078764
12009,30.717142832059697,0.14879519192835428
12010,0.0,0.21832
12011,0.0,0.0641266666666666
12012,0.0,0.016458
12013,30.717142832059697,0.016458574290993042
12014,0.0,0.0521026666666666
12015,0.0,0.0631813333333333
12016,1.7109684081811203,0.04048800438332446
12017,1.7109684081811203,0.08930000966782439
12018,0.0,0.0893
12019,0.0,0.1300093333333333
12020,1.7109684081811203,0.021098002284118237
12021,12.34900797842323,0.021098118986788567
12022,0.0,0.09612
12023,1.7109684081811203,0.09612001040617334
12024,1.7109684081811203,0.10879001177785683
12025,0.0,0.10879
12026,0.0,0.0989599999999999
12027,0.0,0.0340026666666666
12028,0.0,0.211828
12029,0.0,0.115862
12068,0.0,0.0553586666666666
12069,0.0,0.020136
12070,0.0,0.0852213333333333
12071,0.0,0.0702333333333333
12072,0.0,0.0539266666666666
12073,0.0,0.0840333333333333
12074,0.0,0.048648
12075,0.0,0.05391
12076,0.0,0.0284973333333333
12077,0.0,0.0055493333333333
12078,0.0,0.0040719999999999
12079,0.0,0.063614
12080,0.0,0.033748
12081,0.0,0.0596973333333333
12082,0.0,0.0929506666666666
12083,0.0,0.1982919999999999
12084,0.0,0.1122826666666666
12085,0.0,0.01162
12086,0.0,0.155288
12087,2.7897980104696383,0.018736005392817345
12088,2.7897980104696383,0.14996604316498963
12089,0.0,0.0121653333333333
12090,0.0,0.019338
12091,0.0,0.0530586666666666
12092,2.7897980104696383,0.12118203488003797
12093,0.0,0.12634
12096,30.717142832059697,0.11188790411796484
12097,30.717142832059697,0.18361040673979137
12106,30.717142832059697,0.10348161079617073
12107,0.0,0.21597
12108,2.7897980104696383,0.217560062620695
12109,0.0,0.059886
12110,2.7897980104696383,0.06034801737007585
12111,0.0,0.06533
12112,0.0,0.411738
12113,0.0,0.411738
12114,0.0,0.191058
12115,0.0,0.115796
12116,0.0,0.198584
12117,0.0,0.198584
12118,0.0,0.176632
12119,0.0,0.176632
12120,0.0,0.271298
12153,0.0,0.350402
12154,0.0,0.350402
12155,0.0,0.352462
12156,0.0,0.352462
12157,0.0,0.184416
12158,0.0,0.09271
12159,0.0,0.09271
12160,0.0,0.0613219999999999
12161,0.0,0.0613219999999999
12162,0.0,0.107322
12163,2.7897980104696383,0.19600605641676755
12164,0.0,0.364402
12165,0.0,0.146936
12166,2.7897980104696383,0.14693604229285917
12167,0.0,0.088326
12168,2.7897980104696383,0.06487601867337842
12169,0.0,0.06593
12170,0.0,0.107374
12171,0.0,0.045336
12172,2.7897980104696383,0.04533601304914427
12173,2.7897980104696383,0.21567006207669281
12174,0.0,0.21567
12175,0.0,0.05808
12176,0.0,0.05808
12177,0.0,0.11588
12178,0.0,0.218692
12179,0.0,0.043726
12180,0.0,0.049378
12181,0.0,0.0244
12182,0.0,0.02911
12183,0.0,0.057864
12184,0.0,0.186404
12185,0.0,0.12416
12186,0.0,0.054444
12187,0.0,0.013854
12188,0.0,0.077554
12189,0.0,0.105124
12190,0.0,0.096004
12191,0.0,0.064604
12192,0.0,0.177134
12193,0.0,0.447152
12194,0.0,0.447152
12209,0.0,0.044876
12210,0.0,0.064888
12211,0.0,0.048532
12212,0.0,0.048532
12213,0.0,0.091332
12214,0.0,0.199356
12215,0.0,0.046608
12216,0.4819767289774175,0.04660800040041092
12217,0.6706093864709325,0.3264826672402009
12218,2.4721783292576123,0.34975067501650714
12219,55.501924907628705,0.9866443608078996
12220,96.47251288619958,1.9435149526323954
12221,194.81262700700483,2.3364082188392774
12222,0.0,1.02508
12223,0.0,1.02508
12224,0.0,0.296
12225,0.0,0.296
12226,0.0,0.23463
12227,0.0,0.23463
12228,270.62827384279313,3.1686719431809176
12253,0.0,0.207263
12255,0.0,0.677578
12269,0.0,0.861419
12272,0.0,0.204012
12273,0.0,0.396098
12277,0.0,0.407362
128,0.16591106005168288,0.24460400024900467
129,0.0,0.244604
13,0.0,0.405815
132,0.36580192703204567,0.09967600049325999
133,0.8648175231343843,0.09967600275697532
134,0.0,0.164156
13474,0.0,0.1166333333333333
13475,0.0,0.381588
13476,0.0,0.176174
13477,0.0,0.582892
13478,0.0,0.815456
13479,0.0,0.2026359999999999
13480,0.0,0.716456
13481,0.0,0.873372
13482,0.0,0.86162
13483,0.0,0.216292
13484,0.0,0.172622
13485,0.0,0.375704
13486,0.0,0.375704
13487,0.0,0.220954
13488,0.0,0.220954
13489,70.28702088621202,0.1948343810357986
13490,48.263268385326214,0.9628472179666034
13491,70.28702088621202,0.20079942331754008
13492,0.0,0.408066
13493,0.0,0.408066
13494,0.0,0.102256
135,0.0,0.164156
13543,0.0,0.4230213333333333
13546,0.0,0.160256
13547,0.0,0.160256
13548,0.0,0.066732
13549,0.0,0.066732
13550,0.0,0.2834653333333333
13571,0.0,0.2696346666666666
13572,0.0,0.39076
13573,0.0,0.39076
13574,0.0,0.080658
13575,0.0,0.080658
13576,0.0,0.205092
13579,0.0,0.1555346666666666
13580,0.0,0.1295853333333333
136,0.0,0.1198659999999999
13669,0.0,0.182992
13670,0.0,0.182992
13671,0.0,0.143332
13672,0.0,0.143332
13673,0.0,0.154908
13674,0.0,0.154908
13675,0.0,0.121386
13676,0.0,0.121386
13677,0.0,0.024674
13678,0.0,0.024674
13679,0.0,0.1374
13692,0.0,0.6075079999999999
13693,0.0,0.088028
13694,0.0,0.0880893333333333
13695,0.0,0.362
137,0.0,0.139844
13728,0.0,0.1318413333333333
13729,0.0,0.0992173333333333
13736,0.0,0.252112
13737,0.0,0.252112
13738,0.0,0.15482
13739,0.0,0.15482
13740,0.0,0.1265119999999999
13741,0.0,0.019794
13742,0.0,0.019794
13743,0.0,0.02865
13744,0.0,0.02865
13745,0.0,0.034664
13746,0.0,0.034664
13747,0.0,0.0755893333333333
13748,0.0,0.0742973333333333
13757,0.0,0.109204
13758,0.0,0.0485173333333333
13759,0.0,0.0275653333333333
13760,0.0,0.0867413333333333
13761,0.0,0.184728
13762,0.0,0.1906786666666666
13763,0.0,0.029216
13764,0.0,0.029216
13765,0.0,0.197852
13766,0.0,0.0292413333333333
13767,0.0,0.0038893333333333
13768,0.0,0.0127373333333333
13769,0.0,0.01682
13770,0.0,0.0706253333333333
13771,0.0,0.0967573333333333
13772,0.0,0.0672933333333333
13773,0.0,0.0681426666666666
13774,0.0,0.0338693333333333
13775,0.0,0.431088
13776,0.0,0.431088
13777,0.0,0.097228
13778,0.0,0.097228
13779,0.0,0.73917
13780,0.0,0.031218
13781,0.0,0.031218
13782,0.0,0.60977
13783,0.0,0.2141893333333333
13786,0.0,0.2085346666666666
138,0.0,0.139844
13839,0.0,0.1364453333333333
13840,0.0,0.525196
13841,0.0,0.525196
13842,0.0,0.231916
13843,0.0,0.231916
13846,0.0,0.2509586666666666
13875,0.0,0.130298
13876,0.0,0.130298
13877,0.0,0.254216
13878,0.0,0.299372
13879,0.0,0.299372
13880,0.0,0.09685
13881,0.0,0.09685
13882,0.0,0.0983013333333333
13883,0.0,0.0426133333333333
13884,0.0,0.022796
13885,0.0,0.022796
13886,0.0,0.213604
13887,0.0,0.213604
13888,0.0,0.1198826666666666
13889,0.0,0.089836
13890,0.0,0.089836
13891,0.0,0.136688
13892,0.0,0.136688
13893,0.0,0.034428
13894,0.0,0.034428
13895,0.0,0.027194
13896,0.0,0.027194
13897,0.0,0.1188139999999999
13898,0.0,0.1188139999999999
13899,0.0,0.143918
139,0.0,0.248202
13900,0.0,0.267804
13901,0.0,0.267804
13902,0.0,0.288856
13903,0.0,0.288856
13904,0.0,0.138195
13907,0.0,0.341842
13908,0.0,0.341842
13909,0.0,0.2877
13910,0.0,0.2877
13915,0.0,0.2091
13916,0.0,0.2091
13921,0.0,0.228972
13922,0.0,0.228972
13923,0.0,0.167246
13924,0.0,0.167246
13925,0.0,0.113278
13926,0.0,0.113278
13927,0.0,0.288161
13928,0.0,0.29181
13929,0.0,0.292994
13966,0.0,0.203964
13967,0.0,0.203964
13968,0.0,0.11453
13969,0.0,0.11453
13970,0.0,0.118556
13971,0.0,0.118556
13972,0.0,0.061398
13973,0.0,0.03163
13974,0.0,0.09685
13975,0.0,0.028342
13976,0.0,0.056882
13977,0.0,0.08632
13978,0.0,0.016936
13979,0.0,0.200854
13980,0.0,0.200854
13981,0.0,0.11419
13982,0.0,0.11419
13983,0.0,0.116568
13984,0.0,0.116568
13985,0.0,0.32381
13986,0.0,0.135908
13987,0.0,0.263498
13988,0.0,0.32131
13989,0.0,0.114224
13990,0.0,0.114224
13991,0.0,0.029586
13992,0.0,0.029586
13993,0.0,0.121536
13994,0.0,0.017486
13995,0.0,0.017942
13996,0.0,0.344726
13997,0.0,0.344726
13998,0.0,1.135132
13999,0.0,1.135132
14,0.0,0.392304
140,0.0,1.863892
14000,0.0,0.119566
14001,0.0,0.119566
14002,0.0,0.071564
14003,0.0,0.071564
14004,0.0,0.229622
14005,0.0,0.229622
14006,0.0,0.210896
14007,0.0,0.210896
14008,0.0,0.152054
14009,0.0,0.152054
14010,0.0,0.025398
14011,0.0,0.025398
14012,0.0,0.030518
14013,0.0,0.030518
14014,0.0,0.213018
14015,0.0,0.213018
14016,0.0,0.061046
14017,0.0,0.093132
14018,0.0,0.093132
14019,0.0,0.089664
14020,0.0,0.089664
14021,0.0,0.039012
14022,0.0,0.039012
14023,0.0,0.19063
14024,0.0,0.19063
14025,0.0,0.42048
14026,0.0,0.42048
14027,70.28702088621202,0.05315170915602225
14028,0.0,0.053142
14029,0.0,0.2268973333333333
14030,0.0,0.5396186666666667
14033,0.0,0.18998
14034,0.0,0.30404
14045,0.0,0.1141546666666666
14046,0.0,0.1197399999999999
14047,0.0,0.042064
14048,0.0,0.042064
14049,0.0,0.276836
14050,0.0,0.277432
14051,0.0,0.0307533333333333
14052,0.0,0.0299293333333333
14053,0.0,0.040314
14054,0.0,0.040314
14055,0.0,0.043136
14056,0.0,0.043136
14057,0.0,0.077176
14058,0.0,0.077176
14059,0.0,0.1955946666666666
14060,0.0,0.1955946666666666
14061,0.0,0.2408253333333333
14062,0.0,0.2408253333333333
14063,0.0,0.2123186666666666
14064,0.0,0.2123186666666666
14065,0.0,0.237552
14066,0.0,0.237552
14067,0.0,0.199624
14068,0.0,0.199624
14069,0.0,0.21788
14070,0.0,0.21788
14071,0.0,0.266448
14072,0.0,0.266448
14073,0.0,0.207272
14074,0.0,0.207272
14075,0.0,0.196604
14076,0.0,0.143146
14077,0.0,0.054834
14078,0.0,0.12651
14079,0.0,0.12651
14080,0.0,0.1811666666666666
14081,0.0,0.1811666666666666
14082,0.0,0.054586
14083,0.0,0.054586
14084,0.0,0.211962
14085,0.0,0.211962
14086,0.0,0.1004613333333333
14087,0.0,0.1004613333333333
14088,0.18863265749351496,0.13633866668561676
14089,0.18863265749351496,0.13906266668599537
14090,0.0,0.1390626666666666
14099,0.0,0.3074266666666666
141,0.0,1.863892
14100,0.18863265749351496,0.028108000003906723
14101,0.0,0.02858
14102,0.18863265749351496,0.012345333335049218
14103,48.0746357278327,0.2531128393380007
14104,2.4721783292576123,0.14460200126801984
14105,2.4721783292576123,0.20768204694093767
14106,0.18863265749351496,0.2076820002732914
14107,0.18863265749351496,0.3147866667104198
14108,0.0,0.04634
14109,0.18863265749351496,0.024790666670112337
14110,0.18863265749351496,0.08303600000423929
14111,0.0,0.028951
14112,0.18863265749351496,0.02570100000131213
14113,2.4721783292576123,0.01582200013874365
14114,15.662968271887653,0.2507130882504922
14115,32.60030011343856,0.8350172732982428
14116,60.72181916011235,0.3328007606122005
14117,35.75069372608723,0.9298807052479385
14118,0.0,0.29293
14119,0.0,0.252667
14120,91.74602298483772,0.21952565122551318
14121,0.0,0.011055
14122,15.930376149049401,0.06889464658671093
14123,0.0,0.386442
14124,0.0,0.073718
14147,15.930376149049401,0.12303204479837812
14148,178.88225085795546,0.0815027417858477
14149,194.81262700700483,0.25932912062731633
14150,91.74602298483772,0.12347549122150761
14151,270.62827384279313,0.270653438480963
14166,91.74602298483772,0.27481731898656714
14167,0.0,0.211643
14168,15.930376149049401,0.29937110900688646
14179,15.930376149049401,0.12597804587107483
14186,0.0,0.182445
14187,0.0,0.046218
14188,37.68672077277346,0.22478145806640887
14189,0.0,0.097843
14190,70.28702088621202,0.31944726432370635
14191,70.28702088621202,0.3344133704072844
14192,0.0,0.157646
14193,14.215059593804895,0.24858207207077523
14194,0.0,0.121434
14195,91.74602298483772,0.09142510414690633
14196,0.0,0.3031
14197,0.0,0.3031
14198,77.04634026066408,0.7034243900945394
14199,107.8031362082277,0.38848889683449056
142,41.355182402301814,0.24889766279164321
14200,0.0,0.113604
14201,16.057113223389997,0.2179960786089482
14202,16.324521100551742,0.04900248293426217
14203,0.0,0.00843
14204,16.324521100551742,0.008430083081013633
14205,107.8031362082277,0.11579574645012373
14206,70.11641543545424,0.056826330072718756
14207,0.0,0.192617
14208,0.0,0.180659
14211,0.0,0.302187
14212,0.0,0.44578
14213,0.0,0.373557
14234,0.0,0.124206
14235,0.0,0.2457609999999999
14236,0.0,0.149915
14237,0.0,0.046946
14238,0.0,0.024652
14239,0.0,0.093738
14240,0.0,0.080247
14241,0.0,0.096382
14242,0.0,0.142144
14243,14.978407653671729,0.6020871943220057
14244,83.03288568039441,0.37782831132411837
14245,73.52831310905246,1.5088257040739295
14246,0.0,0.464754
14247,0.4272276173016494,0.16734400112959327
14248,0.7558932819178281,0.1673440035360991
14249,63.50043392771722,0.17134354757569029
14250,47.77788673899326,0.17133246272677097
14251,151.5311959690613,0.2990878532775411
14252,0.0,1.627304
14253,30.058338682030268,0.23818530877099772
14254,177.10331326511405,0.3638643744043426
14255,125.7448880085102,0.2744636177973439
14256,0.0,1.118236
14257,176.1270743309585,0.38338506319081767
14258,24.661774924056683,0.7182937065134826
14259,9.705081042645569,0.14719851273569728
14260,0.0,0.147198
14261,130.9669262903464,0.27420637095563816
14262,86.89676979916422,0.6542320880463316
14263,12.280397232219789,0.189893445198425
14264,346.1762642682328,0.23941335440601338
14265,149.41201165014772,0.23932220110995395
14266,217.52868547736938,0.3765898633296043
14267,14.898094016180595,0.05509738110298071
14268,94.72080537640754,0.18905995908474685
14269,24.58517630884798,0.1704604024659774
14270,0.0,0.0721173333333333
14271,417.87299538573035,0.2505214310913703
14272,41.27690181097941,0.12277773570239041
14273,176.64683037628873,0.1911623466632509
14274,0.0,0.3773
143,0.0,0.450878
14335,36.87819693040256,0.1023131456739695
14336,0.0,0.102308
14337,16.909075905591404,0.4147151298460038
14338,109.78964909113314,0.18150513903642485
14339,194.81262700700483,0.8333603769760797
14340,98.56131462361309,0.21353343589636645
14341,33.431794248819884,0.19191993258646958
14342,108.0633914827576,0.2519021569118867
14343,0.0,0.190902
14344,144.4448523594515,0.2518111879161876
14345,64.81706622721202,0.18501074097674589
14346,9.466976921134036e-10,0.265644
14347,98.78288998468162,0.4038276787321017
14348,29.843241920913574,0.4036952961129742
14349,27.174002726464504,0.1352030566558138
14350,95.70551013945169,0.13520750414660793
14351,26.35031370173565,0.21369524626255734
14352,0.22854764965517016,0.1336040002580871
14353,0.0,0.133604
14354,255.31288690121758,0.9449083663052618
14355,52.9921999467022,0.5982084102761855
14356,43.65857953268968,0.5264945867013929
14357,0.0,0.20406
14358,5.4041913221518145,0.2318080264453845
14359,25.91980003879839,0.42617445176537266
14360,205.5434589965838,0.6708516630212485
14361,150.2017449848544,0.2578733470785792
14362,31.301548410215126,0.37740167454996393
144,2.7897980104696383,0.4508781297770441
14415,27.00835828208916,0.09602160693840234
14416,1.1904520574121202,0.09602133386489245
14417,2.6653738323820733,0.1199000315013201
14418,14.734675340378656,0.13880278438361274
14419,15.239572097423096,0.13880279258918196
14420,2.638089389309295,0.2720466740624206
14421,0.0,0.09511
14422,20.347938735558913,0.23505371349409737
14423,34.3955798276109,0.2350544195881597
14424,0.6706093864709325,0.27601066715153644
14425,27.877732211224817,0.15406980105891316
14426,0.0,0.172142
14427,114.60484783417712,0.17222561537366135
14428,0.0,0.443118
14429,23.73919765704164,0.44312723516751973
14430,37.291591039260055,0.26358676520172286
14431,29.101250675232126,0.2945552250716907
14432,43.18594868671493,0.29456631568034364
14433,2.256409475953198,0.3527860664263646
14464,2.810854392331505,0.70531420608791
14465,2.3596998805508,0.7053141452410427
14466,6.62287061212942,0.06097809891428811
14467,0.1198269714431984,0.02646400000148431
14468,0.0,0.455314
14469,114.60484783417712,0.45553516189101584
14470,28.07939597968015,0.16902892852780105
14471,1.288662182959809,0.181010011116653
14472,123.07345975516294,0.15138228983122184
14473,31.449642533607648,0.4108095871952461
14496,0.36580192703204567,0.32335200160015054
14497,0.4272276173016494,0.3233520021826671
14498,0.0,0.199562
14499,0.0,0.199562
145,0.0,0.5722079999999999
14500,0.0,0.051906
14501,0.0,0.051906
14502,2.810854392331505,0.07970402328896176
14503,2.3596998805508,0.08146001677456473
14504,0.4272276173016494,0.06356200042905158
14505,3.1766563193635506,0.0635620237209091
14506,0.0,0.2487759999999999
14507,0.0,0.198908
14508,0.0,0.1817479999999999
14509,0.0,0.0499453333333333
14510,0.0,0.08298
14511,2.256409475953198,0.22345004207358335
14512,2.6653738323820733,0.13696533713423775
14513,2.256409475953198,0.08819600175406125
14514,29.969769021489572,0.16369343722051374
14515,0.42733327584418684,0.1636880011054614
14516,0.7765359638351295,0.053584001194955114
14517,0.42733327584418684,0.053584000361877736
14518,3.5501519379629203,0.12324267273423949
14529,3.4303249665197217,0.0660280287337285
14530,27.00835828208916,0.1303137046506992
14531,1.1904520574121202,0.13031333405472761
14532,29.368058162639958,0.043885399748408334
14533,25.995607132994838,0.1800544997290983
14534,91.36659415193503,0.17467236233824487
14535,123.07345975516294,0.13846819243832675
14536,5.454035400612808,0.030428003535650654
14537,37.291591039260055,0.11603929702077875
14538,54.07500311267499,0.07093967058742864
14539,37.291591039260055,0.0641910153681112
14540,114.60484783417712,0.21203494276452464
14541,0.0,0.211932
14542,2.638089389309295,0.33909334255179174
14543,0.6706093864709325,0.339697333930082
14544,2.874284644722471,0.17872133910094454
14545,2.4450421334467127,0.16996267063571383
14562,2.6653738323820733,0.3022000793969889
14563,2.4653202882935954,0.11779066946318457
14564,0.0,0.03942
14565,0.0,0.046432
14566,2.256409475953198,0.20717403900896197
14567,2.6653738323820733,0.20717405443081327
14568,2.874284644722471,0.1184093371545839
14585,0.0,0.064644
14586,0.0,0.201708
14587,0.0,0.201708
14588,0.0,0.201688
14589,0.0,0.201688
14590,0.0,0.0471626666666666
14591,0.0,0.027684
14592,2.4653202882935954,0.02768400622255656
14593,2.4450421334467127,0.09100800212526115
14594,2.874284644722471,0.09112266960733467
146,12.34900797842323,0.24350681172244462
14603,2.9541550582350298,0.32648267779645057
14610,2.874284644722471,0.26866000867006984
14611,2.4450421334467127,0.2774546731459171
14612,43.18594868671493,0.20917442636362635
14613,29.101250675232126,0.20916655081377727
14614,43.18594868671493,0.16611945694401054
14615,29.101250675232126,0.16611320244107342
14616,29.101250675232126,0.16512317143463984
14617,43.18594868671493,0.16512938866087803
14618,29.101250675232126,0.117317674231055
14619,43.18594868671493,0.11732209148222635
14620,39.498608551860876,0.29542580040164934
14621,0.0,0.34266
14622,0.22854764965517016,0.34266000066192726
14623,0.0,0.058234
14624,21.398725238290023,0.05823498615626846
14625,0.0,0.329352
14626,0.36580192703204567,0.3293520016298423
14627,0.0,0.4277253333333333
14628,5.826396234514868,0.3705213824663337
14631,12.022097883031117,0.0814773793332834
14632,1.070625085968922,0.17351000735516894
14633,26.905956872439706,0.17351464531004793
14634,26.905956872439706,0.13104150822510552
14635,1.070625085968922,0.13103800555476128
14636,4.630956390721925,0.1232840103278075
14637,12.022097883031117,0.14878675066768826
14638,4.630956390721925,0.11949601001047731
14639,1.070625085968922,0.07942800336698956
14640,26.905956872439706,0.07943012649234331
14641,0.0,0.107644
14642,1.070625085968922,0.057125333589111545
14643,26.905956872439706,0.057125494875411395
14644,0.0,0.156754
14645,39.498608551860876,0.12225541172293664
14646,5.1215730755779925,0.08298667516972383
14647,12.59265167942117,0.07054937703392629
14648,0.5705537963900533,0.02898266670352119
14649,0.0,0.0289826666666666
14650,1.070625085968922,0.05466600231731696
14651,0.0,0.054666
14652,27.877732211224817,0.30111291411951846
14655,27.877732211224817,0.02758408373984696
14660,0.06096684712682848,0.4599960000632317
14661,0.028525818603770164,0.4599960000138428
14662,43.68648368910914,0.2384257774777959
14663,98.56131462361309,0.21630154093258921
14664,0.028525818603770164,0.12382200000372612
14665,0.42676877415887415,0.12382200083401977
14666,21.398725238290023,0.06621912136030128
14667,0.22854764965517016,0.06621800012791543
14668,2.330867087739751,0.05587601122673937
14669,40.223395570857086,0.05587934330564341
14670,21.398725238290023,0.019996338619719476
14671,0.22854764965517016,0.01999600003862691
14672,21.398725238290023,0.1496105335176531
14673,0.0,0.149608
14674,0.22854764965517016,0.018736000036192926
14675,21.398725238290023,0.018736317282409688
14676,0.0,0.430878
14677,0.22854764965517016,0.43087800083234074
14678,22.830555838350566,0.29881527507466515
14679,21.398725238290023,0.13394423958471288
14680,0.0,0.13146
14681,0.0,0.0616146666666666
14682,21.398725238290023,0.12268207750886095
14683,0.22854764965517016,0.023124000044669368
14684,0.0,0.023124
14685,22.830555838350566,0.12137358045810674
14686,0.0,0.06525
14687,34.3955798276109,0.06525285482242002
14688,2.4826171027916546,0.060322013749551456
14689,20.347938735558913,0.047402743332816036
14690,2.1532020715503317,0.22033100146567383
14691,15.239572097423096,0.13343212105021807
14692,25.788610851264067,0.5237474997693201
14693,0.356522889376181,0.20394300003719426
14694,44.82279950163264,0.23426183846822954
14695,10.455927070718927,0.4913039864010478
14696,86.8169044030678,0.4914389463423769
14697,65.47950745084272,0.27916271734559095
14698,0.0,0.188056
14699,172.6195850073719,0.1880778890727862
147,0.42676877415887415,0.3105040020914418
14700,60.37008075890937,0.23507934666190816
14701,14.734675340378656,0.04558803866265878
14702,0.356522889376181,0.21772200003970718
14703,0.0,0.321996
14704,32.28527440804709,0.12491118681072053
14705,43.18594868671493,0.12088233702561182
14706,29.101250675232126,0.12087778572893723
14707,94.10181215688164,0.22917191168232218
14708,28.580421642874335,0.1480811735516504
14767,81.7023334775479,0.30631760090355514
14768,0.0,0.306242
14769,163.52270446420016,0.4356303663648567
14770,44.74514628494509,0.43523222360044783
14773,172.6195850073719,0.07966369110729626
14774,0.0,0.079576
14775,0.0,0.100288
14776,200.47989165680295,0.10043706782713448
14777,0.0,0.058128
14778,0.0,0.186072
14779,81.7023334775479,0.186117934951203
14792,27.877732211224817,0.09915763435638719
14793,27.860306649431074,0.07096803711442536
14794,53.34872283607837,0.09948240624189358
14795,60.37008075890937,0.10563083712643107
14796,44.82279950163264,0.24051655422140675
14797,0.4819767289774175,0.03025600002745514
14798,2.638089389309295,0.10218400277793416
14799,14.546042682885142,0.045065370580422384
148,0.028525818603770164,0.3105040000093441
14800,14.546042682885142,0.06226938479975404
14801,0.0,0.027992
14802,0.4819767289774175,0.06516533339246613
14803,0.6706093864709325,0.01191066668759015
14804,0.18863265749351496,0.0330613333379286
14805,2.638089389309295,0.0284093341056583
14806,43.18594868671493,0.03568246095168382
14807,57.731991369600074,0.01127881350886315
14808,0.0,0.176458
14809,60.37008075890937,0.11230293211242816
14810,32.64179729742327,0.06794428278689074
14811,42.06496532087917,0.18127858631468974
14812,92.00231652849509,0.15306506080109886
14813,34.3955798276109,0.10282047516331577
14814,14.890962594414667,0.08532807390896939
14815,5.456976141144246,0.101540011811398
14816,122.682233799756,0.0528861420575915
14817,32.64179729742327,0.01788402734040443
14818,80.61726847887678,0.028866066145666416
14819,80.61726847887678,0.09434106166892155
14820,32.64179729742327,0.05361408196312028
14821,0.0,0.0222226666666666
14822,80.61726847887678,0.022223230839753395
14823,90.24853399830745,0.04772818512000218
14824,124.64411382591831,0.07130699389045252
14825,90.24853399830745,0.0503856029980345
14826,27.174002726464504,0.050384145331550605
14827,86.2851342569436,0.19406107299327757
14828,10.427641976669875,0.1378760585626787
14829,56.09993282797271,0.15929853869853383
14830,86.28507773859555,0.1335744268628011
14831,54.4419609133872,0.13920294498413543
14832,59.73175440821091,0.1690188652381224
14833,0.0,0.154274
14834,94.10181215688164,0.2384760298933032
14859,91.84687460204113,0.16938482762858337
14878,41.90443581980165,0.0742128190788855
14879,32.28527440804709,0.017230025768336772
14880,91.84687460204113,0.08472642442149747
14881,0.0,0.052532
14882,2.1532020715503317,0.04727600810594429
14883,43.25938960732705,0.10418342824797859
14884,84.53013882596852,0.11225965687864786
14885,31.323991360950206,0.10363106386051872
14886,51.698391195311316,0.0804899551089118
14887,6.464470732647344,0.06391009877068765
14888,53.26728367556357,0.0748038486106859
14889,31.26285515040493,0.06398631271425001
14890,84.53013882596852,0.05959374354019498
14891,56.09993282797271,0.09164041381088403
14892,237.85967469863334,0.22888924110689268
14893,67.26159475071468,0.2687954168299595
14894,104.51847930543101,0.21026630550039077
14895,0.0,0.33038
14896,0.0,0.33038
14897,11.639798680618306,0.17539287880805907
14898,18.822547263799883,0.17539429805218085
14899,59.28251214723434,0.19846779170816517
149,2.4301106486516426,0.5240580044404154
14900,150.26582979998113,0.2757989906597334
14901,82.2571211423163,0.15477471967385045
14902,0.0,0.401732
14903,34.557686499690206,0.26796658338501494
14904,58.780970615464064,0.3085014970862996
14905,0.35311968641517644,0.11281600005495086
14906,8.351161114227526,0.11281603073438
14907,2.3870538421198773,0.19844204181685224
14908,6.867512005816054,0.5322489283381661
14909,3.5991694915702093,0.5322482549834241
14910,25.55056516191011,0.3308501770396883
14911,8.61272908820243,0.330849429200937
14912,284.80231978609874,0.10990281114420863
14913,99.49602537963234,0.10987224856940898
14914,63.50043392771722,0.11532519515671262
14915,47.77788673899326,0.1153177343425589
14916,53.394607814517826,0.308380767625863
14955,3.2340817737585184,0.22099334236236545
14956,40.42449775893115,0.443912166966171
14957,0.0,0.0724013333333333
14958,0.45505954494562506,0.07240133339189897
14959,59.092778189309065,0.453391517715489
14960,26.373034116536623,0.20978856998164513
14961,45.60747186156894,0.1646326633295125
14962,0.0,0.16462
14963,0.45505954494562506,0.06665466672058377
14964,0.0,0.0666546666666666
14965,0.45505954494562506,0.07497466672731386
14966,0.0,0.0749746666666666
14967,0.0,0.078328
14968,0.8648175231343843,0.07832800022883687
14969,45.60747186156894,0.3869337624398112
14970,0.0,0.386904
14971,98.56131462361309,0.303910198591539
14988,0.22854764965517016,0.164806000318361
14989,0.0,0.164806
14990,98.56131462361309,0.050028565009189604
14991,43.65857953268968,0.03980696305086778
14992,0.0,0.140336
14993,45.60747186156894,0.14034679529225166
14994,0.36580192703204567,0.07592800037573984
14995,0.8648175231343843,0.0759280021001206
14996,0.45505954494562506,0.07157466672456358
14997,0.0,0.0715746666666666
14998,8.351161114227526,0.13725470405885462
14999,0.35311968641517644,0.13725466673352116
15,0.0,0.392304
150,13.228947278868983,0.6739031273556012
15000,18.822547263799883,0.1008753216892201
15001,11.639798680618306,0.10087450543288264
15002,0.8648175231343843,0.10961200303179881
15003,0.36580192703204567,0.10961200054242962
15004,0.36580192703204567,0.11017800054523054
15005,0.8648175231343843,0.11017800304745401
15006,0.0,0.0704253333333333
15007,0.45505954494562506,0.07042533339030058
15008,0.8648175231343843,0.10272200284122575
15009,0.36580192703204567,0.10272200050833352
15010,0.0,0.074676
15011,0.45505954494562506,0.07467600006040566
15012,11.639798680618306,0.17181886090040077
15013,18.822547263799883,0.17182025122428396
15014,0.8648175231343843,0.03230600089356359
15015,0.36580192703204567,0.032306000159870556
15016,18.822547263799883,0.10140932868588964
15017,11.639798680618306,0.10140850810850925
15018,8.351161114227526,0.13683203727704124
15019,0.35311968641517644,0.13683200006664867
15020,97.755613149647,0.24372243084733194
15021,30.509765533562863,0.11293507731025779
15022,48.656722061055056,0.11293571108143556
15023,64.09398154649988,0.22308491312512774
15024,48.656722061055056,0.041432383161291254
15025,30.509765533562863,0.041432150651573796
15026,52.049481544045975,0.11494654975513297
15027,23.379845756184714,0.1149455787672975
15028,16.76688978426087,0.028480031275555973
15029,59.479833029510004,0.028480393585872264
15030,104.51847930543101,0.08620234496328154
15031,43.68990567107779,0.17696265280670653
15032,0.0,0.08081
15033,124.68952302232161,0.12788776645069586
15034,34.758890276689115,0.12788060352389205
15035,0.0,0.433588
15036,257.71353410955703,0.13979492545078406
15037,76.74931771603816,0.14015255811352653
15038,0.0,0.185582
15039,0.0,0.175724
15040,67.26159475071468,0.08935891248758748
15075,103.98692660786968,0.13195074593657005
15076,204.69924456082646,0.17283628501141918
15077,101.1204586037377,0.17281490242886713
15078,34.758890276689115,0.1251499239699672
15079,124.68952302232161,0.12515693394427288
15080,8.61272908820243,0.0873986919914894
15081,25.55056516191011,0.08739888954397979
151,2.7869274978524494,0.3849821105821625
15106,103.98692660786968,0.20063019983304617
15107,103.98692660786968,0.1785973924477407
15108,8.61272908820243,0.07515735511108143
15109,25.55056516191011,0.07515752499374596
15114,81.14195148054347,0.11526029761520913
15115,257.71353410955703,0.07027422711390795
15116,257.71353410955703,0.04563316926534337
15117,25.55056516191011,0.10650693827172202
15118,8.61272908820243,0.10650669752826397
15119,8.61272908820243,0.02067867265856086
15120,25.55056516191011,0.020678719399801357
15121,26.780829765486395,0.20574590975206547
15122,41.34179471191628,0.19978400048441677
15123,0.0,0.191378
15124,0.0,0.2900093333333333
15125,21.747957721358127,0.12269622668740941
15126,135.96780550600997,0.12270486058947766
15127,8.388894814129957,0.12528003443905905
15128,133.82661488577614,0.1252887644923206
15129,156.05990965391402,0.0573907927173717
15130,30.191673518517078,0.05738553766483014
15131,145.52139619486695,0.15537972092383368
15132,145.52139619486695,0.06815897101879738
15133,0.0,0.0681533333333333
15134,145.52139619486695,0.08238014730590437
15135,0.0,0.0823733333333333
15136,43.68990567107779,0.08353928955441403
15137,0.0,0.18513
15138,59.28251214723434,0.16359125935892893
15139,2.3870538421198773,0.16357003446842158
15140,59.28251214723434,0.14217847667949707
15141,2.3870538421198773,0.1421600299567819
15142,237.85967469863334,0.17634029677152455
15153,2.3870538421198773,0.07164601509766176
15154,59.28251214723434,0.07165531190334305
15155,59.28251214723434,0.18133756556461966
15156,2.3870538421198773,0.18131403820754047
15157,59.28251214723434,0.07502374964572167
15158,237.85967469863334,0.03559719874627932
15159,2.3870538421198773,0.0750140158073863
15160,2.3870538421198773,0.08443001779158059
15161,59.28251214723434,0.08444097345279923
15162,0.0,0.2287173333333333
15163,34.557686499690206,0.22795706340912675
15164,0.0,0.341618
15165,67.26159475071468,0.22759335537215802
15174,0.0,0.267222
15175,67.26159475071468,0.1769204598787342
15176,0.0,0.195082
15189,191.21575658394414,0.24396817336471505
15190,99.49602537963234,0.07612427692717474
15191,284.80231978609874,0.07614545200949034
15192,20.06695301339316,0.17249227132627967
15193,44.121932916733634,0.24140583575008345
15194,0.4272276173016494,0.15702200105991845
15195,0.7558932819178281,0.15702200331798782
15196,58.500480524706134,0.14661055335479437
15197,74.25322709240112,0.1729637250866338
15198,0.7558932819178281,0.15024600317480605
15199,0.4272276173016494,0.1502460010141796
152,3.1766563193635506,0.38498214367268224
15226,0.7558932819178281,0.14553200307519584
15227,0.4272276173016494,0.1455320009823595
15228,101.10291482312046,0.3845020187978117
15229,22.064381204691937,0.38657140181069766
15230,40.29694368374811,0.5942056819228385
15231,11.639798680618306,0.0186660935266787
15232,81.17704265958969,0.01867054894855588
15233,59.119490947547995,0.14669095840944504
15234,11.639798680618306,0.14667273490544402
15235,33.648220985285576,0.06704880731018063
15236,0.0,0.120002
15237,40.29694368374811,0.07559653955586988
15238,0.0,0.14812
15239,31.6507927939868,0.016856624477824322
15240,0.4272276173016494,0.15847200106970616
15241,0.7558932819178281,0.15847200334862738
15242,61.352887475995225,0.10553888513482487
15243,221.8311153719644,0.10555762001791517
15244,61.352887475995225,0.10546555072321176
15245,221.8311153719644,0.10548427258824122
15254,61.352887475995225,0.10345352113913471
15255,221.8311153719644,0.10347188583591302
15262,221.8311153719644,0.0956023734267091
15263,61.352887475995225,0.09558540544951333
15264,53.632796018058464,0.014212159689407733
15265,30.97571689151568,0.014212053266966562
15268,103.17613542119771,0.10410966237262327
15269,285.21408731341825,0.10413841405372877
15270,99.49602537963234,0.031911900644551155
15271,284.80231978609874,0.03192077740700162
15272,0.0,0.155964
15273,9.705081042645569,0.1559645432703589
15274,9.705081042645569,0.15479253918792413
15275,0.0,0.154792
15276,58.500480524706134,0.07717376622918953
15277,58.500480524706134,0.08047418389230089
15294,0.0,0.143954
15295,9.705081042645569,0.14395450143585217
15296,58.500480524706134,0.1539754853763556
15297,9.705081042645569,0.020584071700373602
15298,0.0,0.020584
15303,58.500480524706134,0.07422139261055173
15304,0.0,0.153664
15305,9.705081042645569,0.1536645352587548
15306,41.27690181097941,0.15041947729084107
15307,41.27690181097941,0.07672283397911538
15308,41.27690181097941,0.12467185504278579
15309,0.4272276173016494,0.12442400083987783
15310,0.7558932819178281,0.12442400262916864
15321,0.4272276173016494,0.12403200083723177
15322,0.7558932819178281,0.12403200262088539
15323,0.4272276173016494,0.15208800102661332
15324,0.7558932819178281,0.15208800321372884
15325,284.80231978609874,0.11126590956521538
15326,99.49602537963234,0.11123496793007125
15327,0.4272276173016494,0.14998200101239756
15328,0.7558932819178281,0.14998200316922755
15333,47.77788673899326,0.17581284092997168
15334,63.50043392771722,0.17582421564990955
15335,107.91585720784056,0.3517558775560855
15336,293.2690593585368,0.1772288558216009
15337,12.280397232219789,0.07947604681886337
15338,164.437955345345,0.3226245163240871
15339,108.0633914827576,0.25041275564112075
15340,71.36413509768238,0.3066082404373752
15341,47.26617970622837,0.1821630493839863
15342,56.44632659946412,0.07702707521490186
15343,60.891555053502685,0.12150442645313868
15344,302.1880045943828,0.098493787792317
15345,292.6142547509497,0.10286670281560065
15346,248.80659230726167,0.25181554480042934
15347,71.3153347755911,0.25019830385096253
15348,16.63505919178285,0.19153196010268003
15349,18.410677715903603,0.3777707353897701
15378,166.7843769171999,0.11174814126360733
15379,184.7804966061746,0.2000813488264896
15388,53.06659424391325,0.1739181107037554
15389,66.34914825692067,0.17392831154687874
15390,166.7843769171999,0.21808102750142155
15391,256.144631703857,0.133886304841423
15392,4.083250645151855,0.02676801650521991
15393,53.06659424391325,0.02677078773615943
15394,166.7843769171999,0.15378604195016873
15395,184.7804966061746,0.051196160677058844
15396,184.7804966061746,0.0673889867632624
154,0.0,0.79295
15415,184.7804966061746,0.04532871154757717
15416,113.01916490923016,0.044902240322619004
15417,180.24989444930662,0.07100634390011382
15418,209.51995446656022,0.08835248132654039
15419,42.73557754936036,0.03442432492296948
15420,0.0,0.034422
15421,47.26617970622837,0.018901561550812202
15422,54.51859971855406,0.25189625793076026
15423,108.0633914827576,0.251396800527267
15424,43.976182714032916,0.19342183256766984
15425,237.85967469863334,0.14898091822065085
15426,237.85967469863334,0.1186382138195064
15427,64.81706622721202,0.19119770210638093
15428,84.77797944607588,0.0815316655804613
15429,58.21309731485672,0.188349601793665
15430,47.26617970622837,0.1913758104954192
15431,16.63505919178285,0.08264884581301257
15432,56.44632659946412,0.2257726001903871
15433,41.75601503759288,0.22576055631573572
15434,136.58635434520315,0.09753777415006908
15435,332.31837133643546,0.09757274029139947
15436,56.44632659946412,0.3517494425937145
15437,41.75601503759288,0.3613132963211404
15456,136.58635434520315,0.10899460899855974
15457,332.31837133643546,0.10903368228002124
15458,93.07382024766257,0.1611440028848241
15459,395.2618248420453,0.026117262478508475
15460,60.891555053502685,0.049898056022428125
15461,47.77788673899326,0.10340072838958139
15462,63.50043392771722,0.10340741819858841
15463,47.77788673899326,0.07701250087403383
15464,63.50043392771722,0.07701748342038552
15465,346.1762642682328,0.038959562441674776
15466,149.41201165014772,0.038944729131568066
15467,63.50043392771722,0.07407504469843172
15468,47.77788673899326,0.07407025250934267
15469,35.04573690768646,0.19064665910844197
15470,451.29013717879957,0.2507086279787449
15471,289.6536169951875,0.12310033061619988
15472,73.1295175838604,0.19093975628086352
15473,106.54665937692963,0.1275416555194667
15474,0.0,0.375834
15489,289.6536169951875,0.12656546587749135
15490,237.52928177922414,0.19660136331258743
15491,121.74338204675293,0.10040700600066552
15492,227.31719930366108,0.11475086925041997
15493,279.44153451962444,0.03655381326075139
15494,349.06058135041394,0.035899036815031815
15495,73.1295175838604,0.08277636813550547
15496,34.42172785911153,0.14132598743519706
15497,60.891555053502685,0.12318711749074403
155,0.0,0.79295
15502,73.1295175838604,0.19135783895221006
15503,9.466976921134036e-10,0.224054
15504,205.51868075008755,0.33067203853221766
15505,15.534992807095204,0.254000239450564
15514,53.46434788078587,0.2507094659990314
15515,37.92935507369067,0.1837297746376319
15516,79.18581257025902,0.19079671653985267
15517,9.466976921134036e-10,0.12513
15518,151.5311959690613,0.18366783387964122
15519,15.534992806148507,0.25183623741052047
15532,0.0,0.184502
15537,151.5311959690613,0.19226112489979574
15538,165.0091220381664,0.08195243924585169
15539,230.7170085393204,0.12550458009174845
15540,0.0,0.2811946666666666
15541,0.0,0.1521613333333333
15550,14.898094016180595,0.40940736052256166
15551,24.58517630884798,0.4094131514950364
15552,24.58517630884798,0.18957023740927806
15553,14.898094016180595,0.18956755602001918
15554,14.898094016180595,0.1245270221503271
15555,24.58517630884798,0.12452878355626935
15556,24.58517630884798,0.057285280481484464
15557,14.898094016180595,0.05728447020589546
15558,24.58517630884798,0.025882578545872857
15559,14.898094016180595,0.025882212447960795
15560,14.898094016180595,0.15715929000450593
15561,24.58517630884798,0.1571615129863336
15562,24.58517630884798,0.23390522841664715
15563,0.0,0.1395053333333333
15564,14.898094016180595,0.07523206522649821
15565,0.0,0.0746133333333333
15566,0.0,0.1302693333333333
15567,14.898094016180595,0.18039548073322925
15568,24.58517630884798,0.027222608499179003
15569,14.898094016180595,0.027222223447121118
15570,0.0,0.0445173333333333
15571,24.58517630884798,0.014422700719421715
15572,14.898094016180595,0.04082936873255753
15581,0.0,0.045016
15582,0.0,0.016296
15583,0.0,0.0787933333333333
15584,46.33758593830132,0.05559241408986473
15585,139.95390347557742,0.05562826654742272
15586,345.0220791529891,0.1256808692536407
15587,48.037237015471376,0.1251406785134027
15588,215.74121459422753,0.23150380549000105
15589,181.03864835879247,0.040858563675838476
15590,0.0,0.07901
15591,48.037237015471376,0.07901674266238269
15592,190.96954008958656,0.10477512187732008
15593,0.0,0.121084
15594,42.675422886077534,0.19320537445908115
15595,302.3984333316344,0.16994679488421705
15596,0.0,0.346134
15597,0.0,0.38598
15598,2.162332736544918,0.38598006674260615
15599,2.880322880022555,0.937269011156777
156,74.25322709240112,0.3046145604254703
15600,476.24921489090707,0.20713001924256313
15601,41.447800915333936,0.152977718447384
15602,643.3001259750315,0.1600708848609744
15603,55.24083151641037,0.13362507831080753
15604,104.97177789042537,0.14307815828506754
15605,230.02258271122204,0.08308116776763716
15606,0.0,0.219278
15607,5.8635879244093205,0.21927827881443698
15608,83.72659077863644,0.245992069240042
15609,124.01170330865965,0.2460001106164267
15610,0.0,0.190398
15611,24.06654440513629,0.28563923737617275
15612,19.22017204825452,0.47998625441063286
15613,0.12405232413596866,0.24347800000537603
15614,17.344760006983332,0.36155715606499783
15615,65.09662738255597,0.8007528686099923
15616,53.30323022204658,0.4425438040712992
15617,271.7335980279878,0.12426516531836013
15618,13.270444226171467,0.41169668125903214
15619,442.3481309004034,0.08268806384639002
15620,0.0,0.082094
15621,217.98066557895103,0.8358297743174261
15622,129.28378888149643,0.03245811905960187
15623,88.85739324298544,0.06386464292889707
15624,0.0,0.928237
15625,349.84223509177406,0.45261646771356
15626,12.404468439560928,1.1064742442809927
15627,47.75186737557264,0.48180257630612355
15628,0.5589182710259576,0.23654300010602258
15629,0.0,0.320923
15630,0.45108582057909224,0.3233970000944162
15631,107.63951373615512,0.3916195101755668
15632,5.2945367622609325,0.5283305477148561
15633,21.890672784603428,0.10186580522881637
15634,70.94146918877442,0.7474273970740901
15635,8.326315265705233,0.49346726519145323
15636,325.58730073970725,0.014321928115258628
15637,0.0,0.34786
15638,0.0,0.030768
15639,0.4425265247806327,1.1804090003316678
15640,138.41819107761134,0.2791396485178169
15641,22.037017479448625,0.16014887617323606
15642,12.976895388590648,0.8217771178347593
15643,0.0,0.821772
15644,19.700824800051652,0.7859444376758327
15645,330.3072162225786,0.1963028733728122
15646,12.709259328530294,0.15200290799424918
15647,0.1521502498190934,0.4309230000143132
15648,2.317246752917487,0.16065403190284547
15649,8.173048019837687,0.16065439687428212
15650,357.2243358540393,0.12750088557743666
15651,72.80934288272545,0.15735084263493568
15652,87.28162526782312,0.05994845056756055
157,0.0,0.059034
158,0.0,0.059034
15861,20.803328352642655,0.25176202941724063
15862,0.0,0.251758
15863,12.699526800062767,0.1907651377970694
15864,37.68910843286753,0.1907740212399476
15865,407.50548841110174,0.1911769082098156
15866,427.83444604955616,0.19129623779349755
15867,139.27559406929208,0.10639426936844402
15868,484.2906411584582,0.4882828097225861
15869,67.05040435327746,0.7031405355951559
15870,30.80297691924278,0.09822344650270266
15871,11.637205644121437,0.09822049191567353
15872,0.0,0.400573
15873,0.07875510847527513,0.3802380000033838
15874,0.12405232413596866,0.21251100000469228
15875,13.802465161506372,0.45701112492004126
15876,2.4301106486516426,0.9275960078596482
15877,0.0,0.373832
15878,0.0,0.595107
15879,263.302422305872,0.1215262353252539
15880,0.12405232413596866,0.46789600001033116
15881,12.235058273529791,0.22207322941696267
15882,0.0,0.222072
15883,37.864550015985216,0.1791634991647927
15884,62.982774293824654,0.17655589735483682
15885,0.0,0.17653
15886,7.63831649912132,0.21294645947099278
15887,70.51004244288436,0.35146450710472005
15888,24.07230273597896,0.22792088431202262
15889,69.28762298798964,0.21613036571768962
15890,0.09731355789423173,0.47215400000641533
15891,441.79630529797504,0.29543708067085306
15892,97.22178994353504,0.5038960798795956
15893,80.66049729213785,0.5250282970860926
15894,7.5997366420514325,0.5249031211626609
15895,81.43272722227174,0.22798189656771228
15896,91.44266606255255,0.22034011619296962
15897,7.399799899769654,0.5095570318704711
159,0.09731355789423173,0.6194780000084171
15986,11.778067609078226,0.21446910028172705
15987,97.4448124807931,0.21454331357494852
15988,50.7062014812824,0.3671549078831014
15989,0.3832953999900481,0.3671200019946586
15990,45.37490989837224,0.15213958334575048
15991,29.123363198270383,0.14701261123583978
15992,0.0,0.147008
15993,19.025089581494406,0.15344405395528182
15994,29.123363198270383,0.15344681305268915
15995,9.7211175864064,0.40642142036766526
15996,37.34850869381321,0.16208436100635026
15997,63.76667670874708,0.16210037247255332
16,0.20638827679726957,1.854852000113363
16034,20.85346642091698,0.1239999941806925
16035,20.4763103905474,0.1239999226994473
16036,20.4763103905474,0.12533194335329384
16037,20.85346642091698,0.12533201560239837
16038,0.0,0.219284
16039,2.5263758313163143,0.23729205601087092
16040,0.0,0.23383
16041,20.85346642091698,0.15042041907669
16042,23.002686221863716,0.15042094340642256
16043,23.002686221863716,0.15463902594500367
16044,20.85346642091698,0.15463848691209187
16045,2.5263758313163143,0.17197804059402574
16046,0.0,0.248814
16047,12.231456873961882,0.2488153766530544
16048,12.231456873961882,0.14861282224940606
16049,0.0,0.148612
16050,29.123363198270383,0.15203476876214028
16051,19.025089581494406,0.15203203505442772
16052,0.0,0.15164
16053,88.46687624777654,0.24875397787975662
16054,26.704869442420133,0.24868855871232298
16055,42.058151106897874,0.3375040772146882
16056,57.683789148400486,0.33752352900140525
16057,36.1107430358796,0.09588462374833277
16058,30.80297691924278,0.056569984949754466
16059,11.637205644121437,0.05656828330977215
16060,36.1107430358796,0.15249935382385024
16085,41.27690181097941,0.14982743998909134
16092,41.27690181097941,0.15548579649804406
16093,18.69877874086387,0.16814017413083404
16094,0.0,0.168138
16095,0.0,0.12826
16096,18.69877874086387,0.1282616584830364
16097,59.74375804773087,0.09037592817039798
16098,56.43886083097478,0.09037464498952127
16099,59.74375804773087,0.01488396444415766
161,0.0,0.442518
16100,56.43886083097478,0.014883753117768753
16101,37.864550015985216,0.06536146543427733
16102,0.0,0.097206
16103,18.69877874086387,0.09720725693514763
16104,37.34850869381321,0.08410633856558695
16105,63.76667670874708,0.08411464699083565
16106,36.1107430358796,0.16478594630791382
16107,36.1107430358796,0.04302207461048473
16108,11.637205644121437,0.10302051595553541
16109,30.80297691924278,0.10302361493288971
16110,0.0,0.137378
16111,12.235058273529791,0.1373787605409214
16112,12.235058273529791,0.13019072074729984
16113,0.0,0.13019
16128,12.235058273529791,0.15652886655759543
16129,0.0,0.156528
16130,12.235058273529791,0.15400685259550395
16131,0.0,0.154006
16132,12.400969333581475,0.07497042637535169
16133,29.123363198270383,0.11860972034336915
16134,19.025089581494406,0.11860758764497438
16135,29.123363198270383,0.1355182507007346
16136,19.025089581494406,0.13551581397333234
16137,69.73129106277682,0.03659057869744241
16138,0.3832953999900481,0.0365840001987704
16141,29.123363198270383,0.08928080040483037
16142,0.0,0.089278
16143,11.778067609078226,0.2094610745892653
16144,97.4448124807931,0.20953355494250292
16145,45.37490989837224,0.14968539649303123
16146,11.778067609078226,0.15861281372458966
16147,97.4448124807931,0.1586676989236144
16148,11.778067609078226,0.09342847931216404
16149,97.4448124807931,0.0934608086086516
16150,0.0,0.055974
16151,29.123363198270383,0.05597575575012854
16152,11.778067609078226,0.08285242505428153
16153,97.4448124807931,0.08288109469157
16154,45.37490989837224,0.147641240858574
16155,45.37490989837224,0.07801593984540646
16156,45.37490989837224,0.07716587512461945
16157,0.0,0.082992
16158,29.123363198270383,0.08299460323033314
16159,29.123363198270383,0.16059103714028192
16160,0.0,0.160586
16161,0.0,0.12835
16162,29.123363198270383,0.12835402598579693
16163,32.80552084493457,0.19348770057696937
16164,97.4448124807931,0.30726786372643555
16165,11.778067609078226,0.30716157581800213
16166,341.5322486114052,0.251442003492552
16167,59.40981029935504,0.03217819966550892
16168,385.10934699093696,0.14130714980793163
16169,199.05089174990923,0.1412471908540303
16170,352.5848394293934,0.06977386641660836
16171,59.40981029935504,0.06980911097944062
16172,38.86024765249447,0.1919267180461819
16173,132.53793119612595,0.19204067657714624
16174,0.0,0.380218
16175,47.61888095396936,0.08860742994168437
16176,19.714585573879738,0.30525038751484057
16177,88.48326583856677,0.3053343823574939
16178,42.67006927660363,0.14931439528639542
16179,484.2906411584582,0.14866140657256824
16180,19.846365445886786,0.3250811837154587
162,0.0,0.442518
16233,47.61888095396936,0.10103247181070792
16234,33.62750461434919,0.20359451393841088
16235,33.62750461434919,0.10409035286214885
16236,33.62750461434919,0.09212985269660016
16237,33.62750461434919,0.06612276512927082
16238,33.62750461434919,0.09482196527566848
16239,199.05089174990923,0.14221534067191027
16240,385.10934699093696,0.14227571060212868
16241,47.61888095396936,0.09469594047763216
16242,30.80297691924278,0.0978754342915141
16243,11.637205644121437,0.09787249017278354
16244,30.80297691924278,0.10585771437687932
16245,11.637205644121437,0.10585453014907052
16246,47.61888095396936,0.07918463981854046
16247,0.0,0.079178
16248,47.61888095396936,0.09129965569115406
16249,47.61888095396936,0.30918592596807154
16250,47.61888095396936,0.0700278720019935
16251,173.017693197062,0.4157017011832708
16252,0.0,0.415242
16253,256.89269355350973,0.14210328981956724
16254,343.60525054624054,0.27828428268762917
16255,107.61542959280497,0.4012777914552447
16256,89.1086413106277,0.08023755500116082
16257,317.1363081381087,0.03369589967038132
16258,269.64978155567513,0.03369223346562782
16269,133.619633590935,0.2134868699532504
16270,186.19080961256324,0.10214078337513914
16271,186.19080961256324,0.10374483724208328
16272,163.37638615011724,0.19110445784036512
16273,89.1086413106277,0.11340929308863304
16274,269.64978155567513,0.2674172655870155
16275,317.1363081381087,0.2674463644727057
16282,59.40981029935504,0.11411089292708106
16283,88.37813813916662,0.07745702984948288
16284,88.37813813916662,0.053649636828834
16285,42.67006927660363,0.025158845601276854
16286,484.2906411584582,0.024473067433863134
16287,0.0,0.0112279999999999
16288,0.0,0.0112279999999999
16289,7.773830144687788,0.13582830356570996
16290,116.83547405761139,0.1062496106313352
16291,38.86024765249447,0.10620193079072267
16292,7.399799899769654,0.09722019687423403
16293,45.39281375841361,0.32486075321847474
16294,19.846365445886786,0.08566324779571755
16295,36.465695625269255,0.1457991696179149
16296,126.51345733158519,0.14587829794516044
16297,88.48326583856677,0.2253812390506709
16298,19.714585573879738,0.2253192386248921
16299,59.40981029935504,0.16032492444768265
163,7.928358119134943,0.1517723528186122
16300,59.40981029935504,0.08860356389528086
16301,45.39281375841361,0.14662717246204204
16302,19.846365445886786,0.10574154026195014
16303,23.476287283202353,0.2519971361641713
16304,53.449652203908606,0.17490847770621082
16305,15.702457138514564,0.09714488581805507
16306,484.2906411584582,0.19067853249075725
16307,341.5322486114052,0.20104353000510888
16308,352.5848394293934,0.12758859484593257
16309,149.65709990234984,0.28303224174604213
16310,352.5848394293934,0.07969601570265619
16311,59.40981029935504,0.13708789171850896
16312,59.40981029935504,0.03372640172562603
16313,341.5322486114052,0.09050473948416621
16314,156.66045783745616,0.05268177255528807
16315,156.66045783745616,0.14689320477664772
16316,407.50548841110174,0.07344026569154707
16317,522.5708969701975,0.10010667200873435
16318,427.83444604955616,0.08256313809256959
16319,51.532204287566735,0.049507180214806
16320,301.05263514182656,0.06343992765044558
16321,352.5848394293934,0.03862674841715527
16322,43.20424663307474,0.03822663865322421
16323,181.03864835879247,0.11922192837592495
16324,427.83444604955616,0.06051891714248052
16325,407.50548841110174,0.06048116576132011
16326,225.59227059623134,0.09612843952061115
16327,0.0,0.407807
16328,0.07875510847527513,0.6059710000053926
16329,70.73140832491455,0.30484218820854647
16330,0.2530982092628453,0.07025866668424738
16331,7.5997366420514325,0.34075272782808796
16332,12.441263295473707,0.29584306570257746
16333,93.93633775832573,0.3433518345483056
16334,0.0,0.1021346666666666
16335,93.6388328089564,0.07550794992943477
16336,93.14865377493048,0.0910004175285947
16337,0.0,0.07554
16338,92.89555556566764,0.19982775296845004
16339,7.5997366420514325,0.12663227047919434
16340,92.89555556566764,0.17037835744477625
16341,0.0,0.1332933333333333
16342,0.0,0.084876
16343,93.93633775832573,0.07072243763982099
16344,70.63409476702033,0.2760859763422371
16345,7.852834851314277,0.04554801097191097
16346,221.62560018838954,0.3136507105196957
16347,7.852834851314277,0.03519734181190553
16348,12.699526800062767,0.11522668725653226
16349,37.68910843286753,0.11523205306763437
16350,139.27559406929208,0.1834715226585388
16351,37.68910843286753,0.05415284461503828
16352,12.699526800062767,0.05415032297347145
16353,7.852834851314277,0.15791470470622185
16354,7.852834851314277,0.060006681121479194
16355,216.20403470174384,0.1608520319964399
16356,13.274400337959998,0.13174085850097814
16357,7.852834851314277,0.057060013744999555
16358,93.6388328089564,0.06457821178627222
16359,87.28162526782312,0.34991707923587473
16360,129.28378888149643,0.3499295121523013
16361,314.9673919909439,0.011971303958389037
16362,9.662806071398329,0.011966671031219438
16363,129.28378888149643,0.09441549734012115
16364,87.28162526782312,0.06675398641491002
16365,0.0,0.195108
16366,70.64799022902992,0.20739748522464016
16367,0.07875510847527513,0.1212700000010792
16368,0.0,0.275859
16369,13.802465161506372,0.2640030721629581
16370,50.19255179158944,0.2249808132322825
16371,299.64968330018456,0.13034879077925404
16372,45.05572798211199,0.17573551185910655
16373,23.392806386591257,0.11266227996254399
16374,474.9607783244916,0.11359989330233154
16375,18.180969883140115,0.3480261650585141
16376,8.104499126165871,0.13541232892949995
16377,30.665689839024225,0.1109038568285778
16378,7.749684684878467,0.25528102199777236
16379,72.44360592598025,0.37706372975999675
16380,114.85605761181658,0.3157939902265359
16381,42.08391860757378,0.13392677131305142
16382,991.1541660188441,0.20662779312239346
164,13.888306285077395,0.15177308263868458
16453,52.805412666990456,0.2166098666136504
16454,14.244991686287005,0.18417905362368525
16455,20.803328352642655,0.20236723886029634
16456,0.0,0.202364
16457,81.43272722227174,0.22386688765043403
16458,0.0,0.163472
16459,30.665689839024225,0.2408343753345272
16460,24.07230273597896,0.2094164877654455
16461,55.81243822805142,0.22673411693147139
16484,0.0,0.183462
16485,20.803328352642655,0.1834649363315001
16496,24.07230273597896,0.22291877711757932
16497,56.43355618714379,0.15887070944206794
16498,42.08391860757378,0.1102132182329944
16499,8.104499126165871,0.24501859517360514
16500,45.01532741859424,0.016073204436929743
16501,42.08391860757378,0.13929512290438686
16502,83.11592211974413,0.2088993565731897
16503,31.74013549207246,0.024014894695744533
16504,30.665689839024225,0.125802374944287
16505,30.665689839024225,0.08635900324877065
16506,30.665689839024225,0.048877699786776994
16507,577.052494476329,0.32781989504873843
16508,30.665689839024225,0.33573967579210795
16509,381.71028708261946,0.3133755474210293
16510,413.73959992757614,0.3136692346000095
16511,8.104499126165871,0.20237649159185656
16512,42.08391860757378,0.24733219861451505
16513,42.08391860757378,0.20186322069878157
16514,8.104499126165871,0.25016060766404535
16515,70.62109079294598,0.11307085128008298
16538,70.62109079294598,0.44271364036979827
16539,122.97936127635695,0.2916890553573942
16548,0.0,0.015916
16549,0.0,0.015916
16550,30.665689839024225,0.1228002705421284
16551,486.91101442524064,0.18020225148550628
16552,444.2950884854674,0.12069269854361717
16553,23.392806386591257,0.11982042482293713
16554,486.91101442524064,0.15674638171938415
16555,444.2950884854674,0.14099382730931234
16556,23.392806386591257,0.13997483269054864
16557,0.0,0.21162
16558,17.344760006983332,0.1365170589271548
16559,254.59395531807266,0.2026748472412232
16560,45.321756726920995,0.4207362399787952
16561,0.0,0.165148
16562,327.0375612440527,0.06437621767200366
16563,0.0,0.091859
16564,0.12405232413596866,0.03756200000082937
16565,0.0,0.224852
16566,23.09169099194603,0.14031276689967162
16567,23.392806386591257,0.140312839530841
16568,532.0623779434043,0.1484599889457269
16569,0.0,0.020424
16570,18.180969883140115,0.24382811564046183
16571,0.0,0.10733
16572,0.0,0.019356
16573,347.8540400438124,0.06819380381613305
16574,474.9607783244916,0.11038126327019021
16575,23.392806386591257,0.10947021536427984
16576,80.19329061085872,0.1933901913571205
16577,0.0,0.136552
16578,0.0,0.138628
16579,80.19329061085872,0.009160230107925578
16580,0.0,0.021952
16581,23.392806386591257,0.08860979320895704
16582,474.9607783244916,0.08934723367417889
16583,347.8540400438124,0.14269972816814147
16584,0.0,0.230646
16585,347.8540400438124,0.07929124297595978
16586,991.1541660188441,0.042531018686268844
16587,0.0,0.164364
16588,0.07875510847527513,0.1643640000377014
16589,23.471561495066535,0.09941002534314702
16590,23.09169099194603,0.0994099603161753
16591,0.07875510847527513,0.1065820000244475
16592,0.07875510847527513,0.022062000005060523
16593,21.890672784603428,0.059241049848377074
16594,22.037017479448625,0.06174310886745807
16595,21.890672784603428,0.061743094188698465
16596,0.0,0.180882
16597,532.0623779434043,0.2084676067105944
16598,86.76024069617749,0.049839870458995315
16599,349.95119259062034,0.08483247928813492
166,12.022097883031117,0.27120815311687263
16600,436.7114332867979,0.14979109798685467
16601,0.0,0.15512
16602,463.4831071303669,0.036031543035222165
16603,341.52284772511945,0.4791439248497704
16604,0.0,0.227216
16605,0.0,0.227216
16606,168.67724523766051,0.12081298815267293
16607,57.29970553747063,0.12070065395948049
16608,49.67451598758415,0.026420254659649096
16609,120.56302965718413,0.026421500103256456
16610,47.9382860160027,0.5739088923378348
16611,0.0,0.374624
16612,0.0,0.148024
16613,0.0,0.184846
16614,0.0,0.568948
16615,5.279425126248479,0.19279400771008082
16616,65.81419431234502,0.1679590438352986
16617,0.0,0.630749
16618,243.65158075905313,0.07581624428651008
16619,11.39148454343795,0.5847468062072184
16620,333.06219433295024,0.48339299643062605
16621,416.5399831687956,0.09497632718547214
16622,432.3777320170555,0.2813853388377894
16623,0.0,0.350178
16624,36.07397761625631,0.3501948527288625
16625,393.19850030029284,0.5367510398629771
16626,0.056177682832977645,0.27764000003240435
16627,5.770739229907039,0.5251500250921812
16708,55.82040507918193,0.1417857257315011
16709,57.29970553747063,0.31501024459279026
16710,168.67724523766051,0.31530341965450587
16711,76.58882360754023,0.1180195967033025
16712,76.58882360754023,0.0747762178546273
16713,81.68702294784518,0.07202777019775886
16714,107.2058255138297,0.12678302498637328
16763,290.2260805359955,0.12719650411720984
16764,290.2260805359955,0.0876808399656194
16765,193.63752634022043,0.08421233250153641
16766,55.82040507918193,0.10663863127531073
16767,86.64263126336839,0.03213827572869083
16768,239.05159053832534,0.03214450719746777
16769,247.12976465136452,0.06806690130170821
16770,239.05159053832534,0.013265627228693962
16771,86.64263126336839,0.019825914691528175
16772,8.078174113039152,0.02224133900286611
16773,55.82040507918193,0.05201529976594992
16774,217.07142596933423,0.09455839246243056
16775,59.5262625673533,0.06074217407309427
16776,134.11126377286706,0.08142705376437584
16777,230.69981796864212,0.05127865861840375
16778,159.25915424564903,0.054522734697380656
16779,285.0040422541593,0.12891555784533965
16780,188.89284846167487,0.14667510695196567
16781,81.68702294784518,0.03364430049120701
16782,384.47890666465827,0.07693831502526728
16783,64.16807300609815,0.2351037952021915
16784,378.70816743475126,0.10548070126938663
16797,55.82040507918193,0.04997022340220907
16798,328.6345092341754,0.0418614858339285
16799,384.47890666465827,0.11414320444565244
168,0.0,0.1402199999999999
16800,384.47890666465827,0.042668047901288024
16801,378.70816743475126,0.05001629019502317
16802,76.58882360754023,0.18245357147851773
16807,64.16807300609815,0.29596906210719165
16808,64.16807300609815,0.15211716025780675
16809,57.46217299858427,0.2611858899681515
16810,168.8722193893196,0.2614294269399757
16811,223.71407124487,0.4477181784369484
16816,116.50824573104032,0.0975425051633063
16817,57.46217299858427,0.05181032587634163
16818,52.3639736582793,0.051809253174154385
16819,305.7338610812576,0.06407538728519539
16820,494.3180743890467,0.15084651139577668
16821,73.98725774062784,0.3248415513742793
16822,75.42409741699882,0.12278600220762906
16823,5.770739229907039,0.158099007554125
16824,0.0,0.200292
16825,1.436839676370988,0.22787200067499375
16826,30.903785611607454,0.26387031773495195
16827,184.771981686981,0.20247532283152692
16828,19.159679385489568,0.1901602726815024
16829,23.07381052148383,0.22457913372075455
16876,368.26483499341344,0.15997012196601312
16877,12.723177078559575,0.3381190785331225
16878,62.70092033843925,0.2898536349944348
16879,203.93166107247058,0.2799321352641199
16880,203.9317028656414,0.16740452439535167
16881,422.6560436496781,0.02157237615263426
16882,132.26967212627272,0.0743410801879125
16883,62.08228032220452,0.08112922142308887
16884,68.3241470283154,0.04014873210333845
16885,62.70092033843925,0.020832319918115343
16886,13.932938372050735,0.06866938540581766
16887,131.02506736675463,0.045160361620846086
16888,0.0,0.0430413333333333
16889,305.7338610812576,0.024100796703848865
16890,494.3180743890467,0.06245822579393374
16891,0.0,0.0235093333333333
16892,19.159679385489568,0.013485352670738401
16893,494.3180743890467,0.19302406454361518
16894,144.89197651191606,0.2728736930510586
16895,0.0,0.182618
16896,144.89197651191606,0.18256763439178325
16897,305.7338610812576,0.10002317476460376
16898,0.0,0.272914
169,0.0,0.1402199999999999
16907,305.7338610812576,0.09859998864013612
16908,305.7338610812576,0.07781640270625086
16909,0.0,0.0163933333333333
16910,0.0,0.0163933333333333
16915,144.89197651191606,0.12252505387711185
16916,432.3777320170555,0.0574899528613462
16917,0.0,0.122646
16918,416.5399831687956,0.062216805925288644
16919,0.0,0.09065
16920,144.89197651191606,0.09072238163904232
16921,471.16451775832064,0.013191429325456269
16922,38.786785741265135,0.02874559921958286
16923,121.73841988118996,0.02460347743240756
16924,416.5399831687956,0.04155214314364406
16925,144.89197651191606,0.13566724947879644
16926,0.0,0.15878
16927,0.0,0.140128
16928,2.2384343386632306,0.06617600129523707
16929,0.0,0.076668
16930,0.0,0.06598
16931,9.153050204774722,0.12348238258563246
16932,2.2384343386632306,0.019417000139592792
16933,5.279425126248479,0.0734813413337081
16934,0.0,0.052186
16935,0.0,0.045513
16936,29.467148726265943,0.06790289698212867
16937,9.374264767795015,0.10116301275522951
16938,24.930418615396608,0.05184404623275675
16939,15.556153847601589,0.08552502969543478
16940,29.467148726265943,0.0202374019752734
16941,15.556153847601589,0.01813700629741129
16942,0.0002027910294730388,0.009067
16943,20.835376182820596,0.04045206859662132
16944,2.2384343386632306,0.04010800743212555
16945,0.056177682832977645,0.2537640000296177
16946,5.279425126248479,0.06457400258239758
16947,9.153050204774722,0.02569807962039476
16948,11.39148454343795,0.12037857769829623
16949,0.0,0.038073
16950,0.0,0.010154
16951,80.00835343317911,0.3356694461744083
16952,12.748898409844774,0.33559201719389326
16953,616.1092949272341,0.28093114780106426
16954,187.53920144230665,0.2225070391504728
16955,239.447006716123,0.14116268413425964
16956,26.392531309563946,0.20359724464518533
16977,232.49168589998584,0.4250018748109648
16978,72.80934288272545,0.348546319220297
16979,72.80934288272545,0.03314849749940909
16980,72.80934288272545,0.1476549421232203
16981,72.80934288272545,0.13148777316599233
16982,172.18755169278862,0.2407056374767129
16983,232.49168589998584,0.13170274576015603
16984,239.447006716123,0.05013808647067582
16985,9.681446306692358,0.24931686421926966
16986,57.29970553747063,0.33211832164092236
16987,168.67724523766051,0.33242741891986904
17,0.0,0.26441
170,70.63409476702033,0.4143069657875654
17006,197.22064774899906,0.08731341653269768
17007,0.0,0.081736
17008,26.392531309563946,0.13214140394969104
17009,0.0,0.150464
17010,9.681446306692358,0.07183424900257912
17011,9.681446306692358,0.06022820877199286
17012,26.392531309563946,0.1282333032773985
17013,88.85739324298544,0.04251240993136806
17014,516.1911724022773,0.27359167707517873
17015,48.037237015471376,0.17757115251439085
17016,619.7634285756733,0.2757867156916791
17017,88.85739324298544,0.0750158981268945
17018,0.0,0.29111
17019,0.0,0.121222
17020,619.7634285756733,0.12294397423389154
17021,88.85739324298544,0.21310220733596827
17022,14.714862930410483,0.13494508058599375
17023,0.0,0.134944
17024,14.714862930410483,0.04975639842924995
17025,48.037237015471376,0.0497602461449122
17026,103.57225617339591,0.12413922854171448
17027,48.037237015471376,0.04302167112834298
17028,14.714862930410483,0.043018344473620754
17029,0.0,0.043536
17030,0.0,0.043536
17031,330.3072162225786,0.056649655377317275
17032,0.0,0.019292
17033,0.0,0.15557
17034,48.037237015471376,0.15558327624334736
17035,0.0,0.155718
17036,516.1911724022773,0.025751278100032693
17037,484.6202507506345,0.25617586458230507
17038,476.1595973584653,0.29022931121139267
17039,173.76116402683104,0.26383627175862545
17040,357.2243358540393,0.19169440956692133
17041,187.53920144230665,0.18408913385870823
17042,26.392531309563946,0.18385473608008823
17043,239.447006716123,0.17064105700804844
17044,239.447006716123,0.054775899554028236
17045,143.09740302551504,0.07730049386618743
17046,0.0,0.12754
17047,173.76116402683104,0.1276824115324885
17048,173.76116402683104,0.12012798564708661
17049,357.2243358540393,0.1802888363444736
17050,173.76116402683104,0.03944799862024602
17051,0.0,0.039404
17052,530.9854998808705,0.06791281833358137
17053,20.113274883433533,0.12797591461137786
17054,70.94146918877442,0.12580890844943973
17055,71.0936194385935,0.47338043289523213
17056,120.60410537493685,0.07229210724327213
17057,81.82641589994277,0.07228989065941549
17058,11.85082101366193,0.34306178180541236
17059,0.056177682832977645,0.2436900000284419
17060,372.60653835878435,0.1837596037197331
17061,421.06942132257655,0.1770345250063989
17062,44.68720664131415,0.12785744177544855
17063,43.28671645339081,0.2953977941590938
17064,20.113274883433533,0.11356169896438394
17065,11.39148454343795,0.23412312355979092
17066,29.25890794604615,0.13283620544782793
17067,67.94379430628405,0.15263405374787217
17068,6.350659099707411,0.15260822761884474
171,0.09731355789423173,1.3537610000183944
17109,433.8790020876116,0.09962120316171277
17110,59.95285034570558,0.3827808751250141
17111,97.35401718622002,0.3828641508941716
17112,380.64008639883747,0.09291522362608926
17113,416.5399831687956,0.0637805316987964
17114,97.35401718622002,0.20813492792136265
17115,59.95285034570558,0.208089657043505
17116,416.5399831687956,0.04608854897122614
17117,416.5399831687956,0.04563891109949231
17118,26.93432394982968,0.027076726423652827
17119,62.83422071978799,0.027079953395691927
17120,6.350659099707411,0.21939832723788597
17121,67.94379430628405,0.2194354563599265
17122,33.893267408395744,0.025447081034892204
17123,33.57259593064633,0.025447060675854293
17124,67.94379430628405,0.10575805228624977
17125,6.350659099707411,0.10574015771399038
17126,29.25890794604615,0.22197502748466838
17127,20.113274883433533,0.11738975623486353
17128,11.85082101366193,0.188212977546669
17129,44.68720664131415,0.22959695484330986
17130,20.113274883433533,0.08435926207500441
17131,26.935343096501864,0.07001187844469926
17132,7.337582366125288,0.06894813728432868
17133,24.633982719952986,0.013516303326784112
17134,31.97156508607827,0.02077078515898044
17135,22.3104178704087,0.019158352662182517
17136,7.337582366125288,0.02445804869902116
17137,6.87824589590131,0.02505804384248005
17138,0.056177682832977645,0.015780000001841737
17151,0.056177682832977645,0.07896400000921618
17152,11.39148454343795,0.13843466434968135
17157,176.04758908149017,0.1321953464186089
17158,79.5465735974571,0.47891004399755777
17159,39.54434402583409,0.47882568945398085
17160,80.66603580937866,0.17181903385275868
17161,67.94379430628405,0.13913775000708672
17162,6.350659099707411,0.13911420749218892
17163,0.0,0.09247
17164,95.44503399036094,0.2608538518581896
17165,39.54434402583409,0.07215417251973635
17166,79.5465735974571,0.07216688389346615
17167,79.5465735974571,0.0318334476340049
17168,0.0,0.031826
17169,67.94379430628405,0.027816748157605244
17170,6.350659099707411,0.0278120414823293
17171,44.68720664131415,0.12770343040230686
17172,29.25890794604615,0.18954200069079377
17173,29.25890794604615,0.09110888440684332
17174,44.68720664131415,0.12190900250631348
17175,141.60987050166955,0.030240410217980296
17176,51.037865741021555,0.04159200632667138
17177,67.94379430628405,0.04159510004237332
17178,79.5465735974571,0.02752643998264987
17179,44.838880788095025,0.027522046215027313
17180,44.838880788095025,0.24668834083796468
17181,79.5465735974571,0.1571307617236337
17182,176.04758908149017,0.11636722528566681
17183,0.0,0.086153
17184,268.80027218621603,0.06929288507852935
17185,268.80027218621603,0.06077314780816761
17186,230.02258271122204,0.10112756351439726
17187,108.0905995567342,0.05719195872861133
17188,0.5589182710259576,0.03569200001599778
17189,93.31160137575195,0.023078118238057763
17190,230.02258271122204,0.021757829338485957
17191,230.02258271122204,0.03838926603356771
17192,20.113274883433533,0.18870682318928417
17193,11.85082101366193,0.18870498010204786
17194,14.974323105475339,0.024673354944701385
17195,2.317246752917487,0.08444001676818673
17196,8.173048019837687,0.08444020859775905
17197,20.113274883433533,0.09647944340160121
17198,11.85082101366193,0.09667050209039006
17199,20.113274883433533,0.10019949905629924
172,10.36187197074759,0.08244136790986958
17200,11.85082101366193,0.07874040896449068
17201,20.113274883433533,0.07874117802444164
17202,11.85082101366193,0.06898835831397361
17203,20.113274883433533,0.06898903212535153
17204,120.60410537493685,0.21302676968593023
17205,81.82641589994277,0.2130202379673689
17206,82.81410772619878,0.02320588423422237
17207,103.64189151283992,0.023209216201438294
17208,81.82641589994277,0.032587518955956005
17209,120.60410537493685,0.03258851816854004
17210,0.0,0.0673653333333333
17211,14.974323105475339,0.03856670044720277
17212,5.84447157269053,0.5126867350739839
17213,80.74148642241116,0.5126997225282887
17214,0.0,1.419064
17215,0.0,1.419064
17216,12.404468439560928,0.3850350850058222
17217,0.0,0.426978
17218,2.9100728512086484,0.3003620036495966
17219,0.0,0.540387
17220,0.0,0.330394
17221,0.0,0.330394
17222,80.64322895380778,0.11075348013609905
17223,126.78374600942563,0.11075762064835606
17224,0.0,1.038032
17225,0.0,1.038032
17226,76.14934916302077,0.33652215164498933
17227,4.929764537732343,0.33645030238914575
17228,0.0,0.484998
17229,0.0,0.484998
17230,0.11069324239482764,0.9605880000168877
17231,76.3725356940491,0.16687798927685085
17232,0.23690257071929183,0.3373440007001738
17233,0.0,0.337344
17234,4.914397223489463,0.22892820447148013
17235,49.5417922109486,0.3353544369673031
17236,49.1668662679529,0.3353539780243637
17237,0.0,0.172964
17238,0.0,0.172964
17267,11.481551317832173,0.34543368405791314
17268,25.92113677739395,0.3454405834912199
17269,4.816985388240918,0.2573562208402695
17270,17.13261302689905,0.05884273413493936
17271,41.355182402301814,0.07454849803046822
17272,70.19219017242945,0.3376995208346937
17273,58.56645691251097,0.3376808294536624
17274,0.23690257071929183,0.10020000020796994
17275,12.33132018264855,0.10020056348217589
17276,0.9300743492010677,0.2454080078508623
17277,4.605853299081342,0.24540819253169358
17350,0.0,0.077726
17351,0.0,0.077726
17352,41.355182402301814,0.046941646932815766
17353,0.0,0.18157
17354,0.0,0.18157
17355,17.13261302689905,0.05130005881994458
17378,17.13261302689905,0.2173282491855929
17379,41.355182402301814,0.18775992102005867
17380,0.0,0.0349533333333333
17381,0.0,0.20931
17382,41.355182402301814,0.07720318243208255
17383,0.0,0.04867
17384,0.0,0.100106
17385,17.13261302689905,0.03898537803343362
17386,0.0,0.017084
17387,0.0,0.017084
17388,17.13261302689905,0.22054291953815652
17389,41.355182402301814,0.22054414003909165
17390,0.0,0.181728
17391,0.0,0.181728
174,0.8648175231343843,0.12329066702686285
17400,0.0,0.006778
17401,0.0,0.006778
17404,0.0,0.101688
17405,0.0,0.101688
17406,0.0,0.187178
17407,0.0,0.187178
17408,1.1412064383606444,0.11072600533299715
17409,0.0,0.110726
17410,69.95528760171014,0.3471928241402333
17411,46.23513672986242,0.34715744288423694
17412,0.0,0.116506
17413,1.1412064383606444,0.11650600561138455
17414,56.81229385544147,0.35147394877338733
17415,76.87449060387208,0.3515088067022627
17416,30.469331412381603,0.0961443486647726
17417,52.40929827762434,0.09614503157049291
17418,0.0,0.100486
17419,0.21630335335006592,0.1004860001738703
17420,26.313613774073207,0.1629021712868545
17421,11.270419228672596,0.16289876522509997
17422,0.0,0.100822
17423,0.8199124391888954,0.10082200250659154
17424,17.13261302689905,0.13409748708767472
17425,41.13887904895174,0.15523302623351865
17426,0.21630335335006592,0.04975400008608903
17427,0.0,0.072378
17428,17.13261302689905,0.022294692229455255
17429,0.21630335335006592,0.04083600007065827
17430,17.13261302689905,0.015810684794981166
17431,52.40929827762434,0.0914063140606253
17432,30.469331412381603,0.09140566481340238
17433,0.8199124391888954,0.10874800270364421
17434,0.0,0.108748
17435,0.0,0.058308
17436,0.0,0.058308
17437,0.0,0.237774
17438,0.0,0.237774
17439,0.0,0.09023
17440,0.0,0.09023
17441,0.0,0.080742
17442,0.0,0.080742
17443,12.33132018264855,0.10967461675992174
17444,0.23690257071929183,0.10967400022763368
17445,1.1412064383606444,0.07700200370871743
17446,0.0,0.077002
17447,4.605853299081342,0.14939011720200526
17448,0.9300743492010677,0.14939000477914463
17449,4.816985388240918,0.048018041204821574
17450,0.0,0.203792
17451,1.7109684081811203,0.2037920220629929
17452,91.58237511718214,0.3404935823584139
17453,42.19563661983648,0.34041041313675874
17454,70.19219017242945,0.33535709410015885
17455,58.56645691251097,0.3353385323704535
17456,0.0,0.180836
17457,1.7109684081811203,0.1808360195777233
17458,1.7109684081811203,0.18516802004671562
17459,0.0,0.185168
17460,44.09741533086045,0.1832891802965146
17461,44.09741533086045,0.20902503095754224
17462,12.420246331949183,0.2303553141637681
17463,71.72174968103215,0.2303978218615422
17464,76.3725356940491,0.1625730608664532
17465,0.0,0.162538
17466,4.816985388240918,0.17115214686758345
17467,0.0,0.338088
17468,0.23690257071929183,0.338088000701718
17469,76.14934916302077,0.450598610076894
17470,4.929764537732343,0.4505024048949768
17471,0.9437903888920274,0.19814400652717623
17472,4.621220613324222,0.19814415649037903
17473,4.621220613324222,0.12071809534079042
17474,0.9437903888920274,0.12071800397664154
17475,0.0,0.143008
17476,0.0,0.143008
17477,0.0,0.246343
17478,0.0,0.500218
17479,271.4302404958429,0.121382922805128
17480,17.344760006983332,0.2687441160025439
17481,271.4302404958429,0.1450830748553981
17482,271.4302404958429,0.10109842013025147
17483,0.0,0.21752
17484,12.709259328530294,0.21752129937046277
17485,284.1394998243732,0.11807189150633345
17486,0.0,0.11357
17487,0.0,0.11357
17488,0.0,0.371608
17489,0.0,0.371608
17490,0.0,0.152708
17491,0.0,0.152708
17492,0.0,0.157628
17493,0.0,0.157628
17494,0.0,0.371978
17495,124.62141327288072,0.3122709430806201
17496,80.64322895380778,0.3122599323356117
17497,0.0,0.36528
17498,0.10687633348876456,0.21859400009234103
17499,8.448855631458553,0.2185945770684468
17500,0.12254036575331964,0.024500000013605604
17501,0.10687633348876456,0.024500000010349576
17502,0.0,0.090574
17503,0.0,0.090574
17504,0.0,0.093846
17505,2.162332736544918,0.09384601622759371
17506,126.78374600942563,0.010012628648718519
17507,80.64322895380778,0.010012254341186428
17508,0.0,0.258502
17509,0.0,0.258502
17510,4.914397223489463,0.33695230095520934
17511,0.0,0.336952
17512,4.914397223489463,0.1648861472711266
17513,4.914397223489463,0.16381214631186272
17514,0.0,0.33139
17515,0.0,0.33139
17516,4.914397223489463,0.1948821740626354
17517,76.13563312332981,0.19492377735762487
17518,0.0,0.212064
17519,0.0,0.212064
17520,0.0,0.227908
17521,0.0,0.227908
17522,0.0,0.104556
17523,0.0,0.104556
17524,0.0,0.009862
17525,0.0,0.009862
17526,0.0,0.230726
17527,0.0,0.06726
17528,0.0,0.06726
17529,0.0,0.15364
17530,0.0,0.15364
17531,0.0,0.15051
17532,0.0,0.15051
17533,0.0,0.305322
17534,79.95013515504517,0.49928979971127435
17535,2.5455556530324963,0.49927734597100526
17536,0.0,0.240677
17537,0.11069324239482764,0.09016200004085631
17538,0.23613824798336316,0.41758600003340957
17539,0.0,0.40358
17540,0.0,0.252816
17541,0.0,0.291118
17542,0.0,0.088417
17543,0.0,0.077967
17544,0.0,0.078215
17545,0.23613824798336316,0.3390100006990987
17546,0.11069324239482764,0.1525260000026815
17547,0.0,0.127622
17548,5.8635879244093205,0.4415805614739238
17549,0.0,0.304668
17550,0.0,0.92137
17551,0.0,0.921952
176,0.0,0.902673
17640,0.8517213464932074,0.32806400880130265
17641,3.387705599076287,0.3280641392397428
17642,2.6739346032252853,0.061260000628449954
17643,0.23613824798336316,0.05378000000430275
17644,2.9100728512086484,0.056009000680546324
17645,0.0,0.213412
17646,0.0,0.257374
17647,0.0,0.073328
17648,0.23613824798336316,0.08229000000658374
17649,0.0,0.043172
17650,0.0,0.127544
17651,0.0,0.053781
17652,0.23613824798336316,0.014802000001184255
17653,0.0,0.046049
17654,6.540880515151606,0.3168765013662453
17655,2.439945542077258,0.07888000183437113
17656,86.27471231684672,0.07888229347481925
17657,0.11069324239482764,0.3065600001389156
17658,2.439945542077258,0.06573866819543323
17659,86.27471231684672,0.06574057805075192
17660,86.27471231684672,0.031846259252072025
17661,2.439945542077258,0.03184533407390328
17662,2.439945542077258,0.08561600199101822
17663,86.27471231684672,0.08561848932733424
17664,12.404468439560928,0.04331300956239608
17665,12.404468439560928,0.030120171397545067
17666,0.0,0.216284
17667,0.0,0.219086
17668,0.0,0.024244
17669,0.0,0.069414
17670,0.0,0.314152
17671,0.0,0.31746
17672,0.0,0.071368
17673,0.0,0.218142
17674,0.0,0.218142
17675,0.0,0.237024
17676,0.0,0.183916
17677,0.0,0.36722
17678,0.0,0.186918
17679,0.0,0.185954
17680,0.0,0.124286
177,0.0,0.648154
17725,0.23613824798336316,0.04931400010169421
17726,0.0,0.027662
17727,0.0,0.330086
17728,0.0,0.330086
17729,0.0,0.02423
17730,0.0,0.101512
17731,0.0,0.198198
17732,0.0,0.09806
17733,0.0,0.018002
17734,0.0,0.018002
17735,0.0,0.024498
17736,0.0,0.02453
17737,0.0,0.106276
17738,0.0,0.087624
17739,0.0,0.036926
17740,0.0,0.219228
17741,0.0,0.262144
17742,0.0,0.37117
17743,0.0,0.220248
17744,0.0,0.254486
17745,0.11069324239482764,0.03617100000063591
17746,0.0,0.08686
17747,0.0,0.150284
17748,0.0,0.046086
17749,0.11069324239482764,0.08811600003992917
17750,0.11069324239482764,0.01948600000882995
17751,0.0,0.0285
17752,0.0,0.036193
17753,0.0,0.022984
17754,0.0,0.026006
17755,0.0,0.02613
17756,0.0,0.070612
17757,5.8635879244093205,0.14659418639591557
17758,0.0,0.146594
17759,0.0,0.181962
17760,5.8635879244093205,0.18196223136672435
17761,5.8635879244093205,0.024170030732426153
17762,0.0,0.02417
17763,0.0,0.019466
17764,0.0,0.019352
17765,0.0,0.017482
17766,0.0,0.017952
17767,32.20325133281862,0.6136075324303567
17768,50.36078506989717,0.6136415509268611
17769,126.85968578440963,0.24766571867318124
17770,23.940707365453676,0.2597052135730322
17771,16.63791446348267,0.10694109479112208
17772,144.68277839974465,0.10702278795838474
17773,22.5641623075752,0.10992606978038176
17774,45.741773940204226,0.10993250573489645
17775,116.85903454586243,0.1587284667410521
17776,56.05401532386923,0.45220003861041796
17777,122.65494504601632,0.22137567538579953
178,0.0,0.187354
17808,446.6762549476791,0.1763399943974987
17809,2.137225846995498,0.02013800340181338
17810,0.0,0.020138
17811,542.7722206397107,0.19089409275182462
17812,116.85903454586243,0.06997173236478033
17813,37.39894683485951,0.29853659911142394
17814,403.75156252513665,0.09946196161149408
17815,128.47928225745932,0.07142327175511777
17816,11.03244404250096,0.160856724059147
17817,47.52527839020271,0.08841138438901687
17818,294.29082553243046,0.1329504708287113
17819,12.164468219891445,0.15417484370516774
17820,74.04357211694713,0.47686775112389446
17821,52.81611366746251,0.39027856206099293
17822,21.256034773757833,0.4288602780175369
17823,31.560078893704674,0.3167224526333377
17824,166.13156175628862,0.18956843541852225
17825,446.85673837344433,0.23133581109928908
17826,108.24346000596894,0.23394532646137192
17827,8.51390391070679,0.13172635311999173
17828,55.31484041362502,0.291524983996849
17829,23.69019457517546,0.2880299780459054
179,1.7109684081811203,0.18735402028337703
17902,481.38968010520557,0.18324973108686898
17903,257.5444262998203,0.16663575735480735
17904,315.27679029487143,0.19365928715774822
17905,23.69019457517546,0.4209487367672257
17906,339.9734778202539,0.3416561869773766
17907,280.09087701714213,0.24321984493521634
17908,577.5472485148899,0.24961281527640589
17909,328.5862003180162,0.2983942182947426
17910,26.23492212598532,0.16305415024442332
17929,71.72743159064683,0.12277335529587002
17930,5.048601332735145,0.12275011570628994
17931,363.6636723954295,0.1426141235117873
17944,53.82273898827023,0.1556806768141314
17945,530.5531070758825,0.048322408218085845
17946,87.61746266049015,0.14116606652610508
17947,87.61746266049015,0.13475424668828404
17948,563.8187316256394,0.09769983633376589
17949,425.6902901852381,0.10185871740164515
17950,83.37557297797126,0.08650501558108437
17951,125.96447822124748,0.2327685082663802
17952,8.51390391070679,0.1997265354086776
17953,13.169669889496458,0.12500880182740928
17954,0.0,0.13394
17955,0.0,0.13394
17956,23.940707365453676,0.3594096181191098
17957,59.68974661009415,0.1377081424185998
17958,150.46304069430548,0.12447767376286197
17959,374.30981042948036,0.12453478680375543
17960,0.0,0.301628
17961,47.52527839020271,0.025136099443843606
18,0.0,0.16892
180,30.717142832059697,0.18229836095842167
18004,390.55208840031867,0.187843670603398
18005,372.2121934479777,0.11300912512670232
18006,566.4023247347217,0.07232251899616847
18007,246.1529343419666,0.07224909620470339
18008,466.0383254755789,0.07237066650902302
18009,301.9094954404143,0.15193644306506301
18010,55.31484041362502,0.1841968405740249
18011,442.3481309004034,0.09363873783155278
18012,295.4782982838462,0.09711455670603919
18013,151.2856463343214,0.3069616004080696
18014,170.14756332068663,0.31058216706629277
18015,168.62348576519832,0.1588428555597338
18016,16.63791446348267,0.1586776244349737
18017,59.68974661009415,0.14914964978492112
18018,168.62348576519832,0.07139699856456762
18019,164.85302655842568,0.02924336149652208
18020,134.64773187083873,0.018654499248449457
18021,16.63791446348267,0.07308074815162897
18022,0.0,0.025124
18023,59.68974661009415,0.07545394071195324
18024,0.0,0.120592
18025,2.137225846995498,0.12059202037101396
18026,0.0,0.074456
18027,0.0,0.074456
18028,13.169669889496458,0.09518661054287549
18029,13.169669889496458,0.04539629117942109
18030,13.169669889496458,0.11044470841087282
18031,0.0,0.087616
18032,0.0,0.087616
18033,59.68974661009415,0.06213618615863718
18048,47.52527839020271,0.11423954163564316
18049,12.164468219891445,0.08712247676833722
18050,59.68974661009415,0.030994083328872157
18051,12.164468219891445,0.03818220894801143
18052,61.30757951987122,0.2932069714994935
18053,95.06630632558058,0.12411546936038435
18054,109.4607369927062,0.191843645168223
18055,346.62302999795634,0.1316684577829998
18056,380.0360059298351,0.221208728827114
18057,52.81611366746251,0.1816827271716379
18058,346.62302999795634,0.08839904820168626
18059,346.62302999795634,0.10305387632256847
18060,18.149733622108208,0.11496340051619179
18061,66.64024901784401,0.03777620316766814
18062,25.5530567212113,0.11496477608871915
18063,127.87217795860003,0.04121196546583559
18064,122.65494504601632,0.042638505570416554
18065,57.099771634911164,0.21834302140545517
18066,13.841697553863254,0.12466203426927744
18067,47.52527839020271,0.09970232744308684
18068,8.51390391070679,0.01462403920279033
18069,2.137225846995498,0.014624002470360456
18070,11.03244404250096,0.18768284481069297
18071,134.8559603211706,0.11283868210875973
18072,2.137225846995498,0.10512001775740504
18073,0.0,0.10512
18074,8.51390391070679,0.14662039304657537
18075,8.51390391070679,0.06646817818182903
18076,2.137225846995498,0.0664680112281126
18077,47.52527839020271,0.0898955083475855
18078,2.137225846995498,0.10452001765604998
18079,8.51390391070679,0.10452028018843308
18080,11.03244404250096,0.10123045566536189
18081,127.87217795860003,0.11982631975351378
18082,111.62250100351535,0.13343716076990914
18083,54.5090607527733,0.09986697248195953
18084,47.52527839020271,0.06657756076134148
18085,127.87217795860003,0.08926303439930867
18086,140.03664617849148,0.17091575825305907
18087,0.0,0.104034
18088,122.65494504601632,0.08712911997647482
18089,102.08685967790446,0.08338412543573016
18090,83.58567463631194,0.08337353639668074
18091,0.06216779542241624,0.11459400001637896
18092,0.0,0.114594
18093,120.36641427137855,0.08348205765269395
18094,2.3190444692126793,0.1611820320573786
18095,8.173048019837687,0.16118239817863572
181,0.0,0.197194
18114,169.0457333308581,0.12176692426792188
18115,237.5292022177348,0.16956536246260356
18116,178.09840791791868,0.12527478034024975
18117,222.7755325719056,0.12535765864434686
18118,174.78175119481168,0.08909729744143065
18119,0.12583703968261495,0.18882500000429012
18120,144.68277839974465,0.07054056697245845
18121,16.63791446348267,0.07048672159572686
18122,0.5589182710259576,0.09446900004234265
18137,139.95390347557742,0.12079143493811817
18138,46.33758593830132,0.12071358477194778
18139,177.6086263091902,0.14390167987251695
18140,216.54973309922354,0.14398326891889987
18141,46.33758593830132,0.04871986840328579
18142,139.95390347557742,0.04875128864366852
18143,174.78175119481168,0.06927226532197026
18148,230.02258271122204,0.03752508746100633
18149,120.36641427137855,0.13245549576712257
18150,48.679319059479575,0.052580178772913155
18151,7.374696264389641,0.05794000452125407
18152,100.22112008237976,0.0362467554349729
18153,16.63791446348267,0.06777869387275737
18154,144.68277839974465,0.04391997449356343
18155,102.08685967790446,0.18698203864565127
18156,83.58567463631194,0.1869582935970774
18163,178.09840791791868,0.1845542361290915
18164,222.7755325719056,0.18467633206941383
18165,102.08685967790446,0.007845022454974038
18166,83.58567463631194,0.007844026207202832
18167,83.58567463631194,0.1262366084485879
18168,102.08685967790446,0.1262526414062157
18173,8.173048019837687,0.43666907873005983
18174,2.3190444692126793,0.4366680868486022
18181,8.173048019837687,0.16908841770935437
18182,2.317246752917487,0.16908803357767832
18183,2.3190444692126793,0.11701402327283507
18184,8.173048019837687,0.11701428906748199
18185,54.696213449585386,0.19825393216976298
18186,36.56622128787299,0.19824180228311086
18187,36.56622128787299,0.2501263677722971
18188,54.70898949747131,0.2501416852660259
18189,54.696213449585386,0.2157498676866212
18190,36.56622128787299,0.21573666733588107
18191,117.60732557509967,0.06985577404981459
18192,36.56622128787299,0.08260008425166383
18193,54.70898949747131,0.08260514259990515
18194,0.06216779542241624,0.05333400000762305
18195,0.0,0.053334
18196,0.0,0.139744
18197,0.06216779542241624,0.13974400001997367
18198,0.06216779542241624,0.04554400000650962
18199,0.0,0.045544
182,0.0,0.12966
18200,0.0023477574146889804,0.0323680000000066
18201,0.06411374115516376,0.03236800000492052
18202,0.0,0.255438
18203,0.06216779542241624,0.25543800003650985
18204,2.256876673790263,0.15850202985683134
18205,8.173048019837687,0.15850239155805312
18212,83.58567463631194,0.05009894116474892
18213,102.08685967790446,0.050105304090771435
18214,0.001945945732747524,0.22580600000003165
18215,0.0023477574146889804,0.22580600000004603
18226,102.08685967790446,0.07087130461619238
18227,83.58567463631194,0.07086230459360844
18228,83.58567463631194,0.04676608024630976
18229,102.08685967790446,0.04677201987501353
18230,83.58567463631194,0.06029557507908527
18231,102.08685967790446,0.06030323305098635
18232,83.58567463631194,0.039966323786661095
18233,102.08685967790446,0.0399713997973658
18234,8.173048019837687,0.05493213570218025
18235,2.256876673790263,0.05493201034747486
18240,0.06411374115516376,0.05389600000819317
18241,0.0023477574146889804,0.053896000000010984
18242,0.06216779542241624,0.15585800002227684
18243,0.0,0.155858
18244,32.20325133281862,0.18171696901796677
18245,52.52311780644209,0.18172853843794218
18246,52.52311780644209,0.19471386309304228
18247,32.20325133281862,0.19470146698576865
18248,0.0,0.177716
18249,5.8635879244093205,0.17771622596788772
18250,5.8635879244093205,0.13830417585508759
18251,0.0,0.138304
18252,0.0,0.4813760000000001
18253,0.0,0.4813760000000001
18254,0.0,1.074242
18255,0.0,0.1609906666666666
18256,0.0,1.045089
18257,0.0,1.597714
18258,0.0,1.597714
18259,0.0,0.370252
18260,0.0,0.304212
18261,0.0,0.304212
18262,0.0,0.279474
18263,0.0,0.279474
18278,0.0,0.232772
18279,0.0,0.232772
18280,0.0,0.240661
18281,24.58517630884798,0.11685010133687727
18282,0.0,0.04115
18283,0.0,0.04115
18284,0.0,0.064943
18285,24.58517630884798,0.05567304828179691
18286,14.898094016180595,0.6328232015281985
18287,0.0,0.231302
18288,0.0,0.104498
18289,0.0,0.104498
18290,0.0,0.25162
18291,0.0,0.25162
18292,0.0,0.222388
18293,0.0,0.222388
18294,14.898094016180595,0.10996003501775489
183,0.0,0.12312
18361,24.58517630884798,0.5706654949029445
18362,0.0,0.211517
18363,0.0,0.551326
18376,0.0,0.264272
18377,24.58517630884798,0.014321012419729735
18378,0.0,0.067504
18379,0.0,0.034333
18380,0.0,0.300161
18381,0.0,0.06797
18382,0.0,0.026917
18383,0.0,0.254092
184,4.630956390721925,0.1536626795393706
18406,0.0,0.0589359999999999
18407,0.0,0.011482
18408,0.0,0.09091
18409,0.0,0.039541
18410,0.0,0.057712
18411,0.0,0.026448
18412,0.0,0.012539
18413,0.0,0.064369
18414,0.0,0.034087
18415,0.0,0.025736
18416,0.0,0.030295
18427,0.0,0.030417
18428,0.0,0.160414
18429,0.0,0.160124
18430,0.0,0.013308
18431,0.0,0.100454
18432,0.0,0.100454
18433,0.0,0.066654
18434,0.0,0.066654
18435,0.0,0.152874
18436,0.0,0.152874
18437,14.898094016180595,0.3455482995917428
18438,0.0,0.050472
18439,0.0,0.050472
18440,0.0,0.267514
18441,0.0,0.267514
18442,24.58517630884798,0.7956845453197358
18443,0.0,0.114688
18444,0.0,0.114688
18445,0.0,0.12554
18446,0.0,0.12554
18487,14.898094016180595,0.24517087923078892
18488,14.898094016180595,0.21524151994858273
18489,0.0,0.081782
18490,0.0,0.081782
18491,0.0,0.0610219999999999
18492,0.0,0.0610219999999999
18493,0.0,0.134514
18494,0.0,0.134514
18495,0.0,0.159924
18496,0.0,0.05363
18497,0.0,0.05363
18498,0.0,0.11543
18499,0.0,0.026846
18500,0.0,0.026846
18501,0.0,0.2115
18502,0.0,0.2115
18503,14.898094016180595,0.1349374503246366
18504,0.0,0.170448
18543,0.0,0.044904
18546,0.0,0.134476
18547,14.898094016180595,0.06872139291505286
18548,14.898094016180595,0.09747475117766154
18549,0.0,0.1637
18550,14.898094016180595,0.04316670409236984
18551,14.898094016180595,0.030584026516471997
18552,14.898094016180595,0.025500022108620058
18553,0.0,0.045522
18554,0.0,0.045522
18555,0.0,0.062682
18556,0.0,0.062682
18557,0.0,0.237236
18558,0.0,0.237236
18559,0.0,0.125196
18560,0.0,0.125196
18561,0.0,0.009276
18562,0.0,0.009276
18563,0.0,0.190432
18564,0.0,0.190432
18565,0.0,0.098254
18566,0.0,0.03387
18567,0.0,0.03387
18568,0.0,0.095356
18569,0.0,0.095356
18570,0.0,0.075588
18571,0.0,0.075588
18572,0.0,0.075472
18573,0.0,0.075472
18574,0.0,0.046146
18575,0.0,0.046146
18576,0.0,0.087054
18577,0.0,0.087054
18578,0.0,0.119968
18579,0.0,0.119968
18580,0.0,0.105442
18581,0.0,0.105442
18582,0.0,0.033718
18583,0.0,0.033718
18584,0.0,0.052646
18585,0.0,0.052646
18586,0.0,0.020926
18587,0.0,0.020926
18588,0.0,0.151782
18589,0.0,0.151782
18590,0.0,0.02132
18591,0.0,0.02132
18592,0.0,0.088096
18593,0.0,0.088096
18594,0.0,0.129018
18595,0.0,0.129018
18596,0.0,0.129158
18597,0.0,0.129158
18598,0.0,0.020936
18599,0.0,0.020936
18600,0.0,0.128154
18601,0.0,0.128154
18602,0.0,0.309942
18603,0.0,0.309942
18604,0.0,0.203888
18605,0.0,0.112088
18606,0.0,0.644561
18607,0.0,0.460956
18608,0.0,0.099418
18609,0.0,0.468752
18610,0.0,0.189884
18611,0.0,0.250274
18660,0.0,0.306985
18661,24.64135399168096,0.16523614395473513
18662,0.0,0.038664
18663,0.0,0.08416
18664,14.978407653671729,0.06268138826585717
18665,0.0,0.039577
18666,24.637638969398527,0.05125604464111476
18667,0.024135954658157426,0.04195400000090385
18668,14.954271699013573,0.10362703325030288
18669,14.954271699013573,0.10622703408455253
18670,24.64135399168096,0.05274804595441895
18671,0.0,0.054999
18672,0.0,0.074548
18673,0.0,0.033759
18674,24.64135399168096,0.010327008996953144
18675,0.0,0.016949
18676,14.954271699013573,0.010259003291756563
18677,0.056177682832977645,0.01699600000007696
18678,0.0,0.038737
18679,24.661774924056683,0.012490010899416391
18680,14.954271699013573,0.0640680205571946
18681,0.0,0.079792
18682,0.0,0.079792
18683,0.0,0.127826
18684,0.0,0.063886
18685,0.0,0.083582
18686,14.978407653671729,0.011910003833850734
18687,0.0,0.173298
18688,0.0,0.159114
18689,0.0,0.161102
18690,0.0,0.11409
18691,0.0,0.11409
18692,0.0,0.116074
18693,0.0,0.129856
18694,0.0,0.086658
18695,0.0,0.097816
18696,0.0,0.097816
18697,0.0,0.102436
18698,0.0,0.052548
18699,0.0,0.004238
18700,0.0,0.061032
18701,0.0,0.061032
18702,0.0,0.0611119999999999
18703,0.0,0.07239
18704,0.0,0.116798
18705,0.0,0.1188539999999999
18706,0.0,0.07306
18707,0.0,0.087428
18708,0.0,0.05533
18709,0.0,0.141662
18710,0.0,0.185828
18711,0.0,0.185828
18720,0.0,0.02419
18721,0.0,0.02419
18722,0.0,0.012402
18723,0.0,0.012402
18724,0.0,0.020108
18725,0.0,0.020108
18726,0.0,0.038874
18727,0.0,0.038874
18728,0.0,0.080158
18729,0.0,0.080158
18730,0.0,0.058584
18731,0.0,0.058584
18750,0.0,0.085134
18751,0.0,0.085134
18770,0.0,0.169742
18771,0.0,0.169742
18772,0.0,0.084112
18773,0.0,0.084112
18774,0.0,0.081344
18775,0.0,0.081344
18776,0.0,0.006238
18777,0.0,0.006238
18778,0.0,0.153694
18779,0.0,0.153694
18784,0.0,0.091554
18785,0.0,0.091554
18792,0.0,0.013546
18793,0.0,0.013546
18794,0.0,0.036752
18795,0.0,0.036752
18796,0.0,0.093388
18797,0.0,0.093388
18798,0.0,0.04513
18799,0.0,0.04513
18800,0.0,0.099076
18801,0.0,0.099076
18802,0.0,0.173696
18803,0.0,0.173696
18804,0.0,0.102456
18805,0.0,0.102456
18806,0.0,0.138082
18807,0.0,0.138082
18808,0.0,0.268878
18809,0.0,0.268878
18810,0.0,0.13759
18811,0.0,0.13759
18812,0.0,0.115356
18813,0.0,0.115356
18814,0.0,0.192398
18815,0.0,0.192398
18816,0.0,0.067496
18817,0.0,0.067496
18818,0.0,0.0610739999999999
18819,0.0,0.0610739999999999
18820,0.0,0.6665293333333333
18821,0.0,0.6665293333333333
18822,0.0,0.354444
18823,0.0,0.372613
18824,0.0,0.203472
18827,0.0,0.617688
18828,0.0,0.617688
18833,0.0,0.265796
18834,0.0,0.265796
18835,0.0,0.101026
18836,0.0,0.101026
18839,0.0,0.065898
18840,0.0,0.065898
18847,0.0,0.099886
18848,0.0,0.099886
18849,0.0,0.09356
18850,0.0,0.09356
18855,0.0,0.10471
18856,0.0,0.10471
18863,0.0,0.173684
18864,0.0,0.173684
18869,0.0,0.076318
18870,0.0,0.076318
18871,0.0,0.050082
18872,0.0,0.050082
18873,0.0,0.05654
18874,0.0,0.05654
18875,0.0,0.244764
18876,0.0,0.244764
18881,0.0,0.17341
18882,0.0,0.17341
18883,0.0,0.097824
18884,0.0,0.097824
18885,0.5769228602617072,0.3112620038313772
18886,0.0,0.311262
18887,0.711068520845051,0.12774200238863576
18888,0.0,0.127742
18895,0.0,0.128536
18896,0.711068520845051,0.1285360024034827
18897,0.0,0.128282
18898,0.711068520845051,0.1282820023987332
18899,0.0,0.360996
18900,0.0,0.360996
18901,0.5769228602617072,0.1277400015723735
18908,0.0,0.193538
18909,0.0,0.193538
18910,0.0,0.530056
18911,0.0,0.530056
18912,0.0,0.191308
18913,0.0,0.191308
18940,0.0,0.62569
18941,0.0,0.62569
18942,0.0,0.127944
18943,0.0,0.127944
18950,0.0,0.073842
18951,0.0,0.073842
18952,0.0,0.341112
18953,0.0,0.341112
18954,0.0,0.38943
18955,0.0,0.38943
18960,0.0,0.179996
18961,0.0,0.179996
18962,0.0,0.778822
18963,0.0,0.778822
18964,0.0,0.331076
18965,0.0,0.331076
18968,0.0,0.334042
18969,0.0,0.334042
18970,0.0,0.032642
18971,0.0,0.032642
18972,0.0,0.081432
18973,0.0,0.081432
18974,0.0,0.353308
18975,0.0,0.353308
18976,0.0,0.2482039999999999
18977,0.0,0.2482039999999999
18984,0.0,0.038946
18985,0.0,0.038946
18986,0.0,0.18666
18987,0.0,0.18666
18988,0.0,0.341754
18989,0.0,0.341754
18990,0.0,0.094232
18991,0.0,0.094232
19,0.711068520845051,1.8128070013151236
19000,0.0,0.18158
19001,0.0,0.18158
19008,0.0,0.185308
19009,0.0,0.185308
19010,0.0,0.195538
19011,0.0,0.195538
19012,0.0,0.086988
19013,0.0,0.086988
19014,0.0,0.340782
19015,0.0,0.340782
19016,0.0,0.382206
19017,0.0,0.382206
19026,0.0,0.39277
19027,0.0,0.39277
19028,0.0,0.33585
19029,0.0,0.33585
19030,0.0,0.35818
19031,0.0,0.35818
19032,0.0,0.348662
19033,0.0,0.348662
19034,0.0,0.182652
19035,0.0,0.182652
19052,0.0,0.045548
19053,0.0,0.045548
19054,0.0,0.026372
19055,0.0,0.026372
19056,0.0,0.18354
19057,0.0,0.18354
19058,0.0,0.190648
19059,0.0,0.190648
19060,0.0,0.0763
19061,0.0,0.05896
19062,0.0,0.05896
19063,0.0,0.082582
19064,0.0,1.982704
19069,0.0,0.10064
19072,0.711068520845051,0.13015200243370012
19073,0.0,0.130152
19074,0.0,0.159028
19075,0.0,0.534334
19076,0.0,0.457852
19077,0.0,0.070053
19078,0.0,0.281437
19079,0.0,0.22986
19080,0.0,0.357869
19081,0.0,0.361136
19082,0.0,0.335276
19083,0.0,1.260511
19084,0.0,0.22324
19085,0.0,0.22324
19088,0.0,0.692002
19089,0.0,0.091754
19090,0.0,0.483327
19091,0.0,0.195553
19092,0.0,0.138742
19093,0.0,0.100838
19094,0.0,0.428248
19095,0.0,0.272528
19098,0.0,0.311284
19099,0.0,0.311284
19100,0.0,0.363092
19101,0.711068520845051,0.04620000086388949
19188,0.20638827679726957,2.2376310001367576
19189,0.20638827679726957,0.7195480000439767
19190,0.0,0.734196
19191,0.0,0.384434
19192,0.20638827679726957,0.384434000605599
19193,0.20638827679726957,0.39516800002415153
19194,0.0,0.373602
19195,0.0,0.079786
19196,0.0,0.079786
19197,0.0,0.090094
19198,0.0,0.090094
19199,0.20638827679726957,0.03630800000221904
19200,0.0,0.299489
19201,0.0,0.735498
19202,0.20638827679726957,1.4904090000910897
19203,0.0,0.518778
19226,0.0,0.137908
19227,0.0,0.124308
19228,0.0,0.563198
19229,0.0,0.563198
19254,0.0,0.946762
19255,0.0,0.946762
19256,0.0,0.33317
19257,0.0,0.33317
19270,0.0,0.375868
19271,0.0,0.375868
19278,0.0,0.032642
19279,0.0,0.032642
19280,0.0,0.165318
19281,0.0,0.170886
19282,0.0,0.018588
19283,0.0,0.34195
19284,0.0,0.34195
19285,0.0,0.238888
19286,0.0,0.238888
19287,0.0,0.182652
19288,0.0,0.182652
19289,0.0,0.181354
19290,0.0,0.181354
19291,0.0,0.147328
19292,0.0,0.147328
19293,0.0,0.364812
19294,0.0,0.257002
19295,0.0,0.11348
19296,0.0,0.11348
19297,0.0,0.110492
19298,0.0,0.110492
19299,0.0,0.132776
19300,0.0,0.132776
19301,0.0,0.113282
19302,0.20638827679726957,0.07821500000478028
19303,0.0,0.078404
19304,0.0,0.078404
19305,0.0,0.4773
19306,0.0,0.4773
19307,0.0,0.230717
19308,0.0,0.1881
19309,0.0,0.1881
19310,0.0,0.183834
19311,0.0,0.184886
19312,0.0,0.022704
19313,0.0,0.022704
19314,0.0,0.024514
19315,0.0,0.024514
19316,0.0,0.13426
19317,0.0,0.13426
19318,0.0,0.165732
19319,0.0,0.134966
19320,0.0,0.023002
19321,0.0,0.0604639999999999
19322,0.0,0.11972
19323,0.0,0.06069
19324,0.0,0.05598
19325,0.0,0.05598
19326,0.0,0.13483
19327,0.0,0.13483
19328,0.0,0.10968
19329,0.0,0.10968
19330,0.0,0.116308
19331,0.0,0.116308
19332,0.0,0.21435
19333,0.0,0.214592
19334,0.0,0.144656
19335,0.0,0.144656
19336,0.0,0.09739
19337,0.0,0.108192
19338,0.0,0.11429
19339,0.0,0.137266
19340,0.0,0.047058
19341,0.0,0.043724
19342,0.0,0.027212
19343,0.0,0.034122
19344,0.0,0.00578
19345,0.0,0.01323
19346,0.0,0.002788
19347,0.0,0.340586
19348,0.0,0.340586
19349,0.0,0.113922
19350,0.0,0.113922
19351,0.0,0.179088
19352,0.0,0.179088
19353,0.0,0.349818
19354,0.0,0.349818
19355,0.0,0.185542
19356,0.0,0.185542
19357,0.0,0.034372
19358,0.0,0.034372
19359,0.0,0.277456
19360,0.0,0.277456
19361,0.0,0.426468
19362,0.0,0.376242
19391,0.0,0.432832
19394,0.0,0.134972
19395,0.0,0.134972
19402,0.0,0.051914
19403,0.0,0.051914
19404,0.0,0.035184
19405,0.0,0.177026
19406,0.0,0.177026
19411,0.0,0.082918
19412,0.0,0.096888
19413,0.0,0.149594
19420,0.0,0.05523
19421,0.0,0.124968
19422,0.0,0.114742
19423,0.0,0.100346
19432,0.0,0.068012
19433,0.0,0.142396
19434,0.0,0.038334
19435,0.0,0.038334
19436,0.0,0.284038
19437,0.0,0.128752
19438,0.0,0.128752
19439,0.0,0.267646
19440,0.0,0.137896
19441,0.20638827679726957,0.14803800000904765
19442,0.0,0.764534
19443,0.0,0.764534
19444,0.0,0.15493
19445,0.0,0.15493
19446,0.0,0.043054
19447,0.0,0.043054
19448,0.0,0.26071
19449,0.0,0.258984
19450,0.0,0.082918
19451,0.0,0.152704
19452,0.0,0.152704
19453,0.20638827679726957,0.2585920000158044
19454,0.0,0.625772
19455,0.20638827679726957,0.6257720009857788
19456,0.0,0.168249
19457,0.0,0.081176
19458,0.0,0.375016
19459,0.0,0.375016
19460,0.0,0.047457
19461,0.0,0.196602
19462,0.0,0.196602
19463,0.0,1.10516
19464,0.0,1.10516
19469,0.0,0.039364
19470,0.0,0.039364
19471,0.0,0.276008
19494,0.0,0.102716
19495,0.20638827679726957,0.24857600039158176
19496,0.0,0.2485759999999999
19497,0.0,0.202923
19498,0.0,0.37632
19499,0.0,0.37632
19516,0.0,0.099828
19517,0.0,0.074969
19518,0.0,0.121214
19519,0.0,0.121214
19520,0.0,0.108973
19531,0.0,0.023572
19532,0.0,0.023572
19537,0.0,0.181532
19538,0.0,0.401586
19539,0.0,0.186402
19540,0.0,0.084484
19541,0.0,0.047088
19542,0.0,0.02448
19543,0.0,0.129816
19545,0.0,1.119452
19546,0.0,0.689355
19547,0.0,0.24674
19548,0.0,0.24674
19549,0.0,0.347298
19550,0.0,0.347298
19553,0.0,0.349328
19554,0.0,0.084362
19555,0.0,0.252632
19556,0.0,0.252632
19557,0.0,0.094254
19558,0.0,0.250622
19560,0.0,0.467834
19561,0.0,0.695222
19562,0.0,0.695222
19563,0.0,0.51712
19564,0.0,0.51712
19566,0.0,0.22752
19621,0.0,0.372267
19622,0.0,0.532673
19623,0.0,0.374368
19624,0.0,0.268776
19625,0.0,0.364022
19626,0.0,0.364022
19627,0.0,0.205768
19628,0.0,0.205768
19629,0.0,0.120454
19630,0.0,0.120454
19631,0.0,0.515366
19632,0.0,0.515366
19633,0.0,0.334332
19634,0.0,0.397918
19635,0.0,0.397918
19636,0.0,0.336308
19637,0.0,0.336308
19638,0.0,0.159776
19639,0.0,0.159776
19640,0.0,0.336584
19641,0.0,0.336584
19642,0.0,0.385606
19643,0.0,0.385606
19644,0.0,0.527418
19645,0.0,0.691067
19646,0.0,0.172434
19701,0.5769228602617072,0.3155680038843805
19702,0.0,0.315568
19703,0.711068520845051,0.19332000361487267
19704,0.0,0.19332
19705,0.0,0.219792
19706,0.0,0.41051
19707,0.0,0.41051
19708,0.0,0.166477
19709,0.0,0.212791
19710,0.0,0.464856
19711,0.0,0.464856
19712,0.5769228602617072,0.08995800004296031
19713,0.0,0.094266
19714,0.0,0.35134
19715,0.0,0.35004
19716,0.0,0.35004
19717,0.0,0.08526
19718,0.0,0.178373
19719,0.0,0.157061
19720,0.5769228602617072,0.21860400269083402
19795,0.0,0.019114
19796,0.711068520845051,0.08358400156292943
19797,0.0,0.199102
19798,0.711068520845051,0.19910200372298975
19799,0.0,0.158198
19800,0.5769228602617072,0.15819800194728625
19801,0.5769228602617072,0.12284800151215704
19812,0.5769228602617072,0.12686400156159067
19813,0.711068520845051,0.06563000122720924
19814,0.0,0.06563
19815,0.5769228602617072,0.12813800157727256
19816,0.711068520845051,0.10343200193406533
19817,0.711068520845051,0.07092400132620127
19818,0.0,0.170214
19819,0.711068520845051,0.17021400318281574
19820,0.711068520845051,0.06311200118012542
19821,0.0,0.063112
19822,0.0,0.052886
19823,0.711068520845051,0.052886000988910394
19824,0.0,0.21303
19825,0.5769228602617072,0.2130300026222227
19826,0.0,0.029534
19827,0.5769228602617072,0.029534000363539058
19828,0.0,0.134278
19829,0.5769228602617072,0.013840000170358926
19830,0.0,0.01384
19831,1.287991381106758,0.0258320015848102
19832,0.0,0.025832
19833,0.0,0.178268
19838,0.711068520845051,0.0548880010263456
19839,0.0,0.093758
19840,0.0,0.093758
19841,0.0,0.067766
19842,0.0,0.19212
19843,0.0,0.19212
19844,0.0,0.187984
19845,0.711068520845051,0.1879840035150953
19846,0.711068520845051,0.03199400059825283
19847,0.0,0.031994
19848,0.0,0.143768
19849,0.711068520845051,0.14376800268830445
19850,0.0,0.020662
19851,0.0,0.020662
19852,0.0,0.17715
19853,0.0,0.17715
19854,0.0,0.110546
19855,0.0,0.040676
19856,0.0,0.040676
19857,0.0,0.169794
19858,0.0,0.169794
19859,0.711068520845051,0.04088200002965836
19860,0.711068520845051,0.07916900005743414
19861,0.0,0.085364
19862,0.711068520845051,0.19280000360514923
19863,0.5769228602617072,0.038639000018452434
19864,0.0,0.196068
19865,0.0,0.023402
19866,0.0,0.023402
19867,0.0,0.023822
19868,0.0,0.043995
19869,0.0,0.109122
19870,0.0,0.06593
19871,0.0,0.456724
19872,0.0,0.456724
19877,0.5769228602617072,0.11220200138111361
19878,0.0,0.112202
19879,0.0,0.0282
19880,0.0,0.0282
19881,0.0,0.077336
19882,0.0,0.077336
19885,0.0,0.152514
19886,0.0,0.152514
19887,0.0,0.178488
19888,0.0,0.178488
19889,0.0,0.093964
19890,0.0,0.101244
19891,0.0,0.101244
19892,0.0,0.068966
19893,0.0,0.023236
19894,0.0,0.023236
19895,0.0,0.39221
19896,0.0,0.39221
19899,0.0,0.152612
19900,0.0,0.063473
19901,0.5769228602617072,0.07167800088229677
19902,0.0,0.066994
19903,0.0,0.066994
19910,0.0,0.103328
19911,0.0,0.103328
19912,0.0,0.534308
19913,0.0,0.534308
19926,0.0,0.171546
19927,0.0,0.171546
19936,0.0,0.174864
19937,0.0,0.174864
19938,0.0,0.250402
19939,0.0,0.250402
19940,0.0,0.081102
19941,0.0,0.081102
19942,0.0,0.137558
19943,0.0,0.137558
19944,0.0,0.137566
19945,0.0,0.137566
19946,0.0,0.129964
19947,0.0,0.129964
19948,0.0,0.44092
19949,0.0,0.44092
19950,0.0,0.47175
19951,0.0,0.48769
19952,0.0,0.403215
19953,0.0,1.11242
19954,0.0,1.11242
19955,0.0,1.062472
19956,0.0,0.426512
19957,0.0,0.426512
19958,0.0,0.250137
19959,0.0,0.575687
19960,0.0,0.152682
19961,0.0,0.152682
19962,0.0,0.368372
19963,0.0,0.368372
19964,0.0,0.0889
19965,0.0,0.0889
19966,0.0,0.365782
19967,0.0,0.365782
19968,0.0,0.366
19969,0.0,0.366
19970,0.0,0.02517
19971,0.0,0.02517
19972,0.0,0.089566
19973,0.0,0.087992
19974,0.0,0.13605
19975,0.0,0.13605
19976,0.0,0.04896
19977,0.0,0.04896
19978,0.0,0.115631
19979,0.0,0.207341
19980,0.0,0.168334
19981,0.0,0.134596
19982,0.0,0.048823
19983,0.0,0.08921
19984,0.0,0.163202
19985,0.0,0.052328
19986,0.0,0.052328
19987,0.0,0.027334
19988,0.0,0.027334
19989,0.0,0.095678
19990,0.0,0.095678
19991,0.0,0.387056
19992,0.0,0.387056
19993,0.0,0.132842
19994,0.0,0.132842
19995,0.0,0.161572
19996,0.0,0.161572
2,0.0,0.21857
20,0.0,0.22203
20013,0.0,0.39313
20014,0.0,0.39313
20015,0.0,0.074038
20016,0.0,0.074038
20017,0.0,0.070424
20018,0.0,0.049002
20019,0.0,0.063676
20020,0.0,0.024886
20021,0.0,0.054918
20022,0.0,0.054918
20023,0.0,0.145516
20024,0.0,0.145516
20025,0.0,0.089272
20026,0.0,0.089272
20027,0.0,0.113408
20028,0.0,0.180929
20029,0.0,0.182359
20030,0.0,0.155658
20031,0.0,0.155658
20032,0.0,0.221056
20033,0.0,0.221056
20034,0.0,0.2358839999999999
20095,0.0,0.392596
20096,0.0,0.392596
20097,0.0,0.154334
20112,0.0,0.152502
20113,0.0,0.032276
20114,0.0,0.111742
20115,0.0,0.111742
20116,0.0,0.080052
20117,0.0,0.07859
20118,0.0,0.07859
20119,0.0,0.138848
20120,0.0,0.02243
20121,0.0,0.02243
20122,0.0,0.153006
20123,0.0,0.153006
20124,0.0,0.130254
20125,0.0,0.141584
20126,0.0,0.021
20127,0.0,0.021
20128,0.0,0.13303
20129,0.0,0.14717
20130,0.0,0.14717
20131,0.0,0.169862
20132,0.0,0.169862
20133,0.0,0.079894
20134,0.0,0.079894
20135,0.0,0.05812
20136,0.0,0.05812
20137,0.0,0.132276
20138,0.0,0.052674
20139,0.0,0.052674
20140,0.0,0.066254
20141,0.0,0.066254
20142,0.0,0.025412
20143,0.0,0.053614
20144,0.0,0.024782
20145,0.0,0.024782
20146,0.0,0.045406
20147,0.0,0.039468
20148,0.0,0.064104
20149,0.0,0.012591
20150,0.0,0.042476
20151,0.0,0.017956
20152,0.0,0.080288
20153,0.0,0.0308239999999999
20154,0.0,0.023822
20155,0.0,0.037916
20156,0.0,0.017916
20157,0.0,0.016547
20158,0.0,0.024922
20159,0.0,0.264038
20160,0.0,0.264038
20161,0.0,0.076096
20162,0.0,0.076096
20187,0.0,0.2501
20188,0.0,0.2501
20189,0.0,0.255558
20190,0.0,0.1237319999999999
20191,0.0,0.044654
20192,0.0,0.075092
20193,0.0,0.08743
20194,0.0,0.087496
20195,0.0,0.222678
20196,0.0,0.222678
20197,0.0,0.115774
20198,0.0,0.048768
20199,0.0,0.303488
20200,0.0,0.04676
20201,0.0,0.335384
20202,0.0,0.36634
20203,0.0,0.36634
20218,0.0,0.0622659999999999
20219,0.0,0.10469
20220,0.0,0.198814
20221,0.0,0.042484
20222,0.0,0.017834
20223,0.0,0.017834
20224,0.0,0.016624
20225,0.0,0.024906
20226,0.0,0.025412
20227,0.0,0.015668
20228,0.0,0.083048
20229,0.0,0.083048
20230,0.0,0.350494
20231,0.0,0.350494
20232,0.0,0.347626
20233,0.0,0.178362
20234,0.0,0.13522
20235,0.0,0.13522
20236,0.0,0.165402
20237,0.0,0.165402
20238,0.0,0.059976
20239,0.0,0.464136
20240,0.0,0.037361
20241,0.0,0.104339
20242,0.0,0.339978
20243,0.0,0.037288
20244,0.0,0.027584
20245,0.0,0.024727
20246,0.0,0.027858
20247,0.0,0.108474
20248,0.0,0.108474
20249,0.0,0.063762
20250,0.0,0.365808
20251,0.0,0.36566
20266,0.0,0.0304219999999999
21,0.0,0.679152
22,0.0,0.679152
23,0.0,0.380826
24,0.0,0.381328
25,0.5769228602617072,0.1286760015838949
26,0.0,0.36929
27,0.0,0.232134
28,0.0,0.232134
29,0.0,0.26608
3,0.711068520845051,0.0637600011922423
30,0.0,0.26608
31,0.0,0.589316
32,0.0,0.589316
33,0.0,0.7278
34,0.0,0.7278
4,0.0,0.06376
4153,0.0,0.082672
4154,0.0,0.082672
4155,0.0,0.082288
4156,0.0,0.082288
4157,0.0,1.172106
4158,0.0,1.172106
4162,0.0,0.2427813333333333
4163,0.0,0.2427813333333333
4164,0.0,0.571964
4165,0.0,0.571964
4167,0.0,0.167668
4168,0.0,0.210112
4282,0.0,0.331276
4283,0.0,0.340184
4284,0.0,0.085594
4286,0.0,0.016618
4287,0.0,0.016618
4288,0.0,0.039762
4289,0.0,0.0624439999999999
4290,0.0,0.0624439999999999
445,0.0,0.531794
446,0.0,0.531794
4487,0.0,0.2222573333333333
4488,0.0,0.2222573333333333
4512,0.0,0.012066
4513,0.0,0.012066
4514,0.0,0.2274293333333333
4515,0.0,0.2274293333333333
4516,0.0,0.2253213333333333
4517,0.0,0.2253213333333333
4554,0.0,0.114364
4555,0.0,0.114364
4578,0.0,0.103762
4579,0.0,0.103762
459,0.0,1.094386
460,0.0,1.094386
4602,0.0,0.050012
4603,0.0,0.050012
4606,0.0,0.151564
4607,0.0,0.151564
4608,0.0,0.111524
4609,0.0,0.111524
461,0.0,0.0978733333333333
4610,0.0,0.039766
4611,0.0,0.039766
4612,0.0,0.136554
4613,0.0,0.136554
4614,0.0,0.106512
4615,0.0,0.106512
4616,0.0,0.143168
4617,0.0,0.143168
4618,0.0,0.112432
4619,0.0,0.112432
462,0.0,0.0978733333333333
4620,0.0,0.0609019999999999
4621,0.0,0.0609019999999999
4622,0.0,0.048532
4623,0.0,0.048532
4624,0.0,0.10623
4625,0.0,0.10623
4626,0.0,0.075522
4627,0.0,0.075522
4628,0.0,0.085468
4629,0.0,0.085468
4630,0.0,0.012642
4631,0.0,0.012642
4632,0.0,0.058396
4633,0.0,0.058396
4634,0.0,0.94586
4635,0.0,0.94586
4636,0.0,0.122344
4637,0.0,0.122344
4638,0.0,0.7878106666666667
4639,0.0,0.7878106666666667
4640,0.0,0.133872
4641,0.0,0.133872
466,0.0,0.580638
467,0.0,0.580638
4700,0.0,0.392038
4701,0.0,0.392038
4708,0.0,0.188446
4709,0.0,0.188446
4710,0.0,0.119564
4711,0.0,0.094736
4712,0.0,0.094736
4713,0.0,0.135834
4714,0.0,0.123496
4715,0.0,0.123496
4716,0.0,0.065634
4717,0.0,0.06813
4718,0.0,0.016402
4719,0.0,0.01792
4720,0.0,0.04401
4721,0.0,0.1323386666666666
4722,0.0,0.1323386666666666
4723,0.0,0.343952
4724,0.0,0.343952
4725,0.0,0.024154
4726,0.0,0.024154
4727,0.0,0.124702
4728,0.0,0.124702
4729,0.0,0.126562
4730,0.0,0.126562
4731,0.0,0.011106
4732,0.0,0.011106
4733,0.0,0.0700279999999999
4734,0.0,0.0700279999999999
4735,0.0,0.143962
4736,0.0,0.143962
4737,0.0,0.276452
4738,0.0,0.276452
4739,0.0,0.067158
4740,0.0,0.067158
4761,0.0,0.336652
4762,0.0,0.336652
4763,0.0,0.121858
4764,0.0,0.121858
4775,0.0,0.180472
4776,0.0,0.180472
4777,0.0,0.055032
4778,0.0,0.055032
4779,0.0,0.050536
4780,0.0,0.050536
4781,0.0,0.051242
4782,0.0,0.09234
4783,0.0,0.09234
4784,0.0,0.143438
4785,0.0,0.143438
4786,0.0,0.136948
4787,0.0,0.136948
4788,0.0,0.110948
4789,0.0,0.110948
4790,0.0,0.10923
4791,0.0,0.10923
4792,0.0,0.177754
4793,0.0,0.177754
4798,0.0,0.138596
4799,0.0,0.138596
4800,0.0,0.076056
4801,0.0,0.024536
4802,0.0,0.106624
4803,0.0,0.042634
4804,0.0,0.089046
4805,0.0,0.1196259999999999
4806,0.0,0.1196259999999999
4807,0.0,0.067768
4808,0.0,0.085626
4809,0.0,0.03262
4810,0.0,0.003176
4811,0.0,0.017102
4812,0.0,0.107
4813,0.0,0.008316
4814,0.0,0.01445
4815,0.0,0.255158
4816,0.0,0.255158
4817,0.0,0.01906
4818,0.0,0.01906
4819,0.0,0.215772
4820,0.0,0.215772
4821,0.0,0.01677
4822,0.0,0.01677
4823,0.0,0.3531573333333333
4824,0.0,0.3004213333333333
4825,0.0,0.2317586666666666
4826,0.0,0.2317586666666666
4827,0.0,0.045058
4828,0.0,0.069044
4829,0.0,0.069044
4830,0.0,0.229286
4831,0.0,0.229286
4832,0.0,0.1995466666666666
4833,0.0,0.1995466666666666
4834,0.0,0.0980413333333333
4835,0.0,0.0980413333333333
486,0.0,0.29686
4860,0.0,0.1432413333333333
4861,0.0,0.129992
4862,0.0,0.0335373333333333
4863,0.0,0.2138586666666666
4864,0.0,0.16661
4865,0.0,0.16661
4866,0.0,0.055341
4867,0.0,0.070732
4868,0.0,0.041116
4869,0.0,0.0863746666666666
487,0.0,0.29686
4870,0.0,0.2598
4871,0.0,0.2598
4872,0.0,0.0828946666666666
4873,0.0,0.066162
4874,0.0,0.066162
4875,0.0,0.27036
4876,0.0,0.27036
4877,0.0,0.036773
4878,0.0,0.028641
4879,0.0,0.022714
488,0.0,0.042896
4880,0.0,0.025526
4881,0.0,0.012405
4882,0.0,0.014908
4883,0.0,0.1733026666666667
4884,0.0,0.1790826666666666
4885,0.0,0.220324
4886,0.0,0.0335533333333333
4887,0.0,0.041692
4888,0.0,0.070956
4889,0.0,0.070956
489,0.0,0.042896
4902,0.0,0.103392
4903,0.0,0.103392
4904,0.0,0.01795
4905,0.0,0.01795
4906,0.0,0.21005
4907,0.0,0.21005
4908,0.0,0.110906
4909,0.0,0.110906
4910,0.0,0.03401
4911,0.0,0.03401
4912,0.0,0.1284
4913,0.0,0.1284
4926,0.0,0.0278666666666666
4927,0.0,0.0278666666666666
4928,0.0,0.029084
4929,0.0,0.029084
4930,0.0,0.091208
4931,0.0,0.091208
5,0.0,0.304734
5041,0.0,0.269424
5042,0.0,0.269424
5053,0.0,0.105024
5054,0.0,0.105024
5057,0.0,1.897598
5059,0.0,1.108493
5062,0.0,0.333426
5063,0.0,0.333426
5070,0.0,0.211016
5071,2.433513851612647,0.2796480064690335
5072,0.0,0.34125
5073,0.0,0.270036
5074,0.0,0.270036
5075,60.36492080732373,0.28010932037416364
5076,0.0,0.209436
5079,0.0,0.128318
5080,0.0,0.128318
5081,0.0,0.533822
5082,0.0,2.10868
6,0.0,0.304734
6657,0.0,0.205436
6658,0.0,0.07175
6659,0.0,0.07175
6660,0.0,0.232694
6661,0.0,0.232694
6662,0.0,0.3940826666666666
6663,0.0,0.690838
6664,0.0,0.187044
6665,0.0,0.187044
6666,0.0,0.381226
6667,0.0,0.540298
6668,0.0,0.540298
6669,0.0,0.346586
6670,0.0,0.346586
6671,0.0,0.394076
6672,0.36580192703204567,0.3940760019501377
6673,0.0,0.3957146666666666
6674,0.0,0.289418
6676,0.0,0.21024
6678,0.0,0.1540546666666666
6679,0.0,0.267526
6680,0.0,0.267526
6681,0.0,0.778978
6682,0.0,0.778978
6683,0.0,0.141768
6684,0.0,0.141768
6685,0.0,0.38689
6686,0.0,0.167744
6687,0.0,0.167744
6688,0.0,0.4721379999999999
6689,0.0,0.612924
6690,0.0,0.124424
6691,0.0,0.124424
6692,0.0,0.1562573333333333
6830,0.0,0.033378
6831,0.0,0.033378
6832,0.0,0.1842639999999999
6960,0.0,0.414616
6961,0.0,0.414616
6962,0.0,0.333348
6963,0.0,0.333348
6976,0.0,0.208226
6977,0.0,0.208226
6978,0.0,0.098808
6979,0.0,0.098808
6980,0.0,0.1209919999999999
6981,0.0,0.1209919999999999
6982,0.0,0.211244
6983,0.0,0.211244
6984,0.0,0.307082
6985,0.0,0.137954
6986,0.0,0.137954
6987,0.0,0.276184
6988,0.0,0.276184
6989,0.0,0.1194159999999999
6990,0.0,0.1194159999999999
6991,0.0,0.278028
6992,0.0,0.278028
6997,0.0,0.1501
6998,0.0,0.1501
7,0.5769228602617072,1.779071000849613
7013,0.0,0.154514
7014,0.0,0.154514
7015,0.0,0.142836
7016,0.0,0.142836
7017,0.0,0.150894
7018,0.0,0.150894
7019,0.0,0.136282
7020,0.0,0.136282
7021,0.0,0.15939
7022,0.0,0.15939
7023,0.0,0.007384
7024,0.0,0.007384
7025,0.0,0.015296
7026,0.0,0.015296
7027,0.0,0.132374
7028,0.0,0.132374
7029,0.0,0.1745106666666666
7030,0.0,0.154058
7031,0.0,0.154058
7032,0.0,0.0416266666666666
7045,0.0,0.19918
7046,0.0,0.146338
7047,0.0,0.146338
7048,0.0,0.238624
7049,0.0,0.0628653333333333
7050,0.0,0.085916
7051,0.0,0.085916
7052,0.0,0.0527853333333333
7071,0.0,0.288278
7072,0.0,0.288278
7073,0.0,0.092124
7074,0.0,0.092124
7075,0.0,0.07138
7076,0.0,0.1251746666666666
7077,0.0,0.0917813333333333
7078,0.0,0.1237573333333333
7079,0.0,0.050212
7080,0.0,0.078764
7081,0.0,0.1787333333333333
7082,0.0,0.0534293333333333
7083,0.0,0.0282879999999999
7084,0.0,0.0282879999999999
7085,0.0,0.0207253333333333
7086,0.0,0.036388
7087,0.0,0.036388
7088,0.0,0.2585
7089,0.0,0.2585
7090,0.0,0.0636733333333333
7091,0.0,0.0472039999999999
7092,0.0,0.06124
7093,0.0,0.06124
7094,0.0,0.018938
7095,0.0,0.018938
7096,0.0,0.1198546666666666
7097,0.0,0.141972
7098,0.0,0.141972
7121,0.0,0.169076
7122,0.0,0.169076
7123,0.0,0.1608893333333333
7124,0.0,0.084272
7125,0.0,0.132306
7126,0.0,0.132306
7127,0.0,0.1247946666666666
7128,0.0,0.038968
7129,0.0,0.038968
7130,0.0,0.081376
7131,0.0,0.081376
7132,0.0,0.101568
7133,0.0,0.101568
7134,0.0,0.1807946666666666
7137,0.0,0.0278466666666666
7142,0.0,0.170714
7143,0.0,0.170714
7144,0.0,0.094056
7145,0.0,0.094056
7146,0.0,0.095896
7147,0.0,0.095896
7148,0.0,0.101104
7149,0.0,0.101104
7150,0.0,0.022264
7151,0.0,0.022264
7152,0.0,0.155352
7153,0.0,0.155352
7154,0.0,0.11205
7155,0.0,0.11205
7156,0.0,0.090316
7157,0.0,0.090316
7158,0.0,0.168522
7159,0.0,0.168522
7160,0.0,0.145312
7161,0.0,0.145312
7162,0.0,0.2449999999999999
7163,0.0,0.2449999999999999
7164,0.0,0.2885626666666667
7165,0.0,0.157464
7166,0.0,0.157464
7167,0.0,0.248518
7168,0.0,0.248518
7169,0.0,0.350392
7170,0.0,0.449748
7171,0.0,0.449748
7172,0.0,0.5014066666666667
7173,0.0,0.254762
7174,0.0,0.254762
7175,0.0,0.129608
7176,0.0,0.129608
7177,0.0,0.126368
7178,0.0,0.266382
7179,0.0,0.021358
7180,0.0,0.021358
7181,0.0,0.2871613333333333
7232,0.0,0.296612
7233,0.0,0.296612
7234,0.0,0.119534
7235,0.0,0.119534
7236,0.0,0.3467666666666666
7299,0.0,0.141162
7300,0.0,0.141162
7303,0.0,0.110802
7304,0.0,0.110802
7305,0.0,0.12059
7306,0.0,0.12059
7307,0.0,0.047232
7308,0.0,0.047232
7309,0.0,0.12612
7310,0.0,0.12612
7311,0.0,0.064384
7312,0.0,0.064384
7313,0.0,0.066458
7314,0.0,0.066458
7315,0.0,0.092834
7316,0.0,0.092834
7323,0.0,0.097618
7324,0.0,0.097618
7325,0.0,0.130216
7326,0.0,0.340734
7327,0.0,0.340734
7328,0.0,0.316056
7329,0.0,0.316056
7330,0.0,0.315554
7331,0.0,0.315554
7332,0.0,0.067492
7333,0.0,0.067492
7334,0.0,0.128394
7335,0.0,0.128394
7336,0.0,0.26769
7337,0.0,0.26769
7338,0.0,0.1634093333333333
7339,0.0,0.0784
7340,0.0,0.0784
7341,0.0,0.115114
7342,0.0,0.115114
7343,0.0,0.02552
7344,0.0,0.02552
7345,0.0,0.059788
7346,0.0,0.03299
7347,0.0,0.017102
7348,0.0,0.050438
7349,0.0,0.15551
7350,0.0,0.15551
7351,0.0,0.068578
7352,0.0,0.068578
7353,0.0,0.077012
7354,0.0,0.037886
7355,0.0,0.074976
7356,0.0,0.017356
7357,0.0,0.241148
7358,0.0,0.241148
7359,0.0,0.12335
7360,0.0,0.12335
7361,0.0,0.030218
7362,0.0,0.030218
7363,0.0,0.119774
7364,0.0,0.119774
7365,0.0,0.207016
7366,0.0,0.06337
7367,0.0,0.06337
7368,0.0,0.04516
7369,0.0,0.039488
7370,0.0,0.027592
7371,0.0,0.003918
7372,0.0,0.127312
7373,0.0,0.127312
7374,0.0,0.1155693333333333
7375,0.0,0.317968
7376,0.0,0.44
7391,0.0,0.257356
7392,0.0,0.257356
7393,0.0,0.053006
7394,0.0,0.07821
7395,0.0,0.266988
7400,0.0,0.0991453333333333
7401,0.0,0.0927186666666666
7402,0.0,0.0819893333333333
7403,0.0,0.0819893333333333
7404,0.0,0.0265959999999999
7405,0.0,0.053242
7406,0.0,0.045542
7407,0.0,0.045542
7410,0.0,0.161816
7411,0.0,0.161816
7412,0.0,0.118782
7413,0.0,0.118782
7414,0.0,0.388752
7415,0.0,0.388752
7416,0.0,0.121782
7417,0.0,0.10044
7418,0.0,0.100078
7419,0.0,0.100078
7420,4.630956390721925,0.10782008551337018
7421,12.022097883031117,0.10782057630602442
7422,0.0,0.126152
7423,0.0,0.143562
7424,0.0,0.143562
7425,0.0,0.1787066666666666
7426,0.0,0.321262
7427,0.0,0.321262
7448,0.0,0.119638
7449,0.0,0.119638
7456,0.0,0.137054
7457,0.0,0.137054
7458,0.0,0.129632
7459,0.0,0.022564
7460,0.0,0.022564
7461,2.7869274978524494,0.015022004314916659
7462,3.1766563193635506,0.015022005606108944
7463,0.0,0.12783
7464,0.0,0.12783
7465,4.630956390721925,0.09715334147210983
7466,0.0,0.080242
7467,0.0,0.143848
7468,0.0,0.101182
7469,0.0,0.101182
7470,0.0,0.021348
7471,0.0,0.021348
7472,0.0,0.09225
7473,0.0,0.07933
7474,0.0,0.07933
7475,0.0,0.04555
7476,4.630956390721925,0.045550036126266104
7477,0.0,0.020446
7478,0.0,0.020446
7479,0.0,0.065662
7480,0.0,0.033566
7481,0.0,0.303978
7482,0.0,0.303978
7483,0.0,0.169162
7484,0.0,0.169162
7489,0.0,0.065938
7490,0.0,0.065938
7491,0.0,0.058212
7492,0.0,0.058212
7493,0.0,0.2094133333333333
7494,0.0,0.347758
7495,0.0,0.347758
7496,0.0,0.189398
7497,0.0,0.189398
7498,0.0,0.09507
7499,0.0,0.09507
7500,0.0,0.1199019999999999
7501,0.0,0.1199019999999999
7502,0.0,0.185994
7503,0.0,0.185994
7504,0.0,0.086108
7505,0.0,0.086108
7506,0.0,0.08742
7507,0.0,0.08742
7512,0.0,0.160258
7513,0.0,0.160258
7514,0.0,0.15776
7515,0.0,0.15776
7516,0.0,0.218982
7517,0.0,0.218982
7526,0.0,0.03549
7527,0.0,0.03549
7528,0.0,0.26526
7529,0.0,0.26526
7530,0.0,0.132082
7531,0.0,0.132082
7532,0.0,0.278248
7533,0.0,0.278248
7534,0.0,0.259604
7535,0.0,0.3284106666666667
7536,0.0,0.250504
7537,0.0,0.250504
7538,0.0,0.095584
7539,0.0,0.095584
7540,0.0,0.053628
7541,0.0,0.133504
7542,0.0,0.133504
7571,0.0,0.562272
7572,0.0,0.169412
7573,0.0,0.169412
7574,0.0,0.5551240000000001
7575,0.0,0.022508
7576,0.0,0.022508
7577,0.0,0.097796
7578,0.0,0.097796
7579,0.0,0.188176
7580,0.0,0.068132
7581,0.0,0.066382
7582,0.0,0.02791
7583,0.0,0.02791
7584,0.0,0.113462
7585,0.0,0.113462
7586,0.0,0.259034
7587,0.0,0.259034
7588,0.0,0.036346
7589,0.0,0.036346
7590,0.0,0.092428
7591,0.0,0.092428
7592,0.0,0.075914
7593,0.0,0.075914
7604,0.0,0.02206
7605,0.0,0.02206
7606,0.0,0.154632
7607,0.0,0.154632
7608,0.0,0.0576
7609,0.0,0.0576
7610,0.0,0.099806
7611,0.0,0.099806
7618,0.0,0.091654
7619,0.0,0.091654
7620,0.0,0.217576
7621,0.0,0.217576
7636,0.0,0.123798
7637,0.0,0.123798
7642,0.0,0.147376
7643,0.0,0.147376
7644,0.0,0.09356
7645,0.0,0.047884
7646,0.0,0.037626
7647,0.0,0.17993
7648,0.0,0.086998
7649,0.0,0.086998
7650,0.0,0.043278
7651,0.36580192703204567,0.06204400030703302
7652,0.0,0.062044
7656,0.0,0.020636
7659,0.0,0.321006
7660,0.0,0.032852
7668,0.0,0.185968
7669,0.0,0.185968
7821,0.0,0.138046
7822,0.0,0.138046
7823,0.0,0.169412
7824,0.0,0.169412
7825,0.0,0.315842
7826,0.0,0.315842
7843,0.0,0.191722
7844,0.0,0.191722
7849,0.0,0.16653
7850,0.0,0.16653
7855,0.0,0.154792
7856,0.0,0.154792
7857,0.0,0.1569
7858,0.0,0.1569
7859,0.0,0.162666
7860,0.0,0.162666
7861,0.0,0.14275
7862,0.0,0.14275
7863,0.0,0.11044
7864,0.0,0.11044
7865,0.0,0.039818
7866,0.0,0.039818
7867,0.0,0.114882
7868,0.0,0.114882
7877,0.0,0.150182
7878,0.0,0.150182
7883,0.0,0.094212
7884,0.0,0.094212
7885,0.0,0.081278
7886,0.0,0.081278
7895,0.0,0.124138
7896,0.0,0.124138
7897,0.0,0.033996
7898,0.0,0.033996
7899,0.0,0.137294
7900,0.0,0.137294
7901,0.0,0.694736
7902,0.0,0.152354
7903,0.0,0.076638
7904,0.0,0.68903
7905,0.0,0.148342
7906,0.0,0.148342
7907,0.0,0.030934
7908,0.0,0.030934
7909,0.0,0.216034
7910,0.0,0.068136
7911,0.0,0.068162
7912,0.0,0.289884
7913,0.0,0.017514
7914,0.0,0.017514
7915,0.0,0.032318
7916,0.0,0.018562
8,0.0,0.431429
8003,0.0,0.21751
8004,0.0,0.21751
8005,0.0,0.106086
8006,0.0,0.106086
8007,0.0,0.082318
8008,0.0,0.082318
8009,0.0,0.077508
8010,0.0,0.077508
8029,0.0,0.134976
8030,0.0,0.134976
8031,0.0,0.439928
8032,0.0,0.439928
8033,0.0,0.091136
8034,0.0,0.091136
8037,0.0,0.071012
8038,0.0,0.071012
8039,0.0,0.043714
8040,0.0,0.043714
8041,0.0,0.067958
8042,0.0,0.067958
8043,0.0,0.149664
8044,0.0,0.149664
8045,0.0,0.136798
8046,0.0,0.136798
8047,0.0,0.074164
8048,0.0,0.074164
8049,0.0,0.022132
8050,0.0,0.022132
8051,0.0,0.065682
8052,0.0,0.065682
8053,0.0,0.180486
8054,0.0,0.06072
8055,0.0,0.088234
8056,0.0,0.078208
8057,0.0,0.148438
8058,0.0,0.148438
8059,0.0,0.077302
8060,0.0,0.077302
8061,0.0,0.09394
8062,0.0,0.09394
8063,0.0,0.069046
8064,0.0,0.069046
8065,0.0,0.02554
8066,0.0,0.02554
8067,0.0,0.291344
8068,0.0,0.291344
8069,0.0,0.095824
8070,0.0,0.095824
8071,0.0,0.1207719999999999
8072,0.0,0.1207719999999999
8073,0.0,0.055822
8074,0.0,0.055822
8075,0.0,0.01866
8076,0.0,0.01866
8079,0.0,0.048434
8080,0.0,0.048434
8081,0.0,0.118242
8082,0.0,0.118242
8083,0.0,0.130416
8084,0.0,0.130416
8085,0.0,0.049986
8086,0.0,0.049986
8087,0.0,0.079348
8088,0.0,0.079348
8089,0.0,0.2405
8090,0.0,0.2405
8091,0.0,0.312582
8092,0.0,0.312582
8093,0.0,0.252492
8094,0.0,0.252492
8095,0.0,0.201208
8096,0.0,0.201208
8097,0.0,0.054288
8098,0.0,0.037676
8099,0.0,0.163688
8100,0.0,0.034728
8101,0.0,0.22464
8102,0.0,0.198798
8103,0.0,0.198798
8104,0.0,0.130124
8105,0.0,0.130124
8106,0.0,0.190146
8107,0.0,0.190146
8108,0.0,0.21716
8109,0.0,0.217976
8224,0.0,0.533284
8225,0.0,0.1192999999999999
8226,0.0,0.1192999999999999
8227,0.0,0.226784
8228,0.0,0.226784
8229,0.0,0.17062
8262,0.0,0.04376
8263,0.0,0.062834
8264,0.0,0.050968
8265,0.0,0.050968
8266,0.0,0.05606
8267,0.0,0.0505
8268,0.0,0.036946
8269,0.0,0.036946
8270,0.0,0.1101
8271,0.0,0.1101
8272,0.0,0.12611
8273,0.0,0.12611
8274,0.0,0.237688
8275,0.0,0.237688
8276,0.0,0.111316
8277,0.0,0.111316
8278,0.0,0.1234459999999999
8279,0.0,0.1234459999999999
8280,0.0,0.221348
8281,0.0,0.221348
8282,0.0,0.1519
8283,0.0,0.1519
8284,0.0,0.126268
8285,0.0,0.126268
8286,0.0,0.142182
8287,0.0,0.142182
8302,0.0,0.173398
8303,0.0,0.173398
8304,0.0,0.091732
8305,0.0,0.091732
8306,0.0,0.054354
8307,0.0,0.054354
8308,0.0,0.170926
8309,0.0,0.170926
8318,0.0,0.078028
8319,0.0,0.078028
8320,0.0,0.018046
8321,0.0,0.018046
8322,0.0,0.133636
8323,0.0,0.376198
8324,0.0,0.149252
8325,0.0,0.284642
8326,0.0,0.423808
8327,0.0,0.017552
8328,0.0,0.156656
8329,0.0,0.025346
8330,0.0,0.025346
8331,0.0,0.113596
8332,0.0,0.188066
8333,0.0,0.101084
8334,0.0,0.01275
8335,0.0,0.07458
8336,0.0,0.05788
8337,0.0,0.05788
8338,0.0,0.333894
8339,0.0,0.365842
8340,0.0,0.391964
8341,0.0,0.318102
8342,0.0,0.038786
8343,0.0,0.038786
8344,0.0,0.055906
8345,0.0,0.169778
8346,0.0,0.22259
8347,0.0,0.113676
8348,0.0,0.23336
8349,0.0,0.362442
8368,0.0,0.055464
8369,0.0,0.055464
8370,0.0,0.114632
8371,0.0,0.076158
8372,0.0,0.11649
8373,0.0,0.187804
8374,0.0,0.073816
8375,0.0,0.049498
8376,0.0,0.049498
8377,0.0,0.238198
8378,0.36580192703204567,0.13678933340483299
8379,0.0,0.3124373333333333
8400,0.36580192703204567,0.12277200006417276
8401,0.36580192703204567,0.028948000143253043
8402,0.0,0.028948
8403,0.0,0.094914
8410,0.0,0.07575
8411,0.36580192703204567,0.05493200002871293
8412,0.0,0.0134973333333333
8413,0.0,0.016084
8414,0.8648175231343843,0.09239800255567042
8415,0.36580192703204567,0.09239800045724383
8416,0.36580192703204567,0.020560000101743903
8417,0.0,0.0136253333333333
8418,0.36580192703204567,0.01670533334206517
8419,0.8648175231343843,0.02670600073867112
8420,0.0,0.277598
8421,0.0,0.277598
8422,0.0,0.203044
8423,0.0,0.114616
8424,0.0,0.08804
8425,0.0,0.306982
8426,0.0,0.306982
8427,0.0,0.124666
8428,0.0,0.094154
8429,0.0,0.094154
8430,0.0,0.181396
8431,0.0,0.16753
8432,0.0,0.154114
8433,0.0,0.180508
8434,0.0,0.180508
8435,0.0,0.057914
8436,0.0,0.03694
8437,0.0,0.071742
8438,0.0,0.100972
8439,0.0,0.063066
8440,0.0,0.0606539999999999
8441,0.0,0.198578
8442,0.0,0.150122
8443,0.0,0.058278
8444,0.0,0.117078
8445,0.0,0.117078
8446,0.0,0.160964
8447,0.0,0.160964
8448,0.0,0.16985
8449,0.0,0.158828
8450,0.0,0.098888
8451,0.0,0.098888
8452,0.0,0.15289
8453,0.0,0.15289
8454,0.0,0.040738
8455,0.0,0.085856
8456,0.0,0.036998
8457,0.0,0.05081
8458,0.0,0.069156
8459,0.0,0.069156
8460,0.0,0.404548
8461,0.0,0.404548
8462,0.0,0.070196
8473,0.0,0.170434
8474,0.0,0.088178
8475,0.0,0.045328
8476,0.0,0.045328
8477,0.0,0.152176
8478,0.0,0.07093
8479,0.0,0.077104
8482,0.0,0.096924
8483,0.0,0.096924
8484,0.0,0.099926
8485,0.0,0.099926
8486,0.0,0.12103
8487,0.0,0.12103
8512,0.0,0.226586
8521,0.0,0.191564
8522,0.0,0.191564
8523,0.0,0.107768
8524,0.0,0.107768
8525,0.0,0.176566
8526,0.0,0.176566
8527,0.0,0.146304
8528,0.0,0.146304
8529,0.0,0.044628
8530,0.0,0.044628
8531,0.0,0.125366
8532,0.0,0.125366
8533,0.0,0.183832
8534,0.0,0.183832
8535,0.0,0.15414
8536,0.0,0.15414
8537,0.0,0.162314
8538,0.0,0.162314
8539,0.0,0.082784
8540,0.0,0.082784
8541,0.0,0.023922
8542,0.0,0.023922
8543,0.0,0.199188
8544,0.0,0.199188
8545,0.0,0.305092
8546,0.0,0.305092
8547,0.0,0.18683
8548,0.0,0.18683
8549,0.0,0.018796
8550,0.0,0.018796
8551,0.0,0.15186
8552,0.0,0.15186
8553,0.0,0.17834
8554,0.0,0.17834
8555,0.0,0.27101
8556,0.0,0.27101
8557,0.0,0.015212
8558,0.0,0.015212
8559,0.0,0.10111
8560,0.0,0.10111
8561,0.0,0.010802
8562,0.0,0.010802
8563,0.0,0.154622
8564,0.0,0.154622
8565,0.0,0.203518
8566,0.0,0.203518
8567,0.0,0.28462
8568,0.0,0.28462
8569,0.0,0.23612
8570,0.0,0.23612
8571,0.0,0.237238
8572,0.0,0.242844
8573,0.0,0.244374
8574,0.0,0.244374
8575,0.0,0.285194
8576,0.0,0.139508
8577,0.0,0.139508
8578,0.0,0.294264
8579,0.0,0.294264
8580,0.0,0.288008
8581,0.0,0.440474
8582,0.0,0.432024
8601,0.0,0.113088
8602,0.0,0.113088
8603,0.0,0.162454
8604,0.0,0.162454
8605,0.0,0.19596
8606,0.0,0.32745
8607,0.0,0.32745
8614,0.0,0.106514
8615,0.0,0.106514
8616,0.0,0.152784
8617,0.0,0.152784
8618,0.0,0.121442
8619,0.0,0.121442
8626,0.0,0.124274
8627,0.0,0.124274
8628,0.0,0.063038
8629,0.0,0.063038
8634,0.0,0.079754
8635,0.0,0.079754
8636,0.0,0.09457
8637,0.0,0.09457
8638,0.0,0.110286
8639,0.0,0.110286
8640,0.0,0.020978
8641,0.0,0.020978
8642,0.0,0.078448
8643,0.0,0.078448
8644,0.0,0.06156
8645,0.0,0.130106
8646,0.0,0.132722
8647,0.0,0.194796
8648,0.0,0.191332
8649,0.0,0.143732
8650,0.0,0.143732
8651,0.0,0.097168
8652,0.0,0.097168
8653,0.0,0.32078
8654,0.0,0.12891
8655,0.0,0.1278
8656,0.0,0.1278
8657,0.0,0.011366
8658,0.0,0.011366
8659,0.0,0.142154
8660,0.0,0.142154
8661,0.0,0.105342
8662,0.0,0.105342
8663,0.0,0.345504
8664,0.0,0.345504
8665,0.0,0.167728
8666,0.0,0.167728
8667,0.0,0.175288
8668,0.0,0.175288
8669,0.0,0.165402
8670,0.0,0.165402
8671,0.0,0.08006
8672,0.0,0.08006
8673,0.0,0.088
8674,0.0,0.088
8675,0.0,0.21715
8676,0.0,0.21715
8677,10.36187197074759,0.22356542709837263
8678,0.0,0.115344
8679,0.0,0.2421
8680,0.0,0.2421
8681,0.0,0.283078
8682,0.0,0.283078
8683,0.0,0.117914
8684,0.0,0.117914
8685,0.0,0.175996
8686,0.0,0.110334
8687,0.0,0.024574
8688,0.0,0.040172
8689,0.0,0.170878
8690,0.0,0.170878
8691,0.0,0.018034
8692,0.0,0.018034
8693,7.928358119134943,0.14650034056299377
8694,13.888306285077395,0.1465010450318062
8695,0.0,0.072342
8696,0.0,0.072342
8697,0.0,0.06831
8698,0.0,0.06831
8699,0.0,0.02177
8700,7.928358119134943,0.021770050607893342
8701,13.888306285077395,0.15369709636319787
8702,7.928358119134943,0.15369635729126205
9,0.20638827679726957,0.8780780000536657
