added_in_phase1_round,added_in_phase2_round,arc_sequence,arrival_time,candidate_source,column_id,demand_id,departure_time,destination_node_id,generalized_cost,link_sequence,node_sequence,oracle_entry_signal_at_addition,origin_node_id,output_only_phase2_initial_pool,output_only_phase2_loop_pool,output_only_phase2_oracle_loop_pool,path_id,phase1_final_flow,phase2_pool_column_type,pool_membership,source_metadata,time_sequence,travel_time,written_to_baseline_dynamic_columns,written_to_fixed_source_outputs,written_to_phase2_initial_pool
,,source_B01|explicit_link_16826_t0|explicit_link_16940_t6|explicit_link_16936_t7|explicit_link_16610_t9|explicit_link_17063_t21|explicit_link_15611_t27|explicit_link_17770_t33|explicit_link_17956_t39|explicit_link_18015_t47|explicit_link_18018_t51|explicit_link_18019_t53|explicit_link_18014_t54|explicit_link_17958_t61|sink_B01_2032_t64,64,manifest_current_pool,auto_83aa02054b_001,B01,0,2032,2.819988,explicit_link_16826_t0|explicit_link_16940_t6|explicit_link_16936_t7|explicit_link_16610_t9|explicit_link_17063_t21|explicit_link_15611_t27|explicit_link_17770_t33|explicit_link_17956_t39|explicit_link_18015_t47|explicit_link_18018_t51|explicit_link_18019_t53|explicit_link_18014_t54|explicit_link_17958_t61,4694|4667|4668|2258|2226|3075|3076|1949|1950|4252|4862|4202|2030|2032,,4694,false,false,true,,,manifest_current_pool,manifest_current_pool,manifest_current_pool,0|6|7|9|21|27|33|39|47|51|53|54|61|64,64,false,false,false
,,source_B02|explicit_link_17063_t0|explicit_link_15611_t6|explicit_link_17770_t12|explicit_link_17956_t18|explicit_link_18015_t26|explicit_link_18018_t30|explicit_link_18019_t32|explicit_link_18014_t33|explicit_link_17958_t40|sink_B02_2032_t43,43,manifest_current_pool,auto_744d1ff066_001,B02,0,2032,1.8940716666666666,explicit_link_17063_t0|explicit_link_15611_t6|explicit_link_17770_t12|explicit_link_17956_t18|explicit_link_18015_t26|explicit_link_18018_t30|explicit_link_18019_t32|explicit_link_18014_t33|explicit_link_17958_t40,2226|3075|3076|1949|1950|4252|4862|4202|2030|2032,,2226,false,false,true,,,manifest_current_pool,manifest_current_pool,manifest_current_pool,0|6|12|18|26|30|32|33|40|43,43,false,false,false
,,source_B03|explicit_link_16826_t0|explicit_link_16940_t6|explicit_link_16936_t7|explicit_link_16610_t9|sink_B03_2226_t21,21,manifest_current_pool,auto_3f572aafe1_001,B03,0,2226,0.9259163333333331,explicit_link_16826_t0|explicit_link_16940_t6|explicit_link_16936_t7|explicit_link_16610_t9,4694|4667|4668|2258|2226,,4694,false,false,true,,,manifest_current_pool,manifest_current_pool,manifest_current_pool,0|6|7|9|21,21,false,false,false
,,source_B04|explicit_link_16826_t0|explicit_link_16940_t6|explicit_link_16936_t7|explicit_link_16610_t9|explicit_link_17063_t21|explicit_link_15611_t27|explicit_link_17770_t33|explicit_link_17956_t39|explicit_link_18015_t47|explicit_link_18018_t51|explicit_link_15640_t53|sink_B04_948_t59,59,manifest_current_pool,auto_2d12e99ea1_001,B04,0,948,2.634999333333333,explicit_link_16826_t0|explicit_link_16940_t6|explicit_link_16936_t7|explicit_link_16610_t9|explicit_link_17063_t21|explicit_link_15611_t27|explicit_link_17770_t33|explicit_link_17956_t39|explicit_link_18015_t47|explicit_link_18018_t51|explicit_link_15640_t53,4694|4667|4668|2258|2226|3075|3076|1949|1950|4252|4862|948,,4694,false,false,true,,,manifest_current_pool,manifest_current_pool,manifest_current_pool,0|6|7|9|21|27|33|39|47|51|53|59,59,false,false,false
,,source_B05|explicit_link_16826_t0|explicit_link_16940_t6|explicit_link_16936_t7|explicit_link_16610_t9|explicit_link_17063_t21|explicit_link_15611_t27|explicit_link_17770_t33|explicit_link_17956_t39|explicit_link_18015_t47|explicit_link_18018_t51|explicit_link_18019_t53|explicit_link_18014_t54|explicit_link_17960_t61|explicit_link_18010_t68|explicit_link_17828_t72|explicit_link_15592_t78|sink_B05_1492_t81,81,manifest_current_pool,auto_ec2cb38a3c_001,B05,0,1492,3.5774513333333333,explicit_link_16826_t0|explicit_link_16940_t6|explicit_link_16936_t7|explicit_link_16610_t9|explicit_link_17063_t21|explicit_link_15611_t27|explicit_link_17770_t33|explicit_link_17956_t39|explicit_link_18015_t47|explicit_link_18018_t51|explicit_link_18019_t53|explicit_link_18014_t54|explicit_link_17960_t61|explicit_link_18010_t68|explicit_link_17828_t72|explicit_link_15592_t78,4694|4667|4668|2258|2226|3075|3076|1949|1950|4252|4862|4202|2030|1180|1181|1487|1492,,4694,false,false,true,,,manifest_current_pool,manifest_current_pool,manifest_current_pool,0|6|7|9|21|27|33|39|47|51|53|54|61|68|72|78|81,81,false,false,false
,,source_B06|explicit_link_17063_t0|explicit_link_15611_t6|explicit_link_17770_t12|explicit_link_17956_t18|explicit_link_18015_t26|explicit_link_18018_t30|explicit_link_18019_t32|explicit_link_18014_t33|explicit_link_17960_t40|explicit_link_18010_t47|explicit_link_17828_t51|explicit_link_15592_t57|sink_B06_1492_t60,60,manifest_current_pool,auto_d24063d70a_001,B06,0,1492,2.651535,explicit_link_17063_t0|explicit_link_15611_t6|explicit_link_17770_t12|explicit_link_17956_t18|explicit_link_18015_t26|explicit_link_18018_t30|explicit_link_18019_t32|explicit_link_18014_t33|explicit_link_17960_t40|explicit_link_18010_t47|explicit_link_17828_t51|explicit_link_15592_t57,2226|3075|3076|1949|1950|4252|4862|4202|2030|1180|1181|1487|1492,,2226,false,false,true,,,manifest_current_pool,manifest_current_pool,manifest_current_pool,0|6|12|18|26|30|32|33|40|47|51|57|60,60,false,false,false
,,source_B07|explicit_link_18007_t0|explicit_link_18005_t2|explicit_link_17811_t5|explicit_link_17946_t9|explicit_link_17947_t12|explicit_link_15592_t15|sink_B07_1492_t18,18,manifest_current_pool,auto_db625c3f1a_001,B07,0,1492,0.7563306666666664,explicit_link_18007_t0|explicit_link_18005_t2|explicit_link_17811_t5|explicit_link_17946_t9|explicit_link_17947_t12|explicit_link_15592_t15,2032|1002|1004|1005|1189|1487|1492,,2032,false,false,true,,,manifest_current_pool,manifest_current_pool,manifest_current_pool,0|2|5|9|12|15|18,18,false,false,false
,,source_B08|explicit_link_18164_t0|explicit_link_18117_t4|explicit_link_18140_t7|explicit_link_18115_t10|explicit_link_18154_t14|explicit_link_18120_t15|explicit_link_17772_t17|explicit_link_18015_t20|explicit_link_18018_t24|explicit_link_18019_t26|explicit_link_18014_t27|explicit_link_17960_t34|explicit_link_18010_t41|explicit_link_17828_t45|explicit_link_15592_t51|sink_B08_1492_t54,54,manifest_current_pool,auto_5bfe0fa586_001,B08,0,1492,2.295432,explicit_link_18164_t0|explicit_link_18117_t4|explicit_link_18140_t7|explicit_link_18115_t10|explicit_link_18154_t14|explicit_link_18120_t15|explicit_link_17772_t17|explicit_link_18015_t20|explicit_link_18018_t24|explicit_link_18019_t26|explicit_link_18014_t27|explicit_link_17960_t34|explicit_link_18010_t41|explicit_link_17828_t45|explicit_link_15592_t51,3858|3019|3014|2698|3015|3016|4253|1950|4252|4862|4202|2030|1180|1181|1487|1492,,3858,false,false,true,,,manifest_current_pool,manifest_current_pool,manifest_current_pool,0|4|7|10|14|15|17|20|24|26|27|34|41|45|51|54,54,false,false,false
,,source_B09|explicit_link_18164_t0|explicit_link_18117_t4|explicit_link_18140_t7|explicit_link_18115_t10|explicit_link_18154_t14|explicit_link_18120_t15|explicit_link_17772_t17|explicit_link_18015_t20|explicit_link_18018_t24|explicit_link_18019_t26|explicit_link_18014_t27|explicit_link_17958_t34|sink_B09_2032_t37,37,manifest_current_pool,auto_b7721cb9ea_001,B09,0,2032,1.5379686666666665,explicit_link_18164_t0|explicit_link_18117_t4|explicit_link_18140_t7|explicit_link_18115_t10|explicit_link_18154_t14|explicit_link_18120_t15|explicit_link_17772_t17|explicit_link_18015_t20|explicit_link_18018_t24|explicit_link_18019_t26|explicit_link_18014_t27|explicit_link_17958_t34,3858|3019|3014|2698|3015|3016|4253|1950|4252|4862|4202|2030|2032,,3858,false,false,true,,,manifest_current_pool,manifest_current_pool,manifest_current_pool,0|4|7|10|14|15|17|20|24|26|27|34|37,37,false,false,false
,,source_B10|explicit_link_18164_t0|explicit_link_18117_t4|explicit_link_18140_t7|explicit_link_18141_t10|explicit_link_18138_t11|explicit_link_15584_t14|explicit_link_17180_t16|explicit_link_17179_t21|explicit_link_17159_t22|explicit_link_17165_t32|explicit_link_17168_t34|explicit_link_16603_t35|explicit_link_17037_t45|sink_B10_3382_t51,51,manifest_current_pool,auto_54bef1ccfd_001,B10,0,3382,2.266228,explicit_link_18164_t0|explicit_link_18117_t4|explicit_link_18140_t7|explicit_link_18141_t10|explicit_link_18138_t11|explicit_link_15584_t14|explicit_link_17180_t16|explicit_link_17179_t21|explicit_link_17159_t22|explicit_link_17165_t32|explicit_link_17168_t34|explicit_link_16603_t35|explicit_link_17037_t45,3858|3019|3014|2698|949|947|948|4201|2953|2952|735|732|733|3382,,3858,false,false,true,,,manifest_current_pool,manifest_current_pool,manifest_current_pool,0|4|7|10|11|14|16|21|22|32|34|35|45|51,51,false,false,false
,,source_B07|explicit_link_18007_t0|explicit_link_18005_t2|explicit_link_17811_t5|wait_1005_t9|explicit_link_17946_t10|explicit_link_17947_t13|explicit_link_15592_t16|sink_B07_1492_t19,19.0,historical-workspace/work/boston_cg_pilot_r1/phase_ii_degeneracy_completion_r3/boston_exact_final/phase_i_work/round_001_oracle/phase_i_general_oracle_candidates.csv,PHASEI_R1_GEN_B07_001,B07,0.0,1492,0.8063306666666664,18007|18005|17811|17946|17947|15592,2032|1002|1004|1005|1189|1487|1492,,2032,false,false,true,PHASEI_R1_GEN_B07_001,,phase_i_oracle_handoff_candidate,full_cg_v1_phase_i_added_candidate,bounded_full_cg_v1_general_phase_i_oracle,0|2|5|10|13|16|19,19.0,false,false,false
,,source_B03|explicit_link_16826_t0|explicit_link_16940_t6|explicit_link_16936_t7|explicit_link_16610_t9|wait_2226_t21|sink_B03_2226_t22,22.0,historical-workspace/work/boston_cg_pilot_r1/phase_ii_degeneracy_completion_r3/boston_exact_final/phase_i_work/round_002_oracle/phase_i_general_oracle_candidates.csv,PHASEI_R2_GEN_B03_001,B03,0.0,2226,0.9759163333333332,16826|16940|16936|16610,4694|4667|4668|2258|2226,,4694,false,false,true,PHASEI_R2_GEN_B03_001,,phase_i_oracle_handoff_candidate,full_cg_v1_phase_i_added_candidate,bounded_full_cg_v1_general_phase_i_oracle,0|6|7|9|22,22.0,false,false,false
,,source_B09|explicit_link_18164_t0|explicit_link_18117_t4|wait_3014_t7|explicit_link_18140_t8|explicit_link_18115_t11|explicit_link_18154_t15|explicit_link_18120_t16|explicit_link_17772_t18|explicit_link_18015_t21|explicit_link_18018_t25|explicit_link_18019_t27|explicit_link_18014_t28|explicit_link_17958_t35|sink_B09_2032_t38,38.0,historical-workspace/work/boston_cg_pilot_r1/phase_ii_degeneracy_completion_r3/boston_exact_final/phase_i_work/round_003_oracle/phase_i_general_oracle_candidates.csv,PHASEI_R3_GEN_B09_001,B09,0.0,2032,1.5879686666666666,18164|18117|18140|18115|18154|18120|17772|18015|18018|18019|18014|17958,3858|3019|3014|2698|3015|3016|4253|1950|4252|4862|4202|2030|2032,,3858,false,false,true,PHASEI_R3_GEN_B09_001,,phase_i_oracle_handoff_candidate,full_cg_v1_phase_i_added_candidate,bounded_full_cg_v1_general_phase_i_oracle,0|4|8|11|15|16|18|21|25|27|28|35|38,38.0,false,false,false
,,source_B09|explicit_link_18164_t0|wait_3019_t4|explicit_link_18117_t5|explicit_link_18140_t8|explicit_link_18115_t11|explicit_link_18154_t15|explicit_link_18120_t16|explicit_link_17772_t18|explicit_link_18015_t21|explicit_link_18018_t25|explicit_link_18019_t27|explicit_link_18014_t28|explicit_link_17958_t35|sink_B09_2032_t38,38.0,historical-workspace/work/boston_cg_pilot_r1/phase_ii_degeneracy_completion_r3/boston_exact_final/phase_i_work/round_004_oracle/phase_i_general_oracle_candidates.csv,PHASEI_R4_GEN_B09_001,B09,0.0,2032,1.5879686666666666,18164|18117|18140|18115|18154|18120|17772|18015|18018|18019|18014|17958,3858|3019|3014|2698|3015|3016|4253|1950|4252|4862|4202|2030|2032,,3858,false,false,true,PHASEI_R4_GEN_B09_001,,phase_i_oracle_handoff_candidate,full_cg_v1_phase_i_added_candidate,bounded_full_cg_v1_general_phase_i_oracle,0|5|8|11|15|16|18|21|25|27|28|35|38,38.0,false,false,false
,,source_B02|explicit_link_17063_t0|explicit_link_15611_t6|explicit_link_17770_t12|explicit_link_17812_t18|explicit_link_18086_t20|explicit_link_17819_t24|explicit_link_18051_t28|explicit_link_18049_t29|explicit_link_18050_t31|explicit_link_18033_t32|explicit_link_17957_t34|explicit_link_18023_t37|explicit_link_18017_t39|explicit_link_17958_t42|sink_B02_2032_t45,45.0,historical-workspace/work/boston_cg_pilot_r1/phase_ii_degeneracy_completion_r3/boston_exact_final/phase_i_work/round_005_oracle/phase_i_general_oracle_candidates.csv,PHASEI_R5_GEN_B02_001,B02,0.0,2032,1.9409383333333332,17063|15611|17770|17812|18086|17819|18051|18049|18050|18033|17957|18023|18017|17958,2226|3075|3076|1949|1951|4135|4049|4050|541|2034|1287|2029|3687|2030|2032,,2226,false,false,true,PHASEI_R5_GEN_B02_001,,phase_i_oracle_handoff_candidate,full_cg_v1_phase_i_added_candidate,bounded_full_cg_v1_general_phase_i_oracle,0|6|12|18|20|24|28|29|31|32|34|37|39|42|45,45.0,false,false,false
,,source_B09|wait_3858_t0|explicit_link_18164_t1|explicit_link_18117_t5|explicit_link_18140_t8|explicit_link_18115_t11|explicit_link_18154_t15|explicit_link_18120_t16|explicit_link_17772_t18|explicit_link_18015_t21|explicit_link_18018_t25|explicit_link_18019_t27|explicit_link_18014_t28|explicit_link_17958_t35|sink_B09_2032_t38,38.0,historical-workspace/work/boston_cg_pilot_r1/phase_ii_degeneracy_completion_r3/boston_exact_final/phase_i_work/round_006_oracle/phase_i_general_oracle_candidates.csv,PHASEI_R6_GEN_B09_001,B09,0.0,2032,1.5879686666666666,18164|18117|18140|18115|18154|18120|17772|18015|18018|18019|18014|17958,3858|3019|3014|2698|3015|3016|4253|1950|4252|4862|4202|2030|2032,,3858,false,false,true,PHASEI_R6_GEN_B09_001,,phase_i_oracle_handoff_candidate,full_cg_v1_phase_i_added_candidate,bounded_full_cg_v1_general_phase_i_oracle,0|1|5|8|11|15|16|18|21|25|27|28|35|38,38.0,false,false,false
,,source_B09|wait_3858_t0|wait_3858_t1|explicit_link_18164_t2|explicit_link_18117_t6|explicit_link_18140_t9|explicit_link_18115_t12|explicit_link_18154_t16|explicit_link_18120_t17|explicit_link_17772_t19|explicit_link_18015_t22|explicit_link_18018_t26|explicit_link_18019_t28|explicit_link_18014_t29|explicit_link_17958_t36|sink_B09_2032_t39,39.0,historical-workspace/work/boston_cg_pilot_r1/phase_ii_degeneracy_completion_r3/boston_exact_final/phase_i_work/round_007_oracle/phase_i_general_oracle_candidates.csv,PHASEI_R7_GEN_B09_001,B09,0.0,2032,1.6379686666666666,18164|18117|18140|18115|18154|18120|17772|18015|18018|18019|18014|17958,3858|3019|3014|2698|3015|3016|4253|1950|4252|4862|4202|2030|2032,,3858,false,false,true,PHASEI_R7_GEN_B09_001,,phase_i_oracle_handoff_candidate,full_cg_v1_phase_i_added_candidate,bounded_full_cg_v1_general_phase_i_oracle,0|2|6|9|12|16|17|19|22|26|28|29|36|39,39.0,false,false,false
,,source_B09|wait_3858_t0|wait_3858_t1|explicit_link_18164_t2|explicit_link_18117_t6|wait_3014_t9|explicit_link_18140_t10|explicit_link_18115_t13|explicit_link_18154_t17|explicit_link_18120_t18|explicit_link_17772_t20|explicit_link_18015_t23|explicit_link_18018_t27|explicit_link_18019_t29|explicit_link_18014_t30|explicit_link_17958_t37|sink_B09_2032_t40,40.0,historical-workspace/work/boston_cg_pilot_r1/phase_ii_degeneracy_completion_r3/boston_exact_final/phase_i_work/round_008_oracle/phase_i_general_oracle_candidates.csv,PHASEI_R8_GEN_B09_001,B09,0.0,2032,1.6879686666666667,18164|18117|18140|18115|18154|18120|17772|18015|18018|18019|18014|17958,3858|3019|3014|2698|3015|3016|4253|1950|4252|4862|4202|2030|2032,,3858,false,false,true,PHASEI_R8_GEN_B09_001,,phase_i_oracle_handoff_candidate,full_cg_v1_phase_i_added_candidate,bounded_full_cg_v1_general_phase_i_oracle,0|2|6|10|13|17|18|20|23|27|29|30|37|40,40.0,false,false,false
,,source_B09|wait_3858_t0|wait_3858_t1|wait_3858_t2|explicit_link_18164_t3|explicit_link_18117_t7|explicit_link_18140_t10|explicit_link_18115_t13|explicit_link_18154_t17|explicit_link_18120_t18|explicit_link_17772_t20|explicit_link_18015_t23|explicit_link_18018_t27|explicit_link_18019_t29|explicit_link_18014_t30|explicit_link_17958_t37|sink_B09_2032_t40,40.0,historical-workspace/work/boston_cg_pilot_r1/phase_ii_degeneracy_completion_r3/boston_exact_final/phase_i_work/round_009_oracle/phase_i_general_oracle_candidates.csv,PHASEI_R9_GEN_B09_001,B09,0.0,2032,1.6879686666666667,18164|18117|18140|18115|18154|18120|17772|18015|18018|18019|18014|17958,3858|3019|3014|2698|3015|3016|4253|1950|4252|4862|4202|2030|2032,,3858,false,false,true,PHASEI_R9_GEN_B09_001,,phase_i_oracle_handoff_candidate,full_cg_v1_phase_i_added_candidate,bounded_full_cg_v1_general_phase_i_oracle,0|3|7|10|13|17|18|20|23|27|29|30|37|40,40.0,false,false,false
,,source_B09|wait_3858_t0|wait_3858_t1|explicit_link_18164_t2|explicit_link_18117_t6|explicit_link_18140_t9|explicit_link_18141_t12|explicit_link_18142_t13|explicit_link_18115_t14|explicit_link_18154_t18|explicit_link_18120_t19|explicit_link_17772_t21|explicit_link_18015_t24|explicit_link_18018_t28|explicit_link_18019_t30|explicit_link_18014_t31|explicit_link_17958_t38|sink_B09_2032_t41,41.0,historical-workspace/work/boston_cg_pilot_r1/phase_ii_degeneracy_completion_r3/boston_exact_final/phase_i_work/round_010_oracle/phase_i_general_oracle_candidates.csv,PHASEI_R10_GEN_B09_001,B09,0.0,2032,1.7354006666666666,18164|18117|18140|18141|18142|18115|18154|18120|17772|18015|18018|18019|18014|17958,3858|3019|3014|2698|949|2698|3015|3016|4253|1950|4252|4862|4202|2030|2032,,3858,false,false,true,PHASEI_R10_GEN_B09_001,,phase_i_oracle_handoff_candidate,full_cg_v1_phase_i_added_candidate,bounded_full_cg_v1_general_phase_i_oracle,0|2|6|9|12|13|14|18|19|21|24|28|30|31|38|41,41.0,false,false,false
,,source_B09|wait_3858_t0|wait_3858_t1|explicit_link_18164_t2|explicit_link_18117_t6|wait_3014_t9|explicit_link_18140_t10|explicit_link_18115_t13|explicit_link_18154_t17|explicit_link_18120_t18|explicit_link_17772_t20|wait_1950_t23|explicit_link_18015_t24|explicit_link_18018_t28|explicit_link_18019_t30|explicit_link_18014_t31|explicit_link_17958_t38|sink_B09_2032_t41,41.0,historical-workspace/work/boston_cg_pilot_r1/phase_ii_degeneracy_completion_r3/boston_exact_final/phase_i_work/round_011_oracle/phase_i_general_oracle_candidates.csv,PHASEI_R11_GEN_B09_001,B09,0.0,2032,1.7379686666666667,18164|18117|18140|18115|18154|18120|17772|18015|18018|18019|18014|17958,3858|3019|3014|2698|3015|3016|4253|1950|4252|4862|4202|2030|2032,,3858,false,false,true,PHASEI_R11_GEN_B09_001,,phase_i_oracle_handoff_candidate,full_cg_v1_phase_i_added_candidate,bounded_full_cg_v1_general_phase_i_oracle,0|2|6|10|13|17|18|20|24|28|30|31|38|41,41.0,false,false,false
,,source_B09|explicit_link_18164_t0|wait_3019_t4|explicit_link_18117_t5|explicit_link_18140_t8|explicit_link_18141_t11|explicit_link_18142_t12|explicit_link_18115_t13|explicit_link_18154_t17|explicit_link_18120_t18|explicit_link_17772_t20|explicit_link_18015_t23|explicit_link_18018_t27|explicit_link_18019_t29|explicit_link_18014_t30|explicit_link_17958_t37|sink_B09_2032_t40,40.0,historical-workspace/work/boston_cg_pilot_r1/phase_ii_degeneracy_completion_r3/boston_exact_final/phase_i_work/round_012_oracle/phase_i_general_oracle_candidates.csv,PHASEI_R12_GEN_B09_001,B09,0.0,2032,1.6854006666666665,18164|18117|18140|18141|18142|18115|18154|18120|17772|18015|18018|18019|18014|17958,3858|3019|3014|2698|949|2698|3015|3016|4253|1950|4252|4862|4202|2030|2032,,3858,false,false,true,PHASEI_R12_GEN_B09_001,,phase_i_oracle_handoff_candidate,full_cg_v1_phase_i_added_candidate,bounded_full_cg_v1_general_phase_i_oracle,0|5|8|11|12|13|17|18|20|23|27|29|30|37|40,40.0,false,false,false
,,source_B09|wait_3858_t0|wait_3858_t1|explicit_link_18164_t2|explicit_link_18117_t6|wait_3014_t9|wait_3014_t10|explicit_link_18140_t11|explicit_link_18115_t14|explicit_link_18154_t18|explicit_link_18120_t19|explicit_link_17772_t21|explicit_link_18015_t24|explicit_link_18018_t28|explicit_link_18019_t30|explicit_link_18014_t31|explicit_link_17958_t38|sink_B09_2032_t41,41.0,historical-workspace/work/boston_cg_pilot_r1/phase_ii_degeneracy_completion_r3/boston_exact_final/phase_i_work/round_013_oracle/phase_i_general_oracle_candidates.csv,PHASEI_R13_GEN_B09_001,B09,0.0,2032,1.7379686666666667,18164|18117|18140|18115|18154|18120|17772|18015|18018|18019|18014|17958,3858|3019|3014|2698|3015|3016|4253|1950|4252|4862|4202|2030|2032,,3858,false,false,true,PHASEI_R13_GEN_B09_001,,phase_i_oracle_handoff_candidate,full_cg_v1_phase_i_added_candidate,bounded_full_cg_v1_general_phase_i_oracle,0|2|6|11|14|18|19|21|24|28|30|31|38|41,41.0,false,false,false
,,source_B09|wait_3858_t0|wait_3858_t1|explicit_link_18164_t2|wait_3019_t6|wait_3019_t7|explicit_link_18117_t8|explicit_link_18140_t11|explicit_link_18115_t14|explicit_link_18154_t18|explicit_link_18120_t19|explicit_link_17772_t21|explicit_link_18015_t24|explicit_link_18018_t28|explicit_link_18019_t30|explicit_link_18014_t31|explicit_link_17958_t38|sink_B09_2032_t41,41.0,historical-workspace/work/boston_cg_pilot_r1/phase_ii_degeneracy_completion_r3/boston_exact_final/phase_i_work/round_014_oracle/phase_i_general_oracle_candidates.csv,PHASEI_R14_GEN_B09_001,B09,0.0,2032,1.7379686666666667,18164|18117|18140|18115|18154|18120|17772|18015|18018|18019|18014|17958,3858|3019|3014|2698|3015|3016|4253|1950|4252|4862|4202|2030|2032,,3858,false,false,true,PHASEI_R14_GEN_B09_001,,phase_i_oracle_handoff_candidate,full_cg_v1_phase_i_added_candidate,bounded_full_cg_v1_general_phase_i_oracle,0|2|8|11|14|18|19|21|24|28|30|31|38|41,41.0,false,false,false
,,source_B09|explicit_link_18164_t0|wait_3019_t4|explicit_link_18117_t5|wait_3014_t8|explicit_link_18140_t9|explicit_link_18115_t12|explicit_link_18154_t16|explicit_link_18120_t17|explicit_link_17772_t19|explicit_link_18015_t22|explicit_link_18018_t26|explicit_link_18019_t28|explicit_link_18014_t29|explicit_link_17958_t36|sink_B09_2032_t39,39.0,historical-workspace/work/boston_cg_pilot_r1/phase_ii_degeneracy_completion_r3/boston_exact_final/phase_i_work/round_015_oracle/phase_i_general_oracle_candidates.csv,PHASEI_R15_GEN_B09_001,B09,0.0,2032,1.6379686666666666,18164|18117|18140|18115|18154|18120|17772|18015|18018|18019|18014|17958,3858|3019|3014|2698|3015|3016|4253|1950|4252|4862|4202|2030|2032,,3858,false,false,true,PHASEI_R15_GEN_B09_001,,phase_i_oracle_handoff_candidate,full_cg_v1_phase_i_added_candidate,bounded_full_cg_v1_general_phase_i_oracle,0|5|9|12|16|17|19|22|26|28|29|36|39,39.0,false,false,false
,,source_B09|wait_3858_t0|wait_3858_t1|wait_3858_t2|explicit_link_18164_t3|wait_3019_t7|explicit_link_18117_t8|explicit_link_18140_t11|explicit_link_18115_t14|explicit_link_18154_t18|explicit_link_18120_t19|explicit_link_17772_t21|explicit_link_18015_t24|explicit_link_18018_t28|explicit_link_18019_t30|explicit_link_18014_t31|explicit_link_17958_t38|sink_B09_2032_t41,41.0,historical-workspace/work/boston_cg_pilot_r1/phase_ii_degeneracy_completion_r3/boston_exact_final/phase_i_work/round_016_oracle/phase_i_general_oracle_candidates.csv,PHASEI_R16_GEN_B09_001,B09,0.0,2032,1.7379686666666667,18164|18117|18140|18115|18154|18120|17772|18015|18018|18019|18014|17958,3858|3019|3014|2698|3015|3016|4253|1950|4252|4862|4202|2030|2032,,3858,false,false,true,PHASEI_R16_GEN_B09_001,,phase_i_oracle_handoff_candidate,full_cg_v1_phase_i_added_candidate,bounded_full_cg_v1_general_phase_i_oracle,0|3|8|11|14|18|19|21|24|28|30|31|38|41,41.0,false,false,false
,,source_B09|wait_3858_t0|wait_3858_t1|wait_3858_t2|wait_3858_t3|explicit_link_18164_t4|explicit_link_18117_t8|explicit_link_18140_t11|explicit_link_18115_t14|explicit_link_18154_t18|explicit_link_18120_t19|explicit_link_17772_t21|explicit_link_18015_t24|explicit_link_18018_t28|explicit_link_18019_t30|explicit_link_18014_t31|explicit_link_17958_t38|sink_B09_2032_t41,41.0,historical-workspace/work/boston_cg_pilot_r1/phase_ii_degeneracy_completion_r3/boston_exact_final/phase_i_work/round_017_oracle/phase_i_general_oracle_candidates.csv,PHASEI_R17_GEN_B09_001,B09,0.0,2032,1.7379686666666667,18164|18117|18140|18115|18154|18120|17772|18015|18018|18019|18014|17958,3858|3019|3014|2698|3015|3016|4253|1950|4252|4862|4202|2030|2032,,3858,false,false,true,PHASEI_R17_GEN_B09_001,,phase_i_oracle_handoff_candidate,full_cg_v1_phase_i_added_candidate,bounded_full_cg_v1_general_phase_i_oracle,0|4|8|11|14|18|19|21|24|28|30|31|38|41,41.0,false,false,false
,,source_B09|explicit_link_18164_t0|wait_3019_t4|wait_3019_t5|wait_3019_t6|explicit_link_18117_t7|wait_3014_t10|explicit_link_18140_t11|explicit_link_18115_t14|explicit_link_18154_t18|explicit_link_18120_t19|explicit_link_17772_t21|explicit_link_18015_t24|explicit_link_18018_t28|explicit_link_18019_t30|explicit_link_18014_t31|explicit_link_17958_t38|sink_B09_2032_t41,41.0,historical-workspace/work/boston_cg_pilot_r1/phase_ii_degeneracy_completion_r3/boston_exact_final/phase_i_work/round_018_oracle/phase_i_general_oracle_candidates.csv,PHASEI_R18_GEN_B09_001,B09,0.0,2032,1.7379686666666667,18164|18117|18140|18115|18154|18120|17772|18015|18018|18019|18014|17958,3858|3019|3014|2698|3015|3016|4253|1950|4252|4862|4202|2030|2032,,3858,false,false,true,PHASEI_R18_GEN_B09_001,,phase_i_oracle_handoff_candidate,full_cg_v1_phase_i_added_candidate,bounded_full_cg_v1_general_phase_i_oracle,0|7|11|14|18|19|21|24|28|30|31|38|41,41.0,false,false,false
,,source_B09|explicit_link_18164_t0|explicit_link_18117_t4|wait_3014_t7|explicit_link_18140_t8|explicit_link_18115_t11|explicit_link_18154_t15|explicit_link_18120_t16|explicit_link_18121_t18|explicit_link_18120_t20|explicit_link_17772_t22|explicit_link_18015_t25|explicit_link_18018_t29|explicit_link_18019_t31|explicit_link_18014_t32|explicit_link_17958_t39|sink_B09_2032_t42,42.0,historical-workspace/work/boston_cg_pilot_r1/phase_ii_degeneracy_completion_r3/boston_exact_final/phase_i_work/round_019_oracle/phase_i_general_oracle_candidates.csv,PHASEI_R19_GEN_B09_001,B09,0.0,2032,1.7289406666666667,18164|18117|18140|18115|18154|18120|18121|18120|17772|18015|18018|18019|18014|17958,3858|3019|3014|2698|3015|3016|4253|3016|4253|1950|4252|4862|4202|2030|2032,,3858,false,false,true,PHASEI_R19_GEN_B09_001,,phase_i_oracle_handoff_candidate,full_cg_v1_phase_i_added_candidate,bounded_full_cg_v1_general_phase_i_oracle,0|4|8|11|15|16|18|20|22|25|29|31|32|39|42,42.0,false,false,false
,,source_B09|wait_3858_t0|wait_3858_t1|wait_3858_t2|wait_3858_t3|wait_3858_t4|explicit_link_18164_t5|explicit_link_18117_t9|explicit_link_18140_t12|explicit_link_18115_t15|explicit_link_18154_t19|explicit_link_18120_t20|explicit_link_17772_t22|explicit_link_18015_t25|explicit_link_18018_t29|explicit_link_18019_t31|explicit_link_18014_t32|explicit_link_17958_t39|sink_B09_2032_t42,42.0,historical-workspace/work/boston_cg_pilot_r1/phase_ii_degeneracy_completion_r3/boston_exact_final/phase_i_work/round_020_oracle/phase_i_general_oracle_candidates.csv,PHASEI_R20_GEN_B09_001,B09,0.0,2032,1.7879686666666665,18164|18117|18140|18115|18154|18120|17772|18015|18018|18019|18014|17958,3858|3019|3014|2698|3015|3016|4253|1950|4252|4862|4202|2030|2032,,3858,false,false,true,PHASEI_R20_GEN_B09_001,,phase_i_oracle_handoff_candidate,full_cg_v1_phase_i_added_candidate,bounded_full_cg_v1_general_phase_i_oracle,0|5|9|12|15|19|20|22|25|29|31|32|39|42,42.0,false,false,false
,,source_B10|explicit_link_18164_t0|wait_3019_t4|explicit_link_18117_t5|explicit_link_18140_t8|explicit_link_18141_t11|explicit_link_18142_t12|explicit_link_18115_t13|explicit_link_18154_t17|explicit_link_18120_t18|explicit_link_17772_t20|explicit_link_18015_t23|explicit_link_18018_t27|explicit_link_18019_t29|explicit_link_18014_t30|explicit_link_15595_t37|explicit_link_17038_t41|explicit_link_17045_t47|explicit_link_17037_t49|sink_B10_3382_t55,55.0,historical-workspace/work/boston_cg_pilot_r1/phase_ii_degeneracy_completion_r3/boston_exact_final/phase_i_work/round_021_oracle/phase_i_general_oracle_candidates.csv,PHASEI_R21_GEN_B10_001,B10,0.0,3382,2.349336,18164|18117|18140|18141|18142|18115|18154|18120|17772|18015|18018|18019|18014|15595|17038|17045|17037,3858|3019|3014|2698|949|2698|3015|3016|4253|1950|4252|4862|4202|2030|2033|4161|733|3382,,3858,false,false,true,PHASEI_R21_GEN_B10_001,,phase_i_oracle_handoff_candidate,full_cg_v1_phase_i_added_candidate,bounded_full_cg_v1_general_phase_i_oracle,0|5|8|11|12|13|17|18|20|23|27|29|30|37|41|47|49|55,55.0,false,false,false
,,source_B10|wait_3858_t0|wait_3858_t1|explicit_link_18164_t2|explicit_link_18117_t6|explicit_link_18140_t9|explicit_link_18141_t12|explicit_link_18142_t13|explicit_link_18115_t14|explicit_link_18154_t18|explicit_link_18120_t19|explicit_link_17772_t21|explicit_link_18015_t24|explicit_link_18018_t28|explicit_link_18019_t30|explicit_link_18014_t31|explicit_link_15595_t38|explicit_link_17038_t42|explicit_link_17045_t48|explicit_link_17037_t50|sink_B10_3382_t56,56.0,historical-workspace/work/boston_cg_pilot_r1/phase_ii_degeneracy_completion_r3/boston_exact_final/phase_i_work/round_022_oracle/phase_i_general_oracle_candidates.csv,PHASEI_R22_GEN_B10_001,B10,0.0,3382,2.399336,18164|18117|18140|18141|18142|18115|18154|18120|17772|18015|18018|18019|18014|15595|17038|17045|17037,3858|3019|3014|2698|949|2698|3015|3016|4253|1950|4252|4862|4202|2030|2033|4161|733|3382,,3858,false,false,true,PHASEI_R22_GEN_B10_001,,phase_i_oracle_handoff_candidate,full_cg_v1_phase_i_added_candidate,bounded_full_cg_v1_general_phase_i_oracle,0|2|6|9|12|13|14|18|19|21|24|28|30|31|38|42|48|50|56,56.0,false,false,false
,,source_B10|wait_3858_t0|wait_3858_t1|wait_3858_t2|explicit_link_18164_t3|explicit_link_18117_t7|explicit_link_18140_t10|explicit_link_18141_t13|explicit_link_18138_t14|explicit_link_15584_t17|explicit_link_17180_t19|explicit_link_17179_t24|explicit_link_17159_t25|explicit_link_17165_t35|explicit_link_17168_t37|explicit_link_16603_t38|explicit_link_17037_t48|sink_B10_3382_t54,54.0,historical-workspace/work/boston_cg_pilot_r1/phase_ii_degeneracy_completion_r3/boston_exact_final/phase_i_work/round_023_oracle/phase_i_general_oracle_candidates.csv,PHASEI_R23_GEN_B10_001,B10,0.0,3382,2.416228,18164|18117|18140|18141|18138|15584|17180|17179|17159|17165|17168|16603|17037,3858|3019|3014|2698|949|947|948|4201|2953|2952|735|732|733|3382,,3858,false,false,true,PHASEI_R23_GEN_B10_001,,phase_i_oracle_handoff_candidate,full_cg_v1_phase_i_added_candidate,bounded_full_cg_v1_general_phase_i_oracle,0|3|7|10|13|14|17|19|24|25|35|37|38|48|54,54.0,false,false,false
,,source_B10|wait_3858_t0|wait_3858_t1|explicit_link_18164_t2|explicit_link_18117_t6|wait_3014_t9|wait_3014_t10|explicit_link_18140_t11|explicit_link_18115_t14|wait_3015_t18|explicit_link_18154_t19|explicit_link_18120_t20|explicit_link_17772_t22|explicit_link_18015_t25|explicit_link_18018_t29|explicit_link_18019_t31|explicit_link_18014_t32|explicit_link_15595_t39|explicit_link_17038_t43|explicit_link_17045_t49|explicit_link_17037_t51|sink_B10_3382_t57,57.0,historical-workspace/work/boston_cg_pilot_r1/phase_ii_degeneracy_completion_r3/boston_exact_final/phase_i_work/round_024_oracle/phase_i_general_oracle_candidates.csv,PHASEI_R24_GEN_B10_001,B10,0.0,3382,2.451904,18164|18117|18140|18115|18154|18120|17772|18015|18018|18019|18014|15595|17038|17045|17037,3858|3019|3014|2698|3015|3016|4253|1950|4252|4862|4202|2030|2033|4161|733|3382,,3858,false,false,true,PHASEI_R24_GEN_B10_001,,phase_i_oracle_handoff_candidate,full_cg_v1_phase_i_added_candidate,bounded_full_cg_v1_general_phase_i_oracle,0|2|6|11|14|19|20|22|25|29|31|32|39|43|49|51|57,57.0,false,false,false
,,source_B09|wait_3858_t0|wait_3858_t1|explicit_link_18164_t2|wait_3019_t6|explicit_link_18117_t7|wait_3014_t10|wait_3014_t11|explicit_link_18140_t12|explicit_link_18115_t15|explicit_link_18154_t19|explicit_link_18120_t20|explicit_link_17772_t22|wait_1950_t25|explicit_link_18015_t26|explicit_link_18018_t30|explicit_link_18019_t32|explicit_link_18014_t33|explicit_link_17958_t40|sink_B09_2032_t43,43.0,historical-workspace/work/boston_cg_pilot_r1/phase_ii_degeneracy_completion_r3/boston_exact_final/phase_i_work/round_025_oracle/phase_i_general_oracle_candidates.csv,PHASEI_R25_GEN_B09_001,B09,0.0,2032,1.8379686666666666,18164|18117|18140|18115|18154|18120|17772|18015|18018|18019|18014|17958,3858|3019|3014|2698|3015|3016|4253|1950|4252|4862|4202|2030|2032,,3858,false,false,true,PHASEI_R25_GEN_B09_001,,phase_i_oracle_handoff_candidate,full_cg_v1_phase_i_added_candidate,bounded_full_cg_v1_general_phase_i_oracle,0|2|7|12|15|19|20|22|26|30|32|33|40|43,43.0,false,false,false
,,source_B09|wait_3858_t0|wait_3858_t1|wait_3858_t2|explicit_link_18164_t3|wait_3019_t7|explicit_link_18117_t8|wait_3014_t11|explicit_link_18140_t12|explicit_link_18115_t15|explicit_link_18154_t19|explicit_link_18120_t20|explicit_link_17772_t22|explicit_link_18015_t25|explicit_link_18018_t29|explicit_link_18019_t31|explicit_link_18014_t32|explicit_link_17958_t39|sink_B09_2032_t42,42.0,historical-workspace/work/boston_cg_pilot_r1/phase_ii_degeneracy_completion_r3/boston_exact_final/phase_i_work/round_026_oracle/phase_i_general_oracle_candidates.csv,PHASEI_R26_GEN_B09_001,B09,0.0,2032,1.7879686666666665,18164|18117|18140|18115|18154|18120|17772|18015|18018|18019|18014|17958,3858|3019|3014|2698|3015|3016|4253|1950|4252|4862|4202|2030|2032,,3858,false,false,true,PHASEI_R26_GEN_B09_001,,phase_i_oracle_handoff_candidate,full_cg_v1_phase_i_added_candidate,bounded_full_cg_v1_general_phase_i_oracle,0|3|8|12|15|19|20|22|25|29|31|32|39|42,42.0,false,false,false
,,source_B09|explicit_link_18164_t0|wait_3019_t4|wait_3019_t5|wait_3019_t6|wait_3019_t7|explicit_link_18117_t8|explicit_link_18140_t11|explicit_link_18141_t14|explicit_link_18142_t15|explicit_link_18115_t16|explicit_link_18154_t20|explicit_link_18120_t21|explicit_link_17772_t23|explicit_link_18015_t26|explicit_link_18018_t30|explicit_link_18019_t32|explicit_link_18014_t33|explicit_link_17958_t40|sink_B09_2032_t43,43.0,historical-workspace/work/boston_cg_pilot_r1/phase_ii_degeneracy_completion_r3/boston_exact_final/phase_i_work/round_027_oracle/phase_i_general_oracle_candidates.csv,PHASEI_R27_GEN_B09_001,B09,0.0,2032,1.8354006666666667,18164|18117|18140|18141|18142|18115|18154|18120|17772|18015|18018|18019|18014|17958,3858|3019|3014|2698|949|2698|3015|3016|4253|1950|4252|4862|4202|2030|2032,,3858,false,false,true,PHASEI_R27_GEN_B09_001,,phase_i_oracle_handoff_candidate,full_cg_v1_phase_i_added_candidate,bounded_full_cg_v1_general_phase_i_oracle,0|8|11|14|15|16|20|21|23|26|30|32|33|40|43,43.0,false,false,false
,,source_B09|wait_3858_t0|wait_3858_t1|explicit_link_18164_t2|wait_3019_t6|wait_3019_t7|explicit_link_18117_t8|explicit_link_18140_t11|explicit_link_18115_t14|explicit_link_18154_t18|explicit_link_18120_t19|explicit_link_17772_t21|wait_1950_t24|explicit_link_18015_t25|explicit_link_18018_t29|explicit_link_18019_t31|explicit_link_18014_t32|explicit_link_17958_t39|sink_B09_2032_t42,42.0,historical-workspace/work/boston_cg_pilot_r1/phase_ii_degeneracy_completion_r3/boston_exact_final/phase_i_work/round_028_oracle/phase_i_general_oracle_candidates.csv,PHASEI_R28_GEN_B09_001,B09,0.0,2032,1.7879686666666665,18164|18117|18140|18115|18154|18120|17772|18015|18018|18019|18014|17958,3858|3019|3014|2698|3015|3016|4253|1950|4252|4862|4202|2030|2032,,3858,false,false,true,PHASEI_R28_GEN_B09_001,,phase_i_oracle_handoff_candidate,full_cg_v1_phase_i_added_candidate,bounded_full_cg_v1_general_phase_i_oracle,0|2|8|11|14|18|19|21|25|29|31|32|39|42,42.0,false,false,false
,,source_B09|wait_3858_t0|wait_3858_t1|wait_3858_t2|wait_3858_t3|wait_3858_t4|explicit_link_18164_t5|wait_3019_t9|explicit_link_18117_t10|explicit_link_18140_t13|explicit_link_18115_t16|explicit_link_18154_t20|explicit_link_18120_t21|explicit_link_17772_t23|explicit_link_18015_t26|explicit_link_18018_t30|explicit_link_18019_t32|explicit_link_18014_t33|explicit_link_17958_t40|sink_B09_2032_t43,43.0,historical-workspace/work/boston_cg_pilot_r1/phase_ii_degeneracy_completion_r3/boston_exact_final/phase_i_work/round_029_oracle/phase_i_general_oracle_candidates.csv,PHASEI_R29_GEN_B09_001,B09,0.0,2032,1.8379686666666666,18164|18117|18140|18115|18154|18120|17772|18015|18018|18019|18014|17958,3858|3019|3014|2698|3015|3016|4253|1950|4252|4862|4202|2030|2032,,3858,false,false,true,PHASEI_R29_GEN_B09_001,,phase_i_oracle_handoff_candidate,full_cg_v1_phase_i_added_candidate,bounded_full_cg_v1_general_phase_i_oracle,0|5|10|13|16|20|21|23|26|30|32|33|40|43,43.0,false,false,false
,,source_B09|wait_3858_t0|wait_3858_t1|wait_3858_t2|wait_3858_t3|wait_3858_t4|wait_3858_t5|explicit_link_18164_t6|explicit_link_18117_t10|explicit_link_18140_t13|explicit_link_18115_t16|explicit_link_18154_t20|explicit_link_18120_t21|explicit_link_17772_t23|explicit_link_18015_t26|explicit_link_18018_t30|explicit_link_18019_t32|explicit_link_18014_t33|explicit_link_17958_t40|sink_B09_2032_t43,43.0,historical-workspace/work/boston_cg_pilot_r1/phase_ii_degeneracy_completion_r3/boston_exact_final/phase_i_work/round_030_oracle/phase_i_general_oracle_candidates.csv,PHASEI_R30_GEN_B09_001,B09,0.0,2032,1.8379686666666666,18164|18117|18140|18115|18154|18120|17772|18015|18018|18019|18014|17958,3858|3019|3014|2698|3015|3016|4253|1950|4252|4862|4202|2030|2032,,3858,false,false,true,PHASEI_R30_GEN_B09_001,,phase_i_oracle_handoff_candidate,full_cg_v1_phase_i_added_candidate,bounded_full_cg_v1_general_phase_i_oracle,0|6|10|13|16|20|21|23|26|30|32|33|40|43,43.0,false,false,false
,,source_B10|wait_3858_t0|wait_3858_t1|explicit_link_18164_t2|wait_3019_t6|explicit_link_18117_t7|explicit_link_18140_t10|explicit_link_18115_t13|explicit_link_18154_t17|explicit_link_18120_t18|explicit_link_17772_t20|explicit_link_18015_t23|explicit_link_18018_t27|explicit_link_18019_t29|explicit_link_18014_t30|explicit_link_15595_t37|explicit_link_17038_t41|explicit_link_17045_t47|explicit_link_17037_t49|sink_B10_3382_t55,55.0,historical-workspace/work/boston_cg_pilot_r1/phase_ii_degeneracy_completion_r3/boston_exact_final/phase_i_work/round_031_oracle/phase_i_general_oracle_candidates.csv,PHASEI_R31_GEN_B10_001,B10,0.0,3382,2.351904,18164|18117|18140|18115|18154|18120|17772|18015|18018|18019|18014|15595|17038|17045|17037,3858|3019|3014|2698|3015|3016|4253|1950|4252|4862|4202|2030|2033|4161|733|3382,,3858,false,false,true,PHASEI_R31_GEN_B10_001,,phase_i_oracle_handoff_candidate,full_cg_v1_phase_i_added_candidate,bounded_full_cg_v1_general_phase_i_oracle,0|2|7|10|13|17|18|20|23|27|29|30|37|41|47|49|55,55.0,false,false,false
,,source_B10|wait_3858_t0|wait_3858_t1|wait_3858_t2|wait_3858_t3|explicit_link_18164_t4|explicit_link_18117_t8|explicit_link_18140_t11|explicit_link_18141_t14|explicit_link_18138_t15|explicit_link_15584_t18|explicit_link_17180_t20|explicit_link_17179_t25|explicit_link_17159_t26|explicit_link_17165_t36|explicit_link_17168_t38|explicit_link_16603_t39|explicit_link_17037_t49|sink_B10_3382_t55,55.0,historical-workspace/work/boston_cg_pilot_r1/phase_ii_degeneracy_completion_r3/boston_exact_final/phase_i_work/round_032_oracle/phase_i_general_oracle_candidates.csv,PHASEI_R32_GEN_B10_001,B10,0.0,3382,2.466228,18164|18117|18140|18141|18138|15584|17180|17179|17159|17165|17168|16603|17037,3858|3019|3014|2698|949|947|948|4201|2953|2952|735|732|733|3382,,3858,false,false,true,PHASEI_R32_GEN_B10_001,,phase_i_oracle_handoff_candidate,full_cg_v1_phase_i_added_candidate,bounded_full_cg_v1_general_phase_i_oracle,0|4|8|11|14|15|18|20|25|26|36|38|39|49|55,55.0,false,false,false
,,source_B10|wait_3858_t0|wait_3858_t1|wait_3858_t2|wait_3858_t3|wait_3858_t4|explicit_link_18164_t5|wait_3019_t9|explicit_link_18117_t10|explicit_link_18140_t13|explicit_link_18115_t16|explicit_link_18154_t20|explicit_link_18120_t21|explicit_link_17772_t23|wait_1950_t26|explicit_link_18015_t27|explicit_link_18018_t31|explicit_link_18019_t33|explicit_link_18014_t34|explicit_link_15595_t41|explicit_link_17038_t45|explicit_link_17045_t51|explicit_link_17037_t53|sink_B10_3382_t59,59.0,historical-workspace/work/boston_cg_pilot_r1/phase_ii_degeneracy_completion_r3/boston_exact_final/phase_i_work/round_033_oracle/phase_i_general_oracle_candidates.csv,PHASEI_R33_GEN_B10_001,B10,0.0,3382,2.551904,18164|18117|18140|18115|18154|18120|17772|18015|18018|18019|18014|15595|17038|17045|17037,3858|3019|3014|2698|3015|3016|4253|1950|4252|4862|4202|2030|2033|4161|733|3382,,3858,false,false,true,PHASEI_R33_GEN_B10_001,,phase_i_oracle_handoff_candidate,full_cg_v1_phase_i_added_candidate,bounded_full_cg_v1_general_phase_i_oracle,0|5|10|13|16|20|21|23|27|31|33|34|41|45|51|53|59,59.0,false,false,false
,,source_B10|explicit_link_18164_t0|wait_3019_t4|wait_3019_t5|explicit_link_18117_t6|explicit_link_18140_t9|explicit_link_18115_t12|explicit_link_18154_t16|explicit_link_18120_t17|explicit_link_17772_t19|explicit_link_18015_t22|explicit_link_18018_t26|explicit_link_18019_t28|explicit_link_18014_t29|explicit_link_15595_t36|explicit_link_17038_t40|explicit_link_17045_t46|explicit_link_17037_t48|sink_B10_3382_t54,54.0,historical-workspace/work/boston_cg_pilot_r1/phase_ii_degeneracy_completion_r3/boston_exact_final/phase_i_work/round_034_oracle/phase_i_general_oracle_candidates.csv,PHASEI_R34_GEN_B10_001,B10,0.0,3382,2.301904,18164|18117|18140|18115|18154|18120|17772|18015|18018|18019|18014|15595|17038|17045|17037,3858|3019|3014|2698|3015|3016|4253|1950|4252|4862|4202|2030|2033|4161|733|3382,,3858,false,false,true,PHASEI_R34_GEN_B10_001,,phase_i_oracle_handoff_candidate,full_cg_v1_phase_i_added_candidate,bounded_full_cg_v1_general_phase_i_oracle,0|6|9|12|16|17|19|22|26|28|29|36|40|46|48|54,54.0,false,false,false
,,source_B10|wait_3858_t0|wait_3858_t1|wait_3858_t2|explicit_link_18164_t3|explicit_link_18117_t7|wait_3014_t10|explicit_link_18140_t11|explicit_link_18115_t14|explicit_link_18154_t18|explicit_link_18120_t19|explicit_link_17772_t21|explicit_link_18015_t24|explicit_link_18018_t28|explicit_link_18019_t30|explicit_link_18014_t31|explicit_link_15595_t38|explicit_link_17038_t42|explicit_link_17045_t48|explicit_link_17037_t50|sink_B10_3382_t56,56.0,historical-workspace/work/boston_cg_pilot_r1/phase_ii_degeneracy_completion_r3/boston_exact_final/phase_i_work/round_035_oracle/phase_i_general_oracle_candidates.csv,PHASEI_R35_GEN_B10_001,B10,0.0,3382,2.401904,18164|18117|18140|18115|18154|18120|17772|18015|18018|18019|18014|15595|17038|17045|17037,3858|3019|3014|2698|3015|3016|4253|1950|4252|4862|4202|2030|2033|4161|733|3382,,3858,false,false,true,PHASEI_R35_GEN_B10_001,,phase_i_oracle_handoff_candidate,full_cg_v1_phase_i_added_candidate,bounded_full_cg_v1_general_phase_i_oracle,0|3|7|11|14|18|19|21|24|28|30|31|38|42|48|50|56,56.0,false,false,false
,,source_B10|wait_3858_t0|wait_3858_t1|wait_3858_t2|wait_3858_t3|explicit_link_18164_t4|explicit_link_18117_t8|wait_3014_t11|explicit_link_18140_t12|explicit_link_18115_t15|explicit_link_18154_t19|explicit_link_18120_t20|explicit_link_17772_t22|explicit_link_18015_t25|explicit_link_18018_t29|explicit_link_18019_t31|explicit_link_18014_t32|explicit_link_15595_t39|explicit_link_17038_t43|explicit_link_17045_t49|explicit_link_17037_t51|sink_B10_3382_t57,57.0,historical-workspace/work/boston_cg_pilot_r1/phase_ii_degeneracy_completion_r3/boston_exact_final/phase_i_work/round_036_oracle/phase_i_general_oracle_candidates.csv,PHASEI_R36_GEN_B10_001,B10,0.0,3382,2.451904,18164|18117|18140|18115|18154|18120|17772|18015|18018|18019|18014|15595|17038|17045|17037,3858|3019|3014|2698|3015|3016|4253|1950|4252|4862|4202|2030|2033|4161|733|3382,,3858,false,false,true,PHASEI_R36_GEN_B10_001,,phase_i_oracle_handoff_candidate,full_cg_v1_phase_i_added_candidate,bounded_full_cg_v1_general_phase_i_oracle,0|4|8|12|15|19|20|22|25|29|31|32|39|43|49|51|57,57.0,false,false,false
,,source_B10|wait_3858_t0|wait_3858_t1|wait_3858_t2|wait_3858_t3|wait_3858_t4|wait_3858_t5|explicit_link_18164_t6|explicit_link_18117_t10|explicit_link_18140_t13|explicit_link_18115_t16|explicit_link_18154_t20|explicit_link_18120_t21|explicit_link_17772_t23|wait_1950_t26|explicit_link_18015_t27|explicit_link_18018_t31|explicit_link_18019_t33|explicit_link_18014_t34|explicit_link_15595_t41|explicit_link_17038_t45|explicit_link_17045_t51|explicit_link_17037_t53|sink_B10_3382_t59,59.0,historical-workspace/work/boston_cg_pilot_r1/phase_ii_degeneracy_completion_r3/boston_exact_final/phase_i_work/round_037_oracle/phase_i_general_oracle_candidates.csv,PHASEI_R37_GEN_B10_001,B10,0.0,3382,2.551904,18164|18117|18140|18115|18154|18120|17772|18015|18018|18019|18014|15595|17038|17045|17037,3858|3019|3014|2698|3015|3016|4253|1950|4252|4862|4202|2030|2033|4161|733|3382,,3858,false,false,true,PHASEI_R37_GEN_B10_001,,phase_i_oracle_handoff_candidate,full_cg_v1_phase_i_added_candidate,bounded_full_cg_v1_general_phase_i_oracle,0|6|10|13|16|20|21|23|27|31|33|34|41|45|51|53|59,59.0,false,false,false
,,source_B10|wait_3858_t0|wait_3858_t1|wait_3858_t2|wait_3858_t3|explicit_link_18164_t4|wait_3019_t8|wait_3019_t9|explicit_link_18117_t10|explicit_link_18140_t13|explicit_link_18115_t16|wait_3015_t20|explicit_link_18154_t21|explicit_link_18120_t22|explicit_link_17772_t24|explicit_link_18015_t27|explicit_link_18018_t31|explicit_link_18019_t33|explicit_link_18014_t34|explicit_link_15595_t41|explicit_link_17038_t45|explicit_link_17045_t51|explicit_link_17037_t53|sink_B10_3382_t59,59.0,historical-workspace/work/boston_cg_pilot_r1/phase_ii_degeneracy_completion_r3/boston_exact_final/phase_i_work/round_038_oracle/phase_i_general_oracle_candidates.csv,PHASEI_R38_GEN_B10_001,B10,0.0,3382,2.551904,18164|18117|18140|18115|18154|18120|17772|18015|18018|18019|18014|15595|17038|17045|17037,3858|3019|3014|2698|3015|3016|4253|1950|4252|4862|4202|2030|2033|4161|733|3382,,3858,false,false,true,PHASEI_R38_GEN_B10_001,,phase_i_oracle_handoff_candidate,full_cg_v1_phase_i_added_candidate,bounded_full_cg_v1_general_phase_i_oracle,0|4|10|13|16|21|22|24|27|31|33|34|41|45|51|53|59,59.0,false,false,false
,,source_B10|wait_3858_t0|wait_3858_t1|wait_3858_t2|wait_3858_t3|wait_3858_t4|explicit_link_18164_t5|wait_3019_t9|explicit_link_18117_t10|wait_3014_t13|explicit_link_18140_t14|explicit_link_18115_t17|explicit_link_18154_t21|explicit_link_18120_t22|explicit_link_17772_t24|explicit_link_18015_t27|explicit_link_18018_t31|explicit_link_18019_t33|explicit_link_18014_t34|explicit_link_15595_t41|explicit_link_17038_t45|explicit_link_17045_t51|explicit_link_17037_t53|sink_B10_3382_t59,59.0,historical-workspace/work/boston_cg_pilot_r1/phase_ii_degeneracy_completion_r3/boston_exact_final/phase_i_work/round_039_oracle/phase_i_general_oracle_candidates.csv,PHASEI_R39_GEN_B10_001,B10,0.0,3382,2.551904,18164|18117|18140|18115|18154|18120|17772|18015|18018|18019|18014|15595|17038|17045|17037,3858|3019|3014|2698|3015|3016|4253|1950|4252|4862|4202|2030|2033|4161|733|3382,,3858,false,false,true,PHASEI_R39_GEN_B10_001,,phase_i_oracle_handoff_candidate,full_cg_v1_phase_i_added_candidate,bounded_full_cg_v1_general_phase_i_oracle,0|5|10|14|17|21|22|24|27|31|33|34|41|45|51|53|59,59.0,false,false,false
,,source_B09|wait_3858_t0|wait_3858_t1|wait_3858_t2|wait_3858_t3|explicit_link_18164_t4|wait_3019_t8|wait_3019_t9|wait_3019_t10|explicit_link_18117_t11|explicit_link_18140_t14|explicit_link_18115_t17|explicit_link_18154_t21|explicit_link_18120_t22|explicit_link_17772_t24|explicit_link_18015_t27|explicit_link_18018_t31|explicit_link_18019_t33|explicit_link_18014_t34|explicit_link_17958_t41|sink_B09_2032_t44,44.0,historical-workspace/work/boston_cg_pilot_r1/phase_ii_degeneracy_completion_r3/boston_exact_final/phase_i_work/round_040_oracle/phase_i_general_oracle_candidates.csv,PHASEI_R40_GEN_B09_001,B09,0.0,2032,1.8879686666666666,18164|18117|18140|18115|18154|18120|17772|18015|18018|18019|18014|17958,3858|3019|3014|2698|3015|3016|4253|1950|4252|4862|4202|2030|2032,,3858,false,false,true,PHASEI_R40_GEN_B09_001,,phase_i_oracle_handoff_candidate,full_cg_v1_phase_i_added_candidate,bounded_full_cg_v1_general_phase_i_oracle,0|4|11|14|17|21|22|24|27|31|33|34|41|44,44.0,false,false,false
,,source_B10|wait_3858_t0|wait_3858_t1|wait_3858_t2|wait_3858_t3|wait_3858_t4|explicit_link_18164_t5|wait_3019_t9|wait_3019_t10|explicit_link_18117_t11|explicit_link_18140_t14|explicit_link_18115_t17|explicit_link_18154_t21|explicit_link_18120_t22|explicit_link_17772_t24|explicit_link_18015_t27|explicit_link_18018_t31|explicit_link_18019_t33|explicit_link_18014_t34|explicit_link_15595_t41|explicit_link_17038_t45|explicit_link_17045_t51|explicit_link_17037_t53|sink_B10_3382_t59,59.0,historical-workspace/work/boston_cg_pilot_r1/phase_ii_degeneracy_completion_r3/boston_exact_final/phase_i_work/round_041_oracle/phase_i_general_oracle_candidates.csv,PHASEI_R41_GEN_B10_001,B10,0.0,3382,2.551904,18164|18117|18140|18115|18154|18120|17772|18015|18018|18019|18014|15595|17038|17045|17037,3858|3019|3014|2698|3015|3016|4253|1950|4252|4862|4202|2030|2033|4161|733|3382,,3858,false,false,true,PHASEI_R41_GEN_B10_001,,phase_i_oracle_handoff_candidate,full_cg_v1_phase_i_added_candidate,bounded_full_cg_v1_general_phase_i_oracle,0|5|11|14|17|21|22|24|27|31|33|34|41|45|51|53|59,59.0,false,false,false
,,source_B10|wait_3858_t0|wait_3858_t1|wait_3858_t2|wait_3858_t3|wait_3858_t4|wait_3858_t5|explicit_link_18164_t6|explicit_link_18117_t10|explicit_link_18140_t13|explicit_link_18115_t16|wait_3015_t20|explicit_link_18154_t21|explicit_link_18120_t22|explicit_link_17772_t24|explicit_link_18015_t27|explicit_link_18018_t31|explicit_link_18019_t33|explicit_link_18014_t34|explicit_link_15595_t41|explicit_link_17038_t45|explicit_link_17045_t51|explicit_link_17037_t53|sink_B10_3382_t59,59.0,historical-workspace/work/boston_cg_pilot_r1/phase_ii_degeneracy_completion_r3/boston_exact_final/phase_i_work/round_042_oracle/phase_i_general_oracle_candidates.csv,PHASEI_R42_GEN_B10_001,B10,0.0,3382,2.551904,18164|18117|18140|18115|18154|18120|17772|18015|18018|18019|18014|15595|17038|17045|17037,3858|3019|3014|2698|3015|3016|4253|1950|4252|4862|4202|2030|2033|4161|733|3382,,3858,false,false,true,PHASEI_R42_GEN_B10_001,,phase_i_oracle_handoff_candidate,full_cg_v1_phase_i_added_candidate,bounded_full_cg_v1_general_phase_i_oracle,0|6|10|13|16|21|22|24|27|31|33|34|41|45|51|53|59,59.0,false,false,false
,,source_B09|wait_3858_t0|wait_3858_t1|wait_3858_t2|wait_3858_t3|wait_3858_t4|wait_3858_t5|explicit_link_18164_t6|explicit_link_18117_t10|wait_3014_t13|explicit_link_18140_t14|explicit_link_18115_t17|explicit_link_18154_t21|explicit_link_18120_t22|explicit_link_17772_t24|explicit_link_18015_t27|explicit_link_18018_t31|explicit_link_18019_t33|explicit_link_18014_t34|explicit_link_17958_t41|sink_B09_2032_t44,44.0,historical-workspace/work/boston_cg_pilot_r1/phase_ii_degeneracy_completion_r3/boston_exact_final/phase_i_work/round_043_oracle/phase_i_general_oracle_candidates.csv,PHASEI_R43_GEN_B09_001,B09,0.0,2032,1.8879686666666666,18164|18117|18140|18115|18154|18120|17772|18015|18018|18019|18014|17958,3858|3019|3014|2698|3015|3016|4253|1950|4252|4862|4202|2030|2032,,3858,false,false,true,PHASEI_R43_GEN_B09_001,,phase_i_oracle_handoff_candidate,full_cg_v1_phase_i_added_candidate,bounded_full_cg_v1_general_phase_i_oracle,0|6|10|14|17|21|22|24|27|31|33|34|41|44,44.0,false,false,false
,,source_B09|wait_3858_t0|wait_3858_t1|wait_3858_t2|wait_3858_t3|wait_3858_t4|wait_3858_t5|wait_3858_t6|explicit_link_18164_t7|explicit_link_18117_t11|explicit_link_18140_t14|explicit_link_18115_t17|explicit_link_18154_t21|explicit_link_18120_t22|explicit_link_17772_t24|explicit_link_18015_t27|explicit_link_18018_t31|explicit_link_18019_t33|explicit_link_18014_t34|explicit_link_17958_t41|sink_B09_2032_t44,44.0,historical-workspace/work/boston_cg_pilot_r1/phase_ii_degeneracy_completion_r3/boston_exact_final/phase_i_work/round_044_oracle/phase_i_general_oracle_candidates.csv,PHASEI_R44_GEN_B09_001,B09,0.0,2032,1.8879686666666666,18164|18117|18140|18115|18154|18120|17772|18015|18018|18019|18014|17958,3858|3019|3014|2698|3015|3016|4253|1950|4252|4862|4202|2030|2032,,3858,false,false,true,PHASEI_R44_GEN_B09_001,,phase_i_oracle_handoff_candidate,full_cg_v1_phase_i_added_candidate,bounded_full_cg_v1_general_phase_i_oracle,0|7|11|14|17|21|22|24|27|31|33|34|41|44,44.0,false,false,false
,,source_B10|wait_3858_t0|wait_3858_t1|wait_3858_t2|wait_3858_t3|wait_3858_t4|explicit_link_18164_t5|wait_3019_t9|explicit_link_18117_t10|explicit_link_18140_t13|explicit_link_18141_t16|explicit_link_18138_t17|explicit_link_15584_t20|explicit_link_17180_t22|explicit_link_17179_t27|explicit_link_17159_t28|explicit_link_17165_t38|explicit_link_17168_t40|explicit_link_16603_t41|explicit_link_17037_t51|sink_B10_3382_t57,57.0,historical-workspace/work/boston_cg_pilot_r1/phase_ii_degeneracy_completion_r3/boston_exact_final/phase_i_work/round_045_oracle/phase_i_general_oracle_candidates.csv,PHASEI_R45_GEN_B10_001,B10,0.0,3382,2.5662279999999997,18164|18117|18140|18141|18138|15584|17180|17179|17159|17165|17168|16603|17037,3858|3019|3014|2698|949|947|948|4201|2953|2952|735|732|733|3382,,3858,false,false,true,PHASEI_R45_GEN_B10_001,,phase_i_oracle_handoff_candidate,full_cg_v1_phase_i_added_candidate,bounded_full_cg_v1_general_phase_i_oracle,0|5|10|13|16|17|20|22|27|28|38|40|41|51|57,57.0,false,false,false
,,source_B10|wait_3858_t0|wait_3858_t1|wait_3858_t2|explicit_link_18164_t3|wait_3019_t7|wait_3019_t8|explicit_link_18117_t9|explicit_link_18140_t12|explicit_link_18115_t15|explicit_link_18154_t19|explicit_link_18120_t20|explicit_link_17772_t22|explicit_link_18015_t25|explicit_link_18018_t29|explicit_link_18019_t31|explicit_link_18014_t32|explicit_link_15595_t39|explicit_link_17038_t43|explicit_link_17045_t49|explicit_link_17037_t51|sink_B10_3382_t57,57.0,historical-workspace/work/boston_cg_pilot_r1/phase_ii_degeneracy_completion_r3/boston_exact_final/phase_i_work/round_046_oracle/phase_i_general_oracle_candidates.csv,PHASEI_R46_GEN_B10_001,B10,0.0,3382,2.451904,18164|18117|18140|18115|18154|18120|17772|18015|18018|18019|18014|15595|17038|17045|17037,3858|3019|3014|2698|3015|3016|4253|1950|4252|4862|4202|2030|2033|4161|733|3382,,3858,false,false,true,PHASEI_R46_GEN_B10_001,,phase_i_oracle_handoff_candidate,full_cg_v1_phase_i_added_candidate,bounded_full_cg_v1_general_phase_i_oracle,0|3|9|12|15|19|20|22|25|29|31|32|39|43|49|51|57,57.0,false,false,false
,,source_B10|wait_3858_t0|wait_3858_t1|wait_3858_t2|wait_3858_t3|explicit_link_18164_t4|wait_3019_t8|explicit_link_18117_t9|explicit_link_18140_t12|explicit_link_18115_t15|explicit_link_18154_t19|explicit_link_18120_t20|explicit_link_17772_t22|explicit_link_18015_t25|explicit_link_18018_t29|explicit_link_18019_t31|explicit_link_18014_t32|explicit_link_15595_t39|explicit_link_17038_t43|explicit_link_17045_t49|explicit_link_17037_t51|sink_B10_3382_t57,57.0,historical-workspace/work/boston_cg_pilot_r1/phase_ii_degeneracy_completion_r3/boston_exact_final/phase_i_work/round_047_oracle/phase_i_general_oracle_candidates.csv,PHASEI_R47_GEN_B10_001,B10,0.0,3382,2.451904,18164|18117|18140|18115|18154|18120|17772|18015|18018|18019|18014|15595|17038|17045|17037,3858|3019|3014|2698|3015|3016|4253|1950|4252|4862|4202|2030|2033|4161|733|3382,,3858,false,false,true,PHASEI_R47_GEN_B10_001,,phase_i_oracle_handoff_candidate,full_cg_v1_phase_i_added_candidate,bounded_full_cg_v1_general_phase_i_oracle,0|4|9|12|15|19|20|22|25|29|31|32|39|43|49|51|57,57.0,false,false,false
,,source_B10|wait_3858_t0|wait_3858_t1|wait_3858_t2|wait_3858_t3|wait_3858_t4|wait_3858_t5|explicit_link_18164_t6|explicit_link_18117_t10|explicit_link_18140_t13|explicit_link_18141_t16|explicit_link_18138_t17|explicit_link_15584_t20|explicit_link_17180_t22|explicit_link_17179_t27|explicit_link_17159_t28|explicit_link_17165_t38|explicit_link_17168_t40|explicit_link_16603_t41|explicit_link_17037_t51|sink_B10_3382_t57,57.0,historical-workspace/work/boston_cg_pilot_r1/phase_ii_degeneracy_completion_r3/boston_exact_final/phase_i_work/round_048_oracle/phase_i_general_oracle_candidates.csv,PHASEI_R48_GEN_B10_001,B10,0.0,3382,2.5662279999999997,18164|18117|18140|18141|18138|15584|17180|17179|17159|17165|17168|16603|17037,3858|3019|3014|2698|949|947|948|4201|2953|2952|735|732|733|3382,,3858,false,false,true,PHASEI_R48_GEN_B10_001,,phase_i_oracle_handoff_candidate,full_cg_v1_phase_i_added_candidate,bounded_full_cg_v1_general_phase_i_oracle,0|6|10|13|16|17|20|22|27|28|38|40|41|51|57,57.0,false,false,false
,,source_B08|wait_3858_t0|wait_3858_t1|explicit_link_18164_t2|wait_3019_t6|explicit_link_18117_t7|explicit_link_18140_t10|explicit_link_18115_t13|explicit_link_18154_t17|explicit_link_18120_t18|explicit_link_17772_t20|wait_1950_t23|explicit_link_18015_t24|explicit_link_18018_t28|explicit_link_18019_t30|explicit_link_18014_t31|explicit_link_17958_t38|explicit_link_18007_t41|explicit_link_18005_t43|explicit_link_17811_t46|explicit_link_17946_t50|explicit_link_17947_t53|explicit_link_15592_t56|sink_B08_1492_t59,59.0,historical-workspace/work/boston_cg_pilot_r1/phase_ii_degeneracy_completion_r3/boston_exact_final/phase_i_work/round_049_oracle/phase_i_general_oracle_candidates.csv,PHASEI_R49_GEN_B08_001,B08,0.0,1492,2.494299333333333,18164|18117|18140|18115|18154|18120|17772|18015|18018|18019|18014|17958|18007|18005|17811|17946|17947|15592,3858|3019|3014|2698|3015|3016|4253|1950|4252|4862|4202|2030|2032|1002|1004|1005|1189|1487|1492,,3858,false,false,true,PHASEI_R49_GEN_B08_001,,phase_i_oracle_handoff_candidate,full_cg_v1_phase_i_added_candidate,bounded_full_cg_v1_general_phase_i_oracle,0|2|7|10|13|17|18|20|24|28|30|31|38|41|43|46|50|53|56|59,59.0,false,false,false
,,source_B08|wait_3858_t0|wait_3858_t1|wait_3858_t2|explicit_link_18164_t3|wait_3019_t7|explicit_link_18117_t8|wait_3014_t11|explicit_link_18140_t12|explicit_link_18115_t15|explicit_link_18154_t19|wait_3016_t20|explicit_link_18120_t21|explicit_link_17772_t23|explicit_link_18015_t26|explicit_link_18018_t30|explicit_link_18019_t32|explicit_link_18014_t33|explicit_link_17958_t40|explicit_link_18007_t43|explicit_link_18005_t45|explicit_link_17811_t48|explicit_link_17946_t52|explicit_link_17947_t55|explicit_link_15592_t58|sink_B08_1492_t61,61.0,historical-workspace/work/boston_cg_pilot_r1/phase_ii_degeneracy_completion_r3/boston_exact_final/phase_i_work/round_050_oracle/phase_i_general_oracle_candidates.csv,PHASEI_R50_GEN_B08_001,B08,0.0,1492,2.594299333333333,18164|18117|18140|18115|18154|18120|17772|18015|18018|18019|18014|17958|18007|18005|17811|17946|17947|15592,3858|3019|3014|2698|3015|3016|4253|1950|4252|4862|4202|2030|2032|1002|1004|1005|1189|1487|1492,,3858,false,false,true,PHASEI_R50_GEN_B08_001,,phase_i_oracle_handoff_candidate,full_cg_v1_phase_i_added_candidate,bounded_full_cg_v1_general_phase_i_oracle,0|3|8|12|15|19|21|23|26|30|32|33|40|43|45|48|52|55|58|61,61.0,false,false,false
,,source_B06|explicit_link_17063_t0|explicit_link_15611_t6|explicit_link_17770_t12|explicit_link_17812_t18|explicit_link_18086_t20|explicit_link_18085_t24|explicit_link_18063_t26|explicit_link_18081_t27|explicit_link_18071_t30|explicit_link_18079_t33|explicit_link_18068_t36|explicit_link_18075_t37|explicit_link_18074_t39|explicit_link_17827_t42|explicit_link_17952_t45|explicit_link_17910_t49|explicit_link_17946_t53|explicit_link_17947_t56|explicit_link_15592_t59|sink_B06_1492_t62,62.0,historical-workspace/work/boston_cg_pilot_r1/phase_ii_degeneracy_completion_r3/boston_exact_final/phase_i_work/round_051_oracle/phase_i_general_oracle_candidates.csv,PHASEI_R51_GEN_B06_001,B06,0.0,1492,2.6519376666666665,17063|15611|17770|17812|18086|18085|18063|18081|18071|18079|18068|18075|18074|17827|17952|17910|17946|17947|15592,2226|3075|3076|1949|1951|4135|538|539|1945|3265|3263|3264|1192|5294|5293|5291|1005|1189|1487|1492,,2226,false,false,true,PHASEI_R51_GEN_B06_001,,phase_i_oracle_handoff_candidate,full_cg_v1_phase_i_added_candidate,bounded_full_cg_v1_general_phase_i_oracle,0|6|12|18|20|24|26|27|30|33|36|37|39|42|45|49|53|56|59|62,62.0,false,false,false
,,source_B08|wait_3858_t0|wait_3858_t1|wait_3858_t2|wait_3858_t3|wait_3858_t4|explicit_link_18164_t5|explicit_link_18117_t9|wait_3014_t12|explicit_link_18140_t13|explicit_link_18115_t16|explicit_link_18154_t20|explicit_link_18120_t21|explicit_link_17772_t23|explicit_link_18015_t26|explicit_link_18018_t30|explicit_link_18019_t32|explicit_link_18014_t33|explicit_link_17958_t40|explicit_link_18007_t43|explicit_link_18005_t45|explicit_link_17811_t48|explicit_link_17946_t52|explicit_link_17947_t55|explicit_link_15592_t58|sink_B08_1492_t61,61.0,historical-workspace/work/boston_cg_pilot_r1/phase_ii_degeneracy_completion_r3/boston_exact_final/phase_i_work/round_052_oracle/phase_i_general_oracle_candidates.csv,PHASEI_R52_GEN_B08_001,B08,0.0,1492,2.594299333333333,18164|18117|18140|18115|18154|18120|17772|18015|18018|18019|18014|17958|18007|18005|17811|17946|17947|15592,3858|3019|3014|2698|3015|3016|4253|1950|4252|4862|4202|2030|2032|1002|1004|1005|1189|1487|1492,,3858,false,false,true,PHASEI_R52_GEN_B08_001,,phase_i_oracle_handoff_candidate,full_cg_v1_phase_i_added_candidate,bounded_full_cg_v1_general_phase_i_oracle,0|5|9|13|16|20|21|23|26|30|32|33|40|43|45|48|52|55|58|61,61.0,false,false,false
,,source_B04|explicit_link_16826_t0|explicit_link_16940_t6|explicit_link_16936_t7|explicit_link_16610_t9|explicit_link_17063_t21|explicit_link_15611_t27|explicit_link_17770_t33|wait_1949_t39|explicit_link_17956_t40|explicit_link_18015_t48|explicit_link_18018_t52|explicit_link_15640_t54|sink_B04_948_t60,60.0,historical-workspace/work/boston_cg_pilot_r1/phase_ii_degeneracy_completion_r3/boston_exact_final/phase_i_work/round_053_oracle/phase_i_general_oracle_candidates.csv,PHASEI_R53_GEN_B04_001,B04,0.0,948,2.6849993333333333,16826|16940|16936|16610|17063|15611|17770|17956|18015|18018|15640,4694|4667|4668|2258|2226|3075|3076|1949|1950|4252|4862|948,,4694,false,false,true,PHASEI_R53_GEN_B04_001,,phase_i_oracle_handoff_candidate,full_cg_v1_phase_i_added_candidate,bounded_full_cg_v1_general_phase_i_oracle,0|6|7|9|21|27|33|40|48|52|54|60,60.0,false,false,false
,,source_B08|wait_3858_t0|wait_3858_t1|wait_3858_t2|wait_3858_t3|wait_3858_t4|explicit_link_18164_t5|wait_3019_t9|explicit_link_18117_t10|wait_3014_t13|explicit_link_18140_t14|explicit_link_18115_t17|explicit_link_18154_t21|explicit_link_18120_t22|explicit_link_17772_t24|wait_1950_t27|explicit_link_18015_t28|explicit_link_18018_t32|explicit_link_18019_t34|explicit_link_18014_t35|explicit_link_17958_t42|explicit_link_18007_t45|explicit_link_18005_t47|explicit_link_17811_t50|explicit_link_17946_t54|explicit_link_17947_t57|explicit_link_15592_t60|sink_B08_1492_t63,63.0,historical-workspace/work/boston_cg_pilot_r1/phase_ii_degeneracy_completion_r3/boston_exact_final/phase_i_work/round_054_oracle/phase_i_general_oracle_candidates.csv,PHASEI_R54_GEN_B08_001,B08,0.0,1492,2.694299333333333,18164|18117|18140|18115|18154|18120|17772|18015|18018|18019|18014|17958|18007|18005|17811|17946|17947|15592,3858|3019|3014|2698|3015|3016|4253|1950|4252|4862|4202|2030|2032|1002|1004|1005|1189|1487|1492,,3858,false,false,true,PHASEI_R54_GEN_B08_001,,phase_i_oracle_handoff_candidate,full_cg_v1_phase_i_added_candidate,bounded_full_cg_v1_general_phase_i_oracle,0|5|10|14|17|21|22|24|28|32|34|35|42|45|47|50|54|57|60|63,63.0,false,false,false
,,source_B08|wait_3858_t0|wait_3858_t1|wait_3858_t2|wait_3858_t3|wait_3858_t4|wait_3858_t5|explicit_link_18164_t6|explicit_link_18117_t10|wait_3014_t13|wait_3014_t14|explicit_link_18140_t15|explicit_link_18115_t18|explicit_link_18154_t22|explicit_link_18120_t23|explicit_link_17772_t25|explicit_link_18015_t28|explicit_link_18018_t32|explicit_link_18019_t34|explicit_link_18014_t35|explicit_link_17958_t42|explicit_link_18007_t45|explicit_link_18005_t47|explicit_link_17811_t50|explicit_link_17946_t54|explicit_link_17947_t57|explicit_link_15592_t60|sink_B08_1492_t63,63.0,historical-workspace/work/boston_cg_pilot_r1/phase_ii_degeneracy_completion_r3/boston_exact_final/phase_i_work/round_055_oracle/phase_i_general_oracle_candidates.csv,PHASEI_R55_GEN_B08_001,B08,0.0,1492,2.694299333333333,18164|18117|18140|18115|18154|18120|17772|18015|18018|18019|18014|17958|18007|18005|17811|17946|17947|15592,3858|3019|3014|2698|3015|3016|4253|1950|4252|4862|4202|2030|2032|1002|1004|1005|1189|1487|1492,,3858,false,false,true,PHASEI_R55_GEN_B08_001,,phase_i_oracle_handoff_candidate,full_cg_v1_phase_i_added_candidate,bounded_full_cg_v1_general_phase_i_oracle,0|6|10|15|18|22|23|25|28|32|34|35|42|45|47|50|54|57|60|63,63.0,false,false,false
,,source_B08|wait_3858_t0|wait_3858_t1|wait_3858_t2|wait_3858_t3|wait_3858_t4|wait_3858_t5|wait_3858_t6|wait_3858_t7|explicit_link_18164_t8|explicit_link_18117_t12|explicit_link_18140_t15|explicit_link_18115_t18|explicit_link_18154_t22|explicit_link_18120_t23|explicit_link_17772_t25|explicit_link_18015_t28|explicit_link_18018_t32|explicit_link_18019_t34|explicit_link_18014_t35|explicit_link_17958_t42|explicit_link_18007_t45|explicit_link_18005_t47|explicit_link_17811_t50|explicit_link_17946_t54|explicit_link_17947_t57|explicit_link_15592_t60|sink_B08_1492_t63,63.0,historical-workspace/work/boston_cg_pilot_r1/phase_ii_degeneracy_completion_r3/boston_exact_final/phase_i_work/round_056_oracle/phase_i_general_oracle_candidates.csv,PHASEI_R56_GEN_B08_001,B08,0.0,1492,2.694299333333333,18164|18117|18140|18115|18154|18120|17772|18015|18018|18019|18014|17958|18007|18005|17811|17946|17947|15592,3858|3019|3014|2698|3015|3016|4253|1950|4252|4862|4202|2030|2032|1002|1004|1005|1189|1487|1492,,3858,false,false,true,PHASEI_R56_GEN_B08_001,,phase_i_oracle_handoff_candidate,full_cg_v1_phase_i_added_candidate,bounded_full_cg_v1_general_phase_i_oracle,0|8|12|15|18|22|23|25|28|32|34|35|42|45|47|50|54|57|60|63,63.0,false,false,false
,,source_B03|wait_4694_t0|explicit_link_16826_t1|explicit_link_16940_t7|explicit_link_16936_t8|explicit_link_16610_t10|sink_B03_2226_t22,22.0,historical-workspace/work/boston_cg_pilot_r1/phase_ii_degeneracy_completion_r3/boston_exact_final/phase_i_work/round_057_oracle/phase_i_general_oracle_candidates.csv,PHASEI_R57_GEN_B03_001,B03,0.0,2226,0.9759163333333332,16826|16940|16936|16610,4694|4667|4668|2258|2226,,4694,false,false,true,PHASEI_R57_GEN_B03_001,,phase_i_oracle_handoff_candidate,full_cg_v1_phase_i_added_candidate,bounded_full_cg_v1_general_phase_i_oracle,0|1|7|8|10|22,22.0,false,false,false
,,source_B08|wait_3858_t0|wait_3858_t1|wait_3858_t2|wait_3858_t3|wait_3858_t4|wait_3858_t5|explicit_link_18164_t6|explicit_link_18117_t10|wait_3014_t13|explicit_link_18140_t14|explicit_link_18115_t17|wait_3015_t21|explicit_link_18154_t22|explicit_link_18120_t23|explicit_link_17772_t25|explicit_link_18015_t28|explicit_link_18018_t32|explicit_link_18019_t34|explicit_link_18014_t35|explicit_link_17960_t42|explicit_link_18010_t49|explicit_link_17828_t53|explicit_link_15592_t59|sink_B08_1492_t62,62.0,historical-workspace/work/boston_cg_pilot_r1/phase_ii_degeneracy_completion_r3/boston_exact_final/phase_i_work/round_058_oracle/phase_i_general_oracle_candidates.csv,PHASEI_R58_GEN_B08_001,B08,0.0,1492,2.695432,18164|18117|18140|18115|18154|18120|17772|18015|18018|18019|18014|17960|18010|17828|15592,3858|3019|3014|2698|3015|3016|4253|1950|4252|4862|4202|2030|1180|1181|1487|1492,,3858,false,false,true,PHASEI_R58_GEN_B08_001,,phase_i_oracle_handoff_candidate,full_cg_v1_phase_i_added_candidate,bounded_full_cg_v1_general_phase_i_oracle,0|6|10|14|17|22|23|25|28|32|34|35|42|49|53|59|62,62.0,false,false,false
,,source_B04|explicit_link_16826_t0|explicit_link_16940_t6|explicit_link_16936_t7|explicit_link_16610_t9|explicit_link_17063_t21|explicit_link_15611_t27|explicit_link_17770_t33|explicit_link_17812_t39|explicit_link_17773_t41|explicit_link_18191_t44|explicit_link_18093_t46|explicit_link_18149_t48|explicit_link_18114_t51|explicit_link_18140_t54|explicit_link_18141_t57|explicit_link_18138_t58|explicit_link_15584_t61|sink_B04_948_t63,63.0,historical-workspace/work/boston_cg_pilot_r1/phase_ii_degeneracy_completion_r3/boston_exact_final/phase_i_work/round_059_oracle/phase_i_general_oracle_candidates.csv,PHASEI_R59_GEN_B04_001,B04,0.0,948,2.722822,16826|16940|16936|16610|17063|15611|17770|17812|17773|18191|18093|18149|18114|18140|18141|18138|15584,4694|4667|4668|2258|2226|3075|3076|1949|1951|4357|5157|292|293|3014|2698|949|947|948,,4694,false,false,true,PHASEI_R59_GEN_B04_001,,phase_i_oracle_handoff_candidate,full_cg_v1_phase_i_added_candidate,bounded_full_cg_v1_general_phase_i_oracle,0|6|7|9|21|27|33|39|41|44|46|48|51|54|57|58|61|63,63.0,false,false,false
,,source_B08|wait_3858_t0|wait_3858_t1|wait_3858_t2|wait_3858_t3|wait_3858_t4|wait_3858_t5|explicit_link_18164_t6|explicit_link_18117_t10|wait_3014_t13|explicit_link_18140_t14|explicit_link_18141_t17|explicit_link_18142_t18|explicit_link_18115_t19|explicit_link_18154_t23|explicit_link_18120_t24|explicit_link_17772_t26|explicit_link_18015_t29|explicit_link_18018_t33|explicit_link_18019_t35|explicit_link_18014_t36|explicit_link_17958_t43|explicit_link_18007_t46|explicit_link_18005_t48|explicit_link_17811_t51|explicit_link_17946_t55|explicit_link_17947_t58|explicit_link_15592_t61|sink_B08_1492_t64,64.0,historical-workspace/work/boston_cg_pilot_r1/phase_ii_degeneracy_completion_r3/boston_exact_final/phase_i_work/round_060_oracle/phase_i_general_oracle_candidates.csv,PHASEI_R60_GEN_B08_001,B08,0.0,1492,2.741731333333333,18164|18117|18140|18141|18142|18115|18154|18120|17772|18015|18018|18019|18014|17958|18007|18005|17811|17946|17947|15592,3858|3019|3014|2698|949|2698|3015|3016|4253|1950|4252|4862|4202|2030|2032|1002|1004|1005|1189|1487|1492,,3858,false,false,true,PHASEI_R60_GEN_B08_001,,phase_i_oracle_handoff_candidate,full_cg_v1_phase_i_added_candidate,bounded_full_cg_v1_general_phase_i_oracle,0|6|10|14|17|18|19|23|24|26|29|33|35|36|43|46|48|51|55|58|61|64,64.0,false,false,false
,,source_B08|wait_3858_t0|wait_3858_t1|wait_3858_t2|wait_3858_t3|wait_3858_t4|explicit_link_18164_t5|wait_3019_t9|wait_3019_t10|explicit_link_18117_t11|wait_3014_t14|wait_3014_t15|explicit_link_18140_t16|explicit_link_18115_t19|explicit_link_18154_t23|explicit_link_18120_t24|explicit_link_17772_t26|explicit_link_18015_t29|explicit_link_18018_t33|explicit_link_18019_t35|explicit_link_18014_t36|explicit_link_17958_t43|explicit_link_18007_t46|explicit_link_18005_t48|explicit_link_17811_t51|explicit_link_17946_t55|explicit_link_17947_t58|explicit_link_15592_t61|sink_B08_1492_t64,64.0,historical-workspace/work/boston_cg_pilot_r1/phase_ii_degeneracy_completion_r3/boston_exact_final/phase_i_work/round_061_oracle/phase_i_general_oracle_candidates.csv,PHASEI_R61_GEN_B08_001,B08,0.0,1492,2.744299333333333,18164|18117|18140|18115|18154|18120|17772|18015|18018|18019|18014|17958|18007|18005|17811|17946|17947|15592,3858|3019|3014|2698|3015|3016|4253|1950|4252|4862|4202|2030|2032|1002|1004|1005|1189|1487|1492,,3858,false,false,true,PHASEI_R61_GEN_B08_001,,phase_i_oracle_handoff_candidate,full_cg_v1_phase_i_added_candidate,bounded_full_cg_v1_general_phase_i_oracle,0|5|11|16|19|23|24|26|29|33|35|36|43|46|48|51|55|58|61|64,64.0,false,false,false
,,source_B08|wait_3858_t0|wait_3858_t1|wait_3858_t2|wait_3858_t3|wait_3858_t4|wait_3858_t5|explicit_link_18164_t6|wait_3019_t10|wait_3019_t11|wait_3019_t12|explicit_link_18117_t13|explicit_link_18140_t16|explicit_link_18115_t19|explicit_link_18154_t23|explicit_link_18120_t24|explicit_link_17772_t26|explicit_link_18015_t29|explicit_link_18018_t33|explicit_link_18019_t35|explicit_link_18014_t36|explicit_link_17958_t43|explicit_link_18007_t46|explicit_link_18005_t48|explicit_link_17811_t51|explicit_link_17946_t55|explicit_link_17947_t58|explicit_link_15592_t61|sink_B08_1492_t64,64.0,historical-workspace/work/boston_cg_pilot_r1/phase_ii_degeneracy_completion_r3/boston_exact_final/phase_i_work/round_062_oracle/phase_i_general_oracle_candidates.csv,PHASEI_R62_GEN_B08_001,B08,0.0,1492,2.744299333333333,18164|18117|18140|18115|18154|18120|17772|18015|18018|18019|18014|17958|18007|18005|17811|17946|17947|15592,3858|3019|3014|2698|3015|3016|4253|1950|4252|4862|4202|2030|2032|1002|1004|1005|1189|1487|1492,,3858,false,false,true,PHASEI_R62_GEN_B08_001,,phase_i_oracle_handoff_candidate,full_cg_v1_phase_i_added_candidate,bounded_full_cg_v1_general_phase_i_oracle,0|6|13|16|19|23|24|26|29|33|35|36|43|46|48|51|55|58|61|64,64.0,false,false,false
,,source_B10|wait_3858_t0|explicit_link_18164_t1|explicit_link_18117_t5|wait_3014_t8|wait_3014_t9|explicit_link_18140_t10|explicit_link_18115_t13|explicit_link_18154_t17|explicit_link_18120_t18|explicit_link_17772_t20|wait_1950_t23|explicit_link_18015_t24|explicit_link_18018_t28|explicit_link_18019_t30|explicit_link_18014_t31|explicit_link_15595_t38|explicit_link_17038_t42|explicit_link_17045_t48|explicit_link_17037_t50|sink_B10_3382_t56,56.0,historical-workspace/work/boston_cg_pilot_r1/phase_ii_degeneracy_completion_r3/boston_exact_final/phase_i_work/round_063_oracle/phase_i_general_oracle_candidates.csv,PHASEI_R63_GEN_B10_001,B10,0.0,3382,2.401904,18164|18117|18140|18115|18154|18120|17772|18015|18018|18019|18014|15595|17038|17045|17037,3858|3019|3014|2698|3015|3016|4253|1950|4252|4862|4202|2030|2033|4161|733|3382,,3858,false,false,true,PHASEI_R63_GEN_B10_001,,phase_i_oracle_handoff_candidate,full_cg_v1_phase_i_added_candidate,bounded_full_cg_v1_general_phase_i_oracle,0|1|5|10|13|17|18|20|24|28|30|31|38|42|48|50|56,56.0,false,false,false
,,source_B10|wait_3858_t0|wait_3858_t1|wait_3858_t2|wait_3858_t3|wait_3858_t4|wait_3858_t5|wait_3858_t6|wait_3858_t7|explicit_link_18164_t8|wait_3019_t12|explicit_link_18117_t13|explicit_link_18140_t16|explicit_link_18115_t19|explicit_link_18154_t23|explicit_link_18120_t24|explicit_link_17772_t26|explicit_link_18015_t29|explicit_link_18018_t33|explicit_link_18019_t35|explicit_link_18014_t36|explicit_link_15595_t43|explicit_link_17038_t47|explicit_link_17045_t53|explicit_link_17037_t55|sink_B10_3382_t61,61.0,historical-workspace/work/boston_cg_pilot_r1/phase_ii_degeneracy_completion_r3/boston_exact_final/phase_i_work/round_064_oracle/phase_i_general_oracle_candidates.csv,PHASEI_R64_GEN_B10_001,B10,0.0,3382,2.651904,18164|18117|18140|18115|18154|18120|17772|18015|18018|18019|18014|15595|17038|17045|17037,3858|3019|3014|2698|3015|3016|4253|1950|4252|4862|4202|2030|2033|4161|733|3382,,3858,false,false,true,PHASEI_R64_GEN_B10_001,,phase_i_oracle_handoff_candidate,full_cg_v1_phase_i_added_candidate,bounded_full_cg_v1_general_phase_i_oracle,0|8|13|16|19|23|24|26|29|33|35|36|43|47|53|55|61,61.0,false,false,false
,,source_B10|wait_3858_t0|wait_3858_t1|wait_3858_t2|wait_3858_t3|wait_3858_t4|wait_3858_t5|wait_3858_t6|wait_3858_t7|wait_3858_t8|explicit_link_18164_t9|explicit_link_18117_t13|explicit_link_18140_t16|explicit_link_18115_t19|explicit_link_18154_t23|explicit_link_18120_t24|explicit_link_17772_t26|explicit_link_18015_t29|explicit_link_18018_t33|explicit_link_18019_t35|explicit_link_18014_t36|explicit_link_15595_t43|explicit_link_17038_t47|explicit_link_17045_t53|explicit_link_17037_t55|sink_B10_3382_t61,61.0,historical-workspace/work/boston_cg_pilot_r1/phase_ii_degeneracy_completion_r3/boston_exact_final/phase_i_work/round_065_oracle/phase_i_general_oracle_candidates.csv,PHASEI_R65_GEN_B10_001,B10,0.0,3382,2.651904,18164|18117|18140|18115|18154|18120|17772|18015|18018|18019|18014|15595|17038|17045|17037,3858|3019|3014|2698|3015|3016|4253|1950|4252|4862|4202|2030|2033|4161|733|3382,,3858,false,false,true,PHASEI_R65_GEN_B10_001,,phase_i_oracle_handoff_candidate,full_cg_v1_phase_i_added_candidate,bounded_full_cg_v1_general_phase_i_oracle,0|9|13|16|19|23|24|26|29|33|35|36|43|47|53|55|61,61.0,false,false,false
,,source_B08|wait_3858_t0|wait_3858_t1|wait_3858_t2|wait_3858_t3|wait_3858_t4|wait_3858_t5|wait_3858_t6|wait_3858_t7|explicit_link_18164_t8|wait_3019_t12|explicit_link_18117_t13|explicit_link_18140_t16|wait_2698_t19|explicit_link_18115_t20|explicit_link_18154_t24|explicit_link_18120_t25|explicit_link_17772_t27|explicit_link_18015_t30|explicit_link_18018_t34|explicit_link_18019_t36|explicit_link_18014_t37|explicit_link_17958_t44|explicit_link_18007_t47|explicit_link_18005_t49|explicit_link_17811_t52|explicit_link_17946_t56|explicit_link_17947_t59|explicit_link_15592_t62|sink_B08_1492_t65,65.0,historical-workspace/work/boston_cg_pilot_r1/phase_ii_degeneracy_completion_r3/boston_exact_final/phase_i_work/round_066_oracle/phase_i_general_oracle_candidates.csv,PHASEI_R66_GEN_B08_001,B08,0.0,1492,2.794299333333333,18164|18117|18140|18115|18154|18120|17772|18015|18018|18019|18014|17958|18007|18005|17811|17946|17947|15592,3858|3019|3014|2698|3015|3016|4253|1950|4252|4862|4202|2030|2032|1002|1004|1005|1189|1487|1492,,3858,false,false,true,PHASEI_R66_GEN_B08_001,,phase_i_oracle_handoff_candidate,full_cg_v1_phase_i_added_candidate,bounded_full_cg_v1_general_phase_i_oracle,0|8|13|16|20|24|25|27|30|34|36|37|44|47|49|52|56|59|62|65,65.0,false,false,false
,,source_B08|wait_3858_t0|wait_3858_t1|wait_3858_t2|wait_3858_t3|wait_3858_t4|wait_3858_t5|wait_3858_t6|wait_3858_t7|wait_3858_t8|explicit_link_18164_t9|explicit_link_18117_t13|wait_3014_t16|explicit_link_18140_t17|explicit_link_18115_t20|explicit_link_18154_t24|explicit_link_18120_t25|explicit_link_17772_t27|explicit_link_18015_t30|explicit_link_18018_t34|explicit_link_18019_t36|explicit_link_18014_t37|explicit_link_17958_t44|explicit_link_18007_t47|explicit_link_18005_t49|explicit_link_17811_t52|explicit_link_17946_t56|explicit_link_17947_t59|explicit_link_15592_t62|sink_B08_1492_t65,65.0,historical-workspace/work/boston_cg_pilot_r1/phase_ii_degeneracy_completion_r3/boston_exact_final/phase_i_work/round_067_oracle/phase_i_general_oracle_candidates.csv,PHASEI_R67_GEN_B08_001,B08,0.0,1492,2.794299333333333,18164|18117|18140|18115|18154|18120|17772|18015|18018|18019|18014|17958|18007|18005|17811|17946|17947|15592,3858|3019|3014|2698|3015|3016|4253|1950|4252|4862|4202|2030|2032|1002|1004|1005|1189|1487|1492,,3858,false,false,true,PHASEI_R67_GEN_B08_001,,phase_i_oracle_handoff_candidate,full_cg_v1_phase_i_added_candidate,bounded_full_cg_v1_general_phase_i_oracle,0|9|13|17|20|24|25|27|30|34|36|37|44|47|49|52|56|59|62|65,65.0,false,false,false
,,source_B08|wait_3858_t0|wait_3858_t1|wait_3858_t2|wait_3858_t3|wait_3858_t4|wait_3858_t5|wait_3858_t6|explicit_link_18164_t7|wait_3019_t11|wait_3019_t12|wait_3019_t13|explicit_link_18117_t14|explicit_link_18140_t17|explicit_link_18115_t20|explicit_link_18154_t24|explicit_link_18120_t25|explicit_link_17772_t27|explicit_link_18015_t30|explicit_link_18018_t34|explicit_link_18019_t36|explicit_link_18014_t37|explicit_link_17960_t44|explicit_link_18010_t51|explicit_link_17828_t55|explicit_link_15592_t61|sink_B08_1492_t64,64.0,historical-workspace/work/boston_cg_pilot_r1/phase_ii_degeneracy_completion_r3/boston_exact_final/phase_i_work/round_068_oracle/phase_i_general_oracle_candidates.csv,PHASEI_R68_GEN_B08_001,B08,0.0,1492,2.795432,18164|18117|18140|18115|18154|18120|17772|18015|18018|18019|18014|17960|18010|17828|15592,3858|3019|3014|2698|3015|3016|4253|1950|4252|4862|4202|2030|1180|1181|1487|1492,,3858,false,false,true,PHASEI_R68_GEN_B08_001,,phase_i_oracle_handoff_candidate,full_cg_v1_phase_i_added_candidate,bounded_full_cg_v1_general_phase_i_oracle,0|7|14|17|20|24|25|27|30|34|36|37|44|51|55|61|64,64.0,false,false,false
,,source_B08|wait_3858_t0|wait_3858_t1|wait_3858_t2|wait_3858_t3|wait_3858_t4|wait_3858_t5|explicit_link_18164_t6|wait_3019_t10|explicit_link_18117_t11|explicit_link_18140_t14|explicit_link_18115_t17|explicit_link_18154_t21|explicit_link_18120_t22|explicit_link_17772_t24|wait_1950_t27|explicit_link_18015_t28|explicit_link_18018_t32|explicit_link_18019_t34|explicit_link_18014_t35|explicit_link_17960_t42|wait_1180_t49|wait_1180_t50|explicit_link_18010_t51|explicit_link_17828_t55|explicit_link_15592_t61|sink_B08_1492_t64,64.0,historical-workspace/work/boston_cg_pilot_r1/phase_ii_degeneracy_completion_r3/boston_exact_final/phase_i_work/round_069_oracle/phase_i_general_oracle_candidates.csv,PHASEI_R69_GEN_B08_001,B08,0.0,1492,2.795432,18164|18117|18140|18115|18154|18120|17772|18015|18018|18019|18014|17960|18010|17828|15592,3858|3019|3014|2698|3015|3016|4253|1950|4252|4862|4202|2030|1180|1181|1487|1492,,3858,false,false,true,PHASEI_R69_GEN_B08_001,,phase_i_oracle_handoff_candidate,full_cg_v1_phase_i_added_candidate,bounded_full_cg_v1_general_phase_i_oracle,0|6|11|14|17|21|22|24|28|32|34|35|42|51|55|61|64,64.0,false,false,false
,,source_B08|wait_3858_t0|explicit_link_18164_t1|wait_3019_t5|wait_3019_t6|wait_3019_t7|wait_3019_t8|wait_3019_t9|explicit_link_18117_t10|explicit_link_18140_t13|explicit_link_18141_t16|explicit_link_18142_t17|explicit_link_18115_t18|explicit_link_18154_t22|explicit_link_18120_t23|explicit_link_17772_t25|wait_1950_t28|wait_1950_t29|explicit_link_18015_t30|explicit_link_18018_t34|explicit_link_18019_t36|explicit_link_18014_t37|explicit_link_17960_t44|explicit_link_18010_t51|explicit_link_17828_t55|explicit_link_15592_t61|sink_B08_1492_t64,64.0,historical-workspace/work/boston_cg_pilot_r1/phase_ii_degeneracy_completion_r3/boston_exact_final/phase_i_work/round_070_oracle/phase_i_general_oracle_candidates.csv,PHASEI_R70_GEN_B08_001,B08,0.0,1492,2.7928640000000002,18164|18117|18140|18141|18142|18115|18154|18120|17772|18015|18018|18019|18014|17960|18010|17828|15592,3858|3019|3014|2698|949|2698|3015|3016|4253|1950|4252|4862|4202|2030|1180|1181|1487|1492,,3858,false,false,true,PHASEI_R70_GEN_B08_001,,phase_i_oracle_handoff_candidate,full_cg_v1_phase_i_added_candidate,bounded_full_cg_v1_general_phase_i_oracle,0|1|10|13|16|17|18|22|23|25|30|34|36|37|44|51|55|61|64,64.0,false,false,false
,,source_B10|wait_3858_t0|wait_3858_t1|wait_3858_t2|wait_3858_t3|wait_3858_t4|wait_3858_t5|wait_3858_t6|wait_3858_t7|wait_3858_t8|wait_3858_t9|explicit_link_18164_t10|explicit_link_18117_t14|explicit_link_18140_t17|explicit_link_18115_t20|explicit_link_18154_t24|explicit_link_18120_t25|explicit_link_17772_t27|explicit_link_18015_t30|explicit_link_18018_t34|explicit_link_18019_t36|explicit_link_18014_t37|explicit_link_15595_t44|explicit_link_17038_t48|explicit_link_17045_t54|explicit_link_17037_t56|sink_B10_3382_t62,62.0,historical-workspace/work/boston_cg_pilot_r1/phase_ii_degeneracy_completion_r3/boston_exact_final/phase_i_work/round_071_oracle/phase_i_general_oracle_candidates.csv,PHASEI_R71_GEN_B10_001,B10,0.0,3382,2.701904,18164|18117|18140|18115|18154|18120|17772|18015|18018|18019|18014|15595|17038|17045|17037,3858|3019|3014|2698|3015|3016|4253|1950|4252|4862|4202|2030|2033|4161|733|3382,,3858,false,false,true,PHASEI_R71_GEN_B10_001,,phase_i_oracle_handoff_candidate,full_cg_v1_phase_i_added_candidate,bounded_full_cg_v1_general_phase_i_oracle,0|10|14|17|20|24|25|27|30|34|36|37|44|48|54|56|62,62.0,false,false,false
,,source_B01|explicit_link_16826_t0|explicit_link_16940_t6|explicit_link_16936_t7|explicit_link_16610_t9|explicit_link_17063_t21|explicit_link_15611_t27|explicit_link_17770_t33|explicit_link_17812_t39|explicit_link_18086_t41|explicit_link_17819_t45|explicit_link_18051_t49|explicit_link_18049_t50|explicit_link_18050_t52|explicit_link_18033_t53|explicit_link_17957_t55|explicit_link_18023_t58|explicit_link_18017_t60|explicit_link_17958_t63|sink_B01_2032_t66,66.0,historical-workspace/work/boston_cg_pilot_r1/phase_ii_degeneracy_completion_r3/boston_exact_final/phase_i_work/round_072_oracle/phase_i_general_oracle_candidates.csv,PHASEI_R72_GEN_B01_001,B01,0.0,2032,2.8668546666666663,16826|16940|16936|16610|17063|15611|17770|17812|18086|17819|18051|18049|18050|18033|17957|18023|18017|17958,4694|4667|4668|2258|2226|3075|3076|1949|1951|4135|4049|4050|541|2034|1287|2029|3687|2030|2032,,4694,false,false,true,PHASEI_R72_GEN_B01_001,,phase_i_oracle_handoff_candidate,full_cg_v1_phase_i_added_candidate,bounded_full_cg_v1_general_phase_i_oracle,0|6|7|9|21|27|33|39|41|45|49|50|52|53|55|58|60|63|66,66.0,false,false,false
,,source_B04|explicit_link_16826_t0|wait_4667_t6|explicit_link_16940_t7|explicit_link_16936_t8|explicit_link_16610_t10|explicit_link_17063_t22|explicit_link_15611_t28|explicit_link_17770_t34|explicit_link_17956_t40|explicit_link_18015_t48|explicit_link_18018_t52|explicit_link_15640_t54|sink_B04_948_t60,60.0,historical-workspace/work/boston_cg_pilot_r1/phase_ii_degeneracy_completion_r3/boston_exact_final/phase_i_work/round_073_oracle/phase_i_general_oracle_candidates.csv,PHASEI_R73_GEN_B04_001,B04,0.0,948,2.6849993333333333,16826|16940|16936|16610|17063|15611|17770|17956|18015|18018|15640,4694|4667|4668|2258|2226|3075|3076|1949|1950|4252|4862|948,,4694,false,false,true,PHASEI_R73_GEN_B04_001,,phase_i_oracle_handoff_candidate,full_cg_v1_phase_i_added_candidate,bounded_full_cg_v1_general_phase_i_oracle,0|7|8|10|22|28|34|40|48|52|54|60,60.0,false,false,false
,,source_B04|wait_4694_t0|explicit_link_16826_t1|explicit_link_16940_t7|explicit_link_16936_t8|explicit_link_16610_t10|explicit_link_17063_t22|explicit_link_15611_t28|explicit_link_17770_t34|explicit_link_17956_t40|explicit_link_18015_t48|explicit_link_18018_t52|explicit_link_15640_t54|sink_B04_948_t60,60.0,historical-workspace/work/boston_cg_pilot_r1/phase_ii_degeneracy_completion_r3/boston_exact_final/phase_i_work/round_074_oracle/phase_i_general_oracle_candidates.csv,PHASEI_R74_GEN_B04_001,B04,0.0,948,2.6849993333333333,16826|16940|16936|16610|17063|15611|17770|17956|18015|18018|15640,4694|4667|4668|2258|2226|3075|3076|1949|1950|4252|4862|948,,4694,false,false,true,PHASEI_R74_GEN_B04_001,,phase_i_oracle_handoff_candidate,full_cg_v1_phase_i_added_candidate,bounded_full_cg_v1_general_phase_i_oracle,0|1|7|8|10|22|28|34|40|48|52|54|60,60.0,false,false,false
,,source_B01|explicit_link_16826_t0|explicit_link_16940_t6|explicit_link_16936_t7|explicit_link_16610_t9|explicit_link_17063_t21|explicit_link_15611_t27|explicit_link_17770_t33|explicit_link_17956_t39|explicit_link_18015_t47|explicit_link_18018_t51|wait_4862_t53|explicit_link_18019_t54|explicit_link_18014_t55|explicit_link_17958_t62|sink_B01_2032_t65,65.0,historical-workspace/work/boston_cg_pilot_r1/phase_ii_degeneracy_completion_r3/boston_exact_final/phase_i_work/round_075_oracle/phase_i_general_oracle_candidates.csv,PHASEI_R75_GEN_B01_001,B01,0.0,2032,2.8699879999999998,16826|16940|16936|16610|17063|15611|17770|17956|18015|18018|18019|18014|17958,4694|4667|4668|2258|2226|3075|3076|1949|1950|4252|4862|4202|2030|2032,,4694,false,false,true,PHASEI_R75_GEN_B01_001,,phase_i_oracle_handoff_candidate,full_cg_v1_phase_i_added_candidate,bounded_full_cg_v1_general_phase_i_oracle,0|6|7|9|21|27|33|39|47|51|54|55|62|65,65.0,false,false,false
,,source_B01|explicit_link_16826_t0|explicit_link_16940_t6|explicit_link_16936_t7|explicit_link_16610_t9|explicit_link_17063_t21|explicit_link_15611_t27|explicit_link_17770_t33|wait_1949_t39|explicit_link_17956_t40|explicit_link_18015_t48|explicit_link_18018_t52|explicit_link_18019_t54|explicit_link_18014_t55|explicit_link_17958_t62|sink_B01_2032_t65,65.0,historical-workspace/work/boston_cg_pilot_r1/phase_ii_degeneracy_completion_r3/boston_exact_final/phase_i_work/round_076_oracle/phase_i_general_oracle_candidates.csv,PHASEI_R76_GEN_B01_001,B01,0.0,2032,2.8699879999999998,16826|16940|16936|16610|17063|15611|17770|17956|18015|18018|18019|18014|17958,4694|4667|4668|2258|2226|3075|3076|1949|1950|4252|4862|4202|2030|2032,,4694,false,false,true,PHASEI_R76_GEN_B01_001,,phase_i_oracle_handoff_candidate,full_cg_v1_phase_i_added_candidate,bounded_full_cg_v1_general_phase_i_oracle,0|6|7|9|21|27|33|40|48|52|54|55|62|65,65.0,false,false,false
,,source_B01|wait_4694_t0|explicit_link_16826_t1|explicit_link_16940_t7|explicit_link_16936_t8|explicit_link_16610_t10|explicit_link_17063_t22|explicit_link_15611_t28|explicit_link_17770_t34|explicit_link_17812_t40|explicit_link_18086_t42|explicit_link_17819_t46|explicit_link_18051_t50|explicit_link_18049_t51|explicit_link_18050_t53|explicit_link_18033_t54|explicit_link_17957_t56|explicit_link_18023_t59|explicit_link_18017_t61|explicit_link_17958_t64|sink_B01_2032_t67,67.0,historical-workspace/work/boston_cg_pilot_r1/phase_ii_degeneracy_completion_r3/boston_exact_final/phase_i_work/round_077_oracle/phase_i_general_oracle_candidates.csv,PHASEI_R77_GEN_B01_001,B01,0.0,2032,2.916854666666666,16826|16940|16936|16610|17063|15611|17770|17812|18086|17819|18051|18049|18050|18033|17957|18023|18017|17958,4694|4667|4668|2258|2226|3075|3076|1949|1951|4135|4049|4050|541|2034|1287|2029|3687|2030|2032,,4694,false,false,true,PHASEI_R77_GEN_B01_001,,phase_i_oracle_handoff_candidate,full_cg_v1_phase_i_added_candidate,bounded_full_cg_v1_general_phase_i_oracle,0|1|7|8|10|22|28|34|40|42|46|50|51|53|54|56|59|61|64|67,67.0,false,false,false
,,source_B01|wait_4694_t0|explicit_link_16826_t1|explicit_link_16940_t7|explicit_link_16936_t8|explicit_link_16610_t10|explicit_link_17063_t22|explicit_link_15611_t28|explicit_link_17770_t34|wait_1949_t40|explicit_link_17956_t41|explicit_link_18015_t49|explicit_link_18018_t53|explicit_link_18019_t55|explicit_link_18014_t56|explicit_link_17958_t63|sink_B01_2032_t66,66.0,historical-workspace/work/boston_cg_pilot_r1/phase_ii_degeneracy_completion_r3/boston_exact_final/phase_i_work/round_078_oracle/phase_i_general_oracle_candidates.csv,PHASEI_R78_GEN_B01_001,B01,0.0,2032,2.9199879999999996,16826|16940|16936|16610|17063|15611|17770|17956|18015|18018|18019|18014|17958,4694|4667|4668|2258|2226|3075|3076|1949|1950|4252|4862|4202|2030|2032,,4694,false,false,true,PHASEI_R78_GEN_B01_001,,phase_i_oracle_handoff_candidate,full_cg_v1_phase_i_added_candidate,bounded_full_cg_v1_general_phase_i_oracle,0|1|7|8|10|22|28|34|41|49|53|55|56|63|66,66.0,false,false,false
,,source_B04|wait_4694_t0|explicit_link_16826_t1|wait_4667_t7|explicit_link_16940_t8|explicit_link_16936_t9|explicit_link_16610_t11|explicit_link_17063_t23|explicit_link_15611_t29|explicit_link_17770_t35|explicit_link_17956_t41|explicit_link_18015_t49|explicit_link_18018_t53|explicit_link_15640_t55|sink_B04_948_t61,61.0,historical-workspace/work/boston_cg_pilot_r1/phase_ii_degeneracy_completion_r3/boston_exact_final/phase_i_work/round_079_oracle/phase_i_general_oracle_candidates.csv,PHASEI_R79_GEN_B04_001,B04,0.0,948,2.734999333333333,16826|16940|16936|16610|17063|15611|17770|17956|18015|18018|15640,4694|4667|4668|2258|2226|3075|3076|1949|1950|4252|4862|948,,4694,false,false,true,PHASEI_R79_GEN_B04_001,,phase_i_oracle_handoff_candidate,full_cg_v1_phase_i_added_candidate,bounded_full_cg_v1_general_phase_i_oracle,0|1|8|9|11|23|29|35|41|49|53|55|61,61.0,false,false,false
,,source_B05|wait_4694_t0|wait_4694_t1|explicit_link_16826_t2|explicit_link_16940_t8|explicit_link_16936_t9|explicit_link_16610_t11|explicit_link_17063_t23|explicit_link_15611_t29|explicit_link_17770_t35|explicit_link_17956_t41|explicit_link_18015_t49|explicit_link_18018_t53|explicit_link_18019_t55|explicit_link_18014_t56|explicit_link_17958_t63|explicit_link_18007_t66|explicit_link_18005_t68|explicit_link_17811_t71|explicit_link_17946_t75|explicit_link_17947_t78|explicit_link_15592_t81|sink_B05_1492_t84,84.0,historical-workspace/work/boston_cg_pilot_r1/phase_ii_degeneracy_completion_r3/boston_exact_final/phase_i_work/round_080_oracle/phase_i_general_oracle_candidates.csv,PHASEI_R80_GEN_B05_001,B05,0.0,1492,3.676318666666666,16826|16940|16936|16610|17063|15611|17770|17956|18015|18018|18019|18014|17958|18007|18005|17811|17946|17947|15592,4694|4667|4668|2258|2226|3075|3076|1949|1950|4252|4862|4202|2030|2032|1002|1004|1005|1189|1487|1492,,4694,false,false,true,PHASEI_R80_GEN_B05_001,,phase_i_oracle_handoff_candidate,full_cg_v1_phase_i_added_candidate,bounded_full_cg_v1_general_phase_i_oracle,0|2|8|9|11|23|29|35|41|49|53|55|56|63|66|68|71|75|78|81|84,84.0,false,false,false
,,source_B05|wait_4694_t0|explicit_link_16826_t1|explicit_link_16940_t7|explicit_link_16936_t8|explicit_link_16610_t10|explicit_link_17063_t22|explicit_link_15611_t28|explicit_link_17770_t34|explicit_link_17812_t40|explicit_link_18086_t42|explicit_link_18085_t46|explicit_link_18063_t48|explicit_link_18081_t49|explicit_link_18071_t52|explicit_link_18079_t55|explicit_link_18068_t58|explicit_link_18075_t59|explicit_link_18074_t61|explicit_link_17827_t64|explicit_link_17952_t67|explicit_link_17910_t71|explicit_link_17946_t75|explicit_link_17947_t78|explicit_link_15592_t81|sink_B05_1492_t84,84.0,historical-workspace/work/boston_cg_pilot_r1/phase_ii_degeneracy_completion_r3/boston_exact_final/phase_i_work/round_081_oracle/phase_i_general_oracle_candidates.csv,PHASEI_R81_GEN_B05_001,B05,0.0,1492,3.6278539999999997,16826|16940|16936|16610|17063|15611|17770|17812|18086|18085|18063|18081|18071|18079|18068|18075|18074|17827|17952|17910|17946|17947|15592,4694|4667|4668|2258|2226|3075|3076|1949|1951|4135|538|539|1945|3265|3263|3264|1192|5294|5293|5291|1005|1189|1487|1492,,4694,false,false,true,PHASEI_R81_GEN_B05_001,,phase_i_oracle_handoff_candidate,full_cg_v1_phase_i_added_candidate,bounded_full_cg_v1_general_phase_i_oracle,0|1|7|8|10|22|28|34|40|42|46|48|49|52|55|58|59|61|64|67|71|75|78|81|84,84.0,false,false,false
,,source_B01|wait_4694_t0|wait_4694_t1|explicit_link_16826_t2|explicit_link_16940_t8|explicit_link_16936_t9|explicit_link_16610_t11|explicit_link_17063_t23|explicit_link_15611_t29|explicit_link_17770_t35|explicit_link_17812_t41|explicit_link_18086_t43|explicit_link_17819_t47|explicit_link_18051_t51|explicit_link_18049_t52|explicit_link_18050_t54|explicit_link_18033_t55|explicit_link_17957_t57|explicit_link_18023_t60|explicit_link_18017_t62|explicit_link_17958_t65|sink_B01_2032_t68,68.0,historical-workspace/work/boston_cg_pilot_r1/phase_ii_degeneracy_completion_r3/boston_exact_final/phase_i_work/round_082_oracle/phase_i_general_oracle_candidates.csv,PHASEI_R82_GEN_B01_001,B01,0.0,2032,2.9668546666666664,16826|16940|16936|16610|17063|15611|17770|17812|18086|17819|18051|18049|18050|18033|17957|18023|18017|17958,4694|4667|4668|2258|2226|3075|3076|1949|1951|4135|4049|4050|541|2034|1287|2029|3687|2030|2032,,4694,false,false,true,PHASEI_R82_GEN_B01_001,,phase_i_oracle_handoff_candidate,full_cg_v1_phase_i_added_candidate,bounded_full_cg_v1_general_phase_i_oracle,0|2|8|9|11|23|29|35|41|43|47|51|52|54|55|57|60|62|65|68,68.0,false,false,false
,,source_B01|wait_4694_t0|wait_4694_t1|explicit_link_16826_t2|explicit_link_16940_t8|explicit_link_16936_t9|explicit_link_16610_t11|explicit_link_17063_t23|explicit_link_15611_t29|explicit_link_17770_t35|wait_1949_t41|explicit_link_17956_t42|explicit_link_18015_t50|explicit_link_18018_t54|explicit_link_18019_t56|explicit_link_18014_t57|explicit_link_17958_t64|sink_B01_2032_t67,67.0,historical-workspace/work/boston_cg_pilot_r1/phase_ii_degeneracy_completion_r3/boston_exact_final/phase_i_work/round_083_oracle/phase_i_general_oracle_candidates.csv,PHASEI_R83_GEN_B01_001,B01,0.0,2032,2.969988,16826|16940|16936|16610|17063|15611|17770|17956|18015|18018|18019|18014|17958,4694|4667|4668|2258|2226|3075|3076|1949|1950|4252|4862|4202|2030|2032,,4694,false,false,true,PHASEI_R83_GEN_B01_001,,phase_i_oracle_handoff_candidate,full_cg_v1_phase_i_added_candidate,bounded_full_cg_v1_general_phase_i_oracle,0|2|8|9|11|23|29|35|42|50|54|56|57|64|67,67.0,false,false,false
,,source_B01|wait_4694_t0|wait_4694_t1|explicit_link_16826_t2|explicit_link_16940_t8|explicit_link_16936_t9|explicit_link_16610_t11|explicit_link_17063_t23|explicit_link_15611_t29|explicit_link_17770_t35|explicit_link_17812_t41|explicit_link_18086_t43|explicit_link_17819_t47|explicit_link_18051_t51|explicit_link_18049_t52|wait_541_t54|explicit_link_18050_t55|explicit_link_18033_t56|explicit_link_17957_t58|explicit_link_18023_t61|explicit_link_18017_t63|explicit_link_17958_t66|sink_B01_2032_t69,69.0,historical-workspace/work/boston_cg_pilot_r1/phase_ii_degeneracy_completion_r3/boston_exact_final/phase_i_work/round_084_oracle/phase_i_general_oracle_candidates.csv,PHASEI_R84_GEN_B01_001,B01,0.0,2032,3.0168546666666662,16826|16940|16936|16610|17063|15611|17770|17812|18086|17819|18051|18049|18050|18033|17957|18023|18017|17958,4694|4667|4668|2258|2226|3075|3076|1949|1951|4135|4049|4050|541|2034|1287|2029|3687|2030|2032,,4694,false,false,true,PHASEI_R84_GEN_B01_001,,phase_i_oracle_handoff_candidate,full_cg_v1_phase_i_added_candidate,bounded_full_cg_v1_general_phase_i_oracle,0|2|8|9|11|23|29|35|41|43|47|51|52|55|56|58|61|63|66|69,69.0,false,false,false
,,source_B01|wait_4694_t0|wait_4694_t1|explicit_link_16826_t2|explicit_link_16940_t8|explicit_link_16936_t9|explicit_link_16610_t11|explicit_link_17063_t23|explicit_link_15611_t29|explicit_link_17770_t35|explicit_link_17812_t41|explicit_link_18086_t43|wait_4135_t47|explicit_link_17819_t48|explicit_link_18051_t52|explicit_link_18049_t53|explicit_link_18050_t55|explicit_link_18033_t56|explicit_link_17957_t58|explicit_link_18023_t61|explicit_link_18017_t63|explicit_link_17958_t66|sink_B01_2032_t69,69.0,historical-workspace/work/boston_cg_pilot_r1/phase_ii_degeneracy_completion_r3/boston_exact_final/phase_i_work/round_085_oracle/phase_i_general_oracle_candidates.csv,PHASEI_R85_GEN_B01_001,B01,0.0,2032,3.0168546666666662,16826|16940|16936|16610|17063|15611|17770|17812|18086|17819|18051|18049|18050|18033|17957|18023|18017|17958,4694|4667|4668|2258|2226|3075|3076|1949|1951|4135|4049|4050|541|2034|1287|2029|3687|2030|2032,,4694,false,false,true,PHASEI_R85_GEN_B01_001,,phase_i_oracle_handoff_candidate,full_cg_v1_phase_i_added_candidate,bounded_full_cg_v1_general_phase_i_oracle,0|2|8|9|11|23|29|35|41|43|48|52|53|55|56|58|61|63|66|69,69.0,false,false,false
,,source_B05|explicit_link_16826_t0|explicit_link_16940_t6|explicit_link_16936_t7|explicit_link_16610_t9|explicit_link_17063_t21|explicit_link_15611_t27|explicit_link_17770_t33|explicit_link_17812_t39|explicit_link_18086_t41|explicit_link_18085_t45|explicit_link_18063_t47|explicit_link_18081_t48|explicit_link_18071_t51|explicit_link_18079_t54|explicit_link_18068_t57|explicit_link_18075_t58|explicit_link_18074_t60|explicit_link_17827_t63|explicit_link_17952_t66|explicit_link_17910_t70|explicit_link_17946_t74|explicit_link_17947_t77|explicit_link_15592_t80|sink_B05_1492_t83,83.0,historical-workspace/work/boston_cg_pilot_r1/phase_ii_degeneracy_completion_r3/boston_exact_final/phase_i_work/round_086_oracle/phase_i_general_oracle_candidates.csv,PHASEI_R86_GEN_B05_001,B05,0.0,1492,3.5778539999999994,16826|16940|16936|16610|17063|15611|17770|17812|18086|18085|18063|18081|18071|18079|18068|18075|18074|17827|17952|17910|17946|17947|15592,4694|4667|4668|2258|2226|3075|3076|1949|1951|4135|538|539|1945|3265|3263|3264|1192|5294|5293|5291|1005|1189|1487|1492,,4694,false,false,true,PHASEI_R86_GEN_B05_001,,phase_i_oracle_handoff_candidate,full_cg_v1_phase_i_added_candidate,bounded_full_cg_v1_general_phase_i_oracle,0|6|7|9|21|27|33|39|41|45|47|48|51|54|57|58|60|63|66|70|74|77|80|83,83.0,false,false,false
,,source_B04|wait_4694_t0|wait_4694_t1|explicit_link_16826_t2|wait_4667_t8|explicit_link_16940_t9|explicit_link_16936_t10|explicit_link_16610_t12|explicit_link_17063_t24|explicit_link_15611_t30|explicit_link_17770_t36|explicit_link_17956_t42|explicit_link_18015_t50|explicit_link_18018_t54|explicit_link_15640_t56|sink_B04_948_t62,62.0,historical-workspace/work/boston_cg_pilot_r1/phase_ii_degeneracy_completion_r3/boston_exact_final/phase_i_work/round_087_oracle/phase_i_general_oracle_candidates.csv,PHASEI_R87_GEN_B04_001,B04,0.0,948,2.7849993333333334,16826|16940|16936|16610|17063|15611|17770|17956|18015|18018|15640,4694|4667|4668|2258|2226|3075|3076|1949|1950|4252|4862|948,,4694,false,false,true,PHASEI_R87_GEN_B04_001,,phase_i_oracle_handoff_candidate,full_cg_v1_phase_i_added_candidate,bounded_full_cg_v1_general_phase_i_oracle,0|2|9|10|12|24|30|36|42|50|54|56|62,62.0,false,false,false
,,source_B03|wait_4694_t0|wait_4694_t1|wait_4694_t2|explicit_link_16826_t3|explicit_link_16940_t9|explicit_link_16936_t10|explicit_link_16610_t12|sink_B03_2226_t24,24.0,historical-workspace/work/boston_cg_pilot_r1/phase_ii_degeneracy_completion_r3/boston_exact_final/phase_i_work/round_088_oracle/phase_i_general_oracle_candidates.csv,PHASEI_R88_GEN_B03_001,B03,0.0,2226,1.0759163333333333,16826|16940|16936|16610,4694|4667|4668|2258|2226,,4694,false,false,true,PHASEI_R88_GEN_B03_001,,phase_i_oracle_handoff_candidate,full_cg_v1_phase_i_added_candidate,bounded_full_cg_v1_general_phase_i_oracle,0|3|9|10|12|24,24.0,false,false,false
,,source_B05|wait_4694_t0|wait_4694_t1|wait_4694_t2|explicit_link_16826_t3|explicit_link_16940_t9|explicit_link_16936_t10|explicit_link_16610_t12|explicit_link_17063_t24|explicit_link_15611_t30|explicit_link_17770_t36|explicit_link_17812_t42|explicit_link_18086_t44|explicit_link_17819_t48|explicit_link_18051_t52|explicit_link_18049_t53|explicit_link_18050_t55|explicit_link_18033_t56|explicit_link_17957_t58|explicit_link_18023_t61|explicit_link_18017_t63|explicit_link_17958_t66|explicit_link_18007_t69|explicit_link_18005_t71|explicit_link_17811_t74|explicit_link_17946_t78|explicit_link_17947_t81|explicit_link_15592_t84|sink_B05_1492_t87,87.0,historical-workspace/work/boston_cg_pilot_r1/phase_ii_degeneracy_completion_r3/boston_exact_final/phase_i_work/round_089_oracle/phase_i_general_oracle_candidates.csv,PHASEI_R89_GEN_B05_001,B05,0.0,1492,3.7731853333333327,16826|16940|16936|16610|17063|15611|17770|17812|18086|17819|18051|18049|18050|18033|17957|18023|18017|17958|18007|18005|17811|17946|17947|15592,4694|4667|4668|2258|2226|3075|3076|1949|1951|4135|4049|4050|541|2034|1287|2029|3687|2030|2032|1002|1004|1005|1189|1487|1492,,4694,false,false,true,PHASEI_R89_GEN_B05_001,,phase_i_oracle_handoff_candidate,full_cg_v1_phase_i_added_candidate,bounded_full_cg_v1_general_phase_i_oracle,0|3|9|10|12|24|30|36|42|44|48|52|53|55|56|58|61|63|66|69|71|74|78|81|84|87,87.0,false,false,false
,,source_B05|wait_4694_t0|wait_4694_t1|explicit_link_16826_t2|explicit_link_16940_t8|explicit_link_16936_t9|explicit_link_16610_t11|explicit_link_17063_t23|explicit_link_15611_t29|explicit_link_17770_t35|explicit_link_17812_t41|explicit_link_18086_t43|explicit_link_18085_t47|explicit_link_18063_t49|explicit_link_18081_t50|explicit_link_18071_t53|explicit_link_18079_t56|explicit_link_18068_t59|explicit_link_18069_t60|explicit_link_18068_t61|explicit_link_18075_t62|explicit_link_18074_t64|explicit_link_17827_t67|explicit_link_17952_t70|explicit_link_17910_t74|explicit_link_17946_t78|explicit_link_17947_t81|explicit_link_15592_t84|sink_B05_1492_t87,87.0,historical-workspace/work/boston_cg_pilot_r1/phase_ii_degeneracy_completion_r3/boston_exact_final/phase_i_work/round_090_oracle/phase_i_general_oracle_candidates.csv,PHASEI_R90_GEN_B05_001,B05,0.0,1492,3.7071019999999995,16826|16940|16936|16610|17063|15611|17770|17812|18086|18085|18063|18081|18071|18079|18068|18069|18068|18075|18074|17827|17952|17910|17946|17947|15592,4694|4667|4668|2258|2226|3075|3076|1949|1951|4135|538|539|1945|3265|3263|3264|3263|3264|1192|5294|5293|5291|1005|1189|1487|1492,,4694,false,false,true,PHASEI_R90_GEN_B05_001,,phase_i_oracle_handoff_candidate,full_cg_v1_phase_i_added_candidate,bounded_full_cg_v1_general_phase_i_oracle,0|2|8|9|11|23|29|35|41|43|47|49|50|53|56|59|60|61|62|64|67|70|74|78|81|84|87,87.0,false,false,false
,1,source_B08|wait_3858_t0|explicit_link_18164_t1|explicit_link_18117_t5|explicit_link_18140_t8|explicit_link_18115_t11|explicit_link_18154_t15|explicit_link_18120_t16|explicit_link_17772_t18|explicit_link_18015_t21|explicit_link_18018_t25|explicit_link_18019_t27|explicit_link_18014_t28|explicit_link_17958_t35|explicit_link_18007_t38|explicit_link_18005_t40|explicit_link_17811_t43|explicit_link_17946_t47|explicit_link_17947_t50|explicit_link_15592_t53|sink_B08_1492_t56,56,bounded_full_cg_v1_dynamic_network_phase_ii_oracle,ORACLE_R1_B08_K2,B08,0,1492,2.344299333333333,18164|18117|18140|18115|18154|18120|17772|18015|18018|18019|18014|17958|18007|18005|17811|17946|17947|15592,3858|3019|3014|2698|3015|3016|4253|1950|4252|4862|4202|2030|2032|1002|1004|1005|1189|1487|1492,-0.1190676666666668,3858,false,false,true,FULL_CG_V1_ORACLE_R1_B08_K2,,bounded_full_cg_v1_phase2_oracle_candidate,full_cg_v1_phase_ii_added_candidate,bounded_full_cg_v1_dynamic_network_phase_ii_oracle,0|1|5|8|11|15|16|18|21|25|27|28|35|38|40|43|47|50|53|56|100,56.0,false,false,false
,1,source_B05|wait_4694_t0|wait_4694_t1|wait_4694_t2|explicit_link_16826_t3|explicit_link_16940_t9|explicit_link_16936_t10|explicit_link_16610_t12|explicit_link_17063_t24|explicit_link_15611_t30|explicit_link_17770_t36|explicit_link_17812_t42|explicit_link_18086_t44|explicit_link_18085_t48|explicit_link_18063_t50|explicit_link_18081_t51|explicit_link_18071_t54|explicit_link_18079_t57|explicit_link_18068_t60|explicit_link_18075_t61|explicit_link_18074_t63|explicit_link_17827_t66|explicit_link_17952_t69|explicit_link_17910_t73|explicit_link_17946_t77|explicit_link_17947_t80|explicit_link_15592_t83|sink_B05_1492_t86,86,bounded_full_cg_v1_dynamic_network_phase_ii_oracle,ORACLE_R1_B05_K1,B05,0,1492,3.7278539999999993,16826|16940|16936|16610|17063|15611|17770|17812|18086|18085|18063|18081|18071|18079|18068|18075|18074|17827|17952|17910|17946|17947|15592,4694|4667|4668|2258|2226|3075|3076|1949|1951|4135|538|539|1945|3265|3263|3264|1192|5294|5293|5291|1005|1189|1487|1492,-0.112547333333334,4694,false,false,true,FULL_CG_V1_ORACLE_R1_B05_K1,,bounded_full_cg_v1_phase2_oracle_candidate,full_cg_v1_phase_ii_added_candidate,bounded_full_cg_v1_dynamic_network_phase_ii_oracle,0|1|2|3|9|10|12|24|30|36|42|44|48|50|51|54|57|60|61|63|66|69|73|77|80|83|86|100,86.0,false,false,false
,1,source_B01|wait_4694_t0|wait_4694_t1|explicit_link_16826_t2|explicit_link_16940_t8|explicit_link_16936_t9|explicit_link_16610_t11|explicit_link_17063_t23|explicit_link_15611_t29|explicit_link_17770_t35|explicit_link_17956_t41|explicit_link_18015_t49|explicit_link_18018_t53|explicit_link_18019_t55|explicit_link_18014_t56|explicit_link_17958_t63|sink_B01_2032_t66,66,bounded_full_cg_v1_dynamic_network_phase_ii_oracle,ORACLE_R1_B01_K1,B01,0,2032,2.919988,16826|16940|16936|16610|17063|15611|17770|17956|18015|18018|18019|18014|17958,4694|4667|4668|2258|2226|3075|3076|1949|1950|4252|4862|4202|2030|2032,-0.07266566666666607,4694,false,false,true,FULL_CG_V1_ORACLE_R1_B01_K1,,bounded_full_cg_v1_phase2_oracle_candidate,full_cg_v1_phase_ii_added_candidate,bounded_full_cg_v1_dynamic_network_phase_ii_oracle,0|1|2|8|9|11|23|29|35|41|49|53|55|56|63|66|100,66.0,false,false,false
,1,source_B04|wait_4694_t0|wait_4694_t1|explicit_link_16826_t2|explicit_link_16940_t8|explicit_link_16936_t9|explicit_link_16610_t11|explicit_link_17063_t23|explicit_link_15611_t29|explicit_link_17770_t35|explicit_link_17956_t41|explicit_link_18015_t49|explicit_link_18018_t53|explicit_link_15640_t55|sink_B04_948_t61,61,bounded_full_cg_v1_dynamic_network_phase_ii_oracle,ORACLE_R1_B04_K1,B04,0,948,2.7349993333333336,16826|16940|16936|16610|17063|15611|17770|17956|18015|18018|15640,4694|4667|4668|2258|2226|3075|3076|1949|1950|4252|4862|948,-0.07266566666666607,4694,false,false,true,FULL_CG_V1_ORACLE_R1_B04_K1,,bounded_full_cg_v1_phase2_oracle_candidate,full_cg_v1_phase_ii_added_candidate,bounded_full_cg_v1_dynamic_network_phase_ii_oracle,0|1|2|8|9|11|23|29|35|41|49|53|55|61|100,61.0,false,false,false
,1,source_B10|wait_3858_t0|explicit_link_18164_t1|explicit_link_18117_t5|explicit_link_18140_t8|explicit_link_18115_t11|explicit_link_18154_t15|explicit_link_18120_t16|explicit_link_17772_t18|explicit_link_18015_t21|explicit_link_18018_t25|explicit_link_18019_t27|explicit_link_18014_t28|explicit_link_15595_t35|explicit_link_17038_t39|explicit_link_17045_t45|explicit_link_17037_t47|sink_B10_3382_t53,53,bounded_full_cg_v1_dynamic_network_phase_ii_oracle,ORACLE_R1_B10_K2,B10,0,3382,2.251904,18164|18117|18140|18115|18154|18120|17772|18015|18018|18019|18014|15595|17038|17045|17037,3858|3019|3014|2698|3015|3016|4253|1950|4252|4862|4202|2030|2033|4161|733|3382,-0.06432399999999938,3858,false,false,true,FULL_CG_V1_ORACLE_R1_B10_K2,,bounded_full_cg_v1_phase2_oracle_candidate,full_cg_v1_phase_ii_added_candidate,bounded_full_cg_v1_dynamic_network_phase_ii_oracle,0|1|5|8|11|15|16|18|21|25|27|28|35|39|45|47|53|100,53.0,false,false,false
,2,source_B08|wait_3858_t0|wait_3858_t1|explicit_link_18164_t2|explicit_link_18117_t6|explicit_link_18140_t9|explicit_link_18115_t12|explicit_link_18154_t16|explicit_link_18120_t17|explicit_link_17772_t19|explicit_link_18015_t22|explicit_link_18018_t26|explicit_link_18019_t28|explicit_link_18014_t29|explicit_link_17958_t36|explicit_link_18007_t39|explicit_link_18005_t41|explicit_link_17811_t44|explicit_link_17946_t48|explicit_link_17947_t51|explicit_link_15592_t54|sink_B08_1492_t57,57,bounded_full_cg_v1_dynamic_network_phase_ii_oracle,ORACLE_R2_B08_K2,B08,0,1492,2.3942993333333327,18164|18117|18140|18115|18154|18120|17772|18015|18018|18019|18014|17958|18007|18005|17811|17946|17947|15592,3858|3019|3014|2698|3015|3016|4253|1950|4252|4862|4202|2030|2032|1002|1004|1005|1189|1487|1492,-0.10507983333333382,3858,false,false,true,FULL_CG_V1_ORACLE_R2_B08_K2,,bounded_full_cg_v1_phase2_oracle_candidate,full_cg_v1_phase_ii_added_candidate,bounded_full_cg_v1_dynamic_network_phase_ii_oracle,0|1|2|6|9|12|16|17|19|22|26|28|29|36|39|41|44|48|51|54|57|100,57.0,false,false,false
,2,source_B10|wait_3858_t0|wait_3858_t1|explicit_link_18164_t2|explicit_link_18117_t6|explicit_link_18140_t9|explicit_link_18115_t12|explicit_link_18154_t16|explicit_link_18120_t17|explicit_link_17772_t19|explicit_link_18015_t22|explicit_link_18018_t26|explicit_link_18019_t28|explicit_link_18014_t29|explicit_link_15595_t36|explicit_link_17038_t40|explicit_link_17045_t46|explicit_link_17037_t48|sink_B10_3382_t54,54,bounded_full_cg_v1_dynamic_network_phase_ii_oracle,ORACLE_R2_B10_K2,B10,0,3382,2.3019039999999995,18164|18117|18140|18115|18154|18120|17772|18015|18018|18019|18014|15595|17038|17045|17037,3858|3019|3014|2698|3015|3016|4253|1950|4252|4862|4202|2030|2033|4161|733|3382,-0.06432400000000049,3858,false,false,true,FULL_CG_V1_ORACLE_R2_B10_K2,,bounded_full_cg_v1_phase2_oracle_candidate,full_cg_v1_phase_ii_added_candidate,bounded_full_cg_v1_dynamic_network_phase_ii_oracle,0|1|2|6|9|12|16|17|19|22|26|28|29|36|40|46|48|54|100,54.0,false,false,false
,2,source_B01|wait_4694_t0|wait_4694_t1|wait_4694_t2|explicit_link_16826_t3|explicit_link_16940_t9|explicit_link_16936_t10|explicit_link_16610_t12|explicit_link_17063_t24|explicit_link_15611_t30|explicit_link_17770_t36|explicit_link_17956_t42|explicit_link_18015_t50|explicit_link_18018_t54|explicit_link_18019_t56|explicit_link_18014_t57|explicit_link_17958_t64|sink_B01_2032_t67,67,bounded_full_cg_v1_dynamic_network_phase_ii_oracle,ORACLE_R2_B01_K1,B01,0,2032,2.969988,16826|16940|16936|16610|17063|15611|17770|17956|18015|18018|18019|18014|17958,4694|4667|4668|2258|2226|3075|3076|1949|1950|4252|4862|4202|2030|2032,-0.04686666666666639,4694,false,false,true,FULL_CG_V1_ORACLE_R2_B01_K1,,bounded_full_cg_v1_phase2_oracle_candidate,full_cg_v1_phase_ii_added_candidate,bounded_full_cg_v1_dynamic_network_phase_ii_oracle,0|1|2|3|9|10|12|24|30|36|42|50|54|56|57|64|67|100,67.0,false,false,false
,2,source_B04|wait_4694_t0|wait_4694_t1|wait_4694_t2|explicit_link_16826_t3|explicit_link_16940_t9|explicit_link_16936_t10|explicit_link_16610_t12|explicit_link_17063_t24|explicit_link_15611_t30|explicit_link_17770_t36|explicit_link_17956_t42|explicit_link_18015_t50|explicit_link_18018_t54|explicit_link_15640_t56|sink_B04_948_t62,62,bounded_full_cg_v1_dynamic_network_phase_ii_oracle,ORACLE_R2_B04_K1,B04,0,948,2.7849993333333334,16826|16940|16936|16610|17063|15611|17770|17956|18015|18018|15640,4694|4667|4668|2258|2226|3075|3076|1949|1950|4252|4862|948,-0.04686666666666639,4694,false,false,true,FULL_CG_V1_ORACLE_R2_B04_K1,,bounded_full_cg_v1_phase2_oracle_candidate,full_cg_v1_phase_ii_added_candidate,bounded_full_cg_v1_dynamic_network_phase_ii_oracle,0|1|2|3|9|10|12|24|30|36|42|50|54|56|62|100,62.0,false,false,false
,2,source_B05|wait_4694_t0|wait_4694_t1|explicit_link_16826_t2|explicit_link_16940_t8|explicit_link_16936_t9|explicit_link_16610_t11|explicit_link_17063_t23|explicit_link_15611_t29|explicit_link_17770_t35|explicit_link_17812_t41|explicit_link_18086_t43|explicit_link_18085_t47|explicit_link_18063_t49|explicit_link_18081_t50|explicit_link_18071_t53|explicit_link_18079_t56|explicit_link_18068_t59|explicit_link_18075_t60|explicit_link_18074_t62|explicit_link_17827_t65|explicit_link_17952_t68|explicit_link_17910_t72|explicit_link_17946_t76|explicit_link_17947_t79|explicit_link_15592_t82|sink_B05_1492_t85,85,bounded_full_cg_v1_dynamic_network_phase_ii_oracle,ORACLE_R2_B05_K1,B05,0,1492,3.6778539999999995,16826|16940|16936|16610|17063|15611|17770|17812|18086|18085|18063|18081|18071|18079|18068|18075|18074|17827|17952|17910|17946|17947|15592,4694|4667|4668|2258|2226|3075|3076|1949|1951|4135|538|539|1945|3265|3263|3264|1192|5294|5293|5291|1005|1189|1487|1492,-0.02924799999999994,4694,false,false,true,FULL_CG_V1_ORACLE_R2_B05_K1,,bounded_full_cg_v1_phase2_oracle_candidate,full_cg_v1_phase_ii_added_candidate,bounded_full_cg_v1_dynamic_network_phase_ii_oracle,0|1|2|8|9|11|23|29|35|41|43|47|49|50|53|56|59|60|62|65|68|72|76|79|82|85|100,85.0,false,false,false
,2,source_B03|wait_4694_t0|wait_4694_t1|explicit_link_16826_t2|explicit_link_16940_t8|explicit_link_16936_t9|explicit_link_16610_t11|sink_B03_2226_t23,23,bounded_full_cg_v1_dynamic_network_phase_ii_oracle,ORACLE_R2_B03_K1,B03,0,2226,1.0259163333333332,16826|16940|16936|16610,4694|4667|4668|2258|2226,-0.0031333333333336544,4694,false,false,true,FULL_CG_V1_ORACLE_R2_B03_K1,,bounded_full_cg_v1_phase2_oracle_candidate,full_cg_v1_phase_ii_added_candidate,bounded_full_cg_v1_dynamic_network_phase_ii_oracle,0|1|2|8|9|11|23|100,23.0,false,false,false
,2,source_B06|explicit_link_17063_t0|explicit_link_15611_t6|explicit_link_17770_t12|explicit_link_17956_t18|explicit_link_18015_t26|explicit_link_18018_t30|explicit_link_18019_t32|explicit_link_18014_t33|explicit_link_17958_t40|explicit_link_18007_t43|explicit_link_18005_t45|explicit_link_17811_t48|explicit_link_17946_t52|explicit_link_17947_t55|explicit_link_15592_t58|sink_B06_1492_t61,61,bounded_full_cg_v1_dynamic_network_phase_ii_oracle,ORACLE_R2_B06_K1,B06,0,1492,2.6504023333333326,17063|15611|17770|17956|18015|18018|18019|18014|17958|18007|18005|17811|17946|17947|15592,2226|3075|3076|1949|1950|4252|4862|4202|2030|2032|1002|1004|1005|1189|1487|1492,-0.0011326666666673368,2226,false,false,true,FULL_CG_V1_ORACLE_R2_B06_K1,,bounded_full_cg_v1_phase2_oracle_candidate,full_cg_v1_phase_ii_added_candidate,bounded_full_cg_v1_dynamic_network_phase_ii_oracle,0|6|12|18|26|30|32|33|40|43|45|48|52|55|58|61|100,61.0,false,false,false
,3,source_B10|wait_3858_t0|explicit_link_18164_t1|wait_3019_t5|explicit_link_18117_t6|explicit_link_18140_t9|explicit_link_18115_t12|explicit_link_18154_t16|explicit_link_18120_t17|explicit_link_17772_t19|explicit_link_18015_t22|explicit_link_18018_t26|explicit_link_18019_t28|explicit_link_18014_t29|explicit_link_15595_t36|explicit_link_17038_t40|explicit_link_17045_t46|explicit_link_17037_t48|sink_B10_3382_t54,54,bounded_full_cg_v1_dynamic_network_phase_ii_oracle,ORACLE_R3_B10_K1,B10,0,3382,2.3019039999999995,18164|18117|18140|18115|18154|18120|17772|18015|18018|18019|18014|15595|17038|17045|17037,3858|3019|3014|2698|3015|3016|4253|1950|4252|4862|4202|2030|2033|4161|733|3382,-0.40000000000000036,3858,false,false,true,FULL_CG_V1_ORACLE_R3_B10_K1,,bounded_full_cg_v1_phase2_oracle_candidate,full_cg_v1_phase_ii_added_candidate,bounded_full_cg_v1_dynamic_network_phase_ii_oracle,0|1|5|6|9|12|16|17|19|22|26|28|29|36|40|46|48|54|100,54.0,false,false,false
,3,source_B08|wait_3858_t0|explicit_link_18164_t1|wait_3019_t5|explicit_link_18117_t6|explicit_link_18140_t9|explicit_link_18115_t12|explicit_link_18154_t16|explicit_link_18120_t17|explicit_link_17772_t19|explicit_link_18015_t22|explicit_link_18018_t26|explicit_link_18019_t28|explicit_link_18014_t29|explicit_link_17958_t36|explicit_link_18007_t39|explicit_link_18005_t41|explicit_link_17811_t44|explicit_link_17946_t48|explicit_link_17947_t51|explicit_link_15592_t54|sink_B08_1492_t57,57,bounded_full_cg_v1_dynamic_network_phase_ii_oracle,ORACLE_R3_B08_K1,B08,0,1492,2.3942993333333327,18164|18117|18140|18115|18154|18120|17772|18015|18018|18019|18014|17958|18007|18005|17811|17946|17947|15592,3858|3019|3014|2698|3015|3016|4253|1950|4252|4862|4202|2030|2032|1002|1004|1005|1189|1487|1492,-0.3999999999999999,3858,false,false,true,FULL_CG_V1_ORACLE_R3_B08_K1,,bounded_full_cg_v1_phase2_oracle_candidate,full_cg_v1_phase_ii_added_candidate,bounded_full_cg_v1_dynamic_network_phase_ii_oracle,0|1|5|6|9|12|16|17|19|22|26|28|29|36|39|41|44|48|51|54|57|100,57.0,false,false,false
,3,source_B09|wait_3858_t0|explicit_link_18164_t1|wait_3019_t5|explicit_link_18117_t6|explicit_link_18140_t9|explicit_link_18115_t12|explicit_link_18154_t16|explicit_link_18120_t17|explicit_link_17772_t19|explicit_link_18015_t22|explicit_link_18018_t26|explicit_link_18019_t28|explicit_link_18014_t29|explicit_link_17958_t36|sink_B09_2032_t39,39,bounded_full_cg_v1_dynamic_network_phase_ii_oracle,ORACLE_R3_B09_K1,B09,0,2032,1.6379686666666664,18164|18117|18140|18115|18154|18120|17772|18015|18018|18019|18014|17958,3858|3019|3014|2698|3015|3016|4253|1950|4252|4862|4202|2030|2032,-0.3825426666666669,3858,false,false,true,FULL_CG_V1_ORACLE_R3_B09_K1,,bounded_full_cg_v1_phase2_oracle_candidate,full_cg_v1_phase_ii_added_candidate,bounded_full_cg_v1_dynamic_network_phase_ii_oracle,0|1|5|6|9|12|16|17|19|22|26|28|29|36|39|100,39.0,false,false,false
,3,source_B05|wait_4694_t0|explicit_link_16826_t1|explicit_link_16940_t7|explicit_link_16936_t8|explicit_link_16610_t10|explicit_link_17063_t22|explicit_link_15611_t28|explicit_link_17770_t34|explicit_link_17956_t40|explicit_link_18015_t48|explicit_link_18018_t52|explicit_link_18019_t54|explicit_link_18014_t55|explicit_link_17960_t62|explicit_link_18010_t69|explicit_link_17828_t73|explicit_link_15592_t79|sink_B05_1492_t82,82,bounded_full_cg_v1_dynamic_network_phase_ii_oracle,ORACLE_R3_B05_K1,B05,0,1492,3.6274513333333323,16826|16940|16936|16610|17063|15611|17770|17956|18015|18018|18019|18014|17960|18010|17828|15592,4694|4667|4668|2258|2226|3075|3076|1949|1950|4252|4862|4202|2030|1180|1181|1487|1492,-0.04686666666666728,4694,false,false,true,FULL_CG_V1_ORACLE_R3_B05_K1,,bounded_full_cg_v1_phase2_oracle_candidate,full_cg_v1_phase_ii_added_candidate,bounded_full_cg_v1_dynamic_network_phase_ii_oracle,0|1|7|8|10|22|28|34|40|48|52|54|55|62|69|73|79|82|100,82.0,false,false,false
,3,source_B01|wait_4694_t0|explicit_link_16826_t1|explicit_link_16940_t7|explicit_link_16936_t8|explicit_link_16610_t10|explicit_link_17063_t22|explicit_link_15611_t28|explicit_link_17770_t34|explicit_link_17956_t40|explicit_link_18015_t48|explicit_link_18018_t52|explicit_link_18019_t54|explicit_link_18014_t55|explicit_link_17958_t62|sink_B01_2032_t65,65,bounded_full_cg_v1_dynamic_network_phase_ii_oracle,ORACLE_R3_B01_K1,B01,0,2032,2.8699879999999993,16826|16940|16936|16610|17063|15611|17770|17956|18015|18018|18019|18014|17958,4694|4667|4668|2258|2226|3075|3076|1949|1950|4252|4862|4202|2030|2032,-0.046866666666666834,4694,false,false,true,FULL_CG_V1_ORACLE_R3_B01_K1,,bounded_full_cg_v1_phase2_oracle_candidate,full_cg_v1_phase_ii_added_candidate,bounded_full_cg_v1_dynamic_network_phase_ii_oracle,0|1|7|8|10|22|28|34|40|48|52|54|55|62|65|100,65.0,false,false,false
,4,source_B08|wait_3858_t0|wait_3858_t1|wait_3858_t2|wait_3858_t3|wait_3858_t4|wait_3858_t5|wait_3858_t6|explicit_link_18164_t7|explicit_link_18117_t11|wait_3014_t14|explicit_link_18140_t15|explicit_link_18115_t18|explicit_link_18154_t22|explicit_link_18120_t23|explicit_link_17772_t25|explicit_link_18015_t28|explicit_link_18018_t32|explicit_link_18019_t34|explicit_link_18014_t35|explicit_link_17958_t42|explicit_link_18007_t45|explicit_link_18005_t47|explicit_link_17811_t50|explicit_link_17946_t54|explicit_link_17947_t57|explicit_link_15592_t60|sink_B08_1492_t63,63,bounded_full_cg_v1_dynamic_network_phase_ii_oracle,ORACLE_R4_B08_K1,B08,0,1492,2.694299333333333,18164|18117|18140|18115|18154|18120|17772|18015|18018|18019|18014|17958|18007|18005|17811|17946|17947|15592,3858|3019|3014|2698|3015|3016|4253|1950|4252|4862|4202|2030|2032|1002|1004|1005|1189|1487|1492,-0.10000000000000009,3858,false,false,true,FULL_CG_V1_ORACLE_R4_B08_K1,,bounded_full_cg_v1_phase2_oracle_candidate,full_cg_v1_phase_ii_added_candidate,bounded_full_cg_v1_dynamic_network_phase_ii_oracle,0|1|2|3|4|5|6|7|11|14|15|18|22|23|25|28|32|34|35|42|45|47|50|54|57|60|63|100,63.0,false,false,false
,4,source_B10|wait_3858_t0|wait_3858_t1|wait_3858_t2|wait_3858_t3|wait_3858_t4|wait_3858_t5|wait_3858_t6|explicit_link_18164_t7|explicit_link_18117_t11|wait_3014_t14|explicit_link_18140_t15|explicit_link_18115_t18|explicit_link_18154_t22|explicit_link_18120_t23|explicit_link_17772_t25|explicit_link_18015_t28|explicit_link_18018_t32|explicit_link_18019_t34|explicit_link_18014_t35|explicit_link_15595_t42|explicit_link_17038_t46|explicit_link_17045_t52|explicit_link_17037_t54|sink_B10_3382_t60,60,bounded_full_cg_v1_dynamic_network_phase_ii_oracle,ORACLE_R4_B10_K1,B10,0,3382,2.6019039999999998,18164|18117|18140|18115|18154|18120|17772|18015|18018|18019|18014|15595|17038|17045|17037,3858|3019|3014|2698|3015|3016|4253|1950|4252|4862|4202|2030|2033|4161|733|3382,-0.10000000000000009,3858,false,false,true,FULL_CG_V1_ORACLE_R4_B10_K1,,bounded_full_cg_v1_phase2_oracle_candidate,full_cg_v1_phase_ii_added_candidate,bounded_full_cg_v1_dynamic_network_phase_ii_oracle,0|1|2|3|4|5|6|7|11|14|15|18|22|23|25|28|32|34|35|42|46|52|54|60|100,60.0,false,false,false
,4,source_B09|wait_3858_t0|wait_3858_t1|wait_3858_t2|wait_3858_t3|wait_3858_t4|wait_3858_t5|wait_3858_t6|explicit_link_18164_t7|explicit_link_18117_t11|wait_3014_t14|explicit_link_18140_t15|explicit_link_18115_t18|explicit_link_18154_t22|explicit_link_18120_t23|explicit_link_17772_t25|explicit_link_18015_t28|explicit_link_18018_t32|explicit_link_18019_t34|explicit_link_18014_t35|explicit_link_17958_t42|sink_B09_2032_t45,45,bounded_full_cg_v1_dynamic_network_phase_ii_oracle,ORACLE_R4_B09_K1,B09,0,2032,1.9379686666666667,18164|18117|18140|18115|18154|18120|17772|18015|18018|18019|18014|17958,3858|3019|3014|2698|3015|3016|4253|1950|4252|4862|4202|2030|2032,-0.08254266666666665,3858,false,false,true,FULL_CG_V1_ORACLE_R4_B09_K1,,bounded_full_cg_v1_phase2_oracle_candidate,full_cg_v1_phase_ii_added_candidate,bounded_full_cg_v1_dynamic_network_phase_ii_oracle,0|1|2|3|4|5|6|7|11|14|15|18|22|23|25|28|32|34|35|42|45|100,45.0,false,false,false
,4,source_B05|wait_4694_t0|explicit_link_16826_t1|explicit_link_16940_t7|explicit_link_16936_t8|explicit_link_16610_t10|explicit_link_17063_t22|explicit_link_15611_t28|explicit_link_17770_t34|explicit_link_17812_t40|explicit_link_18086_t42|explicit_link_18085_t46|explicit_link_18063_t48|explicit_link_18081_t49|explicit_link_18071_t52|explicit_link_18079_t55|explicit_link_18068_t58|explicit_link_18069_t59|explicit_link_18068_t60|explicit_link_18075_t61|explicit_link_18074_t63|explicit_link_17827_t66|explicit_link_17952_t69|explicit_link_17910_t73|explicit_link_17946_t77|explicit_link_17947_t80|explicit_link_15592_t83|sink_B05_1492_t86,86,bounded_full_cg_v1_dynamic_network_phase_ii_oracle,ORACLE_R4_B05_K1,B05,0,1492,3.657101999999999,16826|16940|16936|16610|17063|15611|17770|17812|18086|18085|18063|18081|18071|18079|18068|18069|18068|18075|18074|17827|17952|17910|17946|17947|15592,4694|4667|4668|2258|2226|3075|3076|1949|1951|4135|538|539|1945|3265|3263|3264|3263|3264|1192|5294|5293|5291|1005|1189|1487|1492,-0.017216000000000342,4694,false,false,true,FULL_CG_V1_ORACLE_R4_B05_K1,,bounded_full_cg_v1_phase2_oracle_candidate,full_cg_v1_phase_ii_added_candidate,bounded_full_cg_v1_dynamic_network_phase_ii_oracle,0|1|7|8|10|22|28|34|40|42|46|48|49|52|55|58|59|60|61|63|66|69|73|77|80|83|86|100,86.0,false,false,false
,5,source_B08|wait_3858_t0|wait_3858_t1|wait_3858_t2|wait_3858_t3|wait_3858_t4|wait_3858_t5|wait_3858_t6|wait_3858_t7|wait_3858_t8|explicit_link_18164_t9|explicit_link_18117_t13|explicit_link_18140_t16|explicit_link_18115_t19|explicit_link_18154_t23|explicit_link_18120_t24|explicit_link_17772_t26|explicit_link_18015_t29|explicit_link_18018_t33|explicit_link_18019_t35|explicit_link_18014_t36|explicit_link_17958_t43|explicit_link_18007_t46|explicit_link_18005_t48|explicit_link_17811_t51|explicit_link_17946_t55|explicit_link_17947_t58|explicit_link_15592_t61|sink_B08_1492_t64,64,bounded_full_cg_v1_dynamic_network_phase_ii_oracle,ORACLE_R5_B08_K1,B08,0,1492,2.744299333333333,18164|18117|18140|18115|18154|18120|17772|18015|18018|18019|18014|17958|18007|18005|17811|17946|17947|15592,3858|3019|3014|2698|3015|3016|4253|1950|4252|4862|4202|2030|2032|1002|1004|1005|1189|1487|1492,-0.04999999999999982,3858,false,false,true,FULL_CG_V1_ORACLE_R5_B08_K1,,bounded_full_cg_v1_phase2_oracle_candidate,full_cg_v1_phase_ii_added_candidate,bounded_full_cg_v1_dynamic_network_phase_ii_oracle,0|1|2|3|4|5|6|7|8|9|13|16|19|23|24|26|29|33|35|36|43|46|48|51|55|58|61|64|100,64.0,false,false,false
,5,source_B09|wait_3858_t0|wait_3858_t1|wait_3858_t2|wait_3858_t3|wait_3858_t4|wait_3858_t5|wait_3858_t6|wait_3858_t7|wait_3858_t8|explicit_link_18164_t9|explicit_link_18117_t13|explicit_link_18140_t16|explicit_link_18115_t19|explicit_link_18154_t23|explicit_link_18120_t24|explicit_link_17772_t26|explicit_link_18015_t29|explicit_link_18018_t33|explicit_link_18019_t35|explicit_link_18014_t36|explicit_link_17958_t43|sink_B09_2032_t46,46,bounded_full_cg_v1_dynamic_network_phase_ii_oracle,ORACLE_R5_B09_K1,B09,0,2032,1.987968666666667,18164|18117|18140|18115|18154|18120|17772|18015|18018|18019|18014|17958,3858|3019|3014|2698|3015|3016|4253|1950|4252|4862|4202|2030|2032,-0.03254266666666639,3858,false,false,true,FULL_CG_V1_ORACLE_R5_B09_K1,,bounded_full_cg_v1_phase2_oracle_candidate,full_cg_v1_phase_ii_added_candidate,bounded_full_cg_v1_dynamic_network_phase_ii_oracle,0|1|2|3|4|5|6|7|8|9|13|16|19|23|24|26|29|33|35|36|43|46|100,46.0,false,false,false
,5,source_B10|wait_3858_t0|wait_3858_t1|wait_3858_t2|wait_3858_t3|explicit_link_18164_t4|explicit_link_18117_t8|explicit_link_18140_t11|explicit_link_18115_t14|explicit_link_18154_t18|explicit_link_18120_t19|explicit_link_17772_t21|explicit_link_18015_t24|explicit_link_18018_t28|explicit_link_18019_t30|explicit_link_18014_t31|explicit_link_15595_t38|explicit_link_17038_t42|explicit_link_17045_t48|explicit_link_17037_t50|sink_B10_3382_t56,56,bounded_full_cg_v1_dynamic_network_phase_ii_oracle,ORACLE_R5_B10_K3,B10,0,3382,2.4019039999999996,18164|18117|18140|18115|18154|18120|17772|18015|18018|18019|18014|15595|17038|17045|17037,3858|3019|3014|2698|3015|3016|4253|1950|4252|4862|4202|2030|2033|4161|733|3382,-0.017457333333333658,3858,false,false,true,FULL_CG_V1_ORACLE_R5_B10_K3,,bounded_full_cg_v1_phase2_oracle_candidate,full_cg_v1_phase_ii_added_candidate,bounded_full_cg_v1_dynamic_network_phase_ii_oracle,0|1|2|3|4|8|11|14|18|19|21|24|28|30|31|38|42|48|50|56|100,56.0,false,false,false
,5,source_B05|explicit_link_16826_t0|explicit_link_16940_t6|explicit_link_16936_t7|explicit_link_16610_t9|explicit_link_17063_t21|explicit_link_15611_t27|explicit_link_17770_t33|explicit_link_17956_t39|explicit_link_18015_t47|explicit_link_18018_t51|explicit_link_18019_t53|explicit_link_18014_t54|explicit_link_17958_t61|explicit_link_18007_t64|explicit_link_18005_t66|explicit_link_17811_t69|explicit_link_17946_t73|explicit_link_17947_t76|explicit_link_15592_t79|sink_B05_1492_t82,82,bounded_full_cg_v1_dynamic_network_phase_ii_oracle,ORACLE_R5_B05_K1,B05,0,1492,3.576318666666666,16826|16940|16936|16610|17063|15611|17770|17956|18015|18018|18019|18014|17958|18007|18005|17811|17946|17947|15592,4694|4667|4668|2258|2226|3075|3076|1949|1950|4252|4862|4202|2030|2032|1002|1004|1005|1189|1487|1492,-0.0011326666666673368,4694,false,false,true,FULL_CG_V1_ORACLE_R5_B05_K1,,bounded_full_cg_v1_phase2_oracle_candidate,full_cg_v1_phase_ii_added_candidate,bounded_full_cg_v1_dynamic_network_phase_ii_oracle,0|6|7|9|21|27|33|39|47|51|53|54|61|64|66|69|73|76|79|82|100,82.0,false,false,false
,6,source_B10|wait_3858_t0|wait_3858_t1|wait_3858_t2|wait_3858_t3|wait_3858_t4|explicit_link_18164_t5|explicit_link_18117_t9|explicit_link_18140_t12|explicit_link_18141_t15|explicit_link_18138_t16|explicit_link_15584_t19|explicit_link_17180_t21|explicit_link_17179_t26|explicit_link_17159_t27|explicit_link_17165_t37|explicit_link_17168_t39|explicit_link_16603_t40|explicit_link_17037_t50|sink_B10_3382_t56,56,bounded_full_cg_v1_dynamic_network_phase_ii_oracle,ORACLE_R6_B10_K1,B10,0,3382,2.5162279999999995,18164|18117|18140|18141|18138|15584|17180|17179|17159|17165|17168|16603|17037,3858|3019|3014|2698|949|947|948|4201|2953|2952|735|732|733|3382,-0.04886733333333315,3858,false,false,true,FULL_CG_V1_ORACLE_R6_B10_K1,,bounded_full_cg_v1_phase2_oracle_candidate,full_cg_v1_phase_ii_added_candidate,bounded_full_cg_v1_dynamic_network_phase_ii_oracle,0|1|2|3|4|5|9|12|15|16|19|21|26|27|37|39|40|50|56|100,56.0,false,false,false
,6,source_B08|explicit_link_18164_t0|explicit_link_18117_t4|explicit_link_18140_t7|wait_2698_t10|explicit_link_18115_t11|explicit_link_18154_t15|explicit_link_18120_t16|explicit_link_17772_t18|explicit_link_18015_t21|explicit_link_18018_t25|explicit_link_18019_t27|explicit_link_18014_t28|explicit_link_17958_t35|explicit_link_18007_t38|explicit_link_18005_t40|explicit_link_17811_t43|explicit_link_17946_t47|explicit_link_17947_t50|explicit_link_15592_t53|sink_B08_1492_t56,56,bounded_full_cg_v1_dynamic_network_phase_ii_oracle,ORACLE_R6_B08_K1,B08,0,1492,2.344299333333333,18164|18117|18140|18115|18154|18120|17772|18015|18018|18019|18014|17958|18007|18005|17811|17946|17947|15592,3858|3019|3014|2698|3015|3016|4253|1950|4252|4862|4202|2030|2032|1002|1004|1005|1189|1487|1492,-0.014324000000000225,3858,false,false,true,FULL_CG_V1_ORACLE_R6_B08_K1,,bounded_full_cg_v1_phase2_oracle_candidate,full_cg_v1_phase_ii_added_candidate,bounded_full_cg_v1_dynamic_network_phase_ii_oracle,0|4|7|10|11|15|16|18|21|25|27|28|35|38|40|43|47|50|53|56|100,56.0,false,false,false
,6,source_B09|explicit_link_18164_t0|explicit_link_18117_t4|explicit_link_18140_t7|wait_2698_t10|explicit_link_18115_t11|explicit_link_18154_t15|explicit_link_18120_t16|explicit_link_17772_t18|explicit_link_18015_t21|explicit_link_18018_t25|explicit_link_18019_t27|explicit_link_18014_t28|explicit_link_17958_t35|sink_B09_2032_t38,38,bounded_full_cg_v1_dynamic_network_phase_ii_oracle,ORACLE_R6_B09_K1,B09,0,2032,1.5879686666666666,18164|18117|18140|18115|18154|18120|17772|18015|18018|18019|18014|17958,3858|3019|3014|2698|3015|3016|4253|1950|4252|4862|4202|2030|2032,-0.01319133333333311,3858,false,false,true,FULL_CG_V1_ORACLE_R6_B09_K1,,bounded_full_cg_v1_phase2_oracle_candidate,full_cg_v1_phase_ii_added_candidate,bounded_full_cg_v1_dynamic_network_phase_ii_oracle,0|4|7|10|11|15|16|18|21|25|27|28|35|38|100,38.0,false,false,false
,7,source_B10|wait_3858_t0|wait_3858_t1|wait_3858_t2|wait_3858_t3|wait_3858_t4|wait_3858_t5|wait_3858_t6|wait_3858_t7|explicit_link_18164_t8|explicit_link_18117_t12|explicit_link_18140_t15|explicit_link_18141_t18|explicit_link_18138_t19|explicit_link_15584_t22|explicit_link_17180_t24|explicit_link_17179_t29|explicit_link_17159_t30|explicit_link_17165_t40|explicit_link_17168_t42|explicit_link_16603_t43|explicit_link_17037_t53|sink_B10_3382_t59,59,bounded_full_cg_v1_dynamic_network_phase_ii_oracle,ORACLE_R7_B10_K1,B10,0,3382,2.6662279999999994,18164|18117|18140|18141|18138|15584|17180|17179|17159|17165|17168|16603|17037,3858|3019|3014|2698|949|947|948|4201|2953|2952|735|732|733|3382,-0.035676000000000485,3858,false,false,true,FULL_CG_V1_ORACLE_R7_B10_K1,,bounded_full_cg_v1_phase2_oracle_candidate,full_cg_v1_phase_ii_added_candidate,bounded_full_cg_v1_dynamic_network_phase_ii_oracle,0|1|2|3|4|5|6|7|8|12|15|18|19|22|24|29|30|40|42|43|53|59|100,59.0,false,false,false
,7,source_B08|wait_3858_t0|wait_3858_t1|wait_3858_t2|wait_3858_t3|wait_3858_t4|wait_3858_t5|wait_3858_t6|wait_3858_t7|explicit_link_18164_t8|explicit_link_18117_t12|explicit_link_18140_t15|explicit_link_18141_t18|explicit_link_18142_t19|explicit_link_18115_t20|explicit_link_18154_t24|explicit_link_18120_t25|explicit_link_17772_t27|explicit_link_18015_t30|explicit_link_18018_t34|explicit_link_18019_t36|explicit_link_18014_t37|explicit_link_17958_t44|explicit_link_18007_t47|explicit_link_18005_t49|explicit_link_17811_t52|explicit_link_17946_t56|explicit_link_17947_t59|explicit_link_15592_t62|sink_B08_1492_t65,65,bounded_full_cg_v1_dynamic_network_phase_ii_oracle,ORACLE_R7_B08_K1,B08,0,1492,2.7917313333333333,18164|18117|18140|18141|18142|18115|18154|18120|17772|18015|18018|18019|18014|17958|18007|18005|17811|17946|17947|15592,3858|3019|3014|2698|949|2698|3015|3016|4253|1950|4252|4862|4202|2030|2032|1002|1004|1005|1189|1487|1492,-0.0025679999999996816,3858,false,false,true,FULL_CG_V1_ORACLE_R7_B08_K1,,bounded_full_cg_v1_phase2_oracle_candidate,full_cg_v1_phase_ii_added_candidate,bounded_full_cg_v1_dynamic_network_phase_ii_oracle,0|1|2|3|4|5|6|7|8|12|15|18|19|20|24|25|27|30|34|36|37|44|47|49|52|56|59|62|65|100,65.0,false,false,false
,7,source_B09|wait_3858_t0|wait_3858_t1|wait_3858_t2|wait_3858_t3|wait_3858_t4|wait_3858_t5|wait_3858_t6|wait_3858_t7|explicit_link_18164_t8|explicit_link_18117_t12|explicit_link_18140_t15|explicit_link_18141_t18|explicit_link_18142_t19|explicit_link_18115_t20|explicit_link_18154_t24|explicit_link_18120_t25|explicit_link_17772_t27|explicit_link_18015_t30|explicit_link_18018_t34|explicit_link_18019_t36|explicit_link_18014_t37|explicit_link_17958_t44|sink_B09_2032_t47,47,bounded_full_cg_v1_dynamic_network_phase_ii_oracle,ORACLE_R7_B09_K1,B09,0,2032,2.035400666666667,18164|18117|18140|18141|18142|18115|18154|18120|17772|18015|18018|18019|18014|17958,3858|3019|3014|2698|949|2698|3015|3016|4253|1950|4252|4862|4202|2030|2032,-0.001435333333332789,3858,false,false,true,FULL_CG_V1_ORACLE_R7_B09_K1,,bounded_full_cg_v1_phase2_oracle_candidate,full_cg_v1_phase_ii_added_candidate,bounded_full_cg_v1_dynamic_network_phase_ii_oracle,0|1|2|3|4|5|6|7|8|12|15|18|19|20|24|25|27|30|34|36|37|44|47|100,47.0,false,false,false
,8,source_B10|wait_3858_t0|wait_3858_t1|wait_3858_t2|wait_3858_t3|wait_3858_t4|wait_3858_t5|wait_3858_t6|explicit_link_18164_t7|wait_3019_t11|explicit_link_18117_t12|explicit_link_18140_t15|explicit_link_18115_t18|explicit_link_18154_t22|explicit_link_18120_t23|explicit_link_17772_t25|explicit_link_18015_t28|explicit_link_18018_t32|explicit_link_18019_t34|explicit_link_18014_t35|explicit_link_15595_t42|explicit_link_17038_t46|explicit_link_17045_t52|explicit_link_17037_t54|sink_B10_3382_t60,60,bounded_full_cg_v1_dynamic_network_phase_ii_oracle,ORACLE_R8_B10_K1,B10,0,3382,2.6019039999999998,18164|18117|18140|18115|18154|18120|17772|18015|18018|18019|18014|15595|17038|17045|17037,3858|3019|3014|2698|3015|3016|4253|1950|4252|4862|4202|2030|2033|4161|733|3382,-0.10000000000000009,3858,false,false,true,FULL_CG_V1_ORACLE_R8_B10_K1,,bounded_full_cg_v1_phase2_oracle_candidate,full_cg_v1_phase_ii_added_candidate,bounded_full_cg_v1_dynamic_network_phase_ii_oracle,0|1|2|3|4|5|6|7|11|12|15|18|22|23|25|28|32|34|35|42|46|52|54|60|100,60.0,false,false,false
,8,source_B08|wait_3858_t0|wait_3858_t1|wait_3858_t2|wait_3858_t3|wait_3858_t4|wait_3858_t5|wait_3858_t6|explicit_link_18164_t7|wait_3019_t11|explicit_link_18117_t12|explicit_link_18140_t15|explicit_link_18115_t18|explicit_link_18154_t22|explicit_link_18120_t23|explicit_link_17772_t25|explicit_link_18015_t28|explicit_link_18018_t32|explicit_link_18019_t34|explicit_link_18014_t35|explicit_link_17960_t42|explicit_link_18010_t49|explicit_link_17828_t53|explicit_link_15592_t59|sink_B08_1492_t62,62,bounded_full_cg_v1_dynamic_network_phase_ii_oracle,ORACLE_R8_B08_K1,B08,0,1492,2.695432,18164|18117|18140|18115|18154|18120|17772|18015|18018|18019|18014|17960|18010|17828|15592,3858|3019|3014|2698|3015|3016|4253|1950|4252|4862|4202|2030|1180|1181|1487|1492,-0.0988673333333332,3858,false,false,true,FULL_CG_V1_ORACLE_R8_B08_K1,,bounded_full_cg_v1_phase2_oracle_candidate,full_cg_v1_phase_ii_added_candidate,bounded_full_cg_v1_dynamic_network_phase_ii_oracle,0|1|2|3|4|5|6|7|11|12|15|18|22|23|25|28|32|34|35|42|49|53|59|62|100,62.0,false,false,false
,8,source_B09|wait_3858_t0|wait_3858_t1|wait_3858_t2|wait_3858_t3|wait_3858_t4|wait_3858_t5|wait_3858_t6|explicit_link_18164_t7|wait_3019_t11|explicit_link_18117_t12|explicit_link_18140_t15|explicit_link_18115_t18|explicit_link_18154_t22|explicit_link_18120_t23|explicit_link_17772_t25|explicit_link_18015_t28|explicit_link_18018_t32|explicit_link_18019_t34|explicit_link_18014_t35|explicit_link_17958_t42|sink_B09_2032_t45,45,bounded_full_cg_v1_dynamic_network_phase_ii_oracle,ORACLE_R8_B09_K1,B09,0,2032,1.9379686666666667,18164|18117|18140|18115|18154|18120|17772|18015|18018|18019|18014|17958,3858|3019|3014|2698|3015|3016|4253|1950|4252|4862|4202|2030|2032,-0.09886733333333297,3858,false,false,true,FULL_CG_V1_ORACLE_R8_B09_K1,,bounded_full_cg_v1_phase2_oracle_candidate,full_cg_v1_phase_ii_added_candidate,bounded_full_cg_v1_dynamic_network_phase_ii_oracle,0|1|2|3|4|5|6|7|11|12|15|18|22|23|25|28|32|34|35|42|45|100,45.0,false,false,false
,9,source_B10|wait_3858_t0|wait_3858_t1|wait_3858_t2|wait_3858_t3|wait_3858_t4|wait_3858_t5|explicit_link_18164_t6|wait_3019_t10|explicit_link_18117_t11|explicit_link_18140_t14|explicit_link_18115_t17|explicit_link_18154_t21|explicit_link_18120_t22|explicit_link_17772_t24|explicit_link_18015_t27|explicit_link_18018_t31|explicit_link_18019_t33|explicit_link_18014_t34|explicit_link_15595_t41|explicit_link_17038_t45|explicit_link_17045_t51|explicit_link_17037_t53|sink_B10_3382_t59,59,bounded_full_cg_v1_dynamic_network_phase_ii_oracle,ORACLE_R9_B10_K1,B10,0,3382,2.551904,18164|18117|18140|18115|18154|18120|17772|18015|18018|18019|18014|15595|17038|17045|17037,3858|3019|3014|2698|3015|3016|4253|1950|4252|4862|4202|2030|2033|4161|733|3382,-0.1499999999999999,3858,false,false,true,FULL_CG_V1_ORACLE_R9_B10_K1,,bounded_full_cg_v1_phase2_oracle_candidate,full_cg_v1_phase_ii_added_candidate,bounded_full_cg_v1_dynamic_network_phase_ii_oracle,0|1|2|3|4|5|6|10|11|14|17|21|22|24|27|31|33|34|41|45|51|53|59|100,59.0,false,false,false
,9,source_B08|wait_3858_t0|wait_3858_t1|wait_3858_t2|wait_3858_t3|wait_3858_t4|wait_3858_t5|explicit_link_18164_t6|wait_3019_t10|explicit_link_18117_t11|explicit_link_18140_t14|explicit_link_18115_t17|explicit_link_18154_t21|explicit_link_18120_t22|explicit_link_17772_t24|explicit_link_18015_t27|explicit_link_18018_t31|explicit_link_18019_t33|explicit_link_18014_t34|explicit_link_17958_t41|explicit_link_18007_t44|explicit_link_18005_t46|explicit_link_17811_t49|explicit_link_17946_t53|explicit_link_17947_t56|explicit_link_15592_t59|sink_B08_1492_t62,62,bounded_full_cg_v1_dynamic_network_phase_ii_oracle,ORACLE_R9_B08_K1,B08,0,1492,2.644299333333333,18164|18117|18140|18115|18154|18120|17772|18015|18018|18019|18014|17958|18007|18005|17811|17946|17947|15592,3858|3019|3014|2698|3015|3016|4253|1950|4252|4862|4202|2030|2032|1002|1004|1005|1189|1487|1492,-0.14999999999999947,3858,false,false,true,FULL_CG_V1_ORACLE_R9_B08_K1,,bounded_full_cg_v1_phase2_oracle_candidate,full_cg_v1_phase_ii_added_candidate,bounded_full_cg_v1_dynamic_network_phase_ii_oracle,0|1|2|3|4|5|6|10|11|14|17|21|22|24|27|31|33|34|41|44|46|49|53|56|59|62|100,62.0,false,false,false
,9,source_B09|wait_3858_t0|wait_3858_t1|wait_3858_t2|wait_3858_t3|wait_3858_t4|wait_3858_t5|explicit_link_18164_t6|wait_3019_t10|explicit_link_18117_t11|explicit_link_18140_t14|explicit_link_18115_t17|explicit_link_18154_t21|explicit_link_18120_t22|explicit_link_17772_t24|explicit_link_18015_t27|explicit_link_18018_t31|explicit_link_18019_t33|explicit_link_18014_t34|explicit_link_17958_t41|sink_B09_2032_t44,44,bounded_full_cg_v1_dynamic_network_phase_ii_oracle,ORACLE_R9_B09_K1,B09,0,2032,1.8879686666666669,18164|18117|18140|18115|18154|18120|17772|18015|18018|18019|18014|17958,3858|3019|3014|2698|3015|3016|4253|1950|4252|4862|4202|2030|2032,-0.14886733333333235,3858,false,false,true,FULL_CG_V1_ORACLE_R9_B09_K1,,bounded_full_cg_v1_phase2_oracle_candidate,full_cg_v1_phase_ii_added_candidate,bounded_full_cg_v1_dynamic_network_phase_ii_oracle,0|1|2|3|4|5|6|10|11|14|17|21|22|24|27|31|33|34|41|44|100,44.0,false,false,false
,10,source_B10|wait_3858_t0|wait_3858_t1|wait_3858_t2|wait_3858_t3|wait_3858_t4|wait_3858_t5|wait_3858_t6|wait_3858_t7|explicit_link_18164_t8|explicit_link_18117_t12|explicit_link_18140_t15|explicit_link_18115_t18|explicit_link_18154_t22|explicit_link_18120_t23|explicit_link_17772_t25|explicit_link_18015_t28|explicit_link_18018_t32|explicit_link_18019_t34|explicit_link_18014_t35|explicit_link_15595_t42|explicit_link_17038_t46|explicit_link_17045_t52|explicit_link_17037_t54|sink_B10_3382_t60,60,bounded_full_cg_v1_dynamic_network_phase_ii_oracle,ORACLE_R10_B10_K1,B10,0,3382,2.6019039999999998,18164|18117|18140|18115|18154|18120|17772|18015|18018|18019|18014|15595|17038|17045|17037,3858|3019|3014|2698|3015|3016|4253|1950|4252|4862|4202|2030|2033|4161|733|3382,-0.050000000000000266,3858,false,false,true,FULL_CG_V1_ORACLE_R10_B10_K1,,bounded_full_cg_v1_phase2_oracle_candidate,full_cg_v1_phase_ii_added_candidate,bounded_full_cg_v1_dynamic_network_phase_ii_oracle,0|1|2|3|4|5|6|7|8|12|15|18|22|23|25|28|32|34|35|42|46|52|54|60|100,60.0,false,false,false
,10,source_B08|wait_3858_t0|wait_3858_t1|wait_3858_t2|wait_3858_t3|wait_3858_t4|wait_3858_t5|wait_3858_t6|wait_3858_t7|explicit_link_18164_t8|explicit_link_18117_t12|explicit_link_18140_t15|explicit_link_18115_t18|explicit_link_18154_t22|explicit_link_18120_t23|explicit_link_17772_t25|explicit_link_18015_t28|explicit_link_18018_t32|explicit_link_18019_t34|explicit_link_18014_t35|explicit_link_17960_t42|explicit_link_18010_t49|explicit_link_17828_t53|explicit_link_15592_t59|sink_B08_1492_t62,62,bounded_full_cg_v1_dynamic_network_phase_ii_oracle,ORACLE_R10_B08_K1,B08,0,1492,2.695432,18164|18117|18140|18115|18154|18120|17772|18015|18018|18019|18014|17960|18010|17828|15592,3858|3019|3014|2698|3015|3016|4253|1950|4252|4862|4202|2030|1180|1181|1487|1492,-0.048867333333333374,3858,false,false,true,FULL_CG_V1_ORACLE_R10_B08_K1,,bounded_full_cg_v1_phase2_oracle_candidate,full_cg_v1_phase_ii_added_candidate,bounded_full_cg_v1_dynamic_network_phase_ii_oracle,0|1|2|3|4|5|6|7|8|12|15|18|22|23|25|28|32|34|35|42|49|53|59|62|100,62.0,false,false,false
,10,source_B09|wait_3858_t0|wait_3858_t1|wait_3858_t2|wait_3858_t3|wait_3858_t4|wait_3858_t5|wait_3858_t6|wait_3858_t7|explicit_link_18164_t8|explicit_link_18117_t12|explicit_link_18140_t15|explicit_link_18115_t18|explicit_link_18154_t22|explicit_link_18120_t23|explicit_link_17772_t25|explicit_link_18015_t28|explicit_link_18018_t32|explicit_link_18019_t34|explicit_link_18014_t35|explicit_link_17958_t42|sink_B09_2032_t45,45,bounded_full_cg_v1_dynamic_network_phase_ii_oracle,ORACLE_R10_B09_K1,B09,0,2032,1.9379686666666667,18164|18117|18140|18115|18154|18120|17772|18015|18018|18019|18014|17958,3858|3019|3014|2698|3015|3016|4253|1950|4252|4862|4202|2030|2032,-0.04886733333333315,3858,false,false,true,FULL_CG_V1_ORACLE_R10_B09_K1,,bounded_full_cg_v1_phase2_oracle_candidate,full_cg_v1_phase_ii_added_candidate,bounded_full_cg_v1_dynamic_network_phase_ii_oracle,0|1|2|3|4|5|6|7|8|12|15|18|22|23|25|28|32|34|35|42|45|100,45.0,false,false,false
,11,source_B08|explicit_link_18164_t0|wait_3019_t4|wait_3019_t5|explicit_link_18117_t6|explicit_link_18140_t9|wait_2698_t12|explicit_link_18115_t13|explicit_link_18154_t17|explicit_link_18120_t18|explicit_link_17772_t20|explicit_link_18015_t23|explicit_link_18018_t27|explicit_link_18019_t29|explicit_link_18014_t30|explicit_link_17958_t37|explicit_link_18007_t40|explicit_link_18005_t42|explicit_link_17811_t45|explicit_link_17946_t49|explicit_link_17947_t52|explicit_link_15592_t55|sink_B08_1492_t58,58,bounded_full_cg_v1_dynamic_network_phase_ii_oracle,ORACLE_R11_B08_K2,B08,0,1492,2.444299333333333,18164|18117|18140|18115|18154|18120|17772|18015|18018|18019|18014|17958|18007|18005|17811|17946|17947|15592,3858|3019|3014|2698|3015|3016|4253|1950|4252|4862|4202|2030|2032|1002|1004|1005|1189|1487|1492,-0.09969733333333375,3858,false,false,true,FULL_CG_V1_ORACLE_R11_B08_K2,,bounded_full_cg_v1_phase2_oracle_candidate,full_cg_v1_phase_ii_added_candidate,bounded_full_cg_v1_dynamic_network_phase_ii_oracle,0|4|5|6|9|12|13|17|18|20|23|27|29|30|37|40|42|45|49|52|55|58|100,58.0,false,false,false
,11,source_B10|explicit_link_18164_t0|wait_3019_t4|wait_3019_t5|explicit_link_18117_t6|explicit_link_18140_t9|wait_2698_t12|explicit_link_18115_t13|explicit_link_18154_t17|explicit_link_18120_t18|explicit_link_17772_t20|explicit_link_18015_t23|explicit_link_18018_t27|explicit_link_18019_t29|explicit_link_18014_t30|explicit_link_15595_t37|explicit_link_17038_t41|explicit_link_17045_t47|explicit_link_17037_t49|sink_B10_3382_t55,55,bounded_full_cg_v1_dynamic_network_phase_ii_oracle,ORACLE_R11_B10_K2,B10,0,3382,2.3519039999999998,18164|18117|18140|18115|18154|18120|17772|18015|18018|18019|18014|15595|17038|17045|17037,3858|3019|3014|2698|3015|3016|4253|1950|4252|4862|4202|2030|2033|4161|733|3382,-0.09969733333333375,3858,false,false,true,FULL_CG_V1_ORACLE_R11_B10_K2,,bounded_full_cg_v1_phase2_oracle_candidate,full_cg_v1_phase_ii_added_candidate,bounded_full_cg_v1_dynamic_network_phase_ii_oracle,0|4|5|6|9|12|13|17|18|20|23|27|29|30|37|41|47|49|55|100,55.0,false,false,false
,11,source_B09|explicit_link_18164_t0|wait_3019_t4|wait_3019_t5|explicit_link_18117_t6|explicit_link_18140_t9|wait_2698_t12|explicit_link_18115_t13|explicit_link_18154_t17|explicit_link_18120_t18|explicit_link_17772_t20|explicit_link_18015_t23|explicit_link_18018_t27|explicit_link_18019_t29|explicit_link_18014_t30|explicit_link_17958_t37|sink_B09_2032_t40,40,bounded_full_cg_v1_dynamic_network_phase_ii_oracle,ORACLE_R11_B09_K2,B09,0,2032,1.6879686666666667,18164|18117|18140|18115|18154|18120|17772|18015|18018|18019|18014|17958,3858|3019|3014|2698|3015|3016|4253|1950|4252|4862|4202|2030|2032,-0.09856466666666663,3858,false,false,true,FULL_CG_V1_ORACLE_R11_B09_K2,,bounded_full_cg_v1_phase2_oracle_candidate,full_cg_v1_phase_ii_added_candidate,bounded_full_cg_v1_dynamic_network_phase_ii_oracle,0|4|5|6|9|12|13|17|18|20|23|27|29|30|37|40|100,40.0,false,false,false
,12,source_B10|explicit_link_18164_t0|explicit_link_18117_t4|wait_3014_t7|wait_3014_t8|explicit_link_18140_t9|explicit_link_18115_t12|explicit_link_18154_t16|explicit_link_18120_t17|explicit_link_17772_t19|explicit_link_18015_t22|explicit_link_18018_t26|explicit_link_18019_t28|explicit_link_18014_t29|explicit_link_15595_t36|explicit_link_17038_t40|explicit_link_17045_t46|explicit_link_17037_t48|sink_B10_3382_t54,54,bounded_full_cg_v1_dynamic_network_phase_ii_oracle,ORACLE_R12_B10_K1,B10,0,3382,2.3019039999999995,18164|18117|18140|18115|18154|18120|17772|18015|18018|18019|18014|15595|17038|17045|17037,3858|3019|3014|2698|3015|3016|4253|1950|4252|4862|4202|2030|2033|4161|733|3382,-0.12500000000000044,3858,false,false,true,FULL_CG_V1_ORACLE_R12_B10_K1,,bounded_full_cg_v1_phase2_oracle_candidate,full_cg_v1_phase_ii_added_candidate,bounded_full_cg_v1_dynamic_network_phase_ii_oracle,0|4|7|8|9|12|16|17|19|22|26|28|29|36|40|46|48|54|100,54.0,false,false,false
,12,source_B08|explicit_link_18164_t0|explicit_link_18117_t4|wait_3014_t7|wait_3014_t8|explicit_link_18140_t9|explicit_link_18115_t12|explicit_link_18154_t16|explicit_link_18120_t17|explicit_link_17772_t19|explicit_link_18015_t22|explicit_link_18018_t26|explicit_link_18019_t28|explicit_link_18014_t29|explicit_link_17958_t36|explicit_link_18007_t39|explicit_link_18005_t41|explicit_link_17811_t44|explicit_link_17946_t48|explicit_link_17947_t51|explicit_link_15592_t54|sink_B08_1492_t57,57,bounded_full_cg_v1_dynamic_network_phase_ii_oracle,ORACLE_R12_B08_K1,B08,0,1492,2.3942993333333327,18164|18117|18140|18115|18154|18120|17772|18015|18018|18019|18014|17958|18007|18005|17811|17946|17947|15592,3858|3019|3014|2698|3015|3016|4253|1950|4252|4862|4202|2030|2032|1002|1004|1005|1189|1487|1492,-0.125,3858,false,false,true,FULL_CG_V1_ORACLE_R12_B08_K1,,bounded_full_cg_v1_phase2_oracle_candidate,full_cg_v1_phase_ii_added_candidate,bounded_full_cg_v1_dynamic_network_phase_ii_oracle,0|4|7|8|9|12|16|17|19|22|26|28|29|36|39|41|44|48|51|54|57|100,57.0,false,false,false
,12,source_B09|explicit_link_18164_t0|explicit_link_18117_t4|wait_3014_t7|wait_3014_t8|explicit_link_18140_t9|explicit_link_18115_t12|explicit_link_18154_t16|explicit_link_18120_t17|explicit_link_17772_t19|explicit_link_18015_t22|explicit_link_18018_t26|explicit_link_18019_t28|explicit_link_18014_t29|explicit_link_17958_t36|sink_B09_2032_t39,39,bounded_full_cg_v1_dynamic_network_phase_ii_oracle,ORACLE_R12_B09_K1,B09,0,2032,1.6379686666666664,18164|18117|18140|18115|18154|18120|17772|18015|18018|18019|18014|17958,3858|3019|3014|2698|3015|3016|4253|1950|4252|4862|4202|2030|2032,-0.12386733333333289,3858,false,false,true,FULL_CG_V1_ORACLE_R12_B09_K1,,bounded_full_cg_v1_phase2_oracle_candidate,full_cg_v1_phase_ii_added_candidate,bounded_full_cg_v1_dynamic_network_phase_ii_oracle,0|4|7|8|9|12|16|17|19|22|26|28|29|36|39|100,39.0,false,false,false
,12,source_B06|explicit_link_17063_t0|explicit_link_15611_t6|explicit_link_17770_t12|explicit_link_17812_t18|explicit_link_18086_t20|explicit_link_18085_t24|explicit_link_18063_t26|explicit_link_18081_t27|explicit_link_18071_t30|explicit_link_18079_t33|explicit_link_18068_t36|explicit_link_18069_t37|explicit_link_18068_t38|explicit_link_18075_t39|explicit_link_18074_t41|explicit_link_17827_t44|explicit_link_17952_t47|explicit_link_17910_t51|explicit_link_17946_t55|explicit_link_17947_t58|explicit_link_15592_t61|sink_B06_1492_t64,64,bounded_full_cg_v1_dynamic_network_phase_ii_oracle,ORACLE_R12_B06_K2,B06,0,1492,2.681185666666666,17063|15611|17770|17812|18086|18085|18063|18081|18071|18079|18068|18069|18068|18075|18074|17827|17952|17910|17946|17947|15592,2226|3075|3076|1949|1951|4135|538|539|1945|3265|3263|3264|3263|3264|1192|5294|5293|5291|1005|1189|1487|1492,-0.0180839999999991,2226,false,false,true,FULL_CG_V1_ORACLE_R12_B06_K2,,bounded_full_cg_v1_phase2_oracle_candidate,full_cg_v1_phase_ii_added_candidate,bounded_full_cg_v1_dynamic_network_phase_ii_oracle,0|6|12|18|20|24|26|27|30|33|36|37|38|39|41|44|47|51|55|58|61|64|100,64.0,false,false,false
,13,source_B10|explicit_link_18164_t0|explicit_link_18117_t4|wait_3014_t7|explicit_link_18140_t8|explicit_link_18141_t11|explicit_link_18138_t12|explicit_link_15584_t15|explicit_link_17180_t17|explicit_link_17179_t22|explicit_link_17159_t23|explicit_link_17165_t33|explicit_link_17168_t35|explicit_link_16603_t36|explicit_link_17037_t46|sink_B10_3382_t52,52,bounded_full_cg_v1_dynamic_network_phase_ii_oracle,ORACLE_R13_B10_K1,B10,0,3382,2.3162279999999993,18164|18117|18140|18141|18138|15584|17180|17179|17159|17165|17168|16603|17037,3858|3019|3014|2698|949|947|948|4201|2953|2952|735|732|733|3382,-0.1328053333333341,3858,false,false,true,FULL_CG_V1_ORACLE_R13_B10_K1,,bounded_full_cg_v1_phase2_oracle_candidate,full_cg_v1_phase_ii_added_candidate,bounded_full_cg_v1_dynamic_network_phase_ii_oracle,0|4|7|8|11|12|15|17|22|23|33|35|36|46|52|100,52.0,false,false,false
,13,source_B08|explicit_link_18164_t0|explicit_link_18117_t4|wait_3014_t7|explicit_link_18140_t8|explicit_link_18141_t11|explicit_link_18142_t12|explicit_link_18115_t13|explicit_link_18154_t17|explicit_link_18120_t18|explicit_link_17772_t20|explicit_link_18015_t23|explicit_link_18018_t27|explicit_link_18019_t29|explicit_link_18014_t30|explicit_link_17958_t37|explicit_link_18007_t40|explicit_link_18005_t42|explicit_link_17811_t45|explicit_link_17946_t49|explicit_link_17947_t52|explicit_link_15592_t55|sink_B08_1492_t58,58,bounded_full_cg_v1_dynamic_network_phase_ii_oracle,ORACLE_R13_B08_K1,B08,0,1492,2.441731333333333,18164|18117|18140|18141|18142|18115|18154|18120|17772|18015|18018|18019|18014|17958|18007|18005|17811|17946|17947|15592,3858|3019|3014|2698|949|2698|3015|3016|4253|1950|4252|4862|4202|2030|2032|1002|1004|1005|1189|1487|1492,-0.03650600000000015,3858,false,false,true,FULL_CG_V1_ORACLE_R13_B08_K1,,bounded_full_cg_v1_phase2_oracle_candidate,full_cg_v1_phase_ii_added_candidate,bounded_full_cg_v1_dynamic_network_phase_ii_oracle,0|4|7|8|11|12|13|17|18|20|23|27|29|30|37|40|42|45|49|52|55|58|100,58.0,false,false,false
,13,source_B09|explicit_link_18164_t0|explicit_link_18117_t4|wait_3014_t7|explicit_link_18140_t8|explicit_link_18141_t11|explicit_link_18142_t12|explicit_link_18115_t13|explicit_link_18154_t17|explicit_link_18120_t18|explicit_link_17772_t20|explicit_link_18015_t23|explicit_link_18018_t27|explicit_link_18019_t29|explicit_link_18014_t30|explicit_link_17958_t37|sink_B09_2032_t40,40,bounded_full_cg_v1_dynamic_network_phase_ii_oracle,ORACLE_R13_B09_K1,B09,0,2032,1.6854006666666665,18164|18117|18140|18141|18142|18115|18154|18120|17772|18015|18018|18019|18014|17958,3858|3019|3014|2698|949|2698|3015|3016|4253|1950|4252|4862|4202|2030|2032,-0.035373333333333035,3858,false,false,true,FULL_CG_V1_ORACLE_R13_B09_K1,,bounded_full_cg_v1_phase2_oracle_candidate,full_cg_v1_phase_ii_added_candidate,bounded_full_cg_v1_dynamic_network_phase_ii_oracle,0|4|7|8|11|12|13|17|18|20|23|27|29|30|37|40|100,40.0,false,false,false
,14,source_B08|wait_3858_t0|wait_3858_t1|wait_3858_t2|explicit_link_18164_t3|explicit_link_18117_t7|explicit_link_18140_t10|explicit_link_18115_t13|explicit_link_18154_t17|explicit_link_18120_t18|explicit_link_17772_t20|explicit_link_18015_t23|explicit_link_18018_t27|explicit_link_18019_t29|explicit_link_18014_t30|explicit_link_17958_t37|explicit_link_18007_t40|explicit_link_18005_t42|explicit_link_17811_t45|explicit_link_17946_t49|explicit_link_17947_t52|explicit_link_15592_t55|sink_B08_1492_t58,58,bounded_full_cg_v1_dynamic_network_phase_ii_oracle,ORACLE_R14_B08_K2,B08,0,1492,2.444299333333333,18164|18117|18140|18115|18154|18120|17772|18015|18018|18019|18014|17958|18007|18005|17811|17946|17947|15592,3858|3019|3014|2698|3015|3016|4253|1950|4252|4862|4202|2030|2032|1002|1004|1005|1189|1487|1492,-0.0011326666666671148,3858,false,false,true,FULL_CG_V1_ORACLE_R14_B08_K2,,bounded_full_cg_v1_phase2_oracle_candidate,full_cg_v1_phase_ii_added_candidate,bounded_full_cg_v1_dynamic_network_phase_ii_oracle,0|1|2|3|7|10|13|17|18|20|23|27|29|30|37|40|42|45|49|52|55|58|100,58.0,false,false,false
,14,source_B10|wait_3858_t0|wait_3858_t1|wait_3858_t2|explicit_link_18164_t3|explicit_link_18117_t7|explicit_link_18140_t10|explicit_link_18115_t13|explicit_link_18154_t17|explicit_link_18120_t18|explicit_link_17772_t20|explicit_link_18015_t23|explicit_link_18018_t27|explicit_link_18019_t29|explicit_link_18014_t30|explicit_link_15595_t37|explicit_link_17038_t41|explicit_link_17045_t47|explicit_link_17037_t49|sink_B10_3382_t55,55,bounded_full_cg_v1_dynamic_network_phase_ii_oracle,ORACLE_R14_B10_K2,B10,0,3382,2.3519039999999998,18164|18117|18140|18115|18154|18120|17772|18015|18018|18019|18014|15595|17038|17045|17037,3858|3019|3014|2698|3015|3016|4253|1950|4252|4862|4202|2030|2033|4161|733|3382,-0.0011326666666671148,3858,false,false,true,FULL_CG_V1_ORACLE_R14_B10_K2,,bounded_full_cg_v1_phase2_oracle_candidate,full_cg_v1_phase_ii_added_candidate,bounded_full_cg_v1_dynamic_network_phase_ii_oracle,0|1|2|3|7|10|13|17|18|20|23|27|29|30|37|41|47|49|55|100,55.0,false,false,false
