link_index,link_id,from_node_id,to_node_id
0,4624,192,193
1,4626,192,627
2,4625,193,192
3,4631,193,1769
4,7132,194,195
5,7098,194,5538
6,7133,195,194
7,7130,195,3303
8,11370,233,220
9,18687,247,248
10,18683,248,4309
11,18684,248,4311
12,14994,249,250
13,15008,249,251
14,14995,250,249
15,15015,250,3582
16,15009,251,249
17,15002,251,2111
18,14996,252,253
19,15006,252,254
20,14997,253,252
21,15011,253,4995
22,15007,254,252
23,14957,254,2751
24,14335,255,256
25,14686,255,257
26,14336,256,255
27,14970,256,2827
28,14988,256,2894
29,14901,256,2895
30,14687,257,255
31,14422,257,4182
32,16944,260,261
33,16928,261,3021
34,16929,261,3022
35,17152,262,263
36,16619,263,264
37,16927,264,260
38,16948,264,265
39,16932,265,260
40,16931,265,3031
41,5041,269,279
42,8371,272,273
43,8370,273,3971
44,18495,277,278
45,18496,277,280
46,18565,278,2998
47,18499,278,2999
48,18501,278,4172
49,5042,279,269
50,8076,279,3639
51,18497,280,277
52,18558,280,3993
53,8087,281,282
54,8626,281,283
55,8088,282,281
56,8452,282,3405
57,8627,283,281
58,8619,283,5230
59,14797,287,288
60,14800,287,289
61,14796,288,3860
62,14705,288,5329
63,14701,289,2132
64,14883,290,291
65,14884,291,2683
66,14828,291,2684
67,18149,292,293
68,18114,293,3014
69,10913,294,295
70,10915,294,302
71,10914,295,294
72,10917,295,2529
73,10916,302,294
74,10911,302,3455
75,6657,313,272
76,14464,314,315
77,14529,314,316
78,14465,315,314
79,14502,315,5035
80,14518,316,970
81,14466,317,314
82,14467,317,316
83,18378,318,319
84,18411,318,320
85,18430,319,1954
86,18428,319,1955
87,18362,320,892
88,14892,321,322
89,15426,322,4130
90,7855,329,330
91,7843,329,334
92,7856,330,329
93,7826,330,1158
94,7844,334,329
95,7850,334,1929
96,14893,337,338
97,15423,338,2854
98,15424,338,3646
99,15162,339,340
100,15039,340,1088
101,15163,341,342
102,15031,342,3482
103,11552,389,390
104,11554,390,233
105,8029,394,395
106,8037,394,403
107,8030,395,394
108,8041,395,5513
109,8038,403,394
110,15237,406,407
111,15230,407,1862
112,15236,407,5036
113,15238,410,407
114,7339,411,412
115,6658,411,413
116,7340,412,411
117,7336,412,3680
118,6659,413,411
119,7031,413,940
120,18230,414,415
121,18226,414,416
122,18231,415,414
123,18212,415,417
124,18227,416,414
125,18229,416,2896
126,18213,417,415
127,18232,417,524
128,7232,435,436
129,7349,435,437
130,7233,436,435
131,7315,436,3385
132,7350,437,435
133,7352,437,4597
134,14637,440,441
135,166,441,2109
136,10991,518,519
137,11232,518,520
138,10992,519,518
139,11340,519,1799
140,11233,520,518
141,11218,520,2837
142,18233,524,417
143,18234,524,5002
144,18214,524,5003
145,17202,525,526
146,17192,525,527
147,17203,526,525
148,17200,526,1051
149,17193,527,525
150,17206,527,1642
151,17194,527,1643
152,17204,527,1644
153,17808,531,532
154,17904,532,3618
155,17949,532,3619
156,14337,533,290
157,15121,533,534
158,14351,534,290
159,15129,534,4093
160,15127,534,4094
161,11550,536,537
162,11371,536,542
163,11553,537,389
164,11551,537,536
165,18063,538,539
166,18080,539,1944
167,18081,539,1945
168,18048,540,541
169,18050,541,2034
170,11372,542,536
171,6978,589,590
172,445,589,592
173,6979,590,589
174,6981,590,4264
175,446,592,589
176,4627,627,192
177,4629,627,1364
178,7045,631,632
179,7090,632,1388
180,7091,632,1389
181,7883,639,640
182,7877,639,641
183,7884,640,639
184,7885,640,5512
185,7878,641,639
186,10231,647,648
187,10232,648,647
188,11496,648,661
189,11500,648,665
190,10233,648,676
191,11497,661,648
192,11498,661,1324
193,11501,665,648
194,11495,665,4957
195,15861,672,673
196,16163,672,674
197,16164,672,675
198,15862,673,672
199,16485,673,3540
200,15892,674,4464
201,16165,675,672
202,16144,675,5308
203,10234,676,648
204,10972,676,729
205,16157,677,678
206,16159,677,679
207,16158,678,677
208,16161,678,682
209,16160,679,677
210,16141,679,683
211,16773,680,681
212,16708,681,740
213,16162,682,678
214,15863,682,684
215,16142,683,679
216,16151,683,4978
217,15864,684,682
218,16352,684,4515
219,19008,697,698
220,18960,697,699
221,19009,698,697
222,19000,698,3333
223,18961,699,697
224,18986,699,2085
225,7164,707,708
226,7575,708,709
227,7571,708,710
228,7165,708,711
229,7576,709,708
230,7172,709,2188
231,7540,710,1817
232,7588,710,2005
233,7539,710,5087
234,7166,711,708
235,7504,711,2957
236,10971,729,676
237,10969,729,736
238,16603,732,733
239,16604,732,734
240,17167,732,735
241,17037,733,3382
242,16605,734,732
243,17009,734,3591
244,17168,735,732
245,17166,735,2952
246,17060,735,4271
247,10970,736,729
248,10432,736,3730
249,10953,736,5018
250,13921,737,738
251,13902,737,739
252,13922,738,737
253,13923,738,3275
254,13903,739,737
255,13908,739,3277
256,13915,739,4940
257,13909,739,4942
258,16797,740,755
259,16951,744,745
260,16982,744,746
261,16952,745,744
262,16986,745,826
263,17006,745,5400
264,16983,746,1562
265,16799,755,2040
266,7027,766,767
267,7019,766,796
268,7028,767,766
269,7026,767,1271
270,7020,796,766
271,7023,796,4866
272,13839,802,803
273,13885,803,2732
274,13487,803,3484
275,13883,803,3664
276,16132,804,805
277,16128,805,806
278,128,805,807
279,16129,806,805
280,16130,806,4988
281,129,807,805
282,11214,807,1385
283,139,807,1386
284,13775,809,810
285,13900,809,814
286,13776,810,809
287,13970,810,845
288,13901,814,809
289,13840,814,867
290,17126,815,816
291,17133,816,4478
292,17131,816,4479
293,17173,817,818
294,17066,818,815
295,16606,825,826
296,16709,825,830
297,16987,826,745
298,16607,826,825
299,16710,830,825
300,16809,830,848
301,14027,835,836
302,12253,835,837
303,14028,836,835
304,13489,836,4175
305,13999,836,4752
306,14212,837,2222
307,16711,838,839
308,16818,839,848
309,16713,839,4806
310,13971,845,810
311,13967,845,1727
312,8644,846,847
313,8653,847,2430
314,16810,848,830
315,16817,848,839
316,16712,856,838
317,13841,867,814
318,13888,886,887
319,13896,887,2723
320,13493,887,3654
321,13786,887,5542
322,18377,892,893
323,18285,893,2494
324,18284,893,2496
325,7134,894,895
326,6692,895,5277
327,18412,897,898
328,18406,897,899
329,18415,898,900
330,18414,898,4209
331,18407,900,318
332,18408,900,899
333,16775,908,909
334,16776,908,913
335,16764,909,3180
336,16766,913,680
337,16777,913,909
338,16767,913,974
339,12072,917,918
340,11638,918,5118
341,19420,925,926
342,19411,926,1280
343,8559,927,928
344,8551,927,930
345,8560,928,927
346,8562,928,2731
347,8552,930,927
348,8557,930,1767
349,8553,930,1768
350,11225,932,933
351,11230,933,1427
352,11229,933,2837
353,8601,936,937
354,8616,936,938
355,8602,937,936
356,8090,937,1773
357,8637,937,5119
358,8617,938,936
359,8614,938,1775
360,7030,940,413
361,7021,940,1271
362,17809,943,944
363,18024,943,945
364,17810,944,943
365,18072,944,1192
366,18025,945,943
367,17816,945,1194
368,18032,945,1288
369,15584,947,948
370,18137,947,949
371,15585,948,947
372,17180,948,4201
373,18138,949,947
374,18142,949,2698
375,6997,950,960
376,8688,952,953
377,8685,953,4083
378,6998,960,950
379,7013,960,1772
380,7071,966,993
381,14415,967,968
382,14642,967,969
383,14416,968,967
384,14530,968,970
385,14643,969,967
386,14639,969,3606
387,14641,969,3607
388,14531,970,968
389,14532,970,1126
390,15514,971,972
391,14346,972,339
392,14345,972,1076
393,16768,974,913
394,16771,974,4223
395,19829,978,979
396,19824,978,982
397,19830,979,978
398,19827,979,3941
399,19095,979,4490
400,19825,982,978
401,19799,982,1035
402,7072,993,966
403,7088,993,1176
404,18004,1001,1002
405,17953,1001,1003
406,18005,1002,1004
407,18006,1002,2032
408,18029,1003,5377
409,18012,1004,1001
410,17811,1004,1005
411,17902,1005,1188
412,17946,1005,1189
413,13981,1006,1007
414,13925,1006,1008
415,13982,1007,1006
416,13983,1007,5030
417,13926,1008,1006
418,13989,1008,1729
419,16365,1015,1016
420,16373,1016,2691
421,16508,1016,3480
422,16555,1016,3481
423,11820,1017,1018
424,11824,1017,1019
425,11821,1018,1017
426,11814,1018,4411
427,11804,1019,2366
428,11805,1019,2367
429,17027,1020,1021
430,15586,1020,1022
431,17028,1021,1020
432,17030,1021,1231
433,17025,1021,2070
434,15587,1022,1020
435,17930,1022,2189
436,17931,1022,3164
437,132,1023,1024
438,8414,1023,1025
439,133,1024,1023
440,15004,1024,2111
441,8415,1025,1023
442,8419,1025,4184
443,14963,1026,1027
444,14967,1026,1028
445,14964,1027,1026
446,14965,1027,2751
447,14968,1028,1026
448,183,1028,4676
449,11235,1029,1030
450,11237,1029,1031
451,11236,1030,1029
452,11300,1030,2826
453,11305,1030,4241
454,11241,1030,4682
455,11238,1031,1029
456,11270,1031,2609
457,19879,1032,1033
458,19877,1032,1034
459,19880,1033,1032
460,19882,1033,3438
461,19869,1033,3653
462,19878,1034,1032
463,19701,1034,1035
464,19800,1035,982
465,19702,1035,1034
466,16538,1036,1037
467,15884,1037,3757
468,15886,1037,3758
469,4777,1038,1039
470,4632,1038,1040
471,4778,1039,1038
472,4780,1039,5214
473,4633,1040,1038
474,4729,1040,4622
475,17197,1050,1051
476,17201,1051,526
477,17198,1051,4200
478,17199,1052,1050
479,17053,1053,1052
480,6987,1054,1055
481,6982,1054,1086
482,6988,1055,1054
483,6989,1055,1114
484,16166,1056,1057
485,16251,1057,2654
486,16253,1057,2660
487,16306,1064,1065
488,15868,1065,1254
489,15589,1065,1387
490,15865,1066,1067
491,16324,1066,1068
492,16515,1067,1036
493,15866,1067,1066
494,16510,1067,4062
495,16325,1068,1066
496,16318,1068,3912
497,20021,1072,1073
498,20023,1072,1074
499,20095,1072,1075
500,20022,1073,1072
501,20031,1073,1074
502,20116,1073,4331
503,20024,1074,1072
504,20030,1074,1073
505,20139,1074,2058
506,20096,1075,1072
507,19994,1075,4336
508,19640,1075,5141
509,15427,1076,1077
510,15428,1077,338
511,14903,1077,341
512,6983,1086,1054
513,15137,1087,1088
514,15124,1088,4463
515,14338,1090,1091
516,15131,1090,1094
517,14827,1091,2192
518,14692,1091,2193
519,15132,1094,4194
520,15231,1111,1112
521,15189,1111,1113
522,15226,1111,1117
523,15232,1112,1111
524,15229,1112,1128
525,15234,1112,1862
526,14916,1113,4237
527,15265,1113,4238
528,15262,1113,4969
529,6990,1114,1055
530,6660,1114,1131
531,17660,1115,1116
532,17658,1115,1130
533,17661,1116,1115
534,17221,1116,1622
535,17656,1116,4481
536,15227,1117,1111
537,15241,1117,5042
538,14471,1126,317
539,14470,1126,3753
540,15228,1127,1111
541,15239,1127,1128
542,15235,1128,406
543,15192,1128,1314
544,17659,1130,1115
545,17662,1130,1138
546,6661,1131,1114
547,7331,1131,3011
548,15867,1135,672
549,17663,1138,1130
550,17535,1138,2418
551,17657,1138,2904
552,17726,1144,1145
553,17669,1144,1146
554,17736,1145,3102
555,17671,1145,3105
556,17738,1146,1147
557,1,1147,1148
558,17739,1147,1149
559,19319,1148,3051
560,17676,1149,1145
561,17677,1149,3040
562,16565,1150,1151
563,16587,1150,1155
564,16589,1150,1159
565,16566,1150,1163
566,16596,1151,1177
567,19320,1152,1153
568,2,1152,1154
569,19323,1153,3051
570,19322,1153,4156
571,17742,1154,4328
572,16588,1155,1150
573,16571,1155,4152
574,7859,1156,1157
575,7861,1156,1158
576,7860,1157,1156
577,7864,1157,3420
578,7825,1158,330
579,7862,1158,1156
580,16590,1159,1150
581,16594,1159,3519
582,18833,1160,1161
583,18252,1160,1162
584,18834,1161,1160
585,18828,1161,3634
586,18836,1161,5129
587,18253,1162,1160
588,18724,1162,4211
589,16567,1163,1150
590,16582,1163,2689
591,16576,1163,2693
592,4860,1164,1165
593,4861,1164,1166
594,4862,1165,1166
595,4823,1166,1884
596,7089,1176,993
597,7094,1176,1389
598,7048,1176,3185
599,16601,1177,2166
600,18009,1180,1002
601,18010,1180,1181
602,17828,1181,1487
603,15620,1181,4034
604,18011,1181,5420
605,134,1182,1183
606,14065,1182,1186
607,135,1183,1182
608,487,1183,1830
609,14066,1186,1182
610,14074,1186,3583
611,14071,1186,3684
612,14075,1186,4015
613,17903,1188,3618
614,17948,1188,3619
615,17947,1189,1487
616,17829,1189,5420
617,18073,1192,944
618,18076,1192,3264
619,18074,1192,5294
620,18077,1193,1194
621,18070,1194,539
622,17817,1194,3807
623,17044,1195,1196
624,16955,1196,5432
625,15469,1203,1204
626,15470,1203,1209
627,15348,1204,2854
628,15349,1204,3646
629,15473,1209,1947
630,14271,1209,4069
631,17029,1231,1021
632,17013,1238,1239
633,17017,1239,4068
634,15588,1253,1254
635,16539,1254,1067
636,16507,1254,2545
637,8053,1269,1270
638,8055,1270,2612
639,7025,1271,767
640,7022,1271,940
641,11087,1273,1274
642,5053,1273,1275
643,11088,1274,1273
644,11074,1274,4908
645,5054,1275,1273
646,8485,1275,2731
647,19432,1280,3870
648,17482,1281,1282
649,17485,1282,2191
650,17483,1282,3729
651,16284,1283,1057
652,17954,1286,1287
653,18026,1286,1288
654,17955,1287,1286
655,17957,1287,2029
656,18031,1288,945
657,18027,1288,1286
658,16880,1297,1298
659,16881,1297,1299
660,16879,1298,4835
661,16888,1299,1300
662,16876,1299,1301
663,16884,1299,1303
664,16885,1300,1303
665,16625,1301,3176
666,16887,1303,1886
667,14510,1304,1305
668,14417,1304,1306
669,14421,1305,1306
670,14511,1305,2845
671,14506,1305,2846
672,14562,1306,1307
673,14433,1307,1305
674,14567,1307,4454
675,8657,1308,1309
676,8645,1308,1310
677,8658,1309,1308
678,8655,1309,1311
679,8647,1310,2981
680,8656,1311,1309
681,8568,1311,1312
682,136,1312,410
683,8567,1312,1311
684,137,1312,1314
685,138,1314,1312
686,15297,1314,2824
687,172,1314,4236
688,11492,1317,1324
689,8646,1319,1308
690,11499,1324,661
691,11493,1324,1317
692,8054,1333,1269
693,7656,1333,1334
694,7915,1334,1335
695,7901,1334,1336
696,7916,1335,2991
697,7902,1335,2992
698,7908,1336,2809
699,6685,1336,4892
700,7905,1336,5202
701,7418,1340,1341
702,7463,1340,1342
703,7419,1341,1340
704,7457,1341,1458
705,7464,1342,1340
706,7167,1342,1343
707,7168,1343,1342
708,7582,1343,1344
709,7583,1344,1343
710,7577,1344,2703
711,4612,1363,1364
712,4614,1363,1382
713,4628,1364,627
714,4613,1364,1363
715,4615,1382,1363
716,4620,1382,3412
717,11215,1385,807
718,11217,1385,4257
719,16038,1386,2216
720,16811,1387,5431
721,7092,1388,1389
722,7073,1388,1390
723,7095,1389,1176
724,7093,1389,1388
725,7078,1389,4921
726,7074,1390,1388
727,7050,1390,2505
728,11347,1396,1397
729,11330,1396,1398
730,11341,1397,1405
731,11350,1397,1406
732,11357,1398,4150
733,7343,1401,1402
734,7169,1401,1403
735,7170,1401,1404
736,7344,1402,1401
737,7325,1402,1788
738,7326,1402,1789
739,7493,1403,707
740,7180,1403,2188
741,7498,1403,5370
742,7171,1404,1401
743,7489,1404,5212
744,11342,1405,1406
745,140,1405,1409
746,11346,1406,1795
747,11348,1406,4149
748,13886,1407,1408
749,13875,1407,1411
750,13887,1408,1407
751,13881,1408,3205
752,141,1409,1405
753,17213,1409,2418
754,17474,1409,4469
755,17470,1409,4726
756,13876,1411,1407
757,13843,1411,1983
758,14242,1416,1417
759,12272,1417,836
760,12273,1417,4175
761,14638,1425,1426
762,14636,1426,4551
763,11226,1427,1428
764,11124,1428,4233
765,11870,1429,1430
766,12089,1430,4525
767,11873,1430,4534
768,19816,1431,1432
769,19796,1432,3941
770,15568,1433,1434
771,15560,1433,1435
772,15569,1434,1433
773,15562,1434,4222
774,15561,1435,1433
775,15550,1435,4144
776,14099,1436,1437
777,14102,1437,4137
778,14029,1438,1436
779,14055,1438,1439
780,14056,1439,1438
781,14050,1439,1922
782,14046,1440,1441
783,14045,1441,1442
784,14048,1441,4559
785,14033,1442,1443
786,14051,1443,1921
787,11117,1451,1452
788,11118,1451,1453
789,11220,1452,1453
790,11222,1452,5121
791,11228,1453,2097
792,7372,1456,1457
793,7448,1456,1458
794,7373,1457,1456
795,7412,1457,4873
796,7456,1458,1341
797,7449,1458,1456
798,7427,1458,4189
799,16167,1459,1460
800,16174,1460,2268
801,16300,1460,3925
802,15590,1487,1488
803,15592,1487,1492
804,15593,1487,1494
805,15591,1488,1487
806,17018,1488,2003
807,16953,1492,4034
808,17036,1494,1492
809,17035,1494,1558
810,10988,1514,1515
811,10973,1514,1552
812,10989,1515,1514
813,10990,1515,4684
814,10638,1521,1522
815,10640,1522,4949
816,10642,1524,1525
817,10650,1525,4635
818,10609,1525,4637
819,11770,1526,1527
820,10254,1527,1849
821,11719,1527,4402
822,10605,1528,1529
823,10651,1529,1525
824,10652,1529,3630
825,10941,1530,1531
826,10921,1530,1532
827,10923,1530,1533
828,10942,1531,1530
829,10436,1531,3648
830,10943,1531,3688
831,10922,1532,1530
832,10946,1532,1778
833,10952,1533,1784
834,11865,1534,1535
835,11868,1535,2364
836,11855,1536,1537
837,11832,1536,1538
838,11856,1537,4404
839,11860,1537,4417
840,11807,1538,2581
841,11986,1543,1544
842,11984,1543,1545
843,11987,1544,1543
844,11871,1544,3827
845,11985,1545,1543
846,11978,1545,4765
847,16908,1546,1547
848,16909,1547,1548
849,16907,1547,1549
850,16910,1548,1547
851,16820,1548,1551
852,16897,1549,4285
853,16819,1550,1546
854,16891,1550,1551
855,16890,1551,1297
856,10974,1552,1514
857,10985,1552,3407
858,16977,1562,1253
859,16504,1592,1593
860,16506,1593,3621
861,18703,1594,1595
862,18605,1595,247
863,12015,1596,1597
864,12008,1597,1645
865,6664,1598,1929
866,18588,1606,1607
867,18592,1606,1608
868,18589,1607,1606
869,18288,1607,5149
870,18593,1608,1606
871,18591,1608,4064
872,7309,1609,1610
873,7311,1609,1611
874,7310,1610,1609
875,7314,1610,3008
876,7312,1611,1609
877,7299,1611,5172
878,11514,1612,1613
879,11540,1612,1651
880,11515,1613,1612
881,11545,1613,2056
882,3,1615,1616
883,18897,1615,1617
884,4,1616,1615
885,19813,1616,3001
886,18898,1617,1615
887,18895,1617,4494
888,12215,1618,1619
889,12217,1618,1620
890,12216,1619,1618
891,12218,1619,1641
892,14543,1620,3273
893,17502,1621,1622
894,17475,1621,1623
895,17220,1622,1116
896,17503,1622,1621
897,17476,1623,1621
898,17490,1623,2883
899,17378,1624,1625
900,17385,1625,2213
901,17380,1625,2214
902,142,1626,1627
903,11999,1627,1843
904,12021,1627,1845
905,11998,1627,2772
906,19621,1632,1633
907,19622,1632,1634
908,19645,1633,3107
909,19644,1633,4341
910,19982,1634,4100
911,14243,1635,1636
912,18664,1636,3202
913,18663,1636,3210
914,18604,1637,1638
915,18667,1638,2829
916,18680,1638,4308
917,14105,1641,2167
918,14088,1641,2263
919,17207,1642,527
920,17195,1642,4833
921,17211,1643,1635
922,17205,1644,527
923,17209,1644,4158
924,12011,1645,1842
925,11541,1651,1612
926,11536,1651,3025
927,13770,1663,1664
928,13474,1664,1440
929,11331,1672,1673
930,11332,1672,1674
931,11354,1673,1679
932,11333,1674,1672
933,11362,1674,1800
934,11358,1675,1676
935,11355,1675,1677
936,11359,1675,1678
937,11361,1676,1674
938,11356,1677,1675
939,10237,1677,2290
940,11360,1678,1675
941,11365,1678,1676
942,11363,1678,1800
943,11353,1679,1803
944,13966,1727,845
945,13976,1727,1728
946,13977,1728,2669
947,13990,1729,1008
948,13928,1729,2866
949,13991,1729,2867
950,13972,1730,1727
951,20250,1739,1740
952,4792,1741,1742
953,4761,1741,1743
954,4793,1742,1741
955,4735,1742,1897
956,4762,1743,1741
957,4738,1743,2240
958,4787,1743,5204
959,4763,1743,5215
960,18798,1744,1745
961,18800,1744,1746
962,18799,1745,1744
963,18257,1745,4671
964,18726,1745,4672
965,18801,1746,1744
966,18797,1746,5109
967,15138,1747,1748
968,15160,1747,1749
969,15139,1748,1747
970,15154,1748,3973
971,15161,1749,1747
972,14907,1749,1809
973,17533,1750,1751
974,17761,1751,2923
975,17740,1751,2924
976,4515,1762,5238
977,18804,1763,1764
978,18278,1763,1765
979,18805,1764,1763
980,18802,1764,5108
981,18279,1765,1763
982,18602,1765,1766
983,18603,1766,1765
984,18595,1766,3293
985,8558,1767,930
986,8543,1767,3376
987,8555,1767,4089
988,8554,1768,930
989,5080,1768,5188
990,4630,1769,193
991,4153,1769,1770
992,4155,1769,1771
993,4154,1770,1769
994,4784,1770,4315
995,4156,1771,1769
996,4781,1771,1770
997,4791,1771,3429
998,7014,1772,960
999,6992,1772,3469
1000,8089,1773,937
1001,8482,1773,1774
1002,8483,1774,1773
1003,8550,1774,3623
1004,8615,1775,938
1005,8093,1775,3396
1006,8095,1775,3397
1007,10919,1776,1777
1008,10859,1776,1778
1009,10920,1777,1776
1010,10861,1777,4691
1011,10947,1778,1532
1012,10860,1778,1776
1013,4157,1779,1780
1014,4289,1779,1781
1015,4158,1780,1779
1016,4290,1781,1779
1017,4287,1781,3191
1018,4168,1781,5322
1019,10945,1782,1783
1020,10924,1783,1531
1021,10247,1784,1030
1022,14955,1785,1786
1023,14956,1785,1787
1024,15023,1786,1787
1025,15028,1786,2858
1026,15021,1786,2928
1027,15030,1787,1812
1028,7342,1788,3680
1029,7338,1788,3892
1030,7327,1789,1402
1031,7335,1789,3010
1032,7328,1789,3011
1033,11119,1790,1791
1034,10993,1791,1795
1035,10994,1791,1796
1036,16341,1792,1793
1037,16336,1792,1794
1038,145,1793,1797
1039,16333,1794,3140
1040,16332,1794,3168
1041,11352,1795,2273
1042,11344,1796,4149
1043,10995,1797,1796
1044,11234,1797,1798
1045,11120,1798,2514
1046,11339,1799,519
1047,11334,1799,1398
1048,11335,1799,1800
1049,11364,1800,1678
1050,11336,1800,1799
1051,15394,1801,1802
1052,15420,1802,1806
1053,15418,1802,3884
1054,11345,1803,1397
1055,15419,1806,1802
1056,15395,1806,1807
1057,15396,1807,4548
1058,15392,1808,1809
1059,15388,1808,1810
1060,15390,1808,1811
1061,14899,1809,1749
1062,15393,1809,1808
1063,14900,1809,2275
1064,15389,1810,1808
1065,14908,1810,4247
1066,15378,1811,1801
1067,14894,1812,1808
1068,15335,1813,1814
1069,15336,1813,1815
1070,14339,1814,2153
1071,15417,1815,1806
1072,15416,1815,3884
1073,15594,1816,1387
1074,7534,1817,1818
1075,6662,1818,1819
1076,8402,1819,3288
1077,8400,1819,4554
1078,7404,1820,1821
1079,7405,1820,1822
1080,7407,1821,1828
1081,7395,1821,2711
1082,7393,1822,4841
1083,8460,1823,1824
1084,8091,1823,1826
1085,8478,1823,1827
1086,8461,1824,1823
1087,8476,1824,3171
1088,8092,1826,1823
1089,8649,1826,2981
1090,8569,1826,2982
1091,8651,1826,2983
1092,8477,1827,5058
1093,7406,1828,1821
1094,7400,1828,1829
1095,7391,1828,1830
1096,7401,1829,1820
1097,7402,1829,2466
1098,486,1830,1183
1099,7392,1830,1828
1100,143,1831,1832
1101,12173,1831,1833
1102,12175,1831,1834
1103,144,1832,1831
1104,17235,1832,4986
1105,12174,1833,1831
1106,12166,1833,3343
1107,12176,1834,1831
1108,12117,1834,2869
1109,12118,1834,5029
1110,11996,1840,1841
1111,12019,1841,1845
1112,12014,1842,1840
1113,12012,1842,1843
1114,12009,1842,1844
1115,12010,1843,1429
1116,12013,1843,1842
1117,11877,1844,5068
1118,146,1845,1624
1119,12020,1845,1627
1120,12082,1846,1847
1121,12085,1847,4529
1122,12086,1847,4530
1123,12084,1848,1846
1124,5057,1849,1850
1125,8479,1858,1823
1126,15233,1862,1112
1127,14895,1862,1863
1128,14897,1862,1864
1129,14896,1863,1862
1130,14906,1863,4238
1131,15019,1863,4996
1132,14898,1864,1862
1133,15001,1864,3581
1134,18940,1865,1866
1135,19030,1865,1867
1136,19054,1865,1868
1137,18941,1866,1865
1138,19062,1866,4362
1139,19031,1867,1865
1140,19017,1867,5089
1141,19055,1868,1865
1142,19052,1868,4438
1143,4883,1884,2348
1144,4886,1884,2349
1145,16882,1886,1297
1146,16886,1886,1299
1147,16608,1886,1887
1148,16883,1886,1888
1149,16609,1887,1886
1150,16618,1887,1888
1151,16807,1887,3290
1152,16889,1888,1550
1153,15489,1889,1890
1154,15490,1890,1203
1155,15493,1890,1813
1156,8268,1894,1895
1157,6663,1894,1896
1158,8269,1895,1894
1159,6688,1895,2809
1160,8265,1895,4896
1161,6668,1896,2535
1162,7526,1896,2537
1163,4736,1897,1742
1164,4634,1897,2360
1165,14049,1921,1438
1166,14053,1921,1922
1167,14054,1922,1921
1168,14052,1922,4443
1169,18055,1923,1924
1170,18056,1924,531
1171,18053,1924,2055
1172,19850,1925,1926
1173,19838,1925,1927
1174,19848,1925,1928
1175,19851,1926,1925
1176,19839,1926,4704
1177,19862,1927,4262
1178,19865,1927,4800
1179,19849,1928,1925
1180,19844,1928,2947
1181,7849,1929,334
1182,6665,1929,1598
1183,10438,1939,2603
1184,16568,1943,1163
1185,18064,1944,1946
1186,18084,1945,2959
1187,18071,1945,3265
1188,18088,1946,3163
1189,15471,1947,1889
1190,15496,1947,1948
1191,14244,1948,1952
1192,15337,1948,1953
1193,17956,1949,1950
1194,17812,1949,1951
1195,18015,1950,4252
1196,17771,1950,4253
1197,18086,1951,4135
1198,17773,1951,4357
1199,16269,1952,2654
1200,16255,1952,2660
1201,14263,1953,2266
1202,18381,1954,900
1203,18382,1954,4209
1204,18429,1955,1954
1205,18293,1955,5193
1206,14660,1956,1957
1207,14662,1956,1958
1208,14668,1956,1959
1209,14661,1957,1956
1210,14665,1957,2195
1211,162,1957,3286
1212,14625,1957,4769
1213,14356,1958,4773
1214,14669,1959,1956
1215,14620,1959,2285
1216,14670,1959,2286
1217,12219,1963,1964
1218,14690,1964,1965
1219,14794,1964,1966
1220,14882,1965,2269
1221,14702,1966,2679
1222,14355,1966,4440
1223,14103,1967,1963
1224,14110,1967,1968
1225,14111,1968,2165
1226,14112,1968,2167
1227,13842,1983,1411
1228,16979,1997,1998
1229,16980,1998,2798
1230,18058,1999,1923
1231,17014,2002,1494
1232,17026,2002,2003
1233,17021,2003,1238
1234,17022,2003,2070
1235,7535,2004,2005
1236,7574,2005,709
1237,7589,2005,710
1238,7587,2005,4185
1239,7645,2009,2010
1240,7646,2009,2011
1241,7650,2010,2011
1242,7648,2010,5092
1243,7647,2011,313
1244,11373,2013,2014
1245,11600,2013,2015
1246,10251,2014,4408
1247,11563,2015,2022
1248,11606,2015,2024
1249,5059,2016,2017
1250,11601,2017,2018
1251,11610,2017,2019
1252,11567,2018,4081
1253,11603,2019,2018
1254,11613,2019,4403
1255,14211,2020,1416
1256,14237,2020,2021
1257,14238,2021,2223
1258,14239,2021,2405
1259,11374,2022,2014
1260,10235,2022,2023
1261,11847,2023,4423
1262,11602,2024,2737
1263,14891,2027,2028
1264,14361,2028,4440
1265,18023,2029,3687
1266,17960,2030,1180
1267,18013,2030,2031
1268,17958,2030,2032
1269,15595,2030,2033
1270,18021,2031,4252
1271,18020,2031,4862
1272,18007,2032,1002
1273,17959,2032,2030
1274,17038,2033,4161
1275,18033,2034,1287
1276,17157,2037,2038
1277,17175,2038,3494
1278,16798,2039,755
1279,16782,2040,3271
1280,14816,2041,2042
1281,14708,2042,4248
1282,14707,2042,5355
1283,14818,2046,2041
1284,14810,2046,2047
1285,14824,2047,4305
1286,17767,2048,2049
1287,15596,2048,2050
1288,18246,2048,2051
1289,15597,2048,2052
1290,17768,2049,2048
1291,17813,2049,2053
1292,18060,2049,2054
1293,18052,2049,2055
1294,17667,2050,1750
1295,17668,2050,3513
1296,18247,2051,2048
1297,18245,2051,2919
1298,15598,2052,2048
1299,17504,2052,2102
1300,18065,2053,4301
1301,18061,2054,531
1302,18062,2054,2049
1303,17824,2055,4134
1304,11544,2056,1613
1305,11542,2056,2057
1306,11543,2057,2056
1307,11547,2057,4685
1308,20138,2058,1074
1309,20128,2058,2059
1310,20156,2059,4342
1311,20155,2059,5419
1312,17015,2069,1488
1313,17033,2069,2070
1314,17024,2070,1021
1315,17023,2070,2003
1316,17034,2070,2069
1317,10606,2077,2078
1318,10673,2077,2127
1319,10607,2078,2077
1320,10637,2078,2477
1321,18987,2085,699
1322,18977,2085,3320
1323,19795,2086,2087
1324,19703,2086,2088
1325,19822,2086,2089
1326,19714,2087,4809
1327,19704,2088,2086
1328,19846,2088,2947
1329,19823,2089,2086
1330,19818,2089,4492
1331,20195,2090,2091
1332,20243,2090,2092
1333,20228,2090,2093
1334,20230,2090,2094
1335,20196,2091,2090
1336,19547,2091,2927
1337,20232,2092,2096
1338,20229,2093,2090
1339,20200,2093,2779
1340,20231,2094,2090
1341,20203,2094,5044
1342,20241,2096,1977
1343,11227,2097,932
1344,6666,2098,2009
1345,14588,2099,2100
1346,14586,2099,2101
1347,14589,2100,2099
1348,14587,2101,2099
1349,14590,2101,4453
1350,14592,2101,4454
1351,17505,2102,2052
1352,17495,2102,2989
1353,17507,2102,4480
1354,14808,2103,2104
1355,14795,2104,3219
1356,14593,2105,2106
1357,14563,2106,2101
1358,7477,2107,2108
1359,7475,2107,2109
1360,7465,2107,2110
1361,7478,2108,2107
1362,7472,2108,3339
1363,7473,2108,4447
1364,7476,2109,2107
1365,7421,2109,2474
1366,7422,2109,2476
1367,184,2110,1425
1368,15003,2111,251
1369,15005,2111,1024
1370,4284,2113,2114
1371,4283,2118,1781
1372,10674,2127,2077
1373,10671,2127,3419
1374,14691,2132,288
1375,14418,2132,2133
1376,14419,2133,2132
1377,14611,2133,4314
1378,16921,2134,2135
1379,16919,2134,2136
1380,16893,2135,1548
1381,16923,2135,4285
1382,16917,2136,4918
1383,19254,2138,2139
1384,19280,2138,2140
1385,19255,2139,2138
1386,19291,2139,4959
1387,19282,2140,4439
1388,19281,2141,2138
1389,14200,2142,2143
1390,14114,2142,2144
1391,14202,2142,2145
1392,14118,2143,2573
1393,14189,2143,3196
1394,13490,2144,1967
1395,14204,2145,2681
1396,14147,2146,2147
1397,14122,2147,2142
1398,19188,2151,2152
1399,9,2152,3041
1400,8,2152,3072
1401,12221,2153,2688
1402,19293,2154,2155
1403,19202,2155,2158
1404,19623,2156,2157
1405,20028,2157,3106
1406,20119,2157,3107
1407,19064,2158,2156
1408,19189,2158,2159
1409,19193,2159,3079
1410,19194,2159,3080
1411,14104,2165,1963
1412,15644,2166,2053
1413,16602,2166,3161
1414,15646,2166,3729
1415,15645,2166,4254
1416,14106,2167,1641
1417,14113,2167,2165
1418,16366,2170,2171
1419,15599,2170,2172
1420,16558,2171,3148
1421,15616,2171,3151
1422,17218,2172,2903
1423,17219,2172,3100
1424,14245,2173,2170
1425,15338,2173,2174
1426,15340,2174,2849
1427,15458,2174,3489
1428,7236,2188,1402
1429,7179,2188,1403
1430,7358,2188,4473
1431,17929,2189,1022
1432,15600,2189,2166
1433,15601,2189,2191
1434,17478,2191,4326
1435,15636,2191,4327
1436,14830,2192,2269
1437,12220,2193,2194
1438,14116,2194,2681
1439,14117,2194,2682
1440,14664,2195,1957
1441,147,2195,2196
1442,148,2196,2195
1443,7651,2196,3289
1444,14166,2197,2198
1445,13475,2197,2199
1446,14150,2198,2760
1447,13927,2199,2203
1448,14167,2202,2198
1449,13476,2202,2199
1450,16321,2204,2205
1451,16320,2205,3911
1452,16319,2205,3912
1453,14793,2206,2207
1454,14773,2206,2208
1455,14775,2206,2209
1456,14792,2207,4381
1457,14774,2208,2206
1458,14777,2208,2207
1459,14699,2208,2677
1460,14776,2209,2206
1461,14778,2209,3902
1462,14770,2209,4410
1463,4867,2210,2211
1464,4868,2210,2212
1465,4863,2211,2227
1466,4869,2212,2211
1467,17355,2213,3229
1468,17387,2213,3882
1469,16034,2215,2216
1470,16036,2215,2217
1471,16035,2216,2215
1472,16044,2216,4941
1473,16045,2216,4985
1474,15995,2217,804
1475,16037,2217,2215
1476,16051,2217,4992
1477,12255,2220,2221
1478,13904,2221,2322
1479,14235,2222,2404
1480,14236,2222,2405
1481,14234,2223,2220
1482,18280,2224,2225
1483,14246,2225,2226
1484,17063,2226,3075
1485,4872,2227,1164
1486,4639,2227,5165
1487,12073,2228,2229
1488,12078,2229,4620
1489,19545,2230,2233
1490,20240,2233,2434
1491,20249,2233,2951
1492,4804,2234,2235
1493,4805,2234,2236
1494,4811,2235,4867
1495,4806,2236,2234
1496,4740,2236,3430
1497,4737,2240,1743
1498,4807,2240,2241
1499,4810,2241,4590
1500,20226,2250,2251
1501,20199,2251,2776
1502,20227,2251,4345
1503,15602,2254,2255
1504,16585,2254,2256
1505,17020,2255,2262
1506,16583,2256,3727
1507,16610,2258,2226
1508,16611,2258,2259
1509,16945,2258,2260
1510,16626,2260,3036
1511,17016,2262,2002
1512,17019,2262,2255
1513,14100,2263,1437
1514,14030,2263,1439
1515,16168,2264,2265
1516,16239,2264,2266
1517,16169,2265,2264
1518,16257,2265,2675
1519,16270,2265,3756
1520,16240,2266,2264
1521,16234,2266,3969
1522,14265,2266,4133
1523,16249,2267,2268
1524,16175,2268,2265
1525,14880,2269,5354
1526,15325,2270,2271
1527,15190,2270,2272
1528,15326,2271,2270
1529,14912,2271,4846
1530,15191,2272,2270
1531,15270,2272,4247
1532,10996,2273,1798
1533,11351,2273,2274
1534,150,2274,1794
1535,149,2274,2284
1536,14959,2275,2852
1537,15020,2275,2858
1538,16095,2276,2277
1539,14247,2276,2278
1540,16097,2276,2279
1541,14249,2276,2280
1542,16096,2277,2276
1543,16094,2277,4971
1544,14248,2278,2276
1545,15327,2278,4562
1546,16098,2279,2276
1547,16099,2279,4461
1548,14250,2280,2276
1549,15334,2280,4970
1550,15876,2284,3166
1551,14645,2285,2851
1552,14671,2286,1959
1553,14666,2286,3509
1554,10236,2290,1677
1555,11960,2290,2291
1556,11964,2290,2292
1557,11962,2290,2293
1558,10238,2290,2294
1559,11961,2291,2290
1560,11972,2291,2297
1561,11959,2292,4629
1562,11970,2292,4633
1563,11963,2293,2290
1564,11637,2293,5117
1565,10239,2294,2290
1566,11366,2294,5158
1567,11966,2295,2296
1568,11965,2296,2290
1569,11968,2296,2292
1570,11973,2297,2291
1571,11955,2297,3318
1572,7363,2298,2299
1573,7364,2299,2298
1574,7366,2299,2301
1575,7367,2301,2299
1576,7370,2301,4474
1577,11302,2302,1030
1578,11298,2302,2303
1579,11299,2303,2302
1580,11272,2303,2305
1581,11273,2305,2303
1582,11315,2305,3431
1583,4721,2306,2307
1584,4700,2306,2308
1585,4727,2306,2309
1586,4723,2306,2310
1587,4722,2307,2306
1588,4162,2307,5219
1589,4701,2308,2306
1590,4713,2308,3447
1591,4714,2308,3448
1592,4728,2309,2306
1593,4725,2309,2316
1594,4724,2310,2306
1595,4734,2310,5166
1596,4726,2316,2309
1597,4731,2316,4622
1598,10653,2317,2318
1599,10677,2317,2358
1600,10654,2318,2317
1601,10687,2318,2374
1602,12269,2323,2020
1603,19060,2342,1866
1604,18942,2342,2343
1605,18943,2343,2342
1606,19058,2343,2344
1607,18908,2343,2345
1608,19032,2343,2346
1609,19059,2344,2343
1610,19035,2344,5060
1611,18909,2345,2343
1612,19355,2345,3585
1613,19033,2346,2343
1614,19015,2346,3337
1615,4887,2348,3933
1616,4884,2349,2348
1617,14420,2350,2351
1618,14542,2351,3218
1619,14801,2352,2350
1620,14803,2352,2353
1621,14802,2353,287
1622,14804,2353,289
1623,10678,2358,2317
1624,10681,2358,2376
1625,4635,2360,1897
1626,4827,2360,2509
1627,4873,2360,4897
1628,11976,2361,2362
1629,11953,2361,2363
1630,11977,2362,2361
1631,11974,2362,4255
1632,11971,2363,2295
1633,11954,2363,2361
1634,11629,2364,2365
1635,12069,2365,4586
1636,11843,2366,3445
1637,10257,2366,5287
1638,11835,2367,2366
1639,11834,2367,3445
1640,17426,2368,2369
1641,17418,2368,2370
1642,17424,2369,3749
1643,17429,2369,4763
1644,17419,2370,2368
1645,17267,2370,2373
1646,17420,2370,3749
1647,17422,2370,3750
1648,17350,2371,2372
1649,17404,2371,2373
1650,17351,2372,2371
1651,17391,2372,4520
1652,17268,2373,2370
1653,17405,2373,2371
1654,17274,2373,4966
1655,10688,2374,2318
1656,10656,2374,3418
1657,10682,2376,2358
1658,10429,2376,3688
1659,14213,2405,1416
1660,14240,2405,2223
1661,14241,2405,2404
1662,15582,2413,2414
1663,15540,2414,4170
1664,13736,2415,2416
1665,13738,2415,2417
1666,13737,2416,2415
1667,13743,2416,3257
1668,13739,2417,2415
1669,13549,2417,3879
1670,17534,2418,1138
1671,17212,2418,1409
1672,17640,2418,2419
1673,17641,2419,2418
1674,17649,2419,4509
1675,19294,2420,1152
1676,19330,2420,2421
1677,19332,2420,2422
1678,19331,2421,2420
1679,19334,2421,3064
1680,24,2422,4483
1681,19226,2423,2141
1682,19314,2423,2424
1683,5,2423,2425
1684,19315,2424,2423
1685,19311,2424,3077
1686,6,2425,2423
1687,17727,2425,2426
1688,17214,2425,2427
1689,17728,2426,2425
1690,17732,2426,3927
1691,17734,2426,4488
1692,17215,2427,2425
1693,17515,2427,3589
1694,17511,2427,4720
1695,17512,2427,5037
1696,8654,2430,4549
1697,11111,2431,2432
1698,11043,2431,2433
1699,11112,2432,2431
1700,11110,2432,2665
1701,11002,2432,5122
1702,11044,2433,2431
1703,11103,2433,4955
1704,19546,2434,2435
1705,20233,2434,2436
1706,19646,2435,4850
1707,20197,2436,2091
1708,20245,2436,2438
1709,20218,2437,2250
1710,20244,2438,2090
1711,20246,2438,2092
1712,14251,2450,2039
1713,15516,2450,2451
1714,14354,2451,1090
1715,4888,2453,2454
1716,459,2453,2455
1717,4889,2454,2453
1718,4906,2454,5081
1719,460,2455,2453
1720,7415,2455,4935
1721,4930,2464,2465
1722,461,2464,2466
1723,4931,2465,2464
1724,4913,2465,5514
1725,7403,2466,1829
1726,462,2466,2464
1727,8061,2467,2468
1728,8057,2467,2469
1729,8062,2468,2467
1730,8065,2468,2498
1731,8058,2469,2467
1732,8059,2469,5213
1733,8659,2470,2471
1734,8667,2470,2472
1735,8660,2471,2470
1736,8674,2471,5276
1737,8668,2472,2470
1738,8669,2472,2473
1739,8670,2473,2472
1740,8105,2473,3375
1741,7420,2474,2109
1742,7461,2474,2475
1743,7462,2475,2474
1744,151,2475,2478
1745,7376,2476,1828
1746,10636,2477,2078
1747,10241,2477,2891
1748,14503,2478,315
1749,152,2478,2475
1750,14504,2478,5035
1751,8329,2479,2480
1752,8328,2479,2481
1753,8330,2480,2479
1754,8224,2480,2483
1755,8225,2480,2484
1756,8325,2481,2482
1757,8324,2482,5182
1758,8108,2483,3363
1759,8226,2484,2480
1760,8284,2484,2493
1761,13677,2485,2486
1762,13669,2485,2487
1763,13678,2486,2485
1764,13675,2486,3881
1765,13670,2487,2485
1766,13674,2487,3917
1767,14012,2488,2489
1768,13777,2488,2490
1769,14013,2489,2488
1770,14006,2489,4037
1771,13778,2490,2488
1772,13968,2490,2501
1773,8320,2491,2492
1774,8308,2491,2493
1775,8321,2492,2491
1776,8318,2492,4787
1777,8285,2493,2484
1778,8309,2493,2491
1779,18674,2494,2495
1780,18673,2494,2496
1781,18670,2495,3198
1782,18675,2495,3423
1783,18660,2496,2497
1784,8066,2498,2468
1785,8064,2498,4874
1786,13969,2501,2490
1787,13979,2501,5030
1788,7150,2502,2503
1789,7144,2502,2504
1790,7151,2503,2502
1791,7148,2503,2755
1792,7145,2504,2502
1793,7146,2504,2505
1794,7051,2505,1390
1795,7147,2505,2504
1796,4904,2506,2507
1797,4636,2506,2508
1798,4905,2507,2506
1799,4902,2507,2509
1800,4637,2508,2506
1801,4821,2508,2515
1802,4903,2509,2507
1803,4828,2509,4897
1804,11205,2514,3224
1805,11211,2514,3225
1806,4822,2515,2508
1807,4820,2515,3383
1808,11326,2519,2520
1809,11320,2519,2521
1810,11327,2520,2519
1811,11324,2520,4151
1812,11321,2521,2519
1813,11323,2521,2527
1814,11316,2526,2527
1815,11239,2526,2528
1816,11322,2527,2521
1817,11317,2527,2526
1818,11240,2528,2526
1819,11308,2528,2547
1820,10918,2529,295
1821,6667,2535,1896
1822,8227,2535,2536
1823,8228,2536,2535
1824,8275,2536,3896
1825,8276,2536,5168
1826,7527,2537,1896
1827,7507,2537,2540
1828,6689,2537,4895
1829,7512,2538,2539
1830,7514,2538,2540
1831,7516,2538,2541
1832,7513,2539,2538
1833,7481,2539,5212
1834,7506,2540,2537
1835,7515,2540,2538
1836,7517,2541,2538
1837,6669,2541,2542
1838,6670,2542,2541
1839,7142,2542,5538
1840,11312,2543,2544
1841,11310,2543,2546
1842,11313,2544,2543
1843,11274,2544,2826
1844,15651,2545,1997
1845,16382,2545,5455
1846,11311,2546,2543
1847,11306,2546,2547
1848,11309,2547,2528
1849,11307,2547,2546
1850,8462,2557,1858
1851,13477,2573,2574
1852,13995,2574,4467
1853,15986,2576,2577
1854,16104,2576,2578
1855,16053,2576,2579
1856,15988,2576,2580
1857,15987,2577,2576
1858,16146,2577,4975
1859,16105,2578,2576
1860,15996,2578,5039
1861,16054,2579,2576
1862,16055,2579,4461
1863,16057,2579,4963
1864,16092,2579,4964
1865,15989,2580,2576
1866,15992,2580,4978
1867,16137,2580,4999
1868,16133,2580,5000
1869,11863,2581,2582
1870,11630,2581,2583
1871,11864,2582,2581
1872,11861,2582,4418
1873,11810,2582,4419
1874,11631,2583,2581
1875,12113,2583,2767
1876,12156,2583,5086
1877,14115,2584,2144
1878,14188,2584,2585
1879,14194,2585,4572
1880,14205,2585,4573
1881,16323,2586,1065
1882,16307,2586,2587
1883,16313,2587,1056
1884,10639,2603,1524
1885,16312,2604,1459
1886,14676,2606,2607
1887,14683,2606,2608
1888,14677,2607,2606
1889,14353,2607,2894
1890,14684,2608,2606
1891,14622,2608,3507
1892,11271,2609,1031
1893,10997,2609,2610
1894,10998,2610,2609
1895,11116,2610,2664
1896,7659,2611,1334
1897,8056,2612,2613
1898,6676,2613,3886
1899,16453,2614,2615
1900,15869,2615,2616
1901,14262,2616,1814
1902,7032,2617,2618
1903,6832,2618,3946
1904,20247,2620,2621
1905,20234,2620,2622
1906,20248,2621,2620
1907,20237,2621,2951
1908,20235,2622,2620
1909,19563,2622,3399
1910,20242,2622,4502
1911,19453,2634,2635
1912,19454,2634,2636
1913,19458,2634,2637
1914,19441,2635,2151
1915,19455,2636,2634
1916,19442,2636,2934
1917,19191,2636,2936
1918,19459,2637,2634
1919,19093,2637,4354
1920,19981,2638,2639
1921,19069,2639,2637
1922,16252,2654,1057
1923,14266,2654,1947
1924,16256,2654,4199
1925,11375,2657,2024
1926,11555,2657,2658
1927,11379,2658,2737
1928,16170,2660,2667
1929,16274,2660,2675
1930,16282,2660,2678
1931,11115,2664,2610
1932,11113,2664,2665
1933,11109,2665,2432
1934,11114,2665,2664
1935,16310,2667,3734
1936,13973,2669,2670
1937,13779,2669,2671
1938,13975,2670,2866
1939,13929,2670,2867
1940,13898,2671,3205
1941,13899,2671,3452
1942,19624,2672,2673
1943,19709,2673,4260
1944,19708,2673,4732
1945,19951,2674,2156
1946,19950,2674,2672
1947,16258,2675,2265
1948,16275,2675,2660
1949,14819,2676,2046
1950,14821,2676,2677
1951,14812,2677,2047
1952,14698,2677,2208
1953,14822,2677,2676
1954,16171,2678,3307
1955,14693,2679,2680
1956,14817,2680,4458
1957,14203,2681,2145
1958,14198,2681,4003
1959,14190,2682,3246
1960,14890,2683,4075
1961,14878,2684,3861
1962,14700,2684,3862
1963,13478,2688,2203
1964,14149,2688,2759
1965,16581,2689,1163
1966,16574,2689,2691
1967,16374,2691,1016
1968,16575,2691,2689
1969,16577,2693,3136
1970,16579,2693,3155
1971,15603,2696,2697
1972,15604,2696,2698
1973,18148,2697,2886
1974,15610,2697,3018
1975,18141,2698,949
1976,18139,2698,3014
1977,18115,2698,3015
1978,18167,2700,2701
1979,18155,2700,2702
1980,18168,2701,2700
1981,18090,2701,2896
1982,18156,2702,2700
1983,18165,2702,3858
1984,7578,2703,1344
1985,7572,2703,4185
1986,7579,2703,4186
1987,7536,2703,4187
1988,14829,2704,2027
1989,14887,2704,2705
1990,14832,2705,4177
1991,14833,2705,5354
1992,18705,2710,1594
1993,7374,2711,2712
1994,7425,2712,2107
1995,7375,2713,1457
1996,7458,2713,2712
1997,20025,2718,2719
1998,20027,2718,2720
1999,20117,2718,2721
2000,20026,2719,2718
2001,20146,2719,2720
2002,20144,2719,3400
2003,20142,2720,4337
2004,20118,2721,2718
2005,20113,2721,4330
2006,20114,2721,4331
2007,13895,2723,887
2008,13889,2723,2725
2009,13877,2723,2732
2010,13890,2725,2723
2011,13891,2725,2750
2012,18254,2727,2728
2013,18824,2727,2729
2014,18281,2728,2864
2015,18255,2729,2963
2016,4824,2730,2210
2017,8561,2731,928
2018,8484,2731,1275
2019,13884,2732,803
2020,13846,2732,2986
2021,11607,2737,221
2022,11612,2737,2019
2023,11806,2738,2023
2024,10240,2738,2657
2025,7865,2748,2749
2026,7821,2748,2809
2027,7866,2749,2748
2028,7857,2749,3420
2029,13892,2750,2725
2030,13894,2750,3204
2031,14958,2751,254
2032,14966,2751,1027
2033,7156,2753,2754
2034,7046,2753,2755
2035,7157,2754,2753
2036,7159,2754,3645
2037,7149,2755,2503
2038,7047,2755,2753
2039,14148,2759,2760
2040,14179,2759,2761
2041,14151,2760,3313
2042,14168,2761,2146
2043,14123,2761,3209
2044,11337,2764,1673
2045,11338,2764,2765
2046,159,2765,3167
2047,11343,2765,3169
2048,12180,2766,2767
2049,12112,2767,2583
2050,12178,2767,4430
2051,19440,2768,2769
2052,19447,2769,3442
2053,17384,2770,2771
2054,154,2770,2772
2055,17383,2771,1625
2056,17379,2771,1626
2057,11997,2772,1627
2058,155,2772,2770
2059,12006,2772,3751
2060,17381,2773,2770
2061,17382,2773,2771
2062,13771,2774,2775
2063,13772,2775,3222
2064,13757,2775,3223
2065,20266,2776,1739
2066,20224,2779,2250
2067,20219,2779,2780
2068,19560,2780,4344
2069,20222,2780,4499
2070,16981,2798,3449
2071,4814,2799,2800
2072,4800,2800,2240
2073,4801,2800,2241
2074,4812,2801,2802
2075,4798,2801,2803
2076,4813,2802,2799
2077,4799,2803,2801
2078,4817,2803,3368
2079,7904,2809,1335
2080,7907,2809,1336
2081,7822,2809,2748
2082,17127,2817,2818
2083,17064,2818,1053
2084,15517,2820,2821
2085,15505,2821,971
2086,15532,2821,2995
2087,8699,2822,2823
2088,156,2822,2824
2089,8693,2822,2825
2090,8700,2823,2822
2091,8696,2823,4009
2092,5071,2823,4230
2093,15197,2824,1127
2094,15298,2824,1314
2095,15295,2824,4983
2096,8694,2825,2822
2097,8702,2825,3578
2098,11301,2826,1030
2099,11275,2826,2544
2100,14969,2827,256
2101,14992,2827,2828
2102,14993,2828,2827
2103,14962,2828,4861
2104,18679,2829,2830
2105,18678,2829,2831
2106,14258,2830,527
2107,18662,2830,3202
2108,18709,2832,1637
2109,18720,2832,2833
2110,18710,2832,2834
2111,18721,2833,2832
2112,18609,2833,4212
2113,18711,2834,2832
2114,18610,2834,3244
2115,11219,2837,520
2116,11231,2837,1427
2117,14513,2845,4599
2118,14509,2846,4180
2119,12225,2846,4976
2120,15379,2848,2849
2121,15391,2849,1809
2122,14647,2851,4550
2123,14650,2851,4769
2124,14634,2851,4997
2125,14990,2852,2853
2126,14971,2853,2856
2127,15431,2854,2855
2128,15339,2854,2863
2129,15422,2855,1077
2130,14341,2855,2871
2131,14340,2856,2857
2132,14663,2857,1959
2133,15029,2858,1786
2134,14960,2858,2852
2135,15026,2858,4861
2136,13985,2861,1729
2137,15472,2863,2881
2138,14342,2863,2882
2139,18361,2864,892
2140,18380,2864,897
2141,13974,2866,1730
2142,13978,2866,2669
2143,13992,2867,1729
2144,13988,2867,4917
2145,157,2868,2869
2146,17522,2868,2870
2147,12116,2869,1834
2148,158,2869,2868
2149,17523,2870,2868
2150,17530,2870,2916
2151,15515,2871,971
2152,15870,2878,2879
2153,16108,2878,2880
2154,15871,2879,2878
2155,16242,2879,4388
2156,16109,2880,2878
2157,16059,2880,3536
2158,15474,2881,1204
2159,15502,2881,1209
2160,15538,2882,3032
2161,14255,2882,3054
2162,17491,2883,1623
2163,17492,2883,2884
2164,17493,2884,2883
2165,17486,2884,4259
2166,15605,2886,2887
2167,17186,2887,4302
2168,14000,2888,2889
2169,14010,2888,2890
2170,14001,2889,2888
2171,14015,2889,3274
2172,14018,2889,4579
2173,14020,2889,4580
2174,14011,2890,2888
2175,14008,2890,4037
2176,10242,2891,2477
2177,11051,2891,5218
2178,7162,2892,2893
2179,7152,2892,2935
2180,7163,2893,2892
2181,6680,2893,4896
2182,14989,2894,256
2183,14352,2894,2607
2184,15107,2895,3527
2185,18228,2896,416
2186,18089,2896,2701
2187,19434,2900,2901
2188,19190,2900,2902
2189,19435,2901,2900
2190,19439,2901,2932
2191,19469,2902,4117
2192,17536,2903,2904
2193,17644,2903,2905
2194,17665,2904,2913
2195,17537,2904,2914
2196,17642,2905,2419
2197,17643,2905,3114
2198,17654,2913,1138
2199,17548,2913,1751
2200,17750,2914,4329
2201,17524,2915,2916
2202,17518,2915,2917
2203,17526,2915,2918
2204,17529,2916,2870
2205,17525,2916,2915
2206,17519,2917,2915
2207,17521,2917,3590
2208,17531,2917,5033
2209,17508,2918,3589
2210,17527,2918,3590
2211,18244,2919,2051
2212,18248,2919,2920
2213,18249,2920,2919
2214,18251,2920,2921
2215,18250,2921,2920
2216,15606,2921,2922
2217,15607,2922,2921
2218,17758,2922,4258
2219,17762,2923,1751
2220,17549,2923,3512
2221,17760,2923,4258
2222,17741,2924,3123
2223,17763,2924,3127
2224,19548,2927,2091
2225,20131,2927,4337
2226,15022,2928,1786
2227,15025,2928,4237
2228,18192,2929,2930
2229,18185,2929,2931
2230,18193,2930,2929
2231,18187,2930,5334
2232,18186,2931,2929
2233,18189,2931,4357
2234,19436,2932,2900
2235,19437,2932,2933
2236,19438,2933,2932
2237,19359,2933,2934
2238,19443,2934,2636
2239,19360,2934,2933
2240,7153,2935,2892
2241,7161,2935,3626
2242,19192,2936,2636
2243,19496,2936,3091
2244,19845,2947,1928
2245,19847,2947,2088
2246,8456,2948,2949
2247,8457,2948,2950
2248,8454,2949,5101
2249,8427,2950,5076
2250,20238,2951,2434
2251,20236,2951,2621
2252,17165,2952,735
2253,17158,2952,2953
2254,17159,2953,2952
2255,17178,2953,4201
2256,15632,2953,4202
2257,7584,2955,2956
2258,7173,2955,2957
2259,7585,2956,2955
2260,7541,2956,5124
2261,7505,2957,711
2262,7174,2957,2955
2263,7495,2957,4445
2264,7502,2957,5389
2265,18067,2959,1193
2266,11849,2962,1536
2267,11833,2962,1538
2268,18552,2963,4001
2269,13479,2964,2965
2270,13783,2965,2723
2271,8648,2981,1319
2272,8650,2981,1826
2273,8570,2982,1826
2274,8628,2982,5102
2275,8652,2983,1826
2276,8571,2983,4643
2277,17814,2984,2985
2278,15608,2984,2989
2279,17818,2985,532
2280,18054,2985,2049
2281,17496,2989,2102
2282,15609,2989,2984
2283,17499,2989,4325
2284,7660,2991,1333
2285,7909,2992,3291
2286,14343,2995,2996
2287,15347,2996,2855
2288,15495,2996,2863
2289,18498,2998,2999
2290,18563,2998,3000
2291,18504,2999,277
2292,18500,2999,278
2293,18556,2999,3006
2294,18564,3000,2998
2295,18436,3000,3292
2296,19814,3001,1616
2297,19072,3001,3002
2298,19073,3002,3001
2299,19403,3002,4491
2300,19101,3002,4740
2301,19074,3003,3004
2302,19833,3004,4998
2303,19421,3005,3003
2304,18555,3006,2999
2305,18553,3006,3007
2306,18554,3007,3006
2307,18549,3007,3825
2308,7313,3008,1610
2309,7234,3008,3009
2310,7235,3009,3008
2311,7333,3009,3010
2312,7334,3010,1789
2313,7332,3010,3009
2314,7330,3011,1131
2315,7329,3011,1789
2316,18140,3014,2698
2317,18116,3014,3019
2318,18143,3014,3020
2319,18154,3015,3016
2320,18152,3015,3017
2321,18153,3016,3017
2322,18120,3016,4253
2323,17775,3017,1949
2324,14252,3018,3037
2325,18117,3019,3014
2326,18163,3019,3858
2327,18118,3020,2697
2328,16829,3021,4694
2329,16943,3022,3021
2330,16942,3022,4667
2331,19987,3023,3024
2332,19988,3024,3023
2333,20161,3024,4858
2334,20159,3024,4859
2335,11537,3025,1651
2336,11539,3025,3172
2337,16612,3026,3027
2338,16613,3026,3028
2339,16821,3027,3034
2340,16935,3028,3030
2341,16934,3028,3035
2342,16930,3029,3030
2343,16946,3029,3031
2344,16950,3030,265
2345,16949,3030,3035
2346,16947,3031,2258
2347,16933,3031,3022
2348,14344,3032,2996
2349,15537,3032,3033
2350,15518,3033,3188
2351,16822,3034,3239
2352,16614,3035,3036
2353,17151,3036,4147
2354,14254,3038,2039
2355,14253,3038,3039
2356,16769,3039,4193
2357,17538,3040,3041
2358,17539,3040,3042
2359,15639,3041,3152
2360,17653,3042,3113
2361,17645,3042,3114
2362,15503,3043,2820
2363,15504,3043,3038
2364,18376,3044,2224
2365,19537,3045,3046
2366,19538,3046,3047
2367,19543,3046,4356
2368,19075,3047,3048
2369,20192,3048,3065
2370,20194,3048,4098
2371,19541,3049,3050
2372,19540,3050,3047
2373,19542,3050,4756
2374,19321,3051,1152
2375,19316,3051,3052
2376,19318,3051,3053
2377,19317,3052,3051
2378,19303,3052,3056
2379,19301,3053,2421
2380,16779,3054,3055
2381,15617,3055,3283
2382,15618,3055,3739
2383,19304,3056,3052
2384,19327,3056,3057
2385,19326,3057,3056
2386,19324,3057,3058
2387,19325,3058,3057
2388,19329,3058,3062
2389,19295,3059,3060
2390,19305,3059,3061
2391,19296,3060,3059
2392,19336,3060,4485
2393,19306,3061,3059
2394,19308,3061,3077
2395,10,3061,3078
2396,19328,3062,3058
2397,19297,3062,3063
2398,19299,3062,3064
2399,19298,3063,3062
2400,19338,3063,4484
2401,19335,3064,2421
2402,19300,3064,3062
2403,20193,3065,3066
2404,19076,3066,3049
2405,19077,3066,3067
2406,19494,3067,3068
2407,19517,3068,3086
2408,18150,3069,293
2409,18151,3069,3015
2410,7,3070,3071
2411,19863,3071,4808
2412,19718,3071,5304
2413,17672,3072,3108
2414,17540,3072,3109
2415,17769,3073,3074
2416,17820,3074,2054
2417,17821,3074,4113
2418,15612,3075,3073
2419,15611,3075,3076
2420,17770,3076,1949
2421,18119,3076,3070
2422,19309,3077,3061
2423,19313,3077,3104
2424,17,3077,3514
2425,17675,3078,3040
2426,11,3078,3061
2427,17674,3078,4107
2428,19460,3079,3090
2429,19199,3079,3091
2430,19456,3080,4115
2431,19457,3080,4116
2432,19539,3081,3049
2433,19471,3082,3083
2434,19518,3082,3084
2435,19519,3084,3082
2436,19531,3084,3085
2437,19532,3085,3084
2438,19498,3085,3093
2439,19078,3086,3087
2440,19079,3086,3088
2441,19978,3087,2674
2442,19094,3088,2635
2443,19080,3089,3088
2444,19195,3090,3091
2445,19461,3090,3092
2446,19197,3090,3093
2447,19495,3091,2936
2448,19196,3091,3090
2449,19516,3091,3093
2450,19462,3092,3090
2451,19085,3092,3096
2452,19499,3093,3085
2453,19198,3093,3090
2454,19081,3094,3095
2455,19082,3094,3096
2456,19983,3095,3087
2457,19084,3096,3092
2458,19953,3096,3115
2459,19549,3096,3116
2460,19952,3097,1634
2461,19083,3097,2151
2462,17216,3098,3099
2463,17217,3098,3100
2464,17664,3099,2904
2465,17544,3099,2914
2466,26,3100,2154
2467,17670,3101,3102
2468,17735,3102,3103
2469,17731,3102,4488
2470,17729,3103,1144
2471,12,3103,3104
2472,19310,3104,2423
2473,19312,3104,3077
2474,17550,3105,4836
2475,20157,3106,4125
2476,20147,3106,4323
2477,17543,3108,3110
2478,17542,3108,3112
2479,17230,3109,3117
2480,17541,3110,3111
2481,20,3111,1153
2482,17756,3112,3110
2483,17755,3112,4328
2484,13,3113,2154
2485,17650,3114,2419
2486,17652,3114,4510
2487,19954,3115,3096
2488,19971,3115,3518
2489,19550,3116,3096
2490,20188,3116,4098
2491,17477,3117,3118
2492,15613,3117,3119
2493,17480,3118,3149
2494,15880,3119,3156
2495,17745,3120,3121
2496,17746,3120,3122
2497,17546,3121,3109
2498,17751,3122,3112
2499,17752,3122,3121
2500,17754,3123,3122
2501,17747,3123,3124
2502,17547,3124,2913
2503,17748,3124,4329
2504,23,3127,3515
2505,17766,3127,4483
2506,17054,3128,3129
2507,14256,3128,3130
2508,17055,3129,3131
2509,18363,3130,3037
2510,16616,3131,3027
2511,16615,3131,3029
2512,16367,3132,3133
2513,16592,3133,4153
2514,15873,3134,3132
2515,15872,3134,3135
2516,16369,3135,3152
2517,16569,3136,3133
2518,16368,3136,3137
2519,16563,3137,3138
2520,16561,3137,3139
2521,16,3138,3488
2522,16342,3140,3141
2523,16343,3140,3142
2524,16345,3141,4587
2525,16356,3142,3147
2526,15643,3142,3749
2527,16358,3142,4516
2528,15875,3143,3135
2529,16361,3143,3144
2530,15874,3143,3145
2531,16362,3144,3143
2532,16360,3144,3524
2533,15879,3144,3526
2534,16564,3145,3138
2535,16326,3146,3143
2536,16355,3146,3147
2537,16357,3147,3141
2538,16346,3147,4498
2539,15614,3148,3118
2540,16557,3148,3119
2541,15615,3149,3150
2542,17776,3150,3069
2543,18066,3150,4301
2544,15633,3151,4165
2545,17481,3151,4227
2546,16454,3152,2615
2547,16562,3153,3154
2548,15891,3154,3146
2549,15890,3154,3157
2550,16378,3155,2614
2551,16379,3155,3153
2552,16344,3156,3157
2553,16329,3157,3497
2554,16370,3158,3159
2555,16371,3158,3160
2556,15887,3159,3156
2557,16372,3160,2614
2558,16559,3160,3153
2559,16597,3161,1943
2560,16570,3161,3162
2561,16375,3162,3159
2562,18087,3163,4135
2563,17777,3163,4357
2564,17906,3164,1188
2565,17905,3164,1189
2566,15627,3166,3149
2567,16328,3167,3134
2568,16327,3167,3168
2569,15626,3168,3098
2570,177,3169,2284
2571,176,3169,3487
2572,8474,3170,3171
2573,8475,3171,1824
2574,8340,3171,4183
2575,11538,3172,3025
2576,11534,3172,3235
2577,16305,3173,3174
2578,16289,3173,3175
2579,16291,3174,3175
2580,16173,3174,3757
2581,16290,3175,3174
2582,16302,3175,3924
2583,16295,3175,4208
2584,14257,3176,2451
2585,16774,3176,3039
2586,16763,3180,3181
2587,14261,3181,3032
2588,16778,3181,3054
2589,7075,3183,3184
2590,7076,3184,1176
2591,7079,3186,3187
2592,7084,3187,3189
2593,7081,3187,4922
2594,15539,3188,2450
2595,15519,3188,2821
2596,7083,3189,3187
2597,7086,3189,3190
2598,7085,3190,3183
2599,7087,3190,3189
2600,4286,3191,1781
2601,4282,3191,2113
2602,4879,3192,3193
2603,4877,3194,3192
2604,4882,3194,3195
2605,4878,3195,3192
2606,4880,3195,4178
2607,4875,3195,4179
2608,14120,3196,2197
2609,18661,3198,3199
2610,18666,3199,2829
2611,18665,3199,2831
2612,12079,3200,3201
2613,12080,3201,3312
2614,18686,3202,1638
2615,18685,3202,3210
2616,13893,3204,2750
2617,13878,3204,3205
2618,13880,3205,1408
2619,13897,3205,2671
2620,13879,3205,3204
2621,14186,3208,2146
2622,14119,3208,3209
2623,14124,3209,2573
2624,18611,3210,2833
2625,18487,3213,3214
2626,18256,3213,3215
2627,18488,3214,3362
2628,18823,3215,4124
2629,14798,3217,2350
2630,14603,3218,1619
2631,14805,3219,3217
2632,14807,3219,3220
2633,14799,3220,287
2634,14806,3220,288
2635,13773,3222,1663
2636,13758,3222,3223
2637,13692,3222,3255
2638,13768,3223,3721
2639,11202,3224,4231
2640,11208,3225,3224
2641,11207,3225,4036
2642,17352,3229,2773
2643,17388,3229,3230
2644,17389,3230,3229
2645,17270,3230,4707
2646,11535,3235,3172
2647,11462,3235,5199
2648,16878,3239,1300
2649,16877,3239,1301
2650,18708,3244,3245
2651,18707,3245,5184
2652,13491,3246,835
2653,12277,3246,837
2654,13728,3255,3256
2655,13741,3256,3257
2656,13745,3256,3258
2657,13543,3256,3259
2658,13744,3257,2416
2659,13742,3257,3256
2660,13740,3257,4441
2661,13746,3258,3256
2662,13546,3258,3654
2663,13571,3259,3248
2664,18068,3263,3264
2665,18078,3263,3265
2666,18075,3264,1192
2667,18069,3264,3263
2668,17815,3265,1924
2669,18079,3265,3263
2670,16617,3266,2259
2671,16823,3266,3267
2672,16938,3267,4112
2673,16800,3271,3272
2674,16627,3272,3266
2675,16801,3272,5476
2676,14424,3273,2352
2677,14014,3274,2889
2678,13780,3274,3275
2679,13924,3275,738
2680,13781,3275,3274
2681,13907,3277,739
2682,19088,3281,3282
2683,19553,3282,3095
2684,20190,3282,3986
2685,16283,3283,1283
2686,16285,3283,3284
2687,16286,3283,3285
2688,16178,3284,1816
2689,16287,3284,3285
2690,16179,3285,1064
2691,16288,3285,3284
2692,161,3286,1957
2693,7618,3286,3287
2694,7619,3287,3286
2695,7611,3287,5067
2696,8401,3288,1819
2697,6673,3288,2004
2698,6671,3288,3289
2699,7652,3289,2196
2700,6672,3289,3288
2701,16808,3290,5136
2702,7913,3291,3776
2703,7910,3291,3777
2704,18435,3292,3000
2705,18600,3292,3293
2706,18594,3293,1766
2707,18601,3293,3292
2708,14067,3297,3298
2709,14078,3297,3299
2710,14068,3298,3297
2711,14085,3298,3685
2712,14079,3299,3297
2713,14064,3299,4977
2714,14081,3299,5505
2715,7121,3302,3303
2716,7125,3302,3304
2717,7131,3303,195
2718,7122,3303,3302
2719,7126,3304,3302
2720,7128,3304,3947
2721,7127,3304,5387
2722,16311,3307,2604
2723,11822,3308,3309
2724,11825,3308,3310
2725,11823,3309,3310
2726,11817,3309,4243
2727,11827,3310,2738
2728,11826,3311,3308
2729,12026,3312,1848
2730,12068,3312,2229
2731,12228,3313,2173
2732,10243,3314,1849
2733,11713,3314,3315
2734,11790,3315,3354
2735,11788,3315,3355
2736,8438,3316,3317
2737,8441,3317,5076
2738,8439,3317,5079
2739,11956,3318,2297
2740,11982,3318,3695
2741,18984,3319,3320
2742,18974,3319,3321
2743,18962,3319,3322
2744,18976,3320,2085
2745,18985,3320,3319
2746,18975,3321,3319
2747,18955,3321,5088
2748,18963,3322,3319
2749,32,3322,5082
2750,12189,3331,3332
2751,12188,3332,3875
2752,19001,3333,698
2753,18990,3333,5025
2754,12210,3334,3335
2755,12211,3334,3336
2756,12115,3335,3331
2757,12212,3336,3334
2758,19014,3337,2346
2759,19028,3337,3338
2760,19029,3338,3337
2761,18953,3338,5014
2762,7466,3339,3340
2763,7470,3340,4190
2764,7467,3340,4447
2765,12171,3342,3343
2766,12163,3342,3344
2767,12165,3343,1833
2768,12172,3343,3342
2769,12164,3343,3345
2770,12168,3344,4539
2771,12120,3345,5094
2772,12192,3347,3348
2773,12213,3348,5059
2774,11771,3354,3560
2775,11791,3355,1527
2776,11789,3355,3354
2777,18869,3356,3357
2778,18871,3356,3358
2779,18870,3357,3356
2780,18873,3357,5191
2781,18872,3358,3356
2782,18262,3358,5196
2783,19625,3359,3360
2784,19962,3359,3361
2785,19626,3360,3359
2786,19707,3360,3438
2787,19963,3361,3359
2788,19637,3361,4336
2789,18437,3362,3395
2790,6674,3363,2611
2791,5062,3365,3366
2792,8537,3365,3367
2793,5063,3366,3365
2794,11053,3366,5207
2795,11069,3366,5218
2796,11071,3366,5225
2797,8538,3367,3365
2798,8540,3367,5200
2799,4818,3368,2803
2800,4815,3368,3678
2801,19940,3371,3372
2802,19938,3371,3373
2803,19941,3372,3371
2804,19910,3372,3394
2805,19939,3373,3371
2806,19926,3373,4852
2807,8563,3374,3375
2808,8565,3374,3376
2809,8104,3375,2473
2810,8564,3375,3374
2811,8544,3376,1767
2812,8566,3376,3374
2813,8546,3376,3624
2814,7528,3377,3378
2815,7532,3377,3380
2816,7529,3378,3377
2817,7530,3378,5111
2818,7533,3380,3377
2819,6683,3380,5164
2820,17043,3382,1195
2821,17042,3382,5401
2822,17040,3382,5478
2823,4819,3383,2515
2824,466,3383,3384
2825,467,3384,3383
2826,7323,3384,3385
2827,7316,3385,436
2828,7324,3385,3384
2829,8270,3386,3387
2830,8280,3386,3388
2831,8271,3387,3386
2832,8273,3387,3896
2833,8281,3388,3386
2834,8282,3388,5110
2835,8336,3389,3390
2836,8374,3389,3391
2837,8337,3390,3389
2838,8429,3390,3500
2839,8343,3391,4770
2840,8107,3391,5110
2841,19911,3394,3372
2842,19944,3394,4603
2843,18543,3395,4171
2844,18503,3395,4665
2845,8094,3396,1775
2846,8098,3396,3403
2847,8096,3397,1775
2848,8450,3397,3403
2849,8444,3397,3404
2850,8446,3397,3405
2851,20129,3398,3399
2852,20140,3398,3400
2853,19564,3399,2622
2854,20130,3399,3398
2855,19995,3399,4859
2856,20145,3400,2719
2857,20141,3400,3398
2858,8451,3403,3397
2859,8097,3403,3888
2860,8445,3404,3397
2861,8420,3404,3703
2862,8101,3404,4055
2863,8448,3404,4642
2864,8453,3405,282
2865,8447,3405,3397
2866,10983,3406,3407
2867,10981,3406,3408
2868,10986,3407,1552
2869,10984,3407,3406
2870,10982,3408,3406
2871,10976,3408,5237
2872,7903,3409,2991
2873,4621,3412,1382
2874,4622,3412,3939
2875,10655,3418,2374
2876,10675,3418,3419
2877,10672,3419,2127
2878,10676,3419,3418
2879,7863,3420,1157
2880,7858,3420,2749
2881,18669,3422,3423
2882,18676,3423,4109
2883,10925,3425,1782
2884,4288,3426,3191
2885,10244,3428,3425
2886,4790,3429,1771
2887,4788,3429,3430
2888,4739,3430,2236
2889,4789,3430,3429
2890,11314,3431,2305
2891,10245,3431,3432
2892,11777,3432,1526
2893,11780,3432,4400
2894,10252,3432,4686
2895,18416,3434,319
2896,18379,3434,320
2897,14,3435,3436
2898,18899,3435,3437
2899,15,3436,3435
2900,19842,3436,4705
2901,18900,3437,3435
2902,18885,3437,4493
2903,19881,3438,1033
2904,19706,3438,3360
2905,19705,3438,3439
2906,19899,3439,5127
2907,19450,3440,3441
2908,19448,3441,3936
2909,19446,3442,2769
2910,19444,3442,3443
2911,19445,3443,3442
2912,19452,3443,3444
2913,19449,3444,3440
2914,19451,3444,3443
2915,11836,3445,4406
2916,11837,3445,4407
2917,10246,3446,2303
2918,4718,3447,4121
2919,4715,3448,2308
2920,4717,3448,3447
2921,4712,3448,4916
2922,16978,3449,746
2923,13782,3452,2670
2924,4602,3453,3458
2925,7080,3454,3186
2926,10912,3455,302
2927,10428,3455,3459
2928,4608,3456,3457
2929,4578,3456,3458
2930,4609,3457,3456
2931,4607,3457,3831
2932,4603,3458,3453
2933,4579,3458,3456
2934,10427,3459,3455
2935,10643,3459,3460
2936,10644,3460,3459
2937,10649,3460,4636
2938,8067,3461,3462
2939,8003,3461,3463
2940,8068,3462,3461
2941,8069,3462,5528
2942,8004,3463,3461
2943,8043,3463,3473
2944,8045,3463,3474
2945,8031,3463,3475
2946,10965,3464,3465
2947,10963,3464,3466
2948,10966,3465,3464
2949,10957,3465,5235
2950,10955,3465,5240
2951,10964,3466,3464
2952,10961,3466,5018
2953,7017,3467,3468
2954,7015,3467,3469
2955,7018,3468,3467
2956,6830,3468,3947
2957,6991,3469,1772
2958,7016,3469,3467
2959,8044,3473,3463
2960,8047,3473,3486
2961,8046,3474,3463
2962,8033,3474,5507
2963,8032,3475,3463
2964,8007,3475,5241
2965,16550,3480,3859
2966,16556,3481,1016
2967,16552,3481,4062
2968,15136,3482,533
2969,15123,3482,1087
2970,13572,3483,3484
2971,13488,3484,803
2972,13573,3484,3483
2973,8048,3486,3473
2974,8009,3486,5213
2975,15878,3487,3132
2976,15877,3487,3145
2977,19302,3488,2155
2978,15459,3489,3718
2979,17160,3490,2696
2980,17187,3490,3491
2981,15630,3491,3070
2982,15631,3491,3073
2983,17182,3493,2037
2984,17189,3493,3490
2985,17172,3494,817
2986,17164,3494,3490
2987,17177,3494,4203
2988,17188,3495,3493
2989,17183,3495,3496
2990,17191,3496,4159
2991,170,3497,1797
2992,171,3497,4148
2993,8436,3499,3500
2994,8338,3499,3501
2995,8428,3500,3390
2996,8430,3500,3703
2997,8349,3501,3500
2998,8376,3501,4750
2999,8435,3502,3499
3000,14621,3507,2608
3001,14672,3507,3508
3002,14674,3507,3509
3003,14673,3508,3507
3004,14624,3508,4047
3005,14667,3509,2286
3006,14675,3509,3507
3007,17666,3512,3513
3008,15637,3513,2048
3009,17737,3514,1144
3010,17680,3514,1146
3011,19333,3515,2420
3012,19964,3516,3517
3013,19974,3516,3518
3014,19965,3517,3516
3015,19976,3517,3522
3016,19970,3518,3115
3017,19975,3518,3516
3018,19972,3518,3520
3019,16595,3519,1159
3020,15641,3519,3151
3021,19955,3520,2638
3022,19973,3520,3115
3023,19977,3522,3517
3024,19956,3522,3523
3025,19957,3523,3522
3026,19986,3523,4500
3027,16359,3524,3144
3028,16363,3524,3525
3029,15622,3525,4070
3030,15621,3526,3151
3031,16560,3526,3166
3032,15106,3527,3528
3033,15075,3528,3542
3034,15461,3529,3530
3035,15467,3529,3531
3036,15462,3530,3529
3037,15463,3530,4451
3038,15468,3531,3529
3039,15432,3531,4131
3040,15434,3531,4132
3041,15465,3531,4133
3042,16101,3535,3536
3043,16058,3536,2880
3044,16103,3536,4971
3045,16484,3540,673
3046,16455,3540,3541
3047,16456,3541,3540
3048,16461,3541,4780
3049,16497,3541,4781
3050,14347,3542,3901
3051,15076,3542,3940
3052,14349,3542,3942
3053,14468,3549,3550
3054,14540,3549,3551
3055,14512,3550,1304
3056,14469,3550,3549
3057,14514,3550,4599
3058,14428,3550,4600
3059,14541,3551,3549
3060,14427,3551,4410
3061,11778,3560,4782
3062,8701,3578,2825
3063,163,3578,3579
3064,164,3579,3578
3065,16042,3579,4941
3066,15016,3580,3581
3067,15012,3580,3582
3068,15000,3581,1864
3069,15017,3581,3580
3070,15014,3582,250
3071,15013,3582,3580
3072,14073,3583,1186
3073,14057,3583,3584
3074,14058,3584,3583
3075,14060,3584,4015
3076,14061,3584,5505
3077,19356,3585,2345
3078,19352,3585,4043
3079,15881,3586,3587
3080,16110,3586,3588
3081,15882,3587,3586
3082,16340,3587,4084
3083,15894,3587,4999
3084,16111,3588,3586
3085,16113,3588,4988
3086,17514,3589,2427
3087,17509,3589,2918
3088,17520,3590,2917
3089,17528,3590,2918
3090,17012,3591,3592
3091,17007,3592,3593
3092,17008,3592,3594
3093,17010,3593,4224
3094,16624,3594,4272
3095,13986,3595,2861
3096,15883,3599,3535
3097,15272,3602,3603
3098,14259,3602,3604
3099,15273,3603,3602
3100,15304,3603,4984
3101,14260,3604,3602
3102,16047,3604,5038
3103,14640,3606,969
3104,14644,3606,3607
3105,14632,3606,4997
3106,14627,3607,4139
3107,16052,3608,2217
3108,17825,3618,4914
3109,17951,3618,5291
3110,17950,3619,2984
3111,17908,3619,3990
3112,17909,3619,4142
3113,16458,3621,4780
3114,16459,3621,4781
3115,8549,3623,1774
3116,8547,3623,3624
3117,8545,3624,3376
3118,8548,3624,3623
3119,7160,3626,2935
3120,7154,3626,3645
3121,10645,3630,1521
3122,13761,3632,3633
3123,13767,3633,4919
3124,13766,3633,4920
3125,18827,3634,1161
3126,18883,3634,3635
3127,18855,3634,3636
3128,18884,3635,3634
3129,18882,3635,4671
3130,18856,3636,3634
3131,18875,3636,5138
3132,8075,3639,279
3133,8071,3639,3640
3134,8072,3640,3639
3135,8073,3640,5528
3136,7158,3645,2754
3137,7155,3645,3626
3138,15429,3646,3647
3139,14902,3646,3651
3140,15346,3647,1203
3141,15430,3647,3754
3142,10679,3648,1528
3143,15164,3651,3863
3144,19889,3653,4355
3145,19893,3653,4610
3146,13492,3654,887
3147,13547,3654,3258
3148,13882,3664,886
3149,4816,3678,3368
3150,489,3678,5175
3151,7337,3680,412
3152,7341,3680,1788
3153,14082,3683,3684
3154,14069,3683,3685
3155,14072,3684,1186
3156,14083,3684,3683
3157,14084,3685,3298
3158,14070,3685,3683
3159,12223,3685,4606
3160,12227,3685,4989
3161,18017,3687,2030
3162,10944,3688,1531
3163,10430,3688,2376
3164,18491,3691,3692
3165,18489,3691,3693
3166,18492,3692,3691
3167,18493,3692,5147
3168,18490,3693,3691
3169,18439,3693,3993
3170,11983,3695,3318
3171,11980,3695,4765
3172,8661,3696,3697
3173,8665,3696,3698
3174,8662,3697,3696
3175,8675,3697,4239
3176,8580,3697,4240
3177,8666,3698,3696
3178,8664,3698,4239
3179,8582,3698,4656
3180,8579,3698,5084
3181,16364,3699,3524
3182,8421,3703,3404
3183,8432,3703,3502
3184,8434,3703,4770
3185,15460,3718,3876
3186,15345,3718,3877
3187,15437,3718,4131
3188,13762,3721,3722
3189,13694,3722,4071
3190,16573,3727,4072
3191,17484,3729,1282
3192,10431,3730,736
3193,16308,3734,2204
3194,13747,3735,3736
3195,13693,3736,3632
3196,14274,3739,2881
3197,14273,3739,2882
3198,13763,3742,3743
3199,13760,3743,3222
3200,13764,3743,3742
3201,17421,3749,2370
3202,15642,3749,3142
3203,17432,3749,4706
3204,17425,3749,4763
3205,17423,3750,2370
3206,17434,3750,4689
3207,12007,3751,2772
3208,12000,3751,4543
3209,14536,3752,317
3210,14533,3752,3753
3211,14538,3753,4890
3212,15341,3754,3755
3213,15421,3755,1806
3214,16271,3756,1952
3215,15885,3757,1037
3216,16172,3757,3174
3217,16315,3757,4008
3218,16303,3758,3173
3219,16304,3758,5367
3220,7914,3776,3291
3221,7912,3776,3409
3222,7668,3776,5243
3223,7911,3777,3776
3224,7823,3777,3914
3225,7416,3797,3798
3226,7178,3798,4936
3227,17961,3807,540
3228,18433,3813,3814
3229,18282,3813,3815
3230,18434,3814,3813
3231,18432,3814,5162
3232,18283,3815,3813
3233,18586,3815,3817
3234,18580,3816,3817
3235,18582,3816,3818
3236,18587,3817,3815
3237,18581,3817,3816
3238,18583,3818,3816
3239,18584,3818,4061
3240,18546,3824,3007
3241,18550,3824,3825
3242,18547,3825,3826
3243,18548,3826,2963
3244,18259,3826,3215
3245,11872,3827,1544
3246,12074,3827,4256
3247,4606,3831,3457
3248,4610,3831,3832
3249,4611,3832,3831
3250,4555,3832,5236
3251,18166,3858,2702
3252,18164,3858,3019
3253,16377,3859,4310
3254,14694,3860,3861
3255,14879,3861,4246
3256,14831,3861,4248
3257,14809,3862,2104
3258,15174,3863,3864
3259,15176,3864,4110
3260,15035,3864,4140
3261,19422,3870,3874
3262,19423,3874,5001
3263,12184,3875,5077
3264,15342,3876,3877
3265,15343,3876,3878
3266,15494,3877,4181
3267,15497,3878,1948
3268,13548,3879,2417
3269,13574,3879,3881
3270,13676,3881,2486
3271,13575,3881,3879
3272,17386,3882,2213
3273,17353,3882,3883
3274,17354,3883,3882
3275,17401,3883,4520
3276,15344,3884,3489
3277,18028,3885,945
3278,8512,3886,5098
3279,8331,3887,3396
3280,8333,3887,3888
3281,8099,3888,3404
3282,8335,3888,4055
3283,17466,3889,3890
3284,17467,3889,3891
3285,17269,3890,4129
3286,17468,3891,3889
3287,17233,3891,4720
3288,6678,3892,4843
3289,8274,3896,2536
3290,8272,3896,3387
3291,14695,3900,3901
3292,14767,3900,3902
3293,14348,3901,3542
3294,14696,3901,3900
3295,14779,3902,2209
3296,14768,3902,3900
3297,14652,3903,3904
3298,14430,3904,5326
3299,14544,3909,3910
3300,14610,3910,2133
3301,16316,3911,1068
3302,16322,3911,3912
3303,16317,3912,2586
3304,7824,3914,3777
3305,7900,3914,4952
3306,13671,3916,3917
3307,13673,3917,2487
3308,13672,3917,3916
3309,13576,3918,3916
3310,16294,3924,3925
3311,16180,3925,2616
3312,16299,3925,4208
3313,17730,3927,3103
3314,4885,3933,2730
3315,4825,3933,3934
3316,4826,3934,3933
3317,168,3934,4015
3318,19362,3936,5032
3319,4623,3939,3412
3320,4616,3939,5226
3321,15077,3940,3542
3322,15078,3940,4140
3323,15116,3940,4316
3324,15117,3940,4317
3325,19826,3941,979
3326,19831,3941,4489
3327,14350,3942,3542
3328,14826,3942,4176
3329,8334,3944,3887
3330,7123,3946,3947
3331,7129,3947,3304
3332,6831,3947,3468
3333,7052,3947,4046
3334,11173,3956,3957
3335,11174,3957,5078
3336,16250,3960,2267
3337,16235,3962,3963
3338,16236,3963,4508
3339,16237,3969,3962
3340,8373,3971,3972
3341,8347,3972,3390
3342,15153,3973,1748
3343,15140,3973,3974
3344,15141,3974,3973
3345,15155,3974,4811
3346,19089,3986,3067
3347,20189,3986,3116
3348,17945,3990,2189
3349,14594,3992,3909
3350,18557,3993,280
3351,18438,3993,3693
3352,14267,4001,4195
3353,14206,4003,2585
3354,14193,4003,2682
3355,16314,4008,4027
3356,8695,4009,2823
3357,8697,4009,4010
3358,8678,4010,952
3359,8698,4010,4009
3360,8679,4010,4678
3361,8681,4010,5070
3362,11176,4013,1790
3363,11206,4013,3225
3364,14059,4015,3584
3365,169,4015,3934
3366,14077,4015,4946
3367,16309,4027,3911
3368,14678,4031,4032
3369,14685,4032,5024
3370,15619,4034,1181
3371,17050,4034,4035
3372,17051,4035,4034
3373,17047,4035,4448
3374,11209,4036,4228
3375,11121,4036,4229
3376,14007,4037,2489
3377,14009,4037,2890
3378,8686,4039,1312
3379,19351,4043,3585
3380,19353,4043,4044
3381,19357,4043,4045
3382,19354,4044,4043
3383,19348,4044,4767
3384,19358,4045,4043
3385,7082,4046,3454
3386,14623,4047,3508
3387,14682,4047,4048
3388,14679,4048,4031
3389,18051,4049,4050
3390,18049,4050,541
3391,13774,4052,3222
3392,16551,4053,2545
3393,8323,4055,4056
3394,8327,4056,4079
3395,12016,4057,1845
3396,12022,4057,4058
3397,12023,4058,4057
3398,12018,4058,4944
3399,18574,4059,4060
3400,18566,4059,4061
3401,18575,4060,4059
3402,18570,4060,5139
3403,18585,4061,3818
3404,18567,4061,4059
3405,16509,4062,1067
3406,16553,4062,3481
3407,16554,4062,4053
3408,16511,4062,4459
3409,18440,4063,4064
3410,18598,4063,4065
3411,18590,4064,1608
3412,18441,4064,4063
3413,18599,4065,4063
3414,18596,4065,4173
3415,15623,4068,4072
3416,16254,4069,3283
3417,16272,4069,3739
3418,15652,4070,3699
3419,17440,4070,4517
3420,17415,4070,4689
3421,17417,4070,4706
3422,13748,4071,2964
3423,16600,4072,4073
3424,16599,4073,2166
3425,16598,4073,3161
3426,14889,4075,2704
3427,14888,4075,2705
3428,8326,4079,2480
3429,11617,4080,4081
3430,11564,4080,4082
3431,11618,4081,4434
3432,11614,4082,2013
3433,11604,4082,4403
3434,8687,4083,4039
3435,16338,4084,1792
3436,16337,4084,1793
3437,18699,4085,4086
3438,18698,4086,4213
3439,18688,4086,4214
3440,8486,4087,4088
3441,8541,4087,4089
3442,8487,4088,4087
3443,8534,4088,5177
3444,8556,4089,1767
3445,8542,4089,4087
3446,15130,4093,534
3447,15033,4093,4140
3448,15122,4093,4146
3449,15128,4094,534
3450,15125,4094,4463
3451,8005,4095,4096
3452,8081,4095,4097
3453,8006,4096,4095
3454,8050,4096,4874
3455,8082,4097,4095
3456,8080,4097,5106
3457,20191,4098,3065
3458,20187,4098,3116
3459,19497,4099,3068
3460,19979,4100,2638
3461,19980,4100,4101
3462,19090,4101,4102
3463,19091,4101,4103
3464,19200,4103,4105
3465,19520,4104,3094
3466,17545,4106,4107
3467,17725,4107,3040
3468,17673,4107,3078
3469,18671,4108,2495
3470,18672,4108,3198
3471,18677,4109,2494
3472,18286,4109,4312
3473,18287,4109,4313
3474,15032,4110,3482
3475,15175,4110,4111
3476,15165,4111,337
3477,16937,4112,2258
3478,16939,4112,4668
3479,15624,4113,3162
3480,18057,4113,4114
3481,17823,4114,3990
3482,17822,4114,4142
3483,19201,4117,2901
3484,19470,4117,2902
3485,14107,4118,1618
3486,14108,4118,1641
3487,4720,4119,4120
3488,4708,4120,4121
3489,4709,4121,4120
3490,4719,4121,4915
3491,18820,4122,4124
3492,18822,4124,2727
3493,18821,4124,4122
3494,20158,4125,4126
3495,19554,4125,4127
3496,19566,4126,4343
3497,20148,4126,5155
3498,19557,4127,4126
3499,19555,4127,4338
3500,13480,4128,3208
3501,13481,4128,3313
3502,17449,4129,4544
3503,15425,4130,3647
3504,15433,4131,3531
3505,15436,4131,3876
3506,15435,4132,3531
3507,15456,4132,4846
3508,14264,4133,2266
3509,15466,4133,3531
3510,18082,4134,1944
3511,18083,4134,1945
3512,18085,4135,538
3513,17819,4135,4049
3514,14101,4137,2263
3515,14089,4137,4138
3516,14109,4138,4118
3517,14090,4138,4137
3518,14680,4139,4047
3519,14681,4139,4048
3520,15079,4140,3940
3521,15034,4140,4093
3522,15625,4142,3158
3523,15551,4144,1435
3524,15554,4144,5107
3525,14121,4145,2143
3526,14187,4145,2147
3527,15040,4146,4110
3528,17059,4147,4205
3529,10248,4148,3314
3530,11349,4149,1396
3531,10999,4150,4148
3532,11000,4150,4151
3533,11325,4151,2520
3534,11318,4151,5183
3535,16578,4152,2693
3536,16580,4152,3136
3537,16591,4153,1155
3538,16572,4153,4152
3539,15629,4154,3018
3540,15628,4154,3495
3541,18606,4155,4108
3542,18,4156,1149
3543,19307,4157,3488
3544,17208,4158,1644
3545,17056,4158,4159
3546,17057,4159,4158
3547,17184,4159,4160
3548,17185,4160,3493
3549,17045,4161,733
3550,16620,4161,735
3551,16593,4165,3519
3552,19463,4166,4167
3553,19203,4167,4045
3554,19464,4167,4166
3555,18911,4167,4362
3556,11715,4168,3355
3557,11714,4168,4169
3558,10260,4169,5405
3559,15566,4170,5049
3560,18442,4171,2728
3561,18502,4172,278
3562,18560,4172,4220
3563,18597,4173,4065
3564,18443,4173,4221
3565,14191,4175,2584
3566,14811,4176,2041
3567,14825,4176,3942
3568,14697,4177,2193
3569,4881,4178,3194
3570,4835,4178,5229
3571,4876,4179,3195
3572,4865,4179,5159
3573,14507,4180,1305
3574,14508,4180,2845
3575,15491,4181,1813
3576,15492,4181,1890
3577,14423,4182,257
3578,14815,4182,3942
3579,14814,4182,4176
3580,8416,4183,1025
3581,8417,4183,4184
3582,174,4184,1028
3583,8413,4184,4676
3584,7586,4185,2005
3585,7573,4185,2703
3586,7581,4186,5074
3587,7537,4187,2703
3588,7605,4187,4191
3589,7459,4188,4189
3590,7423,4188,4190
3591,7426,4189,1458
3592,7460,4189,4188
3593,7471,4190,3340
3594,7424,4190,4188
3595,7604,4191,4187
3596,7590,4191,4192
3597,7591,4192,4191
3598,7609,4192,5056
3599,16770,4193,974
3600,16772,4193,4223
3601,15133,4194,1094
3602,15134,4194,4463
3603,15572,4195,5047
3604,15563,4195,5048
3605,15581,4196,2413
3606,17128,4197,4198
3607,17065,4198,262
3608,17136,4198,4205
3609,16273,4199,4069
3610,17058,4200,4197
3611,17181,4201,2696
3612,17179,4201,2953
3613,18014,4202,2030
3614,18022,4202,2031
3615,17176,4203,3494
3616,17161,4203,4204
3617,17162,4204,4203
3618,17169,4204,4300
3619,17132,4205,4478
3620,17138,4205,4479
3621,16296,4208,3175
3622,16298,4208,4511
3623,16301,4208,5369
3624,18413,4209,4210
3625,18383,4210,4312
3626,18725,4211,1162
3627,18722,4211,4212
3628,18607,4212,2832
3629,18723,4212,4211
3630,18697,4213,5187
3631,18701,4214,5163
3632,18691,4214,5194
3633,18702,4214,5195
3634,18776,4215,4216
3635,18772,4215,4217
3636,18777,4216,4215
3637,18751,4216,4218
3638,18773,4217,4215
3639,18775,4217,5154
3640,18750,4218,4216
3641,18792,4218,4219
3642,18793,4219,4218
3643,18785,4219,5197
3644,18559,4220,4172
3645,18561,4220,4221
3646,18444,4221,4173
3647,18562,4221,4220
3648,15571,4222,4663
3649,14268,4223,3188
3650,17011,4224,3594
3651,16376,4225,4226
3652,16499,4226,4623
3653,17479,4227,1281
3654,11210,4228,4013
3655,11177,4228,4235
3656,5072,4229,4239
3657,5073,4229,4240
3658,11201,4230,4036
3659,11203,4230,4231
3660,5070,4230,4232
3661,5075,4231,2822
3662,11204,4231,4230
3663,11178,4231,4257
3664,8575,4232,3697
3665,8691,4232,4240
3666,8689,4232,4678
3667,11122,4233,3956
3668,11213,4233,4234
3669,11212,4234,1790
3670,11180,4234,4013
3671,11123,4235,3956
3672,8677,4236,2823
3673,15024,4237,2928
3674,14904,4237,4238
3675,15193,4238,1112
3676,15264,4238,1113
3677,14905,4238,1863
3678,8676,4239,3697
3679,8663,4239,3698
3680,5081,4239,4228
3681,8671,4239,5276
3682,5074,4240,4229
3683,5076,4240,4230
3684,8692,4240,4232
3685,11304,4241,2302
3686,11303,4241,4242
3687,10255,4242,5216
3688,11816,4243,3309
3689,11818,4243,4168
3690,16339,4244,3587
3691,16330,4245,1792
3692,16331,4245,4244
3693,14704,4246,2680
3694,14909,4247,1810
3695,15271,4247,2272
3696,15268,4247,4616
3697,14886,4248,291
3698,14885,4248,5328
3699,11565,4249,4250
3700,11627,4249,4251
3701,10256,4250,2962
3702,11566,4250,4249
3703,11628,4251,4249
3704,34,4251,4437
3705,18016,4252,1950
3706,18018,4252,4862
3707,17772,4253,1950
3708,18121,4253,3016
3709,17031,4254,1020
3710,17032,4254,1231
3711,11975,4255,2362
3712,11878,4255,5071
3713,12077,4256,4619
3714,11216,4257,1385
3715,11179,4257,4231
3716,17757,4258,2922
3717,17759,4258,2923
3718,17487,4259,2884
3719,17488,4259,4762
3720,19,4260,4261
3721,15647,4261,3129
3722,18122,4261,4154
3723,19859,4262,4263
3724,19860,4263,4260
3725,6980,4264,590
3726,6976,4264,4265
3727,6977,4265,4264
3728,6961,4265,5189
3729,17116,4266,4267
3730,17112,4267,4272
3731,17119,4267,4274
3732,16621,4268,4269
3733,17113,4269,4270
3734,17117,4270,4266
3735,17122,4271,4272
3736,17120,4271,4273
3737,17109,4271,4274
3738,17061,4272,732
3739,16623,4272,3594
3740,17123,4272,4271
3741,17121,4273,4271
3742,17125,4273,5126
3743,17118,4274,4267
3744,16622,4274,4276
3745,17114,4274,4277
3746,16916,4276,2134
3747,17115,4277,4274
3748,17111,4277,4318
3749,17062,4278,4279
3750,17174,4279,4280
3751,17171,4280,4203
3752,17163,4280,4204
3753,16915,4281,4282
3754,16920,4282,2135
3755,16925,4283,4284
3756,16894,4284,4281
3757,16922,4285,2134
3758,16918,4285,5112
3759,16895,4286,4287
3760,16824,4287,4298
3761,16828,4298,3267
3762,16896,4299,4283
3763,17170,4300,4204
3764,17067,4300,5126
3765,15634,4301,3128
3766,17190,4302,3496
3767,14823,4305,4176
3768,14813,4305,4182
3769,18668,4308,3422
3770,18681,4308,4309
3771,18682,4309,4308
3772,16505,4310,1592
3773,18608,4311,1637
3774,18294,4312,3213
3775,18427,4313,3434
3776,14545,4314,2105
3777,4785,4315,1770
3778,4783,4315,5204
3779,15115,4316,4455
3780,15118,4317,3940
3781,15120,4317,4863
3782,17135,4318,816
3783,17110,4318,4277
3784,17129,4318,4278
3785,20029,4323,2435
3786,17498,4325,2989
3787,17500,4325,4326
3788,15635,4325,4327
3789,17501,4326,4325
3790,17497,4326,4864
3791,17944,4327,2189
3792,17907,4327,2984
3793,17753,4328,3123
3794,17744,4328,3127
3795,17749,4329,3120
3796,20097,4330,5153
3797,20115,4331,2721
3798,20032,4331,4335
3799,20020,4332,4333
3800,20017,4333,4336
3801,20013,4333,5131
3802,20019,4334,4332
3803,19989,4334,4335
3804,20015,4334,4336
3805,20034,4335,1073
3806,20033,4335,4331
3807,19990,4335,4334
3808,19993,4336,1075
3809,19636,4336,3361
3810,20018,4336,4332
3811,20016,4336,4334
3812,20132,4337,2927
3813,20143,4337,3400
3814,20133,4337,5148
3815,19556,4338,4127
3816,20127,4338,4340
3817,20120,4339,4340
3818,20122,4339,4341
3819,20126,4340,4338
3820,20121,4340,4339
3821,20124,4340,4501
3822,20123,4341,4339
3823,19628,4341,4500
3824,19558,4342,4343
3825,20153,4342,4344
3826,20220,4343,4499
3827,20137,4344,2058
3828,20154,4344,2059
3829,20136,4344,5148
3830,20198,4345,2093
3831,20225,4345,2779
3832,20201,4346,4345
3833,20251,4353,4346
3834,19092,4354,4103
3835,19870,4355,3438
3836,17774,4357,1951
3837,18190,4357,2931
3838,18191,4357,5157
3839,18200,4358,4359
3840,18242,4358,4360
3841,18201,4359,4358
3842,18241,4359,5003
3843,18243,4360,4358
3844,18091,4360,4361
3845,18092,4361,4360
3846,18197,4361,4733
3847,19061,4362,1866
3848,19063,4362,2342
3849,18910,4362,4167
3850,14425,4381,4386
3851,14655,4386,3903
3852,16243,4388,2879
3853,16244,4388,4464
3854,10249,4400,3431
3855,11779,4400,3432
3856,11774,4400,4401
3857,11775,4401,4400
3858,11781,4401,4783
3859,11819,4402,4243
3860,11605,4403,2013
3861,11611,4403,2737
3862,11858,4404,1536
3863,11850,4404,4405
3864,10250,4405,4250
3865,11846,4406,4842
3866,11859,4407,4404
3867,11857,4407,4417
3868,11851,4408,4407
3869,11854,4408,4409
3870,11852,4409,4404
3871,11853,4409,4405
3872,14769,4410,2209
3873,14426,4410,3551
3874,11828,4411,4412
3875,11829,4411,4413
3876,11830,4412,4413
3877,11831,4412,4415
3878,11813,4413,3311
3879,11717,4414,1018
3880,11716,4414,4412
3881,11718,4415,1534
3882,11808,4416,3311
3883,11809,4416,4415
3884,11841,4417,4422
3885,11862,4418,4416
3886,11840,4419,4421
3887,11811,4420,2582
3888,11848,4420,4419
3889,11839,4421,1537
3890,11838,4421,4422
3891,11842,4422,4406
3892,11812,4423,4418
3893,11844,4423,4420
3894,12181,4424,4425
3895,12182,4424,4426
3896,12187,4425,4426
3897,12114,4425,4427
3898,12177,4426,2766
3899,12183,4426,4430
3900,12153,4427,4428
3901,12111,4427,4429
3902,12154,4428,4427
3903,12161,4428,5083
3904,12158,4428,5086
3905,12179,4429,2766
3906,12185,4429,4426
3907,12191,4430,5082
3908,11619,4431,4432
3909,11615,4431,4433
3910,11622,4432,4080
3911,11616,4433,4432
3912,22,4433,4436
3913,11621,4434,4435
3914,11620,4435,4431
3915,21,4436,4433
3916,18950,4436,4437
3917,33,4437,4251
3918,18951,4437,4436
3919,19053,4438,1868
3920,19056,4438,5060
3921,19227,4439,2424
3922,14360,4440,3043
3923,13695,4441,4442
3924,13765,4442,3743
3925,14034,4443,4559
3926,7491,4444,4445
3927,7500,4444,4446
3928,7494,4445,2957
3929,7492,4445,4444
3930,7501,4446,4444
3931,7496,4446,5370
3932,7474,4447,2108
3933,7479,4447,3339
3934,7468,4447,5313
3935,17046,4448,4035
3936,17048,4448,4449
3937,17052,4449,5404
3938,15464,4451,3530
3939,14915,4451,4970
3940,14564,4452,4453
3941,14565,4452,4454
3942,14566,4454,1307
3943,14591,4454,2101
3944,14568,4454,3992
3945,15036,4455,4456
3946,15037,4456,4457
3947,15159,4456,4811
3948,15158,4456,5446
3949,15114,4457,3940
3950,14820,4458,2046
3951,16514,4459,4225
3952,16549,4459,4627
3953,8442,4460,3316
3954,16100,4461,2279
3955,16056,4461,2579
3956,14362,4463,2704
3957,15126,4463,4094
3958,15135,4463,4194
3959,16245,4464,4388
3960,16177,4464,4511
3961,16246,4464,4558
3962,13482,4466,4145
3963,13993,4467,3595
3964,13994,4468,4466
3965,17473,4469,1409
3966,17471,4469,4470
3967,17472,4470,4469
3968,17276,4470,4655
3969,17237,4470,4762
3970,7361,4471,4472
3971,7359,4471,4473
3972,7362,4472,4471
3973,7348,4472,4591
3974,7357,4473,2188
3975,7360,4473,4471
3976,7347,4474,4596
3977,17134,4478,4318
3978,17130,4479,2817
3979,17137,4479,4198
3980,17506,4480,2102
3981,17222,4480,4481
3982,17655,4481,1116
3983,17223,4481,4480
3984,17743,4482,2923
3985,17765,4482,2924
3986,17764,4483,4482
3987,19344,4484,4585
3988,19345,4485,4507
3989,17678,4486,2426
3990,17224,4486,4487
3991,17225,4487,4486
3992,17516,4487,4720
3993,17226,4487,4726
3994,17733,4488,2426
3995,17679,4488,4486
3996,19832,4489,3941
3997,19798,4489,4790
3998,19801,4489,5244
3999,19404,4490,4491
4000,19402,4491,3002
4001,19394,4491,5376
4002,19819,4492,2089
4003,19821,4492,4790
4004,18886,4493,3437
4005,18887,4493,4494
4006,18896,4494,1617
4007,18888,4494,4493
4008,18901,4495,3437
4009,25,4496,4495
4010,15888,4497,4498
4011,16350,4498,1135
4012,15895,4498,4514
4013,16349,4498,4515
4014,20221,4499,2437
4015,20223,4499,2780
4016,19985,4500,3523
4017,19627,4500,4341
4018,20125,4501,4339
4019,19561,4501,4502
4020,20239,4502,2620
4021,19562,4502,4501
4022,16496,4503,4497
4023,19339,4504,3063
4024,19340,4504,4484
4025,19346,4505,4506
4026,19342,4506,4504
4027,19341,4507,4505
4028,16238,4508,3599
4029,17646,4509,4106
4030,17651,4509,4510
4031,17647,4510,3113
4032,17648,4510,4106
4033,16297,4511,4208
4034,16176,4511,4464
4035,16502,4512,4513
4036,16380,4513,3154
4037,16457,4514,4512
4038,16351,4515,684
4039,16348,4515,4498
4040,16335,4516,3143
4041,16334,4516,3144
4042,15638,4517,3699
4043,17439,4517,4070
4044,17435,4517,4518
4045,17436,4518,4517
4046,17442,4518,4664
4047,17427,4519,2368
4048,17428,4519,2369
4049,17390,4520,2372
4050,17400,4520,3883
4051,11632,4521,4522
4052,12169,4522,4537
4053,12107,4523,4521
4054,12109,4524,4523
4055,12090,4525,1847
4056,12083,4525,4526
4057,12027,4526,2228
4058,12108,4527,4528
4059,12110,4528,4531
4060,12087,4529,1430
4061,12091,4529,4533
4062,11875,4530,4536
4063,12092,4531,4532
4064,11874,4532,4535
4065,11880,4533,1596
4066,11994,4534,4540
4067,11988,4534,4541
4068,12088,4535,4529
4069,12093,4536,4524
4070,12167,4537,4538
4071,12170,4538,3342
4072,11633,4539,4527
4073,11876,4540,4525
4074,11995,4540,4534
4075,11989,4541,4542
4076,11993,4542,4632
4077,12001,4543,3751
4078,12004,4543,4764
4079,17406,4544,4647
4080,17445,4544,4654
4081,17447,4544,4655
4082,13996,4545,4546
4083,14023,4545,4547
4084,13997,4546,4545
4085,14025,4546,4812
4086,14024,4547,4545
4087,14003,4547,4579
4088,15415,4548,2848
4089,8100,4549,2557
4090,14631,4550,440
4091,14648,4550,4551
4092,14649,4551,4550
4093,14646,4551,4769
4094,8339,4552,3170
4095,8411,4552,4553
4096,8341,4553,3170
4097,8418,4553,4183
4098,8378,4554,4552
4099,8377,4554,4555
4100,8403,4555,5066
4101,16247,4558,4464
4102,16241,4558,4889
4103,14047,4559,1441
4104,13483,4559,2774
4105,15328,4562,2278
4106,15309,4562,4710
4107,14192,4572,4573
4108,14196,4572,4574
4109,14199,4573,5007
4110,14197,4574,4572
4111,13485,4574,4812
4112,15990,4575,4576
4113,16154,4576,4688
4114,14017,4579,2889
4115,14002,4579,4547
4116,14016,4579,4580
4117,14019,4580,2889
4118,14021,4580,4581
4119,14022,4581,4580
4120,14004,4581,4752
4121,19337,4585,3060
4122,19343,4585,4485
4123,12081,4586,3201
4124,12028,4586,4766
4125,16354,4587,4588
4126,16353,4588,5292
4127,4808,4590,2234
4128,4809,4590,2235
4129,7369,4591,4592
4130,7371,4592,2301
4131,7345,4593,4472
4132,7346,4593,4591
4133,7356,4594,4593
4134,14472,4595,3550
4135,7354,4596,4594
4136,7353,4596,4597
4137,7351,4597,437
4138,7355,4597,4594
4139,14515,4599,3550
4140,14473,4599,3752
4141,14516,4599,4606
4142,14429,4600,3550
4143,14615,4600,4847
4144,19942,4602,4603
4145,19912,4602,4604
4146,19946,4602,4605
4147,19945,4603,3394
4148,19943,4603,4602
4149,19913,4604,4602
4150,19948,4604,4851
4151,19947,4605,4602
4152,12222,4606,3685
4153,14517,4606,4599
4154,18410,4609,318
4155,18409,4609,320
4156,19894,4610,3653
4157,19887,4610,4868
4158,19890,4610,4981
4159,19871,4610,4987
4160,15269,4616,4247
4161,15242,4616,4628
4162,12070,4619,917
4163,12071,4619,2365
4164,12075,4620,3827
4165,12076,4620,4256
4166,4730,4622,1040
4167,4732,4622,2316
4168,15889,4623,3758
4169,16501,4624,4625
4170,16381,4625,4626
4171,16512,4626,4627
4172,16513,4627,4062
4173,16548,4627,4459
4174,15243,4628,4616
4175,15244,4628,4967
4176,11957,4629,4630
4177,11992,4630,4631
4178,11990,4631,4634
4179,11958,4632,4633
4180,11969,4633,2296
4181,11967,4633,2363
4182,11991,4634,4540
4183,10646,4635,4636
4184,10608,4635,4637
4185,10648,4636,3460
4186,10647,4636,4635
4187,10680,4637,1528
4188,10437,4637,5231
4189,8449,4642,5095
4190,8581,4643,3698
4191,8641,4643,4656
4192,8606,4643,5230
4193,17407,4647,4544
4194,17437,4647,4664
4195,14500,4648,4649
4196,14501,4649,4648
4197,14499,4649,4989
4198,14496,4649,5035
4199,17446,4654,4544
4200,17408,4654,4670
4201,17277,4655,4470
4202,17448,4655,4544
4203,8572,4656,2983
4204,8640,4656,4643
4205,8573,4656,4657
4206,8574,4657,4656
4207,8577,4657,5069
4208,14269,4663,4171
4209,14270,4663,4665
4210,17441,4664,4518
4211,17438,4664,4647
4212,18551,4665,3824
4213,16825,4667,3034
4214,16940,4667,4668
4215,16936,4668,2258
4216,16941,4668,3022
4217,11266,4669,3428
4218,17409,4670,4654
4219,17413,4670,4689
4220,18258,4671,1745
4221,18881,4671,3635
4222,18727,4672,1745
4223,18815,4672,5150
4224,8379,4676,3288
4225,8412,4676,4553
4226,8680,4678,4010
4227,8690,4678,4232
4228,11786,4679,4680
4229,11784,4679,4681
4230,11787,4680,4679
4231,11721,4680,5170
4232,11785,4681,4679
4233,11772,4681,4783
4234,11267,4682,4669
4235,11268,4682,4683
4236,11269,4683,4669
4237,11265,4683,5232
4238,10259,4684,1613
4239,10987,4684,3446
4240,11546,4685,2057
4241,11548,4685,4686
4242,10253,4686,3432
4243,11549,4686,4685
4244,16155,4688,5418
4245,17433,4689,3750
4246,17414,4689,4070
4247,17412,4689,4670
4248,17410,4689,4690
4249,17411,4690,4689
4250,17272,4690,4965
4251,17443,4690,4966
4252,10862,4691,1777
4253,10959,4691,5240
4254,16826,4694,4667
4255,19852,4702,4703
4256,19855,4702,4704
4257,19854,4702,4705
4258,19853,4703,4702
4259,19858,4703,5135
4260,19840,4704,1926
4261,19856,4704,4702
4262,19843,4705,3436
4263,17431,4706,3749
4264,17416,4706,4070
4265,17430,4707,4519
4266,15310,4710,4562
4267,15321,4710,4968
4268,17510,4720,2427
4269,17232,4720,3891
4270,17517,4720,4487
4271,17469,4726,1409
4272,17227,4726,4487
4273,19867,4732,4263
4274,19861,4732,4796
4275,18196,4733,4361
4276,18198,4733,4734
4277,18199,4734,4733
4278,18194,4734,5334
4279,19817,4740,1431
4280,8375,4750,3501
4281,8368,4750,4751
4282,8372,4751,2098
4283,8369,4751,4750
4284,6681,4751,5080
4285,13998,4752,836
4286,14005,4752,4581
4287,18970,4757,4758
4288,27,4757,4759
4289,18971,4758,4757
4290,18973,4758,4760
4291,28,4759,4757
4292,12193,4759,5029
4293,18972,4760,4758
4294,18968,4760,4761
4295,18969,4761,4760
4296,18965,4761,5011
4297,17489,4762,4259
4298,17238,4762,4470
4299,17271,4763,3230
4300,12005,4764,4543
4301,12002,4764,5071
4302,11979,4765,1545
4303,11981,4765,3695
4304,12029,4766,3200
4305,11635,4766,5086
4306,19347,4767,4044
4307,19349,4767,4768
4308,19350,4768,4767
4309,19228,4768,4991
4310,14628,4769,1956
4311,14626,4769,1957
4312,14651,4769,2851
4313,8344,4770,3389
4314,8342,4770,3391
4315,8433,4770,3703
4316,14991,4773,1785
4317,16460,4780,4503
4318,16503,4780,4513
4319,16500,4781,4623
4320,16498,4781,4624
4321,11776,4782,4400
4322,11783,4782,4401
4323,11782,4783,4401
4324,11773,4783,4681
4325,8319,4787,2492
4326,8286,4787,5176
4327,19797,4790,4489
4328,19820,4790,4492
4329,14612,4794,4795
4330,14618,4794,4801
4331,14613,4795,4794
4332,14617,4795,4847
4333,19864,4796,4800
4334,19895,4797,4798
4335,19902,4797,4799
4336,19896,4798,4797
4337,19635,4798,5131
4338,19903,4799,4797
4339,19710,4799,4800
4340,19841,4800,1926
4341,19866,4800,1927
4342,19711,4800,4799
4343,14619,4801,4794
4344,14431,4801,5329
4345,16781,4806,4807
4346,16780,4807,5493
4347,19868,4808,4809
4348,19712,4808,4810
4349,19713,4809,4810
4350,19900,4810,5304
4351,19901,4810,5541
4352,15156,4811,3974
4353,15157,4811,4456
4354,14026,4812,4546
4355,13486,4812,4574
4356,18173,4830,4831
4357,18183,4830,4832
4358,18174,4831,4830
4359,18181,4831,5245
4360,18184,4832,4830
4361,18094,4832,5005
4362,17210,4833,1635
4363,17196,4833,1642
4364,15648,4833,5245
4365,14703,4834,2103
4366,16892,4835,4298
4367,16827,4835,4299
4368,17551,4836,3101
4369,17228,4836,4864
4370,17464,4837,4838
4371,17462,4837,4839
4372,17231,4838,4720
4373,17465,4838,4837
4374,17463,4839,4837
4375,17455,4839,4965
4376,17453,4839,4986
4377,17451,4839,4990
4378,14357,4840,2153
4379,7394,4841,1821
4380,7410,4841,4873
4381,11815,4842,1017
4382,11845,4842,2367
4383,7029,4843,2617
4384,14913,4846,2271
4385,15457,4846,4132
4386,14614,4847,4600
4387,14616,4847,4795
4388,19959,4850,2672
4389,19958,4850,3097
4390,19949,4851,4604
4391,19632,4851,4857
4392,19927,4852,3373
4393,19936,4852,5125
4394,19629,4853,4854
4395,19885,4853,4868
4396,19630,4854,4853
4397,19961,4854,4953
4398,15108,4855,4856
4399,14910,4855,4861
4400,15109,4856,4855
4401,15080,4856,4863
4402,19631,4857,4851
4403,19991,4857,4858
4404,20162,4858,3024
4405,19992,4858,4857
4406,20160,4859,3024
4407,19996,4859,3399
4408,14961,4861,2828
4409,15027,4861,2858
4410,14911,4861,4855
4411,15640,4862,948
4412,18019,4862,4202
4413,15119,4863,4317
4414,15081,4863,4856
4415,17494,4864,4325
4416,17229,4864,4836
4417,7024,4866,796
4418,6963,4866,5190
4419,4802,4867,2801
4420,4803,4867,2802
4421,19888,4868,4610
4422,19886,4868,4853
4423,7368,4869,2299
4424,7413,4873,1457
4425,7411,4873,4841
4426,8063,4874,2498
4427,8049,4874,4096
4428,16248,4889,4893
4429,14534,4890,4891
4430,14535,4891,4595
4431,8267,4892,1894
4432,8262,4892,4894
4433,16233,4893,3960
4434,8263,4895,1895
4435,8266,4895,4896
4436,8264,4896,1895
4437,6679,4896,2893
4438,4874,4897,2360
4439,4829,4897,2509
4440,4870,4897,5159
4441,11073,4908,1274
4442,11085,4908,4909
4443,11086,4909,4908
4444,11075,4909,5179
4445,18059,4914,1999
4446,4716,4915,3448
4447,4710,4915,4916
4448,4711,4916,3448
4449,4164,4916,5221
4450,13484,4917,2202
4451,13987,4917,4468
4452,16898,4918,5004
4453,13769,4919,3721
4454,13759,4919,4052
4455,7077,4921,3190
4456,7049,4922,3304
4457,19278,4923,4924
4458,19270,4923,4925
4459,19279,4924,4923
4460,19257,4924,5010
4461,19271,4925,4923
4462,30,4925,5033
4463,7414,4935,2455
4464,7175,4935,4936
4465,7365,4936,2298
4466,7176,4936,4935
4467,8437,4937,4938
4468,8431,4938,3703
4469,8422,4939,3499
4470,13916,4940,739
4471,16043,4941,2216
4472,16041,4941,3579
4473,13910,4942,739
4474,12024,4943,4944
4475,178,4943,4945
4476,12017,4944,4058
4477,12025,4944,4943
4478,179,4945,4943
4479,17456,4945,4980
4480,14076,4946,1186
4481,17460,4947,4948
4482,17461,4948,4986
4483,10641,4949,3733
4484,7897,4950,4951
4485,7895,4950,4952
4486,7898,4951,4950
4487,7867,4951,5512
4488,7899,4952,3914
4489,7896,4952,4950
4490,19960,4953,4854
4491,19633,4953,4954
4492,19100,4954,5246
4493,11104,4955,2433
4494,11097,4955,4956
4495,11098,4956,4955
4496,11101,4956,5181
4497,11494,4957,665
4498,11504,4957,4958
4499,11505,4958,4957
4500,11506,4958,5242
4501,19292,4959,2139
4502,19286,4959,5010
4503,14272,4960,4961
4504,15308,4961,4962
4505,15306,4962,5041
4506,16107,4963,5314
4507,16085,4964,4960
4508,17273,4965,4690
4509,17454,4965,4839
4510,17275,4966,2373
4511,17444,4966,4690
4512,15245,4967,4628
4513,15254,4967,4969
4514,15322,4968,4710
4515,15323,4968,4972
4516,15263,4969,1113
4517,15255,4969,4967
4518,15333,4970,2280
4519,14914,4970,4451
4520,16093,4971,2277
4521,16102,4971,3536
4522,15324,4972,4968
4523,15194,4972,4973
4524,15195,4973,4972
4525,15199,4973,5042
4526,19815,4974,4496
4527,16147,4975,2577
4528,16148,4975,4979
4529,12224,4976,2846
4530,14086,4976,4977
4531,14063,4977,3299
4532,14087,4977,4976
4533,16150,4978,683
4534,15991,4978,2580
4535,16149,4979,4975
4536,16152,4979,5308
4537,17457,4980,4945
4538,17459,4980,4990
4539,19892,4981,4355
4540,19891,4981,4610
4541,19643,4981,5186
4542,15196,4982,1127
4543,15294,4983,2824
4544,15274,4983,4984
4545,15305,4984,3603
4546,15275,4984,4983
4547,16039,4985,3604
4548,17236,4986,1832
4549,17452,4986,4839
4550,19872,4987,4610
4551,19715,4987,4998
4552,16131,4988,806
4553,16112,4988,3588
4554,12226,4989,3685
4555,14498,4989,4649
4556,17450,4990,4839
4557,17458,4990,4980
4558,19229,4991,4768
4559,19284,4991,5010
4560,16050,4992,2217
4561,15993,4992,4993
4562,15994,4993,4992
4563,16136,4993,5000
4564,17234,4994,4986
4565,15010,4995,253
4566,14998,4995,4996
4567,15018,4996,1863
4568,14999,4996,4995
4569,14635,4997,2851
4570,14633,4997,3606
4571,19828,4998,978
4572,19716,4998,4987
4573,19098,4998,5376
4574,16138,4999,2580
4575,15893,4999,3587
4576,16134,5000,2580
4577,16135,5000,4993
4578,19361,5001,2768
4579,18235,5002,524
4580,18205,5002,5005
4581,18215,5003,524
4582,18240,5003,4359
4583,18202,5003,5005
4584,16926,5004,4286
4585,18095,5005,4832
4586,18204,5005,5002
4587,18203,5005,5003
4588,14201,5007,2142
4589,14195,5007,3196
4590,19287,5008,5009
4591,19289,5008,5010
4592,19288,5009,5008
4593,18912,5009,5011
4594,19256,5010,4924
4595,19285,5010,4959
4596,19283,5010,4991
4597,19290,5010,5008
4598,18964,5011,4761
4599,18913,5011,5009
4600,18989,5011,5014
4601,19010,5011,5015
4602,15552,5012,5013
4603,15553,5013,5012
4604,15558,5013,5540
4605,18952,5014,3338
4606,18988,5014,5011
4607,19011,5015,5011
4608,19012,5015,5025
4609,10954,5018,736
4610,10962,5018,3466
4611,14688,5024,255
4612,14689,5024,257
4613,18991,5025,3333
4614,19013,5025,5015
4615,12096,5026,5027
4616,12097,5027,5028
4617,180,5028,4947
4618,12119,5029,1834
4619,181,5029,2868
4620,12214,5029,3347
4621,12194,5029,4759
4622,13984,5030,1007
4623,13980,5030,2501
4624,19412,5031,925
4625,19433,5032,5246
4626,17532,5033,2917
4627,29,5033,4925
4628,15296,5034,4982
4629,14505,5035,2478
4630,14497,5035,4649
4631,182,5036,846
4632,17513,5037,4994
4633,16046,5038,3604
4634,16040,5038,3608
4635,16048,5038,5039
4636,15997,5039,2578
4637,16049,5039,5038
4638,15307,5041,5321
4639,15240,5042,1117
4640,15198,5042,4973
4641,20202,5044,2094
4642,15565,5047,4222
4643,15564,5047,5049
4644,15541,5048,5289
4645,15567,5049,1434
4646,15570,5049,4222
4647,7608,5056,4192
4648,7606,5056,5057
4649,7607,5057,5056
4650,7593,5057,5067
4651,8348,5058,5099
4652,12209,5059,3336
4653,19034,5060,2344
4654,19057,5060,4438
4655,8410,5066,5072
4656,7610,5067,3287
4657,7592,5067,5057
4658,12106,5068,5026
4659,8576,5069,4657
4660,8683,5069,5070
4661,8682,5070,4010
4662,8684,5070,5069
4663,11879,5071,4255
4664,12003,5071,4764
4665,8345,5072,5073
4666,8473,5073,5103
4667,7580,5074,5075
4668,7177,5075,5090
4669,8423,5076,4937
4670,12186,5077,4425
4671,11175,5078,1451
4672,8440,5079,4939
4673,6682,5080,4751
4674,7642,5080,5087
4675,4907,5081,2454
4676,4909,5081,5096
4677,31,5082,3322
4678,12190,5082,4424
4679,12160,5083,4428
4680,8578,5084,3698
4681,8642,5084,5085
4682,8643,5085,5084
4683,8603,5085,5091
4684,12155,5086,2583
4685,12159,5086,4428
4686,11634,5086,4766
4687,7538,5087,710
4688,7644,5087,1817
4689,7643,5087,5080
4690,18954,5088,3321
4691,19026,5088,5089
4692,19016,5089,1867
4693,19027,5089,5088
4694,7417,5090,3797
4695,8604,5091,5085
4696,8638,5091,5120
4697,7649,5092,2010
4698,7620,5092,5386
4699,12157,5093,5083
4700,12162,5094,5093
4701,8424,5095,2948
4702,4908,5096,5081
4703,4910,5096,5097
4704,4911,5097,5096
4705,4830,5097,5227
4706,8109,5098,5171
4707,8443,5099,4460
4708,8425,5099,5100
4709,8426,5100,5099
4710,8458,5100,5101
4711,8102,5100,5102
4712,8455,5101,2950
4713,8459,5101,5100
4714,8629,5102,2982
4715,8103,5102,5100
4716,8346,5103,5099
4717,10975,5104,1515
4718,8085,5105,5106
4719,8083,5105,5123
4720,8079,5106,4097
4721,8086,5106,5105
4722,15555,5107,4144
4723,15557,5107,5540
4724,18803,5108,1764
4725,18728,5108,5109
4726,18796,5109,1746
4727,18729,5109,5108
4728,8283,5110,3388
4729,8106,5110,3391
4730,7531,5111,3378
4731,7484,5111,5389
4732,16924,5112,4268
4733,11866,5113,5114
4734,11867,5114,4414
4735,11802,5115,5116
4736,11800,5115,5117
4737,11803,5116,5115
4738,11636,5117,2293
4739,11801,5117,5115
4740,11869,5118,5113
4741,8636,5119,937
4742,8634,5119,5120
4743,8605,5120,5085
4744,8639,5120,5091
4745,8635,5120,5119
4746,11221,5121,1452
4747,11223,5121,5122
4748,11001,5122,2432
4749,11224,5122,5121
4750,8084,5123,5105
4751,6691,5123,5203
4752,7542,5124,2956
4753,7637,5124,5386
4754,19937,5125,4852
4755,19638,5125,5135
4756,17124,5126,4273
4757,17068,5126,4300
4758,19717,5127,4732
4759,18849,5128,5129
4760,18839,5128,5130
4761,18835,5129,1161
4762,18850,5129,5128
4763,18840,5130,5128
4764,18847,5130,5144
4765,20014,5131,4333
4766,19634,5131,4798
4767,18806,5132,5133
4768,18810,5132,5134
4769,18807,5133,5132
4770,18817,5133,5143
4771,18811,5134,5132
4772,18812,5134,5518
4773,19857,5135,4703
4774,19639,5135,5125
4775,16783,5136,5137
4776,16802,5137,856
4777,18876,5138,3636
4778,18864,5138,5191
4779,18571,5139,4060
4780,18576,5139,5140
4781,18577,5140,5139
4782,18572,5140,5145
4783,19641,5141,1075
4784,19966,5141,5142
4785,19967,5142,5141
4786,19968,5142,5186
4787,18816,5143,5133
4788,18260,5143,5144
4789,18848,5144,5130
4790,18261,5144,5143
4791,18573,5145,5140
4792,18568,5145,5146
4793,18569,5146,5145
4794,18579,5146,5152
4795,18494,5147,3692
4796,18446,5147,5152
4797,20134,5148,4337
4798,20135,5148,4344
4799,18289,5149,1607
4800,18770,5149,5154
4801,18814,5150,4672
4802,18808,5150,5151
4803,18809,5151,5150
4804,18818,5151,5196
4805,18578,5152,5146
4806,18445,5152,5147
4807,20112,5153,3023
4808,18774,5154,4217
4809,18771,5154,5149
4810,20150,5155,4342
4811,20149,5155,5419
4812,18093,5157,292
4813,11367,5158,2294
4814,11003,5158,5160
4815,4864,5159,4179
4816,4871,5159,4897
4817,11004,5160,5158
4818,11329,5160,5183
4819,18431,5162,3814
4820,18290,5162,5163
4821,18700,5163,4214
4822,18291,5163,5162
4823,6684,5164,3380
4824,8278,5164,5168
4825,4638,5165,2227
4826,4640,5165,5166
4827,4733,5166,2310
4828,4641,5166,5165
4829,8229,5167,2479
4830,8277,5168,2536
4831,8279,5168,5164
4832,11798,5169,5170
4833,11720,5170,4680
4834,11799,5170,5169
4835,8322,5171,5167
4836,7300,5172,1611
4837,7307,5172,5173
4838,7308,5173,5172
4839,7303,5173,5174
4840,7304,5174,5173
4841,7305,5174,5175
4842,488,5175,3678
4843,7306,5175,5174
4844,8287,5176,4787
4845,8307,5176,5222
4846,8533,5177,4088
4847,8535,5177,5178
4848,8536,5178,5177
4849,8524,5178,5217
4850,11076,5179,4909
4851,11093,5179,5180
4852,11094,5180,5179
4853,11056,5180,5225
4854,11102,5181,4956
4855,11100,5181,5188
4856,8332,5182,3944
4857,11319,5183,4151
4858,11328,5183,5160
4859,18704,5184,5185
4860,18706,5185,5192
4861,19642,5186,4981
4862,19969,5186,5142
4863,18689,5187,2710
4864,5079,5188,1768
4865,11099,5188,5181
4866,6960,5189,4265
4867,6985,5189,5190
4868,6984,5190,1086
4869,6962,5190,4866
4870,6986,5190,5189
4871,18874,5191,3357
4872,18863,5191,5138
4873,18693,5192,4085
4874,18292,5193,1955
4875,18695,5193,5194
4876,18690,5194,4214
4877,18696,5194,5193
4878,18692,5194,5195
4879,18694,5195,4213
4880,18263,5196,3358
4881,18819,5196,5151
4882,18784,5197,4219
4883,18778,5197,5198
4884,18779,5198,5197
4885,18795,5198,5539
4886,11463,5199,3235
4887,11508,5199,5239
4888,8539,5200,3367
4889,8521,5200,5201
4890,8522,5201,5200
4891,8525,5201,5203
4892,7906,5202,1336
4893,6687,5202,5210
4894,6690,5203,5123
4895,8526,5203,5201
4896,8530,5203,5208
4897,4786,5204,1743
4898,4782,5204,4315
4899,11045,5205,5206
4900,11095,5205,5207
4901,11046,5206,5205
4902,11108,5206,5223
4903,11054,5207,3366
4904,11096,5207,5205
4905,8529,5208,5203
4906,8527,5208,5209
4907,8528,5209,5208
4908,8531,5209,5217
4909,6686,5210,5202
4910,8302,5210,5211
4911,8303,5211,5210
4912,8304,5211,5222
4913,7490,5212,1404
4914,7482,5212,2539
4915,8060,5213,2469
4916,8010,5213,3486
4917,4779,5214,1039
4918,4775,5214,5215
4919,4764,5215,1743
4920,4776,5215,5214
4921,10980,5216,5104
4922,8523,5217,5178
4923,8532,5217,5209
4924,11052,5218,2891
4925,11070,5218,3366
4926,4163,5219,2307
4927,4516,5219,5220
4928,4517,5220,5219
4929,4487,5220,5238
4930,4165,5221,4916
4931,4513,5221,5322
4932,8306,5222,5176
4933,8305,5222,5211
4934,11107,5223,5206
4935,11105,5223,5224
4936,11106,5224,5223
4937,11006,5224,5232
4938,11072,5225,3366
4939,11055,5225,5180
4940,4617,5226,3939
4941,4619,5226,5236
4942,4831,5227,5097
4943,4928,5227,5228
4944,4832,5227,5229
4945,4929,5228,5227
4946,4927,5228,5514
4947,4834,5229,4178
4948,4833,5229,5227
4949,8618,5230,283
4950,8607,5230,4643
4951,10940,5231,1530
4952,11264,5232,4683
4953,11005,5232,5224
4954,10863,5233,5234
4955,10967,5233,5235
4956,10864,5234,5233
4957,10978,5234,5237
4958,10958,5235,3465
4959,10968,5235,5233
4960,4554,5236,3832
4961,4618,5236,5226
4962,10977,5237,3408
4963,10979,5237,5234
4964,4514,5238,1762
4965,4488,5238,5220
4966,11509,5239,5199
4967,11503,5239,5242
4968,10956,5240,3465
4969,10960,5240,4691
4970,8008,5241,3475
4971,8052,5241,5243
4972,11507,5242,4958
4973,11502,5242,5239
4974,7669,5243,3776
4975,8051,5243,5241
4976,19812,5244,4974
4977,18182,5245,4831
4978,15649,5245,4833
4979,19413,5246,3005
4980,14585,5275,4452
4981,8673,5276,2471
4982,8672,5276,4239
4983,7181,5277,1401
4984,7137,5278,894
4985,10258,5287,2366
4986,11556,5287,2658
4987,15583,5289,5290
4988,17826,5291,1001
4989,17910,5291,1005
4990,16347,5292,4245
4991,17952,5293,5291
4992,17827,5294,5293
4993,19719,5304,1632
4994,13679,5305,5306
4995,13550,5306,3257
4996,16143,5308,675
4997,16153,5308,4979
4998,13579,5309,5310
4999,13580,5310,5305
5000,7480,5313,2110
5001,7469,5313,4447
5002,16106,5314,5315
5003,16060,5315,4575
5004,15276,5319,5034
5005,15303,5320,5319
5006,15277,5321,5320
5007,4167,5322,3426
5008,4512,5322,5221
5009,14537,5326,5327
5010,14539,5327,4890
5011,14358,5328,4093
5012,14359,5328,4146
5013,14706,5329,288
5014,14432,5329,4801
5015,18188,5334,2930
5016,18195,5334,4734
5017,14859,5354,2684
5018,14881,5354,4834
5019,14834,5355,2028
5020,15896,5367,3541
5021,16292,5367,5368
5022,15897,5368,674
5023,16293,5369,5367
5024,7499,5370,1403
5025,7497,5370,4446
5026,19391,5375,5031
5027,19405,5375,5376
5028,19395,5376,4491
5029,19099,5376,4998
5030,19406,5376,5375
5031,18030,5377,3885
5032,7621,5386,5092
5033,7636,5386,5124
5034,7124,5387,5462
5035,7503,5389,2957
5036,7483,5389,5111
5037,16985,5400,3593
5038,16954,5400,5401
5039,17041,5401,3382
5040,16956,5401,3591
5041,15650,5404,1180
5042,17039,5404,2033
5043,11007,5405,1675
5044,11008,5405,2764
5045,10262,5406,4169
5046,10261,5406,4402
5047,5082,5410,5406
5048,19984,5417,4500
5049,16156,5418,5522
5050,20152,5419,4125
5051,20151,5419,4323
5052,18008,5420,1004
5053,4866,5422,3195
5054,16816,5431,848
5055,16714,5431,4807
5056,16984,5432,744
5057,15142,5446,321
5058,15038,5446,3864
5059,16584,5455,1015
5060,16586,5455,2254
5061,7096,5462,5278
5062,14207,5471,2220
5063,14208,5471,2405
5064,16784,5476,1887
5065,17049,5478,4449
5066,16765,5493,908
5067,14080,5505,3299
5068,14062,5505,3584
5069,13729,5506,3735
5070,8034,5507,3474
5071,8039,5507,5513
5072,7886,5512,640
5073,7868,5512,4951
5074,8042,5513,395
5075,8040,5513,5507
5076,4912,5514,2465
5077,4926,5514,5228
5078,18813,5518,5134
5079,18731,5518,5539
5080,16145,5522,674
5081,8070,5528,3462
5082,8074,5528,3640
5083,7097,5538,194
5084,7143,5538,2542
5085,18794,5539,5198
5086,18730,5539,5518
5087,15559,5540,5013
5088,15556,5540,5107
5089,19720,5541,1032
5090,13494,5542,5506
