od_id,departure_time,scenario_id,scale_id,mode_id,probability_conditional,person_trips_conditional_engineering_mass,occupancy,vehicle_trips,o_node_id,d_node_id,assignment_eligible
panel_od_001,12:30:00,ABS_PLANNED,UNIT_BOUNDARY_PRIMARY,DA,0.6709165582769614,3.872711458497944,1.0,3.872711458497944,3858,2032,True
panel_od_001,12:30:00,ABS_PLANNED,UNIT_BOUNDARY_PRIMARY,S2,0.18860309396272965,1.08866796338049,2.0,0.544333981690245,3858,2032,True
panel_od_001,12:30:00,ABS_PLANNED,UNIT_BOUNDARY_PRIMARY,S3,0.11393689869853124,0.6576745314927388,3.627,0.1813274142522026,3858,2032,True
panel_od_001,12:30:00,ABS_OBS_EXPLORATORY,UNIT_BOUNDARY_PRIMARY,DA,0.6709165582769614,3.872711458497944,1.0,3.872711458497944,3858,2032,True
panel_od_001,12:30:00,ABS_OBS_EXPLORATORY,UNIT_BOUNDARY_PRIMARY,S2,0.18860309396272965,1.08866796338049,2.0,0.544333981690245,3858,2032,True
panel_od_001,12:30:00,ABS_OBS_EXPLORATORY,UNIT_BOUNDARY_PRIMARY,S3,0.11393689869853124,0.6576745314927388,3.627,0.1813274142522026,3858,2032,True
panel_od_001,12:30:00,ABS_RESTORE,UNIT_BOUNDARY_PRIMARY,DA,0.6709165582769614,3.872711458497944,1.0,3.872711458497944,3858,2032,True
panel_od_001,12:30:00,ABS_RESTORE,UNIT_BOUNDARY_PRIMARY,S2,0.18860309396272965,1.08866796338049,2.0,0.544333981690245,3858,2032,True
panel_od_001,12:30:00,ABS_RESTORE,UNIT_BOUNDARY_PRIMARY,S3,0.11393689869853124,0.6576745314927388,3.627,0.1813274142522026,3858,2032,True
panel_od_001,12:40:00,ABS_PLANNED,UNIT_BOUNDARY_PRIMARY,DA,0.6716686386645343,3.877052669485708,1.0,3.877052669485708,3858,2032,True
panel_od_001,12:40:00,ABS_PLANNED,UNIT_BOUNDARY_PRIMARY,S2,0.18881451323127357,1.089888332461766,2.0,0.544944166230883,3858,2032,True
panel_od_001,12:40:00,ABS_PLANNED,UNIT_BOUNDARY_PRIMARY,S3,0.11406461906237515,0.6584117679052849,3.627,0.1815306776689509,3858,2032,True
panel_od_001,12:40:00,ABS_OBS_EXPLORATORY,UNIT_BOUNDARY_PRIMARY,DA,0.6716686386645343,3.877052669485708,1.0,3.877052669485708,3858,2032,True
panel_od_001,12:40:00,ABS_OBS_EXPLORATORY,UNIT_BOUNDARY_PRIMARY,S2,0.18881451323127357,1.089888332461766,2.0,0.544944166230883,3858,2032,True
panel_od_001,12:40:00,ABS_OBS_EXPLORATORY,UNIT_BOUNDARY_PRIMARY,S3,0.11406461906237515,0.6584117679052849,3.627,0.1815306776689509,3858,2032,True
panel_od_001,12:40:00,ABS_RESTORE,UNIT_BOUNDARY_PRIMARY,DA,0.6716686386645343,3.877052669485708,1.0,3.877052669485708,3858,2032,True
panel_od_001,12:40:00,ABS_RESTORE,UNIT_BOUNDARY_PRIMARY,S2,0.18881451323127357,1.089888332461766,2.0,0.544944166230883,3858,2032,True
panel_od_001,12:40:00,ABS_RESTORE,UNIT_BOUNDARY_PRIMARY,S3,0.11406461906237515,0.6584117679052849,3.627,0.1815306776689509,3858,2032,True
panel_od_001,12:50:00,ABS_PLANNED,UNIT_BOUNDARY_PRIMARY,DA,0.6737485630674939,3.8890585545227947,1.0,3.8890585545227947,3858,2032,True
panel_od_001,12:50:00,ABS_PLANNED,UNIT_BOUNDARY_PRIMARY,S2,0.18939920617522804,1.0932633379461598,2.0,0.5466316689730799,3858,2032,True
panel_od_001,12:50:00,ABS_PLANNED,UNIT_BOUNDARY_PRIMARY,S3,0.11441783755590766,0.6604506403855971,3.627,0.1820928151049344,3858,2032,True
panel_od_001,12:50:00,ABS_OBS_EXPLORATORY,UNIT_BOUNDARY_PRIMARY,DA,0.6737485630674939,3.8890585545227947,1.0,3.8890585545227947,3858,2032,True
panel_od_001,12:50:00,ABS_OBS_EXPLORATORY,UNIT_BOUNDARY_PRIMARY,S2,0.18939920617522804,1.0932633379461598,2.0,0.5466316689730799,3858,2032,True
panel_od_001,12:50:00,ABS_OBS_EXPLORATORY,UNIT_BOUNDARY_PRIMARY,S3,0.11441783755590766,0.6604506403855971,3.627,0.1820928151049344,3858,2032,True
panel_od_001,12:50:00,ABS_RESTORE,UNIT_BOUNDARY_PRIMARY,DA,0.6737485630674939,3.8890585545227947,1.0,3.8890585545227947,3858,2032,True
panel_od_001,12:50:00,ABS_RESTORE,UNIT_BOUNDARY_PRIMARY,S2,0.18939920617522804,1.0932633379461598,2.0,0.5466316689730799,3858,2032,True
panel_od_001,12:50:00,ABS_RESTORE,UNIT_BOUNDARY_PRIMARY,S3,0.11441783755590766,0.6604506403855971,3.627,0.1820928151049344,3858,2032,True
panel_od_002,12:30:00,ABS_PLANNED,UNIT_BOUNDARY_PRIMARY,DA,0.6767696198680588,3.577627994965218,1.0,3.577627994965218,524,2032,True
panel_od_002,12:30:00,ABS_PLANNED,UNIT_BOUNDARY_PRIMARY,S2,0.19024846328864167,1.0057162855407906,2.0,0.5028581427703953,524,2032,True
panel_od_002,12:30:00,ABS_PLANNED,UNIT_BOUNDARY_PRIMARY,S3,0.11493088174657792,0.6075626445861394,3.627,0.1675110682619629,524,2032,True
panel_od_002,12:30:00,ABS_OBS_EXPLORATORY,UNIT_BOUNDARY_PRIMARY,DA,0.6767696198680588,3.577627994965218,1.0,3.577627994965218,524,2032,True
panel_od_002,12:30:00,ABS_OBS_EXPLORATORY,UNIT_BOUNDARY_PRIMARY,S2,0.19024846328864167,1.0057162855407906,2.0,0.5028581427703953,524,2032,True
panel_od_002,12:30:00,ABS_OBS_EXPLORATORY,UNIT_BOUNDARY_PRIMARY,S3,0.11493088174657792,0.6075626445861394,3.627,0.1675110682619629,524,2032,True
panel_od_002,12:30:00,ABS_RESTORE,UNIT_BOUNDARY_PRIMARY,DA,0.6767696198680588,3.577627994965218,1.0,3.577627994965218,524,2032,True
panel_od_002,12:30:00,ABS_RESTORE,UNIT_BOUNDARY_PRIMARY,S2,0.19024846328864167,1.0057162855407906,2.0,0.5028581427703953,524,2032,True
panel_od_002,12:30:00,ABS_RESTORE,UNIT_BOUNDARY_PRIMARY,S3,0.11493088174657792,0.6075626445861394,3.627,0.1675110682619629,524,2032,True
panel_od_002,12:40:00,ABS_PLANNED,UNIT_BOUNDARY_PRIMARY,DA,0.6759358589192372,3.5732204588937932,1.0,3.5732204588937932,524,2032,True
panel_od_002,12:40:00,ABS_PLANNED,UNIT_BOUNDARY_PRIMARY,S2,0.19001408258565694,1.0044772716432087,2.0,0.5022386358216043,524,2032,True
panel_od_002,12:40:00,ABS_PLANNED,UNIT_BOUNDARY_PRIMARY,S3,0.1147892901647445,0.6068141446651214,3.627,0.16730469938382173,524,2032,True
panel_od_002,12:40:00,ABS_OBS_EXPLORATORY,UNIT_BOUNDARY_PRIMARY,DA,0.6759358589192372,3.5732204588937932,1.0,3.5732204588937932,524,2032,True
panel_od_002,12:40:00,ABS_OBS_EXPLORATORY,UNIT_BOUNDARY_PRIMARY,S2,0.19001408258565694,1.0044772716432087,2.0,0.5022386358216043,524,2032,True
panel_od_002,12:40:00,ABS_OBS_EXPLORATORY,UNIT_BOUNDARY_PRIMARY,S3,0.1147892901647445,0.6068141446651214,3.627,0.16730469938382173,524,2032,True
panel_od_002,12:40:00,ABS_RESTORE,UNIT_BOUNDARY_PRIMARY,DA,0.6759358589192372,3.5732204588937932,1.0,3.5732204588937932,524,2032,True
panel_od_002,12:40:00,ABS_RESTORE,UNIT_BOUNDARY_PRIMARY,S2,0.19001408258565694,1.0044772716432087,2.0,0.5022386358216043,524,2032,True
panel_od_002,12:40:00,ABS_RESTORE,UNIT_BOUNDARY_PRIMARY,S3,0.1147892901647445,0.6068141446651214,3.627,0.16730469938382173,524,2032,True
panel_od_002,12:50:00,ABS_PLANNED,UNIT_BOUNDARY_PRIMARY,DA,0.6767696198680588,3.577627994965218,1.0,3.577627994965218,524,2032,True
panel_od_002,12:50:00,ABS_PLANNED,UNIT_BOUNDARY_PRIMARY,S2,0.19024846328864167,1.0057162855407906,2.0,0.5028581427703953,524,2032,True
panel_od_002,12:50:00,ABS_PLANNED,UNIT_BOUNDARY_PRIMARY,S3,0.11493088174657792,0.6075626445861394,3.627,0.1675110682619629,524,2032,True
panel_od_002,12:50:00,ABS_OBS_EXPLORATORY,UNIT_BOUNDARY_PRIMARY,DA,0.6767696198680588,3.577627994965218,1.0,3.577627994965218,524,2032,True
panel_od_002,12:50:00,ABS_OBS_EXPLORATORY,UNIT_BOUNDARY_PRIMARY,S2,0.19024846328864167,1.0057162855407906,2.0,0.5028581427703953,524,2032,True
panel_od_002,12:50:00,ABS_OBS_EXPLORATORY,UNIT_BOUNDARY_PRIMARY,S3,0.11493088174657792,0.6075626445861394,3.627,0.1675110682619629,524,2032,True
panel_od_002,12:50:00,ABS_RESTORE,UNIT_BOUNDARY_PRIMARY,DA,0.6767696198680588,3.577627994965218,1.0,3.577627994965218,524,2032,True
panel_od_002,12:50:00,ABS_RESTORE,UNIT_BOUNDARY_PRIMARY,S2,0.19024846328864167,1.0057162855407906,2.0,0.5028581427703953,524,2032,True
panel_od_002,12:50:00,ABS_RESTORE,UNIT_BOUNDARY_PRIMARY,S3,0.11493088174657792,0.6075626445861394,3.627,0.1675110682619629,524,2032,True
panel_od_003,12:30:00,ABS_PLANNED,UNIT_BOUNDARY_PRIMARY,DA,0.675372879992412,3.4727033639396896,1.0,3.4727033639396896,4285,2032,True
panel_od_003,12:30:00,ABS_PLANNED,UNIT_BOUNDARY_PRIMARY,S2,0.18985582211924704,0.9762206503531087,2.0,0.48811032517655434,4285,2032,True
panel_od_003,12:30:00,ABS_PLANNED,UNIT_BOUNDARY_PRIMARY,S3,0.11469368353205114,0.5897440546159674,3.627,0.16259830565645642,4285,2032,True
panel_od_003,12:30:00,ABS_OBS_EXPLORATORY,UNIT_BOUNDARY_PRIMARY,DA,0.675372879992412,3.4727033639396896,1.0,3.4727033639396896,4285,2032,True
panel_od_003,12:30:00,ABS_OBS_EXPLORATORY,UNIT_BOUNDARY_PRIMARY,S2,0.18985582211924704,0.9762206503531087,2.0,0.48811032517655434,4285,2032,True
panel_od_003,12:30:00,ABS_OBS_EXPLORATORY,UNIT_BOUNDARY_PRIMARY,S3,0.11469368353205114,0.5897440546159674,3.627,0.16259830565645642,4285,2032,True
panel_od_003,12:30:00,ABS_RESTORE,UNIT_BOUNDARY_PRIMARY,DA,0.675372879992412,3.4727033639396896,1.0,3.4727033639396896,4285,2032,True
panel_od_003,12:30:00,ABS_RESTORE,UNIT_BOUNDARY_PRIMARY,S2,0.18985582211924704,0.9762206503531087,2.0,0.48811032517655434,4285,2032,True
panel_od_003,12:30:00,ABS_RESTORE,UNIT_BOUNDARY_PRIMARY,S3,0.11469368353205114,0.5897440546159674,3.627,0.16259830565645642,4285,2032,True
panel_od_003,12:40:00,ABS_PLANNED,UNIT_BOUNDARY_PRIMARY,DA,0.6735063629337521,3.4631059100583137,1.0,3.4631059100583137,4285,2032,True
panel_od_003,12:40:00,ABS_PLANNED,UNIT_BOUNDARY_PRIMARY,S2,0.189331120667398,0.9735226851980366,2.0,0.4867613425990183,4285,2032,True
panel_od_003,12:40:00,ABS_PLANNED,UNIT_BOUNDARY_PRIMARY,S3,0.11437670646179104,0.5881141885511701,3.627,0.16214893536012412,4285,2032,True
panel_od_003,12:40:00,ABS_OBS_EXPLORATORY,UNIT_BOUNDARY_PRIMARY,DA,0.6735063629337521,3.4631059100583137,1.0,3.4631059100583137,4285,2032,True
panel_od_003,12:40:00,ABS_OBS_EXPLORATORY,UNIT_BOUNDARY_PRIMARY,S2,0.189331120667398,0.9735226851980366,2.0,0.4867613425990183,4285,2032,True
panel_od_003,12:40:00,ABS_OBS_EXPLORATORY,UNIT_BOUNDARY_PRIMARY,S3,0.11437670646179104,0.5881141885511701,3.627,0.16214893536012412,4285,2032,True
panel_od_003,12:40:00,ABS_RESTORE,UNIT_BOUNDARY_PRIMARY,DA,0.6735063629337521,3.4631059100583137,1.0,3.4631059100583137,4285,2032,True
panel_od_003,12:40:00,ABS_RESTORE,UNIT_BOUNDARY_PRIMARY,S2,0.189331120667398,0.9735226851980366,2.0,0.4867613425990183,4285,2032,True
panel_od_003,12:40:00,ABS_RESTORE,UNIT_BOUNDARY_PRIMARY,S3,0.11437670646179104,0.5881141885511701,3.627,0.16214893536012412,4285,2032,True
panel_od_003,12:50:00,ABS_PLANNED,UNIT_BOUNDARY_PRIMARY,DA,0.675372879992412,3.4727033639396896,1.0,3.4727033639396896,4285,2032,True
panel_od_003,12:50:00,ABS_PLANNED,UNIT_BOUNDARY_PRIMARY,S2,0.18985582211924704,0.9762206503531087,2.0,0.48811032517655434,4285,2032,True
panel_od_003,12:50:00,ABS_PLANNED,UNIT_BOUNDARY_PRIMARY,S3,0.11469368353205114,0.5897440546159674,3.627,0.16259830565645642,4285,2032,True
panel_od_003,12:50:00,ABS_OBS_EXPLORATORY,UNIT_BOUNDARY_PRIMARY,DA,0.675372879992412,3.4727033639396896,1.0,3.4727033639396896,4285,2032,True
panel_od_003,12:50:00,ABS_OBS_EXPLORATORY,UNIT_BOUNDARY_PRIMARY,S2,0.18985582211924704,0.9762206503531087,2.0,0.48811032517655434,4285,2032,True
panel_od_003,12:50:00,ABS_OBS_EXPLORATORY,UNIT_BOUNDARY_PRIMARY,S3,0.11469368353205114,0.5897440546159674,3.627,0.16259830565645642,4285,2032,True
panel_od_003,12:50:00,ABS_RESTORE,UNIT_BOUNDARY_PRIMARY,DA,0.675372879992412,3.4727033639396896,1.0,3.4727033639396896,4285,2032,True
panel_od_003,12:50:00,ABS_RESTORE,UNIT_BOUNDARY_PRIMARY,S2,0.18985582211924704,0.9762206503531087,2.0,0.48811032517655434,4285,2032,True
panel_od_003,12:50:00,ABS_RESTORE,UNIT_BOUNDARY_PRIMARY,S3,0.11469368353205114,0.5897440546159674,3.627,0.16259830565645642,4285,2032,True
panel_od_004,12:30:00,ABS_PLANNED,UNIT_BOUNDARY_PRIMARY,DA,0.6738326741037024,3.4142561453962936,1.0,3.4142561453962936,3858,4914,True
panel_od_004,12:30:00,ABS_PLANNED,UNIT_BOUNDARY_PRIMARY,S2,0.18942285084678911,0.9597904011443095,2.0,0.47989520057215473,3858,4914,True
panel_od_004,12:30:00,ABS_PLANNED,UNIT_BOUNDARY_PRIMARY,S3,0.11443212152385226,0.5798183869062715,3.627,0.1598617002774391,3858,4914,True
panel_od_004,12:30:00,ABS_OBS_EXPLORATORY,UNIT_BOUNDARY_PRIMARY,DA,0.6738326741037024,3.4142561453962936,1.0,3.4142561453962936,3858,4914,True
panel_od_004,12:30:00,ABS_OBS_EXPLORATORY,UNIT_BOUNDARY_PRIMARY,S2,0.18942285084678911,0.9597904011443095,2.0,0.47989520057215473,3858,4914,True
panel_od_004,12:30:00,ABS_OBS_EXPLORATORY,UNIT_BOUNDARY_PRIMARY,S3,0.11443212152385226,0.5798183869062715,3.627,0.1598617002774391,3858,4914,True
panel_od_004,12:30:00,ABS_RESTORE,UNIT_BOUNDARY_PRIMARY,DA,0.6738326741037024,3.4142561453962936,1.0,3.4142561453962936,3858,4914,True
panel_od_004,12:30:00,ABS_RESTORE,UNIT_BOUNDARY_PRIMARY,S2,0.18942285084678911,0.9597904011443095,2.0,0.47989520057215473,3858,4914,True
panel_od_004,12:30:00,ABS_RESTORE,UNIT_BOUNDARY_PRIMARY,S3,0.11443212152385226,0.5798183869062715,3.627,0.1598617002774391,3858,4914,True
panel_od_004,12:40:00,ABS_PLANNED,UNIT_BOUNDARY_PRIMARY,DA,0.6744675052871277,3.417472784114774,1.0,3.417472784114774,3858,4914,True
panel_od_004,12:40:00,ABS_PLANNED,UNIT_BOUNDARY_PRIMARY,S2,0.1896013098874268,0.960694638797981,2.0,0.4803473193989905,3858,4914,True
panel_od_004,12:40:00,ABS_PLANNED,UNIT_BOUNDARY_PRIMARY,S3,0.11453993030475695,0.5803646453571861,3.627,0.16001230916933723,3858,4914,True
panel_od_004,12:40:00,ABS_OBS_EXPLORATORY,UNIT_BOUNDARY_PRIMARY,DA,0.6744675052871277,3.417472784114774,1.0,3.417472784114774,3858,4914,True
panel_od_004,12:40:00,ABS_OBS_EXPLORATORY,UNIT_BOUNDARY_PRIMARY,S2,0.1896013098874268,0.960694638797981,2.0,0.4803473193989905,3858,4914,True
panel_od_004,12:40:00,ABS_OBS_EXPLORATORY,UNIT_BOUNDARY_PRIMARY,S3,0.11453993030475695,0.5803646453571861,3.627,0.16001230916933723,3858,4914,True
panel_od_004,12:40:00,ABS_RESTORE,UNIT_BOUNDARY_PRIMARY,DA,0.6744675052871277,3.417472784114774,1.0,3.417472784114774,3858,4914,True
panel_od_004,12:40:00,ABS_RESTORE,UNIT_BOUNDARY_PRIMARY,S2,0.1896013098874268,0.960694638797981,2.0,0.4803473193989905,3858,4914,True
panel_od_004,12:40:00,ABS_RESTORE,UNIT_BOUNDARY_PRIMARY,S3,0.11453993030475695,0.5803646453571861,3.627,0.16001230916933723,3858,4914,True
panel_od_004,12:50:00,ABS_PLANNED,UNIT_BOUNDARY_PRIMARY,DA,0.6762219893185162,3.426362614062744,1.0,3.426362614062744,3858,4914,True
panel_od_004,12:50:00,ABS_PLANNED,UNIT_BOUNDARY_PRIMARY,S2,0.19009451744438124,0.9631936819536538,2.0,0.4815968409768269,3858,4914,True
panel_od_004,12:50:00,ABS_PLANNED,UNIT_BOUNDARY_PRIMARY,S3,0.11483788161760855,0.5818743407756898,3.627,0.1604285472224124,3858,4914,True
panel_od_004,12:50:00,ABS_OBS_EXPLORATORY,UNIT_BOUNDARY_PRIMARY,DA,0.6762219893185162,3.426362614062744,1.0,3.426362614062744,3858,4914,True
panel_od_004,12:50:00,ABS_OBS_EXPLORATORY,UNIT_BOUNDARY_PRIMARY,S2,0.19009451744438124,0.9631936819536538,2.0,0.4815968409768269,3858,4914,True
panel_od_004,12:50:00,ABS_OBS_EXPLORATORY,UNIT_BOUNDARY_PRIMARY,S3,0.11483788161760855,0.5818743407756898,3.627,0.1604285472224124,3858,4914,True
panel_od_004,12:50:00,ABS_RESTORE,UNIT_BOUNDARY_PRIMARY,DA,0.6762219893185162,3.426362614062744,1.0,3.426362614062744,3858,4914,True
panel_od_004,12:50:00,ABS_RESTORE,UNIT_BOUNDARY_PRIMARY,S2,0.19009451744438124,0.9631936819536538,2.0,0.4815968409768269,3858,4914,True
panel_od_004,12:50:00,ABS_RESTORE,UNIT_BOUNDARY_PRIMARY,S3,0.11483788161760855,0.5818743407756898,3.627,0.1604285472224124,3858,4914,True
panel_od_005,12:30:00,ABS_PLANNED,UNIT_BOUNDARY_PRIMARY,DA,0.6696541848959673,3.2206425355028387,1.0,3.2206425355028387,2032,3858,True
panel_od_005,12:30:00,ABS_PLANNED,UNIT_BOUNDARY_PRIMARY,S2,0.18824822490717505,0.9053631770600228,2.0,0.4526815885300114,2032,3858,True
panel_od_005,12:30:00,ABS_PLANNED,UNIT_BOUNDARY_PRIMARY,S3,0.11372251897238551,0.5469383901541552,3.627,0.1507963579140213,2032,3858,True
panel_od_005,12:30:00,ABS_OBS_EXPLORATORY,UNIT_BOUNDARY_PRIMARY,DA,0.6696541848959673,3.2206425355028387,1.0,3.2206425355028387,2032,3858,True
panel_od_005,12:30:00,ABS_OBS_EXPLORATORY,UNIT_BOUNDARY_PRIMARY,S2,0.18824822490717505,0.9053631770600228,2.0,0.4526815885300114,2032,3858,True
panel_od_005,12:30:00,ABS_OBS_EXPLORATORY,UNIT_BOUNDARY_PRIMARY,S3,0.11372251897238551,0.5469383901541552,3.627,0.1507963579140213,2032,3858,True
panel_od_005,12:30:00,ABS_RESTORE,UNIT_BOUNDARY_PRIMARY,DA,0.6696541848959673,3.2206425355028387,1.0,3.2206425355028387,2032,3858,True
panel_od_005,12:30:00,ABS_RESTORE,UNIT_BOUNDARY_PRIMARY,S2,0.18824822490717505,0.9053631770600228,2.0,0.4526815885300114,2032,3858,True
panel_od_005,12:30:00,ABS_RESTORE,UNIT_BOUNDARY_PRIMARY,S3,0.11372251897238551,0.5469383901541552,3.627,0.1507963579140213,2032,3858,True
panel_od_005,12:40:00,ABS_PLANNED,UNIT_BOUNDARY_PRIMARY,DA,0.6731738109746681,3.2375698656290437,1.0,3.2375698656290437,2032,3858,True
panel_od_005,12:40:00,ABS_PLANNED,UNIT_BOUNDARY_PRIMARY,S2,0.18923763612358574,0.910121662738972,2.0,0.455060831369486,2032,3858,True
panel_od_005,12:40:00,ABS_PLANNED,UNIT_BOUNDARY_PRIMARY,S3,0.11432023157172207,0.5498130360009938,3.627,0.15158892638571653,2032,3858,True
panel_od_005,12:40:00,ABS_OBS_EXPLORATORY,UNIT_BOUNDARY_PRIMARY,DA,0.6731738109746681,3.2375698656290437,1.0,3.2375698656290437,2032,3858,True
panel_od_005,12:40:00,ABS_OBS_EXPLORATORY,UNIT_BOUNDARY_PRIMARY,S2,0.18923763612358574,0.910121662738972,2.0,0.455060831369486,2032,3858,True
panel_od_005,12:40:00,ABS_OBS_EXPLORATORY,UNIT_BOUNDARY_PRIMARY,S3,0.11432023157172207,0.5498130360009938,3.627,0.15158892638571653,2032,3858,True
panel_od_005,12:40:00,ABS_RESTORE,UNIT_BOUNDARY_PRIMARY,DA,0.6731738109746681,3.2375698656290437,1.0,3.2375698656290437,2032,3858,True
panel_od_005,12:40:00,ABS_RESTORE,UNIT_BOUNDARY_PRIMARY,S2,0.18923763612358574,0.910121662738972,2.0,0.455060831369486,2032,3858,True
panel_od_005,12:40:00,ABS_RESTORE,UNIT_BOUNDARY_PRIMARY,S3,0.11432023157172207,0.5498130360009938,3.627,0.15158892638571653,2032,3858,True
panel_od_005,12:50:00,ABS_PLANNED,UNIT_BOUNDARY_PRIMARY,DA,0.6714216223865627,3.2291428696894133,1.0,3.2291428696894133,2032,3858,True
panel_od_005,12:50:00,ABS_PLANNED,UNIT_BOUNDARY_PRIMARY,S2,0.18874507384464664,0.9077527280519112,2.0,0.4538763640259556,2032,3858,True
panel_od_005,12:50:00,ABS_PLANNED,UNIT_BOUNDARY_PRIMARY,S3,0.11402267007737409,0.5483819403291676,3.627,0.15119435906511378,2032,3858,True
panel_od_005,12:50:00,ABS_OBS_EXPLORATORY,UNIT_BOUNDARY_PRIMARY,DA,0.6714216223865627,3.2291428696894133,1.0,3.2291428696894133,2032,3858,True
panel_od_005,12:50:00,ABS_OBS_EXPLORATORY,UNIT_BOUNDARY_PRIMARY,S2,0.18874507384464664,0.9077527280519112,2.0,0.4538763640259556,2032,3858,True
panel_od_005,12:50:00,ABS_OBS_EXPLORATORY,UNIT_BOUNDARY_PRIMARY,S3,0.11402267007737409,0.5483819403291676,3.627,0.15119435906511378,2032,3858,True
panel_od_005,12:50:00,ABS_RESTORE,UNIT_BOUNDARY_PRIMARY,DA,0.6714216223865627,3.2291428696894133,1.0,3.2291428696894133,2032,3858,True
panel_od_005,12:50:00,ABS_RESTORE,UNIT_BOUNDARY_PRIMARY,S2,0.18874507384464664,0.9077527280519112,2.0,0.4538763640259556,2032,3858,True
panel_od_005,12:50:00,ABS_RESTORE,UNIT_BOUNDARY_PRIMARY,S3,0.11402267007737409,0.5483819403291676,3.627,0.15119435906511378,2032,3858,True
panel_od_006,12:30:00,ABS_PLANNED,UNIT_BOUNDARY_PRIMARY,DA,0.6716166326784535,3.170345344291917,1.0,3.170345344291917,3858,1492,True
panel_od_006,12:30:00,ABS_PLANNED,UNIT_BOUNDARY_PRIMARY,S2,0.18879989369363,0.891224003174708,2.0,0.445612001587354,3858,1492,True
panel_od_006,12:30:00,ABS_PLANNED,UNIT_BOUNDARY_PRIMARY,S3,0.11405578726251166,0.5383967825442059,3.627,0.14844135168023323,3858,1492,True
panel_od_006,12:30:00,ABS_OBS_EXPLORATORY,UNIT_BOUNDARY_PRIMARY,DA,0.6716166326784535,3.170345344291917,1.0,3.170345344291917,3858,1492,True
panel_od_006,12:30:00,ABS_OBS_EXPLORATORY,UNIT_BOUNDARY_PRIMARY,S2,0.18879989369363,0.891224003174708,2.0,0.445612001587354,3858,1492,True
panel_od_006,12:30:00,ABS_OBS_EXPLORATORY,UNIT_BOUNDARY_PRIMARY,S3,0.11405578726251166,0.5383967825442059,3.627,0.14844135168023323,3858,1492,True
panel_od_006,12:30:00,ABS_RESTORE,UNIT_BOUNDARY_PRIMARY,DA,0.6716166326784535,3.170345344291917,1.0,3.170345344291917,3858,1492,True
panel_od_006,12:30:00,ABS_RESTORE,UNIT_BOUNDARY_PRIMARY,S2,0.18879989369363,0.891224003174708,2.0,0.445612001587354,3858,1492,True
panel_od_006,12:30:00,ABS_RESTORE,UNIT_BOUNDARY_PRIMARY,S3,0.11405578726251166,0.5383967825442059,3.627,0.14844135168023323,3858,1492,True
panel_od_006,12:40:00,ABS_PLANNED,UNIT_BOUNDARY_PRIMARY,DA,0.6723406561863058,3.173763074654137,1.0,3.173763074654137,3858,1492,True
panel_od_006,12:40:00,ABS_PLANNED,UNIT_BOUNDARY_PRIMARY,S2,0.18900342581994,0.8921847702219554,2.0,0.4460923851109777,3858,1492,True
panel_od_006,12:40:00,ABS_PLANNED,UNIT_BOUNDARY_PRIMARY,S3,0.11417874292972814,0.5389771909321869,3.627,0.14860137604967932,3858,1492,True
panel_od_006,12:40:00,ABS_OBS_EXPLORATORY,UNIT_BOUNDARY_PRIMARY,DA,0.6723406561863058,3.173763074654137,1.0,3.173763074654137,3858,1492,True
panel_od_006,12:40:00,ABS_OBS_EXPLORATORY,UNIT_BOUNDARY_PRIMARY,S2,0.18900342581994,0.8921847702219554,2.0,0.4460923851109777,3858,1492,True
panel_od_006,12:40:00,ABS_OBS_EXPLORATORY,UNIT_BOUNDARY_PRIMARY,S3,0.11417874292972814,0.5389771909321869,3.627,0.14860137604967932,3858,1492,True
panel_od_006,12:40:00,ABS_RESTORE,UNIT_BOUNDARY_PRIMARY,DA,0.6723406561863058,3.173763074654137,1.0,3.173763074654137,3858,1492,True
panel_od_006,12:40:00,ABS_RESTORE,UNIT_BOUNDARY_PRIMARY,S2,0.18900342581994,0.8921847702219554,2.0,0.4460923851109777,3858,1492,True
panel_od_006,12:40:00,ABS_RESTORE,UNIT_BOUNDARY_PRIMARY,S3,0.11417874292972814,0.5389771909321869,3.627,0.14860137604967932,3858,1492,True
panel_od_006,12:50:00,ABS_PLANNED,UNIT_BOUNDARY_PRIMARY,DA,0.6743426641792357,3.183213490874933,1.0,3.183213490874933,3858,1492,True
panel_od_006,12:50:00,ABS_PLANNED,UNIT_BOUNDARY_PRIMARY,S2,0.18956621547976657,0.8948414012388662,2.0,0.4474207006194331,3858,1492,True
panel_od_006,12:50:00,ABS_PLANNED,UNIT_BOUNDARY_PRIMARY,S3,0.11451872944380362,0.5405820866562885,3.627,0.1490438617745488,3858,1492,True
panel_od_006,12:50:00,ABS_OBS_EXPLORATORY,UNIT_BOUNDARY_PRIMARY,DA,0.6743426641792357,3.183213490874933,1.0,3.183213490874933,3858,1492,True
panel_od_006,12:50:00,ABS_OBS_EXPLORATORY,UNIT_BOUNDARY_PRIMARY,S2,0.18956621547976657,0.8948414012388662,2.0,0.4474207006194331,3858,1492,True
panel_od_006,12:50:00,ABS_OBS_EXPLORATORY,UNIT_BOUNDARY_PRIMARY,S3,0.11451872944380362,0.5405820866562885,3.627,0.1490438617745488,3858,1492,True
panel_od_006,12:50:00,ABS_RESTORE,UNIT_BOUNDARY_PRIMARY,DA,0.6743426641792357,3.183213490874933,1.0,3.183213490874933,3858,1492,True
panel_od_006,12:50:00,ABS_RESTORE,UNIT_BOUNDARY_PRIMARY,S2,0.18956621547976657,0.8948414012388662,2.0,0.4474207006194331,3858,1492,True
panel_od_006,12:50:00,ABS_RESTORE,UNIT_BOUNDARY_PRIMARY,S3,0.11451872944380362,0.5405820866562885,3.627,0.1490438617745488,3858,1492,True
panel_od_007,12:30:00,ABS_PLANNED,UNIT_BOUNDARY_PRIMARY,DA,0.6787672650372572,3.1544786974467915,1.0,3.1544786974467915,524,4914,True
panel_od_007,12:30:00,ABS_PLANNED,UNIT_BOUNDARY_PRIMARY,S2,0.1908100265037725,0.8867636889241701,2.0,0.44338184446208506,524,4914,True
panel_od_007,12:30:00,ABS_PLANNED,UNIT_BOUNDARY_PRIMARY,S3,0.11527012735390517,0.5357022648549703,3.627,0.147698446334428,524,4914,True
panel_od_007,12:30:00,ABS_OBS_EXPLORATORY,UNIT_BOUNDARY_PRIMARY,DA,0.6787672650372572,3.1544786974467915,1.0,3.1544786974467915,524,4914,True
panel_od_007,12:30:00,ABS_OBS_EXPLORATORY,UNIT_BOUNDARY_PRIMARY,S2,0.1908100265037725,0.8867636889241701,2.0,0.44338184446208506,524,4914,True
panel_od_007,12:30:00,ABS_OBS_EXPLORATORY,UNIT_BOUNDARY_PRIMARY,S3,0.11527012735390517,0.5357022648549703,3.627,0.147698446334428,524,4914,True
panel_od_007,12:30:00,ABS_RESTORE,UNIT_BOUNDARY_PRIMARY,DA,0.6787672650372572,3.1544786974467915,1.0,3.1544786974467915,524,4914,True
panel_od_007,12:30:00,ABS_RESTORE,UNIT_BOUNDARY_PRIMARY,S2,0.1908100265037725,0.8867636889241701,2.0,0.44338184446208506,524,4914,True
panel_od_007,12:30:00,ABS_RESTORE,UNIT_BOUNDARY_PRIMARY,S3,0.11527012735390517,0.5357022648549703,3.627,0.147698446334428,524,4914,True
panel_od_007,12:40:00,ABS_PLANNED,UNIT_BOUNDARY_PRIMARY,DA,0.6780651762928116,3.1512158353405155,1.0,3.1512158353405155,524,4914,True
panel_od_007,12:40:00,ABS_PLANNED,UNIT_BOUNDARY_PRIMARY,S2,0.19061266051569953,0.8858464572940582,2.0,0.4429232286470291,524,4914,True
panel_od_007,12:40:00,ABS_PLANNED,UNIT_BOUNDARY_PRIMARY,S3,0.11515089670865368,0.5351481566209676,3.627,0.14754567317920256,524,4914,True
panel_od_007,12:40:00,ABS_OBS_EXPLORATORY,UNIT_BOUNDARY_PRIMARY,DA,0.6780651762928116,3.1512158353405155,1.0,3.1512158353405155,524,4914,True
panel_od_007,12:40:00,ABS_OBS_EXPLORATORY,UNIT_BOUNDARY_PRIMARY,S2,0.19061266051569953,0.8858464572940582,2.0,0.4429232286470291,524,4914,True
panel_od_007,12:40:00,ABS_OBS_EXPLORATORY,UNIT_BOUNDARY_PRIMARY,S3,0.11515089670865368,0.5351481566209676,3.627,0.14754567317920256,524,4914,True
panel_od_007,12:40:00,ABS_RESTORE,UNIT_BOUNDARY_PRIMARY,DA,0.6780651762928116,3.1512158353405155,1.0,3.1512158353405155,524,4914,True
panel_od_007,12:40:00,ABS_RESTORE,UNIT_BOUNDARY_PRIMARY,S2,0.19061266051569953,0.8858464572940582,2.0,0.4429232286470291,524,4914,True
panel_od_007,12:40:00,ABS_RESTORE,UNIT_BOUNDARY_PRIMARY,S3,0.11515089670865368,0.5351481566209676,3.627,0.14754567317920256,524,4914,True
panel_od_007,12:50:00,ABS_PLANNED,UNIT_BOUNDARY_PRIMARY,DA,0.6787672650372572,3.1544786974467915,1.0,3.1544786974467915,524,4914,True
panel_od_007,12:50:00,ABS_PLANNED,UNIT_BOUNDARY_PRIMARY,S2,0.1908100265037725,0.8867636889241701,2.0,0.44338184446208506,524,4914,True
panel_od_007,12:50:00,ABS_PLANNED,UNIT_BOUNDARY_PRIMARY,S3,0.11527012735390517,0.5357022648549703,3.627,0.147698446334428,524,4914,True
panel_od_007,12:50:00,ABS_OBS_EXPLORATORY,UNIT_BOUNDARY_PRIMARY,DA,0.6787672650372572,3.1544786974467915,1.0,3.1544786974467915,524,4914,True
panel_od_007,12:50:00,ABS_OBS_EXPLORATORY,UNIT_BOUNDARY_PRIMARY,S2,0.1908100265037725,0.8867636889241701,2.0,0.44338184446208506,524,4914,True
panel_od_007,12:50:00,ABS_OBS_EXPLORATORY,UNIT_BOUNDARY_PRIMARY,S3,0.11527012735390517,0.5357022648549703,3.627,0.147698446334428,524,4914,True
panel_od_007,12:50:00,ABS_RESTORE,UNIT_BOUNDARY_PRIMARY,DA,0.6787672650372572,3.1544786974467915,1.0,3.1544786974467915,524,4914,True
panel_od_007,12:50:00,ABS_RESTORE,UNIT_BOUNDARY_PRIMARY,S2,0.1908100265037725,0.8867636889241701,2.0,0.44338184446208506,524,4914,True
panel_od_007,12:50:00,ABS_RESTORE,UNIT_BOUNDARY_PRIMARY,S3,0.11527012735390517,0.5357022648549703,3.627,0.147698446334428,524,4914,True
panel_od_008,12:30:00,ABS_PLANNED,UNIT_BOUNDARY_PRIMARY,DA,0.6738910408747207,3.095864251150285,1.0,3.095864251150285,1642,2032,True
panel_od_008,12:30:00,ABS_PLANNED,UNIT_BOUNDARY_PRIMARY,S2,0.1894392584811855,0.8702864298879284,2.0,0.4351432149439642,1642,2032,True
panel_od_008,12:30:00,ABS_PLANNED,UNIT_BOUNDARY_PRIMARY,S3,0.11444203352974158,0.52574819806743,3.627,0.14495401104698927,1642,2032,True
panel_od_008,12:30:00,ABS_OBS_EXPLORATORY,UNIT_BOUNDARY_PRIMARY,DA,0.6738910408747207,3.095864251150285,1.0,3.095864251150285,1642,2032,True
panel_od_008,12:30:00,ABS_OBS_EXPLORATORY,UNIT_BOUNDARY_PRIMARY,S2,0.1894392584811855,0.8702864298879284,2.0,0.4351432149439642,1642,2032,True
panel_od_008,12:30:00,ABS_OBS_EXPLORATORY,UNIT_BOUNDARY_PRIMARY,S3,0.11444203352974158,0.52574819806743,3.627,0.14495401104698927,1642,2032,True
panel_od_008,12:30:00,ABS_RESTORE,UNIT_BOUNDARY_PRIMARY,DA,0.6738910408747207,3.095864251150285,1.0,3.095864251150285,1642,2032,True
panel_od_008,12:30:00,ABS_RESTORE,UNIT_BOUNDARY_PRIMARY,S2,0.1894392584811855,0.8702864298879284,2.0,0.4351432149439642,1642,2032,True
panel_od_008,12:30:00,ABS_RESTORE,UNIT_BOUNDARY_PRIMARY,S3,0.11444203352974158,0.52574819806743,3.627,0.14495401104698927,1642,2032,True
panel_od_008,12:40:00,ABS_PLANNED,UNIT_BOUNDARY_PRIMARY,DA,0.6729817179770364,3.091686809871293,1.0,3.091686809871293,1642,2032,True
panel_od_008,12:40:00,ABS_PLANNED,UNIT_BOUNDARY_PRIMARY,S2,0.18918363636275867,0.8691120985342814,2.0,0.4345560492671407,1642,2032,True
panel_od_008,12:40:00,ABS_PLANNED,UNIT_BOUNDARY_PRIMARY,S3,0.11428760980953442,0.52503877347811,3.627,0.14475841562671907,1642,2032,True
panel_od_008,12:40:00,ABS_OBS_EXPLORATORY,UNIT_BOUNDARY_PRIMARY,DA,0.6729817179770364,3.091686809871293,1.0,3.091686809871293,1642,2032,True
panel_od_008,12:40:00,ABS_OBS_EXPLORATORY,UNIT_BOUNDARY_PRIMARY,S2,0.18918363636275867,0.8691120985342814,2.0,0.4345560492671407,1642,2032,True
panel_od_008,12:40:00,ABS_OBS_EXPLORATORY,UNIT_BOUNDARY_PRIMARY,S3,0.11428760980953442,0.52503877347811,3.627,0.14475841562671907,1642,2032,True
panel_od_008,12:40:00,ABS_RESTORE,UNIT_BOUNDARY_PRIMARY,DA,0.6729817179770364,3.091686809871293,1.0,3.091686809871293,1642,2032,True
panel_od_008,12:40:00,ABS_RESTORE,UNIT_BOUNDARY_PRIMARY,S2,0.18918363636275867,0.8691120985342814,2.0,0.4345560492671407,1642,2032,True
panel_od_008,12:40:00,ABS_RESTORE,UNIT_BOUNDARY_PRIMARY,S3,0.11428760980953442,0.52503877347811,3.627,0.14475841562671907,1642,2032,True
panel_od_008,12:50:00,ABS_PLANNED,UNIT_BOUNDARY_PRIMARY,DA,0.6732319754189121,3.092836495830735,1.0,3.092836495830735,1642,2032,True
panel_od_008,12:50:00,ABS_PLANNED,UNIT_BOUNDARY_PRIMARY,S2,0.1892539868813778,0.8694352897364677,2.0,0.43471764486823383,1642,2032,True
panel_od_008,12:50:00,ABS_PLANNED,UNIT_BOUNDARY_PRIMARY,S3,0.11433010921792101,0.5252340163158072,3.627,0.1448122460203494,1642,2032,True
panel_od_008,12:50:00,ABS_OBS_EXPLORATORY,UNIT_BOUNDARY_PRIMARY,DA,0.6732319754189121,3.092836495830735,1.0,3.092836495830735,1642,2032,True
panel_od_008,12:50:00,ABS_OBS_EXPLORATORY,UNIT_BOUNDARY_PRIMARY,S2,0.1892539868813778,0.8694352897364677,2.0,0.43471764486823383,1642,2032,True
panel_od_008,12:50:00,ABS_OBS_EXPLORATORY,UNIT_BOUNDARY_PRIMARY,S3,0.11433010921792101,0.5252340163158072,3.627,0.1448122460203494,1642,2032,True
panel_od_008,12:50:00,ABS_RESTORE,UNIT_BOUNDARY_PRIMARY,DA,0.6732319754189121,3.092836495830735,1.0,3.092836495830735,1642,2032,True
panel_od_008,12:50:00,ABS_RESTORE,UNIT_BOUNDARY_PRIMARY,S2,0.1892539868813778,0.8694352897364677,2.0,0.43471764486823383,1642,2032,True
panel_od_008,12:50:00,ABS_RESTORE,UNIT_BOUNDARY_PRIMARY,S3,0.11433010921792101,0.5252340163158072,3.627,0.1448122460203494,1642,2032,True
panel_od_009,12:30:00,ABS_PLANNED,UNIT_BOUNDARY_PRIMARY,DA,0.6760502099777188,3.0474168077659924,1.0,3.0474168077659924,4285,4914,True
panel_od_009,12:30:00,ABS_PLANNED,UNIT_BOUNDARY_PRIMARY,S2,0.19004622810831767,0.8566672434121492,2.0,0.4283336217060746,4285,4914,True
panel_od_009,12:30:00,ABS_PLANNED,UNIT_BOUNDARY_PRIMARY,S3,0.11480870957660066,0.5175207197305483,3.627,0.14268561338035518,4285,4914,True
panel_od_009,12:30:00,ABS_OBS_EXPLORATORY,UNIT_BOUNDARY_PRIMARY,DA,0.6760502099777188,3.0474168077659924,1.0,3.0474168077659924,4285,4914,True
panel_od_009,12:30:00,ABS_OBS_EXPLORATORY,UNIT_BOUNDARY_PRIMARY,S2,0.19004622810831767,0.8566672434121492,2.0,0.4283336217060746,4285,4914,True
panel_od_009,12:30:00,ABS_OBS_EXPLORATORY,UNIT_BOUNDARY_PRIMARY,S3,0.11480870957660066,0.5175207197305483,3.627,0.14268561338035518,4285,4914,True
panel_od_009,12:30:00,ABS_RESTORE,UNIT_BOUNDARY_PRIMARY,DA,0.6760502099777188,3.0474168077659924,1.0,3.0474168077659924,4285,4914,True
panel_od_009,12:30:00,ABS_RESTORE,UNIT_BOUNDARY_PRIMARY,S2,0.19004622810831767,0.8566672434121492,2.0,0.4283336217060746,4285,4914,True
panel_od_009,12:30:00,ABS_RESTORE,UNIT_BOUNDARY_PRIMARY,S3,0.11480870957660066,0.5175207197305483,3.627,0.14268561338035518,4285,4914,True
panel_od_009,12:40:00,ABS_PLANNED,UNIT_BOUNDARY_PRIMARY,DA,0.6760283455382309,3.0473182499083,1.0,3.0473182499083,4285,4914,True
panel_od_009,12:40:00,ABS_PLANNED,UNIT_BOUNDARY_PRIMARY,S2,0.19004008173901984,0.8566395375571276,2.0,0.4283197687785638,4285,4914,True
panel_od_009,12:40:00,ABS_PLANNED,UNIT_BOUNDARY_PRIMARY,S3,0.11480499649723735,0.5175039823635696,3.627,0.14268099872169002,4285,4914,True
panel_od_009,12:40:00,ABS_OBS_EXPLORATORY,UNIT_BOUNDARY_PRIMARY,DA,0.6760283455382309,3.0473182499083,1.0,3.0473182499083,4285,4914,True
panel_od_009,12:40:00,ABS_OBS_EXPLORATORY,UNIT_BOUNDARY_PRIMARY,S2,0.19004008173901984,0.8566395375571276,2.0,0.4283197687785638,4285,4914,True
panel_od_009,12:40:00,ABS_OBS_EXPLORATORY,UNIT_BOUNDARY_PRIMARY,S3,0.11480499649723735,0.5175039823635696,3.627,0.14268099872169002,4285,4914,True
panel_od_009,12:40:00,ABS_RESTORE,UNIT_BOUNDARY_PRIMARY,DA,0.6760283455382309,3.0473182499083,1.0,3.0473182499083,4285,4914,True
panel_od_009,12:40:00,ABS_RESTORE,UNIT_BOUNDARY_PRIMARY,S2,0.19004008173901984,0.8566395375571276,2.0,0.4283197687785638,4285,4914,True
panel_od_009,12:40:00,ABS_RESTORE,UNIT_BOUNDARY_PRIMARY,S3,0.11480499649723735,0.5175039823635696,3.627,0.14268099872169002,4285,4914,True
panel_od_009,12:50:00,ABS_PLANNED,UNIT_BOUNDARY_PRIMARY,DA,0.6765952106797277,3.0498734955608247,1.0,3.0498734955608247,4285,4914,True
panel_od_009,12:50:00,ABS_PLANNED,UNIT_BOUNDARY_PRIMARY,S2,0.19019943466931644,0.8573578492904657,2.0,0.42867892464523283,4285,4914,True
panel_od_009,12:50:00,ABS_PLANNED,UNIT_BOUNDARY_PRIMARY,S3,0.1149012630976151,0.5179379212214946,3.627,0.1428006399838695,4285,4914,True
panel_od_009,12:50:00,ABS_OBS_EXPLORATORY,UNIT_BOUNDARY_PRIMARY,DA,0.6765952106797277,3.0498734955608247,1.0,3.0498734955608247,4285,4914,True
panel_od_009,12:50:00,ABS_OBS_EXPLORATORY,UNIT_BOUNDARY_PRIMARY,S2,0.19019943466931644,0.8573578492904657,2.0,0.42867892464523283,4285,4914,True
panel_od_009,12:50:00,ABS_OBS_EXPLORATORY,UNIT_BOUNDARY_PRIMARY,S3,0.1149012630976151,0.5179379212214946,3.627,0.1428006399838695,4285,4914,True
panel_od_009,12:50:00,ABS_RESTORE,UNIT_BOUNDARY_PRIMARY,DA,0.6765952106797277,3.0498734955608247,1.0,3.0498734955608247,4285,4914,True
panel_od_009,12:50:00,ABS_RESTORE,UNIT_BOUNDARY_PRIMARY,S2,0.19019943466931644,0.8573578492904657,2.0,0.42867892464523283,4285,4914,True
panel_od_009,12:50:00,ABS_RESTORE,UNIT_BOUNDARY_PRIMARY,S3,0.1149012630976151,0.5179379212214946,3.627,0.1428006399838695,4285,4914,True
panel_od_010,12:30:00,ABS_PLANNED,UNIT_BOUNDARY_PRIMARY,DA,0.6735601032069058,2.96287453597171,1.0,2.96287453597171,2032,524,True
panel_od_010,12:30:00,ABS_PLANNED,UNIT_BOUNDARY_PRIMARY,S2,0.18934622773497914,0.8329013460970057,2.0,0.41645067304850286,2032,524,True
panel_od_010,12:30:00,ABS_PLANNED,UNIT_BOUNDARY_PRIMARY,S3,0.11438583278306425,0.5031635181704811,3.627,0.13872719001116104,2032,524,True
panel_od_010,12:30:00,ABS_OBS_EXPLORATORY,UNIT_BOUNDARY_PRIMARY,DA,0.6735601032069058,2.96287453597171,1.0,2.96287453597171,2032,524,True
panel_od_010,12:30:00,ABS_OBS_EXPLORATORY,UNIT_BOUNDARY_PRIMARY,S2,0.18934622773497914,0.8329013460970057,2.0,0.41645067304850286,2032,524,True
panel_od_010,12:30:00,ABS_OBS_EXPLORATORY,UNIT_BOUNDARY_PRIMARY,S3,0.11438583278306425,0.5031635181704811,3.627,0.13872719001116104,2032,524,True
panel_od_010,12:30:00,ABS_RESTORE,UNIT_BOUNDARY_PRIMARY,DA,0.6735601032069058,2.96287453597171,1.0,2.96287453597171,2032,524,True
panel_od_010,12:30:00,ABS_RESTORE,UNIT_BOUNDARY_PRIMARY,S2,0.18934622773497914,0.8329013460970057,2.0,0.41645067304850286,2032,524,True
panel_od_010,12:30:00,ABS_RESTORE,UNIT_BOUNDARY_PRIMARY,S3,0.11438583278306425,0.5031635181704811,3.627,0.13872719001116104,2032,524,True
panel_od_010,12:40:00,ABS_PLANNED,UNIT_BOUNDARY_PRIMARY,DA,0.6754628489581922,2.9712443858307993,1.0,2.9712443858307993,2032,524,True
panel_od_010,12:40:00,ABS_PLANNED,UNIT_BOUNDARY_PRIMARY,S2,0.18988111352858467,0.8352542163011366,2.0,0.4176271081505683,2032,524,True
panel_od_010,12:40:00,ABS_PLANNED,UNIT_BOUNDARY_PRIMARY,S3,0.11470896230973765,0.5045849091374385,3.627,0.1391190816480393,2032,524,True
panel_od_010,12:40:00,ABS_OBS_EXPLORATORY,UNIT_BOUNDARY_PRIMARY,DA,0.6754628489581922,2.9712443858307993,1.0,2.9712443858307993,2032,524,True
panel_od_010,12:40:00,ABS_OBS_EXPLORATORY,UNIT_BOUNDARY_PRIMARY,S2,0.18988111352858467,0.8352542163011366,2.0,0.4176271081505683,2032,524,True
panel_od_010,12:40:00,ABS_OBS_EXPLORATORY,UNIT_BOUNDARY_PRIMARY,S3,0.11470896230973765,0.5045849091374385,3.627,0.1391190816480393,2032,524,True
panel_od_010,12:40:00,ABS_RESTORE,UNIT_BOUNDARY_PRIMARY,DA,0.6754628489581922,2.9712443858307993,1.0,2.9712443858307993,2032,524,True
panel_od_010,12:40:00,ABS_RESTORE,UNIT_BOUNDARY_PRIMARY,S2,0.18988111352858467,0.8352542163011366,2.0,0.4176271081505683,2032,524,True
panel_od_010,12:40:00,ABS_RESTORE,UNIT_BOUNDARY_PRIMARY,S3,0.11470896230973765,0.5045849091374385,3.627,0.1391190816480393,2032,524,True
panel_od_010,12:50:00,ABS_PLANNED,UNIT_BOUNDARY_PRIMARY,DA,0.6749820382253665,2.9691293824775298,1.0,2.9691293824775298,2032,524,True
panel_od_010,12:50:00,ABS_PLANNED,UNIT_BOUNDARY_PRIMARY,S2,0.18974595157632296,0.8346596622224705,2.0,0.4173298311112352,2032,524,True
panel_od_010,12:50:00,ABS_PLANNED,UNIT_BOUNDARY_PRIMARY,S3,0.11462730970617124,0.5042257334399011,3.627,0.13902005333330605,2032,524,True
panel_od_010,12:50:00,ABS_OBS_EXPLORATORY,UNIT_BOUNDARY_PRIMARY,DA,0.6749820382253665,2.9691293824775298,1.0,2.9691293824775298,2032,524,True
panel_od_010,12:50:00,ABS_OBS_EXPLORATORY,UNIT_BOUNDARY_PRIMARY,S2,0.18974595157632296,0.8346596622224705,2.0,0.4173298311112352,2032,524,True
panel_od_010,12:50:00,ABS_OBS_EXPLORATORY,UNIT_BOUNDARY_PRIMARY,S3,0.11462730970617124,0.5042257334399011,3.627,0.13902005333330605,2032,524,True
panel_od_010,12:50:00,ABS_RESTORE,UNIT_BOUNDARY_PRIMARY,DA,0.6749820382253665,2.9691293824775298,1.0,2.9691293824775298,2032,524,True
panel_od_010,12:50:00,ABS_RESTORE,UNIT_BOUNDARY_PRIMARY,S2,0.18974595157632296,0.8346596622224705,2.0,0.4173298311112352,2032,524,True
panel_od_010,12:50:00,ABS_RESTORE,UNIT_BOUNDARY_PRIMARY,S3,0.11462730970617124,0.5042257334399011,3.627,0.13902005333330605,2032,524,True
panel_od_011,12:30:00,ABS_PLANNED,UNIT_BOUNDARY_PRIMARY,DA,0.6742701677788168,2.922282657213578,1.0,2.922282657213578,4285,1492,True
panel_od_011,12:30:00,ABS_PLANNED,UNIT_BOUNDARY_PRIMARY,S2,0.1895458358285991,0.8214904577695437,2.0,0.41074522888477183,4285,1492,True
panel_od_011,12:30:00,ABS_PLANNED,UNIT_BOUNDARY_PRIMARY,S3,0.11450641790531402,0.49627009346514067,3.627,0.13682660420875123,4285,1492,True
panel_od_011,12:30:00,ABS_OBS_EXPLORATORY,UNIT_BOUNDARY_PRIMARY,DA,0.6742701677788168,2.922282657213578,1.0,2.922282657213578,4285,1492,True
panel_od_011,12:30:00,ABS_OBS_EXPLORATORY,UNIT_BOUNDARY_PRIMARY,S2,0.1895458358285991,0.8214904577695437,2.0,0.41074522888477183,4285,1492,True
panel_od_011,12:30:00,ABS_OBS_EXPLORATORY,UNIT_BOUNDARY_PRIMARY,S3,0.11450641790531402,0.49627009346514067,3.627,0.13682660420875123,4285,1492,True
panel_od_011,12:30:00,ABS_RESTORE,UNIT_BOUNDARY_PRIMARY,DA,0.6742701677788168,2.922282657213578,1.0,2.922282657213578,4285,1492,True
panel_od_011,12:30:00,ABS_RESTORE,UNIT_BOUNDARY_PRIMARY,S2,0.1895458358285991,0.8214904577695437,2.0,0.41074522888477183,4285,1492,True
panel_od_011,12:30:00,ABS_RESTORE,UNIT_BOUNDARY_PRIMARY,S3,0.11450641790531402,0.49627009346514067,3.627,0.13682660420875123,4285,1492,True
panel_od_011,12:40:00,ABS_PLANNED,UNIT_BOUNDARY_PRIMARY,DA,0.6752215678713022,2.9264060192177137,1.0,2.9264060192177137,4285,1492,True
panel_od_011,12:40:00,ABS_PLANNED,UNIT_BOUNDARY_PRIMARY,S2,0.18981328637639897,0.8226495867579615,2.0,0.41132479337898076,4285,1492,True
panel_od_011,12:40:00,ABS_PLANNED,UNIT_BOUNDARY_PRIMARY,S3,0.11466798729068986,0.49697033416298414,3.627,0.13701966753873288,4285,1492,True
panel_od_011,12:40:00,ABS_OBS_EXPLORATORY,UNIT_BOUNDARY_PRIMARY,DA,0.6752215678713022,2.9264060192177137,1.0,2.9264060192177137,4285,1492,True
panel_od_011,12:40:00,ABS_OBS_EXPLORATORY,UNIT_BOUNDARY_PRIMARY,S2,0.18981328637639897,0.8226495867579615,2.0,0.41132479337898076,4285,1492,True
panel_od_011,12:40:00,ABS_OBS_EXPLORATORY,UNIT_BOUNDARY_PRIMARY,S3,0.11466798729068986,0.49697033416298414,3.627,0.13701966753873288,4285,1492,True
panel_od_011,12:40:00,ABS_RESTORE,UNIT_BOUNDARY_PRIMARY,DA,0.6752215678713022,2.9264060192177137,1.0,2.9264060192177137,4285,1492,True
panel_od_011,12:40:00,ABS_RESTORE,UNIT_BOUNDARY_PRIMARY,S2,0.18981328637639897,0.8226495867579615,2.0,0.41132479337898076,4285,1492,True
panel_od_011,12:40:00,ABS_RESTORE,UNIT_BOUNDARY_PRIMARY,S3,0.11466798729068986,0.49697033416298414,3.627,0.13701966753873288,4285,1492,True
panel_od_011,12:50:00,ABS_PLANNED,UNIT_BOUNDARY_PRIMARY,DA,0.6748873222439299,2.92495740077544,1.0,2.92495740077544,4285,1492,True
panel_od_011,12:50:00,ABS_PLANNED,UNIT_BOUNDARY_PRIMARY,S2,0.18971932572110103,0.8222423618701364,2.0,0.4111211809350682,4285,1492,True
panel_od_011,12:50:00,ABS_PLANNED,UNIT_BOUNDARY_PRIMARY,S3,0.11461122477720509,0.4967243257873165,3.627,0.13695184058100815,4285,1492,True
panel_od_011,12:50:00,ABS_OBS_EXPLORATORY,UNIT_BOUNDARY_PRIMARY,DA,0.6748873222439299,2.92495740077544,1.0,2.92495740077544,4285,1492,True
panel_od_011,12:50:00,ABS_OBS_EXPLORATORY,UNIT_BOUNDARY_PRIMARY,S2,0.18971932572110103,0.8222423618701364,2.0,0.4111211809350682,4285,1492,True
panel_od_011,12:50:00,ABS_OBS_EXPLORATORY,UNIT_BOUNDARY_PRIMARY,S3,0.11461122477720509,0.4967243257873165,3.627,0.13695184058100815,4285,1492,True
panel_od_011,12:50:00,ABS_RESTORE,UNIT_BOUNDARY_PRIMARY,DA,0.6748873222439299,2.92495740077544,1.0,2.92495740077544,4285,1492,True
panel_od_011,12:50:00,ABS_RESTORE,UNIT_BOUNDARY_PRIMARY,S2,0.18971932572110103,0.8222423618701364,2.0,0.4111211809350682,4285,1492,True
panel_od_011,12:50:00,ABS_RESTORE,UNIT_BOUNDARY_PRIMARY,S3,0.11461122477720509,0.4967243257873165,3.627,0.13695184058100815,4285,1492,True
panel_od_012,12:30:00,ABS_PLANNED,UNIT_BOUNDARY_PRIMARY,DA,0.6780145178034869,2.9272990347374876,1.0,2.9272990347374876,524,1492,True
panel_od_012,12:30:00,ABS_PLANNED,UNIT_BOUNDARY_PRIMARY,S2,0.1905984197763643,0.8229006246670849,2.0,0.41145031233354246,524,1492,True
panel_od_012,12:30:00,ABS_PLANNED,UNIT_BOUNDARY_PRIMARY,S3,0.11514229374440245,0.4971219885193381,3.627,0.1370614801542151,524,1492,True
panel_od_012,12:30:00,ABS_OBS_EXPLORATORY,UNIT_BOUNDARY_PRIMARY,DA,0.6780145178034869,2.9272990347374876,1.0,2.9272990347374876,524,1492,True
panel_od_012,12:30:00,ABS_OBS_EXPLORATORY,UNIT_BOUNDARY_PRIMARY,S2,0.1905984197763643,0.8229006246670849,2.0,0.41145031233354246,524,1492,True
panel_od_012,12:30:00,ABS_OBS_EXPLORATORY,UNIT_BOUNDARY_PRIMARY,S3,0.11514229374440245,0.4971219885193381,3.627,0.1370614801542151,524,1492,True
panel_od_012,12:30:00,ABS_RESTORE,UNIT_BOUNDARY_PRIMARY,DA,0.6780145178034869,2.9272990347374876,1.0,2.9272990347374876,524,1492,True
panel_od_012,12:30:00,ABS_RESTORE,UNIT_BOUNDARY_PRIMARY,S2,0.1905984197763643,0.8229006246670849,2.0,0.41145031233354246,524,1492,True
panel_od_012,12:30:00,ABS_RESTORE,UNIT_BOUNDARY_PRIMARY,S3,0.11514229374440245,0.4971219885193381,3.627,0.1370614801542151,524,1492,True
panel_od_012,12:40:00,ABS_PLANNED,UNIT_BOUNDARY_PRIMARY,DA,0.6764475090739068,2.920533540753103,1.0,2.920533540753103,524,1492,True
panel_od_012,12:40:00,ABS_PLANNED,UNIT_BOUNDARY_PRIMARY,S2,0.1901579138877864,0.8209987591043715,2.0,0.41049937955218574,524,1492,True
panel_od_012,12:40:00,ABS_PLANNED,UNIT_BOUNDARY_PRIMARY,S3,0.11487618000390928,0.49597305368797245,3.627,0.13674470738571065,524,1492,True
panel_od_012,12:40:00,ABS_OBS_EXPLORATORY,UNIT_BOUNDARY_PRIMARY,DA,0.6764475090739068,2.920533540753103,1.0,2.920533540753103,524,1492,True
panel_od_012,12:40:00,ABS_OBS_EXPLORATORY,UNIT_BOUNDARY_PRIMARY,S2,0.1901579138877864,0.8209987591043715,2.0,0.41049937955218574,524,1492,True
panel_od_012,12:40:00,ABS_OBS_EXPLORATORY,UNIT_BOUNDARY_PRIMARY,S3,0.11487618000390928,0.49597305368797245,3.627,0.13674470738571065,524,1492,True
panel_od_012,12:40:00,ABS_RESTORE,UNIT_BOUNDARY_PRIMARY,DA,0.6764475090739068,2.920533540753103,1.0,2.920533540753103,524,1492,True
panel_od_012,12:40:00,ABS_RESTORE,UNIT_BOUNDARY_PRIMARY,S2,0.1901579138877864,0.8209987591043715,2.0,0.41049937955218574,524,1492,True
panel_od_012,12:40:00,ABS_RESTORE,UNIT_BOUNDARY_PRIMARY,S3,0.11487618000390928,0.49597305368797245,3.627,0.13674470738571065,524,1492,True
panel_od_012,12:50:00,ABS_PLANNED,UNIT_BOUNDARY_PRIMARY,DA,0.6780145178034869,2.9272990347374876,1.0,2.9272990347374876,524,1492,True
panel_od_012,12:50:00,ABS_PLANNED,UNIT_BOUNDARY_PRIMARY,S2,0.1905984197763643,0.8229006246670849,2.0,0.41145031233354246,524,1492,True
panel_od_012,12:50:00,ABS_PLANNED,UNIT_BOUNDARY_PRIMARY,S3,0.11514229374440245,0.4971219885193381,3.627,0.1370614801542151,524,1492,True
panel_od_012,12:50:00,ABS_OBS_EXPLORATORY,UNIT_BOUNDARY_PRIMARY,DA,0.6780145178034869,2.9272990347374876,1.0,2.9272990347374876,524,1492,True
panel_od_012,12:50:00,ABS_OBS_EXPLORATORY,UNIT_BOUNDARY_PRIMARY,S2,0.1905984197763643,0.8229006246670849,2.0,0.41145031233354246,524,1492,True
panel_od_012,12:50:00,ABS_OBS_EXPLORATORY,UNIT_BOUNDARY_PRIMARY,S3,0.11514229374440245,0.4971219885193381,3.627,0.1370614801542151,524,1492,True
panel_od_012,12:50:00,ABS_RESTORE,UNIT_BOUNDARY_PRIMARY,DA,0.6780145178034869,2.9272990347374876,1.0,2.9272990347374876,524,1492,True
panel_od_012,12:50:00,ABS_RESTORE,UNIT_BOUNDARY_PRIMARY,S2,0.1905984197763643,0.8229006246670849,2.0,0.41145031233354246,524,1492,True
panel_od_012,12:50:00,ABS_RESTORE,UNIT_BOUNDARY_PRIMARY,S3,0.11514229374440245,0.4971219885193381,3.627,0.1370614801542151,524,1492,True
panel_od_018,12:30:00,ABS_PLANNED,UNIT_BOUNDARY_PRIMARY,DA,0.6789631415513966,1.897524747228254,1.0,1.897524747228254,5039,2032,True
panel_od_018,12:30:00,ABS_PLANNED,UNIT_BOUNDARY_PRIMARY,S2,0.19086508985873904,0.5334181036121618,2.0,0.2667090518060809,5039,2032,True
panel_od_018,12:30:00,ABS_PLANNED,UNIT_BOUNDARY_PRIMARY,S3,0.115303391643292,0.32224288137728874,3.627,0.08884556972078543,5039,2032,True
panel_od_018,12:30:00,ABS_OBS_EXPLORATORY,UNIT_BOUNDARY_PRIMARY,DA,0.6789631415513966,1.897524747228254,1.0,1.897524747228254,5039,2032,True
panel_od_018,12:30:00,ABS_OBS_EXPLORATORY,UNIT_BOUNDARY_PRIMARY,S2,0.19086508985873904,0.5334181036121618,2.0,0.2667090518060809,5039,2032,True
panel_od_018,12:30:00,ABS_OBS_EXPLORATORY,UNIT_BOUNDARY_PRIMARY,S3,0.115303391643292,0.32224288137728874,3.627,0.08884556972078543,5039,2032,True
panel_od_018,12:30:00,ABS_RESTORE,UNIT_BOUNDARY_PRIMARY,DA,0.6789631415513966,1.897524747228254,1.0,1.897524747228254,5039,2032,True
panel_od_018,12:30:00,ABS_RESTORE,UNIT_BOUNDARY_PRIMARY,S2,0.19086508985873904,0.5334181036121618,2.0,0.2667090518060809,5039,2032,True
panel_od_018,12:30:00,ABS_RESTORE,UNIT_BOUNDARY_PRIMARY,S3,0.115303391643292,0.32224288137728874,3.627,0.08884556972078543,5039,2032,True
panel_od_018,12:40:00,ABS_PLANNED,UNIT_BOUNDARY_PRIMARY,DA,0.6770690208442297,1.8922311742842584,1.0,1.8922311742842584,5039,2032,True
panel_od_018,12:40:00,ABS_PLANNED,UNIT_BOUNDARY_PRIMARY,S2,0.1903326286736581,0.5319300135910733,2.0,0.26596500679553664,5039,2032,True
panel_od_018,12:40:00,ABS_PLANNED,UNIT_BOUNDARY_PRIMARY,S3,0.11498172684537805,0.321343912233015,3.627,0.08859771498015302,5039,2032,True
panel_od_018,12:40:00,ABS_OBS_EXPLORATORY,UNIT_BOUNDARY_PRIMARY,DA,0.6770690208442297,1.8922311742842584,1.0,1.8922311742842584,5039,2032,True
panel_od_018,12:40:00,ABS_OBS_EXPLORATORY,UNIT_BOUNDARY_PRIMARY,S2,0.1903326286736581,0.5319300135910733,2.0,0.26596500679553664,5039,2032,True
panel_od_018,12:40:00,ABS_OBS_EXPLORATORY,UNIT_BOUNDARY_PRIMARY,S3,0.11498172684537805,0.321343912233015,3.627,0.08859771498015302,5039,2032,True
panel_od_018,12:40:00,ABS_RESTORE,UNIT_BOUNDARY_PRIMARY,DA,0.6770690208442297,1.8922311742842584,1.0,1.8922311742842584,5039,2032,True
panel_od_018,12:40:00,ABS_RESTORE,UNIT_BOUNDARY_PRIMARY,S2,0.1903326286736581,0.5319300135910733,2.0,0.26596500679553664,5039,2032,True
panel_od_018,12:40:00,ABS_RESTORE,UNIT_BOUNDARY_PRIMARY,S3,0.11498172684537805,0.321343912233015,3.627,0.08859771498015302,5039,2032,True
panel_od_018,12:50:00,ABS_PLANNED,UNIT_BOUNDARY_PRIMARY,DA,0.677572556608051,1.893638425303485,1.0,1.893638425303485,5039,2032,True
panel_od_018,12:50:00,ABS_PLANNED,UNIT_BOUNDARY_PRIMARY,S2,0.19047417891832863,0.5323256095753042,2.0,0.2661628047876521,5039,2032,True
panel_od_018,12:50:00,ABS_PLANNED,UNIT_BOUNDARY_PRIMARY,S3,0.11506723867632905,0.32158289547890895,3.627,0.08866360503967713,5039,2032,True
panel_od_018,12:50:00,ABS_OBS_EXPLORATORY,UNIT_BOUNDARY_PRIMARY,DA,0.677572556608051,1.893638425303485,1.0,1.893638425303485,5039,2032,True
panel_od_018,12:50:00,ABS_OBS_EXPLORATORY,UNIT_BOUNDARY_PRIMARY,S2,0.19047417891832863,0.5323256095753042,2.0,0.2661628047876521,5039,2032,True
panel_od_018,12:50:00,ABS_OBS_EXPLORATORY,UNIT_BOUNDARY_PRIMARY,S3,0.11506723867632905,0.32158289547890895,3.627,0.08866360503967713,5039,2032,True
panel_od_018,12:50:00,ABS_RESTORE,UNIT_BOUNDARY_PRIMARY,DA,0.677572556608051,1.893638425303485,1.0,1.893638425303485,5039,2032,True
panel_od_018,12:50:00,ABS_RESTORE,UNIT_BOUNDARY_PRIMARY,S2,0.19047417891832863,0.5323256095753042,2.0,0.2661628047876521,5039,2032,True
panel_od_018,12:50:00,ABS_RESTORE,UNIT_BOUNDARY_PRIMARY,S3,0.11506723867632905,0.32158289547890895,3.627,0.08866360503967713,5039,2032,True
panel_od_019,12:30:00,ABS_PLANNED,UNIT_BOUNDARY_PRIMARY,DA,0.6790438828288087,1.8465326896859333,1.0,1.8465326896859333,5039,4914,True
panel_od_019,12:30:00,ABS_PLANNED,UNIT_BOUNDARY_PRIMARY,S2,0.19088778724866415,0.5190835940500397,2.0,0.25954179702501984,5039,4914,True
panel_od_019,12:30:00,ABS_PLANNED,UNIT_BOUNDARY_PRIMARY,S3,0.11531710334951209,0.31358326965217365,3.627,0.08645802857793594,5039,4914,True
panel_od_019,12:30:00,ABS_OBS_EXPLORATORY,UNIT_BOUNDARY_PRIMARY,DA,0.6787235882060922,1.845661708434011,1.0,1.845661708434011,5039,4914,True
panel_od_019,12:30:00,ABS_OBS_EXPLORATORY,UNIT_BOUNDARY_PRIMARY,S2,0.190797748396472,0.5188387502511058,2.0,0.2594193751255529,5039,4914,True
panel_od_019,12:30:00,ABS_OBS_EXPLORATORY,UNIT_BOUNDARY_PRIMARY,S3,0.11526271003408124,0.31343535721590365,3.627,0.0864172476470647,5039,4914,True
panel_od_019,12:30:00,ABS_RESTORE,UNIT_BOUNDARY_PRIMARY,DA,0.6790438828288087,1.8465326896859333,1.0,1.8465326896859333,5039,4914,True
panel_od_019,12:30:00,ABS_RESTORE,UNIT_BOUNDARY_PRIMARY,S2,0.19088778724866415,0.5190835940500397,2.0,0.25954179702501984,5039,4914,True
panel_od_019,12:30:00,ABS_RESTORE,UNIT_BOUNDARY_PRIMARY,S3,0.11531710334951209,0.31358326965217365,3.627,0.08645802857793594,5039,4914,True
panel_od_019,12:40:00,ABS_PLANNED,UNIT_BOUNDARY_PRIMARY,DA,0.6795282947057221,1.8478499570800029,1.0,1.8478499570800029,5039,4914,True
panel_od_019,12:40:00,ABS_PLANNED,UNIT_BOUNDARY_PRIMARY,S2,0.19102396152788118,0.5194538945039973,2.0,0.25972694725199863,5039,4914,True
panel_od_019,12:40:00,ABS_PLANNED,UNIT_BOUNDARY_PRIMARY,S3,0.11539936750929074,0.3138069716308853,3.627,0.08651970544000145,5039,4914,True
panel_od_019,12:40:00,ABS_OBS_EXPLORATORY,UNIT_BOUNDARY_PRIMARY,DA,0.6795282947057221,1.8478499570800029,1.0,1.8478499570800029,5039,4914,True
panel_od_019,12:40:00,ABS_OBS_EXPLORATORY,UNIT_BOUNDARY_PRIMARY,S2,0.19102396152788118,0.5194538945039973,2.0,0.25972694725199863,5039,4914,True
panel_od_019,12:40:00,ABS_OBS_EXPLORATORY,UNIT_BOUNDARY_PRIMARY,S3,0.11539936750929074,0.3138069716308853,3.627,0.08651970544000145,5039,4914,True
panel_od_019,12:40:00,ABS_RESTORE,UNIT_BOUNDARY_PRIMARY,DA,0.6795282947057221,1.8478499570800029,1.0,1.8478499570800029,5039,4914,True
panel_od_019,12:40:00,ABS_RESTORE,UNIT_BOUNDARY_PRIMARY,S2,0.19102396152788118,0.5194538945039973,2.0,0.25972694725199863,5039,4914,True
panel_od_019,12:40:00,ABS_RESTORE,UNIT_BOUNDARY_PRIMARY,S3,0.11539936750929074,0.3138069716308853,3.627,0.08651970544000145,5039,4914,True
panel_od_019,12:50:00,ABS_PLANNED,UNIT_BOUNDARY_PRIMARY,DA,0.6782063118625412,1.8442550722767288,1.0,1.8442550722767288,5039,4914,True
panel_od_019,12:50:00,ABS_PLANNED,UNIT_BOUNDARY_PRIMARY,S2,0.19065233550179253,0.5184433271123111,2.0,0.25922166355615556,5039,4914,True
panel_od_019,12:50:00,ABS_PLANNED,UNIT_BOUNDARY_PRIMARY,S3,0.11517486474001713,0.31319647838755943,3.627,0.08635138637649833,5039,4914,True
panel_od_019,12:50:00,ABS_OBS_EXPLORATORY,UNIT_BOUNDARY_PRIMARY,DA,0.6781371752284312,1.844067068145969,1.0,1.844067068145969,5039,4914,True
panel_od_019,12:50:00,ABS_OBS_EXPLORATORY,UNIT_BOUNDARY_PRIMARY,S2,0.19063290032324692,0.5183904767834563,2.0,0.25919523839172814,5039,4914,True
panel_od_019,12:50:00,ABS_OBS_EXPLORATORY,UNIT_BOUNDARY_PRIMARY,S3,0.11516312376630025,0.3131645510080112,3.627,0.08634258368017955,5039,4914,True
panel_od_019,12:50:00,ABS_RESTORE,UNIT_BOUNDARY_PRIMARY,DA,0.6782063118625412,1.8442550722767288,1.0,1.8442550722767288,5039,4914,True
panel_od_019,12:50:00,ABS_RESTORE,UNIT_BOUNDARY_PRIMARY,S2,0.19065233550179253,0.5184433271123111,2.0,0.25922166355615556,5039,4914,True
panel_od_019,12:50:00,ABS_RESTORE,UNIT_BOUNDARY_PRIMARY,S3,0.11517486474001713,0.31319647838755943,3.627,0.08635138637649833,5039,4914,True
panel_od_021,12:30:00,ABS_PLANNED,UNIT_BOUNDARY_PRIMARY,DA,0.6759290600608381,1.8246667758854769,1.0,1.8246667758854769,4575,2032,True
panel_od_021,12:30:00,ABS_PLANNED,UNIT_BOUNDARY_PRIMARY,S2,0.19001217134093706,0.5129368103044133,2.0,0.25646840515220665,4575,2032,True
panel_od_021,12:30:00,ABS_PLANNED,UNIT_BOUNDARY_PRIMARY,S3,0.11478813556387629,0.3098699399170548,3.627,0.08543422661071266,4575,2032,True
panel_od_021,12:30:00,ABS_OBS_EXPLORATORY,UNIT_BOUNDARY_PRIMARY,DA,0.6759290600608381,1.8246667758854769,1.0,1.8246667758854769,4575,2032,True
panel_od_021,12:30:00,ABS_OBS_EXPLORATORY,UNIT_BOUNDARY_PRIMARY,S2,0.19001217134093706,0.5129368103044133,2.0,0.25646840515220665,4575,2032,True
panel_od_021,12:30:00,ABS_OBS_EXPLORATORY,UNIT_BOUNDARY_PRIMARY,S3,0.11478813556387629,0.3098699399170548,3.627,0.08543422661071266,4575,2032,True
panel_od_021,12:30:00,ABS_RESTORE,UNIT_BOUNDARY_PRIMARY,DA,0.6759290600608381,1.8246667758854769,1.0,1.8246667758854769,4575,2032,True
panel_od_021,12:30:00,ABS_RESTORE,UNIT_BOUNDARY_PRIMARY,S2,0.19001217134093706,0.5129368103044133,2.0,0.25646840515220665,4575,2032,True
panel_od_021,12:30:00,ABS_RESTORE,UNIT_BOUNDARY_PRIMARY,S3,0.11478813556387629,0.3098699399170548,3.627,0.08543422661071266,4575,2032,True
panel_od_021,12:40:00,ABS_PLANNED,UNIT_BOUNDARY_PRIMARY,DA,0.6770065481405442,1.8275754490238614,1.0,1.8275754490238614,4575,2032,True
panel_od_021,12:40:00,ABS_PLANNED,UNIT_BOUNDARY_PRIMARY,S2,0.19031506680987947,0.5137544749550434,2.0,0.2568772374775217,4575,2032,True
panel_od_021,12:40:00,ABS_PLANNED,UNIT_BOUNDARY_PRIMARY,S3,0.11497111755868894,0.3103638988045301,3.627,0.08557041599242628,4575,2032,True
panel_od_021,12:40:00,ABS_OBS_EXPLORATORY,UNIT_BOUNDARY_PRIMARY,DA,0.6770065481405442,1.8275754490238614,1.0,1.8275754490238614,4575,2032,True
panel_od_021,12:40:00,ABS_OBS_EXPLORATORY,UNIT_BOUNDARY_PRIMARY,S2,0.19031506680987947,0.5137544749550434,2.0,0.2568772374775217,4575,2032,True
panel_od_021,12:40:00,ABS_OBS_EXPLORATORY,UNIT_BOUNDARY_PRIMARY,S3,0.11497111755868894,0.3103638988045301,3.627,0.08557041599242628,4575,2032,True
panel_od_021,12:40:00,ABS_RESTORE,UNIT_BOUNDARY_PRIMARY,DA,0.6770065481405442,1.8275754490238614,1.0,1.8275754490238614,4575,2032,True
panel_od_021,12:40:00,ABS_RESTORE,UNIT_BOUNDARY_PRIMARY,S2,0.19031506680987947,0.5137544749550434,2.0,0.2568772374775217,4575,2032,True
panel_od_021,12:40:00,ABS_RESTORE,UNIT_BOUNDARY_PRIMARY,S3,0.11497111755868894,0.3103638988045301,3.627,0.08557041599242628,4575,2032,True
panel_od_021,12:50:00,ABS_PLANNED,UNIT_BOUNDARY_PRIMARY,DA,0.6775126300132814,1.8289416142527664,1.0,1.8289416142527664,4575,2032,True
panel_od_021,12:50:00,ABS_PLANNED,UNIT_BOUNDARY_PRIMARY,S2,0.19045733279783159,0.5141385212061862,2.0,0.2570692606030931,4575,2032,True
panel_od_021,12:50:00,ABS_PLANNED,UNIT_BOUNDARY_PRIMARY,S3,0.11505706177687207,0.310595904748296,3.627,0.08563438234030771,4575,2032,True
panel_od_021,12:50:00,ABS_OBS_EXPLORATORY,UNIT_BOUNDARY_PRIMARY,DA,0.6775126300132814,1.8289416142527664,1.0,1.8289416142527664,4575,2032,True
panel_od_021,12:50:00,ABS_OBS_EXPLORATORY,UNIT_BOUNDARY_PRIMARY,S2,0.19045733279783159,0.5141385212061862,2.0,0.2570692606030931,4575,2032,True
panel_od_021,12:50:00,ABS_OBS_EXPLORATORY,UNIT_BOUNDARY_PRIMARY,S3,0.11505706177687207,0.310595904748296,3.627,0.08563438234030771,4575,2032,True
panel_od_021,12:50:00,ABS_RESTORE,UNIT_BOUNDARY_PRIMARY,DA,0.6775126300132814,1.8289416142527664,1.0,1.8289416142527664,4575,2032,True
panel_od_021,12:50:00,ABS_RESTORE,UNIT_BOUNDARY_PRIMARY,S2,0.19045733279783159,0.5141385212061862,2.0,0.2570692606030931,4575,2032,True
panel_od_021,12:50:00,ABS_RESTORE,UNIT_BOUNDARY_PRIMARY,S3,0.11505706177687207,0.310595904748296,3.627,0.08563438234030771,4575,2032,True
panel_od_022,12:30:00,ABS_PLANNED,UNIT_BOUNDARY_PRIMARY,DA,0.6770268900981486,1.7329192244408638,1.0,1.7329192244408638,5039,1492,True
panel_od_022,12:30:00,ABS_PLANNED,UNIT_BOUNDARY_PRIMARY,S2,0.1903207851903459,0.4871454181372586,2.0,0.2435727090686293,5039,1492,True
panel_od_022,12:30:00,ABS_PLANNED,UNIT_BOUNDARY_PRIMARY,S3,0.11497457208598344,0.2942891179119614,3.627,0.08113843890597226,5039,1492,True
panel_od_022,12:30:00,ABS_OBS_EXPLORATORY,UNIT_BOUNDARY_PRIMARY,DA,0.6766442275100082,1.7319397606039595,1.0,1.7319397606039595,5039,1492,True
panel_od_022,12:30:00,ABS_OBS_EXPLORATORY,UNIT_BOUNDARY_PRIMARY,S2,0.1902132139176195,0.48687007851747166,2.0,0.24343503925873583,5039,1492,True
panel_od_022,12:30:00,ABS_OBS_EXPLORATORY,UNIT_BOUNDARY_PRIMARY,S3,0.11490958727080365,0.2941227826641761,3.627,0.08109257862260162,5039,1492,True
panel_od_022,12:30:00,ABS_RESTORE,UNIT_BOUNDARY_PRIMARY,DA,0.6770268900981486,1.7329192244408638,1.0,1.7329192244408638,5039,1492,True
panel_od_022,12:30:00,ABS_RESTORE,UNIT_BOUNDARY_PRIMARY,S2,0.1903207851903459,0.4871454181372586,2.0,0.2435727090686293,5039,1492,True
panel_od_022,12:30:00,ABS_RESTORE,UNIT_BOUNDARY_PRIMARY,S3,0.11497457208598344,0.2942891179119614,3.627,0.08113843890597226,5039,1492,True
panel_od_022,12:40:00,ABS_PLANNED,UNIT_BOUNDARY_PRIMARY,DA,0.6770971743931367,1.7330991242465321,1.0,1.7330991242465321,5039,1492,True
panel_od_022,12:40:00,ABS_PLANNED,UNIT_BOUNDARY_PRIMARY,S2,0.19034054299081782,0.48719599023826554,2.0,0.24359799511913277,5039,1492,True
panel_od_022,12:40:00,ABS_PLANNED,UNIT_BOUNDARY_PRIMARY,S3,0.1149865079586331,0.2943196689926904,3.627,0.08114686214300812,5039,1492,True
panel_od_022,12:40:00,ABS_OBS_EXPLORATORY,UNIT_BOUNDARY_PRIMARY,DA,0.6770971743931367,1.7330991242465321,1.0,1.7330991242465321,5039,1492,True
panel_od_022,12:40:00,ABS_OBS_EXPLORATORY,UNIT_BOUNDARY_PRIMARY,S2,0.19034054299081782,0.48719599023826554,2.0,0.24359799511913277,5039,1492,True
panel_od_022,12:40:00,ABS_OBS_EXPLORATORY,UNIT_BOUNDARY_PRIMARY,S3,0.1149865079586331,0.2943196689926904,3.627,0.08114686214300812,5039,1492,True
panel_od_022,12:40:00,ABS_RESTORE,UNIT_BOUNDARY_PRIMARY,DA,0.6770971743931367,1.7330991242465321,1.0,1.7330991242465321,5039,1492,True
panel_od_022,12:40:00,ABS_RESTORE,UNIT_BOUNDARY_PRIMARY,S2,0.19034054299081782,0.48719599023826554,2.0,0.24359799511913277,5039,1492,True
panel_od_022,12:40:00,ABS_RESTORE,UNIT_BOUNDARY_PRIMARY,S3,0.1149865079586331,0.2943196689926904,3.627,0.08114686214300812,5039,1492,True
panel_od_022,12:50:00,ABS_PLANNED,UNIT_BOUNDARY_PRIMARY,DA,0.6760263779921848,1.7303583118861803,1.0,1.7303583118861803,5039,1492,True
panel_od_022,12:50:00,ABS_PLANNED,UNIT_BOUNDARY_PRIMARY,S2,0.1900395286370473,0.4864255133663558,2.0,0.2432127566831779,5039,1492,True
panel_od_022,12:50:00,ABS_PLANNED,UNIT_BOUNDARY_PRIMARY,S3,0.11480466236314603,0.29385421668509626,3.627,0.0810185323090974,5039,1492,True
panel_od_022,12:50:00,ABS_OBS_EXPLORATORY,UNIT_BOUNDARY_PRIMARY,DA,0.6759438133823032,1.7301469793648068,1.0,1.7301469793648068,5039,1492,True
panel_od_022,12:50:00,ABS_OBS_EXPLORATORY,UNIT_BOUNDARY_PRIMARY,S2,0.19001631868540222,0.4863661051331049,2.0,0.24318305256655245,5039,1492,True
panel_od_022,12:50:00,ABS_OBS_EXPLORATORY,UNIT_BOUNDARY_PRIMARY,S3,0.11479064101358162,0.29381832761397053,3.627,0.08100863733497947,5039,1492,True
panel_od_022,12:50:00,ABS_RESTORE,UNIT_BOUNDARY_PRIMARY,DA,0.6760263779921848,1.7303583118861803,1.0,1.7303583118861803,5039,1492,True
panel_od_022,12:50:00,ABS_RESTORE,UNIT_BOUNDARY_PRIMARY,S2,0.1900395286370473,0.4864255133663558,2.0,0.2432127566831779,5039,1492,True
panel_od_022,12:50:00,ABS_RESTORE,UNIT_BOUNDARY_PRIMARY,S3,0.11480466236314603,0.29385421668509626,3.627,0.0810185323090974,5039,1492,True
panel_od_024,12:30:00,ABS_PLANNED,UNIT_BOUNDARY_PRIMARY,DA,0.6770103403016774,1.7046533716468433,1.0,1.7046533716468433,4575,4914,True
panel_od_024,12:30:00,ABS_PLANNED,UNIT_BOUNDARY_PRIMARY,S2,0.19031613283413198,0.47919953094058787,2.0,0.23959976547029394,4575,4914,True
panel_od_024,12:30:00,ABS_PLANNED,UNIT_BOUNDARY_PRIMARY,S3,0.11497176155394222,0.2894889329013383,3.627,0.07981498012168137,4575,4914,True
panel_od_024,12:30:00,ABS_OBS_EXPLORATORY,UNIT_BOUNDARY_PRIMARY,DA,0.6769338257429761,1.7044607146182784,1.0,1.7044607146182784,4575,4914,True
panel_od_024,12:30:00,ABS_OBS_EXPLORATORY,UNIT_BOUNDARY_PRIMARY,S2,0.19029462362806723,0.47914537262356216,2.0,0.23957268631178108,4575,4914,True
panel_od_024,12:30:00,ABS_OBS_EXPLORATORY,UNIT_BOUNDARY_PRIMARY,S3,0.11495876764074071,0.2894562153538634,3.627,0.07980595956820055,4575,4914,True
panel_od_024,12:30:00,ABS_RESTORE,UNIT_BOUNDARY_PRIMARY,DA,0.6770103403016774,1.7046533716468433,1.0,1.7046533716468433,4575,4914,True
panel_od_024,12:30:00,ABS_RESTORE,UNIT_BOUNDARY_PRIMARY,S2,0.19031613283413198,0.47919953094058787,2.0,0.23959976547029394,4575,4914,True
panel_od_024,12:30:00,ABS_RESTORE,UNIT_BOUNDARY_PRIMARY,S3,0.11497176155394222,0.2894889329013383,3.627,0.07981498012168137,4575,4914,True
panel_od_024,12:40:00,ABS_PLANNED,UNIT_BOUNDARY_PRIMARY,DA,0.6793477846685515,1.7105388540151825,1.0,1.7105388540151825,4575,4914,True
panel_od_024,12:40:00,ABS_PLANNED,UNIT_BOUNDARY_PRIMARY,S2,0.19097321788311394,0.48085401415528545,2.0,0.24042700707764272,4575,4914,True
panel_od_024,12:40:00,ABS_PLANNED,UNIT_BOUNDARY_PRIMARY,S3,0.11536871279736652,0.29048842173511463,3.627,0.08009054914119511,4575,4914,True
panel_od_024,12:40:00,ABS_OBS_EXPLORATORY,UNIT_BOUNDARY_PRIMARY,DA,0.6793477846685515,1.7105388540151825,1.0,1.7105388540151825,4575,4914,True
panel_od_024,12:40:00,ABS_OBS_EXPLORATORY,UNIT_BOUNDARY_PRIMARY,S2,0.19097321788311394,0.48085401415528545,2.0,0.24042700707764272,4575,4914,True
panel_od_024,12:40:00,ABS_OBS_EXPLORATORY,UNIT_BOUNDARY_PRIMARY,S3,0.11536871279736652,0.29048842173511463,3.627,0.08009054914119511,4575,4914,True
panel_od_024,12:40:00,ABS_RESTORE,UNIT_BOUNDARY_PRIMARY,DA,0.6793477846685515,1.7105388540151825,1.0,1.7105388540151825,4575,4914,True
panel_od_024,12:40:00,ABS_RESTORE,UNIT_BOUNDARY_PRIMARY,S2,0.19097321788311394,0.48085401415528545,2.0,0.24042700707764272,4575,4914,True
panel_od_024,12:40:00,ABS_RESTORE,UNIT_BOUNDARY_PRIMARY,S3,0.11536871279736652,0.29048842173511463,3.627,0.08009054914119511,4575,4914,True
panel_od_024,12:50:00,ABS_PLANNED,UNIT_BOUNDARY_PRIMARY,DA,0.6780015622199453,1.7071491825443146,1.0,1.7071491825443146,4575,4914,True
panel_od_024,12:50:00,ABS_PLANNED,UNIT_BOUNDARY_PRIMARY,S2,0.19059477779866993,0.479901134815767,2.0,0.2399505674078835,4575,4914,True
panel_od_024,12:50:00,ABS_PLANNED,UNIT_BOUNDARY_PRIMARY,S3,0.11514009359150514,0.2899127783853821,3.627,0.07993183854022115,4575,4914,True
panel_od_024,12:50:00,ABS_OBS_EXPLORATORY,UNIT_BOUNDARY_PRIMARY,DA,0.6779311605977065,1.7069719173600557,1.0,1.7069719173600557,4575,4914,True
panel_od_024,12:50:00,ABS_OBS_EXPLORATORY,UNIT_BOUNDARY_PRIMARY,S2,0.19057498701603026,0.4798513033400185,2.0,0.23992565167000926,4575,4914,True
panel_od_024,12:50:00,ABS_OBS_EXPLORATORY,UNIT_BOUNDARY_PRIMARY,S3,0.11512813779401844,0.28988267472332085,3.627,0.07992353866096523,4575,4914,True
panel_od_024,12:50:00,ABS_RESTORE,UNIT_BOUNDARY_PRIMARY,DA,0.6780015622199453,1.7071491825443146,1.0,1.7071491825443146,4575,4914,True
panel_od_024,12:50:00,ABS_RESTORE,UNIT_BOUNDARY_PRIMARY,S2,0.19059477779866993,0.479901134815767,2.0,0.2399505674078835,4575,4914,True
panel_od_024,12:50:00,ABS_RESTORE,UNIT_BOUNDARY_PRIMARY,S3,0.11514009359150514,0.2899127783853821,3.627,0.07993183854022115,4575,4914,True
panel_od_025,12:30:00,ABS_PLANNED,UNIT_BOUNDARY_PRIMARY,DA,0.6792048499803833,1.2011426235185332,1.0,1.2011426235185332,,,False
panel_od_025,12:30:00,ABS_PLANNED,UNIT_BOUNDARY_PRIMARY,S2,0.19093303714217,0.33765631849644673,2.0,0.16882815924822336,,,False
panel_od_025,12:30:00,ABS_PLANNED,UNIT_BOUNDARY_PRIMARY,S3,0.11534443923475218,0.20398135018427166,3.627,0.056239688498558496,,,False
panel_od_025,12:30:00,ABS_OBS_EXPLORATORY,UNIT_BOUNDARY_PRIMARY,DA,0.6792048499803833,1.2011426235185332,1.0,1.2011426235185332,,,False
panel_od_025,12:30:00,ABS_OBS_EXPLORATORY,UNIT_BOUNDARY_PRIMARY,S2,0.19093303714217,0.33765631849644673,2.0,0.16882815924822336,,,False
panel_od_025,12:30:00,ABS_OBS_EXPLORATORY,UNIT_BOUNDARY_PRIMARY,S3,0.11534443923475218,0.20398135018427166,3.627,0.056239688498558496,,,False
panel_od_025,12:30:00,ABS_RESTORE,UNIT_BOUNDARY_PRIMARY,DA,0.6792048499803833,1.2011426235185332,1.0,1.2011426235185332,,,False
panel_od_025,12:30:00,ABS_RESTORE,UNIT_BOUNDARY_PRIMARY,S2,0.19093303714217,0.33765631849644673,2.0,0.16882815924822336,,,False
panel_od_025,12:30:00,ABS_RESTORE,UNIT_BOUNDARY_PRIMARY,S3,0.11534443923475218,0.20398135018427166,3.627,0.056239688498558496,,,False
panel_od_025,12:40:00,ABS_PLANNED,UNIT_BOUNDARY_PRIMARY,DA,0.6800201969558713,1.2025845272464644,1.0,1.2025845272464644,,,False
panel_od_025,12:40:00,ABS_PLANNED,UNIT_BOUNDARY_PRIMARY,S2,0.1911622414453476,0.33806165579350583,2.0,0.16903082789675292,,,False
panel_od_025,12:40:00,ABS_PLANNED,UNIT_BOUNDARY_PRIMARY,S3,0.11548290370489271,0.2042262182486465,3.627,0.05630720106111015,,,False
panel_od_025,12:40:00,ABS_OBS_EXPLORATORY,UNIT_BOUNDARY_PRIMARY,DA,0.6800201969558713,1.2025845272464644,1.0,1.2025845272464644,,,False
panel_od_025,12:40:00,ABS_OBS_EXPLORATORY,UNIT_BOUNDARY_PRIMARY,S2,0.1911622414453476,0.33806165579350583,2.0,0.16903082789675292,,,False
panel_od_025,12:40:00,ABS_OBS_EXPLORATORY,UNIT_BOUNDARY_PRIMARY,S3,0.11548290370489271,0.2042262182486465,3.627,0.05630720106111015,,,False
panel_od_025,12:40:00,ABS_RESTORE,UNIT_BOUNDARY_PRIMARY,DA,0.6800201969558713,1.2025845272464644,1.0,1.2025845272464644,,,False
panel_od_025,12:40:00,ABS_RESTORE,UNIT_BOUNDARY_PRIMARY,S2,0.1911622414453476,0.33806165579350583,2.0,0.16903082789675292,,,False
panel_od_025,12:40:00,ABS_RESTORE,UNIT_BOUNDARY_PRIMARY,S3,0.11548290370489271,0.2042262182486465,3.627,0.05630720106111015,,,False
panel_od_025,12:50:00,ABS_PLANNED,UNIT_BOUNDARY_PRIMARY,DA,0.6807441190026701,1.203864750181474,1.0,1.203864750181474,,,False
panel_od_025,12:50:00,ABS_PLANNED,UNIT_BOUNDARY_PRIMARY,S2,0.19136574504967765,0.33842154258348905,2.0,0.16921077129174453,,,False
panel_od_025,12:50:00,ABS_PLANNED,UNIT_BOUNDARY_PRIMARY,S3,0.11560584214171347,0.20444362923524123,3.627,0.05636714343403398,,,False
panel_od_025,12:50:00,ABS_OBS_EXPLORATORY,UNIT_BOUNDARY_PRIMARY,DA,0.6807441190026701,1.203864750181474,1.0,1.203864750181474,,,False
panel_od_025,12:50:00,ABS_OBS_EXPLORATORY,UNIT_BOUNDARY_PRIMARY,S2,0.19136574504967765,0.33842154258348905,2.0,0.16921077129174453,,,False
panel_od_025,12:50:00,ABS_OBS_EXPLORATORY,UNIT_BOUNDARY_PRIMARY,S3,0.11560584214171347,0.20444362923524123,3.627,0.05636714343403398,,,False
panel_od_025,12:50:00,ABS_RESTORE,UNIT_BOUNDARY_PRIMARY,DA,0.6807441190026701,1.203864750181474,1.0,1.203864750181474,,,False
panel_od_025,12:50:00,ABS_RESTORE,UNIT_BOUNDARY_PRIMARY,S2,0.19136574504967765,0.33842154258348905,2.0,0.16921077129174453,,,False
panel_od_025,12:50:00,ABS_RESTORE,UNIT_BOUNDARY_PRIMARY,S3,0.11560584214171347,0.20444362923524123,3.627,0.05636714343403398,,,False
panel_od_026,12:30:00,ABS_PLANNED,UNIT_BOUNDARY_PRIMARY,DA,0.6761652223860506,1.1765642982017042,1.0,1.1765642982017042,2682,2032,True
panel_od_026,12:30:00,ABS_PLANNED,UNIT_BOUNDARY_PRIMARY,S2,0.1900785595447502,0.33074704171382946,2.0,0.16537352085691473,2682,2032,True
panel_od_026,12:30:00,ABS_PLANNED,UNIT_BOUNDARY_PRIMARY,S3,0.11482824130071075,0.19980739125114438,3.627,0.05508888647674232,2682,2032,True
panel_od_026,12:30:00,ABS_OBS_EXPLORATORY,UNIT_BOUNDARY_PRIMARY,DA,0.6761652223860506,1.1765642982017042,1.0,1.1765642982017042,2682,2032,True
panel_od_026,12:30:00,ABS_OBS_EXPLORATORY,UNIT_BOUNDARY_PRIMARY,S2,0.1900785595447502,0.33074704171382946,2.0,0.16537352085691473,2682,2032,True
panel_od_026,12:30:00,ABS_OBS_EXPLORATORY,UNIT_BOUNDARY_PRIMARY,S3,0.11482824130071075,0.19980739125114438,3.627,0.05508888647674232,2682,2032,True
panel_od_026,12:30:00,ABS_RESTORE,UNIT_BOUNDARY_PRIMARY,DA,0.6761652223860506,1.1765642982017042,1.0,1.1765642982017042,2682,2032,True
panel_od_026,12:30:00,ABS_RESTORE,UNIT_BOUNDARY_PRIMARY,S2,0.1900785595447502,0.33074704171382946,2.0,0.16537352085691473,2682,2032,True
panel_od_026,12:30:00,ABS_RESTORE,UNIT_BOUNDARY_PRIMARY,S3,0.11482824130071075,0.19980739125114438,3.627,0.05508888647674232,2682,2032,True
panel_od_026,12:40:00,ABS_PLANNED,UNIT_BOUNDARY_PRIMARY,DA,0.6761652223860506,1.1765642982017042,1.0,1.1765642982017042,2682,2032,True
panel_od_026,12:40:00,ABS_PLANNED,UNIT_BOUNDARY_PRIMARY,S2,0.1900785595447502,0.33074704171382946,2.0,0.16537352085691473,2682,2032,True
panel_od_026,12:40:00,ABS_PLANNED,UNIT_BOUNDARY_PRIMARY,S3,0.11482824130071075,0.19980739125114438,3.627,0.05508888647674232,2682,2032,True
panel_od_026,12:40:00,ABS_OBS_EXPLORATORY,UNIT_BOUNDARY_PRIMARY,DA,0.6761652223860506,1.1765642982017042,1.0,1.1765642982017042,2682,2032,True
panel_od_026,12:40:00,ABS_OBS_EXPLORATORY,UNIT_BOUNDARY_PRIMARY,S2,0.1900785595447502,0.33074704171382946,2.0,0.16537352085691473,2682,2032,True
panel_od_026,12:40:00,ABS_OBS_EXPLORATORY,UNIT_BOUNDARY_PRIMARY,S3,0.11482824130071075,0.19980739125114438,3.627,0.05508888647674232,2682,2032,True
panel_od_026,12:40:00,ABS_RESTORE,UNIT_BOUNDARY_PRIMARY,DA,0.6761652223860506,1.1765642982017042,1.0,1.1765642982017042,2682,2032,True
panel_od_026,12:40:00,ABS_RESTORE,UNIT_BOUNDARY_PRIMARY,S2,0.1900785595447502,0.33074704171382946,2.0,0.16537352085691473,2682,2032,True
panel_od_026,12:40:00,ABS_RESTORE,UNIT_BOUNDARY_PRIMARY,S3,0.11482824130071075,0.19980739125114438,3.627,0.05508888647674232,2682,2032,True
panel_od_026,12:50:00,ABS_PLANNED,UNIT_BOUNDARY_PRIMARY,DA,0.6761652223860506,1.1765642982017042,1.0,1.1765642982017042,2682,2032,True
panel_od_026,12:50:00,ABS_PLANNED,UNIT_BOUNDARY_PRIMARY,S2,0.1900785595447502,0.33074704171382946,2.0,0.16537352085691473,2682,2032,True
panel_od_026,12:50:00,ABS_PLANNED,UNIT_BOUNDARY_PRIMARY,S3,0.11482824130071075,0.19980739125114438,3.627,0.05508888647674232,2682,2032,True
panel_od_026,12:50:00,ABS_OBS_EXPLORATORY,UNIT_BOUNDARY_PRIMARY,DA,0.6761652223860506,1.1765642982017042,1.0,1.1765642982017042,2682,2032,True
panel_od_026,12:50:00,ABS_OBS_EXPLORATORY,UNIT_BOUNDARY_PRIMARY,S2,0.1900785595447502,0.33074704171382946,2.0,0.16537352085691473,2682,2032,True
panel_od_026,12:50:00,ABS_OBS_EXPLORATORY,UNIT_BOUNDARY_PRIMARY,S3,0.11482824130071075,0.19980739125114438,3.627,0.05508888647674232,2682,2032,True
panel_od_026,12:50:00,ABS_RESTORE,UNIT_BOUNDARY_PRIMARY,DA,0.6761652223860506,1.1765642982017042,1.0,1.1765642982017042,2682,2032,True
panel_od_026,12:50:00,ABS_RESTORE,UNIT_BOUNDARY_PRIMARY,S2,0.1900785595447502,0.33074704171382946,2.0,0.16537352085691473,2682,2032,True
panel_od_026,12:50:00,ABS_RESTORE,UNIT_BOUNDARY_PRIMARY,S3,0.11482824130071075,0.19980739125114438,3.627,0.05508888647674232,2682,2032,True
panel_od_027,12:30:00,ABS_PLANNED,UNIT_BOUNDARY_PRIMARY,DA,0.6796963892773029,1.1487573642786286,1.0,1.1487573642786286,5012,2032,True
panel_od_027,12:30:00,ABS_PLANNED,UNIT_BOUNDARY_PRIMARY,S2,0.19107121502891253,0.3229301623913426,2.0,0.1614650811956713,5012,2032,True
panel_od_027,12:30:00,ABS_PLANNED,UNIT_BOUNDARY_PRIMARY,S3,0.11542791379263653,0.19508514110777808,3.627,0.05378691511104993,5012,2032,True
panel_od_027,12:30:00,ABS_OBS_EXPLORATORY,UNIT_BOUNDARY_PRIMARY,DA,0.6796963892773029,1.1487573642786286,1.0,1.1487573642786286,5012,2032,True
panel_od_027,12:30:00,ABS_OBS_EXPLORATORY,UNIT_BOUNDARY_PRIMARY,S2,0.19107121502891253,0.3229301623913426,2.0,0.1614650811956713,5012,2032,True
panel_od_027,12:30:00,ABS_OBS_EXPLORATORY,UNIT_BOUNDARY_PRIMARY,S3,0.11542791379263653,0.19508514110777808,3.627,0.05378691511104993,5012,2032,True
panel_od_027,12:30:00,ABS_RESTORE,UNIT_BOUNDARY_PRIMARY,DA,0.6796963892773029,1.1487573642786286,1.0,1.1487573642786286,5012,2032,True
panel_od_027,12:30:00,ABS_RESTORE,UNIT_BOUNDARY_PRIMARY,S2,0.19107121502891253,0.3229301623913426,2.0,0.1614650811956713,5012,2032,True
panel_od_027,12:30:00,ABS_RESTORE,UNIT_BOUNDARY_PRIMARY,S3,0.11542791379263653,0.19508514110777808,3.627,0.05378691511104993,5012,2032,True
panel_od_027,12:40:00,ABS_PLANNED,UNIT_BOUNDARY_PRIMARY,DA,0.6759701158660453,1.1424595758983649,1.0,1.1424595758983649,5012,2032,True
panel_od_027,12:40:00,ABS_PLANNED,UNIT_BOUNDARY_PRIMARY,S2,0.19002371264483198,0.32115977476416774,2.0,0.16057988738208387,5012,2032,True
panel_od_027,12:40:00,ABS_PLANNED,UNIT_BOUNDARY_PRIMARY,S3,0.11479510777384959,0.19401563333090985,3.627,0.05349204117201816,5012,2032,True
panel_od_027,12:40:00,ABS_OBS_EXPLORATORY,UNIT_BOUNDARY_PRIMARY,DA,0.6759701158660453,1.1424595758983649,1.0,1.1424595758983649,5012,2032,True
panel_od_027,12:40:00,ABS_OBS_EXPLORATORY,UNIT_BOUNDARY_PRIMARY,S2,0.19002371264483198,0.32115977476416774,2.0,0.16057988738208387,5012,2032,True
panel_od_027,12:40:00,ABS_OBS_EXPLORATORY,UNIT_BOUNDARY_PRIMARY,S3,0.11479510777384959,0.19401563333090985,3.627,0.05349204117201816,5012,2032,True
panel_od_027,12:40:00,ABS_RESTORE,UNIT_BOUNDARY_PRIMARY,DA,0.6759701158660453,1.1424595758983649,1.0,1.1424595758983649,5012,2032,True
panel_od_027,12:40:00,ABS_RESTORE,UNIT_BOUNDARY_PRIMARY,S2,0.19002371264483198,0.32115977476416774,2.0,0.16057988738208387,5012,2032,True
panel_od_027,12:40:00,ABS_RESTORE,UNIT_BOUNDARY_PRIMARY,S3,0.11479510777384959,0.19401563333090985,3.627,0.05349204117201816,5012,2032,True
panel_od_027,12:50:00,ABS_PLANNED,UNIT_BOUNDARY_PRIMARY,DA,0.6796963892773029,1.1487573642786286,1.0,1.1487573642786286,5012,2032,True
panel_od_027,12:50:00,ABS_PLANNED,UNIT_BOUNDARY_PRIMARY,S2,0.19107121502891253,0.3229301623913426,2.0,0.1614650811956713,5012,2032,True
panel_od_027,12:50:00,ABS_PLANNED,UNIT_BOUNDARY_PRIMARY,S3,0.11542791379263653,0.19508514110777808,3.627,0.05378691511104993,5012,2032,True
panel_od_027,12:50:00,ABS_OBS_EXPLORATORY,UNIT_BOUNDARY_PRIMARY,DA,0.6796963892773029,1.1487573642786286,1.0,1.1487573642786286,5012,2032,True
panel_od_027,12:50:00,ABS_OBS_EXPLORATORY,UNIT_BOUNDARY_PRIMARY,S2,0.19107121502891253,0.3229301623913426,2.0,0.1614650811956713,5012,2032,True
panel_od_027,12:50:00,ABS_OBS_EXPLORATORY,UNIT_BOUNDARY_PRIMARY,S3,0.11542791379263653,0.19508514110777808,3.627,0.05378691511104993,5012,2032,True
panel_od_027,12:50:00,ABS_RESTORE,UNIT_BOUNDARY_PRIMARY,DA,0.6796963892773029,1.1487573642786286,1.0,1.1487573642786286,5012,2032,True
panel_od_027,12:50:00,ABS_RESTORE,UNIT_BOUNDARY_PRIMARY,S2,0.19107121502891253,0.3229301623913426,2.0,0.1614650811956713,5012,2032,True
panel_od_027,12:50:00,ABS_RESTORE,UNIT_BOUNDARY_PRIMARY,S3,0.11542791379263653,0.19508514110777808,3.627,0.05378691511104993,5012,2032,True
panel_od_028,12:30:00,ABS_PLANNED,UNIT_BOUNDARY_PRIMARY,DA,0.6756455862145606,1.074189499388763,1.0,1.074189499388763,2682,4914,True
panel_od_028,12:30:00,ABS_PLANNED,UNIT_BOUNDARY_PRIMARY,S2,0.18993248327271772,0.3019681964733428,2.0,0.1509840982366714,2682,4914,True
panel_od_028,12:30:00,ABS_PLANNED,UNIT_BOUNDARY_PRIMARY,S3,0.11473999525416333,0.18242182081360955,3.627,0.05029551166628331,2682,4914,True
panel_od_028,12:30:00,ABS_OBS_EXPLORATORY,UNIT_BOUNDARY_PRIMARY,DA,0.6756455862145606,1.074189499388763,1.0,1.074189499388763,2682,4914,True
panel_od_028,12:30:00,ABS_OBS_EXPLORATORY,UNIT_BOUNDARY_PRIMARY,S2,0.18993248327271772,0.3019681964733428,2.0,0.1509840982366714,2682,4914,True
panel_od_028,12:30:00,ABS_OBS_EXPLORATORY,UNIT_BOUNDARY_PRIMARY,S3,0.11473999525416333,0.18242182081360955,3.627,0.05029551166628331,2682,4914,True
panel_od_028,12:30:00,ABS_RESTORE,UNIT_BOUNDARY_PRIMARY,DA,0.6756455862145606,1.074189499388763,1.0,1.074189499388763,2682,4914,True
panel_od_028,12:30:00,ABS_RESTORE,UNIT_BOUNDARY_PRIMARY,S2,0.18993248327271772,0.3019681964733428,2.0,0.1509840982366714,2682,4914,True
panel_od_028,12:30:00,ABS_RESTORE,UNIT_BOUNDARY_PRIMARY,S3,0.11473999525416333,0.18242182081360955,3.627,0.05029551166628331,2682,4914,True
panel_od_028,12:40:00,ABS_PLANNED,UNIT_BOUNDARY_PRIMARY,DA,0.6756455862145606,1.074189499388763,1.0,1.074189499388763,2682,4914,True
panel_od_028,12:40:00,ABS_PLANNED,UNIT_BOUNDARY_PRIMARY,S2,0.18993248327271772,0.3019681964733428,2.0,0.1509840982366714,2682,4914,True
panel_od_028,12:40:00,ABS_PLANNED,UNIT_BOUNDARY_PRIMARY,S3,0.11473999525416333,0.18242182081360955,3.627,0.05029551166628331,2682,4914,True
panel_od_028,12:40:00,ABS_OBS_EXPLORATORY,UNIT_BOUNDARY_PRIMARY,DA,0.6756455862145606,1.074189499388763,1.0,1.074189499388763,2682,4914,True
panel_od_028,12:40:00,ABS_OBS_EXPLORATORY,UNIT_BOUNDARY_PRIMARY,S2,0.18993248327271772,0.3019681964733428,2.0,0.1509840982366714,2682,4914,True
panel_od_028,12:40:00,ABS_OBS_EXPLORATORY,UNIT_BOUNDARY_PRIMARY,S3,0.11473999525416333,0.18242182081360955,3.627,0.05029551166628331,2682,4914,True
panel_od_028,12:40:00,ABS_RESTORE,UNIT_BOUNDARY_PRIMARY,DA,0.6756455862145606,1.074189499388763,1.0,1.074189499388763,2682,4914,True
panel_od_028,12:40:00,ABS_RESTORE,UNIT_BOUNDARY_PRIMARY,S2,0.18993248327271772,0.3019681964733428,2.0,0.1509840982366714,2682,4914,True
panel_od_028,12:40:00,ABS_RESTORE,UNIT_BOUNDARY_PRIMARY,S3,0.11473999525416333,0.18242182081360955,3.627,0.05029551166628331,2682,4914,True
panel_od_028,12:50:00,ABS_PLANNED,UNIT_BOUNDARY_PRIMARY,DA,0.6756455862145606,1.074189499388763,1.0,1.074189499388763,2682,4914,True
panel_od_028,12:50:00,ABS_PLANNED,UNIT_BOUNDARY_PRIMARY,S2,0.18993248327271772,0.3019681964733428,2.0,0.1509840982366714,2682,4914,True
panel_od_028,12:50:00,ABS_PLANNED,UNIT_BOUNDARY_PRIMARY,S3,0.11473999525416333,0.18242182081360955,3.627,0.05029551166628331,2682,4914,True
panel_od_028,12:50:00,ABS_OBS_EXPLORATORY,UNIT_BOUNDARY_PRIMARY,DA,0.6756455862145606,1.074189499388763,1.0,1.074189499388763,2682,4914,True
panel_od_028,12:50:00,ABS_OBS_EXPLORATORY,UNIT_BOUNDARY_PRIMARY,S2,0.18993248327271772,0.3019681964733428,2.0,0.1509840982366714,2682,4914,True
panel_od_028,12:50:00,ABS_OBS_EXPLORATORY,UNIT_BOUNDARY_PRIMARY,S3,0.11473999525416333,0.18242182081360955,3.627,0.05029551166628331,2682,4914,True
panel_od_028,12:50:00,ABS_RESTORE,UNIT_BOUNDARY_PRIMARY,DA,0.6756455862145606,1.074189499388763,1.0,1.074189499388763,2682,4914,True
panel_od_028,12:50:00,ABS_RESTORE,UNIT_BOUNDARY_PRIMARY,S2,0.18993248327271772,0.3019681964733428,2.0,0.1509840982366714,2682,4914,True
panel_od_028,12:50:00,ABS_RESTORE,UNIT_BOUNDARY_PRIMARY,S3,0.11473999525416333,0.18242182081360955,3.627,0.05029551166628331,2682,4914,True
panel_od_029,12:30:00,ABS_PLANNED,UNIT_BOUNDARY_PRIMARY,DA,0.6792884725204349,1.04335748390303,1.0,1.04335748390303,5012,4914,True
panel_od_029,12:30:00,ABS_PLANNED,UNIT_BOUNDARY_PRIMARY,S2,0.19095654449130928,0.2933009286261307,2.0,0.14665046431306536,5012,4914,True
panel_od_029,12:30:00,ABS_PLANNED,UNIT_BOUNDARY_PRIMARY,S3,0.1153586402449333,0.1771858429833838,3.627,0.04885190046412567,5012,4914,True
panel_od_029,12:30:00,ABS_OBS_EXPLORATORY,UNIT_BOUNDARY_PRIMARY,DA,0.6792884725204349,1.04335748390303,1.0,1.04335748390303,5012,4914,True
panel_od_029,12:30:00,ABS_OBS_EXPLORATORY,UNIT_BOUNDARY_PRIMARY,S2,0.19095654449130928,0.2933009286261307,2.0,0.14665046431306536,5012,4914,True
panel_od_029,12:30:00,ABS_OBS_EXPLORATORY,UNIT_BOUNDARY_PRIMARY,S3,0.1153586402449333,0.1771858429833838,3.627,0.04885190046412567,5012,4914,True
panel_od_029,12:30:00,ABS_RESTORE,UNIT_BOUNDARY_PRIMARY,DA,0.6792884725204349,1.04335748390303,1.0,1.04335748390303,5012,4914,True
panel_od_029,12:30:00,ABS_RESTORE,UNIT_BOUNDARY_PRIMARY,S2,0.19095654449130928,0.2933009286261307,2.0,0.14665046431306536,5012,4914,True
panel_od_029,12:30:00,ABS_RESTORE,UNIT_BOUNDARY_PRIMARY,S3,0.1153586402449333,0.1771858429833838,3.627,0.04885190046412567,5012,4914,True
panel_od_029,12:40:00,ABS_PLANNED,UNIT_BOUNDARY_PRIMARY,DA,0.6792884725204349,1.04335748390303,1.0,1.04335748390303,5012,4914,True
panel_od_029,12:40:00,ABS_PLANNED,UNIT_BOUNDARY_PRIMARY,S2,0.19095654449130928,0.2933009286261307,2.0,0.14665046431306536,5012,4914,True
panel_od_029,12:40:00,ABS_PLANNED,UNIT_BOUNDARY_PRIMARY,S3,0.1153586402449333,0.1771858429833838,3.627,0.04885190046412567,5012,4914,True
panel_od_029,12:40:00,ABS_OBS_EXPLORATORY,UNIT_BOUNDARY_PRIMARY,DA,0.6792884725204349,1.04335748390303,1.0,1.04335748390303,5012,4914,True
panel_od_029,12:40:00,ABS_OBS_EXPLORATORY,UNIT_BOUNDARY_PRIMARY,S2,0.19095654449130928,0.2933009286261307,2.0,0.14665046431306536,5012,4914,True
panel_od_029,12:40:00,ABS_OBS_EXPLORATORY,UNIT_BOUNDARY_PRIMARY,S3,0.1153586402449333,0.1771858429833838,3.627,0.04885190046412567,5012,4914,True
panel_od_029,12:40:00,ABS_RESTORE,UNIT_BOUNDARY_PRIMARY,DA,0.6792884725204349,1.04335748390303,1.0,1.04335748390303,5012,4914,True
panel_od_029,12:40:00,ABS_RESTORE,UNIT_BOUNDARY_PRIMARY,S2,0.19095654449130928,0.2933009286261307,2.0,0.14665046431306536,5012,4914,True
panel_od_029,12:40:00,ABS_RESTORE,UNIT_BOUNDARY_PRIMARY,S3,0.1153586402449333,0.1771858429833838,3.627,0.04885190046412567,5012,4914,True
panel_od_029,12:50:00,ABS_PLANNED,UNIT_BOUNDARY_PRIMARY,DA,0.6792884725204349,1.04335748390303,1.0,1.04335748390303,5012,4914,True
panel_od_029,12:50:00,ABS_PLANNED,UNIT_BOUNDARY_PRIMARY,S2,0.19095654449130928,0.2933009286261307,2.0,0.14665046431306536,5012,4914,True
panel_od_029,12:50:00,ABS_PLANNED,UNIT_BOUNDARY_PRIMARY,S3,0.1153586402449333,0.1771858429833838,3.627,0.04885190046412567,5012,4914,True
panel_od_029,12:50:00,ABS_OBS_EXPLORATORY,UNIT_BOUNDARY_PRIMARY,DA,0.6792884725204349,1.04335748390303,1.0,1.04335748390303,5012,4914,True
panel_od_029,12:50:00,ABS_OBS_EXPLORATORY,UNIT_BOUNDARY_PRIMARY,S2,0.19095654449130928,0.2933009286261307,2.0,0.14665046431306536,5012,4914,True
panel_od_029,12:50:00,ABS_OBS_EXPLORATORY,UNIT_BOUNDARY_PRIMARY,S3,0.1153586402449333,0.1771858429833838,3.627,0.04885190046412567,5012,4914,True
panel_od_029,12:50:00,ABS_RESTORE,UNIT_BOUNDARY_PRIMARY,DA,0.6792884725204349,1.04335748390303,1.0,1.04335748390303,5012,4914,True
panel_od_029,12:50:00,ABS_RESTORE,UNIT_BOUNDARY_PRIMARY,S2,0.19095654449130928,0.2933009286261307,2.0,0.14665046431306536,5012,4914,True
panel_od_029,12:50:00,ABS_RESTORE,UNIT_BOUNDARY_PRIMARY,S3,0.1153586402449333,0.1771858429833838,3.627,0.04885190046412567,5012,4914,True
panel_od_030,12:30:00,ABS_PLANNED,UNIT_BOUNDARY_PRIMARY,DA,0.6739180327377895,1.030928515271759,1.0,1.030928515271759,2682,1492,True
panel_od_030,12:30:00,ABS_PLANNED,UNIT_BOUNDARY_PRIMARY,S2,0.18944684623382593,0.289806989015155,2.0,0.1449034945075775,2682,1492,True
panel_od_030,12:30:00,ABS_PLANNED,UNIT_BOUNDARY_PRIMARY,S3,0.11444661736230645,0.1750751212812616,3.627,0.04826995348256455,2682,1492,True
panel_od_030,12:30:00,ABS_OBS_EXPLORATORY,UNIT_BOUNDARY_PRIMARY,DA,0.6739180327377895,1.030928515271759,1.0,1.030928515271759,2682,1492,True
panel_od_030,12:30:00,ABS_OBS_EXPLORATORY,UNIT_BOUNDARY_PRIMARY,S2,0.18944684623382593,0.289806989015155,2.0,0.1449034945075775,2682,1492,True
panel_od_030,12:30:00,ABS_OBS_EXPLORATORY,UNIT_BOUNDARY_PRIMARY,S3,0.11444661736230645,0.1750751212812616,3.627,0.04826995348256455,2682,1492,True
panel_od_030,12:30:00,ABS_RESTORE,UNIT_BOUNDARY_PRIMARY,DA,0.6739180327377895,1.030928515271759,1.0,1.030928515271759,2682,1492,True
panel_od_030,12:30:00,ABS_RESTORE,UNIT_BOUNDARY_PRIMARY,S2,0.18944684623382593,0.289806989015155,2.0,0.1449034945075775,2682,1492,True
panel_od_030,12:30:00,ABS_RESTORE,UNIT_BOUNDARY_PRIMARY,S3,0.11444661736230645,0.1750751212812616,3.627,0.04826995348256455,2682,1492,True
panel_od_030,12:40:00,ABS_PLANNED,UNIT_BOUNDARY_PRIMARY,DA,0.6739180327377895,1.030928515271759,1.0,1.030928515271759,2682,1492,True
panel_od_030,12:40:00,ABS_PLANNED,UNIT_BOUNDARY_PRIMARY,S2,0.18944684623382593,0.289806989015155,2.0,0.1449034945075775,2682,1492,True
panel_od_030,12:40:00,ABS_PLANNED,UNIT_BOUNDARY_PRIMARY,S3,0.11444661736230645,0.1750751212812616,3.627,0.04826995348256455,2682,1492,True
panel_od_030,12:40:00,ABS_OBS_EXPLORATORY,UNIT_BOUNDARY_PRIMARY,DA,0.6739180327377895,1.030928515271759,1.0,1.030928515271759,2682,1492,True
panel_od_030,12:40:00,ABS_OBS_EXPLORATORY,UNIT_BOUNDARY_PRIMARY,S2,0.18944684623382593,0.289806989015155,2.0,0.1449034945075775,2682,1492,True
panel_od_030,12:40:00,ABS_OBS_EXPLORATORY,UNIT_BOUNDARY_PRIMARY,S3,0.11444661736230645,0.1750751212812616,3.627,0.04826995348256455,2682,1492,True
panel_od_030,12:40:00,ABS_RESTORE,UNIT_BOUNDARY_PRIMARY,DA,0.6739180327377895,1.030928515271759,1.0,1.030928515271759,2682,1492,True
panel_od_030,12:40:00,ABS_RESTORE,UNIT_BOUNDARY_PRIMARY,S2,0.18944684623382593,0.289806989015155,2.0,0.1449034945075775,2682,1492,True
panel_od_030,12:40:00,ABS_RESTORE,UNIT_BOUNDARY_PRIMARY,S3,0.11444661736230645,0.1750751212812616,3.627,0.04826995348256455,2682,1492,True
panel_od_030,12:50:00,ABS_PLANNED,UNIT_BOUNDARY_PRIMARY,DA,0.6739180327377895,1.030928515271759,1.0,1.030928515271759,2682,1492,True
panel_od_030,12:50:00,ABS_PLANNED,UNIT_BOUNDARY_PRIMARY,S2,0.18944684623382593,0.289806989015155,2.0,0.1449034945075775,2682,1492,True
panel_od_030,12:50:00,ABS_PLANNED,UNIT_BOUNDARY_PRIMARY,S3,0.11444661736230645,0.1750751212812616,3.627,0.04826995348256455,2682,1492,True
panel_od_030,12:50:00,ABS_OBS_EXPLORATORY,UNIT_BOUNDARY_PRIMARY,DA,0.6739180327377895,1.030928515271759,1.0,1.030928515271759,2682,1492,True
panel_od_030,12:50:00,ABS_OBS_EXPLORATORY,UNIT_BOUNDARY_PRIMARY,S2,0.18944684623382593,0.289806989015155,2.0,0.1449034945075775,2682,1492,True
panel_od_030,12:50:00,ABS_OBS_EXPLORATORY,UNIT_BOUNDARY_PRIMARY,S3,0.11444661736230645,0.1750751212812616,3.627,0.04826995348256455,2682,1492,True
panel_od_030,12:50:00,ABS_RESTORE,UNIT_BOUNDARY_PRIMARY,DA,0.6739180327377895,1.030928515271759,1.0,1.030928515271759,2682,1492,True
panel_od_030,12:50:00,ABS_RESTORE,UNIT_BOUNDARY_PRIMARY,S2,0.18944684623382593,0.289806989015155,2.0,0.1449034945075775,2682,1492,True
panel_od_030,12:50:00,ABS_RESTORE,UNIT_BOUNDARY_PRIMARY,S3,0.11444661736230645,0.1750751212812616,3.627,0.04826995348256455,2682,1492,True
panel_od_031,12:30:00,ABS_PLANNED,UNIT_BOUNDARY_PRIMARY,DA,0.678489131134499,1.0003324349779437,1.0,1.0003324349779437,,,False
panel_od_031,12:30:00,ABS_PLANNED,UNIT_BOUNDARY_PRIMARY,S2,0.19073183956092696,0.28120604552172646,2.0,0.14060302276086323,,,False
panel_od_031,12:30:00,ABS_PLANNED,UNIT_BOUNDARY_PRIMARY,S3,0.11522289388811537,0.16987921061546832,3.627,0.04683738919643461,,,False
panel_od_031,12:30:00,ABS_OBS_EXPLORATORY,UNIT_BOUNDARY_PRIMARY,DA,0.678489131134499,1.0003324349779437,1.0,1.0003324349779437,,,False
panel_od_031,12:30:00,ABS_OBS_EXPLORATORY,UNIT_BOUNDARY_PRIMARY,S2,0.19073183956092696,0.28120604552172646,2.0,0.14060302276086323,,,False
panel_od_031,12:30:00,ABS_OBS_EXPLORATORY,UNIT_BOUNDARY_PRIMARY,S3,0.11522289388811537,0.16987921061546832,3.627,0.04683738919643461,,,False
panel_od_031,12:30:00,ABS_RESTORE,UNIT_BOUNDARY_PRIMARY,DA,0.678489131134499,1.0003324349779437,1.0,1.0003324349779437,,,False
panel_od_031,12:30:00,ABS_RESTORE,UNIT_BOUNDARY_PRIMARY,S2,0.19073183956092696,0.28120604552172646,2.0,0.14060302276086323,,,False
panel_od_031,12:30:00,ABS_RESTORE,UNIT_BOUNDARY_PRIMARY,S3,0.11522289388811537,0.16987921061546832,3.627,0.04683738919643461,,,False
panel_od_031,12:40:00,ABS_PLANNED,UNIT_BOUNDARY_PRIMARY,DA,0.6808011647988281,1.0037411885733358,1.0,1.0037411885733358,,,False
panel_od_031,12:40:00,ABS_PLANNED,UNIT_BOUNDARY_PRIMARY,S2,0.1913817813414046,0.2821642890867663,2.0,0.14108214454338314,,,False
panel_od_031,12:40:00,ABS_PLANNED,UNIT_BOUNDARY_PRIMARY,S3,0.11561552981601195,0.17045809454417013,3.627,0.0469969932572843,,,False
panel_od_031,12:40:00,ABS_OBS_EXPLORATORY,UNIT_BOUNDARY_PRIMARY,DA,0.6808011647988281,1.0037411885733358,1.0,1.0037411885733358,,,False
panel_od_031,12:40:00,ABS_OBS_EXPLORATORY,UNIT_BOUNDARY_PRIMARY,S2,0.1913817813414046,0.2821642890867663,2.0,0.14108214454338314,,,False
panel_od_031,12:40:00,ABS_OBS_EXPLORATORY,UNIT_BOUNDARY_PRIMARY,S3,0.11561552981601195,0.17045809454417013,3.627,0.0469969932572843,,,False
panel_od_031,12:40:00,ABS_RESTORE,UNIT_BOUNDARY_PRIMARY,DA,0.6808011647988281,1.0037411885733358,1.0,1.0037411885733358,,,False
panel_od_031,12:40:00,ABS_RESTORE,UNIT_BOUNDARY_PRIMARY,S2,0.1913817813414046,0.2821642890867663,2.0,0.14108214454338314,,,False
panel_od_031,12:40:00,ABS_RESTORE,UNIT_BOUNDARY_PRIMARY,S3,0.11561552981601195,0.17045809454417013,3.627,0.0469969932572843,,,False
panel_od_031,12:50:00,ABS_PLANNED,UNIT_BOUNDARY_PRIMARY,DA,0.6763547230488579,0.997185564174021,1.0,0.997185564174021,,,False
panel_od_031,12:50:00,ABS_PLANNED,UNIT_BOUNDARY_PRIMARY,S2,0.19013183056761068,0.28032142050748465,2.0,0.14016071025374233,,,False
panel_od_031,12:50:00,ABS_PLANNED,UNIT_BOUNDARY_PRIMARY,S3,0.1148604228254551,0.16934480034405586,3.627,0.04669004696555166,,,False
panel_od_031,12:50:00,ABS_OBS_EXPLORATORY,UNIT_BOUNDARY_PRIMARY,DA,0.6763547230488579,0.997185564174021,1.0,0.997185564174021,,,False
panel_od_031,12:50:00,ABS_OBS_EXPLORATORY,UNIT_BOUNDARY_PRIMARY,S2,0.19013183056761068,0.28032142050748465,2.0,0.14016071025374233,,,False
panel_od_031,12:50:00,ABS_OBS_EXPLORATORY,UNIT_BOUNDARY_PRIMARY,S3,0.1148604228254551,0.16934480034405586,3.627,0.04669004696555166,,,False
panel_od_031,12:50:00,ABS_RESTORE,UNIT_BOUNDARY_PRIMARY,DA,0.6763547230488579,0.997185564174021,1.0,0.997185564174021,,,False
panel_od_031,12:50:00,ABS_RESTORE,UNIT_BOUNDARY_PRIMARY,S2,0.19013183056761068,0.28032142050748465,2.0,0.14016071025374233,,,False
panel_od_031,12:50:00,ABS_RESTORE,UNIT_BOUNDARY_PRIMARY,S3,0.1148604228254551,0.16934480034405586,3.627,0.04669004696555166,,,False
panel_od_032,12:30:00,ABS_PLANNED,UNIT_BOUNDARY_PRIMARY,DA,0.6768437370158457,0.9781517081067997,1.0,0.9781517081067997,2032,2682,True
panel_od_032,12:30:00,ABS_PLANNED,UNIT_BOUNDARY_PRIMARY,S2,0.19026929855230576,0.2749707638572172,2.0,0.1374853819286086,2032,2682,True
panel_od_032,12:30:00,ABS_PLANNED,UNIT_BOUNDARY_PRIMARY,S3,0.11494346852485167,0.16611241845718913,3.627,0.04579884710702761,2032,2682,True
panel_od_032,12:30:00,ABS_OBS_EXPLORATORY,UNIT_BOUNDARY_PRIMARY,DA,0.6768437370158457,0.9781517081067997,1.0,0.9781517081067997,2032,2682,True
panel_od_032,12:30:00,ABS_OBS_EXPLORATORY,UNIT_BOUNDARY_PRIMARY,S2,0.19026929855230576,0.2749707638572172,2.0,0.1374853819286086,2032,2682,True
panel_od_032,12:30:00,ABS_OBS_EXPLORATORY,UNIT_BOUNDARY_PRIMARY,S3,0.11494346852485167,0.16611241845718913,3.627,0.04579884710702761,2032,2682,True
panel_od_032,12:30:00,ABS_RESTORE,UNIT_BOUNDARY_PRIMARY,DA,0.6768437370158457,0.9781517081067997,1.0,0.9781517081067997,2032,2682,True
panel_od_032,12:30:00,ABS_RESTORE,UNIT_BOUNDARY_PRIMARY,S2,0.19026929855230576,0.2749707638572172,2.0,0.1374853819286086,2032,2682,True
panel_od_032,12:30:00,ABS_RESTORE,UNIT_BOUNDARY_PRIMARY,S3,0.11494346852485167,0.16611241845718913,3.627,0.04579884710702761,2032,2682,True
panel_od_032,12:40:00,ABS_PLANNED,UNIT_BOUNDARY_PRIMARY,DA,0.6768437370158457,0.9781517081067997,1.0,0.9781517081067997,2032,2682,True
panel_od_032,12:40:00,ABS_PLANNED,UNIT_BOUNDARY_PRIMARY,S2,0.19026929855230576,0.2749707638572172,2.0,0.1374853819286086,2032,2682,True
panel_od_032,12:40:00,ABS_PLANNED,UNIT_BOUNDARY_PRIMARY,S3,0.11494346852485167,0.16611241845718913,3.627,0.04579884710702761,2032,2682,True
panel_od_032,12:40:00,ABS_OBS_EXPLORATORY,UNIT_BOUNDARY_PRIMARY,DA,0.6768437370158457,0.9781517081067997,1.0,0.9781517081067997,2032,2682,True
panel_od_032,12:40:00,ABS_OBS_EXPLORATORY,UNIT_BOUNDARY_PRIMARY,S2,0.19026929855230576,0.2749707638572172,2.0,0.1374853819286086,2032,2682,True
panel_od_032,12:40:00,ABS_OBS_EXPLORATORY,UNIT_BOUNDARY_PRIMARY,S3,0.11494346852485167,0.16611241845718913,3.627,0.04579884710702761,2032,2682,True
panel_od_032,12:40:00,ABS_RESTORE,UNIT_BOUNDARY_PRIMARY,DA,0.6768437370158457,0.9781517081067997,1.0,0.9781517081067997,2032,2682,True
panel_od_032,12:40:00,ABS_RESTORE,UNIT_BOUNDARY_PRIMARY,S2,0.19026929855230576,0.2749707638572172,2.0,0.1374853819286086,2032,2682,True
panel_od_032,12:40:00,ABS_RESTORE,UNIT_BOUNDARY_PRIMARY,S3,0.11494346852485167,0.16611241845718913,3.627,0.04579884710702761,2032,2682,True
panel_od_032,12:50:00,ABS_PLANNED,UNIT_BOUNDARY_PRIMARY,DA,0.6768437370158457,0.9781517081067997,1.0,0.9781517081067997,2032,2682,True
panel_od_032,12:50:00,ABS_PLANNED,UNIT_BOUNDARY_PRIMARY,S2,0.19026929855230576,0.2749707638572172,2.0,0.1374853819286086,2032,2682,True
panel_od_032,12:50:00,ABS_PLANNED,UNIT_BOUNDARY_PRIMARY,S3,0.11494346852485167,0.16611241845718913,3.627,0.04579884710702761,2032,2682,True
panel_od_032,12:50:00,ABS_OBS_EXPLORATORY,UNIT_BOUNDARY_PRIMARY,DA,0.6768437370158457,0.9781517081067997,1.0,0.9781517081067997,2032,2682,True
panel_od_032,12:50:00,ABS_OBS_EXPLORATORY,UNIT_BOUNDARY_PRIMARY,S2,0.19026929855230576,0.2749707638572172,2.0,0.1374853819286086,2032,2682,True
panel_od_032,12:50:00,ABS_OBS_EXPLORATORY,UNIT_BOUNDARY_PRIMARY,S3,0.11494346852485167,0.16611241845718913,3.627,0.04579884710702761,2032,2682,True
panel_od_032,12:50:00,ABS_RESTORE,UNIT_BOUNDARY_PRIMARY,DA,0.6768437370158457,0.9781517081067997,1.0,0.9781517081067997,2032,2682,True
panel_od_032,12:50:00,ABS_RESTORE,UNIT_BOUNDARY_PRIMARY,S2,0.19026929855230576,0.2749707638572172,2.0,0.1374853819286086,2032,2682,True
panel_od_032,12:50:00,ABS_RESTORE,UNIT_BOUNDARY_PRIMARY,S3,0.11494346852485167,0.16611241845718913,3.627,0.04579884710702761,2032,2682,True
panel_od_033,12:30:00,ABS_PLANNED,UNIT_BOUNDARY_PRIMARY,DA,0.6807963790178201,0.9698559733928379,1.0,0.9698559733928379,4694,2032,True
panel_od_033,12:30:00,ABS_PLANNED,UNIT_BOUNDARY_PRIMARY,S2,0.19138043599809176,0.2726387283537778,2.0,0.1363193641768889,4694,2032,True
panel_od_033,12:30:00,ABS_PLANNED,UNIT_BOUNDARY_PRIMARY,S3,0.11561471708149353,0.16470361392840843,3.627,0.045410425676429125,4694,2032,True
panel_od_033,12:30:00,ABS_OBS_EXPLORATORY,UNIT_BOUNDARY_PRIMARY,DA,0.6807963790178201,0.9698559733928379,1.0,0.9698559733928379,4694,2032,True
panel_od_033,12:30:00,ABS_OBS_EXPLORATORY,UNIT_BOUNDARY_PRIMARY,S2,0.19138043599809176,0.2726387283537778,2.0,0.1363193641768889,4694,2032,True
panel_od_033,12:30:00,ABS_OBS_EXPLORATORY,UNIT_BOUNDARY_PRIMARY,S3,0.11561471708149353,0.16470361392840843,3.627,0.045410425676429125,4694,2032,True
panel_od_033,12:30:00,ABS_RESTORE,UNIT_BOUNDARY_PRIMARY,DA,0.6807963790178201,0.9698559733928379,1.0,0.9698559733928379,4694,2032,True
panel_od_033,12:30:00,ABS_RESTORE,UNIT_BOUNDARY_PRIMARY,S2,0.19138043599809176,0.2726387283537778,2.0,0.1363193641768889,4694,2032,True
panel_od_033,12:30:00,ABS_RESTORE,UNIT_BOUNDARY_PRIMARY,S3,0.11561471708149353,0.16470361392840843,3.627,0.045410425676429125,4694,2032,True
panel_od_033,12:40:00,ABS_PLANNED,UNIT_BOUNDARY_PRIMARY,DA,0.6807963790178201,0.9698559733928379,1.0,0.9698559733928379,4694,2032,True
panel_od_033,12:40:00,ABS_PLANNED,UNIT_BOUNDARY_PRIMARY,S2,0.19138043599809176,0.2726387283537778,2.0,0.1363193641768889,4694,2032,True
panel_od_033,12:40:00,ABS_PLANNED,UNIT_BOUNDARY_PRIMARY,S3,0.11561471708149353,0.16470361392840843,3.627,0.045410425676429125,4694,2032,True
panel_od_033,12:40:00,ABS_OBS_EXPLORATORY,UNIT_BOUNDARY_PRIMARY,DA,0.6807963790178201,0.9698559733928379,1.0,0.9698559733928379,4694,2032,True
panel_od_033,12:40:00,ABS_OBS_EXPLORATORY,UNIT_BOUNDARY_PRIMARY,S2,0.19138043599809176,0.2726387283537778,2.0,0.1363193641768889,4694,2032,True
panel_od_033,12:40:00,ABS_OBS_EXPLORATORY,UNIT_BOUNDARY_PRIMARY,S3,0.11561471708149353,0.16470361392840843,3.627,0.045410425676429125,4694,2032,True
panel_od_033,12:40:00,ABS_RESTORE,UNIT_BOUNDARY_PRIMARY,DA,0.6807963790178201,0.9698559733928379,1.0,0.9698559733928379,4694,2032,True
panel_od_033,12:40:00,ABS_RESTORE,UNIT_BOUNDARY_PRIMARY,S2,0.19138043599809176,0.2726387283537778,2.0,0.1363193641768889,4694,2032,True
panel_od_033,12:40:00,ABS_RESTORE,UNIT_BOUNDARY_PRIMARY,S3,0.11561471708149353,0.16470361392840843,3.627,0.045410425676429125,4694,2032,True
panel_od_033,12:50:00,ABS_PLANNED,UNIT_BOUNDARY_PRIMARY,DA,0.6807963790178201,0.9698559733928379,1.0,0.9698559733928379,4694,2032,True
panel_od_033,12:50:00,ABS_PLANNED,UNIT_BOUNDARY_PRIMARY,S2,0.19138043599809176,0.2726387283537778,2.0,0.1363193641768889,4694,2032,True
panel_od_033,12:50:00,ABS_PLANNED,UNIT_BOUNDARY_PRIMARY,S3,0.11561471708149353,0.16470361392840843,3.627,0.045410425676429125,4694,2032,True
panel_od_033,12:50:00,ABS_OBS_EXPLORATORY,UNIT_BOUNDARY_PRIMARY,DA,0.6807963790178201,0.9698559733928379,1.0,0.9698559733928379,4694,2032,True
panel_od_033,12:50:00,ABS_OBS_EXPLORATORY,UNIT_BOUNDARY_PRIMARY,S2,0.19138043599809176,0.2726387283537778,2.0,0.1363193641768889,4694,2032,True
panel_od_033,12:50:00,ABS_OBS_EXPLORATORY,UNIT_BOUNDARY_PRIMARY,S3,0.11561471708149353,0.16470361392840843,3.627,0.045410425676429125,4694,2032,True
panel_od_033,12:50:00,ABS_RESTORE,UNIT_BOUNDARY_PRIMARY,DA,0.6807963790178201,0.9698559733928379,1.0,0.9698559733928379,4694,2032,True
panel_od_033,12:50:00,ABS_RESTORE,UNIT_BOUNDARY_PRIMARY,S2,0.19138043599809176,0.2726387283537778,2.0,0.1363193641768889,4694,2032,True
panel_od_033,12:50:00,ABS_RESTORE,UNIT_BOUNDARY_PRIMARY,S3,0.11561471708149353,0.16470361392840843,3.627,0.045410425676429125,4694,2032,True
panel_od_034,12:30:00,ABS_PLANNED,UNIT_BOUNDARY_PRIMARY,DA,0.6791062822205833,0.9571718217621421,1.0,0.9571718217621421,,,False
panel_od_034,12:30:00,ABS_PLANNED,UNIT_BOUNDARY_PRIMARY,S2,0.19090532850354136,0.26907305358792405,2.0,0.13453652679396202,,,False
panel_od_034,12:30:00,ABS_PLANNED,UNIT_BOUNDARY_PRIMARY,S3,0.11532770018617047,0.16254955634614376,3.627,0.044816530561385105,,,False
panel_od_034,12:30:00,ABS_OBS_EXPLORATORY,UNIT_BOUNDARY_PRIMARY,DA,0.6791062822205833,0.9571718217621421,1.0,0.9571718217621421,,,False
panel_od_034,12:30:00,ABS_OBS_EXPLORATORY,UNIT_BOUNDARY_PRIMARY,S2,0.19090532850354136,0.26907305358792405,2.0,0.13453652679396202,,,False
panel_od_034,12:30:00,ABS_OBS_EXPLORATORY,UNIT_BOUNDARY_PRIMARY,S3,0.11532770018617047,0.16254955634614376,3.627,0.044816530561385105,,,False
panel_od_034,12:30:00,ABS_RESTORE,UNIT_BOUNDARY_PRIMARY,DA,0.6791062822205833,0.9571718217621421,1.0,0.9571718217621421,,,False
panel_od_034,12:30:00,ABS_RESTORE,UNIT_BOUNDARY_PRIMARY,S2,0.19090532850354136,0.26907305358792405,2.0,0.13453652679396202,,,False
panel_od_034,12:30:00,ABS_RESTORE,UNIT_BOUNDARY_PRIMARY,S3,0.11532770018617047,0.16254955634614376,3.627,0.044816530561385105,,,False
panel_od_034,12:40:00,ABS_PLANNED,UNIT_BOUNDARY_PRIMARY,DA,0.6777347932552472,0.9552387655883943,1.0,0.9552387655883943,,,False
panel_od_034,12:40:00,ABS_PLANNED,UNIT_BOUNDARY_PRIMARY,S2,0.19051978568304154,0.2685296471528393,2.0,0.13426482357641964,,,False
panel_od_034,12:40:00,ABS_PLANNED,UNIT_BOUNDARY_PRIMARY,S3,0.1150947901508138,0.1622212794200048,3.627,0.0447260213454659,,,False
panel_od_034,12:40:00,ABS_OBS_EXPLORATORY,UNIT_BOUNDARY_PRIMARY,DA,0.6777347932552472,0.9552387655883943,1.0,0.9552387655883943,,,False
panel_od_034,12:40:00,ABS_OBS_EXPLORATORY,UNIT_BOUNDARY_PRIMARY,S2,0.19051978568304154,0.2685296471528393,2.0,0.13426482357641964,,,False
panel_od_034,12:40:00,ABS_OBS_EXPLORATORY,UNIT_BOUNDARY_PRIMARY,S3,0.1150947901508138,0.1622212794200048,3.627,0.0447260213454659,,,False
panel_od_034,12:40:00,ABS_RESTORE,UNIT_BOUNDARY_PRIMARY,DA,0.6777347932552472,0.9552387655883943,1.0,0.9552387655883943,,,False
panel_od_034,12:40:00,ABS_RESTORE,UNIT_BOUNDARY_PRIMARY,S2,0.19051978568304154,0.2685296471528393,2.0,0.13426482357641964,,,False
panel_od_034,12:40:00,ABS_RESTORE,UNIT_BOUNDARY_PRIMARY,S3,0.1150947901508138,0.1622212794200048,3.627,0.0447260213454659,,,False
panel_od_034,12:50:00,ABS_PLANNED,UNIT_BOUNDARY_PRIMARY,DA,0.6786680727767611,0.9565541839304242,1.0,0.9565541839304242,,,False
panel_od_034,12:50:00,ABS_PLANNED,UNIT_BOUNDARY_PRIMARY,S2,0.19078214231013332,0.26889942781498205,2.0,0.13444971390749103,,,False
panel_od_034,12:50:00,ABS_PLANNED,UNIT_BOUNDARY_PRIMARY,S3,0.11525328225089437,0.1624446673876039,3.627,0.044787611631542296,,,False
panel_od_034,12:50:00,ABS_OBS_EXPLORATORY,UNIT_BOUNDARY_PRIMARY,DA,0.6786680727767611,0.9565541839304242,1.0,0.9565541839304242,,,False
panel_od_034,12:50:00,ABS_OBS_EXPLORATORY,UNIT_BOUNDARY_PRIMARY,S2,0.19078214231013332,0.26889942781498205,2.0,0.13444971390749103,,,False
panel_od_034,12:50:00,ABS_OBS_EXPLORATORY,UNIT_BOUNDARY_PRIMARY,S3,0.11525328225089437,0.1624446673876039,3.627,0.044787611631542296,,,False
panel_od_034,12:50:00,ABS_RESTORE,UNIT_BOUNDARY_PRIMARY,DA,0.6786680727767611,0.9565541839304242,1.0,0.9565541839304242,,,False
panel_od_034,12:50:00,ABS_RESTORE,UNIT_BOUNDARY_PRIMARY,S2,0.19078214231013332,0.26889942781498205,2.0,0.13444971390749103,,,False
panel_od_034,12:50:00,ABS_RESTORE,UNIT_BOUNDARY_PRIMARY,S3,0.11525328225089437,0.1624446673876039,3.627,0.044787611631542296,,,False
panel_od_035,12:30:00,ABS_PLANNED,UNIT_BOUNDARY_PRIMARY,DA,0.6796648738259717,0.9525257941957653,1.0,0.9525257941957653,2032,5012,True
panel_od_035,12:30:00,ABS_PLANNED,UNIT_BOUNDARY_PRIMARY,S2,0.19106235563864207,0.26776699672758186,2.0,0.13388349836379093,2032,5012,True
panel_od_035,12:30:00,ABS_PLANNED,UNIT_BOUNDARY_PRIMARY,S3,0.11542256175184779,0.16176055514226778,3.627,0.04459899507644549,2032,5012,True
panel_od_035,12:30:00,ABS_OBS_EXPLORATORY,UNIT_BOUNDARY_PRIMARY,DA,0.6796648738259717,0.9525257941957653,1.0,0.9525257941957653,2032,5012,True
panel_od_035,12:30:00,ABS_OBS_EXPLORATORY,UNIT_BOUNDARY_PRIMARY,S2,0.19106235563864207,0.26776699672758186,2.0,0.13388349836379093,2032,5012,True
panel_od_035,12:30:00,ABS_OBS_EXPLORATORY,UNIT_BOUNDARY_PRIMARY,S3,0.11542256175184779,0.16176055514226778,3.627,0.04459899507644549,2032,5012,True
panel_od_035,12:30:00,ABS_RESTORE,UNIT_BOUNDARY_PRIMARY,DA,0.6796648738259717,0.9525257941957653,1.0,0.9525257941957653,2032,5012,True
panel_od_035,12:30:00,ABS_RESTORE,UNIT_BOUNDARY_PRIMARY,S2,0.19106235563864207,0.26776699672758186,2.0,0.13388349836379093,2032,5012,True
panel_od_035,12:30:00,ABS_RESTORE,UNIT_BOUNDARY_PRIMARY,S3,0.11542256175184779,0.16176055514226778,3.627,0.04459899507644549,2032,5012,True
panel_od_035,12:40:00,ABS_PLANNED,UNIT_BOUNDARY_PRIMARY,DA,0.6796648738259717,0.9525257941957653,1.0,0.9525257941957653,2032,5012,True
panel_od_035,12:40:00,ABS_PLANNED,UNIT_BOUNDARY_PRIMARY,S2,0.19106235563864207,0.26776699672758186,2.0,0.13388349836379093,2032,5012,True
panel_od_035,12:40:00,ABS_PLANNED,UNIT_BOUNDARY_PRIMARY,S3,0.11542256175184779,0.16176055514226778,3.627,0.04459899507644549,2032,5012,True
panel_od_035,12:40:00,ABS_OBS_EXPLORATORY,UNIT_BOUNDARY_PRIMARY,DA,0.6796648738259717,0.9525257941957653,1.0,0.9525257941957653,2032,5012,True
panel_od_035,12:40:00,ABS_OBS_EXPLORATORY,UNIT_BOUNDARY_PRIMARY,S2,0.19106235563864207,0.26776699672758186,2.0,0.13388349836379093,2032,5012,True
panel_od_035,12:40:00,ABS_OBS_EXPLORATORY,UNIT_BOUNDARY_PRIMARY,S3,0.11542256175184779,0.16176055514226778,3.627,0.04459899507644549,2032,5012,True
panel_od_035,12:40:00,ABS_RESTORE,UNIT_BOUNDARY_PRIMARY,DA,0.6796648738259717,0.9525257941957653,1.0,0.9525257941957653,2032,5012,True
panel_od_035,12:40:00,ABS_RESTORE,UNIT_BOUNDARY_PRIMARY,S2,0.19106235563864207,0.26776699672758186,2.0,0.13388349836379093,2032,5012,True
panel_od_035,12:40:00,ABS_RESTORE,UNIT_BOUNDARY_PRIMARY,S3,0.11542256175184779,0.16176055514226778,3.627,0.04459899507644549,2032,5012,True
panel_od_035,12:50:00,ABS_PLANNED,UNIT_BOUNDARY_PRIMARY,DA,0.6796648738259717,0.9525257941957653,1.0,0.9525257941957653,2032,5012,True
panel_od_035,12:50:00,ABS_PLANNED,UNIT_BOUNDARY_PRIMARY,S2,0.19106235563864207,0.26776699672758186,2.0,0.13388349836379093,2032,5012,True
panel_od_035,12:50:00,ABS_PLANNED,UNIT_BOUNDARY_PRIMARY,S3,0.11542256175184779,0.16176055514226778,3.627,0.04459899507644549,2032,5012,True
panel_od_035,12:50:00,ABS_OBS_EXPLORATORY,UNIT_BOUNDARY_PRIMARY,DA,0.6796648738259717,0.9525257941957653,1.0,0.9525257941957653,2032,5012,True
panel_od_035,12:50:00,ABS_OBS_EXPLORATORY,UNIT_BOUNDARY_PRIMARY,S2,0.19106235563864207,0.26776699672758186,2.0,0.13388349836379093,2032,5012,True
panel_od_035,12:50:00,ABS_OBS_EXPLORATORY,UNIT_BOUNDARY_PRIMARY,S3,0.11542256175184779,0.16176055514226778,3.627,0.04459899507644549,2032,5012,True
panel_od_035,12:50:00,ABS_RESTORE,UNIT_BOUNDARY_PRIMARY,DA,0.6796648738259717,0.9525257941957653,1.0,0.9525257941957653,2032,5012,True
panel_od_035,12:50:00,ABS_RESTORE,UNIT_BOUNDARY_PRIMARY,S2,0.19106235563864207,0.26776699672758186,2.0,0.13388349836379093,2032,5012,True
panel_od_035,12:50:00,ABS_RESTORE,UNIT_BOUNDARY_PRIMARY,S3,0.11542256175184779,0.16176055514226778,3.627,0.04459899507644549,2032,5012,True
panel_od_036,12:30:00,ABS_PLANNED,UNIT_BOUNDARY_PRIMARY,DA,0.6777451352514554,0.9322537042068175,1.0,0.9322537042068175,5012,1492,True
panel_od_036,12:30:00,ABS_PLANNED,UNIT_BOUNDARY_PRIMARY,S2,0.19052269294842133,0.2620682569277689,2.0,0.13103412846388446,5012,1492,True
panel_od_036,12:30:00,ABS_PLANNED,UNIT_BOUNDARY_PRIMARY,S3,0.1150965464571082,0.15831789295874665,3.627,0.04364981884718684,5012,1492,True
panel_od_036,12:30:00,ABS_OBS_EXPLORATORY,UNIT_BOUNDARY_PRIMARY,DA,0.6777451352514554,0.9322537042068175,1.0,0.9322537042068175,5012,1492,True
panel_od_036,12:30:00,ABS_OBS_EXPLORATORY,UNIT_BOUNDARY_PRIMARY,S2,0.19052269294842133,0.2620682569277689,2.0,0.13103412846388446,5012,1492,True
panel_od_036,12:30:00,ABS_OBS_EXPLORATORY,UNIT_BOUNDARY_PRIMARY,S3,0.1150965464571082,0.15831789295874665,3.627,0.04364981884718684,5012,1492,True
panel_od_036,12:30:00,ABS_RESTORE,UNIT_BOUNDARY_PRIMARY,DA,0.6777451352514554,0.9322537042068175,1.0,0.9322537042068175,5012,1492,True
panel_od_036,12:30:00,ABS_RESTORE,UNIT_BOUNDARY_PRIMARY,S2,0.19052269294842133,0.2620682569277689,2.0,0.13103412846388446,5012,1492,True
panel_od_036,12:30:00,ABS_RESTORE,UNIT_BOUNDARY_PRIMARY,S3,0.1150965464571082,0.15831789295874665,3.627,0.04364981884718684,5012,1492,True
panel_od_036,12:40:00,ABS_PLANNED,UNIT_BOUNDARY_PRIMARY,DA,0.6777451352514554,0.9322537042068175,1.0,0.9322537042068175,5012,1492,True
panel_od_036,12:40:00,ABS_PLANNED,UNIT_BOUNDARY_PRIMARY,S2,0.19052269294842133,0.2620682569277689,2.0,0.13103412846388446,5012,1492,True
panel_od_036,12:40:00,ABS_PLANNED,UNIT_BOUNDARY_PRIMARY,S3,0.1150965464571082,0.15831789295874665,3.627,0.04364981884718684,5012,1492,True
panel_od_036,12:40:00,ABS_OBS_EXPLORATORY,UNIT_BOUNDARY_PRIMARY,DA,0.6777451352514554,0.9322537042068175,1.0,0.9322537042068175,5012,1492,True
panel_od_036,12:40:00,ABS_OBS_EXPLORATORY,UNIT_BOUNDARY_PRIMARY,S2,0.19052269294842133,0.2620682569277689,2.0,0.13103412846388446,5012,1492,True
panel_od_036,12:40:00,ABS_OBS_EXPLORATORY,UNIT_BOUNDARY_PRIMARY,S3,0.1150965464571082,0.15831789295874665,3.627,0.04364981884718684,5012,1492,True
panel_od_036,12:40:00,ABS_RESTORE,UNIT_BOUNDARY_PRIMARY,DA,0.6777451352514554,0.9322537042068175,1.0,0.9322537042068175,5012,1492,True
panel_od_036,12:40:00,ABS_RESTORE,UNIT_BOUNDARY_PRIMARY,S2,0.19052269294842133,0.2620682569277689,2.0,0.13103412846388446,5012,1492,True
panel_od_036,12:40:00,ABS_RESTORE,UNIT_BOUNDARY_PRIMARY,S3,0.1150965464571082,0.15831789295874665,3.627,0.04364981884718684,5012,1492,True
panel_od_036,12:50:00,ABS_PLANNED,UNIT_BOUNDARY_PRIMARY,DA,0.6777451352514554,0.9322537042068175,1.0,0.9322537042068175,5012,1492,True
panel_od_036,12:50:00,ABS_PLANNED,UNIT_BOUNDARY_PRIMARY,S2,0.19052269294842133,0.2620682569277689,2.0,0.13103412846388446,5012,1492,True
panel_od_036,12:50:00,ABS_PLANNED,UNIT_BOUNDARY_PRIMARY,S3,0.1150965464571082,0.15831789295874665,3.627,0.04364981884718684,5012,1492,True
panel_od_036,12:50:00,ABS_OBS_EXPLORATORY,UNIT_BOUNDARY_PRIMARY,DA,0.6777451352514554,0.9322537042068175,1.0,0.9322537042068175,5012,1492,True
panel_od_036,12:50:00,ABS_OBS_EXPLORATORY,UNIT_BOUNDARY_PRIMARY,S2,0.19052269294842133,0.2620682569277689,2.0,0.13103412846388446,5012,1492,True
panel_od_036,12:50:00,ABS_OBS_EXPLORATORY,UNIT_BOUNDARY_PRIMARY,S3,0.1150965464571082,0.15831789295874665,3.627,0.04364981884718684,5012,1492,True
panel_od_036,12:50:00,ABS_RESTORE,UNIT_BOUNDARY_PRIMARY,DA,0.6777451352514554,0.9322537042068175,1.0,0.9322537042068175,5012,1492,True
panel_od_036,12:50:00,ABS_RESTORE,UNIT_BOUNDARY_PRIMARY,S2,0.19052269294842133,0.2620682569277689,2.0,0.13103412846388446,5012,1492,True
panel_od_036,12:50:00,ABS_RESTORE,UNIT_BOUNDARY_PRIMARY,S3,0.1150965464571082,0.15831789295874665,3.627,0.04364981884718684,5012,1492,True
