link_id,from_node_id,to_node_id,vdf_fftt,vdf_alpha,vdf_beta,capacity,capacity_source,geometry
1,1147,1148,0.199524,0.25,2.0,2600.0,2600.0,"LINESTRING (-71.0414097 42.3468047, -71.0406347 42.3474949)"
10,3061,3078,0.5099,0.25,2.0,2600.0,2600.0,"LINESTRING (-71.0396679 42.3458705, -71.0422018 42.3471875)"
10231,647,648,0.213514,0.25,2.0,2600.0,2600.0,"LINESTRING (-71.05742 42.312012, -71.057207 42.31296)"
10232,648,647,0.213514,0.25,2.0,2600.0,2600.0,"LINESTRING (-71.057207 42.31296, -71.05742 42.312012)"
10233,648,676,0.136588,0.25,2.0,2600.0,2600.0,"LINESTRING (-71.057207 42.31296, -71.058025 42.312863)"
10234,676,648,0.136588,0.25,2.0,2600.0,2600.0,"LINESTRING (-71.058025 42.312863, -71.057207 42.31296)"
10235,2022,2023,0.437635,0.25,2.0,13200.0,13200.0,"LINESTRING (-71.0491184 42.3178361, -71.0509422 42.3215359)"
10236,2290,1677,0.220992,0.25,2.0,2600.0,2600.0,"LINESTRING (-71.0569716 42.329498, -71.0582716 42.3297413)"
10237,1677,2290,0.220992,0.25,2.0,2600.0,2600.0,"LINESTRING (-71.0582716 42.3297413, -71.0569716 42.329498)"
10238,2290,2294,0.28167,0.25,2.0,2600.0,2600.0,"LINESTRING (-71.0569716 42.329498, -71.0577596 42.3283731)"
10239,2294,2290,0.28167,0.25,2.0,2600.0,2600.0,"LINESTRING (-71.0577596 42.3283731, -71.0569716 42.329498)"
10240,2738,2657,0.339926,0.25,2.0,13200.0,13200.0,"LINESTRING (-71.0514029 42.3214363, -71.0497361 42.3186367)"
10241,2477,2891,0.172632,0.25,2.0,2600.0,2600.0,"LINESTRING (-71.070666 42.319555, -71.0712903 42.3201791)"
10242,2891,2477,0.172632,0.25,2.0,2600.0,2600.0,"LINESTRING (-71.0712903 42.3201791, -71.070666 42.319555)"
10243,3314,1849,0.701986,0.25,2.0,13200.0,13200.0,"LINESTRING (-71.0554678 42.3240034, -71.0518528 42.3182806)"
10244,3428,3425,0.123888,0.25,2.0,8000.0,8000.0,"LINESTRING (-71.0625301 42.3198849, -71.0631454 42.3191835)"
10245,3431,3432,0.092312,0.25,2.0,8000.0,8000.0,"LINESTRING (-71.0575245 42.3203699, -71.056775 42.320652)"
10246,3446,2303,0.184502,0.25,2.0,2600.0,2600.0,"LINESTRING (-71.0591817 42.3192751, -71.0596899 42.3200147)"
10247,1784,1030,0.1431586666666666,0.25,2.0,8000.0,8000.0,"LINESTRING (-71.0624135 42.3198125, -71.0614864 42.3204917)"
10248,4148,3314,0.506141,0.25,2.0,13200.0,13200.0,"LINESTRING (-71.0589621 42.32775, -71.0554678 42.3240034)"
10249,4400,3431,0.1030986666666666,0.25,2.0,8000.0,8000.0,"LINESTRING (-71.0567783 42.3207917, -71.0575245 42.3203699)"
10250,4405,4250,0.705716,0.25,2.0,2600.0,2600.0,"LINESTRING (-71.049714 42.3203849, -71.045809 42.3190836)"
10251,2014,4408,0.07791,0.25,2.0,2600.0,2600.0,"LINESTRING (-71.0499095 42.319593, -71.0500353 42.3199306)"
10252,3432,4686,0.175078,0.25,2.0,2600.0,2600.0,"LINESTRING (-71.056775 42.320652, -71.0567597 42.3198644)"
10253,4686,3432,0.175078,0.25,2.0,2600.0,2600.0,"LINESTRING (-71.0567597 42.3198644, -71.056775 42.320652)"
10254,1527,1849,0.391024,0.25,2.0,13200.0,13200.0,"LINESTRING (-71.0541033 42.3213795, -71.0518528 42.3182806)"
10255,4242,5216,0.1807,0.25,2.0,2600.0,2600.0,"LINESTRING (-71.0608344 42.3198919, -71.0600941 42.3192921)"
10256,4250,2962,0.681192,0.25,2.0,2600.0,2600.0,"LINESTRING (-71.045809 42.3190836, -71.0495219 42.3204292)"
10257,2366,5287,0.578786,0.25,2.0,2600.0,2600.0,"LINESTRING (-71.0511481 42.3206934, -71.0497599 42.3182997)"
10258,5287,2366,0.578786,0.25,2.0,2600.0,2600.0,"LINESTRING (-71.0497599 42.3182997, -71.0511481 42.3206934)"
10259,4684,1613,0.335494,0.25,2.0,2600.0,2600.0,"LINESTRING (-71.0587525 42.3186922, -71.056731 42.3185162)"
10260,4169,5405,0.515592,0.25,2.0,13200.0,13200.0,"LINESTRING (-71.0552901 42.3240773, -71.0587997 42.3279191)"
10261,5406,4402,0.340043,0.25,2.0,13200.0,13200.0,"LINESTRING (-71.0517263 42.3184742, -71.0528518 42.321419)"
10262,5406,4169,0.688235,0.25,2.0,13200.0,13200.0,"LINESTRING (-71.0517263 42.3184742, -71.0552901 42.3240773)"
10427,3459,3455,0.108454,0.25,2.0,2600.0,2600.0,"LINESTRING (-71.06572 42.31447, -71.065465 42.31402)"
10428,3455,3459,0.108454,0.25,2.0,2600.0,2600.0,"LINESTRING (-71.065465 42.31402, -71.06572 42.31447)"
10429,2376,3688,0.165504,0.25,2.0,2600.0,2600.0,"LINESTRING (-71.066277 42.3175748, -71.0654467 42.317156)"
10430,3688,2376,0.165504,0.25,2.0,2600.0,2600.0,"LINESTRING (-71.0654467 42.317156, -71.066277 42.3175748)"
10431,3730,736,0.393444,0.25,2.0,2600.0,2600.0,"LINESTRING (-71.059379 42.311039, -71.058881 42.312771)"
10432,736,3730,0.393444,0.25,2.0,2600.0,2600.0,"LINESTRING (-71.058881 42.312771, -71.059379 42.311039)"
10436,1531,3648,0.1655146666666666,0.25,2.0,8000.0,8000.0,"LINESTRING (-71.06521 42.3170628, -71.066145 42.3161866)"
10437,4637,5231,0.163344,0.25,2.0,8000.0,8000.0,"LINESTRING (-71.0663146 42.315805, -71.0655119 42.316733)"
10438,1939,2603,0.2766986666666666,0.25,2.0,8000.0,8000.0,"LINESTRING (-71.070018 42.311275, -71.068362 42.312682)"
10605,1528,1529,0.017396,0.25,2.0,8000.0,8000.0,"LINESTRING (-71.0664207 42.3158595, -71.0665037 42.3157599)"
10606,2077,2078,0.109354,0.25,2.0,2600.0,2600.0,"LINESTRING (-71.069104 42.318728, -71.069698 42.318947)"
10607,2078,2077,0.109354,0.25,2.0,2600.0,2600.0,"LINESTRING (-71.069698 42.318947, -71.069104 42.318728)"
10608,4635,4637,0.068756,0.25,2.0,2600.0,2600.0,"LINESTRING (-71.0661287 42.3155283, -71.0663146 42.315805)"
10609,1525,4637,0.0176733333333333,0.25,2.0,8000.0,8000.0,"LINESTRING (-71.0663741 42.3156936, -71.0663146 42.315805)"
10636,2477,2078,0.209082,0.25,2.0,2600.0,2600.0,"LINESTRING (-71.070666 42.319555, -71.069698 42.318947)"
10637,2078,2477,0.209082,0.25,2.0,2600.0,2600.0,"LINESTRING (-71.069698 42.318947, -71.070666 42.319555)"
10638,1521,1522,0.1339586666666666,0.25,2.0,8000.0,8000.0,"LINESTRING (-71.067429 42.314603, -71.067907 42.313771)"
10639,2603,1524,0.3128453333333333,0.25,2.0,8000.0,8000.0,"LINESTRING (-71.068362 42.312682, -71.0672333 42.3146207)"
10640,1522,4949,0.1678946666666666,0.25,2.0,8000.0,8000.0,"LINESTRING (-71.067907 42.313771, -71.068499 42.312726)"
10641,4949,3733,0.1405653333333333,0.25,2.0,8000.0,8000.0,"LINESTRING (-71.068499 42.312726, -71.069298 42.311985)"
10642,1524,1525,0.184852,0.25,2.0,8000.0,8000.0,"LINESTRING (-71.0672333 42.3146207, -71.0663741 42.3156936)"
10643,3459,3460,0.085582,0.25,2.0,2600.0,2600.0,"LINESTRING (-71.06572 42.31447, -71.0658862 42.3148353)"
10644,3460,3459,0.085582,0.25,2.0,2600.0,2600.0,"LINESTRING (-71.0658862 42.3148353, -71.06572 42.31447)"
10645,3630,1521,0.179772,0.25,2.0,8000.0,8000.0,"LINESTRING (-71.066597 42.315648, -71.067429 42.314603)"
10646,4635,4636,0.046162,0.25,2.0,2600.0,2600.0,"LINESTRING (-71.0661287 42.3155283, -71.0660581 42.3153273)"
10647,4636,4635,0.046162,0.25,2.0,2600.0,2600.0,"LINESTRING (-71.0660581 42.3153273, -71.0661287 42.3155283)"
10648,4636,3460,0.112922,0.25,2.0,2600.0,2600.0,"LINESTRING (-71.0660581 42.3153273, -71.0658862 42.3148353)"
10649,3460,4636,0.112922,0.25,2.0,2600.0,2600.0,"LINESTRING (-71.0658862 42.3148353, -71.0660581 42.3153273)"
10650,1525,4635,0.054698,0.25,2.0,2600.0,2600.0,"LINESTRING (-71.0663741 42.3156936, -71.0661287 42.3155283)"
10651,1529,1525,0.02597,0.25,2.0,2600.0,2600.0,"LINESTRING (-71.0665037 42.3157599, -71.0663741 42.3156936)"
10652,1529,3630,0.0194853333333333,0.25,2.0,8000.0,8000.0,"LINESTRING (-71.0665037 42.3157599, -71.066597 42.315648)"
10653,2317,2318,0.07207,0.25,2.0,2600.0,2600.0,"LINESTRING (-71.0668579 42.3178208, -71.0672422 42.3179756)"
10654,2318,2317,0.07207,0.25,2.0,2600.0,2600.0,"LINESTRING (-71.0672422 42.3179756, -71.0668579 42.3178208)"
10655,3418,2374,0.128184,0.25,2.0,2600.0,2600.0,"LINESTRING (-71.0679773 42.3182847, -71.067301 42.3179996)"
10656,2374,3418,0.128184,0.25,2.0,2600.0,2600.0,"LINESTRING (-71.067301 42.3179996, -71.0679773 42.3182847)"
10671,2127,3419,0.142946,0.25,2.0,2600.0,2600.0,"LINESTRING (-71.0690162 42.3186984, -71.0682494 42.3183975)"
10672,3419,2127,0.142946,0.25,2.0,2600.0,2600.0,"LINESTRING (-71.0682494 42.3183975, -71.0690162 42.3186984)"
10673,2077,2127,0.015966,0.25,2.0,2600.0,2600.0,"LINESTRING (-71.069104 42.318728, -71.0690162 42.3186984)"
10674,2127,2077,0.015966,0.25,2.0,2600.0,2600.0,"LINESTRING (-71.0690162 42.3186984, -71.069104 42.318728)"
10675,3418,3419,0.051394,0.25,2.0,2600.0,2600.0,"LINESTRING (-71.0679773 42.3182847, -71.0682494 42.3183975)"
10676,3419,3418,0.051394,0.25,2.0,2600.0,2600.0,"LINESTRING (-71.0682494 42.3183975, -71.0679773 42.3182847)"
10677,2317,2358,0.063388,0.25,2.0,2600.0,2600.0,"LINESTRING (-71.0668579 42.3178208, -71.0665228 42.3176806)"
10678,2358,2317,0.063388,0.25,2.0,2600.0,2600.0,"LINESTRING (-71.0665228 42.3176806, -71.0668579 42.3178208)"
10679,3648,1528,0.057148,0.25,2.0,8000.0,8000.0,"LINESTRING (-71.066145 42.3161866, -71.0664207 42.3158595)"
10680,4637,1528,0.021326,0.25,2.0,2600.0,2600.0,"LINESTRING (-71.0663146 42.315805, -71.0664207 42.3158595)"
10681,2358,2376,0.0469,0.25,2.0,2600.0,2600.0,"LINESTRING (-71.0665228 42.3176806, -71.066277 42.3175748)"
10682,2376,2358,0.0469,0.25,2.0,2600.0,2600.0,"LINESTRING (-71.066277 42.3175748, -71.0665228 42.3176806)"
10687,2318,2374,0.011092,0.25,2.0,2600.0,2600.0,"LINESTRING (-71.0672422 42.3179756, -71.067301 42.3179996)"
10688,2374,2318,0.011092,0.25,2.0,2600.0,2600.0,"LINESTRING (-71.067301 42.3179996, -71.0672422 42.3179756)"
10859,1776,1778,0.151318,0.25,2.0,2600.0,2600.0,"LINESTRING (-71.0619594 42.3156427, -71.0627326 42.3160094)"
10860,1778,1776,0.151318,0.25,2.0,2600.0,2600.0,"LINESTRING (-71.0627326 42.3160094, -71.0619594 42.3156427)"
10861,1777,4691,0.082762,0.25,2.0,2600.0,2600.0,"LINESTRING (-71.0619215 42.3156247, -71.0615013 42.3154207)"
10862,4691,1777,0.082762,0.25,2.0,2600.0,2600.0,"LINESTRING (-71.0615013 42.3154207, -71.0619215 42.3156247)"
10863,5233,5234,0.076448,0.25,2.0,2600.0,2600.0,"LINESTRING (-71.0597313 42.3156635, -71.0596251 42.3159991)"
10864,5234,5233,0.076448,0.25,2.0,2600.0,2600.0,"LINESTRING (-71.0596251 42.3159991, -71.0597313 42.3156635)"
10911,302,3455,0.111486,0.25,2.0,2600.0,2600.0,"LINESTRING (-71.065201 42.313558, -71.065465 42.31402)"
10912,3455,302,0.111486,0.25,2.0,2600.0,2600.0,"LINESTRING (-71.065465 42.31402, -71.065201 42.313558)"
10913,294,295,0.087128,0.25,2.0,2600.0,2600.0,"LINESTRING (-71.064776 42.3128539, -71.064413 42.312569)"
10914,295,294,0.087128,0.25,2.0,2600.0,2600.0,"LINESTRING (-71.064413 42.312569, -71.064776 42.3128539)"
10915,294,302,0.171382,0.25,2.0,2600.0,2600.0,"LINESTRING (-71.064776 42.3128539, -71.065201 42.313558)"
10916,302,294,0.171382,0.25,2.0,2600.0,2600.0,"LINESTRING (-71.065201 42.313558, -71.064776 42.3128539)"
10917,295,2529,0.034304,0.25,2.0,2600.0,2600.0,"LINESTRING (-71.064413 42.312569, -71.064267 42.312459)"
10918,2529,295,0.034304,0.25,2.0,2600.0,2600.0,"LINESTRING (-71.064267 42.312459, -71.064413 42.312569)"
10919,1776,1777,0.007432,0.25,2.0,2600.0,2600.0,"LINESTRING (-71.0619594 42.3156427, -71.0619215 42.3156247)"
10920,1777,1776,0.007432,0.25,2.0,2600.0,2600.0,"LINESTRING (-71.0619215 42.3156247, -71.0619594 42.3156427)"
10921,1530,1532,0.355644,0.25,2.0,2600.0,2600.0,"LINESTRING (-71.0650282 42.3169995, -71.0631547 42.3162061)"
10922,1532,1530,0.355644,0.25,2.0,2600.0,2600.0,"LINESTRING (-71.0631547 42.3162061, -71.0650282 42.3169995)"
10923,1530,1533,0.2894719999999999,0.25,2.0,8000.0,8000.0,"LINESTRING (-71.0650282 42.3169995, -71.0634537 42.3185672)"
10924,1783,1531,0.1983893333333333,0.25,2.0,8000.0,8000.0,"LINESTRING (-71.0639807 42.3180435, -71.06521 42.3170628)"
10925,3425,1782,0.0964786666666666,0.25,2.0,8000.0,8000.0,"LINESTRING (-71.0631454 42.3191835, -71.0635647 42.3186115)"
10940,5231,1530,0.066288,0.25,2.0,8000.0,8000.0,"LINESTRING (-71.0655119 42.316733, -71.0650282 42.3169995)"
10941,1530,1531,0.03311,0.25,2.0,2600.0,2600.0,"LINESTRING (-71.0650282 42.3169995, -71.06521 42.3170628)"
10942,1531,1530,0.03311,0.25,2.0,2600.0,2600.0,"LINESTRING (-71.06521 42.3170628, -71.0650282 42.3169995)"
10943,1531,3688,0.044202,0.25,2.0,2600.0,2600.0,"LINESTRING (-71.06521 42.3170628, -71.0654467 42.317156)"
10944,3688,1531,0.044202,0.25,2.0,2600.0,2600.0,"LINESTRING (-71.0654467 42.317156, -71.06521 42.3170628)"
10945,1782,1783,0.095748,0.25,2.0,8000.0,8000.0,"LINESTRING (-71.0635647 42.3186115, -71.0639807 42.3180435)"
10946,1532,1778,0.082198,0.25,2.0,2600.0,2600.0,"LINESTRING (-71.0631547 42.3162061, -71.0627326 42.3160094)"
10947,1778,1532,0.082198,0.25,2.0,2600.0,2600.0,"LINESTRING (-71.0627326 42.3160094, -71.0631547 42.3162061)"
10952,1533,1784,0.2171333333333333,0.25,2.0,8000.0,8000.0,"LINESTRING (-71.0634537 42.3185672, -71.0624135 42.3198125)"
10953,736,5018,0.352496,0.25,2.0,2600.0,2600.0,"LINESTRING (-71.058881 42.312771, -71.0598816 42.3141732)"
10954,5018,736,0.352496,0.25,2.0,2600.0,2600.0,"LINESTRING (-71.0598816 42.3141732, -71.058881 42.312771)"
10955,3465,5240,0.169542,0.25,2.0,2600.0,2600.0,"LINESTRING (-71.0600175 42.3147348, -71.0608956 42.3151305)"
10956,5240,3465,0.169542,0.25,2.0,2600.0,2600.0,"LINESTRING (-71.0608956 42.3151305, -71.0600175 42.3147348)"
10957,3465,5235,0.111994,0.25,2.0,2600.0,2600.0,"LINESTRING (-71.0600175 42.3147348, -71.0598694 42.3152274)"
10958,5235,3465,0.111994,0.25,2.0,2600.0,2600.0,"LINESTRING (-71.0598694 42.3152274, -71.0600175 42.3147348)"
10959,4691,5240,0.1187499999999999,0.25,2.0,2600.0,2600.0,"LINESTRING (-71.0615013 42.3154207, -71.0608956 42.3151305)"
10960,5240,4691,0.1187499999999999,0.25,2.0,2600.0,2600.0,"LINESTRING (-71.0608956 42.3151305, -71.0615013 42.3154207)"
10961,3466,5018,0.05345,0.25,2.0,2600.0,2600.0,"LINESTRING (-71.0600218 42.3143902, -71.0598816 42.3141732)"
10962,5018,3466,0.05345,0.25,2.0,2600.0,2600.0,"LINESTRING (-71.0598816 42.3141732, -71.0600218 42.3143902)"
10963,3464,3466,0.036792,0.25,2.0,2600.0,2600.0,"LINESTRING (-71.0600527 42.314554, -71.0600218 42.3143902)"
10964,3466,3464,0.036792,0.25,2.0,2600.0,2600.0,"LINESTRING (-71.0600218 42.3143902, -71.0600527 42.314554)"
10965,3464,3465,0.040646,0.25,2.0,2600.0,2600.0,"LINESTRING (-71.0600527 42.314554, -71.0600175 42.3147348)"
10966,3465,3464,0.040646,0.25,2.0,2600.0,2600.0,"LINESTRING (-71.0600175 42.3147348, -71.0600527 42.314554)"
10967,5233,5235,0.099714,0.25,2.0,2600.0,2600.0,"LINESTRING (-71.0597313 42.3156635, -71.0598694 42.3152274)"
10968,5235,5233,0.099714,0.25,2.0,2600.0,2600.0,"LINESTRING (-71.0598694 42.3152274, -71.0597313 42.3156635)"
10969,729,736,0.130448,0.25,2.0,2600.0,2600.0,"LINESTRING (-71.058098 42.312855, -71.058881 42.312771)"
10970,736,729,0.130448,0.25,2.0,2600.0,2600.0,"LINESTRING (-71.058881 42.312771, -71.058098 42.312855)"
10971,729,676,0.012168,0.25,2.0,2600.0,2600.0,"LINESTRING (-71.058098 42.312855, -71.058025 42.312863)"
10972,676,729,0.012168,0.25,2.0,2600.0,2600.0,"LINESTRING (-71.058025 42.312863, -71.058098 42.312855)"
10973,1514,1552,0.074648,0.25,2.0,2600.0,2600.0,"LINESTRING (-71.0589628 42.3181282, -71.0590553 42.3177993)"
10974,1552,1514,0.074648,0.25,2.0,2600.0,2600.0,"LINESTRING (-71.0590553 42.3177993, -71.0589628 42.3181282)"
10975,5104,1515,0.137074,0.25,2.0,2600.0,2600.0,"LINESTRING (-71.0595759 42.3188497, -71.0588511 42.3185479)"
10976,3408,5237,0.122332,0.25,2.0,2600.0,2600.0,"LINESTRING (-71.0593927 42.3167334, -71.0595626 42.3161966)"
10977,5237,3408,0.122332,0.25,2.0,2600.0,2600.0,"LINESTRING (-71.0595626 42.3161966, -71.0593927 42.3167334)"
10978,5234,5237,0.04516,0.25,2.0,2600.0,2600.0,"LINESTRING (-71.0596251 42.3159991, -71.0595626 42.3161966)"
10979,5237,5234,0.04516,0.25,2.0,2600.0,2600.0,"LINESTRING (-71.0595626 42.3161966, -71.0596251 42.3159991)"
10980,5216,5104,0.130138,0.25,2.0,2600.0,2600.0,"LINESTRING (-71.0600941 42.3192921, -71.0595759 42.3188497)"
10981,3406,3408,0.121862,0.25,2.0,2600.0,2600.0,"LINESTRING (-71.0592239 42.3172667, -71.0593927 42.3167334)"
10982,3408,3406,0.121862,0.25,2.0,2600.0,2600.0,"LINESTRING (-71.0593927 42.3167334, -71.0592239 42.3172667)"
10983,3406,3407,0.071426,0.25,2.0,2600.0,2600.0,"LINESTRING (-71.0592239 42.3172667, -71.0591248 42.3175798)"
10984,3407,3406,0.071426,0.25,2.0,2600.0,2600.0,"LINESTRING (-71.0591248 42.3175798, -71.0592239 42.3172667)"
10985,1552,3407,0.050002,0.25,2.0,2600.0,2600.0,"LINESTRING (-71.0590553 42.3177993, -71.0591248 42.3175798)"
10986,3407,1552,0.050002,0.25,2.0,2600.0,2600.0,"LINESTRING (-71.0591248 42.3175798, -71.0590553 42.3177993)"
10987,4684,3446,0.147652,0.25,2.0,2600.0,2600.0,"LINESTRING (-71.0587525 42.3186922, -71.0591817 42.3192751)"
10988,1514,1515,0.095116,0.25,2.0,2600.0,2600.0,"LINESTRING (-71.0589628 42.3181282, -71.0588511 42.3185479)"
10989,1515,1514,0.095116,0.25,2.0,2600.0,2600.0,"LINESTRING (-71.0588511 42.3185479, -71.0589628 42.3181282)"
10990,1515,4684,0.035914,0.25,2.0,2600.0,2600.0,"LINESTRING (-71.0588511 42.3185479, -71.0587525 42.3186922)"
10991,518,519,0.191618,0.25,2.0,2600.0,2600.0,"LINESTRING (-71.0659156 42.3312686, -71.064792 42.3310488)"
10992,519,518,0.191618,0.25,2.0,2600.0,2600.0,"LINESTRING (-71.064792 42.3310488, -71.0659156 42.3312686)"
10993,1791,1795,0.713382,0.25,2.0,2600.0,2600.0,"LINESTRING (-71.0690323 42.3346485, -71.0648253 42.3354028)"
10994,1791,1796,0.593396,0.25,2.0,2600.0,2600.0,"LINESTRING (-71.0690323 42.3346485, -71.0654395 42.3348156)"
10995,1797,1796,0.1533013333333333,0.25,2.0,8000.0,8000.0,"LINESTRING (-71.0658879 42.3357962, -71.0654395 42.3348156)"
10996,2273,1798,0.745848,0.25,2.0,2600.0,2600.0,"LINESTRING (-71.0648421 42.335479, -71.0692518 42.3347268)"
10997,2609,2610,0.3377133333333333,0.25,2.0,8000.0,8000.0,"LINESTRING (-71.0652089 42.3248256, -71.0668146 42.3267699)"
10998,2610,2609,0.3377133333333333,0.25,2.0,8000.0,8000.0,"LINESTRING (-71.0668146 42.3267699, -71.0652089 42.3248256)"
10999,4150,4148,0.238448,0.25,2.0,13200.0,13200.0,"LINESTRING (-71.0607879 42.3294147, -71.0589621 42.32775)"
11,3078,3061,0.5099,0.25,2.0,2600.0,2600.0,"LINESTRING (-71.0422018 42.3471875, -71.0396679 42.3458705)"
11000,4150,4151,0.82555,0.25,2.0,2600.0,2600.0,"LINESTRING (-71.0607879 42.3294147, -71.0588424 42.3259908)"
11001,5122,2432,0.1858373333333333,0.25,2.0,8000.0,8000.0,"LINESTRING (-71.0688021 42.3290924, -71.0678955 42.3280331)"
11002,2432,5122,0.1858373333333333,0.25,2.0,8000.0,8000.0,"LINESTRING (-71.0678955 42.3280331, -71.0688021 42.3290924)"
11003,5158,5160,0.32159,0.25,2.0,2600.0,2600.0,"LINESTRING (-71.0578784 42.3281438, -71.0584917 42.3267702)"
11004,5160,5158,0.32159,0.25,2.0,2600.0,2600.0,"LINESTRING (-71.0584917 42.3267702, -71.0578784 42.3281438)"
11005,5232,5224,0.088562,0.25,2.0,2600.0,2600.0,"LINESTRING (-71.065383 42.321234, -71.06585 42.321431)"
11006,5224,5232,0.088562,0.25,2.0,2600.0,2600.0,"LINESTRING (-71.06585 42.321431, -71.065383 42.321234)"
11007,5405,1675,0.274148,0.25,2.0,13200.0,13200.0,"LINESTRING (-71.0587997 42.3279191, -71.0602562 42.330138)"
11008,5405,2764,0.384698,0.25,2.0,13200.0,13200.0,"LINESTRING (-71.0587997 42.3279191, -71.0614771 42.330756)"
11043,2431,2433,0.289218,0.25,2.0,2600.0,2600.0,"LINESTRING (-71.0691614 42.327546, -71.070729 42.326962)"
11044,2433,2431,0.289218,0.25,2.0,2600.0,2600.0,"LINESTRING (-71.070729 42.326962, -71.0691614 42.327546)"
11045,5205,5206,0.153016,0.25,2.0,2600.0,2600.0,"LINESTRING (-71.070115 42.3215741, -71.069199 42.321463)"
11046,5206,5205,0.153016,0.25,2.0,2600.0,2600.0,"LINESTRING (-71.069199 42.321463, -71.070115 42.3215741)"
11051,2891,5218,0.165764,0.25,2.0,2600.0,2600.0,"LINESTRING (-71.0712903 42.3201791, -71.071934 42.320752)"
11052,5218,2891,0.165764,0.25,2.0,2600.0,2600.0,"LINESTRING (-71.071934 42.320752, -71.0712903 42.3201791)"
11053,3366,5207,0.134658,0.25,2.0,2600.0,2600.0,"LINESTRING (-71.072204 42.321359, -71.071393 42.321431)"
11054,5207,3366,0.134658,0.25,2.0,2600.0,2600.0,"LINESTRING (-71.071393 42.321431, -71.072204 42.321359)"
11055,5225,5180,0.068138,0.25,2.0,2600.0,2600.0,"LINESTRING (-71.072338 42.321838, -71.0725207 42.3221133)"
11056,5180,5225,0.068138,0.25,2.0,2600.0,2600.0,"LINESTRING (-71.0725207 42.3221133, -71.072338 42.321838)"
11069,3366,5218,0.142008,0.25,2.0,2600.0,2600.0,"LINESTRING (-71.072204 42.321359, -71.071934 42.320752)"
11070,5218,3366,0.142008,0.25,2.0,2600.0,2600.0,"LINESTRING (-71.071934 42.320752, -71.072204 42.321359)"
11071,3366,5225,0.108684,0.25,2.0,2600.0,2600.0,"LINESTRING (-71.072204 42.321359, -71.072338 42.321838)"
11072,5225,3366,0.108684,0.25,2.0,2600.0,2600.0,"LINESTRING (-71.072338 42.321838, -71.072204 42.321359)"
11073,4908,1274,0.08328,0.25,2.0,2600.0,2600.0,"LINESTRING (-71.0730367 42.3228254, -71.073323 42.323134)"
11074,1274,4908,0.08328,0.25,2.0,2600.0,2600.0,"LINESTRING (-71.073323 42.323134, -71.0730367 42.3228254)"
11075,4909,5179,0.106372,0.25,2.0,2600.0,2600.0,"LINESTRING (-71.073005 42.322785, -71.072674 42.322374)"
11076,5179,4909,0.106372,0.25,2.0,2600.0,2600.0,"LINESTRING (-71.072674 42.322374, -71.073005 42.322785)"
11085,4908,4909,0.010334,0.25,2.0,2600.0,2600.0,"LINESTRING (-71.0730367 42.3228254, -71.073005 42.322785)"
11086,4909,4908,0.010334,0.25,2.0,2600.0,2600.0,"LINESTRING (-71.073005 42.322785, -71.0730367 42.3228254)"
11087,1273,1274,0.065544,0.25,2.0,2600.0,2600.0,"LINESTRING (-71.0735722 42.3233642, -71.073323 42.323134)"
11088,1274,1273,0.065544,0.25,2.0,2600.0,2600.0,"LINESTRING (-71.073323 42.323134, -71.0735722 42.3233642)"
11093,5179,5180,0.063232,0.25,2.0,2600.0,2600.0,"LINESTRING (-71.072674 42.322374, -71.0725207 42.3221133)"
11094,5180,5179,0.063232,0.25,2.0,2600.0,2600.0,"LINESTRING (-71.0725207 42.3221133, -71.072674 42.322374)"
11095,5205,5207,0.213078,0.25,2.0,2600.0,2600.0,"LINESTRING (-71.070115 42.3215741, -71.071393 42.321431)"
11096,5207,5205,0.213078,0.25,2.0,2600.0,2600.0,"LINESTRING (-71.071393 42.321431, -71.070115 42.3215741)"
11097,4955,4956,0.135932,0.25,2.0,2600.0,2600.0,"LINESTRING (-71.071479 42.326687, -71.0721601 42.3263422)"
11098,4956,4955,0.135932,0.25,2.0,2600.0,2600.0,"LINESTRING (-71.0721601 42.3263422, -71.071479 42.326687)"
11099,5188,5181,0.114022,0.25,2.0,2600.0,2600.0,"LINESTRING (-71.073206 42.325708, -71.0726823 42.3260431)"
11100,5181,5188,0.114022,0.25,2.0,2600.0,2600.0,"LINESTRING (-71.0726823 42.3260431, -71.073206 42.325708)"
11101,4956,5181,0.108708,0.25,2.0,2600.0,2600.0,"LINESTRING (-71.0721601 42.3263422, -71.0726823 42.3260431)"
11102,5181,4956,0.108708,0.25,2.0,2600.0,2600.0,"LINESTRING (-71.0726823 42.3260431, -71.0721601 42.3263422)"
11103,2433,4955,0.137908,0.25,2.0,2600.0,2600.0,"LINESTRING (-71.070729 42.326962, -71.071479 42.326687)"
11104,4955,2433,0.137908,0.25,2.0,2600.0,2600.0,"LINESTRING (-71.071479 42.326687, -71.070729 42.326962)"
11105,5223,5224,0.444596,0.25,2.0,2600.0,2600.0,"LINESTRING (-71.068544 42.321341, -71.06585 42.321431)"
11106,5224,5223,0.444596,0.25,2.0,2600.0,2600.0,"LINESTRING (-71.06585 42.321431, -71.068544 42.321341)"
11107,5223,5206,0.111336,0.25,2.0,2600.0,2600.0,"LINESTRING (-71.068544 42.321341, -71.069199 42.321463)"
11108,5206,5223,0.111336,0.25,2.0,2600.0,2600.0,"LINESTRING (-71.069199 42.321463, -71.068544 42.321341)"
11109,2665,2432,0.0813173333333333,0.25,2.0,8000.0,8000.0,"LINESTRING (-71.0675173 42.3275611, -71.0678955 42.3280331)"
11110,2432,2665,0.0813173333333333,0.25,2.0,8000.0,8000.0,"LINESTRING (-71.0678955 42.3280331, -71.0675173 42.3275611)"
11111,2431,2432,0.235076,0.25,2.0,2600.0,2600.0,"LINESTRING (-71.0691614 42.327546, -71.0678955 42.3280331)"
11112,2432,2431,0.235076,0.25,2.0,2600.0,2600.0,"LINESTRING (-71.0678955 42.3280331, -71.0691614 42.327546)"
11113,2664,2665,0.1224079999999999,0.25,2.0,8000.0,8000.0,"LINESTRING (-71.0669084 42.3268691, -71.0675173 42.3275611)"
11114,2665,2664,0.1224079999999999,0.25,2.0,8000.0,8000.0,"LINESTRING (-71.0675173 42.3275611, -71.0669084 42.3268691)"
11115,2664,2610,0.0178733333333333,0.25,2.0,8000.0,8000.0,"LINESTRING (-71.0669084 42.3268691, -71.0668146 42.3267699)"
11116,2610,2664,0.0178733333333333,0.25,2.0,8000.0,8000.0,"LINESTRING (-71.0668146 42.3267699, -71.0669084 42.3268691)"
11117,1451,1452,0.04072,0.25,2.0,8000.0,8000.0,"LINESTRING (-71.069847 42.3303048, -71.0696443 42.3300752)"
11118,1451,1453,0.0443986666666666,0.25,2.0,8000.0,8000.0,"LINESTRING (-71.069847 42.3303048, -71.0694426 42.3303025)"
11119,1790,1791,0.458652,0.25,2.0,2600.0,2600.0,"LINESTRING (-71.0711432 42.333304, -71.0690323 42.3346485)"
11120,1798,2514,0.553746,0.25,2.0,2600.0,2600.0,"LINESTRING (-71.0692518 42.3347268, -71.0717519 42.3330624)"
11121,4036,4229,0.18973,0.25,2.0,2600.0,2600.0,"LINESTRING (-71.072265 42.3326169, -71.0730925 42.3320234)"
11122,4233,3956,0.0719533333333333,0.25,2.0,8000.0,8000.0,"LINESTRING (-71.0712385 42.3323127, -71.0711463 42.3318315)"
11123,4235,3956,0.0882266666666666,0.25,2.0,8000.0,8000.0,"LINESTRING (-71.071714 42.332253, -71.0711463 42.3318315)"
11124,1428,4233,0.244304,0.25,2.0,8000.0,8000.0,"LINESTRING (-71.0690914 42.3318854, -71.0712385 42.3323127)"
11173,3956,3957,0.1246719999999999,0.25,2.0,8000.0,8000.0,"LINESTRING (-71.0711463 42.3318315, -71.0705218 42.3311294)"
11174,3957,5078,0.1053173333333333,0.25,2.0,8000.0,8000.0,"LINESTRING (-71.0705218 42.3311294, -71.0700339 42.3305165)"
11175,5078,1451,0.0375253333333333,0.25,2.0,8000.0,8000.0,"LINESTRING (-71.0700339 42.3305165, -71.069847 42.3303048)"
11176,4013,1790,0.211818,0.25,2.0,2600.0,2600.0,"LINESTRING (-71.0720415 42.3326217, -71.0711432 42.333304)"
11177,4228,4235,0.0642306666666666,0.25,2.0,8000.0,8000.0,"LINESTRING (-71.0721512 42.3325406, -71.071714 42.332253)"
11178,4231,4257,0.437514,0.25,2.0,2600.0,2600.0,"LINESTRING (-71.073353 42.3336112, -71.0714409 42.3349769)"
11179,4257,4231,0.437514,0.25,2.0,2600.0,2600.0,"LINESTRING (-71.0714409 42.3349769, -71.073353 42.3336112)"
11180,4234,4013,0.078724,0.25,2.0,8000.0,8000.0,"LINESTRING (-71.0714205 42.3323566, -71.0720415 42.3326217)"
11201,4230,4036,0.1879999999999999,0.25,2.0,8000.0,8000.0,"LINESTRING (-71.0734659 42.3335209, -71.072265 42.3326169)"
11202,3224,4231,0.1170746666666666,0.25,2.0,8000.0,8000.0,"LINESTRING (-71.0726472 42.3330188, -71.073353 42.3336112)"
11203,4230,4231,0.027326,0.25,2.0,2600.0,2600.0,"LINESTRING (-71.0734659 42.3335209, -71.073353 42.3336112)"
11204,4231,4230,0.027326,0.25,2.0,2600.0,2600.0,"LINESTRING (-71.073353 42.3336112, -71.0734659 42.3335209)"
11205,2514,3224,0.0985573333333333,0.25,2.0,8000.0,8000.0,"LINESTRING (-71.0717519 42.3330624, -71.0726472 42.3330188)"
11206,4013,3225,0.01814,0.25,2.0,8000.0,8000.0,"LINESTRING (-71.0720415 42.3326217, -71.072166 42.3327018)"
11207,3225,4036,0.024958,0.25,2.0,2600.0,2600.0,"LINESTRING (-71.072166 42.3327018, -71.072265 42.3326169)"
11208,3225,3224,0.0706973333333333,0.25,2.0,8000.0,8000.0,"LINESTRING (-71.072166 42.3327018, -71.0726472 42.3330188)"
11209,4036,4228,0.0168413333333333,0.25,2.0,8000.0,8000.0,"LINESTRING (-71.072265 42.3326169, -71.0721512 42.3325406)"
11210,4228,4013,0.025546,0.25,2.0,2600.0,2600.0,"LINESTRING (-71.0721512 42.3325406, -71.0720415 42.3326217)"
11211,2514,3225,0.105134,0.25,2.0,2600.0,2600.0,"LINESTRING (-71.0717519 42.3330624, -71.072166 42.3327018)"
11212,4234,1790,0.1435213333333333,0.25,2.0,8000.0,8000.0,"LINESTRING (-71.0714205 42.3323566, -71.0711432 42.333304)"
11213,4233,4234,0.0210346666666666,0.25,2.0,8000.0,8000.0,"LINESTRING (-71.0712385 42.3323127, -71.0714205 42.3323566)"
11214,807,1385,0.156416,0.25,2.0,2600.0,2600.0,"LINESTRING (-71.0700895 42.3359237, -71.070782 42.335443)"
11215,1385,807,0.156416,0.25,2.0,2600.0,2600.0,"LINESTRING (-71.070782 42.335443, -71.0700895 42.3359237)"
11216,4257,1385,0.150056,0.25,2.0,2600.0,2600.0,"LINESTRING (-71.0714409 42.3349769, -71.070782 42.335443)"
11217,1385,4257,0.150056,0.25,2.0,2600.0,2600.0,"LINESTRING (-71.070782 42.335443, -71.0714409 42.3349769)"
11218,520,2837,0.163498,0.25,2.0,2600.0,2600.0,"LINESTRING (-71.0669882 42.3314859, -71.0679408 42.3316898)"
11219,2837,520,0.163498,0.25,2.0,2600.0,2600.0,"LINESTRING (-71.0679408 42.3316898, -71.0669882 42.3314859)"
11220,1452,1453,0.0403506666666666,0.25,2.0,8000.0,8000.0,"LINESTRING (-71.0696443 42.3300752, -71.0694426 42.3303025)"
11221,5121,1452,0.0957106666666666,0.25,2.0,8000.0,8000.0,"LINESTRING (-71.0691764 42.3295299, -71.0696443 42.3300752)"
11222,1452,5121,0.0957106666666666,0.25,2.0,8000.0,8000.0,"LINESTRING (-71.0696443 42.3300752, -71.0691764 42.3295299)"
11223,5121,5122,0.0767946666666666,0.25,2.0,8000.0,8000.0,"LINESTRING (-71.0691764 42.3295299, -71.0688021 42.3290924)"
11224,5122,5121,0.0767946666666666,0.25,2.0,8000.0,8000.0,"LINESTRING (-71.0688021 42.3290924, -71.0691764 42.3295299)"
11225,932,933,0.1111453333333333,0.25,2.0,8000.0,8000.0,"LINESTRING (-71.068601 42.330792, -71.068105 42.3314457)"
11226,1427,1428,0.087208,0.25,2.0,8000.0,8000.0,"LINESTRING (-71.0683171 42.3317548, -71.0690914 42.3318854)"
11227,2097,932,0.069904,0.25,2.0,8000.0,8000.0,"LINESTRING (-71.0690832 42.3304844, -71.068601 42.330792)"
11228,1453,2097,0.0477893333333333,0.25,2.0,8000.0,8000.0,"LINESTRING (-71.0694426 42.3303025, -71.0690832 42.3304844)"
11229,933,2837,0.060574,0.25,2.0,2600.0,2600.0,"LINESTRING (-71.068105 42.3314457, -71.0679408 42.3316898)"
11230,933,1427,0.0513533333333333,0.25,2.0,8000.0,8000.0,"LINESTRING (-71.068105 42.3314457, -71.0683171 42.3317548)"
11231,2837,1427,0.06364,0.25,2.0,2600.0,2600.0,"LINESTRING (-71.0679408 42.3316898, -71.0683171 42.3317548)"
11232,518,520,0.183166,0.25,2.0,2600.0,2600.0,"LINESTRING (-71.0659156 42.3312686, -71.0669882 42.3314859)"
11233,520,518,0.183166,0.25,2.0,2600.0,2600.0,"LINESTRING (-71.0669882 42.3314859, -71.0659156 42.3312686)"
11234,1797,1798,0.603202,0.25,2.0,2600.0,2600.0,"LINESTRING (-71.0658879 42.3357962, -71.0692518 42.3347268)"
11235,1029,1030,0.5314906666666667,0.25,2.0,8000.0,8000.0,"LINESTRING (-71.0640964 42.3235134, -71.0614864 42.3204917)"
11236,1030,1029,0.5314906666666667,0.25,2.0,8000.0,8000.0,"LINESTRING (-71.0614864 42.3204917, -71.0640964 42.3235134)"
11237,1029,1031,0.219432,0.25,2.0,8000.0,8000.0,"LINESTRING (-71.0640964 42.3235134, -71.0651547 42.3247685)"
11238,1031,1029,0.219432,0.25,2.0,8000.0,8000.0,"LINESTRING (-71.0651547 42.3247685, -71.0640964 42.3235134)"
11239,2526,2528,0.140062,0.25,2.0,2600.0,2600.0,"LINESTRING (-71.059803 42.324207, -71.0602107 42.323654)"
11240,2528,2526,0.140062,0.25,2.0,2600.0,2600.0,"LINESTRING (-71.0602107 42.323654, -71.059803 42.324207)"
11241,1030,4682,0.0229373333333333,0.25,2.0,8000.0,8000.0,"LINESTRING (-71.0614864 42.3204917, -71.0616911 42.3204629)"
11264,5232,4683,0.56834,0.25,2.0,2600.0,2600.0,"LINESTRING (-71.065383 42.321234, -71.0620655 42.3205396)"
11265,4683,5232,0.56834,0.25,2.0,2600.0,2600.0,"LINESTRING (-71.0620655 42.3205396, -71.065383 42.321234)"
11266,4669,3428,0.086648,0.25,2.0,8000.0,8000.0,"LINESTRING (-71.0619646 42.320293, -71.0625301 42.3198849)"
11267,4682,4669,0.0392546666666666,0.25,2.0,8000.0,8000.0,"LINESTRING (-71.0616911 42.3204629, -71.0619646 42.320293)"
11268,4682,4683,0.06399,0.25,2.0,2600.0,2600.0,"LINESTRING (-71.0616911 42.3204629, -71.0620655 42.3205396)"
11269,4683,4669,0.057296,0.25,2.0,2600.0,2600.0,"LINESTRING (-71.0620655 42.3205396, -71.0619646 42.320293)"
11270,1031,2609,0.01032,0.25,2.0,8000.0,8000.0,"LINESTRING (-71.0651547 42.3247685, -71.0652089 42.3248256)"
11271,2609,1031,0.01032,0.25,2.0,8000.0,8000.0,"LINESTRING (-71.0652089 42.3248256, -71.0651547 42.3247685)"
11272,2303,2305,0.116812,0.25,2.0,8000.0,8000.0,"LINESTRING (-71.0596899 42.3200147, -71.0586296 42.3200722)"
11273,2305,2303,0.116812,0.25,2.0,8000.0,8000.0,"LINESTRING (-71.0586296 42.3200722, -71.0596899 42.3200147)"
11274,2544,2826,0.20661,0.25,2.0,2600.0,2600.0,"LINESTRING (-71.0611707 42.3220203, -71.0613447 42.3210988)"
11275,2826,2544,0.20661,0.25,2.0,2600.0,2600.0,"LINESTRING (-71.0613447 42.3210988, -71.0611707 42.3220203)"
11298,2302,2303,0.095752,0.25,2.0,8000.0,8000.0,"LINESTRING (-71.0605483 42.3201266, -71.0596899 42.3200147)"
11299,2303,2302,0.095752,0.25,2.0,8000.0,8000.0,"LINESTRING (-71.0596899 42.3200147, -71.0605483 42.3201266)"
11300,1030,2826,0.13684,0.25,2.0,2600.0,2600.0,"LINESTRING (-71.0614864 42.3204917, -71.0613447 42.3210988)"
11301,2826,1030,0.13684,0.25,2.0,2600.0,2600.0,"LINESTRING (-71.0613447 42.3210988, -71.0614864 42.3204917)"
11302,2302,1030,0.1164106666666666,0.25,2.0,8000.0,8000.0,"LINESTRING (-71.0605483 42.3201266, -71.0614864 42.3204917)"
11303,4241,4242,0.092322,0.25,2.0,2600.0,2600.0,"LINESTRING (-71.0611385 42.3202409, -71.0608344 42.3198919)"
11304,4241,2302,0.0670106666666666,0.25,2.0,8000.0,8000.0,"LINESTRING (-71.0611385 42.3202409, -71.0605483 42.3201266)"
11305,1030,4241,0.0533386666666666,0.25,2.0,8000.0,8000.0,"LINESTRING (-71.0614864 42.3204917, -71.0611385 42.3202409)"
11306,2546,2547,0.062392,0.25,2.0,2600.0,2600.0,"LINESTRING (-71.0608695 42.3227584, -71.0606844 42.3230034)"
11307,2547,2546,0.062392,0.25,2.0,2600.0,2600.0,"LINESTRING (-71.0606844 42.3230034, -71.0608695 42.3227584)"
11308,2528,2547,0.164308,0.25,2.0,2600.0,2600.0,"LINESTRING (-71.0602107 42.323654, -71.0606844 42.3230034)"
11309,2547,2528,0.164308,0.25,2.0,2600.0,2600.0,"LINESTRING (-71.0606844 42.3230034, -71.0602107 42.323654)"
11310,2543,2546,0.081306,0.25,2.0,2600.0,2600.0,"LINESTRING (-71.0610415 42.3224151, -71.0608695 42.3227584)"
11311,2546,2543,0.081306,0.25,2.0,2600.0,2600.0,"LINESTRING (-71.0608695 42.3227584, -71.0610415 42.3224151)"
11312,2543,2544,0.090332,0.25,2.0,2600.0,2600.0,"LINESTRING (-71.0610415 42.3224151, -71.0611707 42.3220203)"
11313,2544,2543,0.090332,0.25,2.0,2600.0,2600.0,"LINESTRING (-71.0611707 42.3220203, -71.0610415 42.3224151)"
11314,3431,2305,0.1293266666666666,0.25,2.0,8000.0,8000.0,"LINESTRING (-71.0575245 42.3203699, -71.0586296 42.3200722)"
11315,2305,3431,0.1293266666666666,0.25,2.0,8000.0,8000.0,"LINESTRING (-71.0586296 42.3200722, -71.0575245 42.3203699)"
11316,2526,2527,0.125008,0.25,2.0,2600.0,2600.0,"LINESTRING (-71.059803 42.324207, -71.05945 42.3247046)"
11317,2527,2526,0.125008,0.25,2.0,2600.0,2600.0,"LINESTRING (-71.05945 42.3247046, -71.059803 42.324207)"
11318,4151,5183,0.086634,0.25,2.0,2600.0,2600.0,"LINESTRING (-71.0588424 42.3259908, -71.0586717 42.3263603)"
11319,5183,4151,0.086634,0.25,2.0,2600.0,2600.0,"LINESTRING (-71.0586717 42.3263603, -71.0588424 42.3259908)"
11320,2519,2521,0.11287,0.25,2.0,2600.0,2600.0,"LINESTRING (-71.0591495 42.3252854, -71.0593813 42.3248071)"
11321,2521,2519,0.11287,0.25,2.0,2600.0,2600.0,"LINESTRING (-71.0593813 42.3248071, -71.0591495 42.3252854)"
11322,2527,2521,0.025356,0.25,2.0,2600.0,2600.0,"LINESTRING (-71.05945 42.3247046, -71.0593813 42.3248071)"
11323,2521,2527,0.025356,0.25,2.0,2600.0,2600.0,"LINESTRING (-71.0593813 42.3248071, -71.05945 42.3247046)"
11324,2520,4151,0.134116,0.25,2.0,2600.0,2600.0,"LINESTRING (-71.0590942 42.3254173, -71.0588424 42.3259908)"
11325,4151,2520,0.134116,0.25,2.0,2600.0,2600.0,"LINESTRING (-71.0588424 42.3259908, -71.0590942 42.3254173)"
11326,2519,2520,0.0306939999999999,0.25,2.0,2600.0,2600.0,"LINESTRING (-71.0591495 42.3252854, -71.0590942 42.3254173)"
11327,2520,2519,0.0306939999999999,0.25,2.0,2600.0,2600.0,"LINESTRING (-71.0590942 42.3254173, -71.0591495 42.3252854)"
11328,5183,5160,0.095796,0.25,2.0,2600.0,2600.0,"LINESTRING (-71.0586717 42.3263603, -71.0584917 42.3267702)"
11329,5160,5183,0.095796,0.25,2.0,2600.0,2600.0,"LINESTRING (-71.0584917 42.3267702, -71.0586717 42.3263603)"
11330,1396,1398,1.103472,0.25,2.0,2600.0,2600.0,"LINESTRING (-71.0645804 42.3337276, -71.0609141 42.3295724)"
11331,1672,1673,0.28106,0.25,2.0,2600.0,2600.0,"LINESTRING (-71.0618033 42.3314388, -71.062717 42.3325066)"
11332,1672,1674,0.242024,0.25,2.0,2600.0,2600.0,"LINESTRING (-71.0618033 42.3314388, -71.0607923 42.3306487)"
11333,1674,1672,0.242024,0.25,2.0,2600.0,2600.0,"LINESTRING (-71.0607923 42.3306487, -71.0618033 42.3314388)"
11334,1799,1398,0.439542,0.25,2.0,2600.0,2600.0,"LINESTRING (-71.063099 42.3307063, -71.0609141 42.3295724)"
11335,1799,1800,0.39229,0.25,2.0,2600.0,2600.0,"LINESTRING (-71.063099 42.3307063, -71.0608007 42.3302469)"
11336,1800,1799,0.39229,0.25,2.0,2600.0,2600.0,"LINESTRING (-71.0608007 42.3302469, -71.063099 42.3307063)"
11337,2764,1673,0.219716,0.25,2.0,13200.0,13200.0,"LINESTRING (-71.0614771 42.330756, -71.062717 42.3325066)"
11338,2764,2765,0.377016,0.25,2.0,13200.0,13200.0,"LINESTRING (-71.0614771 42.330756, -71.063936 42.333618)"
11339,1799,519,0.28929,0.25,2.0,2600.0,2600.0,"LINESTRING (-71.063099 42.3307063, -71.064792 42.3310488)"
11340,519,1799,0.28929,0.25,2.0,2600.0,2600.0,"LINESTRING (-71.064792 42.3310488, -71.063099 42.3307063)"
11341,1397,1405,0.144396,0.25,2.0,8000.0,8000.0,"LINESTRING (-71.0637654 42.3338844, -71.0625134 42.3341804)"
11342,1405,1406,0.147884,0.25,2.0,8000.0,8000.0,"LINESTRING (-71.0625134 42.3341804, -71.0638258 42.333961)"
11343,2765,3169,0.134346,0.25,2.0,13200.0,13200.0,"LINESTRING (-71.063936 42.333618, -71.0647452 42.3346675)"
11344,1796,4149,0.177168,0.25,2.0,8000.0,8000.0,"LINESTRING (-71.0654395 42.3348156, -71.0646264 42.3337829)"
11345,1803,1397,0.138112,0.25,2.0,2600.0,2600.0,"LINESTRING (-71.0633575 42.3333413, -71.0637654 42.3338844)"
11346,1406,1795,0.2401306666666667,0.25,2.0,8000.0,8000.0,"LINESTRING (-71.0638258 42.333961, -71.0648253 42.3354028)"
11347,1396,1397,0.0924919999999999,0.25,2.0,8000.0,8000.0,"LINESTRING (-71.0645804 42.3337276, -71.0637654 42.3338844)"
11348,1406,4149,0.0917786666666666,0.25,2.0,8000.0,8000.0,"LINESTRING (-71.0638258 42.333961, -71.0646264 42.3337829)"
11349,4149,1396,0.0095866666666666,0.25,2.0,8000.0,8000.0,"LINESTRING (-71.0646264 42.3337829, -71.0645804 42.3337276)"
11350,1397,1406,0.0132279999999999,0.25,2.0,8000.0,8000.0,"LINESTRING (-71.0637654 42.3338844, -71.0638258 42.333961)"
11351,2273,2274,0.05376,0.25,2.0,8000.0,8000.0,"LINESTRING (-71.0648421 42.335479, -71.0648784 42.335841)"
11352,1795,2273,0.0114093333333333,0.25,2.0,8000.0,8000.0,"LINESTRING (-71.0648253 42.3354028, -71.0648421 42.335479)"
11353,1679,1803,0.088138,0.25,2.0,2600.0,2600.0,"LINESTRING (-71.0630929 42.3329956, -71.0633575 42.3333413)"
11354,1673,1679,0.125072,0.25,2.0,2600.0,2600.0,"LINESTRING (-71.062717 42.3325066, -71.0630929 42.3329956)"
11355,1675,1677,0.338732,0.25,2.0,2600.0,2600.0,"LINESTRING (-71.0602562 42.330138, -71.0582716 42.3297413)"
11356,1677,1675,0.338732,0.25,2.0,2600.0,2600.0,"LINESTRING (-71.0582716 42.3297413, -71.0602562 42.330138)"
11357,1398,4150,0.040596,0.25,2.0,2600.0,2600.0,"LINESTRING (-71.0609141 42.3295724, -71.0607879 42.3294147)"
11358,1675,1676,0.112302,0.25,2.0,2600.0,2600.0,"LINESTRING (-71.0602562 42.330138, -71.0606446 42.3305534)"
11359,1675,1678,0.066264,0.25,2.0,2600.0,2600.0,"LINESTRING (-71.0602562 42.330138, -71.0606438 42.3302155)"
11360,1678,1675,0.066264,0.25,2.0,2600.0,2600.0,"LINESTRING (-71.0606438 42.3302155, -71.0602562 42.330138)"
11361,1676,1674,0.03228,0.25,2.0,2600.0,2600.0,"LINESTRING (-71.0606446 42.3305534, -71.0607923 42.3306487)"
11362,1674,1800,0.08932,0.25,2.0,2600.0,2600.0,"LINESTRING (-71.0607923 42.3306487, -71.0608007 42.3302469)"
11363,1678,1800,0.02678,0.25,2.0,2600.0,2600.0,"LINESTRING (-71.0606438 42.3302155, -71.0608007 42.3302469)"
11364,1800,1678,0.02678,0.25,2.0,2600.0,2600.0,"LINESTRING (-71.0608007 42.3302469, -71.0606438 42.3302155)"
11365,1678,1676,0.074868,0.25,2.0,2600.0,2600.0,"LINESTRING (-71.0606438 42.3302155, -71.0606446 42.3305534)"
11366,2294,5158,0.054466,0.25,2.0,2600.0,2600.0,"LINESTRING (-71.0577596 42.3283731, -71.0578784 42.3281438)"
11367,5158,2294,0.054466,0.25,2.0,2600.0,2600.0,"LINESTRING (-71.0578784 42.3281438, -71.0577596 42.3283731)"
11370,233,220,0.424894,0.25,2.0,2600.0,2600.0,"LINESTRING (-71.0496244 42.3125736, -71.0471146 42.3121376)"
11371,536,542,0.316654,0.25,2.0,2600.0,2600.0,"LINESTRING (-71.0513203 42.3126463, -71.0524112 42.3114733)"
11372,542,536,0.316654,0.25,2.0,2600.0,2600.0,"LINESTRING (-71.0524112 42.3114733, -71.0513203 42.3126463)"
11373,2013,2014,1.315152,0.25,2.0,2600.0,2600.0,"LINESTRING (-71.0468725 42.3141189, -71.0499095 42.319593)"
11374,2022,2014,0.205772,0.25,2.0,13200.0,13200.0,"LINESTRING (-71.0491184 42.3178361, -71.0499095 42.319593)"
11375,2657,2024,0.462654,0.25,2.0,13200.0,13200.0,"LINESTRING (-71.0497361 42.3186367, -71.0477479 42.3147419)"
11379,2658,2737,0.979058,0.25,2.0,2600.0,2600.0,"LINESTRING (-71.0493382 42.3175825, -71.0469782 42.3135391)"
11462,3235,5199,0.202626,0.25,2.0,2600.0,2600.0,"LINESTRING (-71.0567003 42.3163358, -71.0566837 42.3154244)"
11463,5199,3235,0.202626,0.25,2.0,2600.0,2600.0,"LINESTRING (-71.0566837 42.3154244, -71.0567003 42.3163358)"
11492,1317,1324,0.085048,0.25,2.0,2600.0,2600.0,"LINESTRING (-71.054983 42.312331, -71.055387 42.312569)"
11493,1324,1317,0.085048,0.25,2.0,2600.0,2600.0,"LINESTRING (-71.055387 42.312569, -71.054983 42.312331)"
11494,4957,665,0.104924,0.25,2.0,2600.0,2600.0,"LINESTRING (-71.0569922 42.3139461, -71.057087 42.313479)"
11495,665,4957,0.104924,0.25,2.0,2600.0,2600.0,"LINESTRING (-71.057087 42.313479, -71.0569922 42.3139461)"
11496,648,661,0.193038,0.25,2.0,2600.0,2600.0,"LINESTRING (-71.057207 42.31296, -71.0560426 42.3128665)"
11497,661,648,0.193038,0.25,2.0,2600.0,2600.0,"LINESTRING (-71.0560426 42.3128665, -71.057207 42.31296)"
11498,661,1324,0.126818,0.25,2.0,2600.0,2600.0,"LINESTRING (-71.0560426 42.3128665, -71.055387 42.312569)"
11499,1324,661,0.126818,0.25,2.0,2600.0,2600.0,"LINESTRING (-71.055387 42.312569, -71.0560426 42.3128665)"
11500,648,665,0.116986,0.25,2.0,2600.0,2600.0,"LINESTRING (-71.057207 42.31296, -71.057087 42.313479)"
11501,665,648,0.116986,0.25,2.0,2600.0,2600.0,"LINESTRING (-71.057087 42.313479, -71.057207 42.31296)"
11502,5242,5239,0.059744,0.25,2.0,2600.0,2600.0,"LINESTRING (-71.0568245 42.314659, -71.056755 42.314923)"
11503,5239,5242,0.059744,0.25,2.0,2600.0,2600.0,"LINESTRING (-71.056755 42.314923, -71.0568245 42.314659)"
11504,4957,4958,0.11105,0.25,2.0,2600.0,2600.0,"LINESTRING (-71.0569922 42.3139461, -71.056873 42.314438)"
11505,4958,4957,0.11105,0.25,2.0,2600.0,2600.0,"LINESTRING (-71.056873 42.314438, -71.0569922 42.3139461)"
11506,4958,5242,0.049758,0.25,2.0,2600.0,2600.0,"LINESTRING (-71.056873 42.314438, -71.0568245 42.314659)"
11507,5242,4958,0.049758,0.25,2.0,2600.0,2600.0,"LINESTRING (-71.0568245 42.314659, -71.056873 42.314438)"
11508,5199,5239,0.111916,0.25,2.0,2600.0,2600.0,"LINESTRING (-71.0566837 42.3154244, -71.056755 42.314923)"
11509,5239,5199,0.111916,0.25,2.0,2600.0,2600.0,"LINESTRING (-71.056755 42.314923, -71.0566837 42.3154244)"
11514,1612,1613,0.17773,0.25,2.0,2600.0,2600.0,"LINESTRING (-71.0567262 42.3177164, -71.056731 42.3185162)"
11515,1613,1612,0.17773,0.25,2.0,2600.0,2600.0,"LINESTRING (-71.056731 42.3185162, -71.0567262 42.3177164)"
11534,3172,3235,0.129754,0.25,2.0,2600.0,2600.0,"LINESTRING (-71.0567115 42.3169204, -71.0567003 42.3163358)"
11535,3235,3172,0.129754,0.25,2.0,2600.0,2600.0,"LINESTRING (-71.0567003 42.3163358, -71.0567115 42.3169204)"
11536,1651,3025,0.103314,0.25,2.0,2600.0,2600.0,"LINESTRING (-71.0567236 42.3175775, -71.056715 42.3171127)"
11537,3025,1651,0.103314,0.25,2.0,2600.0,2600.0,"LINESTRING (-71.056715 42.3171127, -71.0567236 42.3175775)"
11538,3172,3025,0.042882,0.25,2.0,2600.0,2600.0,"LINESTRING (-71.0567115 42.3169204, -71.056715 42.3171127)"
11539,3025,3172,0.042882,0.25,2.0,2600.0,2600.0,"LINESTRING (-71.056715 42.3171127, -71.0567115 42.3169204)"
11540,1612,1651,0.0306599999999999,0.25,2.0,2600.0,2600.0,"LINESTRING (-71.0567262 42.3177164, -71.0567236 42.3175775)"
11541,1651,1612,0.0306599999999999,0.25,2.0,2600.0,2600.0,"LINESTRING (-71.0567236 42.3175775, -71.0567262 42.3177164)"
11542,2056,2057,0.09401,0.25,2.0,2600.0,2600.0,"LINESTRING (-71.0567292 42.3186605, -71.0567451 42.3190836)"
11543,2057,2056,0.09401,0.25,2.0,2600.0,2600.0,"LINESTRING (-71.0567451 42.3190836, -71.0567292 42.3186605)"
11544,2056,1613,0.032214,0.25,2.0,2600.0,2600.0,"LINESTRING (-71.0567292 42.3186605, -71.056731 42.3185162)"
11545,1613,2056,0.032214,0.25,2.0,2600.0,2600.0,"LINESTRING (-71.056731 42.3185162, -71.0567292 42.3186605)"
11546,4685,2057,0.165302,0.25,2.0,2600.0,2600.0,"LINESTRING (-71.0567593 42.3198279, -71.0567451 42.3190836)"
11547,2057,4685,0.165302,0.25,2.0,2600.0,2600.0,"LINESTRING (-71.0567451 42.3190836, -71.0567593 42.3198279)"
11548,4685,4686,0.008,0.25,2.0,2600.0,2600.0,"LINESTRING (-71.0567593 42.3198279, -71.0567597 42.3198644)"
11549,4686,4685,0.008,0.25,2.0,2600.0,2600.0,"LINESTRING (-71.0567597 42.3198644, -71.0567593 42.3198279)"
11550,536,537,0.043806,0.25,2.0,2600.0,2600.0,"LINESTRING (-71.0513203 42.3126463, -71.0510555 42.3126601)"
11551,537,536,0.043806,0.25,2.0,2600.0,2600.0,"LINESTRING (-71.0510555 42.3126601, -71.0513203 42.3126463)"
11552,389,390,0.079958,0.25,2.0,2600.0,2600.0,"LINESTRING (-71.0506607 42.3126427, -71.0501777 42.3126106)"
11553,537,389,0.065076,0.25,2.0,2600.0,2600.0,"LINESTRING (-71.0510555 42.3126601, -71.0506607 42.3126427)"
11554,390,233,0.091716,0.25,2.0,2600.0,2600.0,"LINESTRING (-71.0501777 42.3126106, -71.0496244 42.3125736)"
11555,2657,2658,0.1215879999999999,0.25,2.0,13200.0,13200.0,"LINESTRING (-71.0497361 42.3186367, -71.0493382 42.3175825)"
11556,5287,2658,0.17382,0.25,2.0,2600.0,2600.0,"LINESTRING (-71.0497599 42.3182997, -71.0493382 42.3175825)"
11563,2015,2022,0.367056,0.25,2.0,13200.0,13200.0,"LINESTRING (-71.0472633 42.314832, -71.0491184 42.3178361)"
11564,4080,4082,0.614846,0.25,2.0,2600.0,2600.0,"LINESTRING (-71.042541 42.3141956, -71.0462487 42.313903)"
11565,4249,4250,0.199026,0.25,2.0,2600.0,2600.0,"LINESTRING (-71.0447187 42.3186988, -71.045809 42.3190836)"
11566,4250,4249,0.199026,0.25,2.0,2600.0,2600.0,"LINESTRING (-71.045809 42.3190836, -71.0447187 42.3186988)"
11567,2018,4081,0.576874,0.25,2.0,2600.0,2600.0,"LINESTRING (-71.0461687 42.3138376, -71.0426767 42.3139975)"
11600,2013,2015,0.085508,0.25,2.0,13200.0,13200.0,"LINESTRING (-71.0468725 42.3141189, -71.0472633 42.314832)"
11601,2017,2018,0.087493,0.25,2.0,13200.0,13200.0,"LINESTRING (-71.0464891 42.3130868, -71.0461687 42.3138376)"
11602,2024,2737,0.14794,0.25,2.0,13200.0,13200.0,"LINESTRING (-71.0477479 42.3147419, -71.0469782 42.3135391)"
11603,2019,2018,0.09973,0.25,2.0,2600.0,2600.0,"LINESTRING (-71.0466856 42.3136049, -71.0461687 42.3138376)"
11604,4082,4403,0.089254,0.25,2.0,2600.0,2600.0,"LINESTRING (-71.0462487 42.313903, -71.0467198 42.3137045)"
11605,4403,2013,0.047664,0.25,2.0,13200.0,13200.0,"LINESTRING (-71.0467198 42.3137045, -71.0468725 42.3141189)"
11606,2015,2024,0.041215,0.25,2.0,13200.0,13200.0,"LINESTRING (-71.0472633 42.314832, -71.0477479 42.3147419)"
11607,2737,221,0.131306,0.25,2.0,13200.0,13200.0,"LINESTRING (-71.0469782 42.3135391, -71.0463781 42.3124438)"
11610,2017,2019,0.059787,0.25,2.0,13200.0,13200.0,"LINESTRING (-71.0464891 42.3130868, -71.0466856 42.3136049)"
11611,4403,2737,0.0563,0.25,2.0,2600.0,2600.0,"LINESTRING (-71.0467198 42.3137045, -71.0469782 42.3135391)"
11612,2737,2019,0.05033,0.25,2.0,2600.0,2600.0,"LINESTRING (-71.0469782 42.3135391, -71.0466856 42.3136049)"
11613,2019,4403,0.011456,0.25,2.0,13200.0,13200.0,"LINESTRING (-71.0466856 42.3136049, -71.0467198 42.3137045)"
11614,4082,2013,0.056689,0.25,2.0,13200.0,13200.0,"LINESTRING (-71.0462487 42.313903, -71.0468725 42.3141189)"
11615,4431,4433,0.102288,0.25,2.0,2600.0,2600.0,"LINESTRING (-71.0422443 42.3140061, -71.0418096 42.3143345)"
11616,4433,4432,0.095532,0.25,2.0,2600.0,2600.0,"LINESTRING (-71.0418096 42.3143345, -71.0423526 42.3141851)"
11617,4080,4081,0.049374,0.25,2.0,2600.0,2600.0,"LINESTRING (-71.042541 42.3141956, -71.0426767 42.3139975)"
11618,4081,4434,0.041388,0.25,2.0,2600.0,2600.0,"LINESTRING (-71.0426767 42.3139975, -71.0424849 42.3138777)"
11619,4431,4432,0.04364,0.25,2.0,2600.0,2600.0,"LINESTRING (-71.0422443 42.3140061, -71.0423526 42.3141851)"
11620,4435,4431,0.007736,0.25,2.0,2600.0,2600.0,"LINESTRING (-71.0422591 42.3139734, -71.0422443 42.3140061)"
11621,4434,4435,0.042826,0.25,2.0,2600.0,2600.0,"LINESTRING (-71.0424849 42.3138777, -71.0422591 42.3139734)"
11622,4432,4080,0.031094,0.25,2.0,2600.0,2600.0,"LINESTRING (-71.0423526 42.3141851, -71.042541 42.3141956)"
11627,4249,4251,0.116924,0.25,2.0,2600.0,2600.0,"LINESTRING (-71.0447187 42.3186988, -71.044076 42.318477)"
11628,4251,4249,0.116924,0.25,2.0,2600.0,2600.0,"LINESTRING (-71.044076 42.318477, -71.0447187 42.3186988)"
11629,2364,2365,0.2959119999999999,0.25,2.0,8000.0,8000.0,"LINESTRING (-71.052311 42.3270959, -71.0519816 42.3290794)"
11630,2581,2583,1.53236,0.25,2.0,2600.0,2600.0,"LINESTRING (-71.0499398 42.3221842, -71.0469861 42.3287241)"
11631,2583,2581,1.53236,0.25,2.0,2600.0,2600.0,"LINESTRING (-71.0469861 42.3287241, -71.0499398 42.3221842)"
11632,4521,4522,0.1241479999999999,0.25,2.0,2600.0,2600.0,"LINESTRING (-71.049726 42.3335404, -71.0490884 42.3338368)"
11633,4539,4527,0.125458,0.25,2.0,2600.0,2600.0,"LINESTRING (-71.0491384 42.3338988, -71.0497825 42.3335983)"
11634,5086,4766,0.490282,0.25,2.0,2600.0,2600.0,"LINESTRING (-71.047953 42.3301386, -71.0508937 42.3298096)"
11635,4766,5086,0.490282,0.25,2.0,2600.0,2600.0,"LINESTRING (-71.0508937 42.3298096, -71.047953 42.3301386)"
11636,5117,2293,0.121968,0.25,2.0,2600.0,2600.0,"LINESTRING (-71.0569228 42.3280317, -71.0569268 42.3285805)"
11637,2293,5117,0.121968,0.25,2.0,2600.0,2600.0,"LINESTRING (-71.0569268 42.3285805, -71.0569228 42.3280317)"
11638,918,5118,0.1715813333333333,0.25,2.0,8000.0,8000.0,"LINESTRING (-71.0525617 42.3282516, -71.0525163 42.327094)"
11713,3314,3315,0.257245,0.25,2.0,13200.0,13200.0,"LINESTRING (-71.0554678 42.3240034, -71.054339 42.321844)"
11714,4168,4169,0.342795,0.25,2.0,13200.0,13200.0,"LINESTRING (-71.0529977 42.3215019, -71.0552901 42.3240773)"
11715,4168,3355,0.126836,0.25,2.0,8000.0,8000.0,"LINESTRING (-71.0529977 42.3215019, -71.0541518 42.321504)"
11716,4414,4412,0.1028373333333333,0.25,2.0,8000.0,8000.0,"LINESTRING (-71.0523964 42.3242171, -71.0522429 42.3235318)"
11717,4414,1018,0.665122,0.25,2.0,2600.0,2600.0,"LINESTRING (-71.0523964 42.3242171, -71.0518982 42.3212464)"
11718,4415,1534,0.0609719999999999,0.25,2.0,8000.0,8000.0,"LINESTRING (-71.0521516 42.3239523, -71.0522022 42.3243621)"
11719,1527,4402,0.1376186666666666,0.25,2.0,8000.0,8000.0,"LINESTRING (-71.0541033 42.3213795, -71.0528518 42.321419)"
11720,5170,4680,0.157536,0.25,2.0,2600.0,2600.0,"LINESTRING (-71.0568505 42.324129, -71.0568329 42.3234201)"
11721,4680,5170,0.157536,0.25,2.0,2600.0,2600.0,"LINESTRING (-71.0568329 42.3234201, -71.0568505 42.324129)"
11770,1526,1527,0.197392,0.25,2.0,8000.0,8000.0,"LINESTRING (-71.0558603 42.3211044, -71.0541033 42.3213795)"
11771,3354,3560,0.1509039999999999,0.25,2.0,8000.0,8000.0,"LINESTRING (-71.0545375 42.3214968, -71.0558618 42.3212296)"
11772,4681,4783,0.201966,0.25,2.0,2600.0,2600.0,"LINESTRING (-71.0568167 42.3225291, -71.0567984 42.3216201)"
11773,4783,4681,0.201966,0.25,2.0,2600.0,2600.0,"LINESTRING (-71.0567984 42.3216201, -71.0568167 42.3225291)"
11774,4400,4401,0.044878,0.25,2.0,2600.0,2600.0,"LINESTRING (-71.0567783 42.3207917, -71.0567805 42.3209937)"
11775,4401,4400,0.044878,0.25,2.0,2600.0,2600.0,"LINESTRING (-71.0567805 42.3209937, -71.0567783 42.3207917)"
11776,4782,4400,0.037812,0.25,2.0,8000.0,8000.0,"LINESTRING (-71.0565115 42.3209532, -71.0567783 42.3207917)"
11777,3432,1526,0.1208119999999999,0.25,2.0,8000.0,8000.0,"LINESTRING (-71.056775 42.320652, -71.0558603 42.3211044)"
11778,3560,4782,0.082288,0.25,2.0,8000.0,8000.0,"LINESTRING (-71.0558618 42.3212296, -71.0565115 42.3209532)"
11779,4400,3432,0.031106,0.25,2.0,2600.0,2600.0,"LINESTRING (-71.0567783 42.3207917, -71.056775 42.320652)"
11780,3432,4400,0.031106,0.25,2.0,2600.0,2600.0,"LINESTRING (-71.056775 42.320652, -71.0567783 42.3207917)"
11781,4401,4783,0.139104,0.25,2.0,2600.0,2600.0,"LINESTRING (-71.0567805 42.3209937, -71.0567984 42.3216201)"
11782,4783,4401,0.139104,0.25,2.0,2600.0,2600.0,"LINESTRING (-71.0567984 42.3216201, -71.0567805 42.3209937)"
11783,4782,4401,0.0301826666666666,0.25,2.0,8000.0,8000.0,"LINESTRING (-71.0565115 42.3209532, -71.0567805 42.3209937)"
11784,4679,4681,0.189516,0.25,2.0,2600.0,2600.0,"LINESTRING (-71.0568311 42.3233818, -71.0568167 42.3225291)"
11785,4681,4679,0.189516,0.25,2.0,2600.0,2600.0,"LINESTRING (-71.0568167 42.3225291, -71.0568311 42.3233818)"
11786,4679,4680,0.008446,0.25,2.0,2600.0,2600.0,"LINESTRING (-71.0568311 42.3233818, -71.0568329 42.3234201)"
11787,4680,4679,0.008446,0.25,2.0,2600.0,2600.0,"LINESTRING (-71.0568329 42.3234201, -71.0568311 42.3233818)"
11788,3315,3355,0.040792,0.25,2.0,13200.0,13200.0,"LINESTRING (-71.054339 42.321844, -71.0541518 42.321504)"
11789,3355,3354,0.042328,0.25,2.0,8000.0,8000.0,"LINESTRING (-71.0541518 42.321504, -71.0545375 42.3214968)"
11790,3315,3354,0.041858,0.25,2.0,13200.0,13200.0,"LINESTRING (-71.054339 42.321844, -71.0545375 42.3214968)"
11791,3355,1527,0.014354,0.25,2.0,13200.0,13200.0,"LINESTRING (-71.0541518 42.321504, -71.0541033 42.3213795)"
11798,5169,5170,0.155294,0.25,2.0,2600.0,2600.0,"LINESTRING (-71.0568578 42.3248279, -71.0568505 42.324129)"
11799,5170,5169,0.155294,0.25,2.0,2600.0,2600.0,"LINESTRING (-71.0568505 42.324129, -71.0568578 42.3248279)"
11800,5115,5117,0.263286,0.25,2.0,2600.0,2600.0,"LINESTRING (-71.0569005 42.3268472, -71.0569228 42.3280317)"
11801,5117,5115,0.263286,0.25,2.0,2600.0,2600.0,"LINESTRING (-71.0569228 42.3280317, -71.0569005 42.3268472)"
11802,5115,5116,0.038882,0.25,2.0,2600.0,2600.0,"LINESTRING (-71.0569005 42.3268472, -71.0568969 42.3266724)"
11803,5116,5115,0.038882,0.25,2.0,2600.0,2600.0,"LINESTRING (-71.0568969 42.3266724, -71.0569005 42.3268472)"
11804,1019,2366,0.093604,0.25,2.0,2600.0,2600.0,"LINESTRING (-71.0514431 42.3210528, -71.0511481 42.3206934)"
11805,1019,2367,0.055356,0.25,2.0,2600.0,2600.0,"LINESTRING (-71.0514431 42.3210528, -71.051148 42.320934)"
11806,2738,2023,0.039592,0.25,2.0,13200.0,13200.0,"LINESTRING (-71.0514029 42.3214363, -71.0509422 42.3215359)"
11807,1538,2581,0.217352,0.25,2.0,2600.0,2600.0,"LINESTRING (-71.050201 42.3212248, -71.0499398 42.3221842)"
11808,4416,3311,0.038291,0.25,2.0,13200.0,13200.0,"LINESTRING (-71.0512351 42.3220236, -71.0516365 42.3218501)"
11809,4416,4415,0.3028133333333333,0.25,2.0,8000.0,8000.0,"LINESTRING (-71.0512351 42.3220236, -71.0521516 42.3239523)"
11810,2582,4419,0.080974,0.25,2.0,2600.0,2600.0,"LINESTRING (-71.0501383 42.3220736, -71.0503146 42.3217339)"
11811,4420,2582,0.088834,0.25,2.0,2600.0,2600.0,"LINESTRING (-71.0505702 42.3218345, -71.0501383 42.3220736)"
11812,4423,4418,0.042082,0.25,2.0,13200.0,13200.0,"LINESTRING (-71.0508786 42.3216154, -71.0510377 42.3219745)"
11813,4413,3311,0.144296,0.25,2.0,8000.0,8000.0,"LINESTRING (-71.0519498 42.3227962, -71.0516365 42.3218501)"
11814,1018,4411,0.346554,0.25,2.0,2600.0,2600.0,"LINESTRING (-71.0518982 42.3212464, -71.0523015 42.3227765)"
11815,4842,1017,0.095822,0.25,2.0,2600.0,2600.0,"LINESTRING (-71.0511114 42.320988, -71.0516483 42.3211534)"
11816,4243,3309,0.04946,0.25,2.0,8000.0,8000.0,"LINESTRING (-71.0526794 42.3214608, -71.0522293 42.3214623)"
11817,3309,4243,0.04946,0.25,2.0,8000.0,8000.0,"LINESTRING (-71.0522293 42.3214623, -71.0526794 42.3214608)"
11818,4243,4168,0.035584,0.25,2.0,8000.0,8000.0,"LINESTRING (-71.0526794 42.3214608, -71.0529977 42.3215019)"
11819,4402,4243,0.0200053333333333,0.25,2.0,8000.0,8000.0,"LINESTRING (-71.0528518 42.321419, -71.0526794 42.3214608)"
11820,1017,1018,0.046104,0.25,2.0,2600.0,2600.0,"LINESTRING (-71.0516483 42.3211534, -71.0518982 42.3212464)"
11821,1018,1017,0.046104,0.25,2.0,2600.0,2600.0,"LINESTRING (-71.0518982 42.3212464, -71.0516483 42.3211534)"
11822,3308,3309,0.0748733333333333,0.25,2.0,8000.0,8000.0,"LINESTRING (-71.0516707 42.3217521, -71.0522293 42.3214623)"
11823,3309,3310,0.0814479999999999,0.25,2.0,8000.0,8000.0,"LINESTRING (-71.0522293 42.3214623, -71.0514884 42.321468)"
11824,1017,1019,0.040446,0.25,2.0,2600.0,2600.0,"LINESTRING (-71.0516483 42.3211534, -71.0514431 42.3210528)"
11825,3308,3310,0.034968,0.25,2.0,13200.0,13200.0,"LINESTRING (-71.0516707 42.3217521, -71.0514884 42.321468)"
11826,3311,3308,0.011261,0.25,2.0,13200.0,13200.0,"LINESTRING (-71.0516365 42.3218501, -71.0516707 42.3217521)"
11827,3310,2738,0.007856,0.25,2.0,13200.0,13200.0,"LINESTRING (-71.0514884 42.321468, -71.0514029 42.3214363)"
11828,4411,4412,0.168002,0.25,2.0,2600.0,2600.0,"LINESTRING (-71.0523015 42.3227765, -71.0522429 42.3235318)"
11829,4411,4413,0.03868,0.25,2.0,8000.0,8000.0,"LINESTRING (-71.0523015 42.3227765, -71.0519498 42.3227962)"
11830,4412,4413,0.1136626666666666,0.25,2.0,8000.0,8000.0,"LINESTRING (-71.0522429 42.3235318, -71.0519498 42.3227962)"
11831,4412,4415,0.094506,0.25,2.0,2600.0,2600.0,"LINESTRING (-71.0522429 42.3235318, -71.0521516 42.3239523)"
11832,1536,1538,0.140786,0.25,2.0,2600.0,2600.0,"LINESTRING (-71.0500122 42.320607, -71.050201 42.3212248)"
11833,2962,1538,0.209292,0.25,2.0,2600.0,2600.0,"LINESTRING (-71.0495219 42.3204292, -71.050201 42.3212248)"
11834,2367,3445,0.018728,0.25,2.0,2600.0,2600.0,"LINESTRING (-71.051148 42.320934, -71.0510476 42.3208944)"
11835,2367,2366,0.05354,0.25,2.0,2600.0,2600.0,"LINESTRING (-71.051148 42.320934, -71.0511481 42.3206934)"
11836,3445,4406,0.01393,0.25,2.0,2600.0,2600.0,"LINESTRING (-71.0510476 42.3208944, -71.0510098 42.3209497)"
11837,3445,4407,0.16324,0.25,2.0,2600.0,2600.0,"LINESTRING (-71.0510476 42.3208944, -71.050158 42.3205716)"
11838,4421,4422,0.083704,0.25,2.0,2600.0,2600.0,"LINESTRING (-71.0502273 42.3210645, -71.050597 42.3208073)"
11839,4421,1537,0.093052,0.25,2.0,2600.0,2600.0,"LINESTRING (-71.0502273 42.3210645, -71.050133 42.3206518)"
11840,4419,4421,0.14933,0.25,2.0,2600.0,2600.0,"LINESTRING (-71.0503146 42.3217339, -71.0502273 42.3210645)"
11841,4417,4422,0.064522,0.25,2.0,2600.0,2600.0,"LINESTRING (-71.0502402 42.3206879, -71.050597 42.3208073)"
11842,4422,4406,0.075136,0.25,2.0,2600.0,2600.0,"LINESTRING (-71.050597 42.3208073, -71.0510098 42.3209497)"
11843,2366,3445,0.0476,0.25,2.0,2600.0,2600.0,"LINESTRING (-71.0511481 42.3206934, -71.0510476 42.3208944)"
11844,4423,4420,0.070598,0.25,2.0,2600.0,2600.0,"LINESTRING (-71.0508786 42.3216154, -71.0505702 42.3218345)"
11845,4842,2367,0.013458,0.25,2.0,2600.0,2600.0,"LINESTRING (-71.0511114 42.320988, -71.051148 42.320934)"
11846,4406,4842,0.01867,0.25,2.0,2600.0,2600.0,"LINESTRING (-71.0510098 42.3209497, -71.0511114 42.320988)"
11847,2023,4423,0.010197,0.25,2.0,13200.0,13200.0,"LINESTRING (-71.0509422 42.3215359, -71.0508786 42.3216154)"
11848,4420,4419,0.047654,0.25,2.0,2600.0,2600.0,"LINESTRING (-71.0505702 42.3218345, -71.0503146 42.3217339)"
11849,2962,1536,0.089944,0.25,2.0,2600.0,2600.0,"LINESTRING (-71.0495219 42.3204292, -71.0500122 42.320607)"
11850,4404,4405,0.054742,0.25,2.0,2600.0,2600.0,"LINESTRING (-71.0500043 42.3205054, -71.049714 42.3203849)"
11851,4408,4407,0.14384,0.25,2.0,2600.0,2600.0,"LINESTRING (-71.0500353 42.3199306, -71.050158 42.3205716)"
11852,4409,4404,0.053984,0.25,2.0,2600.0,2600.0,"LINESTRING (-71.0500026 42.3202615, -71.0500043 42.3205054)"
11853,4409,4405,0.054926,0.25,2.0,2600.0,2600.0,"LINESTRING (-71.0500026 42.3202615, -71.049714 42.3203849)"
11854,4408,4409,0.073724,0.25,2.0,2600.0,2600.0,"LINESTRING (-71.0500353 42.3199306, -71.0500026 42.3202615)"
11855,1536,1537,0.022314,0.25,2.0,2600.0,2600.0,"LINESTRING (-71.0500122 42.320607, -71.050133 42.3206518)"
11856,1537,4404,0.038972,0.25,2.0,2600.0,2600.0,"LINESTRING (-71.050133 42.3206518, -71.0500043 42.3205054)"
11857,4407,4417,0.0291,0.25,2.0,2600.0,2600.0,"LINESTRING (-71.050158 42.3205716, -71.0502402 42.3206879)"
11858,4404,1536,0.022698,0.25,2.0,2600.0,2600.0,"LINESTRING (-71.0500043 42.3205054, -71.0500122 42.320607)"
11859,4407,4404,0.0294319999999999,0.25,2.0,2600.0,2600.0,"LINESTRING (-71.050158 42.3205716, -71.0500043 42.3205054)"
11860,1537,4417,0.01937,0.25,2.0,2600.0,2600.0,"LINESTRING (-71.050133 42.3206518, -71.0502402 42.3206879)"
11861,2582,4418,0.149998,0.25,2.0,2600.0,2600.0,"LINESTRING (-71.0501383 42.3220736, -71.0510377 42.3219745)"
11862,4418,4416,0.017127,0.25,2.0,13200.0,13200.0,"LINESTRING (-71.0510377 42.3219745, -71.0512351 42.3220236)"
11863,2581,2582,0.040776,0.25,2.0,2600.0,2600.0,"LINESTRING (-71.0499398 42.3221842, -71.0501383 42.3220736)"
11864,2582,2581,0.040776,0.25,2.0,2600.0,2600.0,"LINESTRING (-71.0501383 42.3220736, -71.0499398 42.3221842)"
11865,1534,1535,0.3647933333333333,0.25,2.0,8000.0,8000.0,"LINESTRING (-71.0522022 42.3243621, -71.0522991 42.3268235)"
11866,5113,5114,0.36408,0.25,2.0,8000.0,8000.0,"LINESTRING (-71.0525084 42.3268169, -71.0524035 42.32436)"
11867,5114,4414,0.0211933333333333,0.25,2.0,8000.0,8000.0,"LINESTRING (-71.0524035 42.32436, -71.0523964 42.3242171)"
11868,1535,2364,0.0403066666666666,0.25,2.0,8000.0,8000.0,"LINESTRING (-71.0522991 42.3268235, -71.052311 42.3270959)"
11869,5118,5113,0.0410346666666666,0.25,2.0,8000.0,8000.0,"LINESTRING (-71.0525163 42.327094, -71.0525084 42.3268169)"
11870,1429,1430,0.1165453333333333,0.25,2.0,8000.0,8000.0,"LINESTRING (-71.0536276 42.3323328, -71.0531912 42.3316156)"
11871,1544,3827,0.095888,0.25,2.0,2600.0,2600.0,"LINESTRING (-71.053488 42.3292589, -71.0529068 42.3292796)"
11872,3827,1544,0.095888,0.25,2.0,2600.0,2600.0,"LINESTRING (-71.0529068 42.3292796, -71.053488 42.3292589)"
11873,1430,4534,0.088664,0.25,2.0,2600.0,2600.0,"LINESTRING (-71.0531912 42.3316156, -71.0535917 42.3313496)"
11874,4532,4535,0.146608,0.25,2.0,2600.0,2600.0,"LINESTRING (-71.0516993 42.3325036, -71.0523966 42.3320949)"
11875,4530,4536,0.141964,0.25,2.0,2600.0,2600.0,"LINESTRING (-71.052332 42.3320403, -71.0516551 42.3324353)"
11876,4540,4525,0.082172,0.25,2.0,2600.0,2600.0,"LINESTRING (-71.0535265 42.3312976, -71.0531487 42.3315398)"
11877,1844,5068,0.11732,0.25,2.0,2600.0,2600.0,"LINESTRING (-71.0536819 42.3341544, -71.05316 42.3345125)"
11878,4255,5071,0.116424,0.25,2.0,2600.0,2600.0,"LINESTRING (-71.0569959 42.3318557, -71.0570058 42.3323802)"
11879,5071,4255,0.116424,0.25,2.0,2600.0,2600.0,"LINESTRING (-71.0570058 42.3323802, -71.0569959 42.3318557)"
11880,4533,1596,0.0727746666666666,0.25,2.0,8000.0,8000.0,"LINESTRING (-71.0533125 42.331996, -71.0535868 42.3324433)"
11953,2361,2363,0.052432,0.25,2.0,2600.0,2600.0,"LINESTRING (-71.056967 42.3303341, -71.0569639 42.3300978)"
11954,2363,2361,0.052432,0.25,2.0,2600.0,2600.0,"LINESTRING (-71.0569639 42.3300978, -71.056967 42.3303341)"
11955,2297,3318,0.072598,0.25,2.0,2600.0,2600.0,"LINESTRING (-71.0556885 42.3293091, -71.0552535 42.3292576)"
11956,3318,2297,0.072598,0.25,2.0,2600.0,2600.0,"LINESTRING (-71.0552535 42.3292576, -71.0556885 42.3293091)"
11957,4629,4630,0.131746,0.25,2.0,2600.0,2600.0,"LINESTRING (-71.0559476 42.3301135, -71.0552699 42.3304278)"
11958,4632,4633,0.3149,0.25,2.0,2600.0,2600.0,"LINESTRING (-71.0553017 42.3304983, -71.0569051 42.329727)"
11959,2292,4629,0.183682,0.25,2.0,2600.0,2600.0,"LINESTRING (-71.0569035 42.3296877, -71.0559476 42.3301135)"
11960,2290,2291,0.112162,0.25,2.0,2600.0,2600.0,"LINESTRING (-71.0569716 42.329498, -71.0563041 42.3294023)"
11961,2291,2290,0.112162,0.25,2.0,2600.0,2600.0,"LINESTRING (-71.0563041 42.3294023, -71.0569716 42.329498)"
11962,2290,2293,0.203856,0.25,2.0,2600.0,2600.0,"LINESTRING (-71.0569716 42.329498, -71.0569268 42.3285805)"
11963,2293,2290,0.203856,0.25,2.0,2600.0,2600.0,"LINESTRING (-71.0569268 42.3285805, -71.0569716 42.329498)"
11964,2290,2292,0.043716,0.25,2.0,2600.0,2600.0,"LINESTRING (-71.0569716 42.329498, -71.0569035 42.3296877)"
11965,2296,2290,0.040714,0.25,2.0,2600.0,2600.0,"LINESTRING (-71.0570011 42.3296796, -71.0569716 42.329498)"
11966,2295,2296,0.060876,0.25,2.0,2600.0,2600.0,"LINESTRING (-71.0570054 42.3299535, -71.0570011 42.3296796)"
11967,4633,2363,0.082992,0.25,2.0,2600.0,2600.0,"LINESTRING (-71.0569051 42.329727, -71.0569639 42.3300978)"
11968,2296,2292,0.016252,0.25,2.0,2600.0,2600.0,"LINESTRING (-71.0570011 42.3296796, -71.0569035 42.3296877)"
11969,4633,2296,0.01896,0.25,2.0,2600.0,2600.0,"LINESTRING (-71.0569051 42.329727, -71.0570011 42.3296796)"
11970,2292,4633,0.00867,0.25,2.0,2600.0,2600.0,"LINESTRING (-71.0569035 42.3296877, -71.0569051 42.329727)"
11971,2363,2295,0.032698,0.25,2.0,2600.0,2600.0,"LINESTRING (-71.0569639 42.3300978, -71.0570054 42.3299535)"
11972,2291,2297,0.103624,0.25,2.0,2600.0,2600.0,"LINESTRING (-71.0563041 42.3294023, -71.0556885 42.3293091)"
11973,2297,2291,0.103624,0.25,2.0,2600.0,2600.0,"LINESTRING (-71.0556885 42.3293091, -71.0563041 42.3294023)"
11974,2362,4255,0.323942,0.25,2.0,2600.0,2600.0,"LINESTRING (-71.0569682 42.3303981, -71.0569959 42.3318557)"
11975,4255,2362,0.323942,0.25,2.0,2600.0,2600.0,"LINESTRING (-71.0569959 42.3318557, -71.0569682 42.3303981)"
11976,2361,2362,0.014218,0.25,2.0,2600.0,2600.0,"LINESTRING (-71.056967 42.3303341, -71.0569682 42.3303981)"
11977,2362,2361,0.014218,0.25,2.0,2600.0,2600.0,"LINESTRING (-71.0569682 42.3303981, -71.056967 42.3303341)"
11978,1545,4765,0.07748,0.25,2.0,2600.0,2600.0,"LINESTRING (-71.0542614 42.3292358, -71.0547309 42.3292326)"
11979,4765,1545,0.07748,0.25,2.0,2600.0,2600.0,"LINESTRING (-71.0547309 42.3292326, -71.0542614 42.3292358)"
11980,3695,4765,0.074124,0.25,2.0,2600.0,2600.0,"LINESTRING (-71.0551804 42.3292509, -71.0547309 42.3292326)"
11981,4765,3695,0.074124,0.25,2.0,2600.0,2600.0,"LINESTRING (-71.0547309 42.3292326, -71.0551804 42.3292509)"
11982,3318,3695,0.012132,0.25,2.0,2600.0,2600.0,"LINESTRING (-71.0552535 42.3292576, -71.0551804 42.3292509)"
11983,3695,3318,0.012132,0.25,2.0,2600.0,2600.0,"LINESTRING (-71.0551804 42.3292509, -71.0552535 42.3292576)"
11984,1543,1545,0.077054,0.25,2.0,2600.0,2600.0,"LINESTRING (-71.0537944 42.329251, -71.0542614 42.3292358)"
11985,1545,1543,0.077054,0.25,2.0,2600.0,2600.0,"LINESTRING (-71.0542614 42.3292358, -71.0537944 42.329251)"
11986,1543,1544,0.050474,0.25,2.0,2600.0,2600.0,"LINESTRING (-71.0537944 42.329251, -71.053488 42.3292589)"
11987,1544,1543,0.050474,0.25,2.0,2600.0,2600.0,"LINESTRING (-71.053488 42.3292589, -71.0537944 42.329251)"
11988,4534,4541,0.097868,0.25,2.0,2600.0,2600.0,"LINESTRING (-71.0535917 42.3313496, -71.0540467 42.3310667)"
11989,4541,4542,0.09039,0.25,2.0,2600.0,2600.0,"LINESTRING (-71.0540467 42.3310667, -71.0545105 42.3308485)"
11990,4631,4634,0.105116,0.25,2.0,2600.0,2600.0,"LINESTRING (-71.05444 42.3307948, -71.0539091 42.3310569)"
11991,4634,4540,0.08278,0.25,2.0,2600.0,2600.0,"LINESTRING (-71.0539091 42.3310569, -71.0535265 42.3312976)"
11992,4630,4631,0.15927,0.25,2.0,2600.0,2600.0,"LINESTRING (-71.0552699 42.3304278, -71.05444 42.3307948)"
11993,4542,4632,0.152068,0.25,2.0,2600.0,2600.0,"LINESTRING (-71.0545105 42.3308485, -71.0553017 42.3304983)"
11994,4534,4540,0.01587,0.25,2.0,2600.0,2600.0,"LINESTRING (-71.0535917 42.3313496, -71.0535265 42.3312976)"
11995,4540,4534,0.01587,0.25,2.0,2600.0,2600.0,"LINESTRING (-71.0535265 42.3312976, -71.0535917 42.3313496)"
11996,1840,1841,0.047376,0.25,2.0,8000.0,8000.0,"LINESTRING (-71.0545527 42.3340315, -71.0547325 42.3343225)"
11997,2772,1627,0.41013,0.25,2.0,2600.0,2600.0,"LINESTRING (-71.0570314 42.3337231, -71.0553044 42.335052)"
11998,1627,2772,0.41013,0.25,2.0,2600.0,2600.0,"LINESTRING (-71.0553044 42.335052, -71.0570314 42.3337231)"
11999,1627,1843,0.2245013333333333,0.25,2.0,8000.0,8000.0,"LINESTRING (-71.0553044 42.335052, -71.0544475 42.3336763)"
12,3103,3104,0.373638,0.25,2.0,2600.0,2600.0,"LINESTRING (-71.0421481 42.3462013, -71.0404256 42.3451068)"
12000,3751,4543,0.126644,0.25,2.0,2600.0,2600.0,"LINESTRING (-71.057026 42.3334433, -71.0570152 42.3328732)"
12001,4543,3751,0.126644,0.25,2.0,2600.0,2600.0,"LINESTRING (-71.0570152 42.3328732, -71.057026 42.3334433)"
12002,4764,5071,0.100424,0.25,2.0,2600.0,2600.0,"LINESTRING (-71.0570144 42.3328323, -71.0570058 42.3323802)"
12003,5071,4764,0.100424,0.25,2.0,2600.0,2600.0,"LINESTRING (-71.0570058 42.3323802, -71.0570144 42.3328323)"
12004,4543,4764,0.009112,0.25,2.0,2600.0,2600.0,"LINESTRING (-71.0570152 42.3328732, -71.0570144 42.3328323)"
12005,4764,4543,0.009112,0.25,2.0,2600.0,2600.0,"LINESTRING (-71.0570144 42.3328323, -71.0570152 42.3328732)"
12006,2772,3751,0.06221,0.25,2.0,2600.0,2600.0,"LINESTRING (-71.0570314 42.3337231, -71.057026 42.3334433)"
12007,3751,2772,0.06221,0.25,2.0,2600.0,2600.0,"LINESTRING (-71.057026 42.3334433, -71.0570314 42.3337231)"
12008,1597,1645,0.078764,0.25,2.0,8000.0,8000.0,"LINESTRING (-71.0538231 42.3328318, -71.0541196 42.333316)"
12009,1842,1844,0.14879,0.25,2.0,2600.0,2600.0,"LINESTRING (-71.0543586 42.3337109, -71.0536819 42.3341544)"
12010,1843,1429,0.21832,0.25,2.0,8000.0,8000.0,"LINESTRING (-71.0544475 42.3336763, -71.0536276 42.3323328)"
12011,1645,1842,0.0641266666666666,0.25,2.0,8000.0,8000.0,"LINESTRING (-71.0541196 42.333316, -71.0543586 42.3337109)"
12012,1842,1843,0.016458,0.25,2.0,2600.0,2600.0,"LINESTRING (-71.0543586 42.3337109, -71.0544475 42.3336763)"
12013,1843,1842,0.016458,0.25,2.0,2600.0,2600.0,"LINESTRING (-71.0544475 42.3336763, -71.0543586 42.3337109)"
12014,1842,1840,0.0521026666666666,0.25,2.0,8000.0,8000.0,"LINESTRING (-71.0543586 42.3337109, -71.0545527 42.3340315)"
12015,1596,1597,0.0631813333333333,0.25,2.0,8000.0,8000.0,"LINESTRING (-71.0535868 42.3324433, -71.0538231 42.3328318)"
12016,4057,1845,0.040488,0.25,2.0,2600.0,2600.0,"LINESTRING (-71.0550568 42.33526, -71.0552188 42.3351226)"
12017,4944,4058,0.0893,0.25,2.0,2600.0,2600.0,"LINESTRING (-71.0543133 42.3358856, -71.0546691 42.3355833)"
12018,4058,4944,0.0893,0.25,2.0,2600.0,2600.0,"LINESTRING (-71.0546691 42.3355833, -71.0543133 42.3358856)"
12019,1841,1845,0.1300093333333333,0.25,2.0,8000.0,8000.0,"LINESTRING (-71.0547325 42.3343225, -71.0552188 42.3351226)"
12020,1845,1627,0.021098,0.25,2.0,2600.0,2600.0,"LINESTRING (-71.0552188 42.3351226, -71.0553044 42.335052)"
12021,1627,1845,0.021098,0.25,2.0,2600.0,2600.0,"LINESTRING (-71.0553044 42.335052, -71.0552188 42.3351226)"
12022,4057,4058,0.09612,0.25,2.0,2600.0,2600.0,"LINESTRING (-71.0550568 42.33526, -71.0546691 42.3355833)"
12023,4058,4057,0.09612,0.25,2.0,2600.0,2600.0,"LINESTRING (-71.0546691 42.3355833, -71.0550568 42.33526)"
12024,4943,4944,0.10879,0.25,2.0,2600.0,2600.0,"LINESTRING (-71.0538704 42.3362486, -71.0543133 42.3358856)"
12025,4944,4943,0.10879,0.25,2.0,2600.0,2600.0,"LINESTRING (-71.0543133 42.3358856, -71.0538704 42.3362486)"
12026,3312,1848,0.0989599999999999,0.25,2.0,8000.0,8000.0,"LINESTRING (-71.0522181 42.3296592, -71.0526175 42.3302575)"
12027,4526,2228,0.0340026666666666,0.25,2.0,8000.0,8000.0,"LINESTRING (-71.0527229 42.3302392, -71.0527012 42.3300099)"
12028,4586,4766,0.211828,0.25,2.0,2600.0,2600.0,"LINESTRING (-71.0518553 42.3291768, -71.0508937 42.3298096)"
12029,4766,3200,0.115862,0.25,2.0,2600.0,2600.0,"LINESTRING (-71.0508937 42.3298096, -71.0515782 42.3296895)"
12068,3312,2229,0.0553586666666666,0.25,2.0,8000.0,8000.0,"LINESTRING (-71.0522181 42.3296592, -71.0526309 42.3294446)"
12069,2365,4586,0.020136,0.25,2.0,8000.0,8000.0,"LINESTRING (-71.0519816 42.3290794, -71.0518553 42.3291768)"
12070,4619,917,0.0852213333333333,0.25,2.0,8000.0,8000.0,"LINESTRING (-71.0526027 42.329191, -71.0525738 42.3286158)"
12071,4619,2365,0.0702333333333333,0.25,2.0,8000.0,8000.0,"LINESTRING (-71.0526027 42.329191, -71.0519816 42.3290794)"
12072,917,918,0.0539266666666666,0.25,2.0,8000.0,8000.0,"LINESTRING (-71.0525738 42.3286158, -71.0525617 42.3282516)"
12073,2228,2229,0.0840333333333333,0.25,2.0,8000.0,8000.0,"LINESTRING (-71.0527012 42.3300099, -71.0526309 42.3294446)"
12074,3827,4256,0.048648,0.25,2.0,2600.0,2600.0,"LINESTRING (-71.0529068 42.3292796, -71.0526212 42.329226)"
12075,4620,3827,0.05391,0.25,2.0,2600.0,2600.0,"LINESTRING (-71.0526384 42.329418, -71.0529068 42.3292796)"
12076,4620,4256,0.0284973333333333,0.25,2.0,8000.0,8000.0,"LINESTRING (-71.0526384 42.329418, -71.0526212 42.329226)"
12077,4256,4619,0.0055493333333333,0.25,2.0,8000.0,8000.0,"LINESTRING (-71.0526212 42.329226, -71.0526027 42.329191)"
12078,2229,4620,0.0040719999999999,0.25,2.0,8000.0,8000.0,"LINESTRING (-71.0526309 42.3294446, -71.0526384 42.329418)"
12079,3200,3201,0.063614,0.25,2.0,2600.0,2600.0,"LINESTRING (-71.0515782 42.3296895, -71.0519319 42.3295757)"
12080,3201,3312,0.033748,0.25,2.0,8000.0,8000.0,"LINESTRING (-71.0519319 42.3295757, -71.0522181 42.3296592)"
12081,4586,3201,0.0596973333333333,0.25,2.0,8000.0,8000.0,"LINESTRING (-71.0518553 42.3291768, -71.0519319 42.3295757)"
12082,1846,1847,0.0929506666666666,0.25,2.0,8000.0,8000.0,"LINESTRING (-71.0527994 42.3310037, -71.0530636 42.3315997)"
12083,4525,4526,0.1982919999999999,0.25,2.0,8000.0,8000.0,"LINESTRING (-71.0531487 42.3315398, -71.0527229 42.3302392)"
12084,1848,1846,0.1122826666666666,0.25,2.0,8000.0,8000.0,"LINESTRING (-71.0526175 42.3302575, -71.0527994 42.3310037)"
12085,1847,4529,0.01162,0.25,2.0,8000.0,8000.0,"LINESTRING (-71.0530636 42.3315997, -71.0531059 42.3316715)"
12086,1847,4530,0.155288,0.25,2.0,2600.0,2600.0,"LINESTRING (-71.0530636 42.3315997, -71.052332 42.3320403)"
12087,4529,1430,0.018736,0.25,2.0,2600.0,2600.0,"LINESTRING (-71.0531059 42.3316715, -71.0531912 42.3316156)"
12088,4535,4529,0.149966,0.25,2.0,2600.0,2600.0,"LINESTRING (-71.0523966 42.3320949, -71.0531059 42.3316715)"
12089,1430,4525,0.0121653333333333,0.25,2.0,8000.0,8000.0,"LINESTRING (-71.0531912 42.3316156, -71.0531487 42.3315398)"
12090,4525,1847,0.019338,0.25,2.0,2600.0,2600.0,"LINESTRING (-71.0531487 42.3315398, -71.0530636 42.3315997)"
12091,4529,4533,0.0530586666666666,0.25,2.0,8000.0,8000.0,"LINESTRING (-71.0531059 42.3316715, -71.0533125 42.331996)"
12092,4531,4532,0.121182,0.25,2.0,2600.0,2600.0,"LINESTRING (-71.0511345 42.3328531, -71.0516993 42.3325036)"
12093,4536,4524,0.12634,0.25,2.0,2600.0,2600.0,"LINESTRING (-71.0516551 42.3324353, -71.0510654 42.3327978)"
12096,5026,5027,0.111884,0.25,2.0,2600.0,2600.0,"LINESTRING (-71.0527524 42.3348674, -71.0523049 42.3352457)"
12097,5027,5028,0.183604,0.25,2.0,2600.0,2600.0,"LINESTRING (-71.0523049 42.3352457, -71.0515702 42.3358666)"
12106,5068,5026,0.103478,0.25,2.0,2600.0,2600.0,"LINESTRING (-71.05316 42.3345125, -71.0527524 42.3348674)"
12107,4523,4521,0.21597,0.25,2.0,2600.0,2600.0,"LINESTRING (-71.0507967 42.3329795, -71.049726 42.3335404)"
12108,4527,4528,0.21756,0.25,2.0,2600.0,2600.0,"LINESTRING (-71.0497825 42.3335983, -71.0508608 42.3330342)"
12109,4524,4523,0.059886,0.25,2.0,2600.0,2600.0,"LINESTRING (-71.0510654 42.3327978, -71.0507967 42.3329795)"
12110,4528,4531,0.060348,0.25,2.0,2600.0,2600.0,"LINESTRING (-71.0508608 42.3330342, -71.0511345 42.3328531)"
12111,4427,4429,0.06533,0.25,2.0,2600.0,2600.0,"LINESTRING (-71.0452657 42.3301946, -71.044871 42.3301714)"
12112,2767,2583,0.411738,0.25,2.0,2600.0,2600.0,"LINESTRING (-71.0450232 42.32987, -71.0469861 42.3287241)"
12113,2583,2767,0.411738,0.25,2.0,2600.0,2600.0,"LINESTRING (-71.0469861 42.3287241, -71.0450232 42.32987)"
12114,4425,4427,0.191058,0.25,2.0,2600.0,2600.0,"LINESTRING (-71.0441089 42.3302462, -71.0452657 42.3301946)"
12115,3335,3331,0.115796,0.25,2.0,2600.0,2600.0,"LINESTRING (-71.044164 42.332673, -71.0441426 42.3321524)"
12116,2869,1834,0.198584,0.25,2.0,2600.0,2600.0,"LINESTRING (-71.0446256 42.3361827, -71.0453404 42.3354628)"
12117,1834,2869,0.198584,0.25,2.0,2600.0,2600.0,"LINESTRING (-71.0453404 42.3354628, -71.0446256 42.3361827)"
12118,1834,5029,0.176632,0.25,2.0,2600.0,2600.0,"LINESTRING (-71.0453404 42.3354628, -71.044269 42.3354899)"
12119,5029,1834,0.176632,0.25,2.0,2600.0,2600.0,"LINESTRING (-71.044269 42.3354899, -71.0453404 42.3354628)"
12120,3345,5094,0.271298,0.25,2.0,2600.0,2600.0,"LINESTRING (-71.0474549 42.332965, -71.0474258 42.3317436)"
12153,4427,4428,0.350402,0.25,2.0,2600.0,2600.0,"LINESTRING (-71.0452657 42.3301946, -71.0473907 42.3301554)"
12154,4428,4427,0.350402,0.25,2.0,2600.0,2600.0,"LINESTRING (-71.0473907 42.3301554, -71.0452657 42.3301946)"
12155,5086,2583,0.352462,0.25,2.0,2600.0,2600.0,"LINESTRING (-71.047953 42.3301386, -71.0469861 42.3287241)"
12156,2583,5086,0.352462,0.25,2.0,2600.0,2600.0,"LINESTRING (-71.0469861 42.3287241, -71.047953 42.3301386)"
12157,5093,5083,0.184416,0.25,2.0,2600.0,2600.0,"LINESTRING (-71.0474137 42.3312614, -71.0473964 42.3304306)"
12158,4428,5086,0.09271,0.25,2.0,2600.0,2600.0,"LINESTRING (-71.0473907 42.3301554, -71.047953 42.3301386)"
12159,5086,4428,0.09271,0.25,2.0,2600.0,2600.0,"LINESTRING (-71.047953 42.3301386, -71.0473907 42.3301554)"
12160,5083,4428,0.0613219999999999,0.25,2.0,2600.0,2600.0,"LINESTRING (-71.0473964 42.3304306, -71.0473907 42.3301554)"
12161,4428,5083,0.0613219999999999,0.25,2.0,2600.0,2600.0,"LINESTRING (-71.0473907 42.3301554, -71.0473964 42.3304306)"
12162,5094,5093,0.107322,0.25,2.0,2600.0,2600.0,"LINESTRING (-71.0474258 42.3317436, -71.0474137 42.3312614)"
12163,3342,3344,0.196006,0.25,2.0,2600.0,2600.0,"LINESTRING (-71.0477808 42.3345025, -71.0488073 42.3340572)"
12164,3343,3345,0.364402,0.25,2.0,2600.0,2600.0,"LINESTRING (-71.0475423 42.3346042, -71.0474549 42.332965)"
12165,3343,1833,0.146936,0.25,2.0,2600.0,2600.0,"LINESTRING (-71.0475423 42.3346042, -71.0467887 42.3349578)"
12166,1833,3343,0.146936,0.25,2.0,2600.0,2600.0,"LINESTRING (-71.0467887 42.3349578, -71.0475423 42.3346042)"
12167,4537,4538,0.088326,0.25,2.0,2600.0,2600.0,"LINESTRING (-71.0487524 42.3339978, -71.0482972 42.3342076)"
12168,3344,4539,0.064876,0.25,2.0,2600.0,2600.0,"LINESTRING (-71.0488073 42.3340572, -71.0491384 42.3338988)"
12169,4522,4537,0.06593,0.25,2.0,2600.0,2600.0,"LINESTRING (-71.0490884 42.3338368, -71.0487524 42.3339978)"
12170,4538,3342,0.107374,0.25,2.0,2600.0,2600.0,"LINESTRING (-71.0482972 42.3342076, -71.0477808 42.3345025)"
12171,3342,3343,0.045336,0.25,2.0,2600.0,2600.0,"LINESTRING (-71.0477808 42.3345025, -71.0475423 42.3346042)"
12172,3343,3342,0.045336,0.25,2.0,2600.0,2600.0,"LINESTRING (-71.0475423 42.3346042, -71.0477808 42.3345025)"
12173,1831,1833,0.21567,0.25,2.0,2600.0,2600.0,"LINESTRING (-71.045691 42.3354859, -71.0467887 42.3349578)"
12174,1833,1831,0.21567,0.25,2.0,2600.0,2600.0,"LINESTRING (-71.0467887 42.3349578, -71.045691 42.3354859)"
12175,1831,1834,0.05808,0.25,2.0,2600.0,2600.0,"LINESTRING (-71.045691 42.3354859, -71.0453404 42.3354628)"
12176,1834,1831,0.05808,0.25,2.0,2600.0,2600.0,"LINESTRING (-71.0453404 42.3354628, -71.045691 42.3354859)"
12177,4426,2766,0.11588,0.25,2.0,2600.0,2600.0,"LINESTRING (-71.0441182 42.3301841, -71.0447703 42.3299886)"
12178,2767,4430,0.218692,0.25,2.0,2600.0,2600.0,"LINESTRING (-71.0450232 42.32987, -71.0437672 42.3301873)"
12179,4429,2766,0.043726,0.25,2.0,2600.0,2600.0,"LINESTRING (-71.044871 42.3301714, -71.0447703 42.3299886)"
12180,2766,2767,0.049378,0.25,2.0,2600.0,2600.0,"LINESTRING (-71.0447703 42.3299886, -71.0450232 42.32987)"
12181,4424,4425,0.0244,0.25,2.0,2600.0,2600.0,"LINESTRING (-71.0439612 42.3302437, -71.0441089 42.3302462)"
12182,4424,4426,0.02911,0.25,2.0,2600.0,2600.0,"LINESTRING (-71.0439612 42.3302437, -71.0441182 42.3301841)"
12183,4426,4430,0.057864,0.25,2.0,2600.0,2600.0,"LINESTRING (-71.0441182 42.3301841, -71.0437672 42.3301873)"
12184,3875,5077,0.186404,0.25,2.0,2600.0,2600.0,"LINESTRING (-71.0441145 42.3313296, -71.0441013 42.3304905)"
12185,4429,4426,0.12416,0.25,2.0,2600.0,2600.0,"LINESTRING (-71.044871 42.3301714, -71.0441182 42.3301841)"
12186,5077,4425,0.054444,0.25,2.0,2600.0,2600.0,"LINESTRING (-71.0441013 42.3304905, -71.0441089 42.3302462)"
12187,4425,4426,0.013854,0.25,2.0,2600.0,2600.0,"LINESTRING (-71.0441089 42.3302462, -71.0441182 42.3301841)"
12188,3332,3875,0.077554,0.25,2.0,2600.0,2600.0,"LINESTRING (-71.0441252 42.3316791, -71.0441145 42.3313296)"
12189,3331,3332,0.105124,0.25,2.0,2600.0,2600.0,"LINESTRING (-71.0441426 42.3321524, -71.0441252 42.3316791)"
12190,5082,4424,0.096004,0.25,2.0,2600.0,2600.0,"LINESTRING (-71.0433788 42.3302284, -71.0439612 42.3302437)"
12191,4430,5082,0.064604,0.25,2.0,2600.0,2600.0,"LINESTRING (-71.0437672 42.3301873, -71.0433788 42.3302284)"
12192,3347,3348,0.177134,0.25,2.0,2600.0,2600.0,"LINESTRING (-71.0442352 42.334593, -71.0442039 42.3337959)"
12193,4759,5029,0.447152,0.25,2.0,2600.0,2600.0,"LINESTRING (-71.0415568 42.3355395, -71.044269 42.3354899)"
12194,5029,4759,0.447152,0.25,2.0,2600.0,2600.0,"LINESTRING (-71.044269 42.3354899, -71.0415568 42.3355395)"
12209,5059,3336,0.044876,0.25,2.0,2600.0,2600.0,"LINESTRING (-71.0441911 42.3333854, -71.044192 42.3331833)"
12210,3334,3335,0.064888,0.25,2.0,2600.0,2600.0,"LINESTRING (-71.0441734 42.3329651, -71.044164 42.332673)"
12211,3334,3336,0.048532,0.25,2.0,2600.0,2600.0,"LINESTRING (-71.0441734 42.3329651, -71.044192 42.3331833)"
12212,3336,3334,0.048532,0.25,2.0,2600.0,2600.0,"LINESTRING (-71.044192 42.3331833, -71.0441734 42.3329651)"
12213,3348,5059,0.091332,0.25,2.0,2600.0,2600.0,"LINESTRING (-71.0442039 42.3337959, -71.0441911 42.3333854)"
12214,5029,3347,0.199356,0.25,2.0,2600.0,2600.0,"LINESTRING (-71.044269 42.3354899, -71.0442352 42.334593)"
12215,1618,1619,0.046608,0.25,2.0,2600.0,2600.0,"LINESTRING (-71.1065953 42.3499108, -71.1065493 42.3501181)"
12216,1619,1618,0.046608,0.25,2.0,2600.0,2600.0,"LINESTRING (-71.1065493 42.3501181, -71.1065953 42.3499108)"
12217,1618,1620,0.3264826666666666,0.25,2.0,8000.0,8000.0,"LINESTRING (-71.1065953 42.3499108, -71.1036622 42.3495564)"
12218,1619,1641,0.3497506666666667,0.25,2.0,8000.0,8000.0,"LINESTRING (-71.1065493 42.3501181, -71.109692 42.350494)"
12219,1963,1964,0.98664,0.25,2.0,13200.0,13200.0,"LINESTRING (-71.10757 42.3515097, -71.0956631 42.3505672)"
12220,2193,2194,1.943489,0.25,2.0,13200.0,13200.0,"LINESTRING (-71.0964543 42.3507099, -71.1178702 42.3580452)"
12221,2153,2688,2.336281,0.25,2.0,13200.0,13200.0,"LINESTRING (-71.0911696 42.347925, -71.1180575 42.3546053)"
12222,4606,3685,1.02508,0.25,2.0,2600.0,2600.0,"LINESTRING (-71.1034591 42.3425563, -71.107283 42.338917)"
12223,3685,4606,1.02508,0.25,2.0,2600.0,2600.0,"LINESTRING (-71.107283 42.338917, -71.1034591 42.3425563)"
12224,4976,2846,0.296,0.25,2.0,8000.0,8000.0,"LINESTRING (-71.1075162 42.3414124, -71.105817 42.3429634)"
12225,2846,4976,0.296,0.25,2.0,8000.0,8000.0,"LINESTRING (-71.105817 42.3429634, -71.1075162 42.3414124)"
12226,4989,3685,0.23463,0.25,2.0,2600.0,2600.0,"LINESTRING (-71.106161 42.3382665, -71.107283 42.338917)"
12227,3685,4989,0.23463,0.25,2.0,2600.0,2600.0,"LINESTRING (-71.107283 42.338917, -71.106161 42.3382665)"
12228,3313,2173,3.168339,0.25,2.0,13200.0,13200.0,"LINESTRING (-71.1183219 42.3546758, -71.0810451 42.3476739)"
12253,835,837,0.207263,0.25,2.0,13200.0,13200.0,"LINESTRING (-71.1236104 42.3684495, -71.1258804 42.3692547)"
12255,2220,2221,0.677578,0.25,2.0,13200.0,13200.0,"LINESTRING (-71.1303209 42.3708957, -71.1340368 42.3654535)"
12269,2323,2020,0.861419,0.25,2.0,13200.0,13200.0,"LINESTRING (-71.1354283 42.3647424, -71.1301392 42.3714323)"
12272,1417,836,0.204012,0.25,2.0,13200.0,13200.0,"LINESTRING (-71.12595 42.3691522, -71.1237913 42.3682518)"
12273,1417,4175,0.396098,0.25,2.0,13200.0,13200.0,"LINESTRING (-71.12595 42.3691522, -71.1215162 42.3677715)"
12277,3246,837,0.407362,0.25,2.0,13200.0,13200.0,"LINESTRING (-71.1213035 42.3678659, -71.1258804 42.3692547)"
128,805,807,0.244604,0.25,2.0,2600.0,2600.0,"LINESTRING (-71.069023 42.33669, -71.0700895 42.3359237)"
129,807,805,0.244604,0.25,2.0,2600.0,2600.0,"LINESTRING (-71.0700895 42.3359237, -71.069023 42.33669)"
13,3113,2154,0.405815,0.25,2.0,13200.0,13200.0,"LINESTRING (-71.0455325 42.3480999, -71.0408255 42.3470253)"
132,1023,1024,0.099676,0.25,2.0,2600.0,2600.0,"LINESTRING (-71.0864085 42.3360172, -71.0859214 42.3362828)"
133,1024,1023,0.099676,0.25,2.0,2600.0,2600.0,"LINESTRING (-71.0859214 42.3362828, -71.0864085 42.3360172)"
134,1182,1183,0.164156,0.25,2.0,2600.0,2600.0,"LINESTRING (-71.108227 42.336287, -71.1074535 42.3358216)"
13474,1664,1440,0.1166333333333333,0.25,2.0,8000.0,8000.0,"LINESTRING (-71.1234233 42.3519534, -71.1223753 42.3518267)"
13475,2197,2199,0.381588,0.25,2.0,13200.0,13200.0,"LINESTRING (-71.1207699 42.3601612, -71.1242308 42.3578781)"
13476,2202,2199,0.176174,0.25,2.0,13200.0,13200.0,"LINESTRING (-71.1226699 42.358962, -71.1242308 42.3578781)"
13477,2573,2574,0.582892,0.25,2.0,2600.0,2600.0,"LINESTRING (-71.1201792 42.3604805, -71.1232058 42.3591229)"
13478,2688,2203,0.815456,0.25,2.0,13200.0,13200.0,"LINESTRING (-71.1180575 42.3546053, -71.1274643 42.3568879)"
13479,2964,2965,0.2026359999999999,0.25,2.0,8000.0,8000.0,"LINESTRING (-71.1283587 42.3526175, -71.1301804 42.3528361)"
13480,4128,3208,0.716456,0.25,2.0,13200.0,13200.0,"LINESTRING (-71.1286497 42.3564477, -71.1205902 42.3588697)"
13481,4128,3313,0.873372,0.25,2.0,13200.0,13200.0,"LINESTRING (-71.1286497 42.3564477, -71.1183219 42.3546758)"
13482,4466,4145,0.86162,0.25,2.0,2600.0,2600.0,"LINESTRING (-71.1231288 42.3590259, -71.1184363 42.3607367)"
13483,4559,2774,0.216292,0.25,2.0,8000.0,8000.0,"LINESTRING (-71.1212587 42.3518853, -71.1232075 42.3520972)"
13484,4917,2202,0.172622,0.25,2.0,13200.0,13200.0,"LINESTRING (-71.1246529 42.3584599, -71.1226699 42.358962)"
13485,4574,4812,0.375704,0.25,2.0,2600.0,2600.0,"LINESTRING (-71.1207359 42.3639507, -71.1230032 42.3637675)"
13486,4812,4574,0.375704,0.25,2.0,2600.0,2600.0,"LINESTRING (-71.1230032 42.3637675, -71.1207359 42.3639507)"
13487,803,3484,0.220954,0.25,2.0,2600.0,2600.0,"LINESTRING (-71.1344212 42.3532372, -71.1351061 42.3523824)"
13488,3484,803,0.220954,0.25,2.0,2600.0,2600.0,"LINESTRING (-71.1351061 42.3523824, -71.1344212 42.3532372)"
13489,836,4175,0.194833,0.25,2.0,13200.0,13200.0,"LINESTRING (-71.1237913 42.3682518, -71.1215162 42.3677715)"
13490,2144,1967,0.962844,0.25,2.0,13200.0,13200.0,"LINESTRING (-71.1177699 42.3586698, -71.110614 42.3518165)"
13491,3246,835,0.200798,0.25,2.0,13200.0,13200.0,"LINESTRING (-71.1213035 42.3678659, -71.1236104 42.3684495)"
13492,3654,887,0.408066,0.25,2.0,2600.0,2600.0,"LINESTRING (-71.1314436 42.3511654, -71.132081 42.35294)"
13493,887,3654,0.408066,0.25,2.0,2600.0,2600.0,"LINESTRING (-71.132081 42.35294, -71.1314436 42.3511654)"
13494,5542,5506,0.102256,0.25,2.0,8000.0,8000.0,"LINESTRING (-71.130205 42.352725, -71.1292851 42.35262)"
135,1183,1182,0.164156,0.25,2.0,2600.0,2600.0,"LINESTRING (-71.1074535 42.3358216, -71.108227 42.336287)"
13543,3256,3259,0.4230213333333333,0.25,2.0,8000.0,8000.0,"LINESTRING (-71.1309826 42.3503566, -71.1342252 42.3488155)"
13546,3258,3654,0.160256,0.25,2.0,2600.0,2600.0,"LINESTRING (-71.1310643 42.3505011, -71.1314436 42.3511654)"
13547,3654,3258,0.160256,0.25,2.0,2600.0,2600.0,"LINESTRING (-71.1314436 42.3511654, -71.1310643 42.3505011)"
13548,3879,2417,0.066732,0.25,2.0,2600.0,2600.0,"LINESTRING (-71.1311582 42.3486705, -71.130817 42.3488327)"
13549,2417,3879,0.066732,0.25,2.0,2600.0,2600.0,"LINESTRING (-71.130817 42.3488327, -71.1311582 42.3486705)"
13550,5306,3257,0.2834653333333333,0.25,2.0,8000.0,8000.0,"LINESTRING (-71.133109 42.3492425, -71.1309363 42.3502748)"
13571,3259,3248,0.2696346666666666,0.25,2.0,8000.0,8000.0,"LINESTRING (-71.1342252 42.3488155, -71.1365346 42.3482007)"
13572,3483,3484,0.39076,0.25,2.0,2600.0,2600.0,"LINESTRING (-71.1361476 42.3508024, -71.1351061 42.3523824)"
13573,3484,3483,0.39076,0.25,2.0,2600.0,2600.0,"LINESTRING (-71.1351061 42.3523824, -71.1361476 42.3508024)"
13574,3879,3881,0.080658,0.25,2.0,2600.0,2600.0,"LINESTRING (-71.1311582 42.3486705, -71.1315699 42.3484747)"
13575,3881,3879,0.080658,0.25,2.0,2600.0,2600.0,"LINESTRING (-71.1315699 42.3484747, -71.1311582 42.3486705)"
13576,3918,3916,0.205092,0.25,2.0,2600.0,2600.0,"LINESTRING (-71.1356137 42.3462448, -71.134674 42.34685)"
13579,5309,5310,0.1555346666666666,0.25,2.0,8000.0,8000.0,"LINESTRING (-71.1365595 42.3481191, -71.135159 42.348275)"
13580,5310,5305,0.1295853333333333,0.25,2.0,8000.0,8000.0,"LINESTRING (-71.135159 42.348275, -71.134159 42.3487386)"
136,1312,410,0.1198659999999999,0.25,2.0,2600.0,2600.0,"LINESTRING (-71.077632 42.336009, -71.0781233 42.3364065)"
13669,2485,2487,0.182992,0.25,2.0,2600.0,2600.0,"LINESTRING (-71.1323163 42.3481198, -71.1332528 42.3476775)"
13670,2487,2485,0.182992,0.25,2.0,2600.0,2600.0,"LINESTRING (-71.1332528 42.3476775, -71.1323163 42.3481198)"
13671,3916,3917,0.143332,0.25,2.0,2600.0,2600.0,"LINESTRING (-71.134674 42.34685, -71.1340225 42.3472772)"
13672,3917,3916,0.143332,0.25,2.0,2600.0,2600.0,"LINESTRING (-71.1340225 42.3472772, -71.134674 42.34685)"
13673,3917,2487,0.154908,0.25,2.0,2600.0,2600.0,"LINESTRING (-71.1340225 42.3472772, -71.1332528 42.3476775)"
13674,2487,3917,0.154908,0.25,2.0,2600.0,2600.0,"LINESTRING (-71.1332528 42.3476775, -71.1340225 42.3472772)"
13675,2486,3881,0.121386,0.25,2.0,2600.0,2600.0,"LINESTRING (-71.13219 42.3481799, -71.1315699 42.3484747)"
13676,3881,2486,0.121386,0.25,2.0,2600.0,2600.0,"LINESTRING (-71.1315699 42.3484747, -71.13219 42.3481799)"
13677,2485,2486,0.024674,0.25,2.0,2600.0,2600.0,"LINESTRING (-71.1323163 42.3481198, -71.13219 42.3481799)"
13678,2486,2485,0.024674,0.25,2.0,2600.0,2600.0,"LINESTRING (-71.13219 42.3481799, -71.1323163 42.3481198)"
13679,5305,5306,0.1374,0.25,2.0,8000.0,8000.0,"LINESTRING (-71.134159 42.3487386, -71.133109 42.3492425)"
13692,3222,3255,0.6075079999999999,0.25,2.0,8000.0,8000.0,"LINESTRING (-71.1246729 42.3520858, -71.1298325 42.3506087)"
13693,3736,3632,0.088028,0.25,2.0,8000.0,8000.0,"LINESTRING (-71.1277153 42.3524281, -71.1269241 42.3523332)"
13694,3722,4071,0.0880893333333333,0.25,2.0,8000.0,8000.0,"LINESTRING (-71.1268996 42.3524423, -71.1276918 42.3525353)"
13695,4441,4442,0.362,0.25,2.0,8000.0,8000.0,"LINESTRING (-71.1298323 42.3505183, -71.1265561 42.3507811)"
137,1312,1314,0.139844,0.25,2.0,2600.0,2600.0,"LINESTRING (-71.077632 42.336009, -71.0770365 42.336457)"
13728,3255,3256,0.1318413333333333,0.25,2.0,8000.0,8000.0,"LINESTRING (-71.1298325 42.3506087, -71.1309826 42.3503566)"
13729,5506,3735,0.0992173333333333,0.25,2.0,8000.0,8000.0,"LINESTRING (-71.1292851 42.35262, -71.1283929 42.3525149)"
13736,2415,2416,0.252112,0.25,2.0,2600.0,2600.0,"LINESTRING (-71.1300262 42.3492087, -71.1308691 42.3501559)"
13737,2416,2415,0.252112,0.25,2.0,2600.0,2600.0,"LINESTRING (-71.1308691 42.3501559, -71.1300262 42.3492087)"
13738,2415,2417,0.15482,0.25,2.0,2600.0,2600.0,"LINESTRING (-71.1300262 42.3492087, -71.130817 42.3488327)"
13739,2417,2415,0.15482,0.25,2.0,2600.0,2600.0,"LINESTRING (-71.130817 42.3488327, -71.1300262 42.3492087)"
13740,3257,4441,0.1265119999999999,0.25,2.0,8000.0,8000.0,"LINESTRING (-71.1309363 42.3502748, -71.1298323 42.3505183)"
13741,3256,3257,0.019794,0.25,2.0,2600.0,2600.0,"LINESTRING (-71.1309826 42.3503566, -71.1309363 42.3502748)"
13742,3257,3256,0.019794,0.25,2.0,2600.0,2600.0,"LINESTRING (-71.1309363 42.3502748, -71.1309826 42.3503566)"
13743,2416,3257,0.02865,0.25,2.0,2600.0,2600.0,"LINESTRING (-71.1308691 42.3501559, -71.1309363 42.3502748)"
13744,3257,2416,0.02865,0.25,2.0,2600.0,2600.0,"LINESTRING (-71.1309363 42.3502748, -71.1308691 42.3501559)"
13745,3256,3258,0.034664,0.25,2.0,2600.0,2600.0,"LINESTRING (-71.1309826 42.3503566, -71.1310643 42.3505011)"
13746,3258,3256,0.034664,0.25,2.0,2600.0,2600.0,"LINESTRING (-71.1310643 42.3505011, -71.1309826 42.3503566)"
13747,3735,3736,0.0755893333333333,0.25,2.0,8000.0,8000.0,"LINESTRING (-71.1283929 42.3525149, -71.1277153 42.3524281)"
13748,4071,2964,0.0742973333333333,0.25,2.0,8000.0,8000.0,"LINESTRING (-71.1276918 42.3525353, -71.1283587 42.3526175)"
13757,2775,3223,0.109204,0.25,2.0,8000.0,8000.0,"LINESTRING (-71.1240785 42.3521936, -71.1250714 42.3522284)"
13758,3222,3223,0.0485173333333333,0.25,2.0,8000.0,8000.0,"LINESTRING (-71.1246729 42.3520858, -71.1250714 42.3522284)"
13759,4919,4052,0.0275653333333333,0.25,2.0,8000.0,8000.0,"LINESTRING (-71.125229 42.3521297, -71.1249796 42.3521067)"
13760,3743,3222,0.0867413333333333,0.25,2.0,8000.0,8000.0,"LINESTRING (-71.1251602 42.3516248, -71.1246729 42.3520858)"
13761,3632,3633,0.184728,0.25,2.0,8000.0,8000.0,"LINESTRING (-71.1269241 42.3523332, -71.1252642 42.352134)"
13762,3721,3722,0.1906786666666666,0.25,2.0,8000.0,8000.0,"LINESTRING (-71.1251858 42.3522387, -71.1268996 42.3524423)"
13763,3742,3743,0.029216,0.25,2.0,2600.0,2600.0,"LINESTRING (-71.1250322 42.3515339, -71.1251602 42.3516248)"
13764,3743,3742,0.029216,0.25,2.0,2600.0,2600.0,"LINESTRING (-71.1251602 42.3516248, -71.1250322 42.3515339)"
13765,4442,3743,0.197852,0.25,2.0,8000.0,8000.0,"LINESTRING (-71.1265561 42.3507811, -71.1251602 42.3516248)"
13766,3633,4920,0.0292413333333333,0.25,2.0,8000.0,8000.0,"LINESTRING (-71.1252642 42.352134, -71.1252016 42.3519416)"
13767,3633,4919,0.0038893333333333,0.25,2.0,8000.0,8000.0,"LINESTRING (-71.1252642 42.352134, -71.125229 42.3521297)"
13768,3223,3721,0.0127373333333333,0.25,2.0,8000.0,8000.0,"LINESTRING (-71.1250714 42.3522284, -71.1251858 42.3522387)"
13769,4919,3721,0.01682,0.25,2.0,8000.0,8000.0,"LINESTRING (-71.125229 42.3521297, -71.1251858 42.3522387)"
13770,1663,1664,0.0706253333333333,0.25,2.0,8000.0,8000.0,"LINESTRING (-71.124057 42.3520317, -71.1234233 42.3519534)"
13771,2774,2775,0.0967573333333333,0.25,2.0,8000.0,8000.0,"LINESTRING (-71.1232075 42.3520972, -71.1240785 42.3521936)"
13772,2775,3222,0.0672933333333333,0.25,2.0,8000.0,8000.0,"LINESTRING (-71.1240785 42.3521936, -71.1246729 42.3520858)"
13773,3222,1663,0.0681426666666666,0.25,2.0,8000.0,8000.0,"LINESTRING (-71.1246729 42.3520858, -71.124057 42.3520317)"
13774,4052,3222,0.0338693333333333,0.25,2.0,8000.0,8000.0,"LINESTRING (-71.1249796 42.3521067, -71.1246729 42.3520858)"
13775,809,810,0.431088,0.25,2.0,2600.0,2600.0,"LINESTRING (-71.1329497 42.3569686, -71.130339 42.356846)"
13776,810,809,0.431088,0.25,2.0,2600.0,2600.0,"LINESTRING (-71.130339 42.356846, -71.1329497 42.3569686)"
13777,2488,2490,0.097228,0.25,2.0,2600.0,2600.0,"LINESTRING (-71.1297038 42.3610355, -71.1292996 42.3607172)"
13778,2490,2488,0.097228,0.25,2.0,2600.0,2600.0,"LINESTRING (-71.1292996 42.3607172, -71.1297038 42.3610355)"
13779,2669,2671,0.73917,0.25,2.0,2600.0,2600.0,"LINESTRING (-71.1281742 42.3573576, -71.1321474 42.3558133)"
13780,3274,3275,0.031218,0.25,2.0,2600.0,2600.0,"LINESTRING (-71.1310457 42.3630954, -71.1312346 42.3630854)"
13781,3275,3274,0.031218,0.25,2.0,2600.0,2600.0,"LINESTRING (-71.1312346 42.3630854, -71.1310457 42.3630954)"
13782,3452,2670,0.60977,0.25,2.0,2600.0,2600.0,"LINESTRING (-71.1313391 42.3560592, -71.1280201 42.3572733)"
13783,2965,2723,0.2141893333333333,0.25,2.0,8000.0,8000.0,"LINESTRING (-71.1301804 42.3528361, -71.132106 42.353061)"
13786,887,5542,0.2085346666666666,0.25,2.0,8000.0,8000.0,"LINESTRING (-71.132081 42.35294, -71.130205 42.352725)"
138,1314,1312,0.139844,0.25,2.0,2600.0,2600.0,"LINESTRING (-71.0770365 42.336457, -71.077632 42.336009)"
13839,802,803,0.1364453333333333,0.25,2.0,8000.0,8000.0,"LINESTRING (-71.1356485 42.3533801, -71.1344212 42.3532372)"
13840,814,867,0.525196,0.25,2.0,2600.0,2600.0,"LINESTRING (-71.1345527 42.357168, -71.1376941 42.3575703)"
13841,867,814,0.525196,0.25,2.0,2600.0,2600.0,"LINESTRING (-71.1376941 42.3575703, -71.1345527 42.357168)"
13842,1983,1411,0.231916,0.25,2.0,2600.0,2600.0,"LINESTRING (-71.1363065 42.3540306, -71.1350807 42.3545452)"
13843,1411,1983,0.231916,0.25,2.0,2600.0,2600.0,"LINESTRING (-71.1350807 42.3545452, -71.1363065 42.3540306)"
13846,2732,2986,0.2509586666666666,0.25,2.0,8000.0,8000.0,"LINESTRING (-71.1343901 42.3533367, -71.1366563 42.3535524)"
13875,1407,1411,0.130298,0.25,2.0,2600.0,2600.0,"LINESTRING (-71.1343962 42.3548375, -71.1350807 42.3545452)"
13876,1411,1407,0.130298,0.25,2.0,2600.0,2600.0,"LINESTRING (-71.1350807 42.3545452, -71.1343962 42.3548375)"
13877,2723,2732,0.254216,0.25,2.0,8000.0,8000.0,"LINESTRING (-71.132106 42.353061, -71.1343901 42.3533367)"
13878,3204,3205,0.299372,0.25,2.0,2600.0,2600.0,"LINESTRING (-71.1323914 42.3542164, -71.1327626 42.355535)"
13879,3205,3204,0.299372,0.25,2.0,2600.0,2600.0,"LINESTRING (-71.1327626 42.355535, -71.1323914 42.3542164)"
13880,3205,1408,0.09685,0.25,2.0,2600.0,2600.0,"LINESTRING (-71.1327626 42.355535, -71.1332721 42.3553174)"
13881,1408,3205,0.09685,0.25,2.0,2600.0,2600.0,"LINESTRING (-71.1332721 42.3553174, -71.1327626 42.355535)"
13882,3664,886,0.0983013333333333,0.25,2.0,8000.0,8000.0,"LINESTRING (-71.134039 42.353187, -71.1331572 42.353075)"
13883,803,3664,0.0426133333333333,0.25,2.0,8000.0,8000.0,"LINESTRING (-71.1344212 42.3532372, -71.134039 42.353187)"
13884,2732,803,0.022796,0.25,2.0,2600.0,2600.0,"LINESTRING (-71.1343901 42.3533367, -71.1344212 42.3532372)"
13885,803,2732,0.022796,0.25,2.0,2600.0,2600.0,"LINESTRING (-71.1344212 42.3532372, -71.1343901 42.3533367)"
13886,1407,1408,0.213604,0.25,2.0,2600.0,2600.0,"LINESTRING (-71.1343962 42.3548375, -71.1332721 42.3553174)"
13887,1408,1407,0.213604,0.25,2.0,2600.0,2600.0,"LINESTRING (-71.1332721 42.3553174, -71.1343962 42.3548375)"
13888,886,887,0.1198826666666666,0.25,2.0,8000.0,8000.0,"LINESTRING (-71.1331572 42.353075, -71.132081 42.35294)"
13889,2723,2725,0.089836,0.25,2.0,2600.0,2600.0,"LINESTRING (-71.132106 42.353061, -71.132186 42.3534612)"
13890,2725,2723,0.089836,0.25,2.0,2600.0,2600.0,"LINESTRING (-71.132186 42.3534612, -71.132106 42.353061)"
13891,2725,2750,0.136688,0.25,2.0,2600.0,2600.0,"LINESTRING (-71.132186 42.3534612, -71.132344 42.3540651)"
13892,2750,2725,0.136688,0.25,2.0,2600.0,2600.0,"LINESTRING (-71.132344 42.3540651, -71.132186 42.3534612)"
13893,3204,2750,0.034428,0.25,2.0,2600.0,2600.0,"LINESTRING (-71.1323914 42.3542164, -71.132344 42.3540651)"
13894,2750,3204,0.034428,0.25,2.0,2600.0,2600.0,"LINESTRING (-71.132344 42.3540651, -71.1323914 42.3542164)"
13895,2723,887,0.027194,0.25,2.0,2600.0,2600.0,"LINESTRING (-71.132106 42.353061, -71.132081 42.35294)"
13896,887,2723,0.027194,0.25,2.0,2600.0,2600.0,"LINESTRING (-71.132081 42.35294, -71.132106 42.353061)"
13897,3205,2671,0.1188139999999999,0.25,2.0,2600.0,2600.0,"LINESTRING (-71.1327626 42.355535, -71.1321474 42.3558133)"
13898,2671,3205,0.1188139999999999,0.25,2.0,2600.0,2600.0,"LINESTRING (-71.1321474 42.3558133, -71.1327626 42.355535)"
13899,2671,3452,0.143918,0.25,2.0,2600.0,2600.0,"LINESTRING (-71.1321474 42.3558133, -71.1313391 42.3560592)"
139,807,1386,0.248202,0.25,2.0,2600.0,2600.0,"LINESTRING (-71.0700895 42.3359237, -71.0710941 42.3367555)"
13900,809,814,0.267804,0.25,2.0,2600.0,2600.0,"LINESTRING (-71.1329497 42.3569686, -71.1345527 42.357168)"
13901,814,809,0.267804,0.25,2.0,2600.0,2600.0,"LINESTRING (-71.1345527 42.357168, -71.1329497 42.3569686)"
13902,737,739,0.288856,0.25,2.0,2600.0,2600.0,"LINESTRING (-71.1336009 42.3633857, -71.135331 42.363175)"
13903,739,737,0.288856,0.25,2.0,2600.0,2600.0,"LINESTRING (-71.135331 42.363175, -71.1336009 42.3633857)"
13904,2221,2322,0.138195,0.25,2.0,13200.0,13200.0,"LINESTRING (-71.1340368 42.3654535, -71.1354932 42.3648359)"
13907,3277,739,0.341842,0.25,2.0,2600.0,2600.0,"LINESTRING (-71.1373758 42.3629148, -71.135331 42.363175)"
13908,739,3277,0.341842,0.25,2.0,2600.0,2600.0,"LINESTRING (-71.135331 42.363175, -71.1373758 42.3629148)"
13909,739,4942,0.2877,0.25,2.0,2600.0,2600.0,"LINESTRING (-71.135331 42.363175, -71.1358387 42.3619364)"
13910,4942,739,0.2877,0.25,2.0,2600.0,2600.0,"LINESTRING (-71.1358387 42.3619364, -71.135331 42.363175)"
13915,739,4940,0.2091,0.25,2.0,2600.0,2600.0,"LINESTRING (-71.135331 42.363175, -71.1353583 42.3641164)"
13916,4940,739,0.2091,0.25,2.0,2600.0,2600.0,"LINESTRING (-71.1353583 42.3641164, -71.135331 42.363175)"
13921,737,738,0.228972,0.25,2.0,2600.0,2600.0,"LINESTRING (-71.1336009 42.3633857, -71.1322209 42.3632635)"
13922,738,737,0.228972,0.25,2.0,2600.0,2600.0,"LINESTRING (-71.1322209 42.3632635, -71.1336009 42.3633857)"
13923,738,3275,0.167246,0.25,2.0,2600.0,2600.0,"LINESTRING (-71.1322209 42.3632635, -71.1312346 42.3630854)"
13924,3275,738,0.167246,0.25,2.0,2600.0,2600.0,"LINESTRING (-71.1312346 42.3630854, -71.1322209 42.3632635)"
13925,1006,1008,0.113278,0.25,2.0,2600.0,2600.0,"LINESTRING (-71.1270489 42.358913, -71.1267735 42.3584463)"
13926,1008,1006,0.113278,0.25,2.0,2600.0,2600.0,"LINESTRING (-71.1267735 42.3584463, -71.1270489 42.358913)"
13927,2199,2203,0.288161,0.25,2.0,13200.0,13200.0,"LINESTRING (-71.1242308 42.3578781, -71.1274643 42.3568879)"
13928,1729,2866,0.29181,0.25,2.0,2600.0,2600.0,"LINESTRING (-71.1264951 42.3579745, -71.128082 42.3573921)"
13929,2670,2867,0.292994,0.25,2.0,2600.0,2600.0,"LINESTRING (-71.1280201 42.3572733, -71.1264235 42.3578532)"
13966,1727,845,0.203964,0.25,2.0,2600.0,2600.0,"LINESTRING (-71.12875 42.3576769, -71.1296951 42.3570837)"
13967,845,1727,0.203964,0.25,2.0,2600.0,2600.0,"LINESTRING (-71.1296951 42.3570837, -71.12875 42.3576769)"
13968,2490,2501,0.11453,0.25,2.0,2600.0,2600.0,"LINESTRING (-71.1292996 42.3607172, -71.1288231 42.360342)"
13969,2501,2490,0.11453,0.25,2.0,2600.0,2600.0,"LINESTRING (-71.1288231 42.360342, -71.1292996 42.3607172)"
13970,810,845,0.118556,0.25,2.0,2600.0,2600.0,"LINESTRING (-71.130339 42.356846, -71.1296951 42.3570837)"
13971,845,810,0.118556,0.25,2.0,2600.0,2600.0,"LINESTRING (-71.1296951 42.3570837, -71.130339 42.356846)"
13972,1730,1727,0.061398,0.25,2.0,2600.0,2600.0,"LINESTRING (-71.1283949 42.3577614, -71.12875 42.3576769)"
13973,2669,2670,0.03163,0.25,2.0,2600.0,2600.0,"LINESTRING (-71.1281742 42.3573576, -71.1280201 42.3572733)"
13974,2866,1730,0.09685,0.25,2.0,2600.0,2600.0,"LINESTRING (-71.128082 42.3573921, -71.1283949 42.3577614)"
13975,2670,2866,0.028342,0.25,2.0,2600.0,2600.0,"LINESTRING (-71.1280201 42.3572733, -71.128082 42.3573921)"
13976,1727,1728,0.056882,0.25,2.0,2600.0,2600.0,"LINESTRING (-71.12875 42.3576769, -71.1284071 42.3577058)"
13977,1728,2669,0.08632,0.25,2.0,2600.0,2600.0,"LINESTRING (-71.1284071 42.3577058, -71.1281742 42.3573576)"
13978,2866,2669,0.016936,0.25,2.0,2600.0,2600.0,"LINESTRING (-71.128082 42.3573921, -71.1281742 42.3573576)"
13979,2501,5030,0.200854,0.25,2.0,2600.0,2600.0,"LINESTRING (-71.1288231 42.360342, -71.1279871 42.3596838)"
13980,5030,2501,0.200854,0.25,2.0,2600.0,2600.0,"LINESTRING (-71.1279871 42.3596838, -71.1288231 42.360342)"
13981,1006,1007,0.11419,0.25,2.0,2600.0,2600.0,"LINESTRING (-71.1270489 42.358913, -71.1275021 42.3593019)"
13982,1007,1006,0.11419,0.25,2.0,2600.0,2600.0,"LINESTRING (-71.1275021 42.3593019, -71.1270489 42.358913)"
13983,1007,5030,0.116568,0.25,2.0,2600.0,2600.0,"LINESTRING (-71.1275021 42.3593019, -71.1279871 42.3596838)"
13984,5030,1007,0.116568,0.25,2.0,2600.0,2600.0,"LINESTRING (-71.1279871 42.3596838, -71.1275021 42.3593019)"
13985,2861,1729,0.32381,0.25,2.0,2600.0,2600.0,"LINESTRING (-71.1247041 42.3585745, -71.1264951 42.3579745)"
13986,3595,2861,0.135908,0.25,2.0,2600.0,2600.0,"LINESTRING (-71.123953 42.3588283, -71.1247041 42.3585745)"
13987,4917,4468,0.263498,0.25,2.0,2600.0,2600.0,"LINESTRING (-71.1246529 42.3584599, -71.1232172 42.3589818)"
13988,2867,4917,0.32131,0.25,2.0,2600.0,2600.0,"LINESTRING (-71.1264235 42.3578532, -71.1246529 42.3584599)"
13989,1008,1729,0.114224,0.25,2.0,2600.0,2600.0,"LINESTRING (-71.1267735 42.3584463, -71.1264951 42.3579745)"
13990,1729,1008,0.114224,0.25,2.0,2600.0,2600.0,"LINESTRING (-71.1264951 42.3579745, -71.1267735 42.3584463)"
13991,1729,2867,0.029586,0.25,2.0,2600.0,2600.0,"LINESTRING (-71.1264951 42.3579745, -71.1264235 42.3578532)"
13992,2867,1729,0.029586,0.25,2.0,2600.0,2600.0,"LINESTRING (-71.1264235 42.3578532, -71.1264951 42.3579745)"
13993,4467,3595,0.121536,0.25,2.0,2600.0,2600.0,"LINESTRING (-71.1232988 42.3590808, -71.123953 42.3588283)"
13994,4468,4466,0.017486,0.25,2.0,2600.0,2600.0,"LINESTRING (-71.1232172 42.3589818, -71.1231288 42.3590259)"
13995,2574,4467,0.017942,0.25,2.0,2600.0,2600.0,"LINESTRING (-71.1232058 42.3591229, -71.1232988 42.3590808)"
13996,4545,4546,0.344726,0.25,2.0,2600.0,2600.0,"LINESTRING (-71.1276188 42.3633865, -71.1255404 42.3635617)"
13997,4546,4545,0.344726,0.25,2.0,2600.0,2600.0,"LINESTRING (-71.1255404 42.3635617, -71.1276188 42.3633865)"
13998,4752,836,1.135132,0.25,2.0,2600.0,2600.0,"LINESTRING (-71.1282118 42.364333, -71.1237913 42.3682518)"
13999,836,4752,1.135132,0.25,2.0,2600.0,2600.0,"LINESTRING (-71.1237913 42.3682518, -71.1282118 42.364333)"
14,3435,3436,0.392304,0.25,2.0,2600.0,2600.0,"LINESTRING (-71.0411764 42.3730157, -71.0399733 42.3745401)"
140,1405,1409,1.863892,0.25,2.0,8000.0,8000.0,"LINESTRING (-71.0625134 42.3341804, -71.0514276 42.3437056)"
14000,2888,2889,0.119566,0.25,2.0,2600.0,2600.0,"LINESTRING (-71.1301775 42.3627601, -71.129761 42.363201)"
14001,2889,2888,0.119566,0.25,2.0,2600.0,2600.0,"LINESTRING (-71.129761 42.363201, -71.1301775 42.3627601)"
14002,4579,4547,0.071564,0.25,2.0,2600.0,2600.0,"LINESTRING (-71.1291987 42.3632459, -71.1287682 42.3632857)"
14003,4547,4579,0.071564,0.25,2.0,2600.0,2600.0,"LINESTRING (-71.1287682 42.3632857, -71.1291987 42.3632459)"
14004,4581,4752,0.229622,0.25,2.0,2600.0,2600.0,"LINESTRING (-71.1292077 42.3636103, -71.1282118 42.364333)"
14005,4752,4581,0.229622,0.25,2.0,2600.0,2600.0,"LINESTRING (-71.1282118 42.364333, -71.1292077 42.3636103)"
14006,2489,4037,0.210896,0.25,2.0,2600.0,2600.0,"LINESTRING (-71.1298315 42.361136, -71.1304093 42.3619829)"
14007,4037,2489,0.210896,0.25,2.0,2600.0,2600.0,"LINESTRING (-71.1304093 42.3619829, -71.1298315 42.361136)"
14008,2890,4037,0.152054,0.25,2.0,2600.0,2600.0,"LINESTRING (-71.1302406 42.3626562, -71.1304093 42.3619829)"
14009,4037,2890,0.152054,0.25,2.0,2600.0,2600.0,"LINESTRING (-71.1304093 42.3619829, -71.1302406 42.3626562)"
14010,2888,2890,0.025398,0.25,2.0,2600.0,2600.0,"LINESTRING (-71.1301775 42.3627601, -71.1302406 42.3626562)"
14011,2890,2888,0.025398,0.25,2.0,2600.0,2600.0,"LINESTRING (-71.1302406 42.3626562, -71.1301775 42.3627601)"
14012,2488,2489,0.030518,0.25,2.0,2600.0,2600.0,"LINESTRING (-71.1297038 42.3610355, -71.1298315 42.361136)"
14013,2489,2488,0.030518,0.25,2.0,2600.0,2600.0,"LINESTRING (-71.1298315 42.361136, -71.1297038 42.3610355)"
14014,3274,2889,0.213018,0.25,2.0,2600.0,2600.0,"LINESTRING (-71.1310457 42.3630954, -71.129761 42.363201)"
14015,2889,3274,0.213018,0.25,2.0,2600.0,2600.0,"LINESTRING (-71.129761 42.363201, -71.1310457 42.3630954)"
14016,4579,4580,0.061046,0.25,2.0,2600.0,2600.0,"LINESTRING (-71.1291987 42.3632459, -71.1293769 42.3634869)"
14017,4579,2889,0.093132,0.25,2.0,2600.0,2600.0,"LINESTRING (-71.1291987 42.3632459, -71.129761 42.363201)"
14018,2889,4579,0.093132,0.25,2.0,2600.0,2600.0,"LINESTRING (-71.129761 42.363201, -71.1291987 42.3632459)"
14019,4580,2889,0.089664,0.25,2.0,2600.0,2600.0,"LINESTRING (-71.1293769 42.3634869, -71.129761 42.363201)"
14020,2889,4580,0.089664,0.25,2.0,2600.0,2600.0,"LINESTRING (-71.129761 42.363201, -71.1293769 42.3634869)"
14021,4580,4581,0.039012,0.25,2.0,2600.0,2600.0,"LINESTRING (-71.1293769 42.3634869, -71.1292077 42.3636103)"
14022,4581,4580,0.039012,0.25,2.0,2600.0,2600.0,"LINESTRING (-71.1292077 42.3636103, -71.1293769 42.3634869)"
14023,4545,4547,0.19063,0.25,2.0,2600.0,2600.0,"LINESTRING (-71.1276188 42.3633865, -71.1287682 42.3632857)"
14024,4547,4545,0.19063,0.25,2.0,2600.0,2600.0,"LINESTRING (-71.1287682 42.3632857, -71.1276188 42.3633865)"
14025,4546,4812,0.42048,0.25,2.0,2600.0,2600.0,"LINESTRING (-71.1255404 42.3635617, -71.1230032 42.3637675)"
14026,4812,4546,0.42048,0.25,2.0,2600.0,2600.0,"LINESTRING (-71.1230032 42.3637675, -71.1255404 42.3635617)"
14027,835,836,0.053142,0.25,2.0,2600.0,2600.0,"LINESTRING (-71.1236104 42.3684495, -71.1237913 42.3682518)"
14028,836,835,0.053142,0.25,2.0,2600.0,2600.0,"LINESTRING (-71.1237913 42.3682518, -71.1236104 42.3684495)"
14029,1438,1436,0.2268973333333333,0.25,2.0,8000.0,8000.0,"LINESTRING (-71.115804 42.3510348, -71.1137668 42.3507822)"
14030,2263,1439,0.5396186666666667,0.25,2.0,8000.0,8000.0,"LINESTRING (-71.1109194 42.3506323, -71.1157647 42.3512265)"
14033,1442,1443,0.18998,0.25,2.0,8000.0,8000.0,"LINESTRING (-71.1202755 42.3515673, -71.1185719 42.3513435)"
14034,4443,4559,0.30404,0.25,2.0,8000.0,8000.0,"LINESTRING (-71.1185306 42.351539, -71.1212587 42.3518853)"
14045,1441,1442,0.1141546666666666,0.25,2.0,8000.0,8000.0,"LINESTRING (-71.1212992 42.3516984, -71.1202755 42.3515673)"
14046,1440,1441,0.1197399999999999,0.25,2.0,8000.0,8000.0,"LINESTRING (-71.1223753 42.3518267, -71.1212992 42.3516984)"
14047,4559,1441,0.042064,0.25,2.0,2600.0,2600.0,"LINESTRING (-71.1212587 42.3518853, -71.1212992 42.3516984)"
14048,1441,4559,0.042064,0.25,2.0,2600.0,2600.0,"LINESTRING (-71.1212992 42.3516984, -71.1212587 42.3518853)"
14049,1921,1438,0.276836,0.25,2.0,8000.0,8000.0,"LINESTRING (-71.1182935 42.3513268, -71.115804 42.3510348)"
14050,1439,1922,0.277432,0.25,2.0,8000.0,8000.0,"LINESTRING (-71.1157647 42.3512265, -71.1182623 42.3515068)"
14051,1443,1921,0.0307533333333333,0.25,2.0,8000.0,8000.0,"LINESTRING (-71.1185719 42.3513435, -71.1182935 42.3513268)"
14052,1922,4443,0.0299293333333333,0.25,2.0,8000.0,8000.0,"LINESTRING (-71.1182623 42.3515068, -71.1185306 42.351539)"
14053,1921,1922,0.040314,0.25,2.0,2600.0,2600.0,"LINESTRING (-71.1182935 42.3513268, -71.1182623 42.3515068)"
14054,1922,1921,0.040314,0.25,2.0,2600.0,2600.0,"LINESTRING (-71.1182623 42.3515068, -71.1182935 42.3513268)"
14055,1438,1439,0.043136,0.25,2.0,2600.0,2600.0,"LINESTRING (-71.115804 42.3510348, -71.1157647 42.3512265)"
14056,1439,1438,0.043136,0.25,2.0,2600.0,2600.0,"LINESTRING (-71.1157647 42.3512265, -71.115804 42.3510348)"
14057,3583,3584,0.077176,0.25,2.0,2600.0,2600.0,"LINESTRING (-71.11025 42.337612, -71.1107049 42.3375295)"
14058,3584,3583,0.077176,0.25,2.0,2600.0,2600.0,"LINESTRING (-71.1107049 42.3375295, -71.11025 42.337612)"
14059,4015,3584,0.1955946666666666,0.25,2.0,8000.0,8000.0,"LINESTRING (-71.1100303 42.3363081, -71.1107049 42.3375295)"
14060,3584,4015,0.1955946666666666,0.25,2.0,8000.0,8000.0,"LINESTRING (-71.1107049 42.3375295, -71.1100303 42.3363081)"
14061,3584,5505,0.2408253333333333,0.25,2.0,8000.0,8000.0,"LINESTRING (-71.1107049 42.3375295, -71.1103985 42.3391398)"
14062,5505,3584,0.2408253333333333,0.25,2.0,8000.0,8000.0,"LINESTRING (-71.1103985 42.3391398, -71.1107049 42.3375295)"
14063,4977,3299,0.2123186666666666,0.25,2.0,8000.0,8000.0,"LINESTRING (-71.1083503 42.3411338, -71.1099347 42.3403136)"
14064,3299,4977,0.2123186666666666,0.25,2.0,8000.0,8000.0,"LINESTRING (-71.1099347 42.3403136, -71.1083503 42.3411338)"
14065,1182,1186,0.237552,0.25,2.0,2600.0,2600.0,"LINESTRING (-71.108227 42.336287, -71.1092949 42.3370049)"
14066,1186,1182,0.237552,0.25,2.0,2600.0,2600.0,"LINESTRING (-71.1092949 42.3370049, -71.108227 42.336287)"
14067,3297,3298,0.199624,0.25,2.0,2600.0,2600.0,"LINESTRING (-71.109248 42.34006, -71.108284 42.339516)"
14068,3298,3297,0.199624,0.25,2.0,2600.0,2600.0,"LINESTRING (-71.108284 42.339516, -71.109248 42.34006)"
14069,3683,3685,0.21788,0.25,2.0,2600.0,2600.0,"LINESTRING (-71.1081 42.338146, -71.107283 42.338917)"
14070,3685,3683,0.21788,0.25,2.0,2600.0,2600.0,"LINESTRING (-71.107283 42.338917, -71.1081 42.338146)"
14071,1186,3684,0.266448,0.25,2.0,2600.0,2600.0,"LINESTRING (-71.1092949 42.3370049, -71.10831 42.337956)"
14072,3684,1186,0.266448,0.25,2.0,2600.0,2600.0,"LINESTRING (-71.10831 42.337956, -71.1092949 42.3370049)"
14073,3583,1186,0.207272,0.25,2.0,2600.0,2600.0,"LINESTRING (-71.11025 42.337612, -71.1092949 42.3370049)"
14074,1186,3583,0.207272,0.25,2.0,2600.0,2600.0,"LINESTRING (-71.1092949 42.3370049, -71.11025 42.337612)"
14075,1186,4015,0.196604,0.25,2.0,2600.0,2600.0,"LINESTRING (-71.1092949 42.3370049, -71.1100303 42.3363081)"
14076,4946,1186,0.143146,0.25,2.0,2600.0,2600.0,"LINESTRING (-71.1097786 42.3364702, -71.1092949 42.3370049)"
14077,4015,4946,0.054834,0.25,2.0,2600.0,2600.0,"LINESTRING (-71.1100303 42.3363081, -71.1097786 42.3364702)"
14078,3297,3299,0.12651,0.25,2.0,2600.0,2600.0,"LINESTRING (-71.109248 42.34006, -71.1099347 42.3403136)"
14079,3299,3297,0.12651,0.25,2.0,2600.0,2600.0,"LINESTRING (-71.1099347 42.3403136, -71.109248 42.34006)"
14080,5505,3299,0.1811666666666666,0.25,2.0,8000.0,8000.0,"LINESTRING (-71.1103985 42.3391398, -71.1099347 42.3403136)"
14081,3299,5505,0.1811666666666666,0.25,2.0,8000.0,8000.0,"LINESTRING (-71.1099347 42.3403136, -71.1103985 42.3391398)"
14082,3683,3684,0.054586,0.25,2.0,2600.0,2600.0,"LINESTRING (-71.1081 42.338146, -71.10831 42.337956)"
14083,3684,3683,0.054586,0.25,2.0,2600.0,2600.0,"LINESTRING (-71.10831 42.337956, -71.1081 42.338146)"
14084,3685,3298,0.211962,0.25,2.0,2600.0,2600.0,"LINESTRING (-71.107283 42.338917, -71.108284 42.339516)"
14085,3298,3685,0.211962,0.25,2.0,2600.0,2600.0,"LINESTRING (-71.108284 42.339516, -71.107283 42.338917)"
14086,4976,4977,0.1004613333333333,0.25,2.0,8000.0,8000.0,"LINESTRING (-71.1075162 42.3414124, -71.1083503 42.3411338)"
14087,4977,4976,0.1004613333333333,0.25,2.0,8000.0,8000.0,"LINESTRING (-71.1083503 42.3411338, -71.1075162 42.3414124)"
14088,1641,2263,0.1363386666666666,0.25,2.0,8000.0,8000.0,"LINESTRING (-71.109692 42.350494, -71.1109194 42.3506323)"
14089,4137,4138,0.1390626666666666,0.25,2.0,8000.0,8000.0,"LINESTRING (-71.1108926 42.3504399, -71.1096453 42.3502828)"
14090,4138,4137,0.1390626666666666,0.25,2.0,8000.0,8000.0,"LINESTRING (-71.1096453 42.3502828, -71.1108926 42.3504399)"
14099,1436,1437,0.3074266666666666,0.25,2.0,8000.0,8000.0,"LINESTRING (-71.1137668 42.3507822, -71.1110043 42.3504531)"
141,1409,1405,1.863892,0.25,2.0,8000.0,8000.0,"LINESTRING (-71.0514276 42.3437056, -71.0625134 42.3341804)"
14100,2263,1437,0.0281079999999999,0.25,2.0,8000.0,8000.0,"LINESTRING (-71.1109194 42.3506323, -71.1110043 42.3504531)"
14101,4137,2263,0.02858,0.25,2.0,8000.0,8000.0,"LINESTRING (-71.1108926 42.3504399, -71.1109194 42.3506323)"
14102,1437,4137,0.0123453333333333,0.25,2.0,8000.0,8000.0,"LINESTRING (-71.1110043 42.3504531, -71.1108926 42.3504399)"
14103,1967,1963,0.253112,0.25,2.0,13200.0,13200.0,"LINESTRING (-71.110614 42.3518165, -71.10757 42.3515097)"
14104,2165,1963,0.144602,0.25,2.0,13200.0,13200.0,"LINESTRING (-71.1093246 42.3515025, -71.10757 42.3515097)"
14105,1641,2167,0.207682,0.25,2.0,2600.0,2600.0,"LINESTRING (-71.109692 42.350494, -71.1094759 42.3514153)"
14106,2167,1641,0.207682,0.25,2.0,2600.0,2600.0,"LINESTRING (-71.1094759 42.3514153, -71.109692 42.350494)"
14107,4118,1618,0.3147866666666666,0.25,2.0,8000.0,8000.0,"LINESTRING (-71.1094235 42.3502525, -71.1065953 42.3499108)"
14108,4118,1641,0.04634,0.25,2.0,8000.0,8000.0,"LINESTRING (-71.1094235 42.3502525, -71.109692 42.350494)"
14109,4138,4118,0.0247906666666666,0.25,2.0,8000.0,8000.0,"LINESTRING (-71.1096453 42.3502828, -71.1094235 42.3502525)"
14110,1967,1968,0.083036,0.25,2.0,13200.0,13200.0,"LINESTRING (-71.110614 42.3518165, -71.1096462 42.3516085)"
14111,1968,2165,0.028951,0.25,2.0,13200.0,13200.0,"LINESTRING (-71.1096462 42.3516085, -71.1093246 42.3515025)"
14112,1968,2167,0.025701,0.25,2.0,13200.0,13200.0,"LINESTRING (-71.1096462 42.3516085, -71.1094759 42.3514153)"
14113,2167,2165,0.015822,0.25,2.0,13200.0,13200.0,"LINESTRING (-71.1094759 42.3514153, -71.1093246 42.3515025)"
14114,2142,2144,0.250713,0.25,2.0,13200.0,13200.0,"LINESTRING (-71.1177877 42.3609272, -71.1177699 42.3586698)"
14115,2584,2144,0.835016,0.25,2.0,13200.0,13200.0,"LINESTRING (-71.1180666 42.3661836, -71.1177699 42.3586698)"
14116,2194,2681,0.332799,0.25,2.0,13200.0,13200.0,"LINESTRING (-71.1178702 42.3580452, -71.1174659 42.3610255)"
14117,2194,2682,0.929879,0.25,2.0,13200.0,13200.0,"LINESTRING (-71.1178702 42.3580452, -71.1179538 42.3664161)"
14118,2143,2573,0.29293,0.25,2.0,2600.0,2600.0,"LINESTRING (-71.1184663 42.360834, -71.1201792 42.3604805)"
14119,3208,3209,0.252667,0.25,2.0,13200.0,13200.0,"LINESTRING (-71.1205902 42.3588697, -71.1203234 42.3611355)"
14120,3196,2197,0.219523,0.25,2.0,13200.0,13200.0,"LINESTRING (-71.1189829 42.3616273, -71.1207699 42.3601612)"
14121,4145,2143,0.011055,0.25,2.0,13200.0,13200.0,"LINESTRING (-71.1184363 42.3607367, -71.1184663 42.360834)"
14122,2147,2142,0.068894,0.25,2.0,2600.0,2600.0,"LINESTRING (-71.1181673 42.360796, -71.1177877 42.3609272)"
14123,2761,3209,0.386442,0.25,2.0,13200.0,13200.0,"LINESTRING (-71.120214 42.3576576, -71.1203234 42.3611355)"
14124,3209,2573,0.073718,0.25,2.0,13200.0,13200.0,"LINESTRING (-71.1203234 42.3611355, -71.1201792 42.3604805)"
14147,2146,2147,0.123032,0.25,2.0,13200.0,13200.0,"LINESTRING (-71.1195029 42.3603008, -71.1181673 42.360796)"
14148,2759,2760,0.081499,0.25,2.0,13200.0,13200.0,"LINESTRING (-71.1192965 42.3567513, -71.1202727 42.3566355)"
14149,2688,2759,0.259315,0.25,2.0,13200.0,13200.0,"LINESTRING (-71.1180575 42.3546053, -71.1192965 42.3567513)"
14150,2198,2760,0.123474,0.25,2.0,13200.0,13200.0,"LINESTRING (-71.1207608 42.3576872, -71.1202727 42.3566355)"
14151,2760,3313,0.270625,0.25,2.0,13200.0,13200.0,"LINESTRING (-71.1202727 42.3566355, -71.1183219 42.3546758)"
14166,2197,2198,0.274814,0.25,2.0,13200.0,13200.0,"LINESTRING (-71.1207699 42.3601612, -71.1207608 42.3576872)"
14167,2202,2198,0.211643,0.25,2.0,13200.0,13200.0,"LINESTRING (-71.1226699 42.358962, -71.1207608 42.3576872)"
14168,2761,2146,0.299371,0.25,2.0,13200.0,13200.0,"LINESTRING (-71.120214 42.3576576, -71.1195029 42.3603008)"
14179,2759,2761,0.125978,0.25,2.0,13200.0,13200.0,"LINESTRING (-71.1192965 42.3567513, -71.120214 42.3576576)"
14186,3208,2146,0.182445,0.25,2.0,13200.0,13200.0,"LINESTRING (-71.1205902 42.3588697, -71.1195029 42.3603008)"
14187,4145,2147,0.046218,0.25,2.0,2600.0,2600.0,"LINESTRING (-71.1184363 42.3607367, -71.1181673 42.360796)"
14188,2584,2585,0.224781,0.25,2.0,13200.0,13200.0,"LINESTRING (-71.1180666 42.3661836, -71.1181752 42.3641617)"
14189,2143,3196,0.097843,0.25,2.0,13200.0,13200.0,"LINESTRING (-71.1184663 42.360834, -71.1189829 42.3616273)"
14190,2682,3246,0.319445,0.25,2.0,13200.0,13200.0,"LINESTRING (-71.1179538 42.3664161, -71.1213035 42.3678659)"
14191,4175,2584,0.334411,0.25,2.0,13200.0,13200.0,"LINESTRING (-71.1215162 42.3677715, -71.1180666 42.3661836)"
14192,4572,4573,0.157646,0.25,2.0,2600.0,2600.0,"LINESTRING (-71.1189073 42.3640984, -71.1181748 42.3636406)"
14193,4003,2682,0.248582,0.25,2.0,13200.0,13200.0,"LINESTRING (-71.1178307 42.3641803, -71.1179538 42.3664161)"
14194,2585,4572,0.121434,0.25,2.0,2600.0,2600.0,"LINESTRING (-71.1181752 42.3641617, -71.1189073 42.3640984)"
14195,5007,3196,0.091424,0.25,2.0,13200.0,13200.0,"LINESTRING (-71.1179366 42.3619017, -71.1189829 42.3616273)"
14196,4572,4574,0.3031,0.25,2.0,2600.0,2600.0,"LINESTRING (-71.1189073 42.3640984, -71.1207359 42.3639507)"
14197,4574,4572,0.3031,0.25,2.0,2600.0,2600.0,"LINESTRING (-71.1207359 42.3639507, -71.1189073 42.3640984)"
14198,2681,4003,0.70327,0.25,2.0,2600.0,2600.0,"LINESTRING (-71.1174659 42.3610255, -71.1178307 42.3641803)"
14199,4573,5007,0.388322,0.25,2.0,2600.0,2600.0,"LINESTRING (-71.1181748 42.3636406, -71.1179366 42.3619017)"
142,1626,1627,0.248896,0.25,2.0,8000.0,8000.0,"LINESTRING (-71.0562383 42.3365829, -71.0553044 42.335052)"
14200,2142,2143,0.113604,0.25,2.0,2600.0,2600.0,"LINESTRING (-71.1177877 42.3609272, -71.1184663 42.360834)"
14201,5007,2142,0.217994,0.25,2.0,2600.0,2600.0,"LINESTRING (-71.1179366 42.3619017, -71.1177877 42.3609272)"
14202,2142,2145,0.049002,0.25,2.0,2600.0,2600.0,"LINESTRING (-71.1177877 42.3609272, -71.1175127 42.3610112)"
14203,2681,2145,0.00843,0.25,2.0,2600.0,2600.0,"LINESTRING (-71.1174659 42.3610255, -71.1175127 42.3610112)"
14204,2145,2681,0.00843,0.25,2.0,2600.0,2600.0,"LINESTRING (-71.1175127 42.3610112, -71.1174659 42.3610255)"
14205,2585,4573,0.115746,0.25,2.0,2600.0,2600.0,"LINESTRING (-71.1181752 42.3641617, -71.1181748 42.3636406)"
14206,4003,2585,0.056816,0.25,2.0,2600.0,2600.0,"LINESTRING (-71.1178307 42.3641803, -71.1181752 42.3641617)"
14207,5471,2220,0.192617,0.25,2.0,13200.0,13200.0,"LINESTRING (-71.1319999 42.3721031, -71.1303209 42.3708957)"
14208,5471,2405,0.180659,0.25,2.0,13200.0,13200.0,"LINESTRING (-71.1319999 42.3721031, -71.1299554 42.3726906)"
14211,2020,1416,0.302187,0.25,2.0,13200.0,13200.0,"LINESTRING (-71.1301392 42.3714323, -71.1268337 42.3702509)"
14212,837,2222,0.44578,0.25,2.0,13200.0,13200.0,"LINESTRING (-71.1258804 42.3692547, -71.1281556 42.3728963)"
14213,2405,1416,0.373557,0.25,2.0,13200.0,13200.0,"LINESTRING (-71.1299554 42.3726906, -71.1268337 42.3702509)"
14234,2223,2220,0.124206,0.25,2.0,13200.0,13200.0,"LINESTRING (-71.1302948 42.3720144, -71.1303209 42.3708957)"
14235,2222,2404,0.2457609999999999,0.25,2.0,13200.0,13200.0,"LINESTRING (-71.1281556 42.3728963, -71.1311251 42.3726764)"
14236,2222,2405,0.149915,0.25,2.0,13200.0,13200.0,"LINESTRING (-71.1281556 42.3728963, -71.1299554 42.3726906)"
14237,2020,2021,0.046946,0.25,2.0,13200.0,13200.0,"LINESTRING (-71.1301392 42.3714323, -71.1300891 42.3718533)"
14238,2021,2223,0.024652,0.25,2.0,13200.0,13200.0,"LINESTRING (-71.1300891 42.3718533, -71.1302948 42.3720144)"
14239,2021,2405,0.093738,0.25,2.0,13200.0,13200.0,"LINESTRING (-71.1300891 42.3718533, -71.1299554 42.3726906)"
14240,2405,2223,0.080247,0.25,2.0,13200.0,13200.0,"LINESTRING (-71.1299554 42.3726906, -71.1302948 42.3720144)"
14241,2405,2404,0.096382,0.25,2.0,13200.0,13200.0,"LINESTRING (-71.1299554 42.3726906, -71.1311251 42.3726764)"
14242,1416,1417,0.142144,0.25,2.0,13200.0,13200.0,"LINESTRING (-71.1268337 42.3702509, -71.12595 42.3691522)"
14243,1635,1636,0.6020866666666667,0.25,2.0,8000.0,8000.0,"LINESTRING (-71.0586959 42.3673032, -71.0615051 42.3707943)"
14244,1948,1952,0.377732,0.25,2.0,2600.0,2600.0,"LINESTRING (-71.0743726 42.3489614, -71.0722126 42.3495298)"
14245,2173,2170,1.508814,0.25,2.0,13200.0,13200.0,"LINESTRING (-71.0810451 42.3476739, -71.0627832 42.3466799)"
14246,2225,2226,0.464754,0.25,2.0,13200.0,13200.0,"LINESTRING (-71.0642021 42.3694566, -71.060619 42.3662248)"
14247,2276,2278,0.167344,0.25,2.0,2600.0,2600.0,"LINESTRING (-71.0737733 42.342828, -71.074601 42.342392)"
14248,2278,2276,0.167344,0.25,2.0,2600.0,2600.0,"LINESTRING (-71.074601 42.342392, -71.0737733 42.342828)"
14249,2276,2280,0.171318,0.25,2.0,2600.0,2600.0,"LINESTRING (-71.0737733 42.342828, -71.074108 42.343558)"
14250,2280,2276,0.171318,0.25,2.0,2600.0,2600.0,"LINESTRING (-71.074108 42.343558, -71.0737733 42.342828)"
14251,2450,2039,0.299078,0.25,2.0,13200.0,13200.0,"LINESTRING (-71.0750529 42.3553333, -71.0727299 42.3574018)"
14252,3018,3037,1.627304,0.25,2.0,13200.0,13200.0,"LINESTRING (-71.0584049 42.3645361, -71.0723757 42.374894)"
14253,3038,3039,0.238185,0.25,2.0,13200.0,13200.0,"LINESTRING (-71.0760917 42.3552779, -71.0732902 42.3558058)"
14254,3038,2039,0.363848,0.25,2.0,13200.0,13200.0,"LINESTRING (-71.0760917 42.3552779, -71.0727299 42.3574018)"
14255,2882,3054,0.2744466666666666,0.25,2.0,8000.0,8000.0,"LINESTRING (-71.073844 42.3528677, -71.0714973 42.3535025)"
14256,3128,3130,1.118236,0.25,2.0,13200.0,13200.0,"LINESTRING (-71.0582568 42.3642133, -71.067064 42.371874)"
14257,3176,2451,0.383368,0.25,2.0,13200.0,13200.0,"LINESTRING (-71.0732291 42.3566563, -71.0773323 42.3550278)"
14258,2830,527,0.7182919999999999,0.25,2.0,8000.0,8000.0,"LINESTRING (-71.0620655 42.3709833, -71.0585445 42.3668962)"
14259,3602,3604,0.147198,0.25,2.0,2600.0,2600.0,"LINESTRING (-71.074288 42.338421, -71.07363 42.338869)"
14260,3604,3602,0.147198,0.25,2.0,2600.0,2600.0,"LINESTRING (-71.07363 42.338869, -71.074288 42.338421)"
14261,3181,3032,0.274188,0.25,2.0,8000.0,8000.0,"LINESTRING (-71.0716699 42.3538475, -71.0740146 42.3532141)"
14262,2616,1814,0.654225,0.25,2.0,13200.0,13200.0,"LINESTRING (-71.0731211 42.3479619, -71.0810576 42.3478053)"
14263,1953,2266,0.1898933333333333,0.25,2.0,8000.0,8000.0,"LINESTRING (-71.0741214 42.3484576, -71.0735381 42.347251)"
14264,4133,2266,0.2393013333333333,0.25,2.0,8000.0,8000.0,"LINESTRING (-71.0750007 42.3460542, -71.0735381 42.347251)"
14265,2266,4133,0.2393013333333333,0.25,2.0,8000.0,8000.0,"LINESTRING (-71.0735381 42.347251, -71.0750007 42.3460542)"
14266,2654,1947,0.375932,0.25,2.0,2600.0,2600.0,"LINESTRING (-71.0726609 42.3504312, -71.0748082 42.349859)"
14267,4001,4195,0.0550973333333333,0.25,2.0,8000.0,8000.0,"LINESTRING (-71.0736888 42.3850981, -71.073839 42.3847426)"
14268,4223,3188,0.1890533333333333,0.25,2.0,8000.0,8000.0,"LINESTRING (-71.073173 42.3552413, -71.0747905 42.3548037)"
14269,4663,4171,0.17046,0.25,2.0,8000.0,8000.0,"LINESTRING (-71.0738144 42.3839193, -71.0731346 42.3828838)"
14270,4663,4665,0.0721173333333333,0.25,2.0,8000.0,8000.0,"LINESTRING (-71.0738144 42.3839193, -71.0731579 42.3839433)"
14271,1209,4069,0.2503506666666666,0.25,2.0,8000.0,8000.0,"LINESTRING (-71.0752018 42.3506693, -71.0730624 42.3512497)"
14272,4960,4961,0.1227699999999999,0.25,2.0,2600.0,2600.0,"LINESTRING (-71.073434 42.340396, -71.074006 42.340042)"
14273,3739,2882,0.190942,0.25,2.0,2600.0,2600.0,"LINESTRING (-71.0734488 42.35206, -71.073844 42.3528677)"
14274,3739,2881,0.3773,0.25,2.0,2600.0,2600.0,"LINESTRING (-71.0734488 42.35206, -71.0755997 42.3514778)"
143,1831,1832,0.450878,0.25,2.0,2600.0,2600.0,"LINESTRING (-71.045691 42.3354859, -71.0477495 42.3368233)"
14335,255,256,0.102308,0.25,2.0,2600.0,2600.0,"LINESTRING (-71.0904871 42.3441257, -71.0899095 42.3439575)"
14336,256,255,0.102308,0.25,2.0,2600.0,2600.0,"LINESTRING (-71.0899095 42.3439575, -71.0904871 42.3441257)"
14337,533,290,0.4147146666666666,0.25,2.0,8000.0,8000.0,"LINESTRING (-71.086934 42.3497273, -71.0906475 42.3492218)"
14338,1090,1091,0.181502,0.25,2.0,13200.0,13200.0,"LINESTRING (-71.0881408 42.3521874, -71.0903199 42.3519474)"
14339,1814,2153,0.833315,0.25,2.0,13200.0,13200.0,"LINESTRING (-71.0810576 42.3478053, -71.0911696 42.347925)"
14340,2856,2857,0.2135253333333333,0.25,2.0,8000.0,8000.0,"LINESTRING (-71.0889292 42.3404465, -71.0906494 42.3397762)"
14341,2855,2871,0.191912,0.25,2.0,2600.0,2600.0,"LINESTRING (-71.0783103 42.352057, -71.0787292 42.3528633)"
14342,2863,2882,0.2518906666666666,0.25,2.0,8000.0,8000.0,"LINESTRING (-71.0759979 42.3522852, -71.073844 42.3528677)"
14343,2995,2996,0.190902,0.25,2.0,2600.0,2600.0,"LINESTRING (-71.0765683 42.3534421, -71.0761697 42.3526346)"
14344,3032,2996,0.2517906666666667,0.25,2.0,8000.0,8000.0,"LINESTRING (-71.0740146 42.3532141, -71.0761697 42.3526346)"
14345,972,1076,0.184982,0.25,2.0,2600.0,2600.0,"LINESTRING (-71.0812627 42.3530596, -71.0808635 42.352282)"
14346,972,339,0.265644,0.25,2.0,8000.0,8000.0,"LINESTRING (-71.0812627 42.3530596, -71.0835361 42.3524479)"
14347,3542,3901,0.403682,0.25,2.0,2600.0,2600.0,"LINESTRING (-71.089227 42.3469063, -71.0915324 42.3475212)"
14348,3901,3542,0.403682,0.25,2.0,2600.0,2600.0,"LINESTRING (-71.0915324 42.3475212, -71.089227 42.3469063)"
14349,3542,3942,0.1352026666666666,0.25,2.0,8000.0,8000.0,"LINESTRING (-71.089227 42.3469063, -71.090384 42.3465947)"
14350,3942,3542,0.1352026666666666,0.25,2.0,8000.0,8000.0,"LINESTRING (-71.090384 42.3465947, -71.089227 42.3469063)"
14351,534,290,0.2136946666666666,0.25,2.0,8000.0,8000.0,"LINESTRING (-71.0887028 42.3492706, -71.0906475 42.3492218)"
14352,2894,2607,0.133604,0.25,2.0,2600.0,2600.0,"LINESTRING (-71.0901085 42.3432309, -71.0902649 42.3426412)"
14353,2607,2894,0.133604,0.25,2.0,2600.0,2600.0,"LINESTRING (-71.0902649 42.3426412, -71.0901085 42.3432309)"
14354,2451,1090,0.94482,0.25,2.0,13200.0,13200.0,"LINESTRING (-71.0773323 42.3550278, -71.0881408 42.3521874)"
14355,1966,4440,0.598206,0.25,2.0,13200.0,13200.0,"LINESTRING (-71.0944625 42.3506592, -71.0874689 42.3521068)"
14356,1958,4773,0.5264906666666667,0.25,2.0,8000.0,8000.0,"LINESTRING (-71.0905582 42.3395905, -71.0864587 42.3414317)"
14357,4840,2153,0.20406,0.25,2.0,13200.0,13200.0,"LINESTRING (-71.088705 42.3481022, -71.0911696 42.347925)"
14358,5328,4093,0.231808,0.25,2.0,8000.0,8000.0,"LINESTRING (-71.0906329 42.348859, -71.088524 42.3489067)"
14359,5328,4146,0.4261733333333333,0.25,2.0,8000.0,8000.0,"LINESTRING (-71.0906329 42.348859, -71.086815 42.349368)"
14360,4440,3043,0.670811,0.25,2.0,13200.0,13200.0,"LINESTRING (-71.0874689 42.3521068, -71.079818 42.3541717)"
14361,2028,4440,0.257865,0.25,2.0,13200.0,13200.0,"LINESTRING (-71.090403 42.351299, -71.0874689 42.3521068)"
14362,4463,2704,0.377388,0.25,2.0,2600.0,2600.0,"LINESTRING (-71.0894765 42.3508438, -71.0916291 42.3502651)"
144,1832,1831,0.450878,0.25,2.0,2600.0,2600.0,"LINESTRING (-71.0477495 42.3368233, -71.045691 42.3354859)"
14415,967,968,0.0960213333333333,0.25,2.0,8000.0,8000.0,"LINESTRING (-71.0981914 42.3387763, -71.0989438 42.3391054)"
14416,968,967,0.0960213333333333,0.25,2.0,8000.0,8000.0,"LINESTRING (-71.0989438 42.3391054, -71.0981914 42.3387763)"
14417,1304,1306,0.1198999999999999,0.25,2.0,2600.0,2600.0,"LINESTRING (-71.1034619 42.3439995, -71.1038295 42.3444659)"
14418,2132,2133,0.1388026666666666,0.25,2.0,8000.0,8000.0,"LINESTRING (-71.0983213 42.3485077, -71.0995067 42.3481848)"
14419,2133,2132,0.1388026666666666,0.25,2.0,8000.0,8000.0,"LINESTRING (-71.0995067 42.3481848, -71.0983213 42.3485077)"
14420,2350,2351,0.2720466666666666,0.25,2.0,8000.0,8000.0,"LINESTRING (-71.0981266 42.3490933, -71.1005718 42.349384)"
14421,1305,1306,0.09511,0.25,2.0,2600.0,2600.0,"LINESTRING (-71.1041953 42.3441348, -71.1038295 42.3444659)"
14422,257,4182,0.2350533333333333,0.25,2.0,8000.0,8000.0,"LINESTRING (-71.0907186 42.3443636, -71.0907011 42.3459507)"
14423,4182,257,0.2350533333333333,0.25,2.0,8000.0,8000.0,"LINESTRING (-71.0907011 42.3459507, -71.0907186 42.3443636)"
14424,3273,2352,0.2760106666666666,0.25,2.0,8000.0,8000.0,"LINESTRING (-71.1006099 42.3491875, -71.0981269 42.3489038)"
14425,4381,4386,0.1540693333333333,0.25,2.0,8000.0,8000.0,"LINESTRING (-71.0946685 42.3445192, -71.0945989 42.3434801)"
14426,4410,3551,0.172142,0.25,2.0,2600.0,2600.0,"LINESTRING (-71.0978168 42.3445583, -71.0988 42.3442962)"
14427,3551,4410,0.172142,0.25,2.0,2600.0,2600.0,"LINESTRING (-71.0988 42.3442962, -71.0978168 42.3445583)"
14428,3550,4600,0.443118,0.25,2.0,2600.0,2600.0,"LINESTRING (-71.1026264 42.3433136, -71.1009777 42.3448901)"
14429,4600,3550,0.443118,0.25,2.0,2600.0,2600.0,"LINESTRING (-71.1009777 42.3448901, -71.1026264 42.3433136)"
14430,3904,5326,0.2635853333333333,0.25,2.0,8000.0,8000.0,"LINESTRING (-71.096491 42.341845, -71.0984135 42.3407795)"
14431,4801,5329,0.294546,0.25,2.0,2600.0,2600.0,"LINESTRING (-71.0985371 42.3472317, -71.0974373 42.3482768)"
14432,5329,4801,0.294546,0.25,2.0,2600.0,2600.0,"LINESTRING (-71.0974373 42.3482768, -71.0985371 42.3472317)"
14433,1307,1305,0.352786,0.25,2.0,2600.0,2600.0,"LINESTRING (-71.1046291 42.3456904, -71.1041953 42.3441348)"
14464,314,315,0.705314,0.25,2.0,2600.0,2600.0,"LINESTRING (-71.1010569 42.3401642, -71.1030281 42.3373464)"
14465,315,314,0.705314,0.25,2.0,2600.0,2600.0,"LINESTRING (-71.1030281 42.3373464, -71.1010569 42.3401642)"
14466,317,314,0.060978,0.25,2.0,2600.0,2600.0,"LINESTRING (-71.1008219 42.3403759, -71.1010569 42.3401642)"
14467,317,316,0.026464,0.25,2.0,8000.0,8000.0,"LINESTRING (-71.1008219 42.3403759, -71.1006695 42.3402376)"
14468,3549,3550,0.455314,0.25,2.0,2600.0,2600.0,"LINESTRING (-71.1000102 42.3439728, -71.1026264 42.3433136)"
14469,3550,3549,0.455314,0.25,2.0,2600.0,2600.0,"LINESTRING (-71.1026264 42.3433136, -71.1000102 42.3439728)"
14470,1126,3753,0.169024,0.25,2.0,2600.0,2600.0,"LINESTRING (-71.1000324 42.3398101, -71.0998955 42.3405641)"
14471,1126,317,0.18101,0.25,2.0,2600.0,2600.0,"LINESTRING (-71.1000324 42.3398101, -71.1008219 42.3403759)"
14472,4595,3550,0.1513733333333333,0.25,2.0,8000.0,8000.0,"LINESTRING (-71.1018005 42.3424955, -71.1026264 42.3433136)"
14473,4599,3752,0.410808,0.25,2.0,8000.0,8000.0,"LINESTRING (-71.1032566 42.3427452, -71.1009873 42.3405408)"
14496,4649,5035,0.323352,0.25,2.0,2600.0,2600.0,"LINESTRING (-71.1051413 42.337783, -71.1033983 42.3371146)"
14497,5035,4649,0.323352,0.25,2.0,2600.0,2600.0,"LINESTRING (-71.1033983 42.3371146, -71.1051413 42.337783)"
14498,4989,4649,0.199562,0.25,2.0,2600.0,2600.0,"LINESTRING (-71.106161 42.3382665, -71.1051413 42.337783)"
14499,4649,4989,0.199562,0.25,2.0,2600.0,2600.0,"LINESTRING (-71.1051413 42.337783, -71.106161 42.3382665)"
145,1793,1797,0.5722079999999999,0.25,2.0,8000.0,8000.0,"LINESTRING (-71.0643447 42.3394863, -71.0658879 42.3357962)"
14500,4648,4649,0.051906,0.25,2.0,2600.0,2600.0,"LINESTRING (-71.104937 42.3379613, -71.1051413 42.337783)"
14501,4649,4648,0.051906,0.25,2.0,2600.0,2600.0,"LINESTRING (-71.1051413 42.337783, -71.104937 42.3379613)"
14502,315,5035,0.079704,0.25,2.0,2600.0,2600.0,"LINESTRING (-71.1030281 42.3373464, -71.1033983 42.3371146)"
14503,2478,315,0.08146,0.25,2.0,2600.0,2600.0,"LINESTRING (-71.1030584 42.3369802, -71.1030281 42.3373464)"
14504,2478,5035,0.063562,0.25,2.0,2600.0,2600.0,"LINESTRING (-71.1030584 42.3369802, -71.1033983 42.3371146)"
14505,5035,2478,0.063562,0.25,2.0,2600.0,2600.0,"LINESTRING (-71.1033983 42.3371146, -71.1030584 42.3369802)"
14506,1305,2846,0.2487759999999999,0.25,2.0,8000.0,8000.0,"LINESTRING (-71.1041953 42.3441348, -71.105817 42.3429634)"
14507,4180,1305,0.198908,0.25,2.0,8000.0,8000.0,"LINESTRING (-71.1054764 42.3431863, -71.1041953 42.3441348)"
14508,4180,2845,0.1817479999999999,0.25,2.0,8000.0,8000.0,"LINESTRING (-71.1054764 42.3431863, -71.103822 42.3431679)"
14509,2846,4180,0.0499453333333333,0.25,2.0,8000.0,8000.0,"LINESTRING (-71.105817 42.3429634, -71.1054764 42.3431863)"
14510,1304,1305,0.08298,0.25,2.0,8000.0,8000.0,"LINESTRING (-71.1034619 42.3439995, -71.1041953 42.3441348)"
14511,1305,2845,0.22345,0.25,2.0,2600.0,2600.0,"LINESTRING (-71.1041953 42.3441348, -71.103822 42.3431679)"
14512,3550,1304,0.1369653333333333,0.25,2.0,8000.0,8000.0,"LINESTRING (-71.1026264 42.3433136, -71.1034619 42.3439995)"
14513,2845,4599,0.088196,0.25,2.0,8000.0,8000.0,"LINESTRING (-71.103822 42.3431679, -71.1032566 42.3427452)"
14514,3550,4599,0.163688,0.25,2.0,2600.0,2600.0,"LINESTRING (-71.1026264 42.3433136, -71.1032566 42.3427452)"
14515,4599,3550,0.163688,0.25,2.0,2600.0,2600.0,"LINESTRING (-71.1032566 42.3427452, -71.1026264 42.3433136)"
14516,4599,4606,0.053584,0.25,2.0,2600.0,2600.0,"LINESTRING (-71.1032566 42.3427452, -71.1034591 42.3425563)"
14517,4606,4599,0.053584,0.25,2.0,2600.0,2600.0,"LINESTRING (-71.1034591 42.3425563, -71.1032566 42.3427452)"
14518,316,970,0.1232426666666666,0.25,2.0,8000.0,8000.0,"LINESTRING (-71.1006695 42.3402376, -71.0998742 42.3396511)"
14529,314,316,0.066028,0.25,2.0,2600.0,2600.0,"LINESTRING (-71.1010569 42.3401642, -71.1006695 42.3402376)"
14530,968,970,0.1303133333333333,0.25,2.0,8000.0,8000.0,"LINESTRING (-71.0989438 42.3391054, -71.0998742 42.3396511)"
14531,970,968,0.1303133333333333,0.25,2.0,8000.0,8000.0,"LINESTRING (-71.0998742 42.3396511, -71.0989438 42.3391054)"
14532,970,1126,0.043884,0.25,2.0,2600.0,2600.0,"LINESTRING (-71.0998742 42.3396511, -71.1000324 42.3398101)"
14533,3752,3753,0.18005,0.25,2.0,2600.0,2600.0,"LINESTRING (-71.1009873 42.3405408, -71.0998955 42.3405641)"
14534,4890,4891,0.1746666666666666,0.25,2.0,8000.0,8000.0,"LINESTRING (-71.0999727 42.3408777, -71.101055 42.341742)"
14535,4891,4595,0.13846,0.25,2.0,8000.0,8000.0,"LINESTRING (-71.101055 42.341742, -71.1018005 42.3424955)"
14536,3752,317,0.030428,0.25,2.0,8000.0,8000.0,"LINESTRING (-71.1009873 42.3405408, -71.1008219 42.3403759)"
14537,5326,5327,0.1160386666666666,0.25,2.0,8000.0,8000.0,"LINESTRING (-71.0984135 42.3407795, -71.0994589 42.3406724)"
14538,3753,4890,0.070932,0.25,2.0,2600.0,2600.0,"LINESTRING (-71.0998955 42.3405641, -71.0999727 42.3408777)"
14539,5327,4890,0.0641906666666666,0.25,2.0,8000.0,8000.0,"LINESTRING (-71.0994589 42.3406724, -71.0999727 42.3408777)"
14540,3549,3551,0.211932,0.25,2.0,2600.0,2600.0,"LINESTRING (-71.1000102 42.3439728, -71.0988 42.3442962)"
14541,3551,3549,0.211932,0.25,2.0,2600.0,2600.0,"LINESTRING (-71.0988 42.3442962, -71.1000102 42.3439728)"
14542,2351,3218,0.3390933333333333,0.25,2.0,8000.0,8000.0,"LINESTRING (-71.1005718 42.349384, -71.1036179 42.349754)"
14543,1620,3273,0.3396973333333334,0.25,2.0,8000.0,8000.0,"LINESTRING (-71.1036622 42.3495564, -71.1006099 42.3491875)"
14544,3909,3910,0.1787213333333333,0.25,2.0,8000.0,8000.0,"LINESTRING (-71.1033076 42.3471023, -71.10178 42.3475157)"
14545,4314,2105,0.1699626666666666,0.25,2.0,8000.0,8000.0,"LINESTRING (-71.1018919 42.3475694, -71.1033424 42.3471693)"
14562,1306,1307,0.3022,0.25,2.0,2600.0,2600.0,"LINESTRING (-71.1038295 42.3444659, -71.1046291 42.3456904)"
14563,2106,2101,0.1177906666666666,0.25,2.0,8000.0,8000.0,"LINESTRING (-71.104119 42.3469564, -71.1051252 42.3466808)"
14564,4452,4453,0.03942,0.25,2.0,2600.0,2600.0,"LINESTRING (-71.1054452 42.3464172, -71.105533 42.3465818)"
14565,4452,4454,0.046432,0.25,2.0,8000.0,8000.0,"LINESTRING (-71.1054452 42.3464172, -71.1050712 42.3465625)"
14566,4454,1307,0.207174,0.25,2.0,2600.0,2600.0,"LINESTRING (-71.1050712 42.3465625, -71.1046291 42.3456904)"
14567,1307,4454,0.207174,0.25,2.0,2600.0,2600.0,"LINESTRING (-71.1046291 42.3456904, -71.1050712 42.3465625)"
14568,4454,3992,0.1184093333333333,0.25,2.0,8000.0,8000.0,"LINESTRING (-71.1050712 42.3465625, -71.1040807 42.3468794)"
14585,5275,4452,0.064644,0.25,2.0,8000.0,8000.0,"LINESTRING (-71.105994 42.3462603, -71.1054452 42.3464172)"
14586,2099,2101,0.201708,0.25,2.0,2600.0,2600.0,"LINESTRING (-71.1055481 42.3475333, -71.1051252 42.3466808)"
14587,2101,2099,0.201708,0.25,2.0,2600.0,2600.0,"LINESTRING (-71.1051252 42.3466808, -71.1055481 42.3475333)"
14588,2099,2100,0.201688,0.25,2.0,2600.0,2600.0,"LINESTRING (-71.1055481 42.3475333, -71.1059855 42.3483808)"
14589,2100,2099,0.201688,0.25,2.0,2600.0,2600.0,"LINESTRING (-71.1059855 42.3483808, -71.1055481 42.3475333)"
14590,2101,4453,0.0471626666666666,0.25,2.0,8000.0,8000.0,"LINESTRING (-71.1051252 42.3466808, -71.105533 42.3465818)"
14591,4454,2101,0.027684,0.25,2.0,2600.0,2600.0,"LINESTRING (-71.1050712 42.3465625, -71.1051252 42.3466808)"
14592,2101,4454,0.027684,0.25,2.0,2600.0,2600.0,"LINESTRING (-71.1051252 42.3466808, -71.1050712 42.3465625)"
14593,2105,2106,0.091008,0.25,2.0,8000.0,8000.0,"LINESTRING (-71.1033424 42.3471693, -71.104119 42.3469564)"
14594,3992,3909,0.0911226666666666,0.25,2.0,8000.0,8000.0,"LINESTRING (-71.1040807 42.3468794, -71.1033076 42.3471023)"
146,1845,1624,0.2435066666666666,0.25,2.0,8000.0,8000.0,"LINESTRING (-71.0552188 42.3351226, -71.0561501 42.3366145)"
14603,3218,1619,0.3264826666666666,0.25,2.0,8000.0,8000.0,"LINESTRING (-71.1036179 42.349754, -71.1065493 42.3501181)"
14610,3910,2133,0.26866,0.25,2.0,8000.0,8000.0,"LINESTRING (-71.10178 42.3475157, -71.0995067 42.3481848)"
14611,2133,4314,0.2774546666666667,0.25,2.0,8000.0,8000.0,"LINESTRING (-71.0995067 42.3481848, -71.1018919 42.3475694)"
14612,4794,4795,0.20916,0.25,2.0,2600.0,2600.0,"LINESTRING (-71.0989721 42.3468135, -71.0997481 42.3460691)"
14613,4795,4794,0.20916,0.25,2.0,2600.0,2600.0,"LINESTRING (-71.0997481 42.3460691, -71.0989721 42.3468135)"
14614,4847,4600,0.166108,0.25,2.0,2600.0,2600.0,"LINESTRING (-71.1003525 42.3454764, -71.1009777 42.3448901)"
14615,4600,4847,0.166108,0.25,2.0,2600.0,2600.0,"LINESTRING (-71.1009777 42.3448901, -71.1003525 42.3454764)"
14616,4847,4795,0.165118,0.25,2.0,2600.0,2600.0,"LINESTRING (-71.1003525 42.3454764, -71.0997481 42.3460691)"
14617,4795,4847,0.165118,0.25,2.0,2600.0,2600.0,"LINESTRING (-71.0997481 42.3460691, -71.1003525 42.3454764)"
14618,4794,4801,0.117314,0.25,2.0,2600.0,2600.0,"LINESTRING (-71.0989721 42.3468135, -71.0985371 42.3472317)"
14619,4801,4794,0.117314,0.25,2.0,2600.0,2600.0,"LINESTRING (-71.0985371 42.3472317, -71.0989721 42.3468135)"
14620,1959,2285,0.2954239999999999,0.25,2.0,8000.0,8000.0,"LINESTRING (-71.0923807 42.3390815, -71.0947479 42.3381364)"
14621,3507,2608,0.34266,0.25,2.0,2600.0,2600.0,"LINESTRING (-71.0925673 42.339528, -71.0912876 42.3407442)"
14622,2608,3507,0.34266,0.25,2.0,2600.0,2600.0,"LINESTRING (-71.0912876 42.3407442, -71.0925673 42.339528)"
14623,4047,3508,0.058234,0.25,2.0,2600.0,2600.0,"LINESTRING (-71.0931537 42.3403563, -71.0929868 42.340125)"
14624,3508,4047,0.058234,0.25,2.0,2600.0,2600.0,"LINESTRING (-71.0929868 42.340125, -71.0931537 42.3403563)"
14625,1957,4769,0.329352,0.25,2.0,2600.0,2600.0,"LINESTRING (-71.0936618 42.3369657, -71.0954392 42.3376439)"
14626,4769,1957,0.329352,0.25,2.0,2600.0,2600.0,"LINESTRING (-71.0954392 42.3376439, -71.0936618 42.3369657)"
14627,3607,4139,0.4277253333333333,0.25,2.0,8000.0,8000.0,"LINESTRING (-71.0968427 42.3390677, -71.0937093 42.3407811)"
14628,4769,1956,0.3705213333333333,0.25,2.0,8000.0,8000.0,"LINESTRING (-71.0954392 42.3376439, -71.092478 42.338841)"
14631,4550,440,0.0814773333333333,0.25,2.0,8000.0,8000.0,"LINESTRING (-71.0962953 42.3375219, -71.096947 42.33726)"
14632,3606,4997,0.17351,0.25,2.0,2600.0,2600.0,"LINESTRING (-71.0973211 42.3384581, -71.0964247 42.3380479)"
14633,4997,3606,0.17351,0.25,2.0,2600.0,2600.0,"LINESTRING (-71.0964247 42.3380479, -71.0973211 42.3384581)"
14634,2851,4997,0.131038,0.25,2.0,2600.0,2600.0,"LINESTRING (-71.095735 42.3377545, -71.0964247 42.3380479)"
14635,4997,2851,0.131038,0.25,2.0,2600.0,2600.0,"LINESTRING (-71.0964247 42.3380479, -71.095735 42.3377545)"
14636,1426,4551,0.123284,0.25,2.0,8000.0,8000.0,"LINESTRING (-71.097117 42.33702, -71.0961076 42.3373844)"
14637,440,441,0.1487866666666666,0.25,2.0,8000.0,8000.0,"LINESTRING (-71.096947 42.33726, -71.0981427 42.336789)"
14638,1425,1426,0.119496,0.25,2.0,8000.0,8000.0,"LINESTRING (-71.0980664 42.3366262, -71.097117 42.33702)"
14639,969,3606,0.079428,0.25,2.0,2600.0,2600.0,"LINESTRING (-71.0976832 42.3386938, -71.0973211 42.3384581)"
14640,3606,969,0.079428,0.25,2.0,2600.0,2600.0,"LINESTRING (-71.0973211 42.3384581, -71.0976832 42.3386938)"
14641,969,3607,0.107644,0.25,2.0,8000.0,8000.0,"LINESTRING (-71.0976832 42.3386938, -71.0968427 42.3390677)"
14642,967,969,0.0571253333333333,0.25,2.0,8000.0,8000.0,"LINESTRING (-71.0981914 42.3387763, -71.0976832 42.3386938)"
14643,969,967,0.0571253333333333,0.25,2.0,8000.0,8000.0,"LINESTRING (-71.0976832 42.3386938, -71.0981914 42.3387763)"
14644,3606,3607,0.156754,0.25,2.0,2600.0,2600.0,"LINESTRING (-71.0973211 42.3384581, -71.0968427 42.3390677)"
14645,2285,2851,0.1222546666666666,0.25,2.0,8000.0,8000.0,"LINESTRING (-71.0947479 42.3381364, -71.095735 42.3377545)"
14646,4551,4769,0.0829866666666666,0.25,2.0,8000.0,8000.0,"LINESTRING (-71.0961076 42.3373844, -71.0954392 42.3376439)"
14647,2851,4550,0.0705493333333333,0.25,2.0,8000.0,8000.0,"LINESTRING (-71.095735 42.3377545, -71.0962953 42.3375219)"
14648,4550,4551,0.0289826666666666,0.25,2.0,8000.0,8000.0,"LINESTRING (-71.0962953 42.3375219, -71.0961076 42.3373844)"
14649,4551,4550,0.0289826666666666,0.25,2.0,8000.0,8000.0,"LINESTRING (-71.0961076 42.3373844, -71.0962953 42.3375219)"
14650,2851,4769,0.054666,0.25,2.0,2600.0,2600.0,"LINESTRING (-71.095735 42.3377545, -71.0954392 42.3376439)"
14651,4769,2851,0.054666,0.25,2.0,2600.0,2600.0,"LINESTRING (-71.0954392 42.3376439, -71.095735 42.3377545)"
14652,3903,3904,0.301112,0.25,2.0,8000.0,8000.0,"LINESTRING (-71.0945703 42.3432947, -71.096491 42.341845)"
14655,4386,3903,0.027584,0.25,2.0,8000.0,8000.0,"LINESTRING (-71.0945989 42.3434801, -71.0945703 42.3432947)"
14660,1956,1957,0.459996,0.25,2.0,2600.0,2600.0,"LINESTRING (-71.092478 42.338841, -71.0936618 42.3369657)"
14661,1957,1956,0.459996,0.25,2.0,2600.0,2600.0,"LINESTRING (-71.0936618 42.3369657, -71.092478 42.338841)"
14662,1956,1958,0.238424,0.25,2.0,8000.0,8000.0,"LINESTRING (-71.092478 42.338841, -71.0905582 42.3395905)"
14663,2857,1959,0.2162933333333333,0.25,2.0,8000.0,8000.0,"LINESTRING (-71.0906494 42.3397762, -71.0923807 42.3390815)"
14664,2195,1957,0.1238219999999999,0.25,2.0,2600.0,2600.0,"LINESTRING (-71.0929939 42.336711, -71.0936618 42.3369657)"
14665,1957,2195,0.1238219999999999,0.25,2.0,2600.0,2600.0,"LINESTRING (-71.0936618 42.3369657, -71.0929939 42.336711)"
14666,2286,3509,0.066218,0.25,2.0,2600.0,2600.0,"LINESTRING (-71.0923814 42.3391724, -71.0925147 42.3394526)"
14667,3509,2286,0.066218,0.25,2.0,2600.0,2600.0,"LINESTRING (-71.0925147 42.3394526, -71.0923814 42.3391724)"
14668,1956,1959,0.055876,0.25,2.0,2600.0,2600.0,"LINESTRING (-71.092478 42.338841, -71.0923807 42.3390815)"
14669,1959,1956,0.055876,0.25,2.0,2600.0,2600.0,"LINESTRING (-71.0923807 42.3390815, -71.092478 42.338841)"
14670,1959,2286,0.019996,0.25,2.0,2600.0,2600.0,"LINESTRING (-71.0923807 42.3390815, -71.0923814 42.3391724)"
14671,2286,1959,0.019996,0.25,2.0,2600.0,2600.0,"LINESTRING (-71.0923814 42.3391724, -71.0923807 42.3390815)"
14672,3507,3508,0.149608,0.25,2.0,2600.0,2600.0,"LINESTRING (-71.0925673 42.339528, -71.0929868 42.340125)"
14673,3508,3507,0.149608,0.25,2.0,2600.0,2600.0,"LINESTRING (-71.0929868 42.340125, -71.0925673 42.339528)"
14674,3507,3509,0.018736,0.25,2.0,2600.0,2600.0,"LINESTRING (-71.0925673 42.339528, -71.0925147 42.3394526)"
14675,3509,3507,0.018736,0.25,2.0,2600.0,2600.0,"LINESTRING (-71.0925147 42.3394526, -71.0925673 42.339528)"
14676,2606,2607,0.430878,0.25,2.0,2600.0,2600.0,"LINESTRING (-71.0912255 42.3408367, -71.0902649 42.3426412)"
14677,2607,2606,0.430878,0.25,2.0,2600.0,2600.0,"LINESTRING (-71.0902649 42.3426412, -71.0912255 42.3408367)"
14678,4031,4032,0.2988146666666667,0.25,2.0,8000.0,8000.0,"LINESTRING (-71.0921531 42.3414011, -71.0913432 42.3433267)"
14679,4048,4031,0.133944,0.25,2.0,8000.0,8000.0,"LINESTRING (-71.0931748 42.3409075, -71.0921531 42.3414011)"
14680,4139,4047,0.13146,0.25,2.0,2600.0,2600.0,"LINESTRING (-71.0937093 42.3407811, -71.0931537 42.3403563)"
14681,4139,4048,0.0616146666666666,0.25,2.0,8000.0,8000.0,"LINESTRING (-71.0937093 42.3407811, -71.0931748 42.3409075)"
14682,4047,4048,0.1226799999999999,0.25,2.0,2600.0,2600.0,"LINESTRING (-71.0931537 42.3403563, -71.0931748 42.3409075)"
14683,2606,2608,0.023124,0.25,2.0,2600.0,2600.0,"LINESTRING (-71.0912255 42.3408367, -71.0912876 42.3407442)"
14684,2608,2606,0.023124,0.25,2.0,2600.0,2600.0,"LINESTRING (-71.0912876 42.3407442, -71.0912255 42.3408367)"
14685,4032,5024,0.1213733333333333,0.25,2.0,8000.0,8000.0,"LINESTRING (-71.0913432 42.3433267, -71.0908411 42.3440568)"
14686,255,257,0.06525,0.25,2.0,2600.0,2600.0,"LINESTRING (-71.0904871 42.3441257, -71.0907186 42.3443636)"
14687,257,255,0.06525,0.25,2.0,2600.0,2600.0,"LINESTRING (-71.0907186 42.3443636, -71.0904871 42.3441257)"
14688,5024,255,0.060322,0.25,2.0,2600.0,2600.0,"LINESTRING (-71.0908411 42.3440568, -71.0904871 42.3441257)"
14689,5024,257,0.0474026666666666,0.25,2.0,8000.0,8000.0,"LINESTRING (-71.0908411 42.3440568, -71.0907186 42.3443636)"
14690,1964,1965,0.220331,0.25,2.0,13200.0,13200.0,"LINESTRING (-71.0956631 42.3505672, -71.0929903 42.35051)"
14691,2132,288,0.133432,0.25,2.0,8000.0,8000.0,"LINESTRING (-71.0983213 42.3485077, -71.097164 42.3487816)"
14692,1091,2193,0.523747,0.25,2.0,13200.0,13200.0,"LINESTRING (-71.0903199 42.3519474, -71.0964543 42.3507099)"
14693,2679,2680,0.203943,0.25,2.0,13200.0,13200.0,"LINESTRING (-71.0923957 42.3494372, -71.0923992 42.347601)"
14694,3860,3861,0.2342599999999999,0.25,2.0,8000.0,8000.0,"LINESTRING (-71.094975 42.3488064, -71.0928427 42.3488325)"
14695,3900,3901,0.491302,0.25,2.0,2600.0,2600.0,"LINESTRING (-71.0944549 42.3470859, -71.0915324 42.3475212)"
14696,3901,3900,0.491302,0.25,2.0,2600.0,2600.0,"LINESTRING (-71.0915324 42.3475212, -71.0944549 42.3470859)"
14697,4177,2193,0.279161,0.25,2.0,13200.0,13200.0,"LINESTRING (-71.0931982 42.3514051, -71.0964543 42.3507099)"
14698,2677,2208,0.188056,0.25,2.0,8000.0,8000.0,"LINESTRING (-71.0932463 42.3465307, -71.0943364 42.3455519)"
14699,2208,2677,0.188056,0.25,2.0,8000.0,8000.0,"LINESTRING (-71.0943364 42.3455519, -71.0932463 42.3465307)"
147,2195,2196,0.310504,0.25,2.0,2600.0,2600.0,"LINESTRING (-71.0929939 42.336711, -71.0913272 42.3360604)"
14700,2684,3862,0.235076,0.25,2.0,8000.0,8000.0,"LINESTRING (-71.0928488 42.3491674, -71.0949877 42.3491247)"
14701,289,2132,0.045588,0.25,2.0,8000.0,8000.0,"LINESTRING (-71.0979695 42.3486707, -71.0983213 42.3485077)"
14702,1966,2679,0.217722,0.25,2.0,13200.0,13200.0,"LINESTRING (-71.0944625 42.3506592, -71.0923957 42.3494372)"
14703,4834,2103,0.321996,0.25,2.0,2600.0,2600.0,"LINESTRING (-71.093172 42.3498474, -71.0950067 42.3493486)"
14704,4246,2680,0.124911,0.25,2.0,13200.0,13200.0,"LINESTRING (-71.0928355 42.3486783, -71.0923992 42.347601)"
14705,288,5329,0.120874,0.25,2.0,2600.0,2600.0,"LINESTRING (-71.097164 42.3487816, -71.0974373 42.3482768)"
14706,5329,288,0.120874,0.25,2.0,2600.0,2600.0,"LINESTRING (-71.0974373 42.3482768, -71.097164 42.3487816)"
14707,2042,5355,0.229169,0.25,2.0,13200.0,13200.0,"LINESTRING (-71.0922692 42.347612, -71.0922964 42.3496746)"
14708,2042,4248,0.148081,0.25,2.0,13200.0,13200.0,"LINESTRING (-71.0922692 42.347612, -71.0915762 42.3488416)"
14767,3900,3902,0.306242,0.25,2.0,2600.0,2600.0,"LINESTRING (-71.0944549 42.3470859, -71.0956592 42.3460362)"
14768,3902,3900,0.306242,0.25,2.0,2600.0,2600.0,"LINESTRING (-71.0956592 42.3460362, -71.0944549 42.3470859)"
14769,4410,2209,0.4352,0.25,2.0,2600.0,2600.0,"LINESTRING (-71.0978168 42.3445583, -71.0953381 42.3452327)"
14770,2209,4410,0.4352,0.25,2.0,2600.0,2600.0,"LINESTRING (-71.0953381 42.3452327, -71.0978168 42.3445583)"
14773,2206,2208,0.079576,0.25,2.0,2600.0,2600.0,"LINESTRING (-71.09477 42.3453951, -71.0943364 42.3455519)"
14774,2208,2206,0.079576,0.25,2.0,2600.0,2600.0,"LINESTRING (-71.0943364 42.3455519, -71.09477 42.3453951)"
14775,2206,2209,0.100288,0.25,2.0,2600.0,2600.0,"LINESTRING (-71.09477 42.3453951, -71.0953381 42.3452327)"
14776,2209,2206,0.100288,0.25,2.0,2600.0,2600.0,"LINESTRING (-71.0953381 42.3452327, -71.09477 42.3453951)"
14777,2208,2207,0.058128,0.25,2.0,8000.0,8000.0,"LINESTRING (-71.0943364 42.3455519, -71.0944628 42.3451709)"
14778,2209,3902,0.186072,0.25,2.0,2600.0,2600.0,"LINESTRING (-71.0953381 42.3452327, -71.0956592 42.3460362)"
14779,3902,2209,0.186072,0.25,2.0,2600.0,2600.0,"LINESTRING (-71.0956592 42.3460362, -71.0953381 42.3452327)"
14792,2207,4381,0.0991573333333333,0.25,2.0,8000.0,8000.0,"LINESTRING (-71.0944628 42.3451709, -71.0946685 42.3445192)"
14793,2206,2207,0.070966,0.25,2.0,2600.0,2600.0,"LINESTRING (-71.09477 42.3453951, -71.0944628 42.3451709)"
14794,1964,1966,0.099482,0.25,2.0,13200.0,13200.0,"LINESTRING (-71.0956631 42.3505672, -71.0944625 42.3506592)"
14795,2104,3219,0.1056293333333333,0.25,2.0,8000.0,8000.0,"LINESTRING (-71.0960067 42.3490648, -71.0969547 42.3489462)"
14796,288,3860,0.2405146666666666,0.25,2.0,8000.0,8000.0,"LINESTRING (-71.097164 42.3487816, -71.094975 42.3488064)"
14797,287,288,0.030256,0.25,2.0,8000.0,8000.0,"LINESTRING (-71.0974362 42.3488142, -71.097164 42.3487816)"
14798,3217,2350,0.102184,0.25,2.0,8000.0,8000.0,"LINESTRING (-71.0972095 42.3489822, -71.0981266 42.3490933)"
14799,3220,287,0.0450653333333333,0.25,2.0,8000.0,8000.0,"LINESTRING (-71.0970515 42.3489188, -71.0974362 42.3488142)"
148,2196,2195,0.310504,0.25,2.0,2600.0,2600.0,"LINESTRING (-71.0913272 42.3360604, -71.0929939 42.336711)"
14800,287,289,0.0622693333333333,0.25,2.0,8000.0,8000.0,"LINESTRING (-71.0974362 42.3488142, -71.0979695 42.3486707)"
14801,2352,2350,0.027992,0.25,2.0,8000.0,8000.0,"LINESTRING (-71.0981269 42.3489038, -71.0981266 42.3490933)"
14802,2353,287,0.0651653333333333,0.25,2.0,8000.0,8000.0,"LINESTRING (-71.0980199 42.3488911, -71.0974362 42.3488142)"
14803,2352,2353,0.0119106666666666,0.25,2.0,8000.0,8000.0,"LINESTRING (-71.0981269 42.3489038, -71.0980199 42.3488911)"
14804,2353,289,0.0330613333333333,0.25,2.0,8000.0,8000.0,"LINESTRING (-71.0980199 42.3488911, -71.0979695 42.3486707)"
14805,3219,3217,0.0284093333333333,0.25,2.0,8000.0,8000.0,"LINESTRING (-71.0969547 42.3489462, -71.0972095 42.3489822)"
14806,3220,288,0.03568,0.25,2.0,2600.0,2600.0,"LINESTRING (-71.0970515 42.3489188, -71.097164 42.3487816)"
14807,3219,3220,0.0112786666666666,0.25,2.0,8000.0,8000.0,"LINESTRING (-71.0969547 42.3489462, -71.0970515 42.3489188)"
14808,2103,2104,0.176458,0.25,2.0,2600.0,2600.0,"LINESTRING (-71.0950067 42.3493486, -71.0960067 42.3490648)"
14809,3862,2104,0.1123013333333333,0.25,2.0,8000.0,8000.0,"LINESTRING (-71.0949877 42.3491247, -71.0960067 42.3490648)"
14810,2046,2047,0.067944,0.25,2.0,8000.0,8000.0,"LINESTRING (-71.0923628 42.3469576, -71.0918678 42.346683)"
14811,4176,2041,0.1812773333333333,0.25,2.0,8000.0,8000.0,"LINESTRING (-71.0908315 42.3465194, -71.0922559 42.3471357)"
14812,2677,2047,0.15306,0.25,2.0,8000.0,8000.0,"LINESTRING (-71.0932463 42.3465307, -71.0918678 42.346683)"
14813,4305,4182,0.10282,0.25,2.0,8000.0,8000.0,"LINESTRING (-71.0912655 42.3465049, -71.0907011 42.3459507)"
14814,4182,4176,0.085328,0.25,2.0,8000.0,8000.0,"LINESTRING (-71.0907011 42.3459507, -71.0908315 42.3465194)"
14815,4182,3942,0.10154,0.25,2.0,8000.0,8000.0,"LINESTRING (-71.0907011 42.3459507, -71.090384 42.3465947)"
14816,2041,2042,0.052885,0.25,2.0,13200.0,13200.0,"LINESTRING (-71.0922559 42.3471357, -71.0922692 42.347612)"
14817,2680,4458,0.017884,0.25,2.0,13200.0,13200.0,"LINESTRING (-71.0923992 42.347601, -71.0923973 42.3474402)"
14818,2046,2041,0.0288653333333333,0.25,2.0,8000.0,8000.0,"LINESTRING (-71.0923628 42.3469576, -71.0922559 42.3471357)"
14819,2676,2046,0.0943386666666666,0.25,2.0,8000.0,8000.0,"LINESTRING (-71.0931067 42.3466398, -71.0923628 42.3469576)"
14820,4458,2046,0.053614,0.25,2.0,13200.0,13200.0,"LINESTRING (-71.0923973 42.3474402, -71.0923628 42.3469576)"
14821,2676,2677,0.0222226666666666,0.25,2.0,8000.0,8000.0,"LINESTRING (-71.0931067 42.3466398, -71.0932463 42.3465307)"
14822,2677,2676,0.0222226666666666,0.25,2.0,8000.0,8000.0,"LINESTRING (-71.0932463 42.3465307, -71.0931067 42.3466398)"
14823,4305,4176,0.0477266666666666,0.25,2.0,8000.0,8000.0,"LINESTRING (-71.0912655 42.3465049, -71.0908315 42.3465194)"
14824,2047,4305,0.0713026666666666,0.25,2.0,8000.0,8000.0,"LINESTRING (-71.0918678 42.346683, -71.0912655 42.3465049)"
14825,4176,3942,0.050384,0.25,2.0,8000.0,8000.0,"LINESTRING (-71.0908315 42.3465194, -71.090384 42.3465947)"
14826,3942,4176,0.050384,0.25,2.0,8000.0,8000.0,"LINESTRING (-71.090384 42.3465947, -71.0908315 42.3465194)"
14827,1091,2192,0.194059,0.25,2.0,13200.0,13200.0,"LINESTRING (-71.0903199 42.3519474, -71.0925936 42.3514916)"
14828,291,2684,0.137876,0.25,2.0,8000.0,8000.0,"LINESTRING (-71.0915946 42.3492036, -71.0928488 42.3491674)"
14829,2704,2027,0.15928,0.25,2.0,2600.0,2600.0,"LINESTRING (-71.0916291 42.3502651, -71.0914204 42.3509648)"
14830,2192,2269,0.133573,0.25,2.0,13200.0,13200.0,"LINESTRING (-71.0925936 42.3514916, -71.0928918 42.3503098)"
14831,3861,4248,0.1392013333333333,0.25,2.0,8000.0,8000.0,"LINESTRING (-71.0928427 42.3488325, -71.0915762 42.3488416)"
14832,2705,4177,0.169018,0.25,2.0,13200.0,13200.0,"LINESTRING (-71.0919959 42.3501722, -71.0931982 42.3514051)"
14833,2705,5354,0.154274,0.25,2.0,2600.0,2600.0,"LINESTRING (-71.0919959 42.3501722, -71.0928733 42.3499293)"
14834,5355,2028,0.2384729999999999,0.25,2.0,13200.0,13200.0,"LINESTRING (-71.0922964 42.3496746, -71.090403 42.351299)"
14859,5354,2684,0.169332,0.25,2.0,2600.0,2600.0,"LINESTRING (-71.0928733 42.3499293, -71.0928488 42.3491674)"
14878,2684,3861,0.074208,0.25,2.0,2600.0,2600.0,"LINESTRING (-71.0928488 42.3491674, -71.0928427 42.3488325)"
14879,3861,4246,0.01723,0.25,2.0,13200.0,13200.0,"LINESTRING (-71.0928427 42.3488325, -71.0928355 42.3486783)"
14880,2269,5354,0.0847,0.25,2.0,2600.0,2600.0,"LINESTRING (-71.0928918 42.3503098, -71.0928733 42.3499293)"
14881,5354,4834,0.052532,0.25,2.0,2600.0,2600.0,"LINESTRING (-71.0928733 42.3499293, -71.093172 42.3498474)"
14882,1965,2269,0.047276,0.25,2.0,2600.0,2600.0,"LINESTRING (-71.0929903 42.35051, -71.0928918 42.3503098)"
14883,290,291,0.1041826666666666,0.25,2.0,8000.0,8000.0,"LINESTRING (-71.0906475 42.3492218, -71.0915946 42.3492036)"
14884,291,2683,0.11223,0.25,2.0,2600.0,2600.0,"LINESTRING (-71.0915946 42.3492036, -71.0916134 42.3497089)"
14885,4248,5328,0.1036306666666666,0.25,2.0,8000.0,8000.0,"LINESTRING (-71.0915762 42.3488416, -71.0906329 42.348859)"
14886,4248,291,0.080482,0.25,2.0,2600.0,2600.0,"LINESTRING (-71.0915762 42.3488416, -71.0915946 42.3492036)"
14887,2704,2705,0.06391,0.25,2.0,2600.0,2600.0,"LINESTRING (-71.0916291 42.3502651, -71.0919959 42.3501722)"
14888,4075,2705,0.074796,0.25,2.0,2600.0,2600.0,"LINESTRING (-71.0916263 42.3499765, -71.0919959 42.3501722)"
14889,4075,2704,0.063984,0.25,2.0,2600.0,2600.0,"LINESTRING (-71.0916263 42.3499765, -71.0916291 42.3502651)"
14890,2683,4075,0.059578,0.25,2.0,2600.0,2600.0,"LINESTRING (-71.0916134 42.3497089, -71.0916263 42.3499765)"
14891,2027,2028,0.09164,0.25,2.0,13200.0,13200.0,"LINESTRING (-71.0914204 42.3509648, -71.090403 42.351299)"
14892,321,322,0.2288386666666667,0.25,2.0,8000.0,8000.0,"LINESTRING (-71.0837487 42.3483726, -71.0817887 42.3488963)"
14893,337,338,0.2687906666666666,0.25,2.0,8000.0,8000.0,"LINESTRING (-71.0825908 42.3505089, -71.0802923 42.3511299)"
14894,1812,1808,0.2102573333333333,0.25,2.0,8000.0,8000.0,"LINESTRING (-71.0829775 42.3442843, -71.0816947 42.3453377)"
14895,1862,1863,0.33038,0.25,2.0,2600.0,2600.0,"LINESTRING (-71.0811289 42.3388951, -71.0824716 42.3399986)"
14896,1863,1862,0.33038,0.25,2.0,2600.0,2600.0,"LINESTRING (-71.0824716 42.3399986, -71.0811289 42.3388951)"
14897,1862,1864,0.175392,0.25,2.0,2600.0,2600.0,"LINESTRING (-71.0811289 42.3388951, -71.0819867 42.3384275)"
14898,1864,1862,0.175392,0.25,2.0,2600.0,2600.0,"LINESTRING (-71.0819867 42.3384275, -71.0811289 42.3388951)"
14899,1809,1749,0.198442,0.25,2.0,2600.0,2600.0,"LINESTRING (-71.0818136 42.3454203, -71.0828765 42.3458414)"
149,2274,2284,0.524058,0.25,2.0,13200.0,13200.0,"LINESTRING (-71.0648784 42.335841, -71.0631585 42.3403832)"
14900,1809,2275,0.2757746666666666,0.25,2.0,8000.0,8000.0,"LINESTRING (-71.0818136 42.3454203, -71.0835085 42.3440464)"
14901,256,2895,0.154736,0.25,2.0,2600.0,2600.0,"LINESTRING (-71.0899095 42.3439575, -71.089725 42.344641)"
14902,3646,3651,0.401732,0.25,2.0,2600.0,2600.0,"LINESTRING (-71.0798941 42.3503114, -71.0821867 42.3496965)"
14903,1077,341,0.2679653333333334,0.25,2.0,8000.0,8000.0,"LINESTRING (-71.0804638 42.3514736, -71.0827558 42.3508551)"
14904,4237,4238,0.3084973333333333,0.25,2.0,8000.0,8000.0,"LINESTRING (-71.083793 42.3420076, -71.0817757 42.3405594)"
14905,4238,1863,0.112816,0.25,2.0,8000.0,8000.0,"LINESTRING (-71.0817757 42.3405594, -71.0824716 42.3399986)"
14906,1863,4238,0.112816,0.25,2.0,8000.0,8000.0,"LINESTRING (-71.0824716 42.3399986, -71.0817757 42.3405594)"
14907,1749,1809,0.198442,0.25,2.0,2600.0,2600.0,"LINESTRING (-71.0828765 42.3458414, -71.0818136 42.3454203)"
14908,1810,4247,0.532248,0.25,2.0,2600.0,2600.0,"LINESTRING (-71.0809158 42.3448098, -71.0785329 42.3431933)"
14909,4247,1810,0.532248,0.25,2.0,2600.0,2600.0,"LINESTRING (-71.0785329 42.3431933, -71.0809158 42.3448098)"
14910,4855,4861,0.3308493333333333,0.25,2.0,8000.0,8000.0,"LINESTRING (-71.0868444 42.345461, -71.0857885 42.3433687)"
14911,4861,4855,0.3308493333333333,0.25,2.0,8000.0,8000.0,"LINESTRING (-71.0857885 42.3433687, -71.0868444 42.345461)"
14912,2271,4846,0.109868,0.25,2.0,8000.0,8000.0,"LINESTRING (-71.0771875 42.3442863, -71.0765129 42.3448344)"
14913,4846,2271,0.109868,0.25,2.0,8000.0,8000.0,"LINESTRING (-71.0765129 42.3448344, -71.0771875 42.3442863)"
14914,4970,4451,0.115308,0.25,2.0,2600.0,2600.0,"LINESTRING (-71.0744752 42.3443013, -71.0747173 42.3447884)"
14915,4451,4970,0.115308,0.25,2.0,2600.0,2600.0,"LINESTRING (-71.0747173 42.3447884, -71.0744752 42.3443013)"
14916,1113,4237,0.3083773333333333,0.25,2.0,8000.0,8000.0,"LINESTRING (-71.0816886 42.3406296, -71.083793 42.3420076)"
14955,1785,1786,0.2209933333333333,0.25,2.0,8000.0,8000.0,"LINESTRING (-71.0862142 42.3416299, -71.0848289 42.342712)"
14956,1785,1787,0.4439093333333333,0.25,2.0,8000.0,8000.0,"LINESTRING (-71.0862142 42.3416299, -71.0835132 42.3438585)"
14957,254,2751,0.0724013333333333,0.25,2.0,8000.0,8000.0,"LINESTRING (-71.0856728 42.3376951, -71.0861782 42.3373805)"
14958,2751,254,0.0724013333333333,0.25,2.0,8000.0,8000.0,"LINESTRING (-71.0861782 42.3373805, -71.0856728 42.3376951)"
14959,2275,2852,0.4533853333333333,0.25,2.0,8000.0,8000.0,"LINESTRING (-71.0835085 42.3440464, -71.0862572 42.3417634)"
14960,2858,2852,0.209788,0.25,2.0,8000.0,8000.0,"LINESTRING (-71.0850199 42.3428419, -71.0862572 42.3417634)"
14961,4861,2828,0.16462,0.25,2.0,2600.0,2600.0,"LINESTRING (-71.0857885 42.3433687, -71.0867763 42.343478)"
14962,2828,4861,0.16462,0.25,2.0,2600.0,2600.0,"LINESTRING (-71.0867763 42.343478, -71.0857885 42.3433687)"
14963,1026,1027,0.0666546666666666,0.25,2.0,8000.0,8000.0,"LINESTRING (-71.0871654 42.3367658, -71.0867004 42.3370554)"
14964,1027,1026,0.0666546666666666,0.25,2.0,8000.0,8000.0,"LINESTRING (-71.0867004 42.3370554, -71.0871654 42.3367658)"
14965,1027,2751,0.0749746666666666,0.25,2.0,8000.0,8000.0,"LINESTRING (-71.0867004 42.3370554, -71.0861782 42.3373805)"
14966,2751,1027,0.0749746666666666,0.25,2.0,8000.0,8000.0,"LINESTRING (-71.0861782 42.3373805, -71.0867004 42.3370554)"
14967,1026,1028,0.078328,0.25,2.0,8000.0,8000.0,"LINESTRING (-71.0871654 42.3367658, -71.0877109 42.3364255)"
14968,1028,1026,0.078328,0.25,2.0,8000.0,8000.0,"LINESTRING (-71.0877109 42.3364255, -71.0871654 42.3367658)"
14969,2827,256,0.386904,0.25,2.0,2600.0,2600.0,"LINESTRING (-71.0876095 42.3436088, -71.0899095 42.3439575)"
14970,256,2827,0.386904,0.25,2.0,2600.0,2600.0,"LINESTRING (-71.0899095 42.3439575, -71.0876095 42.3436088)"
14971,2853,2856,0.3038986666666666,0.25,2.0,8000.0,8000.0,"LINESTRING (-71.0865692 42.3415168, -71.0889292 42.3404465)"
14988,256,2894,0.164806,0.25,2.0,2600.0,2600.0,"LINESTRING (-71.0899095 42.3439575, -71.0901085 42.3432309)"
14989,2894,256,0.164806,0.25,2.0,2600.0,2600.0,"LINESTRING (-71.0901085 42.3432309, -71.0899095 42.3439575)"
14990,2852,2853,0.0500266666666666,0.25,2.0,8000.0,8000.0,"LINESTRING (-71.0862572 42.3417634, -71.0865692 42.3415168)"
14991,4773,1785,0.0398066666666666,0.25,2.0,8000.0,8000.0,"LINESTRING (-71.0864587 42.3414317, -71.0862142 42.3416299)"
14992,2827,2828,0.140336,0.25,2.0,2600.0,2600.0,"LINESTRING (-71.0876095 42.3436088, -71.0867763 42.343478)"
14993,2828,2827,0.140336,0.25,2.0,2600.0,2600.0,"LINESTRING (-71.0867763 42.343478, -71.0876095 42.3436088)"
14994,249,250,0.075928,0.25,2.0,2600.0,2600.0,"LINESTRING (-71.0843306 42.3371293, -71.0839736 42.3373445)"
14995,250,249,0.075928,0.25,2.0,2600.0,2600.0,"LINESTRING (-71.0839736 42.3373445, -71.0843306 42.3371293)"
14996,252,253,0.0715746666666666,0.25,2.0,8000.0,8000.0,"LINESTRING (-71.0851873 42.3380049, -71.0846928 42.3383204)"
14997,253,252,0.0715746666666666,0.25,2.0,8000.0,8000.0,"LINESTRING (-71.0846928 42.3383204, -71.0851873 42.3380049)"
14998,4995,4996,0.1372546666666666,0.25,2.0,8000.0,8000.0,"LINESTRING (-71.0841783 42.338649, -71.083315 42.3393189)"
14999,4996,4995,0.1372546666666666,0.25,2.0,8000.0,8000.0,"LINESTRING (-71.083315 42.3393189, -71.0841783 42.338649)"
15,3436,3435,0.392304,0.25,2.0,2600.0,2600.0,"LINESTRING (-71.0399733 42.3745401, -71.0411764 42.3730157)"
150,2274,1794,0.6739026666666666,0.25,2.0,8000.0,8000.0,"LINESTRING (-71.0648784 42.335841, -71.0630664 42.3401881)"
15000,3581,1864,0.100874,0.25,2.0,2600.0,2600.0,"LINESTRING (-71.0824833 42.338162, -71.0819867 42.3384275)"
15001,1864,3581,0.100874,0.25,2.0,2600.0,2600.0,"LINESTRING (-71.0819867 42.3384275, -71.0824833 42.338162)"
15002,251,2111,0.109612,0.25,2.0,2600.0,2600.0,"LINESTRING (-71.0848344 42.3368561, -71.0853726 42.3365674)"
15003,2111,251,0.109612,0.25,2.0,2600.0,2600.0,"LINESTRING (-71.0853726 42.3365674, -71.0848344 42.3368561)"
15004,1024,2111,0.110178,0.25,2.0,2600.0,2600.0,"LINESTRING (-71.0859214 42.3362828, -71.0853726 42.3365674)"
15005,2111,1024,0.110178,0.25,2.0,2600.0,2600.0,"LINESTRING (-71.0853726 42.3365674, -71.0859214 42.3362828)"
15006,252,254,0.0704253333333333,0.25,2.0,8000.0,8000.0,"LINESTRING (-71.0851873 42.3380049, -71.0856728 42.3376951)"
15007,254,252,0.0704253333333333,0.25,2.0,8000.0,8000.0,"LINESTRING (-71.0856728 42.3376951, -71.0851873 42.3380049)"
15008,249,251,0.102722,0.25,2.0,2600.0,2600.0,"LINESTRING (-71.0843306 42.3371293, -71.0848344 42.3368561)"
15009,251,249,0.102722,0.25,2.0,2600.0,2600.0,"LINESTRING (-71.0848344 42.3368561, -71.0843306 42.3371293)"
15010,4995,253,0.074676,0.25,2.0,8000.0,8000.0,"LINESTRING (-71.0841783 42.338649, -71.0846928 42.3383204)"
15011,253,4995,0.074676,0.25,2.0,8000.0,8000.0,"LINESTRING (-71.0846928 42.3383204, -71.0841783 42.338649)"
15012,3580,3582,0.171818,0.25,2.0,2600.0,2600.0,"LINESTRING (-71.0829829 42.3378964, -71.0838191 42.3374336)"
15013,3582,3580,0.171818,0.25,2.0,2600.0,2600.0,"LINESTRING (-71.0838191 42.3374336, -71.0829829 42.3378964)"
15014,3582,250,0.032306,0.25,2.0,2600.0,2600.0,"LINESTRING (-71.0838191 42.3374336, -71.0839736 42.3373445)"
15015,250,3582,0.032306,0.25,2.0,2600.0,2600.0,"LINESTRING (-71.0839736 42.3373445, -71.0838191 42.3374336)"
15016,3580,3581,0.101408,0.25,2.0,2600.0,2600.0,"LINESTRING (-71.0829829 42.3378964, -71.0824833 42.338162)"
15017,3581,3580,0.101408,0.25,2.0,2600.0,2600.0,"LINESTRING (-71.0824833 42.338162, -71.0829829 42.3378964)"
15018,4996,1863,0.136832,0.25,2.0,8000.0,8000.0,"LINESTRING (-71.083315 42.3393189, -71.0824716 42.3399986)"
15019,1863,4996,0.136832,0.25,2.0,8000.0,8000.0,"LINESTRING (-71.0824716 42.3399986, -71.083315 42.3393189)"
15020,2275,2858,0.2437133333333333,0.25,2.0,8000.0,8000.0,"LINESTRING (-71.0835085 42.3440464, -71.0850199 42.3428419)"
15021,1786,2928,0.1129346666666666,0.25,2.0,8000.0,8000.0,"LINESTRING (-71.0848289 42.342712, -71.0840715 42.342197)"
15022,2928,1786,0.1129346666666666,0.25,2.0,8000.0,8000.0,"LINESTRING (-71.0840715 42.342197, -71.0848289 42.342712)"
15023,1786,1787,0.2230813333333333,0.25,2.0,8000.0,8000.0,"LINESTRING (-71.0848289 42.342712, -71.0835132 42.3438585)"
15024,4237,2928,0.041432,0.25,2.0,8000.0,8000.0,"LINESTRING (-71.083793 42.3420076, -71.0840715 42.342197)"
15025,2928,4237,0.041432,0.25,2.0,8000.0,8000.0,"LINESTRING (-71.0840715 42.342197, -71.083793 42.3420076)"
15026,2858,4861,0.1149453333333333,0.25,2.0,8000.0,8000.0,"LINESTRING (-71.0850199 42.3428419, -71.0857885 42.3433687)"
15027,4861,2858,0.1149453333333333,0.25,2.0,8000.0,8000.0,"LINESTRING (-71.0857885 42.3433687, -71.0850199 42.3428419)"
15028,1786,2858,0.02848,0.25,2.0,8000.0,8000.0,"LINESTRING (-71.0848289 42.342712, -71.0850199 42.3428419)"
15029,2858,1786,0.02848,0.25,2.0,8000.0,8000.0,"LINESTRING (-71.0850199 42.3428419, -71.0848289 42.342712)"
15030,1787,1812,0.0861986666666666,0.25,2.0,8000.0,8000.0,"LINESTRING (-71.0835132 42.3438585, -71.0829775 42.3442843)"
15031,342,3482,0.1769613333333333,0.25,2.0,8000.0,8000.0,"LINESTRING (-71.0847083 42.3503329, -71.0862186 42.3499194)"
15032,4110,3482,0.08081,0.25,2.0,2600.0,2600.0,"LINESTRING (-71.0860519 42.3495769, -71.0862186 42.3499194)"
15033,4093,4140,0.12788,0.25,2.0,8000.0,8000.0,"LINESTRING (-71.088524 42.3489067, -71.0881317 42.3480939)"
15034,4140,4093,0.12788,0.25,2.0,8000.0,8000.0,"LINESTRING (-71.0881317 42.3480939, -71.088524 42.3489067)"
15035,3864,4140,0.433588,0.25,2.0,2600.0,2600.0,"LINESTRING (-71.0856545 42.3487503, -71.0881317 42.3480939)"
15036,4455,4456,0.1397586666666666,0.25,2.0,8000.0,8000.0,"LINESTRING (-71.0867389 42.3475266, -71.0855621 42.3478846)"
15037,4456,4457,0.1401493333333333,0.25,2.0,8000.0,8000.0,"LINESTRING (-71.0855621 42.3478846, -71.0867782 42.347599)"
15038,5446,3864,0.185582,0.25,2.0,2600.0,2600.0,"LINESTRING (-71.0852582 42.3479681, -71.0856545 42.3487503)"
15039,340,1088,0.175724,0.25,2.0,8000.0,8000.0,"LINESTRING (-71.0854923 42.3519191, -71.0869952 42.3515134)"
15040,4146,4110,0.0893573333333333,0.25,2.0,8000.0,8000.0,"LINESTRING (-71.086815 42.349368, -71.0860519 42.3495769)"
15075,3528,3542,0.131898,0.25,2.0,2600.0,2600.0,"LINESTRING (-71.0892665 42.3463131, -71.089227 42.3469063)"
15076,3542,3940,0.172808,0.25,2.0,8000.0,8000.0,"LINESTRING (-71.089227 42.3469063, -71.0877461 42.347299)"
15077,3940,3542,0.172808,0.25,2.0,8000.0,8000.0,"LINESTRING (-71.0877461 42.347299, -71.089227 42.3469063)"
15078,3940,4140,0.1251493333333333,0.25,2.0,8000.0,8000.0,"LINESTRING (-71.0877461 42.347299, -71.0881317 42.3480939)"
15079,4140,3940,0.1251493333333333,0.25,2.0,8000.0,8000.0,"LINESTRING (-71.0881317 42.3480939, -71.0877461 42.347299)"
15080,4856,4863,0.0873986666666666,0.25,2.0,8000.0,8000.0,"LINESTRING (-71.087062 42.3459422, -71.0873357 42.346496)"
15081,4863,4856,0.0873986666666666,0.25,2.0,8000.0,8000.0,"LINESTRING (-71.0873357 42.346496, -71.087062 42.3459422)"
151,2475,2478,0.384982,0.25,2.0,2600.0,2600.0,"LINESTRING (-71.1009841 42.336183, -71.1030584 42.3369802)"
15106,3527,3528,0.20055,0.25,2.0,2600.0,2600.0,"LINESTRING (-71.0895063 42.3454278, -71.0892665 42.3463131)"
15107,2895,3527,0.178526,0.25,2.0,2600.0,2600.0,"LINESTRING (-71.089725 42.344641, -71.0895063 42.3454278)"
15108,4855,4856,0.0751573333333333,0.25,2.0,8000.0,8000.0,"LINESTRING (-71.0868444 42.345461, -71.087062 42.3459422)"
15109,4856,4855,0.0751573333333333,0.25,2.0,8000.0,8000.0,"LINESTRING (-71.087062 42.3459422, -71.0868444 42.345461)"
15114,4457,3940,0.1152573333333333,0.25,2.0,8000.0,8000.0,"LINESTRING (-71.0867782 42.347599, -71.0877461 42.347299)"
15115,4316,4455,0.070256,0.25,2.0,8000.0,8000.0,"LINESTRING (-71.0873406 42.3473671, -71.0867389 42.3475266)"
15116,3940,4316,0.0456213333333333,0.25,2.0,8000.0,8000.0,"LINESTRING (-71.0877461 42.347299, -71.0873406 42.3473671)"
15117,3940,4317,0.1065066666666666,0.25,2.0,8000.0,8000.0,"LINESTRING (-71.0877461 42.347299, -71.0874081 42.3466254)"
15118,4317,3940,0.1065066666666666,0.25,2.0,8000.0,8000.0,"LINESTRING (-71.0874081 42.3466254, -71.0877461 42.347299)"
15119,4863,4317,0.0206786666666666,0.25,2.0,8000.0,8000.0,"LINESTRING (-71.0873357 42.346496, -71.0874081 42.3466254)"
15120,4317,4863,0.0206786666666666,0.25,2.0,8000.0,8000.0,"LINESTRING (-71.0874081 42.3466254, -71.0873357 42.346496)"
15121,533,534,0.2057453333333333,0.25,2.0,8000.0,8000.0,"LINESTRING (-71.086934 42.3497273, -71.0887028 42.3492706)"
15122,4093,4146,0.1997826666666666,0.25,2.0,8000.0,8000.0,"LINESTRING (-71.088524 42.3489067, -71.086815 42.349368)"
15123,3482,1087,0.191378,0.25,2.0,2600.0,2600.0,"LINESTRING (-71.0862186 42.3499194, -71.0866185 42.350728)"
15124,1088,4463,0.2900093333333333,0.25,2.0,8000.0,8000.0,"LINESTRING (-71.0869952 42.3515134, -71.0894765 42.3508438)"
15125,4094,4463,0.122696,0.25,2.0,8000.0,8000.0,"LINESTRING (-71.0890854 42.3500678, -71.0894765 42.3508438)"
15126,4463,4094,0.122696,0.25,2.0,8000.0,8000.0,"LINESTRING (-71.0894765 42.3508438, -71.0890854 42.3500678)"
15127,534,4094,0.12528,0.25,2.0,8000.0,8000.0,"LINESTRING (-71.0887028 42.3492706, -71.0890854 42.3500678)"
15128,4094,534,0.12528,0.25,2.0,8000.0,8000.0,"LINESTRING (-71.0890854 42.3500678, -71.0887028 42.3492706)"
15129,534,4093,0.0573853333333333,0.25,2.0,8000.0,8000.0,"LINESTRING (-71.0887028 42.3492706, -71.088524 42.3489067)"
15130,4093,534,0.0573853333333333,0.25,2.0,8000.0,8000.0,"LINESTRING (-71.088524 42.3489067, -71.0887028 42.3492706)"
15131,1090,1094,0.155375,0.25,2.0,13200.0,13200.0,"LINESTRING (-71.0881408 42.3521874, -71.0899525 42.351797)"
15132,1094,4194,0.0681533333333333,0.25,2.0,8000.0,8000.0,"LINESTRING (-71.0899525 42.351797, -71.0897419 42.3513637)"
15133,4194,1094,0.0681533333333333,0.25,2.0,8000.0,8000.0,"LINESTRING (-71.0897419 42.3513637, -71.0899525 42.351797)"
15134,4194,4463,0.0823733333333333,0.25,2.0,8000.0,8000.0,"LINESTRING (-71.0897419 42.3513637, -71.0894765 42.3508438)"
15135,4463,4194,0.0823733333333333,0.25,2.0,8000.0,8000.0,"LINESTRING (-71.0894765 42.3508438, -71.0897419 42.3513637)"
15136,3482,533,0.0835386666666666,0.25,2.0,8000.0,8000.0,"LINESTRING (-71.0862186 42.3499194, -71.086934 42.3497273)"
15137,1087,1088,0.18513,0.25,2.0,2600.0,2600.0,"LINESTRING (-71.0866185 42.350728, -71.0869952 42.3515134)"
15138,1747,1748,0.16357,0.25,2.0,2600.0,2600.0,"LINESTRING (-71.0833812 42.345905, -71.0843531 42.3460538)"
15139,1748,1747,0.16357,0.25,2.0,2600.0,2600.0,"LINESTRING (-71.0843531 42.3460538, -71.0833812 42.345905)"
15140,3973,3974,0.14216,0.25,2.0,2600.0,2600.0,"LINESTRING (-71.0847422 42.3461983, -71.0850488 42.3467956)"
15141,3974,3973,0.14216,0.25,2.0,2600.0,2600.0,"LINESTRING (-71.0850488 42.3467956, -71.0847422 42.3461983)"
15142,5446,321,0.1763013333333333,0.25,2.0,8000.0,8000.0,"LINESTRING (-71.0852582 42.3479681, -71.0837487 42.3483726)"
15153,3973,1748,0.071646,0.25,2.0,2600.0,2600.0,"LINESTRING (-71.0847422 42.3461983, -71.0843531 42.3460538)"
15154,1748,3973,0.071646,0.25,2.0,2600.0,2600.0,"LINESTRING (-71.0843531 42.3460538, -71.0847422 42.3461983)"
15155,3974,4811,0.181314,0.25,2.0,2600.0,2600.0,"LINESTRING (-71.0850488 42.3467956, -71.0854246 42.347563)"
15156,4811,3974,0.181314,0.25,2.0,2600.0,2600.0,"LINESTRING (-71.0854246 42.347563, -71.0850488 42.3467956)"
15157,4811,4456,0.075014,0.25,2.0,2600.0,2600.0,"LINESTRING (-71.0854246 42.347563, -71.0855621 42.3478846)"
15158,4456,5446,0.0355893333333333,0.25,2.0,8000.0,8000.0,"LINESTRING (-71.0855621 42.3478846, -71.0852582 42.3479681)"
15159,4456,4811,0.075014,0.25,2.0,2600.0,2600.0,"LINESTRING (-71.0855621 42.3478846, -71.0854246 42.347563)"
15160,1747,1749,0.08443,0.25,2.0,2600.0,2600.0,"LINESTRING (-71.0833812 42.345905, -71.0828765 42.3458414)"
15161,1749,1747,0.08443,0.25,2.0,2600.0,2600.0,"LINESTRING (-71.0828765 42.3458414, -71.0833812 42.345905)"
15162,339,340,0.2287173333333333,0.25,2.0,8000.0,8000.0,"LINESTRING (-71.0835361 42.3524479, -71.0854923 42.3519191)"
15163,341,342,0.227956,0.25,2.0,8000.0,8000.0,"LINESTRING (-71.0827558 42.3508551, -71.0847083 42.3503329)"
15164,3651,3863,0.341618,0.25,2.0,2600.0,2600.0,"LINESTRING (-71.0821867 42.3496965, -71.0841334 42.3491666)"
15165,4111,337,0.2275893333333333,0.25,2.0,8000.0,8000.0,"LINESTRING (-71.0845374 42.3499816, -71.0825908 42.3505089)"
15174,3863,3864,0.267222,0.25,2.0,2600.0,2600.0,"LINESTRING (-71.0841334 42.3491666, -71.0856545 42.3487503)"
15175,4110,4111,0.1769173333333333,0.25,2.0,8000.0,8000.0,"LINESTRING (-71.0860519 42.3495769, -71.0845374 42.3499816)"
15176,3864,4110,0.195082,0.25,2.0,2600.0,2600.0,"LINESTRING (-71.0856545 42.3487503, -71.0860519 42.3495769)"
15189,1111,1113,0.2439333333333333,0.25,2.0,8000.0,8000.0,"LINESTRING (-71.080319 42.339334, -71.0816886 42.3406296)"
15190,2270,2272,0.0761213333333333,0.25,2.0,8000.0,8000.0,"LINESTRING (-71.0778717 42.3437333, -71.0783374 42.3433522)"
15191,2272,2270,0.0761213333333333,0.25,2.0,8000.0,8000.0,"LINESTRING (-71.0783374 42.3433522, -71.0778717 42.3437333)"
15192,1128,1314,0.172492,0.25,2.0,8000.0,8000.0,"LINESTRING (-71.078072 42.337332, -71.0770365 42.336457)"
15193,4238,1112,0.241404,0.25,2.0,8000.0,8000.0,"LINESTRING (-71.0817757 42.3405594, -71.0804089 42.3392833)"
15194,4972,4973,0.157022,0.25,2.0,2600.0,2600.0,"LINESTRING (-71.0772967 42.3409288, -71.078074 42.34052)"
15195,4973,4972,0.157022,0.25,2.0,2600.0,2600.0,"LINESTRING (-71.078074 42.34052, -71.0772967 42.3409288)"
15196,4982,1127,0.146592,0.25,2.0,2600.0,2600.0,"LINESTRING (-71.0773394 42.3378268, -71.078003 42.337388)"
15197,2824,1127,0.17296,0.25,2.0,8000.0,8000.0,"LINESTRING (-71.0769468 42.3365215, -71.078003 42.337388)"
15198,5042,4973,0.150246,0.25,2.0,2600.0,2600.0,"LINESTRING (-71.0788123 42.3401231, -71.078074 42.34052)"
15199,4973,5042,0.150246,0.25,2.0,2600.0,2600.0,"LINESTRING (-71.078074 42.34052, -71.0788123 42.3401231)"
152,2478,2475,0.384982,0.25,2.0,2600.0,2600.0,"LINESTRING (-71.1030584 42.3369802, -71.1009841 42.336183)"
15226,1111,1117,0.145532,0.25,2.0,2600.0,2600.0,"LINESTRING (-71.080319 42.339334, -71.079595 42.339709)"
15227,1117,1111,0.145532,0.25,2.0,2600.0,2600.0,"LINESTRING (-71.079595 42.339709, -71.080319 42.339334)"
15228,1127,1111,0.3844866666666666,0.25,2.0,8000.0,8000.0,"LINESTRING (-71.078003 42.337388, -71.080319 42.339334)"
15229,1112,1128,0.3865706666666667,0.25,2.0,8000.0,8000.0,"LINESTRING (-71.0804089 42.3392833, -71.078072 42.337332)"
15230,407,1862,0.59417,0.25,2.0,2600.0,2600.0,"LINESTRING (-71.0787192 42.3369055, -71.0811289 42.3388951)"
15231,1111,1112,0.018666,0.25,2.0,2600.0,2600.0,"LINESTRING (-71.080319 42.339334, -71.0804089 42.3392833)"
15232,1112,1111,0.018666,0.25,2.0,2600.0,2600.0,"LINESTRING (-71.0804089 42.3392833, -71.080319 42.339334)"
15233,1862,1112,0.146672,0.25,2.0,2600.0,2600.0,"LINESTRING (-71.0811289 42.3388951, -71.0804089 42.3392833)"
15234,1112,1862,0.146672,0.25,2.0,2600.0,2600.0,"LINESTRING (-71.0804089 42.3392833, -71.0811289 42.3388951)"
15235,1128,406,0.067046,0.25,2.0,2600.0,2600.0,"LINESTRING (-71.078072 42.337332, -71.078368 42.337125)"
15236,407,5036,0.120002,0.25,2.0,2600.0,2600.0,"LINESTRING (-71.0787192 42.3369055, -71.0792629 42.3365467)"
15237,406,407,0.075592,0.25,2.0,2600.0,2600.0,"LINESTRING (-71.078368 42.337125, -71.0787192 42.3369055)"
15238,410,407,0.14812,0.25,2.0,2600.0,2600.0,"LINESTRING (-71.0781233 42.3364065, -71.0787192 42.3369055)"
15239,1127,1128,0.016856,0.25,2.0,2600.0,2600.0,"LINESTRING (-71.078003 42.337388, -71.078072 42.337332)"
15240,5042,1117,0.158472,0.25,2.0,2600.0,2600.0,"LINESTRING (-71.0788123 42.3401231, -71.079595 42.339709)"
15241,1117,5042,0.158472,0.25,2.0,2600.0,2600.0,"LINESTRING (-71.079595 42.339709, -71.0788123 42.3401231)"
15242,4616,4628,0.1055373333333333,0.25,2.0,8000.0,8000.0,"LINESTRING (-71.0791719 42.3426742, -71.0798203 42.3421475)"
15243,4628,4616,0.1055373333333333,0.25,2.0,8000.0,8000.0,"LINESTRING (-71.0798203 42.3421475, -71.0791719 42.3426742)"
15244,4628,4967,0.105464,0.25,2.0,8000.0,8000.0,"LINESTRING (-71.0798203 42.3421475, -71.0804675 42.3416216)"
15245,4967,4628,0.105464,0.25,2.0,8000.0,8000.0,"LINESTRING (-71.0804675 42.3416216, -71.0798203 42.3421475)"
15254,4967,4969,0.103452,0.25,2.0,8000.0,8000.0,"LINESTRING (-71.0804675 42.3416216, -71.0811064 42.3411093)"
15255,4969,4967,0.103452,0.25,2.0,8000.0,8000.0,"LINESTRING (-71.0811064 42.3411093, -71.0804675 42.3416216)"
15262,1113,4969,0.095584,0.25,2.0,8000.0,8000.0,"LINESTRING (-71.0816886 42.3406296, -71.0811064 42.3411093)"
15263,4969,1113,0.095584,0.25,2.0,8000.0,8000.0,"LINESTRING (-71.0811064 42.3411093, -71.0816886 42.3406296)"
15264,4238,1113,0.0142119999999999,0.25,2.0,8000.0,8000.0,"LINESTRING (-71.0817757 42.3405594, -71.0816886 42.3406296)"
15265,1113,4238,0.0142119999999999,0.25,2.0,8000.0,8000.0,"LINESTRING (-71.0816886 42.3406296, -71.0817757 42.3405594)"
15268,4247,4616,0.1041053333333333,0.25,2.0,8000.0,8000.0,"LINESTRING (-71.0785329 42.3431933, -71.0791719 42.3426742)"
15269,4616,4247,0.1041053333333333,0.25,2.0,8000.0,8000.0,"LINESTRING (-71.0791719 42.3426742, -71.0785329 42.3431933)"
15270,2272,4247,0.0319106666666666,0.25,2.0,8000.0,8000.0,"LINESTRING (-71.0783374 42.3433522, -71.0785329 42.3431933)"
15271,4247,2272,0.0319106666666666,0.25,2.0,8000.0,8000.0,"LINESTRING (-71.0785329 42.3431933, -71.0783374 42.3433522)"
15272,3602,3603,0.155964,0.25,2.0,2600.0,2600.0,"LINESTRING (-71.074288 42.338421, -71.0749632 42.3379292)"
15273,3603,3602,0.155964,0.25,2.0,2600.0,2600.0,"LINESTRING (-71.0749632 42.3379292, -71.074288 42.338421)"
15274,4983,4984,0.154792,0.25,2.0,2600.0,2600.0,"LINESTRING (-71.076316 42.33697, -71.075647 42.337459)"
15275,4984,4983,0.154792,0.25,2.0,2600.0,2600.0,"LINESTRING (-71.075647 42.337459, -71.076316 42.33697)"
15276,5319,5034,0.077164,0.25,2.0,2600.0,2600.0,"LINESTRING (-71.0762858 42.3385143, -71.0766383 42.3382851)"
15277,5321,5320,0.080464,0.25,2.0,2600.0,2600.0,"LINESTRING (-71.0755779 42.3389712, -71.0759462 42.338733)"
15294,4983,2824,0.143954,0.25,2.0,2600.0,2600.0,"LINESTRING (-71.076316 42.33697, -71.0769468 42.3365215)"
15295,2824,4983,0.143954,0.25,2.0,2600.0,2600.0,"LINESTRING (-71.0769468 42.3365215, -71.076316 42.33697)"
15296,5034,4982,0.153956,0.25,2.0,2600.0,2600.0,"LINESTRING (-71.0766383 42.3382851, -71.0773394 42.3378268)"
15297,1314,2824,0.020584,0.25,2.0,2600.0,2600.0,"LINESTRING (-71.0770365 42.336457, -71.0769468 42.3365215)"
15298,2824,1314,0.020584,0.25,2.0,2600.0,2600.0,"LINESTRING (-71.0769468 42.3365215, -71.0770365 42.336457)"
15303,5320,5319,0.074212,0.25,2.0,2600.0,2600.0,"LINESTRING (-71.0759462 42.338733, -71.0762858 42.3385143)"
15304,3603,4984,0.153664,0.25,2.0,2600.0,2600.0,"LINESTRING (-71.0749632 42.3379292, -71.075647 42.337459)"
15305,4984,3603,0.153664,0.25,2.0,2600.0,2600.0,"LINESTRING (-71.075647 42.337459, -71.0749632 42.3379292)"
15306,4962,5041,0.15041,0.25,2.0,2600.0,2600.0,"LINESTRING (-71.0745554 42.3396564, -71.0752325 42.3392022)"
15307,5041,5321,0.076718,0.25,2.0,2600.0,2600.0,"LINESTRING (-71.0752325 42.3392022, -71.0755779 42.3389712)"
15308,4961,4962,0.124664,0.25,2.0,2600.0,2600.0,"LINESTRING (-71.074006 42.340042, -71.0745554 42.3396564)"
15309,4562,4710,0.124424,0.25,2.0,2600.0,2600.0,"LINESTRING (-71.0753389 42.3419967, -71.0759467 42.3416651)"
15310,4710,4562,0.124424,0.25,2.0,2600.0,2600.0,"LINESTRING (-71.0759467 42.3416651, -71.0753389 42.3419967)"
15321,4710,4968,0.124032,0.25,2.0,2600.0,2600.0,"LINESTRING (-71.0759467 42.3416651, -71.0765562 42.3413374)"
15322,4968,4710,0.124032,0.25,2.0,2600.0,2600.0,"LINESTRING (-71.0765562 42.3413374, -71.0759467 42.3416651)"
15323,4968,4972,0.152088,0.25,2.0,2600.0,2600.0,"LINESTRING (-71.0765562 42.3413374, -71.0772967 42.3409288)"
15324,4972,4968,0.152088,0.25,2.0,2600.0,2600.0,"LINESTRING (-71.0772967 42.3409288, -71.0765562 42.3413374)"
15325,2270,2271,0.1112306666666666,0.25,2.0,8000.0,8000.0,"LINESTRING (-71.0778717 42.3437333, -71.0771875 42.3442863)"
15326,2271,2270,0.1112306666666666,0.25,2.0,8000.0,8000.0,"LINESTRING (-71.0771875 42.3442863, -71.0778717 42.3437333)"
15327,2278,4562,0.149982,0.25,2.0,2600.0,2600.0,"LINESTRING (-71.074601 42.342392, -71.0753389 42.3419967)"
15328,4562,2278,0.149982,0.25,2.0,2600.0,2600.0,"LINESTRING (-71.0753389 42.3419967, -71.074601 42.342392)"
15333,4970,2280,0.175798,0.25,2.0,2600.0,2600.0,"LINESTRING (-71.0744752 42.3443013, -71.074108 42.343558)"
15334,2280,4970,0.175798,0.25,2.0,2600.0,2600.0,"LINESTRING (-71.074108 42.343558, -71.0744752 42.3443013)"
15335,1813,1814,0.35175,0.25,2.0,13200.0,13200.0,"LINESTRING (-71.0771481 42.349076, -71.0810576 42.3478053)"
15336,1813,1815,0.1771693333333333,0.25,2.0,8000.0,8000.0,"LINESTRING (-71.0771481 42.349076, -71.0782207 42.3481833)"
15337,1948,1953,0.079476,0.25,2.0,8000.0,8000.0,"LINESTRING (-71.0743726 42.3489614, -71.0741214 42.3484576)"
15338,2173,2174,0.322612,0.25,2.0,13200.0,13200.0,"LINESTRING (-71.0810451 42.3476739, -71.077347 42.3467203)"
15339,2854,2863,0.2504013333333333,0.25,2.0,8000.0,8000.0,"LINESTRING (-71.0781405 42.3517073, -71.0759979 42.3522852)"
15340,2174,2849,0.306606,0.25,2.0,13200.0,13200.0,"LINESTRING (-71.077347 42.3467203, -71.0809619 42.3460658)"
15341,3754,3755,0.182148,0.25,2.0,2600.0,2600.0,"LINESTRING (-71.0791057 42.3487047, -71.0787299 42.3479338)"
15342,3876,3877,0.077018,0.25,2.0,2600.0,2600.0,"LINESTRING (-71.0764202 42.3483129, -71.0766032 42.3486323)"
15343,3876,3878,0.1215026666666666,0.25,2.0,8000.0,8000.0,"LINESTRING (-71.0764202 42.3483129, -71.0753866 42.3486057)"
15344,3884,3489,0.0984586666666666,0.25,2.0,8000.0,8000.0,"LINESTRING (-71.0779367 42.347965, -71.0770788 42.3481571)"
15345,3718,3877,0.102542,0.25,2.0,2600.0,2600.0,"LINESTRING (-71.0768521 42.3482085, -71.0766032 42.3486323)"
15346,3647,1203,0.2517546666666667,0.25,2.0,8000.0,8000.0,"LINESTRING (-71.0795006 42.3495151, -71.077345 42.3500907)"
15347,2996,2855,0.2501933333333333,0.25,2.0,8000.0,8000.0,"LINESTRING (-71.0761697 42.3526346, -71.0783103 42.352057)"
15348,1204,2854,0.19153,0.25,2.0,2600.0,2600.0,"LINESTRING (-71.0777416 42.3508973, -71.0781405 42.3517073)"
15349,1204,3646,0.377766,0.25,2.0,2600.0,2600.0,"LINESTRING (-71.0777416 42.3508973, -71.0798941 42.3503114)"
15378,1811,1801,0.111736,0.25,2.0,8000.0,8000.0,"LINESTRING (-71.080312 42.346394, -71.0796131 42.3469422)"
15379,2848,2849,0.2000546666666666,0.25,2.0,8000.0,8000.0,"LINESTRING (-71.0796992 42.3470387, -71.0809619 42.3460658)"
15388,1808,1810,0.1739,0.25,2.0,2600.0,2600.0,"LINESTRING (-71.0816947 42.3453377, -71.0809158 42.3448098)"
15389,1810,1808,0.1739,0.25,2.0,2600.0,2600.0,"LINESTRING (-71.0809158 42.3448098, -71.0816947 42.3453377)"
15390,1808,1811,0.2180573333333333,0.25,2.0,8000.0,8000.0,"LINESTRING (-71.0816947 42.3453377, -71.080312 42.346394)"
15391,2849,1809,0.133852,0.25,2.0,8000.0,8000.0,"LINESTRING (-71.0809619 42.3460658, -71.0818136 42.3454203)"
15392,1808,1809,0.026768,0.25,2.0,2600.0,2600.0,"LINESTRING (-71.0816947 42.3453377, -71.0818136 42.3454203)"
15393,1809,1808,0.026768,0.25,2.0,2600.0,2600.0,"LINESTRING (-71.0818136 42.3454203, -71.0816947 42.3453377)"
15394,1801,1802,0.1537693333333333,0.25,2.0,8000.0,8000.0,"LINESTRING (-71.0796131 42.3469422, -71.0786576 42.3477007)"
15395,1806,1807,0.0511893333333333,0.25,2.0,8000.0,8000.0,"LINESTRING (-71.0786907 42.347854, -71.0790212 42.3476095)"
15396,1807,4548,0.06738,0.25,2.0,8000.0,8000.0,"LINESTRING (-71.0790212 42.3476095, -71.0794297 42.3472714)"
154,2770,2772,0.79295,0.25,2.0,2600.0,2600.0,"LINESTRING (-71.057091 42.3372917, -71.0570314 42.3337231)"
15415,4548,2848,0.0453226666666666,0.25,2.0,8000.0,8000.0,"LINESTRING (-71.0794297 42.3472714, -71.0796992 42.3470387)"
15416,1815,3884,0.0448999999999999,0.25,2.0,8000.0,8000.0,"LINESTRING (-71.0782207 42.3481833, -71.0779367 42.347965)"
15417,1815,1806,0.0709973333333333,0.25,2.0,8000.0,8000.0,"LINESTRING (-71.0782207 42.3481833, -71.0786907 42.347854)"
15418,1802,3884,0.0883373333333333,0.25,2.0,8000.0,8000.0,"LINESTRING (-71.0786576 42.3477007, -71.0779367 42.347965)"
15419,1806,1802,0.034422,0.25,2.0,2600.0,2600.0,"LINESTRING (-71.0786907 42.347854, -71.0786576 42.3477007)"
15420,1802,1806,0.034422,0.25,2.0,2600.0,2600.0,"LINESTRING (-71.0786576 42.3477007, -71.0786907 42.347854)"
15421,3755,1806,0.0189,0.25,2.0,2600.0,2600.0,"LINESTRING (-71.0787299 42.3479338, -71.0786907 42.347854)"
15422,2855,1077,0.2518933333333333,0.25,2.0,8000.0,8000.0,"LINESTRING (-71.0783103 42.352057, -71.0804638 42.3514736)"
15423,338,2854,0.2513853333333333,0.25,2.0,8000.0,8000.0,"LINESTRING (-71.0802923 42.3511299, -71.0781405 42.3517073)"
15424,338,3646,0.193408,0.25,2.0,2600.0,2600.0,"LINESTRING (-71.0802923 42.3511299, -71.0798941 42.3503114)"
15425,4130,3647,0.148948,0.25,2.0,8000.0,8000.0,"LINESTRING (-71.080775 42.3491705, -71.0795006 42.3495151)"
15426,322,4130,0.118612,0.25,2.0,8000.0,8000.0,"LINESTRING (-71.0817887 42.3488963, -71.080775 42.3491705)"
15427,1076,1077,0.191168,0.25,2.0,2600.0,2600.0,"LINESTRING (-71.0808635 42.352282, -71.0804638 42.3514736)"
15428,1077,338,0.08151,0.25,2.0,2600.0,2600.0,"LINESTRING (-71.0804638 42.3514736, -71.0802923 42.3511299)"
15429,3646,3647,0.188326,0.25,2.0,2600.0,2600.0,"LINESTRING (-71.0798941 42.3503114, -71.0795006 42.3495151)"
15430,3647,3754,0.19136,0.25,2.0,2600.0,2600.0,"LINESTRING (-71.0795006 42.3495151, -71.0791057 42.3487047)"
15431,2854,2855,0.082648,0.25,2.0,2600.0,2600.0,"LINESTRING (-71.0781405 42.3517073, -71.0783103 42.352057)"
15432,3531,4131,0.225746,0.25,2.0,2600.0,2600.0,"LINESTRING (-71.0752459 42.3458637, -71.0757142 42.3468187)"
15433,4131,3531,0.225746,0.25,2.0,2600.0,2600.0,"LINESTRING (-71.0757142 42.3468187, -71.0752459 42.3458637)"
15434,3531,4132,0.0975306666666666,0.25,2.0,8000.0,8000.0,"LINESTRING (-71.0752459 42.3458637, -71.0758447 42.3453776)"
15435,4132,3531,0.0975306666666666,0.25,2.0,8000.0,8000.0,"LINESTRING (-71.0758447 42.3453776, -71.0752459 42.3458637)"
15436,4131,3876,0.351708,0.25,2.0,2600.0,2600.0,"LINESTRING (-71.0757142 42.3468187, -71.0764202 42.3483129)"
15437,3718,4131,0.36129,0.25,2.0,2600.0,2600.0,"LINESTRING (-71.0768521 42.3482085, -71.0757142 42.3468187)"
15456,4132,4846,0.1089866666666666,0.25,2.0,8000.0,8000.0,"LINESTRING (-71.0758447 42.3453776, -71.0765129 42.3448344)"
15457,4846,4132,0.1089866666666666,0.25,2.0,8000.0,8000.0,"LINESTRING (-71.0765129 42.3448344, -71.0758447 42.3453776)"
15458,2174,3489,0.161142,0.25,2.0,13200.0,13200.0,"LINESTRING (-71.077347 42.3467203, -71.0770788 42.3481571)"
15459,3489,3718,0.0261013333333333,0.25,2.0,8000.0,8000.0,"LINESTRING (-71.0770788 42.3481571, -71.0768521 42.3482085)"
15460,3718,3876,0.0498973333333333,0.25,2.0,8000.0,8000.0,"LINESTRING (-71.0768521 42.3482085, -71.0764202 42.3483129)"
15461,3529,3530,0.103392,0.25,2.0,2600.0,2600.0,"LINESTRING (-71.075095 42.3455496, -71.074872 42.3451154)"
15462,3530,3529,0.103392,0.25,2.0,2600.0,2600.0,"LINESTRING (-71.074872 42.3451154, -71.075095 42.3455496)"
15463,3530,4451,0.077006,0.25,2.0,2600.0,2600.0,"LINESTRING (-71.074872 42.3451154, -71.0747173 42.3447884)"
15464,4451,3530,0.077006,0.25,2.0,2600.0,2600.0,"LINESTRING (-71.0747173 42.3447884, -71.074872 42.3451154)"
15465,3531,4133,0.0389413333333333,0.25,2.0,8000.0,8000.0,"LINESTRING (-71.0752459 42.3458637, -71.0750007 42.3460542)"
15466,4133,3531,0.0389413333333333,0.25,2.0,8000.0,8000.0,"LINESTRING (-71.0750007 42.3460542, -71.0752459 42.3458637)"
15467,3529,3531,0.074064,0.25,2.0,2600.0,2600.0,"LINESTRING (-71.075095 42.3455496, -71.0752459 42.3458637)"
15468,3531,3529,0.074064,0.25,2.0,2600.0,2600.0,"LINESTRING (-71.0752459 42.3458637, -71.075095 42.3455496)"
15469,1203,1204,0.190638,0.25,2.0,2600.0,2600.0,"LINESTRING (-71.077345 42.3500907, -71.0777416 42.3508973)"
15470,1203,1209,0.2505093333333333,0.25,2.0,8000.0,8000.0,"LINESTRING (-71.077345 42.3500907, -71.0752018 42.3506693)"
15471,1947,1889,0.1230599999999999,0.25,2.0,8000.0,8000.0,"LINESTRING (-71.0748082 42.349859, -71.0758712 42.3495972)"
15472,2863,2881,0.190902,0.25,2.0,2600.0,2600.0,"LINESTRING (-71.0759979 42.3522852, -71.0755997 42.3514778)"
15473,1209,1947,0.127536,0.25,2.0,8000.0,8000.0,"LINESTRING (-71.0752018 42.3506693, -71.0748082 42.349859)"
15474,2881,1204,0.375834,0.25,2.0,2600.0,2600.0,"LINESTRING (-71.0755997 42.3514778, -71.0777416 42.3508973)"
15489,1889,1890,0.126524,0.25,2.0,8000.0,8000.0,"LINESTRING (-71.0758712 42.3495972, -71.076931 42.3492626)"
15490,1890,1203,0.196192,0.25,2.0,2600.0,2600.0,"LINESTRING (-71.076931 42.3492626, -71.077345 42.3500907)"
15491,4181,1813,0.100352,0.25,2.0,2600.0,2600.0,"LINESTRING (-71.0766878 42.3487797, -71.0771481 42.349076)"
15492,4181,1890,0.114532,0.25,2.0,2600.0,2600.0,"LINESTRING (-71.0766878 42.3487797, -71.076931 42.3492626)"
15493,1890,1813,0.0365426666666666,0.25,2.0,8000.0,8000.0,"LINESTRING (-71.076931 42.3492626, -71.0771481 42.349076)"
15494,3877,4181,0.035738,0.25,2.0,2600.0,2600.0,"LINESTRING (-71.0766032 42.3486323, -71.0766878 42.3487797)"
15495,2996,2863,0.08276,0.25,2.0,2600.0,2600.0,"LINESTRING (-71.0761697 42.3526346, -71.0759979 42.3522852)"
15496,1947,1948,0.1413253333333333,0.25,2.0,8000.0,8000.0,"LINESTRING (-71.0748082 42.349859, -71.0743726 42.3489614)"
15497,3878,1948,0.1231853333333333,0.25,2.0,8000.0,8000.0,"LINESTRING (-71.0753866 42.3486057, -71.0743726 42.3489614)"
155,2772,2770,0.79295,0.25,2.0,2600.0,2600.0,"LINESTRING (-71.0570314 42.3337231, -71.057091 42.3372917)"
15502,2881,1209,0.19132,0.25,2.0,2600.0,2600.0,"LINESTRING (-71.0755997 42.3514778, -71.0752018 42.3506693)"
15503,3043,2820,0.224054,0.25,2.0,13200.0,13200.0,"LINESTRING (-71.079818 42.3541717, -71.077213 42.3547514)"
15504,3043,3038,0.330652,0.25,2.0,13200.0,13200.0,"LINESTRING (-71.079818 42.3541717, -71.0760917 42.3552779)"
15505,2821,971,0.254,0.25,2.0,8000.0,8000.0,"LINESTRING (-71.0769453 42.354224, -71.079118 42.3536377)"
15514,971,972,0.2507066666666667,0.25,2.0,8000.0,8000.0,"LINESTRING (-71.079118 42.3536377, -71.0812627 42.3530596)"
15515,2871,971,0.18372,0.25,2.0,2600.0,2600.0,"LINESTRING (-71.0787292 42.3528633, -71.079118 42.3536377)"
15516,2450,2451,0.190795,0.25,2.0,13200.0,13200.0,"LINESTRING (-71.0750529 42.3553333, -71.0773323 42.3550278)"
15517,2820,2821,0.12513,0.25,2.0,2600.0,2600.0,"LINESTRING (-71.077213 42.3547514, -71.0769453 42.354224)"
15518,3033,3188,0.183512,0.25,2.0,2600.0,2600.0,"LINESTRING (-71.0744118 42.3540267, -71.0747905 42.3548037)"
15519,3188,2821,0.2518359999999999,0.25,2.0,8000.0,8000.0,"LINESTRING (-71.0747905 42.3548037, -71.0769453 42.354224)"
15532,2821,2995,0.184502,0.25,2.0,2600.0,2600.0,"LINESTRING (-71.0769453 42.354224, -71.0765683 42.3534421)"
15537,3032,3033,0.192098,0.25,2.0,2600.0,2600.0,"LINESTRING (-71.0740146 42.3532141, -71.0744118 42.3540267)"
15538,2882,3032,0.08187,0.25,2.0,2600.0,2600.0,"LINESTRING (-71.073844 42.3528677, -71.0740146 42.3532141)"
15539,3188,2450,0.125258,0.25,2.0,2600.0,2600.0,"LINESTRING (-71.0747905 42.3548037, -71.0750529 42.3553333)"
15540,2414,4170,0.2811946666666666,0.25,2.0,8000.0,8000.0,"LINESTRING (-71.0772427 42.3857683, -71.0751846 42.3846379)"
15541,5048,5289,0.1521613333333333,0.25,2.0,8000.0,8000.0,"LINESTRING (-71.0750327 42.3850645, -71.0761368 42.3856861)"
15550,1435,4144,0.409404,0.25,2.0,2600.0,2600.0,"LINESTRING (-71.0762553 42.383262, -71.0785172 42.3824982)"
15551,4144,1435,0.409404,0.25,2.0,2600.0,2600.0,"LINESTRING (-71.0785172 42.3824982, -71.0762553 42.383262)"
15552,5012,5013,0.189566,0.25,2.0,2600.0,2600.0,"LINESTRING (-71.0808776 42.3821495, -71.0797425 42.3822865)"
15553,5013,5012,0.189566,0.25,2.0,2600.0,2600.0,"LINESTRING (-71.0797425 42.3822865, -71.0808776 42.3821495)"
15554,4144,5107,0.124526,0.25,2.0,2600.0,2600.0,"LINESTRING (-71.0785172 42.3824982, -71.0792417 42.3823385)"
15555,5107,4144,0.124526,0.25,2.0,2600.0,2600.0,"LINESTRING (-71.0792417 42.3823385, -71.0785172 42.3824982)"
15556,5540,5107,0.057284,0.25,2.0,2600.0,2600.0,"LINESTRING (-71.079586 42.3823008, -71.0792417 42.3823385)"
15557,5107,5540,0.057284,0.25,2.0,2600.0,2600.0,"LINESTRING (-71.0792417 42.3823385, -71.079586 42.3823008)"
15558,5013,5540,0.025882,0.25,2.0,2600.0,2600.0,"LINESTRING (-71.0797425 42.3822865, -71.079586 42.3823008)"
15559,5540,5013,0.025882,0.25,2.0,2600.0,2600.0,"LINESTRING (-71.079586 42.3823008, -71.0797425 42.3822865)"
15560,1433,1435,0.157158,0.25,2.0,2600.0,2600.0,"LINESTRING (-71.0753958 42.3835702, -71.0762553 42.383262)"
15561,1435,1433,0.157158,0.25,2.0,2600.0,2600.0,"LINESTRING (-71.0762553 42.383262, -71.0753958 42.3835702)"
15562,1434,4222,0.2339,0.25,2.0,2600.0,2600.0,"LINESTRING (-71.0752489 42.383626, -71.0739132 42.3839834)"
15563,4195,5048,0.1395053333333333,0.25,2.0,8000.0,8000.0,"LINESTRING (-71.073839 42.3847426, -71.0750327 42.3850645)"
15564,5047,5049,0.075232,0.25,2.0,8000.0,8000.0,"LINESTRING (-71.0739702 42.3844848, -71.0743096 42.3840436)"
15565,5047,4222,0.0746133333333333,0.25,2.0,8000.0,8000.0,"LINESTRING (-71.0739702 42.3844848, -71.0739132 42.3839834)"
15566,4170,5049,0.1302693333333333,0.25,2.0,8000.0,8000.0,"LINESTRING (-71.0751846 42.3846379, -71.0743096 42.3840436)"
15567,5049,1434,0.180394,0.25,2.0,2600.0,2600.0,"LINESTRING (-71.0743096 42.3840436, -71.0752489 42.383626)"
15568,1433,1434,0.027222,0.25,2.0,2600.0,2600.0,"LINESTRING (-71.0753958 42.3835702, -71.0752489 42.383626)"
15569,1434,1433,0.027222,0.25,2.0,2600.0,2600.0,"LINESTRING (-71.0752489 42.383626, -71.0753958 42.3835702)"
15570,5049,4222,0.0445173333333333,0.25,2.0,8000.0,8000.0,"LINESTRING (-71.0743096 42.3840436, -71.0739132 42.3839834)"
15571,4222,4663,0.0144226666666666,0.25,2.0,8000.0,8000.0,"LINESTRING (-71.0739132 42.3839834, -71.0738144 42.3839193)"
15572,4195,5047,0.0408293333333333,0.25,2.0,8000.0,8000.0,"LINESTRING (-71.073839 42.3847426, -71.0739702 42.3844848)"
15581,4196,2413,0.045016,0.25,2.0,2600.0,2600.0,"LINESTRING (-71.0775906 42.3858659, -71.0773348 42.3857947)"
15582,2413,2414,0.016296,0.25,2.0,2600.0,2600.0,"LINESTRING (-71.0773348 42.3857947, -71.0772427 42.3857683)"
15583,5289,5290,0.0787933333333333,0.25,2.0,8000.0,8000.0,"LINESTRING (-71.0761368 42.3856861, -71.076591 42.3860977)"
15584,947,948,0.055588,0.25,2.0,2600.0,2600.0,"LINESTRING (-71.0573218 42.3616868, -71.0575896 42.361535)"
15585,948,947,0.055588,0.25,2.0,2600.0,2600.0,"LINESTRING (-71.0575896 42.361535, -71.0573218 42.3616868)"
15586,1020,1022,0.12513,0.25,2.0,2600.0,2600.0,"LINESTRING (-71.0575887 42.353411, -71.0568689 42.3532315)"
15587,1022,1020,0.12513,0.25,2.0,2600.0,2600.0,"LINESTRING (-71.0568689 42.3532315, -71.0575887 42.353411)"
15588,1253,1254,0.231106,0.25,2.0,2600.0,2600.0,"LINESTRING (-71.0642375 42.3533846, -71.064556 42.3523719)"
15589,1065,1387,0.0408533333333333,0.25,2.0,8000.0,8000.0,"LINESTRING (-71.0674872 42.3525186, -71.067575 42.3527872)"
15590,1487,1488,0.07901,0.25,2.0,2600.0,2600.0,"LINESTRING (-71.0573423 42.3554387, -71.0575027 42.3551036)"
15591,1488,1487,0.07901,0.25,2.0,2600.0,2600.0,"LINESTRING (-71.0575027 42.3551036, -71.0573423 42.3554387)"
15592,1487,1492,0.104634,0.25,2.0,2600.0,2600.0,"LINESTRING (-71.0573423 42.3554387, -71.0579722 42.3554982)"
15593,1487,1494,0.121084,0.25,2.0,2600.0,2600.0,"LINESTRING (-71.0573423 42.3554387, -71.0580756 42.3554133)"
15594,1816,1387,0.193204,0.25,2.0,8000.0,8000.0,"LINESTRING (-71.0691922 42.3522739, -71.067575 42.3527872)"
15595,2030,2033,0.169374,0.25,2.0,2600.0,2600.0,"LINESTRING (-71.0568043 42.3588803, -71.0578304 42.3588328)"
15596,2048,2050,0.346134,0.25,2.0,2600.0,2600.0,"LINESTRING (-71.0484087 42.3531322, -71.0466711 42.3522566)"
15597,2048,2052,0.38598,0.25,2.0,2600.0,2600.0,"LINESTRING (-71.0484087 42.3531322, -71.0495583 42.3516179)"
15598,2052,2048,0.38598,0.25,2.0,2600.0,2600.0,"LINESTRING (-71.0495583 42.3516179, -71.0484087 42.3531322)"
15599,2170,2172,0.937269,0.25,2.0,13200.0,13200.0,"LINESTRING (-71.0627832 42.3466799, -71.0514905 42.3476898)"
156,2822,2824,0.304608,0.25,2.0,8000.0,8000.0,"LINESTRING (-71.0750961 42.3349908, -71.0769468 42.3365215)"
15600,2189,2166,0.2069466666666666,0.25,2.0,8000.0,8000.0,"LINESTRING (-71.056257 42.3529172, -71.0579946 42.3523784)"
15601,2189,2191,0.152968,0.25,2.0,2600.0,2600.0,"LINESTRING (-71.056257 42.3529172, -71.0554434 42.3525863)"
15602,2254,2255,0.157658,0.25,2.0,2600.0,2600.0,"LINESTRING (-71.0611435 42.3525241, -71.0607 42.3531531)"
15603,2696,2697,0.13361,0.25,2.0,2600.0,2600.0,"LINESTRING (-71.057507 42.362771, -71.0569466 42.363206)"
15604,2696,2698,0.143072,0.25,2.0,8000.0,8000.0,"LINESTRING (-71.057507 42.362771, -71.0565069 42.3621519)"
15605,2886,2887,0.083064,0.25,2.0,8000.0,8000.0,"LINESTRING (-71.0571994 42.3633766, -71.0576726 42.3638137)"
15606,2921,2922,0.219278,0.25,2.0,2600.0,2600.0,"LINESTRING (-71.0452802 42.3527032, -71.0441536 42.3521768)"
15607,2922,2921,0.219278,0.25,2.0,2600.0,2600.0,"LINESTRING (-71.0441536 42.3521768, -71.0452802 42.3527032)"
15608,2984,2989,0.2459853333333333,0.25,2.0,8000.0,8000.0,"LINESTRING (-71.0536274 42.3536759, -71.0522542 42.3523636)"
15609,2989,2984,0.2459853333333333,0.25,2.0,8000.0,8000.0,"LINESTRING (-71.0522542 42.3523636, -71.0536274 42.3536759)"
15610,2697,3018,0.190398,0.25,2.0,13200.0,13200.0,"LINESTRING (-71.0569466 42.363206, -71.0584049 42.3645361)"
15611,3075,3076,0.285639,0.25,2.0,13200.0,13200.0,"LINESTRING (-71.0584723 42.3640952, -71.0564242 42.3620201)"
15612,3075,3073,0.4799859999999999,0.25,2.0,13200.0,13200.0,"LINESTRING (-71.0584723 42.3640952, -71.0541664 42.361184)"
15613,3117,3119,0.243478,0.25,2.0,13200.0,13200.0,"LINESTRING (-71.0572786 42.3473409, -71.0599903 42.3482132)"
15614,3148,3118,0.361557,0.25,2.0,13200.0,13200.0,"LINESTRING (-71.0586745 42.3465771, -71.0568433 42.3495345)"
15615,3149,3150,0.800748,0.25,2.0,13200.0,13200.0,"LINESTRING (-71.0558522 42.3518403, -71.0515094 42.358289)"
15616,2171,3151,0.442542,0.25,2.0,13200.0,13200.0,"LINESTRING (-71.0603043 42.3463574, -71.0570743 42.3495396)"
15617,3055,3283,0.1242293333333333,0.25,2.0,8000.0,8000.0,"LINESTRING (-71.0710974 42.3526851, -71.0706879 42.3519033)"
15618,3055,3739,0.411694,0.25,2.0,2600.0,2600.0,"LINESTRING (-71.0710974 42.3526851, -71.0734488 42.35206)"
15619,4034,1181,0.082094,0.25,2.0,2600.0,2600.0,"LINESTRING (-71.0578211 42.3567404, -71.0573229 42.3567508)"
15620,1181,4034,0.082094,0.25,2.0,2600.0,2600.0,"LINESTRING (-71.0573229 42.3567508, -71.0578211 42.3567404)"
15621,3526,3151,0.8356746666666667,0.25,2.0,8000.0,8000.0,"LINESTRING (-71.0604907 42.3444993, -71.0570743 42.3495396)"
15622,3525,4070,0.032456,0.25,2.0,8000.0,8000.0,"LINESTRING (-71.057419 42.3429263, -71.0571397 42.3428537)"
15623,4068,4072,0.063846,0.25,2.0,2600.0,2600.0,"LINESTRING (-71.0594329 42.3528086, -71.0593955 42.3525232)"
15624,4113,3162,0.928237,0.25,2.0,13200.0,13200.0,"LINESTRING (-71.0513608 42.3559896, -71.0596067 42.3502956)"
15625,4142,3158,0.452537,0.25,2.0,13200.0,13200.0,"LINESTRING (-71.0571623 42.3526969, -71.060055 42.3492335)"
15626,3168,3098,1.106474,0.25,2.0,13200.0,13200.0,"LINESTRING (-71.0616553 42.3426374, -71.0501069 42.3477204)"
15627,3166,3149,0.4818009999999999,0.25,2.0,13200.0,13200.0,"LINESTRING (-71.0580038 42.3478072, -71.0558522 42.3518403)"
15628,4154,3495,0.2365429999999999,0.25,2.0,13200.0,13200.0,"LINESTRING (-71.0559066 42.3623193, -71.058031 42.363752)"
15629,4154,3018,0.320923,0.25,2.0,13200.0,13200.0,"LINESTRING (-71.0559066 42.3623193, -71.0584049 42.3645361)"
15630,3491,3070,0.323397,0.25,2.0,13200.0,13200.0,"LINESTRING (-71.0579016 42.3633636, -71.0541935 42.3624099)"
15631,3491,3073,0.391613,0.25,2.0,13200.0,13200.0,"LINESTRING (-71.0579016 42.3633636, -71.0541664 42.361184)"
15632,2953,4202,0.52833,0.25,2.0,2600.0,2600.0,"LINESTRING (-71.058525 42.3624242, -71.0572906 42.3602293)"
15633,3151,4165,0.101864,0.25,2.0,2600.0,2600.0,"LINESTRING (-71.0570743 42.3495396, -71.0576468 42.3497119)"
15634,4301,3128,0.747422,0.25,2.0,13200.0,13200.0,"LINESTRING (-71.0519782 42.3593564, -71.0582568 42.3642133)"
15635,4325,4327,0.4934659999999999,0.25,2.0,2600.0,2600.0,"LINESTRING (-71.0528422 42.3514816, -71.0553737 42.3526682)"
15636,2191,4327,0.014316,0.25,2.0,8000.0,8000.0,"LINESTRING (-71.0554434 42.3525863, -71.0553737 42.3526682)"
15637,3513,2048,0.34786,0.25,2.0,2600.0,2600.0,"LINESTRING (-71.0465838 42.3523448, -71.0484087 42.3531322)"
15638,4517,3699,0.030768,0.25,2.0,8000.0,8000.0,"LINESTRING (-71.0572083 42.3432573, -71.0574666 42.3431782)"
15639,3041,3152,1.180409,0.25,2.0,13200.0,13200.0,"LINESTRING (-71.0483372 42.3482859, -71.062511 42.3467439)"
15640,4862,948,0.278942,0.25,2.0,2600.0,2600.0,"LINESTRING (-71.0571626 42.3603195, -71.0575896 42.361535)"
15641,3519,3151,0.160146,0.25,2.0,2600.0,2600.0,"LINESTRING (-71.0580022 42.349754, -71.0570743 42.3495396)"
15642,3749,3142,0.821772,0.25,2.0,2600.0,2600.0,"LINESTRING (-71.0571022 42.3415878, -71.0618035 42.3428209)"
15643,3142,3749,0.821772,0.25,2.0,2600.0,2600.0,"LINESTRING (-71.0618035 42.3428209, -71.0571022 42.3415878)"
15644,2166,2053,0.785944,0.25,2.0,13200.0,13200.0,"LINESTRING (-71.0579946 42.3523784, -71.0513407 42.3574484)"
15645,2166,4254,0.195514,0.25,2.0,2600.0,2600.0,"LINESTRING (-71.0579946 42.3523784, -71.0578562 42.3532515)"
15646,2166,3729,0.152002,0.25,2.0,2600.0,2600.0,"LINESTRING (-71.0579946 42.3523784, -71.0571438 42.3521136)"
15647,4261,3129,0.430923,0.25,2.0,13200.0,13200.0,"LINESTRING (-71.05492 42.3627517, -71.058956 42.3652195)"
15648,4833,5245,0.160654,0.25,2.0,2600.0,2600.0,"LINESTRING (-71.0580876 42.3672426, -71.057398 42.367754)"
15649,5245,4833,0.160654,0.25,2.0,2600.0,2600.0,"LINESTRING (-71.057398 42.367754, -71.0580876 42.3672426)"
15650,5404,1180,0.126902,0.25,2.0,2600.0,2600.0,"LINESTRING (-71.058094 42.357663, -71.057332 42.35758)"
15651,2545,1997,0.15732,0.25,2.0,2600.0,2600.0,"LINESTRING (-71.0625912 42.3523923, -71.062537 42.353099)"
15652,4070,3699,0.0599466666666666,0.25,2.0,8000.0,8000.0,"LINESTRING (-71.0571397 42.3428537, -71.0574666 42.3431782)"
157,2868,2869,0.059034,0.25,2.0,2600.0,2600.0,"LINESTRING (-71.044377 42.336374, -71.0446256 42.3361827)"
158,2869,2868,0.059034,0.25,2.0,2600.0,2600.0,"LINESTRING (-71.0446256 42.3361827, -71.044377 42.336374)"
15861,672,673,0.251758,0.25,2.0,2600.0,2600.0,"LINESTRING (-71.0659884 42.3439571, -71.065351 42.344987)"
15862,673,672,0.251758,0.25,2.0,2600.0,2600.0,"LINESTRING (-71.065351 42.344987, -71.0659884 42.3439571)"
15863,682,684,0.190764,0.25,2.0,2600.0,2600.0,"LINESTRING (-71.0658557 42.3423234, -71.0650509 42.3429404)"
15864,684,682,0.190764,0.25,2.0,2600.0,2600.0,"LINESTRING (-71.0650509 42.3429404, -71.0658557 42.3423234)"
15865,1066,1067,0.19001,0.25,2.0,2600.0,2600.0,"LINESTRING (-71.0660745 42.3510969, -71.0649214 42.3510876)"
15866,1067,1066,0.19001,0.25,2.0,2600.0,2600.0,"LINESTRING (-71.0649214 42.3510876, -71.0660745 42.3510969)"
15867,1135,672,0.106318,0.25,2.0,2600.0,2600.0,"LINESTRING (-71.0653858 42.3437853, -71.0659884 42.3439571)"
15868,1065,1254,0.484084,0.25,2.0,2600.0,2600.0,"LINESTRING (-71.0674872 42.3525186, -71.064556 42.3523719)"
15869,2615,2616,0.703136,0.25,2.0,13200.0,13200.0,"LINESTRING (-71.064643 42.3472424, -71.0731211 42.3479619)"
15870,2878,2879,0.09822,0.25,2.0,2600.0,2600.0,"LINESTRING (-71.0710541 42.3442865, -71.0705715 42.3445456)"
15871,2879,2878,0.09822,0.25,2.0,2600.0,2600.0,"LINESTRING (-71.0705715 42.3445456, -71.0710541 42.3442865)"
15872,3134,3135,0.400573,0.25,2.0,13200.0,13200.0,"LINESTRING (-71.0606741 42.3442695, -71.0596361 42.347793)"
15873,3134,3132,0.380238,0.25,2.0,13200.0,13200.0,"LINESTRING (-71.0606741 42.3442695, -71.0598062 42.347632)"
15874,3143,3145,0.212511,0.25,2.0,13200.0,13200.0,"LINESTRING (-71.0612333 42.3438532, -71.0602224 42.3456133)"
15875,3143,3135,0.457011,0.25,2.0,13200.0,13200.0,"LINESTRING (-71.0612333 42.3438532, -71.0596361 42.347793)"
15876,2284,3166,0.927596,0.25,2.0,13200.0,13200.0,"LINESTRING (-71.0631585 42.3403832, -71.0580038 42.3478072)"
15877,3487,3145,0.373832,0.25,2.0,13200.0,13200.0,"LINESTRING (-71.0621278 42.3425587, -71.0602224 42.3456133)"
15878,3487,3132,0.595107,0.25,2.0,13200.0,13200.0,"LINESTRING (-71.0621278 42.3425587, -71.0598062 42.347632)"
15879,3144,3526,0.1214933333333333,0.25,2.0,8000.0,8000.0,"LINESTRING (-71.0611286 42.3438294, -71.0604907 42.3444993)"
15880,3119,3156,0.467896,0.25,2.0,13200.0,13200.0,"LINESTRING (-71.0599903 42.3482132, -71.0616515 42.3441847)"
15881,3586,3587,0.222072,0.25,2.0,2600.0,2600.0,"LINESTRING (-71.066494 42.338493, -71.0655145 42.3391794)"
15882,3587,3586,0.222072,0.25,2.0,2600.0,2600.0,"LINESTRING (-71.0655145 42.3391794, -71.066494 42.338493)"
15883,3599,3535,0.179154,0.25,2.0,2600.0,2600.0,"LINESTRING (-71.0723749 42.3448789, -71.0720043 42.3441214)"
15884,1037,3757,0.17653,0.25,2.0,2600.0,2600.0,"LINESTRING (-71.0655366 42.3486287, -71.0665861 42.3487899)"
15885,3757,1037,0.17653,0.25,2.0,2600.0,2600.0,"LINESTRING (-71.0665861 42.3487899, -71.0655366 42.3486287)"
15886,1037,3758,0.212946,0.25,2.0,2600.0,2600.0,"LINESTRING (-71.0655366 42.3486287, -71.0657086 42.3476789)"
15887,3159,3156,0.351462,0.25,2.0,13200.0,13200.0,"LINESTRING (-71.0605559 42.347243, -71.0616515 42.3441847)"
15888,4497,4498,0.227916,0.25,2.0,2600.0,2600.0,"LINESTRING (-71.0640193 42.3444913, -71.0643452 42.3434935)"
15889,4623,3758,0.216092,0.25,2.0,2600.0,2600.0,"LINESTRING (-71.064476 42.3473479, -71.0657086 42.3476789)"
15890,3154,3157,0.4721539999999999,0.25,2.0,13200.0,13200.0,"LINESTRING (-71.0612743 42.345948, -71.06281 42.3418534)"
15891,3154,3146,0.295212,0.25,2.0,8000.0,8000.0,"LINESTRING (-71.0612743 42.345948, -71.0620686 42.3440436)"
15892,674,4464,0.50372,0.25,2.0,2600.0,2600.0,"LINESTRING (-71.0670567 42.3443169, -71.0698264 42.345277)"
15893,4999,3587,0.524902,0.25,2.0,2600.0,2600.0,"LINESTRING (-71.0684272 42.3401342, -71.0655145 42.3391794)"
15894,3587,4999,0.524902,0.25,2.0,2600.0,2600.0,"LINESTRING (-71.0655145 42.3391794, -71.0684272 42.3401342)"
15895,4498,4514,0.227926,0.25,2.0,2600.0,2600.0,"LINESTRING (-71.0643452 42.3434935, -71.0638682 42.3444566)"
15896,5367,3541,0.220272,0.25,2.0,2600.0,2600.0,"LINESTRING (-71.0658712 42.3469014, -71.0645883 42.3466234)"
15897,5368,674,0.509556,0.25,2.0,2600.0,2600.0,"LINESTRING (-71.0660169 42.3464771, -71.0670567 42.3443169)"
159,2765,3167,0.619478,0.25,2.0,13200.0,13200.0,"LINESTRING (-71.063936 42.333618, -71.0633021 42.3391754)"
15986,2576,2577,0.214468,0.25,2.0,2600.0,2600.0,"LINESTRING (-71.070707 42.34079, -71.0696323 42.3413335)"
15987,2577,2576,0.214468,0.25,2.0,2600.0,2600.0,"LINESTRING (-71.0696323 42.3413335, -71.070707 42.34079)"
15988,2576,2580,0.36712,0.25,2.0,2600.0,2600.0,"LINESTRING (-71.070707 42.34079, -71.0686447 42.3401648)"
15989,2580,2576,0.36712,0.25,2.0,2600.0,2600.0,"LINESTRING (-71.0686447 42.3401648, -71.070707 42.34079)"
15990,4575,4576,0.152128,0.25,2.0,2600.0,2600.0,"LINESTRING (-71.069865 42.3425695, -71.0691374 42.3429909)"
15991,4978,2580,0.147008,0.25,2.0,2600.0,2600.0,"LINESTRING (-71.0680243 42.3406396, -71.0686447 42.3401648)"
15992,2580,4978,0.147008,0.25,2.0,2600.0,2600.0,"LINESTRING (-71.0686447 42.3401648, -71.0680243 42.3406396)"
15993,4992,4993,0.153442,0.25,2.0,2600.0,2600.0,"LINESTRING (-71.0703315 42.3388233, -71.0696935 42.339326)"
15994,4993,4992,0.153442,0.25,2.0,2600.0,2600.0,"LINESTRING (-71.0696935 42.339326, -71.0703315 42.3388233)"
15995,2217,804,0.40642,0.25,2.0,2600.0,2600.0,"LINESTRING (-71.0709521 42.338317, -71.0693236 42.3369426)"
15996,2578,5039,0.162076,0.25,2.0,2600.0,2600.0,"LINESTRING (-71.071089 42.340539, -71.071826 42.340056)"
15997,5039,2578,0.162076,0.25,2.0,2600.0,2600.0,"LINESTRING (-71.071826 42.340056, -71.071089 42.340539)"
16,3138,3488,1.854852,0.25,2.0,13200.0,13200.0,"LINESTRING (-71.0597721 42.3456668, -71.0373009 42.3466531)"
16034,2215,2216,0.123998,0.25,2.0,2600.0,2600.0,"LINESTRING (-71.0714698 42.3379037, -71.0719795 42.3374934)"
16035,2216,2215,0.123998,0.25,2.0,2600.0,2600.0,"LINESTRING (-71.0719795 42.3374934, -71.0714698 42.3379037)"
16036,2215,2217,0.12533,0.25,2.0,2600.0,2600.0,"LINESTRING (-71.0714698 42.3379037, -71.0709521 42.338317)"
16037,2217,2215,0.12533,0.25,2.0,2600.0,2600.0,"LINESTRING (-71.0709521 42.338317, -71.0714698 42.3379037)"
16038,1386,2216,0.219284,0.25,2.0,2600.0,2600.0,"LINESTRING (-71.0710941 42.3367555, -71.0719795 42.3374934)"
16039,4985,3604,0.237292,0.25,2.0,2600.0,2600.0,"LINESTRING (-71.072667 42.3380752, -71.07363 42.338869)"
16040,5038,3608,0.23383,0.25,2.0,2600.0,2600.0,"LINESTRING (-71.072504 42.339615, -71.0715652 42.3388262)"
16041,4941,3579,0.150418,0.25,2.0,2600.0,2600.0,"LINESTRING (-71.0725949 42.336968, -71.0732289 42.3364813)"
16042,3579,4941,0.150418,0.25,2.0,2600.0,2600.0,"LINESTRING (-71.0732289 42.3364813, -71.0725949 42.336968)"
16043,4941,2216,0.154636,0.25,2.0,2600.0,2600.0,"LINESTRING (-71.0725949 42.336968, -71.0719795 42.3374934)"
16044,2216,4941,0.154636,0.25,2.0,2600.0,2600.0,"LINESTRING (-71.0719795 42.3374934, -71.0725949 42.336968)"
16045,2216,4985,0.171978,0.25,2.0,2600.0,2600.0,"LINESTRING (-71.0719795 42.3374934, -71.072667 42.3380752)"
16046,5038,3604,0.248814,0.25,2.0,2600.0,2600.0,"LINESTRING (-71.072504 42.339615, -71.07363 42.338869)"
16047,3604,5038,0.248814,0.25,2.0,2600.0,2600.0,"LINESTRING (-71.07363 42.338869, -71.072504 42.339615)"
16048,5038,5039,0.148612,0.25,2.0,2600.0,2600.0,"LINESTRING (-71.072504 42.339615, -71.071826 42.340056)"
16049,5039,5038,0.148612,0.25,2.0,2600.0,2600.0,"LINESTRING (-71.071826 42.340056, -71.072504 42.339615)"
16050,4992,2217,0.15203,0.25,2.0,2600.0,2600.0,"LINESTRING (-71.0703315 42.3388233, -71.0709521 42.338317)"
16051,2217,4992,0.15203,0.25,2.0,2600.0,2600.0,"LINESTRING (-71.0709521 42.338317, -71.0703315 42.3388233)"
16052,3608,2217,0.15164,0.25,2.0,2600.0,2600.0,"LINESTRING (-71.0715652 42.3388262, -71.0709521 42.338317)"
16053,2576,2579,0.2486819999999999,0.25,2.0,2600.0,2600.0,"LINESTRING (-71.070707 42.34079, -71.0720464 42.3413062)"
16054,2579,2576,0.2486819999999999,0.25,2.0,2600.0,2600.0,"LINESTRING (-71.0720464 42.3413062, -71.070707 42.34079)"
16055,2579,4461,0.337482,0.25,2.0,2600.0,2600.0,"LINESTRING (-71.0720464 42.3413062, -71.0734069 42.3424408)"
16056,4461,2579,0.337482,0.25,2.0,2600.0,2600.0,"LINESTRING (-71.0734069 42.3424408, -71.0720464 42.3413062)"
16057,2579,4963,0.09588,0.25,2.0,2600.0,2600.0,"LINESTRING (-71.0720464 42.3413062, -71.0715902 42.3415743)"
16058,3536,2880,0.056568,0.25,2.0,2600.0,2600.0,"LINESTRING (-71.0718288 42.3438565, -71.0715455 42.3439999)"
16059,2880,3536,0.056568,0.25,2.0,2600.0,2600.0,"LINESTRING (-71.0715455 42.3439999, -71.0718288 42.3438565)"
16060,5315,4575,0.152492,0.25,2.0,2600.0,2600.0,"LINESTRING (-71.070602 42.3421548, -71.069865 42.3425695)"
16085,4964,4960,0.149818,0.25,2.0,2600.0,2600.0,"LINESTRING (-71.072751 42.340841, -71.073434 42.340396)"
16092,2579,4964,0.155476,0.25,2.0,2600.0,2600.0,"LINESTRING (-71.0720464 42.3413062, -71.072751 42.340841)"
16093,4971,2277,0.168138,0.25,2.0,2600.0,2600.0,"LINESTRING (-71.072314 42.343608, -71.0731463 42.3431704)"
16094,2277,4971,0.168138,0.25,2.0,2600.0,2600.0,"LINESTRING (-71.0731463 42.3431704, -71.072314 42.343608)"
16095,2276,2277,0.12826,0.25,2.0,2600.0,2600.0,"LINESTRING (-71.0737733 42.342828, -71.0731463 42.3431704)"
16096,2277,2276,0.12826,0.25,2.0,2600.0,2600.0,"LINESTRING (-71.0731463 42.3431704, -71.0737733 42.342828)"
16097,2276,2279,0.090364,0.25,2.0,2600.0,2600.0,"LINESTRING (-71.0737733 42.342828, -71.0734704 42.3424894)"
16098,2279,2276,0.090364,0.25,2.0,2600.0,2600.0,"LINESTRING (-71.0734704 42.3424894, -71.0737733 42.342828)"
16099,2279,4461,0.014882,0.25,2.0,2600.0,2600.0,"LINESTRING (-71.0734704 42.3424894, -71.0734069 42.3424408)"
161,3286,1957,0.442518,0.25,2.0,2600.0,2600.0,"LINESTRING (-71.0947738 42.3351533, -71.0936618 42.3369657)"
16100,4461,2279,0.014882,0.25,2.0,2600.0,2600.0,"LINESTRING (-71.0734069 42.3424408, -71.0734704 42.3424894)"
16101,3535,3536,0.065358,0.25,2.0,2600.0,2600.0,"LINESTRING (-71.0720043 42.3441214, -71.0718288 42.3438565)"
16102,4971,3536,0.097206,0.25,2.0,2600.0,2600.0,"LINESTRING (-71.072314 42.343608, -71.0718288 42.3438565)"
16103,3536,4971,0.097206,0.25,2.0,2600.0,2600.0,"LINESTRING (-71.0718288 42.3438565, -71.072314 42.343608)"
16104,2576,2578,0.084102,0.25,2.0,2600.0,2600.0,"LINESTRING (-71.070707 42.34079, -71.071089 42.340539)"
16105,2578,2576,0.084102,0.25,2.0,2600.0,2600.0,"LINESTRING (-71.071089 42.340539, -71.070707 42.34079)"
16106,5314,5315,0.164778,0.25,2.0,2600.0,2600.0,"LINESTRING (-71.0713824 42.3416907, -71.070602 42.3421548)"
16107,4963,5314,0.04302,0.25,2.0,2600.0,2600.0,"LINESTRING (-71.0715902 42.3415743, -71.0713824 42.3416907)"
16108,2878,2880,0.10302,0.25,2.0,2600.0,2600.0,"LINESTRING (-71.0710541 42.3442865, -71.0715455 42.3439999)"
16109,2880,2878,0.10302,0.25,2.0,2600.0,2600.0,"LINESTRING (-71.0715455 42.3439999, -71.0710541 42.3442865)"
16110,3586,3588,0.137378,0.25,2.0,2600.0,2600.0,"LINESTRING (-71.066494 42.338493, -71.0670926 42.3380626)"
16111,3588,3586,0.137378,0.25,2.0,2600.0,2600.0,"LINESTRING (-71.0670926 42.3380626, -71.066494 42.338493)"
16112,4988,3588,0.13019,0.25,2.0,2600.0,2600.0,"LINESTRING (-71.0676604 42.337655, -71.0670926 42.3380626)"
16113,3588,4988,0.13019,0.25,2.0,2600.0,2600.0,"LINESTRING (-71.0670926 42.3380626, -71.0676604 42.337655)"
16128,805,806,0.156528,0.25,2.0,2600.0,2600.0,"LINESTRING (-71.069023 42.33669, -71.0683376 42.3371775)"
16129,806,805,0.156528,0.25,2.0,2600.0,2600.0,"LINESTRING (-71.0683376 42.3371775, -71.069023 42.33669)"
16130,806,4988,0.154006,0.25,2.0,2600.0,2600.0,"LINESTRING (-71.0683376 42.3371775, -71.0676604 42.337655)"
16131,4988,806,0.154006,0.25,2.0,2600.0,2600.0,"LINESTRING (-71.0676604 42.337655, -71.0683376 42.3371775)"
16132,804,805,0.07497,0.25,2.0,2600.0,2600.0,"LINESTRING (-71.0693236 42.3369426, -71.069023 42.33669)"
16133,2580,5000,0.118606,0.25,2.0,2600.0,2600.0,"LINESTRING (-71.0686447 42.3401648, -71.0691347 42.339774)"
16134,5000,2580,0.118606,0.25,2.0,2600.0,2600.0,"LINESTRING (-71.0691347 42.339774, -71.0686447 42.3401648)"
16135,5000,4993,0.135514,0.25,2.0,2600.0,2600.0,"LINESTRING (-71.0691347 42.339774, -71.0696935 42.339326)"
16136,4993,5000,0.135514,0.25,2.0,2600.0,2600.0,"LINESTRING (-71.0696935 42.339326, -71.0691347 42.339774)"
16137,2580,4999,0.036584,0.25,2.0,2600.0,2600.0,"LINESTRING (-71.0686447 42.3401648, -71.0684272 42.3401342)"
16138,4999,2580,0.036584,0.25,2.0,2600.0,2600.0,"LINESTRING (-71.0684272 42.3401342, -71.0686447 42.3401648)"
16141,679,683,0.089278,0.25,2.0,2600.0,2600.0,"LINESTRING (-71.0674174 42.3411138, -71.067792 42.3408236)"
16142,683,679,0.089278,0.25,2.0,2600.0,2600.0,"LINESTRING (-71.067792 42.3408236, -71.0674174 42.3411138)"
16143,5308,675,0.20946,0.25,2.0,2600.0,2600.0,"LINESTRING (-71.0679291 42.3421376, -71.0670602 42.342826)"
16144,675,5308,0.20946,0.25,2.0,2600.0,2600.0,"LINESTRING (-71.0670602 42.342826, -71.0679291 42.3421376)"
16145,5522,674,0.149674,0.25,2.0,2600.0,2600.0,"LINESTRING (-71.0677093 42.3438482, -71.0670567 42.3443169)"
16146,2577,4975,0.158612,0.25,2.0,2600.0,2600.0,"LINESTRING (-71.0696323 42.3413335, -71.0687797 42.341666)"
16147,4975,2577,0.158612,0.25,2.0,2600.0,2600.0,"LINESTRING (-71.0687797 42.341666, -71.0696323 42.3413335)"
16148,4975,4979,0.093428,0.25,2.0,2600.0,2600.0,"LINESTRING (-71.0687797 42.341666, -71.068292 42.34188)"
16149,4979,4975,0.093428,0.25,2.0,2600.0,2600.0,"LINESTRING (-71.068292 42.34188, -71.0687797 42.341666)"
16150,4978,683,0.055974,0.25,2.0,2600.0,2600.0,"LINESTRING (-71.0680243 42.3406396, -71.067792 42.3408236)"
16151,683,4978,0.055974,0.25,2.0,2600.0,2600.0,"LINESTRING (-71.067792 42.3408236, -71.0680243 42.3406396)"
16152,4979,5308,0.082852,0.25,2.0,2600.0,2600.0,"LINESTRING (-71.068292 42.34188, -71.0679291 42.3421376)"
16153,5308,4979,0.082852,0.25,2.0,2600.0,2600.0,"LINESTRING (-71.0679291 42.3421376, -71.068292 42.34188)"
16154,4576,4688,0.14763,0.25,2.0,2600.0,2600.0,"LINESTRING (-71.0691374 42.3429909, -71.068431 42.3434)"
16155,4688,5418,0.07801,0.25,2.0,2600.0,2600.0,"LINESTRING (-71.068431 42.3434, -71.0680614 42.3436191)"
16156,5418,5522,0.07716,0.25,2.0,2600.0,2600.0,"LINESTRING (-71.0680614 42.3436191, -71.0677093 42.3438482)"
16157,677,678,0.082992,0.25,2.0,2600.0,2600.0,"LINESTRING (-71.0667435 42.3416358, -71.0663948 42.3419059)"
16158,678,677,0.082992,0.25,2.0,2600.0,2600.0,"LINESTRING (-71.0663948 42.3419059, -71.0667435 42.3416358)"
16159,677,679,0.160586,0.25,2.0,2600.0,2600.0,"LINESTRING (-71.0667435 42.3416358, -71.0674174 42.3411138)"
16160,679,677,0.160586,0.25,2.0,2600.0,2600.0,"LINESTRING (-71.0674174 42.3411138, -71.0667435 42.3416358)"
16161,678,682,0.12835,0.25,2.0,2600.0,2600.0,"LINESTRING (-71.0663948 42.3419059, -71.0658557 42.3423234)"
16162,682,678,0.12835,0.25,2.0,2600.0,2600.0,"LINESTRING (-71.0658557 42.3423234, -71.0663948 42.3419059)"
16163,672,674,0.19348,0.25,2.0,2600.0,2600.0,"LINESTRING (-71.0659884 42.3439571, -71.0670567 42.3443169)"
16164,672,675,0.30716,0.25,2.0,2600.0,2600.0,"LINESTRING (-71.0659884 42.3439571, -71.0670602 42.342826)"
16165,675,672,0.30716,0.25,2.0,2600.0,2600.0,"LINESTRING (-71.0670602 42.342826, -71.0659884 42.3439571)"
16166,1056,1057,0.250362,0.25,2.0,2600.0,2600.0,"LINESTRING (-71.0689417 42.351585, -71.0702917 42.3510683)"
16167,1459,1460,0.032174,0.25,2.0,2600.0,2600.0,"LINESTRING (-71.0693636 42.3486073, -71.0693143 42.3484671)"
16168,2264,2265,0.1412253333333333,0.25,2.0,8000.0,8000.0,"LINESTRING (-71.0726585 42.3479549, -71.0717915 42.3486588)"
16169,2265,2264,0.1412253333333333,0.25,2.0,8000.0,8000.0,"LINESTRING (-71.0717915 42.3486588, -71.0726585 42.3479549)"
16170,2660,2667,0.06974,0.25,2.0,8000.0,8000.0,"LINESTRING (-71.069926 42.3501478, -71.0693285 42.350306)"
16171,2678,3307,0.0698,0.25,2.0,2600.0,2600.0,"LINESTRING (-71.0697317 42.3496552, -71.0696248 42.3493507)"
16172,3757,3174,0.191916,0.25,2.0,2600.0,2600.0,"LINESTRING (-71.0665861 42.3487899, -71.0675205 42.3482739)"
16173,3174,3757,0.191916,0.25,2.0,2600.0,2600.0,"LINESTRING (-71.0675205 42.3482739, -71.0665861 42.3487899)"
16174,1460,2268,0.380218,0.25,2.0,2600.0,2600.0,"LINESTRING (-71.0693143 42.3484671, -71.0716077 42.3482841)"
16175,2268,2265,0.0886,0.25,2.0,2600.0,2600.0,"LINESTRING (-71.0716077 42.3482841, -71.0717915 42.3486588)"
16176,4511,4464,0.305246,0.25,2.0,2600.0,2600.0,"LINESTRING (-71.0691293 42.34655, -71.0698264 42.345277)"
16177,4464,4511,0.305246,0.25,2.0,2600.0,2600.0,"LINESTRING (-71.0698264 42.345277, -71.0691293 42.34655)"
16178,3284,1816,0.1493133333333333,0.25,2.0,8000.0,8000.0,"LINESTRING (-71.0704999 42.3520001, -71.0691922 42.3522739)"
16179,3285,1064,0.1485253333333333,0.25,2.0,8000.0,8000.0,"LINESTRING (-71.0704678 42.3519275, -71.0691688 42.3522061)"
16180,3925,2616,0.325081,0.25,2.0,13200.0,13200.0,"LINESTRING (-71.0691788 42.3480814, -71.0731211 42.3479619)"
162,1957,3286,0.442518,0.25,2.0,2600.0,2600.0,"LINESTRING (-71.0936618 42.3369657, -71.0947738 42.3351533)"
16233,4893,3960,0.101024,0.25,2.0,2600.0,2600.0,"LINESTRING (-71.0706045 42.3462548, -71.0708287 42.3466775)"
16234,2266,3969,0.203586,0.25,2.0,2600.0,2600.0,"LINESTRING (-71.0735381 42.347251, -71.0731151 42.3463896)"
16235,3962,3963,0.104086,0.25,2.0,2600.0,2600.0,"LINESTRING (-71.0729788 42.3461097, -71.0727618 42.3456703)"
16236,3963,4508,0.092126,0.25,2.0,2600.0,2600.0,"LINESTRING (-71.0727618 42.3456703, -71.0725721 42.3452798)"
16237,3969,3962,0.06612,0.25,2.0,2600.0,2600.0,"LINESTRING (-71.0731151 42.3463896, -71.0729788 42.3461097)"
16238,4508,3599,0.094818,0.25,2.0,2600.0,2600.0,"LINESTRING (-71.0725721 42.3452798, -71.0723749 42.3448789)"
16239,2264,2266,0.1421933333333333,0.25,2.0,8000.0,8000.0,"LINESTRING (-71.0726585 42.3479549, -71.0735381 42.347251)"
16240,2266,2264,0.1421933333333333,0.25,2.0,8000.0,8000.0,"LINESTRING (-71.0735381 42.347251, -71.0726585 42.3479549)"
16241,4558,4889,0.094688,0.25,2.0,2600.0,2600.0,"LINESTRING (-71.0702346 42.3454644, -71.0704145 42.3458685)"
16242,2879,4388,0.097872,0.25,2.0,2600.0,2600.0,"LINESTRING (-71.0705715 42.3445456, -71.0701947 42.3448874)"
16243,4388,2879,0.097872,0.25,2.0,2600.0,2600.0,"LINESTRING (-71.0701947 42.3448874, -71.0705715 42.3445456)"
16244,4388,4464,0.105854,0.25,2.0,2600.0,2600.0,"LINESTRING (-71.0701947 42.3448874, -71.0698264 42.345277)"
16245,4464,4388,0.105854,0.25,2.0,2600.0,2600.0,"LINESTRING (-71.0698264 42.345277, -71.0701947 42.3448874)"
16246,4464,4558,0.079178,0.25,2.0,2600.0,2600.0,"LINESTRING (-71.0698264 42.345277, -71.0702346 42.3454644)"
16247,4558,4464,0.079178,0.25,2.0,2600.0,2600.0,"LINESTRING (-71.0702346 42.3454644, -71.0698264 42.345277)"
16248,4889,4893,0.091292,0.25,2.0,2600.0,2600.0,"LINESTRING (-71.0704145 42.3458685, -71.0706045 42.3462548)"
16249,2267,2268,0.30916,0.25,2.0,2600.0,2600.0,"LINESTRING (-71.0709746 42.3469742, -71.0716077 42.3482841)"
16250,3960,2267,0.070022,0.25,2.0,2600.0,2600.0,"LINESTRING (-71.0708287 42.3466775, -71.0709746 42.3469742)"
16251,1057,2654,0.415242,0.25,2.0,2600.0,2600.0,"LINESTRING (-71.0702917 42.3510683, -71.0726609 42.3504312)"
16252,2654,1057,0.415242,0.25,2.0,2600.0,2600.0,"LINESTRING (-71.0726609 42.3504312, -71.0702917 42.3510683)"
16253,1057,2660,0.1420666666666666,0.25,2.0,8000.0,8000.0,"LINESTRING (-71.0702917 42.3510683, -71.069926 42.3501478)"
16254,4069,3283,0.278156,0.25,2.0,8000.0,8000.0,"LINESTRING (-71.0730624 42.3512497, -71.0706879 42.3519033)"
16255,1952,2660,0.401106,0.25,2.0,2600.0,2600.0,"LINESTRING (-71.0722126 42.3495298, -71.069926 42.3501478)"
16256,2654,4199,0.080214,0.25,2.0,2600.0,2600.0,"LINESTRING (-71.0726609 42.3504312, -71.0728208 42.3507719)"
16257,2265,2675,0.0336826666666666,0.25,2.0,8000.0,8000.0,"LINESTRING (-71.0717915 42.3486588, -71.0715805 42.3488239)"
16258,2675,2265,0.0336826666666666,0.25,2.0,8000.0,8000.0,"LINESTRING (-71.0715805 42.3488239, -71.0717915 42.3486588)"
16269,1952,2654,0.213346,0.25,2.0,2600.0,2600.0,"LINESTRING (-71.0722126 42.3495298, -71.0726609 42.3504312)"
16270,2265,3756,0.10201,0.25,2.0,2600.0,2600.0,"LINESTRING (-71.0717915 42.3486588, -71.0719968 42.3490915)"
16271,3756,1952,0.103612,0.25,2.0,2600.0,2600.0,"LINESTRING (-71.0719968 42.3490915, -71.0722126 42.3495298)"
16272,4069,3739,0.190916,0.25,2.0,2600.0,2600.0,"LINESTRING (-71.0730624 42.3512497, -71.0734488 42.35206)"
16273,4199,4069,0.113376,0.25,2.0,2600.0,2600.0,"LINESTRING (-71.0728208 42.3507719, -71.0730624 42.3512497)"
16274,2660,2675,0.2673413333333333,0.25,2.0,8000.0,8000.0,"LINESTRING (-71.069926 42.3501478, -71.0715805 42.3488239)"
16275,2675,2660,0.2673413333333333,0.25,2.0,8000.0,8000.0,"LINESTRING (-71.0715805 42.3488239, -71.069926 42.3501478)"
16282,2660,2678,0.114096,0.25,2.0,2600.0,2600.0,"LINESTRING (-71.069926 42.3501478, -71.0697317 42.3496552)"
16283,3283,1283,0.0774546666666666,0.25,2.0,8000.0,8000.0,"LINESTRING (-71.0706879 42.3519033, -71.0704492 42.3514111)"
16284,1283,1057,0.053648,0.25,2.0,8000.0,8000.0,"LINESTRING (-71.0704492 42.3514111, -71.0702917 42.3510683)"
16285,3283,3284,0.0251586666666666,0.25,2.0,8000.0,8000.0,"LINESTRING (-71.0706879 42.3519033, -71.0704999 42.3520001)"
16286,3283,3285,0.0244506666666666,0.25,2.0,8000.0,8000.0,"LINESTRING (-71.0706879 42.3519033, -71.0704678 42.3519275)"
16287,3284,3285,0.0112279999999999,0.25,2.0,8000.0,8000.0,"LINESTRING (-71.0704999 42.3520001, -71.0704678 42.3519275)"
16288,3285,3284,0.0112279999999999,0.25,2.0,8000.0,8000.0,"LINESTRING (-71.0704678 42.3519275, -71.0704999 42.3520001)"
16289,3173,3175,0.135828,0.25,2.0,2600.0,2600.0,"LINESTRING (-71.067208 42.3479034, -71.068026 42.347978)"
16290,3175,3174,0.106196,0.25,2.0,2600.0,2600.0,"LINESTRING (-71.068026 42.347978, -71.0675205 42.3482739)"
16291,3174,3175,0.106196,0.25,2.0,2600.0,2600.0,"LINESTRING (-71.0675205 42.3482739, -71.068026 42.347978)"
16292,5367,5368,0.09722,0.25,2.0,2600.0,2600.0,"LINESTRING (-71.0658712 42.3469014, -71.0660169 42.3464771)"
16293,5369,5367,0.324836,0.25,2.0,2600.0,2600.0,"LINESTRING (-71.0677646 42.3473058, -71.0658712 42.3469014)"
16294,3924,3925,0.085662,0.25,2.0,2600.0,2600.0,"LINESTRING (-71.0686618 42.348041, -71.0691788 42.3480814)"
16295,3175,4208,0.145792,0.25,2.0,2600.0,2600.0,"LINESTRING (-71.068026 42.347978, -71.0686188 42.3474907)"
16296,4208,3175,0.145792,0.25,2.0,2600.0,2600.0,"LINESTRING (-71.0686188 42.3474907, -71.068026 42.347978)"
16297,4511,4208,0.225316,0.25,2.0,2600.0,2600.0,"LINESTRING (-71.0691293 42.34655, -71.0686188 42.3474907)"
16298,4208,4511,0.225316,0.25,2.0,2600.0,2600.0,"LINESTRING (-71.0686188 42.3474907, -71.0691293 42.34655)"
16299,3925,4208,0.160304,0.25,2.0,2600.0,2600.0,"LINESTRING (-71.0691788 42.3480814, -71.0686188 42.3474907)"
163,3578,3579,0.151772,0.25,2.0,2600.0,2600.0,"LINESTRING (-71.0738555 42.3359798, -71.0732289 42.3364813)"
16300,1460,3925,0.088592,0.25,2.0,2600.0,2600.0,"LINESTRING (-71.0693143 42.3484671, -71.0691788 42.3480814)"
16301,4208,5369,0.146616,0.25,2.0,2600.0,2600.0,"LINESTRING (-71.0686188 42.3474907, -71.0677646 42.3473058)"
16302,3175,3924,0.10574,0.25,2.0,2600.0,2600.0,"LINESTRING (-71.068026 42.347978, -71.0686618 42.348041)"
16303,3758,3173,0.251992,0.25,2.0,2600.0,2600.0,"LINESTRING (-71.0657086 42.3476789, -71.067208 42.3479034)"
16304,3758,5367,0.17489,0.25,2.0,2600.0,2600.0,"LINESTRING (-71.0657086 42.3476789, -71.0658712 42.3469014)"
16305,3173,3174,0.097144,0.25,2.0,2600.0,2600.0,"LINESTRING (-71.067208 42.3479034, -71.0675205 42.3482739)"
16306,1064,1065,0.190504,0.25,2.0,8000.0,8000.0,"LINESTRING (-71.0691688 42.3522061, -71.0674872 42.3525186)"
16307,2586,2587,0.20018,0.25,2.0,2600.0,2600.0,"LINESTRING (-71.0671992 42.3517434, -71.0684107 42.3516822)"
16308,3734,2204,0.1275266666666666,0.25,2.0,8000.0,8000.0,"LINESTRING (-71.0686563 42.3505083, -71.0675633 42.3507983)"
16309,4027,3911,0.282798,0.25,2.0,2600.0,2600.0,"LINESTRING (-71.0665569 42.349682, -71.0668523 42.3509356)"
16310,2667,3734,0.0796573333333333,0.25,2.0,8000.0,8000.0,"LINESTRING (-71.0693285 42.350306, -71.0686563 42.3505083)"
16311,3307,2604,0.13707,0.25,2.0,2600.0,2600.0,"LINESTRING (-71.0696248 42.3493507, -71.0694151 42.3487538)"
16312,2604,1459,0.033722,0.25,2.0,2600.0,2600.0,"LINESTRING (-71.0694151 42.3487538, -71.0693636 42.3486073)"
16313,2587,1056,0.090116,0.25,2.0,2600.0,2600.0,"LINESTRING (-71.0684107 42.3516822, -71.0689417 42.351585)"
16314,4008,4027,0.052634,0.25,2.0,2600.0,2600.0,"LINESTRING (-71.0665066 42.3494475, -71.0665569 42.349682)"
16315,3757,4008,0.14676,0.25,2.0,2600.0,2600.0,"LINESTRING (-71.0665861 42.3487899, -71.0665066 42.3494475)"
16316,3911,1068,0.072992,0.25,2.0,2600.0,2600.0,"LINESTRING (-71.0668523 42.3509356, -71.066426 42.3510261)"
16317,3912,2586,0.0999999999999999,0.25,2.0,8000.0,8000.0,"LINESTRING (-71.0669135 42.3511024, -71.0671992 42.3517434)"
16318,1068,3912,0.082008,0.25,2.0,2600.0,2600.0,"LINESTRING (-71.066426 42.3510261, -71.0669135 42.3511024)"
16319,2205,3912,0.0495066666666666,0.25,2.0,8000.0,8000.0,"LINESTRING (-71.0672215 42.3508577, -71.0669135 42.3511024)"
16320,2205,3911,0.063228,0.25,2.0,2600.0,2600.0,"LINESTRING (-71.0672215 42.3508577, -71.0668523 42.3509356)"
16321,2204,2205,0.0386079999999999,0.25,2.0,8000.0,8000.0,"LINESTRING (-71.0675633 42.3507983, -71.0672215 42.3508577)"
16322,3911,3912,0.038224,0.25,2.0,2600.0,2600.0,"LINESTRING (-71.0668523 42.3509356, -71.0669135 42.3511024)"
16323,2586,1065,0.1192066666666666,0.25,2.0,8000.0,8000.0,"LINESTRING (-71.0671992 42.3517434, -71.0674872 42.3525186)"
16324,1066,1068,0.060112,0.25,2.0,2600.0,2600.0,"LINESTRING (-71.0660745 42.3510969, -71.066426 42.3510261)"
16325,1068,1066,0.060112,0.25,2.0,2600.0,2600.0,"LINESTRING (-71.066426 42.3510261, -71.0660745 42.3510969)"
16326,3146,3143,0.0961093333333333,0.25,2.0,8000.0,8000.0,"LINESTRING (-71.0620686 42.3440436, -71.0612333 42.3438532)"
16327,3167,3168,0.407807,0.25,2.0,13200.0,13200.0,"LINESTRING (-71.0633021 42.3391754, -71.0616553 42.3426374)"
16328,3167,3134,0.605971,0.25,2.0,13200.0,13200.0,"LINESTRING (-71.0633021 42.3391754, -71.0606741 42.3442695)"
16329,3157,3497,0.30484,0.25,2.0,13200.0,13200.0,"LINESTRING (-71.06281 42.3418534, -71.0641837 42.3393046)"
16330,4245,1792,0.0702586666666666,0.25,2.0,8000.0,8000.0,"LINESTRING (-71.0636366 42.3407559, -71.0638756 42.3403157)"
16331,4245,4244,0.340752,0.25,2.0,2600.0,2600.0,"LINESTRING (-71.0636366 42.3407559, -71.0650016 42.3396038)"
16332,1794,3168,0.295843,0.25,2.0,13200.0,13200.0,"LINESTRING (-71.0630664 42.3401881, -71.0616553 42.3426374)"
16333,1794,3140,0.34334,0.25,2.0,8000.0,8000.0,"LINESTRING (-71.0630664 42.3401881, -71.062053 42.3423814)"
16334,4516,3144,0.1021346666666666,0.25,2.0,8000.0,8000.0,"LINESTRING (-71.0615602 42.3432177, -71.0611286 42.3438294)"
16335,4516,3143,0.075507,0.25,2.0,13200.0,13200.0,"LINESTRING (-71.0615602 42.3432177, -71.0612333 42.3438532)"
16336,1792,1794,0.0909973333333333,0.25,2.0,8000.0,8000.0,"LINESTRING (-71.0638756 42.3403157, -71.0630664 42.3401881)"
16337,4084,1793,0.07554,0.25,2.0,2600.0,2600.0,"LINESTRING (-71.0647256 42.3396751, -71.0643447 42.3394863)"
16338,4084,1792,0.199764,0.25,2.0,2600.0,2600.0,"LINESTRING (-71.0647256 42.3396751, -71.0638756 42.3403157)"
16339,4244,3587,0.126632,0.25,2.0,2600.0,2600.0,"LINESTRING (-71.0650016 42.3396038, -71.0655145 42.3391794)"
16340,3587,4084,0.170324,0.25,2.0,2600.0,2600.0,"LINESTRING (-71.0655145 42.3391794, -71.0647256 42.3396751)"
16341,1792,1793,0.1332933333333333,0.25,2.0,8000.0,8000.0,"LINESTRING (-71.0638756 42.3403157, -71.0643447 42.3394863)"
16342,3140,3141,0.084876,0.25,2.0,8000.0,8000.0,"LINESTRING (-71.062053 42.3423814, -71.0627298 42.3426567)"
16343,3140,3142,0.0707199999999999,0.25,2.0,8000.0,8000.0,"LINESTRING (-71.062053 42.3423814, -71.0618035 42.3428209)"
16344,3156,3157,0.276084,0.25,2.0,13200.0,13200.0,"LINESTRING (-71.0616515 42.3441847, -71.06281 42.3418534)"
16345,3141,4587,0.045548,0.25,2.0,8000.0,8000.0,"LINESTRING (-71.0627298 42.3426567, -71.0628678 42.3423674)"
16346,3147,4498,0.313082,0.25,2.0,2600.0,2600.0,"LINESTRING (-71.0625565 42.3430201, -71.0643452 42.3434935)"
16347,5292,4245,0.0351973333333333,0.25,2.0,8000.0,8000.0,"LINESTRING (-71.0635299 42.3409797, -71.0636366 42.3407559)"
16348,4515,4498,0.115226,0.25,2.0,2600.0,2600.0,"LINESTRING (-71.064828 42.3431194, -71.0643452 42.3434935)"
16349,4498,4515,0.115226,0.25,2.0,2600.0,2600.0,"LINESTRING (-71.0643452 42.3434935, -71.064828 42.3431194)"
16350,4498,1135,0.18334,0.25,2.0,2600.0,2600.0,"LINESTRING (-71.0643452 42.3434935, -71.0653858 42.3437853)"
16351,4515,684,0.05415,0.25,2.0,2600.0,2600.0,"LINESTRING (-71.064828 42.3431194, -71.0650509 42.3429404)"
16352,684,4515,0.05415,0.25,2.0,2600.0,2600.0,"LINESTRING (-71.0650509 42.3429404, -71.064828 42.3431194)"
16353,4588,5292,0.1579146666666666,0.25,2.0,8000.0,8000.0,"LINESTRING (-71.0630501 42.3419854, -71.0635299 42.3409797)"
16354,4587,4588,0.0600066666666666,0.25,2.0,8000.0,8000.0,"LINESTRING (-71.0628678 42.3423674, -71.0630501 42.3419854)"
16355,3146,3147,0.1608226666666666,0.25,2.0,8000.0,8000.0,"LINESTRING (-71.0620686 42.3440436, -71.0625565 42.3430201)"
16356,3142,3147,0.13174,0.25,2.0,2600.0,2600.0,"LINESTRING (-71.0618035 42.3428209, -71.0625565 42.3430201)"
16357,3147,3141,0.05706,0.25,2.0,8000.0,8000.0,"LINESTRING (-71.0625565 42.3430201, -71.0627298 42.3426567)"
16358,3142,4516,0.064576,0.25,2.0,8000.0,8000.0,"LINESTRING (-71.0618035 42.3428209, -71.0615602 42.3432177)"
16359,3524,3144,0.3499066666666666,0.25,2.0,8000.0,8000.0,"LINESTRING (-71.0579984 42.343397, -71.0611286 42.3438294)"
16360,3144,3524,0.3499066666666666,0.25,2.0,8000.0,8000.0,"LINESTRING (-71.0611286 42.3438294, -71.0579984 42.343397)"
16361,3143,3144,0.0119666666666666,0.25,2.0,8000.0,8000.0,"LINESTRING (-71.0612333 42.3438532, -71.0611286 42.3438294)"
16362,3144,3143,0.0119666666666666,0.25,2.0,8000.0,8000.0,"LINESTRING (-71.0611286 42.3438294, -71.0612333 42.3438532)"
16363,3524,3525,0.0944093333333333,0.25,2.0,8000.0,8000.0,"LINESTRING (-71.0579984 42.343397, -71.057419 42.3429263)"
16364,3699,3524,0.066752,0.25,2.0,8000.0,8000.0,"LINESTRING (-71.0574666 42.3431782, -71.0579984 42.343397)"
16365,1015,1016,0.195108,0.25,2.0,2600.0,2600.0,"LINESTRING (-71.0611864 42.3514798, -71.0615176 42.3506366)"
16366,2170,2171,0.207396,0.25,2.0,13200.0,13200.0,"LINESTRING (-71.0627832 42.3466799, -71.0603043 42.3463574)"
16367,3132,3133,0.12127,0.25,2.0,13200.0,13200.0,"LINESTRING (-71.0598062 42.347632, -71.0593889 42.3486794)"
16368,3136,3137,0.275859,0.25,2.0,13200.0,13200.0,"LINESTRING (-71.0595093 42.3487024, -71.0604559 42.3463198)"
16369,3135,3152,0.264003,0.25,2.0,13200.0,13200.0,"LINESTRING (-71.0596361 42.347793, -71.062511 42.3467439)"
16370,3158,3159,0.22498,0.25,2.0,13200.0,13200.0,"LINESTRING (-71.060055 42.3492335, -71.0605559 42.347243)"
16371,3158,3160,0.130332,0.25,2.0,13200.0,13200.0,"LINESTRING (-71.060055 42.3492335, -71.0607041 42.3481644)"
16372,3160,2614,0.175735,0.25,2.0,13200.0,13200.0,"LINESTRING (-71.0607041 42.3481644, -71.0620466 42.3469352)"
16373,1016,2691,0.11266,0.25,2.0,2600.0,2600.0,"LINESTRING (-71.0615176 42.3506366, -71.0608717 42.3504705)"
16374,2691,1016,0.11266,0.25,2.0,2600.0,2600.0,"LINESTRING (-71.0608717 42.3504705, -71.0615176 42.3506366)"
16375,3162,3159,0.348026,0.25,2.0,13200.0,13200.0,"LINESTRING (-71.0596067 42.3502956, -71.0605559 42.347243)"
16376,4225,4226,0.135412,0.25,2.0,2600.0,2600.0,"LINESTRING (-71.0640288 42.3490281, -71.0641878 42.3484304)"
16377,3859,4310,0.1109,0.25,2.0,2600.0,2600.0,"LINESTRING (-71.0623168 42.3486597, -71.0625111 42.3481823)"
16378,3155,2614,0.255281,0.25,2.0,13200.0,13200.0,"LINESTRING (-71.0603185 42.3488421, -71.0620466 42.3469352)"
16379,3155,3153,0.377056,0.25,2.0,8000.0,8000.0,"LINESTRING (-71.0603185 42.3488421, -71.0611054 42.3463644)"
16380,4513,3154,0.31564,0.25,2.0,2600.0,2600.0,"LINESTRING (-71.0631214 42.3463242, -71.0612743 42.345948)"
16381,4625,4626,0.133918,0.25,2.0,2600.0,2600.0,"LINESTRING (-71.0640796 42.3484216, -71.0639199 42.3490131)"
16382,2545,5455,0.199384,0.25,2.0,2600.0,2600.0,"LINESTRING (-71.0625912 42.3523923, -71.0613912 42.3525073)"
164,3579,3578,0.151772,0.25,2.0,2600.0,2600.0,"LINESTRING (-71.0732289 42.3364813, -71.0738555 42.3359798)"
16453,2614,2615,0.216609,0.25,2.0,13200.0,13200.0,"LINESTRING (-71.0620466 42.3469352, -71.064643 42.3472424)"
16454,3152,2615,0.184179,0.25,2.0,13200.0,13200.0,"LINESTRING (-71.062511 42.3467439, -71.064643 42.3472424)"
16455,3540,3541,0.202364,0.25,2.0,2600.0,2600.0,"LINESTRING (-71.0648999 42.3457419, -71.0645883 42.3466234)"
16456,3541,3540,0.202364,0.25,2.0,2600.0,2600.0,"LINESTRING (-71.0645883 42.3466234, -71.0648999 42.3457419)"
16457,4514,4512,0.223812,0.25,2.0,2600.0,2600.0,"LINESTRING (-71.0638682 42.3444566, -71.0634776 42.3454217)"
16458,3621,4780,0.163472,0.25,2.0,2600.0,2600.0,"LINESTRING (-71.0629682 42.3470573, -71.0632614 42.346354)"
16459,3621,4781,0.2408259999999999,0.25,2.0,2600.0,2600.0,"LINESTRING (-71.0629682 42.3470573, -71.0643847 42.3473215)"
16460,4780,4503,0.209412,0.25,2.0,2600.0,2600.0,"LINESTRING (-71.0632614 42.346354, -71.0636296 42.3454515)"
16461,3541,4780,0.226708,0.25,2.0,2600.0,2600.0,"LINESTRING (-71.0645883 42.3466234, -71.0632614 42.346354)"
16484,3540,673,0.183462,0.25,2.0,2600.0,2600.0,"LINESTRING (-71.0648999 42.3457419, -71.065351 42.344987)"
16485,673,3540,0.183462,0.25,2.0,2600.0,2600.0,"LINESTRING (-71.065351 42.344987, -71.0648999 42.3457419)"
16496,4503,4497,0.222914,0.25,2.0,2600.0,2600.0,"LINESTRING (-71.0636296 42.3454515, -71.0640193 42.3444913)"
16497,3541,4781,0.158852,0.25,2.0,2600.0,2600.0,"LINESTRING (-71.0645883 42.3466234, -71.0643847 42.3473215)"
16498,4781,4624,0.110206,0.25,2.0,2600.0,2600.0,"LINESTRING (-71.0643847 42.3473215, -71.0642511 42.3478077)"
16499,4226,4623,0.245018,0.25,2.0,2600.0,2600.0,"LINESTRING (-71.0641878 42.3484304, -71.064476 42.3473479)"
16500,4781,4623,0.016072,0.25,2.0,2600.0,2600.0,"LINESTRING (-71.0643847 42.3473215, -71.064476 42.3473479)"
16501,4624,4625,0.139286,0.25,2.0,2600.0,2600.0,"LINESTRING (-71.0642511 42.3478077, -71.0640796 42.3484216)"
16502,4512,4513,0.208846,0.25,2.0,2600.0,2600.0,"LINESTRING (-71.0634776 42.3454217, -71.0631214 42.3463242)"
16503,4780,4513,0.024014,0.25,2.0,2600.0,2600.0,"LINESTRING (-71.0632614 42.346354, -71.0631214 42.3463242)"
16504,1592,1593,0.125798,0.25,2.0,2600.0,2600.0,"LINESTRING (-71.0626626 42.3478098, -71.062884 42.347268)"
16505,4310,1592,0.086356,0.25,2.0,2600.0,2600.0,"LINESTRING (-71.0625111 42.3481823, -71.0626626 42.3478098)"
16506,1593,3621,0.048876,0.25,2.0,2600.0,2600.0,"LINESTRING (-71.062884 42.347268, -71.0629682 42.3470573)"
16507,1254,2545,0.323832,0.25,2.0,2600.0,2600.0,"LINESTRING (-71.064556 42.3523719, -71.0625912 42.3523923)"
16508,1016,3480,0.335728,0.25,2.0,2600.0,2600.0,"LINESTRING (-71.0615176 42.3506366, -71.0621013 42.3491893)"
16509,4062,1067,0.311696,0.25,2.0,2600.0,2600.0,"LINESTRING (-71.0630417 42.3509273, -71.0649214 42.3510876)"
16510,1067,4062,0.311696,0.25,2.0,2600.0,2600.0,"LINESTRING (-71.0649214 42.3510876, -71.0630417 42.3509273)"
16511,4062,4459,0.202376,0.25,2.0,2600.0,2600.0,"LINESTRING (-71.0630417 42.3509273, -71.0635364 42.3500932)"
16512,4626,4627,0.247316,0.25,2.0,2600.0,2600.0,"LINESTRING (-71.0639199 42.3490131, -71.063445 42.350069)"
16513,4627,4062,0.20185,0.25,2.0,2600.0,2600.0,"LINESTRING (-71.063445 42.350069, -71.0630417 42.3509273)"
16514,4459,4225,0.25016,0.25,2.0,2600.0,2600.0,"LINESTRING (-71.0635364 42.3500932, -71.0640288 42.3490281)"
16515,1067,1036,0.11305,0.25,2.0,2600.0,2600.0,"LINESTRING (-71.0649214 42.3510876, -71.0650616 42.3505896)"
16538,1036,1037,0.442632,0.25,2.0,2600.0,2600.0,"LINESTRING (-71.0650616 42.3505896, -71.0655366 42.3486287)"
16539,1254,1067,0.291526,0.25,2.0,2600.0,2600.0,"LINESTRING (-71.064556 42.3523719, -71.0649214 42.3510876)"
16548,4627,4459,0.015916,0.25,2.0,2600.0,2600.0,"LINESTRING (-71.063445 42.350069, -71.0635364 42.3500932)"
16549,4459,4627,0.015916,0.25,2.0,2600.0,2600.0,"LINESTRING (-71.0635364 42.3500932, -71.063445 42.350069)"
16550,3480,3859,0.122796,0.25,2.0,2600.0,2600.0,"LINESTRING (-71.0621013 42.3491893, -71.0623168 42.3486597)"
16551,4053,2545,0.178636,0.25,2.0,2600.0,2600.0,"LINESTRING (-71.0628 42.3516031, -71.0625912 42.3523923)"
16552,3481,4062,0.119818,0.25,2.0,2600.0,2600.0,"LINESTRING (-71.062327 42.3508289, -71.0630417 42.3509273)"
16553,4062,3481,0.119818,0.25,2.0,2600.0,2600.0,"LINESTRING (-71.0630417 42.3509273, -71.062327 42.3508289)"
16554,4062,4053,0.155384,0.25,2.0,2600.0,2600.0,"LINESTRING (-71.0630417 42.3509273, -71.0628 42.3516031)"
16555,1016,3481,0.139972,0.25,2.0,2600.0,2600.0,"LINESTRING (-71.0615176 42.3506366, -71.062327 42.3508289)"
16556,3481,1016,0.139972,0.25,2.0,2600.0,2600.0,"LINESTRING (-71.062327 42.3508289, -71.0615176 42.3506366)"
16557,3148,3119,0.21162,0.25,2.0,13200.0,13200.0,"LINESTRING (-71.0586745 42.3465771, -71.0599903 42.3482132)"
16558,2171,3148,0.136517,0.25,2.0,13200.0,13200.0,"LINESTRING (-71.0603043 42.3463574, -71.0586745 42.3465771)"
16559,3160,3153,0.202656,0.25,2.0,13200.0,13200.0,"LINESTRING (-71.0607041 42.3481644, -71.0611054 42.3463644)"
16560,3526,3166,0.420735,0.25,2.0,13200.0,13200.0,"LINESTRING (-71.0604907 42.3444993, -71.0580038 42.3478072)"
16561,3137,3139,0.165148,0.25,2.0,13200.0,13200.0,"LINESTRING (-71.0604559 42.3463198, -71.0610411 42.3448981)"
16562,3153,3154,0.0643493333333333,0.25,2.0,8000.0,8000.0,"LINESTRING (-71.0611054 42.3463644, -71.0612743 42.345948)"
16563,3137,3138,0.091859,0.25,2.0,13200.0,13200.0,"LINESTRING (-71.0604559 42.3463198, -71.0597721 42.3456668)"
16564,3145,3138,0.037562,0.25,2.0,13200.0,13200.0,"LINESTRING (-71.0602224 42.3456133, -71.0597721 42.3456668)"
16565,1150,1151,0.224852,0.25,2.0,2600.0,2600.0,"LINESTRING (-71.0589421 42.3499541, -71.0585481 42.3509228)"
16566,1150,1163,0.14031,0.25,2.0,2600.0,2600.0,"LINESTRING (-71.0589421 42.3499541, -71.0597543 42.3501438)"
16567,1163,1150,0.14031,0.25,2.0,2600.0,2600.0,"LINESTRING (-71.0597543 42.3501438, -71.0589421 42.3499541)"
16568,1943,1163,0.148296,0.25,2.0,8000.0,8000.0,"LINESTRING (-71.0593574 42.3511005, -71.0597543 42.3501438)"
16569,3136,3133,0.020424,0.25,2.0,2600.0,2600.0,"LINESTRING (-71.0595093 42.3487024, -71.0593889 42.3486794)"
16570,3161,3162,0.243828,0.25,2.0,13200.0,13200.0,"LINESTRING (-71.0582798 42.3522578, -71.0596067 42.3502956)"
16571,1155,4152,0.10733,0.25,2.0,2600.0,2600.0,"LINESTRING (-71.0592274 42.3492445, -71.059464 42.3487945)"
16572,4153,4152,0.019356,0.25,2.0,2600.0,2600.0,"LINESTRING (-71.05935 42.3487738, -71.059464 42.3487945)"
16573,3727,4072,0.06789,0.25,2.0,2600.0,2600.0,"LINESTRING (-71.0598047 42.3525527, -71.0593955 42.3525232)"
16574,2689,2691,0.109468,0.25,2.0,2600.0,2600.0,"LINESTRING (-71.0602501 42.3502982, -71.0608717 42.3504705)"
16575,2691,2689,0.109468,0.25,2.0,2600.0,2600.0,"LINESTRING (-71.0608717 42.3504705, -71.0602501 42.3502982)"
16576,1163,2693,0.1933853333333333,0.25,2.0,8000.0,8000.0,"LINESTRING (-71.0597543 42.3501438, -71.0602934 42.3489011)"
16577,2693,3136,0.136552,0.25,2.0,2600.0,2600.0,"LINESTRING (-71.0602934 42.3489011, -71.0595093 42.3487024)"
16578,4152,2693,0.138628,0.25,2.0,2600.0,2600.0,"LINESTRING (-71.059464 42.3487945, -71.0602934 42.3489011)"
16579,2693,3155,0.00916,0.25,2.0,8000.0,8000.0,"LINESTRING (-71.0602934 42.3489011, -71.0603185 42.3488421)"
16580,4152,3136,0.021952,0.25,2.0,2600.0,2600.0,"LINESTRING (-71.059464 42.3487945, -71.0595093 42.3487024)"
16581,2689,1163,0.088608,0.25,2.0,2600.0,2600.0,"LINESTRING (-71.0602501 42.3502982, -71.0597543 42.3501438)"
16582,1163,2689,0.088608,0.25,2.0,2600.0,2600.0,"LINESTRING (-71.0597543 42.3501438, -71.0602501 42.3502982)"
16583,2256,3727,0.142064,0.25,2.0,2600.0,2600.0,"LINESTRING (-71.0606675 42.3525636, -71.0598047 42.3525527)"
16584,5455,1015,0.230646,0.25,2.0,2600.0,2600.0,"LINESTRING (-71.0613912 42.3525073, -71.0611864 42.3514798)"
16585,2254,2256,0.078938,0.25,2.0,2600.0,2600.0,"LINESTRING (-71.0611435 42.3525241, -71.0606675 42.3525636)"
16586,5455,2254,0.04104,0.25,2.0,2600.0,2600.0,"LINESTRING (-71.0613912 42.3525073, -71.0611435 42.3525241)"
16587,1150,1155,0.164364,0.25,2.0,2600.0,2600.0,"LINESTRING (-71.0589421 42.3499541, -71.0592274 42.3492445)"
16588,1155,1150,0.164364,0.25,2.0,2600.0,2600.0,"LINESTRING (-71.0592274 42.3492445, -71.0589421 42.3499541)"
16589,1150,1159,0.099408,0.25,2.0,2600.0,2600.0,"LINESTRING (-71.0589421 42.3499541, -71.058362 42.3498306)"
16590,1159,1150,0.099408,0.25,2.0,2600.0,2600.0,"LINESTRING (-71.058362 42.3498306, -71.0589421 42.3499541)"
16591,4153,1155,0.106582,0.25,2.0,2600.0,2600.0,"LINESTRING (-71.05935 42.3487738, -71.0592274 42.3492445)"
16592,3133,4153,0.022062,0.25,2.0,2600.0,2600.0,"LINESTRING (-71.0593889 42.3486794, -71.05935 42.3487738)"
16593,4165,3519,0.05924,0.25,2.0,2600.0,2600.0,"LINESTRING (-71.0576468 42.3497119, -71.0580022 42.349754)"
16594,1159,3519,0.061742,0.25,2.0,2600.0,2600.0,"LINESTRING (-71.058362 42.3498306, -71.0580022 42.349754)"
16595,3519,1159,0.061742,0.25,2.0,2600.0,2600.0,"LINESTRING (-71.0580022 42.349754, -71.058362 42.3498306)"
16596,1151,1177,0.180882,0.25,2.0,2600.0,2600.0,"LINESTRING (-71.0585481 42.3509228, -71.0582197 42.3517001)"
16597,3161,1943,0.2082373333333333,0.25,2.0,8000.0,8000.0,"LINESTRING (-71.0582798 42.3522578, -71.0593574 42.3511005)"
16598,4073,3161,0.049826,0.25,2.0,2600.0,2600.0,"LINESTRING (-71.0585065 42.3524074, -71.0582798 42.3522578)"
16599,4073,2166,0.08445,0.25,2.0,2600.0,2600.0,"LINESTRING (-71.0585065 42.3524074, -71.0579946 42.3523784)"
166,441,2109,0.271208,0.25,2.0,8000.0,8000.0,"LINESTRING (-71.0981427 42.336789, -71.1003223 42.3359287)"
16600,4072,4073,0.148742,0.25,2.0,2600.0,2600.0,"LINESTRING (-71.0593955 42.3525232, -71.0585065 42.3524074)"
16601,1177,2166,0.15512,0.25,2.0,2600.0,2600.0,"LINESTRING (-71.0582197 42.3517001, -71.0579946 42.3523784)"
16602,2166,3161,0.0360013333333333,0.25,2.0,8000.0,8000.0,"LINESTRING (-71.0579946 42.3523784, -71.0582798 42.3522578)"
16603,732,733,0.477086,0.25,2.0,2600.0,2600.0,"LINESTRING (-71.061328 42.3608688, -71.0598148 42.3590384)"
16604,732,734,0.227216,0.25,2.0,2600.0,2600.0,"LINESTRING (-71.061328 42.3608688, -71.0615183 42.3598564)"
16605,734,732,0.227216,0.25,2.0,2600.0,2600.0,"LINESTRING (-71.0615183 42.3598564, -71.061328 42.3608688)"
16606,825,826,0.120686,0.25,2.0,2600.0,2600.0,"LINESTRING (-71.065788 42.3570099, -71.065086 42.3571645)"
16607,826,825,0.120686,0.25,2.0,2600.0,2600.0,"LINESTRING (-71.065086 42.3571645, -71.065788 42.3570099)"
16608,1886,1887,0.02642,0.25,2.0,8000.0,8000.0,"LINESTRING (-71.0709588 42.3609698, -71.0708823 42.3608013)"
16609,1887,1886,0.02642,0.25,2.0,8000.0,8000.0,"LINESTRING (-71.0708823 42.3608013, -71.0709588 42.3609698)"
16610,2258,2226,0.573907,0.25,2.0,13200.0,13200.0,"LINESTRING (-71.0675832 42.3663786, -71.060619 42.3662248)"
16611,2258,2259,0.374624,0.25,2.0,13200.0,13200.0,"LINESTRING (-71.0675832 42.3663786, -71.0630744 42.3668193)"
16612,3026,3027,0.148024,0.25,2.0,13200.0,13200.0,"LINESTRING (-71.0647615 42.3662974, -71.0665093 42.3666063)"
16613,3026,3028,0.184846,0.25,2.0,13200.0,13200.0,"LINESTRING (-71.0647615 42.3662974, -71.0669032 42.3667926)"
16614,3035,3036,0.568948,0.25,2.0,2600.0,2600.0,"LINESTRING (-71.0670984 42.3672401, -71.0646059 42.3654671)"
16615,3131,3029,0.192794,0.25,2.0,13200.0,13200.0,"LINESTRING (-71.0645623 42.3661574, -71.0668416 42.3665493)"
16616,3131,3027,0.167958,0.25,2.0,13200.0,13200.0,"LINESTRING (-71.0645623 42.3661574, -71.0665093 42.3666063)"
16617,3266,2259,0.630749,0.25,2.0,13200.0,13200.0,"LINESTRING (-71.0699269 42.3642864, -71.0630744 42.3668193)"
16618,1887,1888,0.0757986666666666,0.25,2.0,8000.0,8000.0,"LINESTRING (-71.0708823 42.3608013, -71.070221 42.3609479)"
16619,263,264,0.584744,0.25,2.0,2600.0,2600.0,"LINESTRING (-71.0640493 42.365904, -71.0669586 42.3674114)"
16620,4161,735,0.481418,0.25,2.0,2600.0,2600.0,"LINESTRING (-71.0594721 42.3592749, -71.0612442 42.3609979)"
16621,4268,4269,0.094912,0.25,2.0,8000.0,8000.0,"LINESTRING (-71.066002 42.3611274, -71.0651378 42.361136)"
16622,4274,4276,0.28118,0.25,2.0,8000.0,8000.0,"LINESTRING (-71.0637704 42.3612876, -71.066329 42.3612379)"
16623,4272,3594,0.350178,0.25,2.0,2600.0,2600.0,"LINESTRING (-71.0628793 42.3611913, -71.0628424 42.3596152)"
16624,3594,4272,0.350178,0.25,2.0,2600.0,2600.0,"LINESTRING (-71.0628424 42.3596152, -71.0628793 42.3611913)"
16625,1301,3176,0.536632,0.25,2.0,13200.0,13200.0,"LINESTRING (-71.0727327 42.3614728, -71.0732291 42.3566563)"
16626,2260,3036,0.27764,0.25,2.0,2600.0,2600.0,"LINESTRING (-71.0661291 42.3660023, -71.0646059 42.3654671)"
16627,3272,3266,0.52515,0.25,2.0,13200.0,13200.0,"LINESTRING (-71.0720531 42.3598294, -71.0699269 42.3642864)"
16708,681,740,0.141784,0.25,2.0,8000.0,8000.0,"LINESTRING (-71.0729206 42.3563812, -71.0726439 42.3573158)"
16709,825,830,0.314972,0.25,2.0,2600.0,2600.0,"LINESTRING (-71.065788 42.3570099, -71.0676147 42.3565931)"
16710,830,825,0.314972,0.25,2.0,2600.0,2600.0,"LINESTRING (-71.0676147 42.3565931, -71.065788 42.3570099)"
16711,838,839,0.117994,0.25,2.0,2600.0,2600.0,"LINESTRING (-71.0697053 42.3567062, -71.0694421 42.3562123)"
16712,856,838,0.07476,0.25,2.0,2600.0,2600.0,"LINESTRING (-71.0698747 42.3570179, -71.0697053 42.3567062)"
16713,839,4806,0.07201,0.25,2.0,2600.0,2600.0,"LINESTRING (-71.0694421 42.3562123, -71.0698589 42.3561152)"
16714,5431,4807,0.1267773333333333,0.25,2.0,8000.0,8000.0,"LINESTRING (-71.0690719 42.3555979, -71.0700473 42.3560562)"
16763,3180,3181,0.1271546666666666,0.25,2.0,8000.0,8000.0,"LINESTRING (-71.0720654 42.3546551, -71.0716699 42.3538475)"
16764,909,3180,0.087652,0.25,2.0,8000.0,8000.0,"LINESTRING (-71.0723266 42.3552136, -71.0720654 42.3546551)"
16765,5493,908,0.0842,0.25,2.0,8000.0,8000.0,"LINESTRING (-71.0713208 42.3557597, -71.0720408 42.3555649)"
16766,913,680,0.1066373333333333,0.25,2.0,8000.0,8000.0,"LINESTRING (-71.0727384 42.3553775, -71.0730831 42.3560505)"
16767,913,974,0.0321373333333333,0.25,2.0,8000.0,8000.0,"LINESTRING (-71.0727384 42.3553775, -71.0730109 42.3552995)"
16768,974,913,0.0321373333333333,0.25,2.0,8000.0,8000.0,"LINESTRING (-71.0730109 42.3552995, -71.0727384 42.3553775)"
16769,3039,4193,0.0680506666666666,0.25,2.0,8000.0,8000.0,"LINESTRING (-71.0732902 42.3558058, -71.0730788 42.355374)"
16770,4193,974,0.0132626666666666,0.25,2.0,8000.0,8000.0,"LINESTRING (-71.0730788 42.355374, -71.0730109 42.3552995)"
16771,974,4223,0.0198253333333333,0.25,2.0,8000.0,8000.0,"LINESTRING (-71.0730109 42.3552995, -71.073173 42.3552413)"
16772,4193,4223,0.0222413333333333,0.25,2.0,8000.0,8000.0,"LINESTRING (-71.0730788 42.355374, -71.073173 42.3552413)"
16773,680,681,0.0520146666666666,0.25,2.0,8000.0,8000.0,"LINESTRING (-71.0730831 42.3560505, -71.0729206 42.3563812)"
16774,3176,3039,0.094552,0.25,2.0,13200.0,13200.0,"LINESTRING (-71.0732291 42.3566563, -71.0732902 42.3558058)"
16775,908,909,0.0607413333333333,0.25,2.0,8000.0,8000.0,"LINESTRING (-71.0720408 42.3555649, -71.0723266 42.3552136)"
16776,908,913,0.0814213333333333,0.25,2.0,8000.0,8000.0,"LINESTRING (-71.0720408 42.3555649, -71.0727384 42.3553775)"
16777,913,909,0.051268,0.25,2.0,8000.0,8000.0,"LINESTRING (-71.0727384 42.3553775, -71.0723266 42.3552136)"
16778,3181,3054,0.0545173333333333,0.25,2.0,8000.0,8000.0,"LINESTRING (-71.0716699 42.3538475, -71.0714973 42.3535025)"
16779,3054,3055,0.1288746666666667,0.25,2.0,8000.0,8000.0,"LINESTRING (-71.0714973 42.3535025, -71.0710974 42.3526851)"
16780,4807,5493,0.1466546666666666,0.25,2.0,8000.0,8000.0,"LINESTRING (-71.0700473 42.3560562, -71.0713208 42.3557597)"
16781,4806,4807,0.033636,0.25,2.0,2600.0,2600.0,"LINESTRING (-71.0698589 42.3561152, -71.0700473 42.3560562)"
16782,2040,3271,0.076922,0.25,2.0,13200.0,13200.0,"LINESTRING (-71.0723076 42.3587696, -71.072118 42.359448)"
16783,5136,5137,0.235068,0.25,2.0,2600.0,2600.0,"LINESTRING (-71.0707216 42.3587884, -71.0702841 42.3577809)"
16784,5476,1887,0.105459,0.25,2.0,13200.0,13200.0,"LINESTRING (-71.0719446 42.3602715, -71.0708823 42.3608013)"
16797,740,755,0.04997,0.25,2.0,13200.0,13200.0,"LINESTRING (-71.0726439 42.3573158, -71.0725895 42.3577643)"
16798,2039,755,0.041855,0.25,2.0,13200.0,13200.0,"LINESTRING (-71.0727299 42.3574018, -71.0725895 42.3577643)"
16799,755,2040,0.114119,0.25,2.0,13200.0,13200.0,"LINESTRING (-71.0725895 42.3577643, -71.0723076 42.3587696)"
168,3934,4015,0.1402199999999999,0.25,2.0,8000.0,8000.0,"LINESTRING (-71.1098673 42.3353693, -71.1100303 42.3363081)"
16800,3271,3272,0.042659,0.25,2.0,13200.0,13200.0,"LINESTRING (-71.072118 42.359448, -71.0720531 42.3598294)"
16801,3272,5476,0.050006,0.25,2.0,13200.0,13200.0,"LINESTRING (-71.0720531 42.3598294, -71.0719446 42.3602715)"
16802,5137,856,0.182414,0.25,2.0,2600.0,2600.0,"LINESTRING (-71.0702841 42.3577809, -71.0698747 42.3570179)"
16807,1887,3290,0.295924,0.25,2.0,2600.0,2600.0,"LINESTRING (-71.0708823 42.3608013, -71.0707614 42.3594724)"
16808,3290,5136,0.152094,0.25,2.0,2600.0,2600.0,"LINESTRING (-71.0707614 42.3594724, -71.0707216 42.3587884)"
16809,830,848,0.261154,0.25,2.0,2600.0,2600.0,"LINESTRING (-71.0676147 42.3565931, -71.0691333 42.3562554)"
16810,848,830,0.261154,0.25,2.0,2600.0,2600.0,"LINESTRING (-71.0691333 42.3562554, -71.0676147 42.3565931)"
16811,1387,5431,0.4476306666666667,0.25,2.0,8000.0,8000.0,"LINESTRING (-71.067575 42.3527872, -71.0690719 42.3555979)"
16816,5431,848,0.0975373333333333,0.25,2.0,8000.0,8000.0,"LINESTRING (-71.0690719 42.3555979, -71.0691333 42.3562554)"
16817,848,839,0.051804,0.25,2.0,2600.0,2600.0,"LINESTRING (-71.0691333 42.3562554, -71.0694421 42.3562123)"
16818,839,848,0.051804,0.25,2.0,2600.0,2600.0,"LINESTRING (-71.0694421 42.3562123, -71.0691333 42.3562554)"
16819,1550,1546,0.064052,0.25,2.0,8000.0,8000.0,"LINESTRING (-71.070042 42.3610424, -71.0694606 42.3610788)"
16820,1548,1551,0.1507026666666666,0.25,2.0,8000.0,8000.0,"LINESTRING (-71.0687275 42.3612002, -71.0700993 42.361195)"
16821,3027,3034,0.324839,0.25,2.0,13200.0,13200.0,"LINESTRING (-71.0665093 42.3666063, -71.0697488 42.3649393)"
16822,3034,3239,0.122785,0.25,2.0,13200.0,13200.0,"LINESTRING (-71.0697488 42.3649393, -71.0702542 42.363899)"
16823,3266,3267,0.158099,0.25,2.0,13200.0,13200.0,"LINESTRING (-71.0699269 42.3642864, -71.0690371 42.365547)"
16824,4287,4298,0.200292,0.25,2.0,2600.0,2600.0,"LINESTRING (-71.068579 42.3641092, -71.0697412 42.3643742)"
16825,4667,3034,0.227872,0.25,2.0,13200.0,13200.0,"LINESTRING (-71.0682729 42.3666739, -71.0697488 42.3649393)"
16826,4694,4667,0.2638693333333333,0.25,2.0,8000.0,8000.0,"LINESTRING (-71.0702084 42.36773, -71.0682729 42.3666739)"
16827,4835,4299,0.20222,0.25,2.0,2600.0,2600.0,"LINESTRING (-71.0697853 42.3642888, -71.0686124 42.364021)"
16828,4298,3267,0.19016,0.25,2.0,8000.0,8000.0,"LINESTRING (-71.0697412 42.3643742, -71.0690371 42.365547)"
16829,3021,4694,0.2245786666666666,0.25,2.0,8000.0,8000.0,"LINESTRING (-71.0684876 42.3669096, -71.0702084 42.36773)"
16876,1299,1301,0.159939,0.25,2.0,13200.0,13200.0,"LINESTRING (-71.0707928 42.3614169, -71.0727327 42.3614728)"
16877,3239,1301,0.338119,0.25,2.0,13200.0,13200.0,"LINESTRING (-71.0702542 42.363899, -71.0727327 42.3614728)"
16878,3239,1300,0.289852,0.25,2.0,13200.0,13200.0,"LINESTRING (-71.0702542 42.363899, -71.0711824 42.3613819)"
16879,1298,4835,0.2798866666666666,0.25,2.0,8000.0,8000.0,"LINESTRING (-71.0706917 42.3625226, -71.0697853 42.3642888)"
16880,1297,1298,0.1673773333333333,0.25,2.0,8000.0,8000.0,"LINESTRING (-71.070599 42.3613946, -71.0706917 42.3625226)"
16881,1297,1299,0.0215573333333333,0.25,2.0,8000.0,8000.0,"LINESTRING (-71.070599 42.3613946, -71.0707928 42.3614169)"
16882,1886,1297,0.074336,0.25,2.0,8000.0,8000.0,"LINESTRING (-71.0709588 42.3609698, -71.070599 42.3613946)"
16883,1886,1888,0.081128,0.25,2.0,8000.0,8000.0,"LINESTRING (-71.0709588 42.3609698, -71.070221 42.3609479)"
16884,1299,1303,0.0401479999999999,0.25,2.0,8000.0,8000.0,"LINESTRING (-71.0707928 42.3614169, -71.0710899 42.3612587)"
16885,1300,1303,0.020832,0.25,2.0,8000.0,8000.0,"LINESTRING (-71.0711824 42.3613819, -71.0710899 42.3612587)"
16886,1886,1299,0.0686693333333333,0.25,2.0,8000.0,8000.0,"LINESTRING (-71.0709588 42.3609698, -71.0707928 42.3614169)"
16887,1303,1886,0.0451573333333333,0.25,2.0,8000.0,8000.0,"LINESTRING (-71.0710899 42.3612587, -71.0709588 42.3609698)"
16888,1299,1300,0.0430413333333333,0.25,2.0,8000.0,8000.0,"LINESTRING (-71.0707928 42.3614169, -71.0711824 42.3613819)"
16889,1888,1550,0.024092,0.25,2.0,8000.0,8000.0,"LINESTRING (-71.070221 42.3609479, -71.070042 42.3610424)"
16890,1551,1297,0.0623986666666666,0.25,2.0,8000.0,8000.0,"LINESTRING (-71.0700993 42.361195, -71.070599 42.3613946)"
16891,1550,1551,0.0235093333333333,0.25,2.0,8000.0,8000.0,"LINESTRING (-71.070042 42.3610424, -71.0700993 42.361195)"
16892,4835,4298,0.0134853333333333,0.25,2.0,8000.0,8000.0,"LINESTRING (-71.0697853 42.3642888, -71.0697412 42.3643742)"
16893,2135,1548,0.19284,0.25,2.0,8000.0,8000.0,"LINESTRING (-71.066972 42.3612347, -71.0687275 42.3612002)"
16894,4284,4281,0.272662,0.25,2.0,2600.0,2600.0,"LINESTRING (-71.0670306 42.3634214, -71.0669926 42.3621936)"
16895,4286,4287,0.182618,0.25,2.0,2600.0,2600.0,"LINESTRING (-71.0674802 42.3640015, -71.068579 42.3641092)"
16896,4299,4283,0.182426,0.25,2.0,2600.0,2600.0,"LINESTRING (-71.0686124 42.364021, -71.0675139 42.363915)"
16897,1549,4285,0.0999866666666666,0.25,2.0,8000.0,8000.0,"LINESTRING (-71.0678564 42.3611091, -71.066946 42.3611258)"
16898,4918,5004,0.272914,0.25,2.0,2600.0,2600.0,"LINESTRING (-71.06687 42.3621953, -71.0669147 42.3634227)"
169,4015,3934,0.1402199999999999,0.25,2.0,8000.0,8000.0,"LINESTRING (-71.1100303 42.3363081, -71.1098673 42.3353693)"
16907,1547,1549,0.098564,0.25,2.0,8000.0,8000.0,"LINESTRING (-71.0687532 42.3610909, -71.0678564 42.3611091)"
16908,1546,1547,0.077788,0.25,2.0,8000.0,8000.0,"LINESTRING (-71.0694606 42.3610788, -71.0687532 42.3610909)"
16909,1547,1548,0.0163933333333333,0.25,2.0,8000.0,8000.0,"LINESTRING (-71.0687532 42.3610909, -71.0687275 42.3612002)"
16910,1548,1547,0.0163933333333333,0.25,2.0,8000.0,8000.0,"LINESTRING (-71.0687275 42.3612002, -71.0687532 42.3610909)"
16915,4281,4282,0.1224299999999999,0.25,2.0,2600.0,2600.0,"LINESTRING (-71.0669926 42.3621936, -71.0669799 42.3616434)"
16916,4276,2134,0.057448,0.25,2.0,8000.0,8000.0,"LINESTRING (-71.066329 42.3612379, -71.0668523 42.3612353)"
16917,2136,4918,0.122646,0.25,2.0,2600.0,2600.0,"LINESTRING (-71.066859 42.3616434, -71.06687 42.3621953)"
16918,4285,5112,0.0621746666666666,0.25,2.0,8000.0,8000.0,"LINESTRING (-71.066946 42.3611258, -71.0663801 42.3611308)"
16919,2134,2136,0.09065,0.25,2.0,2600.0,2600.0,"LINESTRING (-71.0668523 42.3612353, -71.066859 42.3616434)"
16920,4282,2135,0.090652,0.25,2.0,2600.0,2600.0,"LINESTRING (-71.0669799 42.3616434, -71.066972 42.3612347)"
16921,2134,2135,0.0131799999999999,0.25,2.0,8000.0,8000.0,"LINESTRING (-71.0668523 42.3612353, -71.066972 42.3612347)"
16922,4285,2134,0.028744,0.25,2.0,2600.0,2600.0,"LINESTRING (-71.066946 42.3611258, -71.0668523 42.3612353)"
16923,2135,4285,0.02459,0.25,2.0,2600.0,2600.0,"LINESTRING (-71.066972 42.3612347, -71.066946 42.3611258)"
16924,5112,4268,0.041524,0.25,2.0,8000.0,8000.0,"LINESTRING (-71.0663801 42.3611308, -71.066002 42.3611274)"
16925,4283,4284,0.135562,0.25,2.0,2600.0,2600.0,"LINESTRING (-71.0675139 42.363915, -71.0670306 42.3634214)"
16926,5004,4286,0.15878,0.25,2.0,2600.0,2600.0,"LINESTRING (-71.0669147 42.3634227, -71.0674802 42.3640015)"
16927,264,260,0.140128,0.25,2.0,2600.0,2600.0,"LINESTRING (-71.0669586 42.3674114, -71.0677052 42.3671084)"
16928,261,3021,0.066176,0.25,2.0,8000.0,8000.0,"LINESTRING (-71.0678972 42.3669969, -71.0684876 42.3669096)"
16929,261,3022,0.076668,0.25,2.0,2600.0,2600.0,"LINESTRING (-71.0678972 42.3669969, -71.068203 42.3667369)"
16930,3029,3030,0.06598,0.25,2.0,13200.0,13200.0,"LINESTRING (-71.0668416 42.3665493, -71.067396 42.3669782)"
16931,265,3031,0.1234819999999999,0.25,2.0,2600.0,2600.0,"LINESTRING (-71.0674891 42.367038, -71.0676223 42.3664913)"
16932,265,260,0.019417,0.25,2.0,13200.0,13200.0,"LINESTRING (-71.0674891 42.367038, -71.0677052 42.3671084)"
16933,3031,3022,0.0734813333333333,0.25,2.0,8000.0,8000.0,"LINESTRING (-71.0676223 42.3664913, -71.068203 42.3667369)"
16934,3028,3035,0.052186,0.25,2.0,13200.0,13200.0,"LINESTRING (-71.0669032 42.3667926, -71.0670984 42.3672401)"
16935,3028,3030,0.045513,0.25,2.0,13200.0,13200.0,"LINESTRING (-71.0669032 42.3667926, -71.067396 42.3669782)"
16936,4668,2258,0.0679026666666666,0.25,2.0,8000.0,8000.0,"LINESTRING (-71.0681383 42.3665814, -71.0675832 42.3663786)"
16937,4112,2258,0.101163,0.25,2.0,13200.0,13200.0,"LINESTRING (-71.0686299 42.3659029, -71.0675832 42.3663786)"
16938,3267,4112,0.051844,0.25,2.0,13200.0,13200.0,"LINESTRING (-71.0690371 42.365547, -71.0686299 42.3659029)"
16939,4112,4668,0.085525,0.25,2.0,13200.0,13200.0,"LINESTRING (-71.0686299 42.3659029, -71.0681383 42.3665814)"
16940,4667,4668,0.0202373333333333,0.25,2.0,8000.0,8000.0,"LINESTRING (-71.0682729 42.3666739, -71.0681383 42.3665814)"
16941,4668,3022,0.018137,0.25,2.0,13200.0,13200.0,"LINESTRING (-71.0681383 42.3665814, -71.068203 42.3667369)"
16942,3022,4667,0.009067,0.25,2.0,13200.0,13200.0,"LINESTRING (-71.068203 42.3667369, -71.0682729 42.3666739)"
16943,3022,3021,0.040452,0.25,2.0,8000.0,8000.0,"LINESTRING (-71.068203 42.3667369, -71.0684876 42.3669096)"
16944,260,261,0.040108,0.25,2.0,2600.0,2600.0,"LINESTRING (-71.0677052 42.3671084, -71.0678972 42.3669969)"
16945,2258,2260,0.253764,0.25,2.0,2600.0,2600.0,"LINESTRING (-71.0675832 42.3663786, -71.0661291 42.3660023)"
16946,3029,3031,0.064574,0.25,2.0,13200.0,13200.0,"LINESTRING (-71.0668416 42.3665493, -71.0676223 42.3664913)"
16947,3031,2258,0.025698,0.25,2.0,2600.0,2600.0,"LINESTRING (-71.0676223 42.3664913, -71.0675832 42.3663786)"
16948,264,265,0.120378,0.25,2.0,2600.0,2600.0,"LINESTRING (-71.0669586 42.3674114, -71.0674891 42.367038)"
16949,3030,3035,0.038073,0.25,2.0,13200.0,13200.0,"LINESTRING (-71.067396 42.3669782, -71.0670984 42.3672401)"
16950,3030,265,0.010154,0.25,2.0,13200.0,13200.0,"LINESTRING (-71.067396 42.3669782, -71.0674891 42.367038)"
16951,744,745,0.33559,0.25,2.0,2600.0,2600.0,"LINESTRING (-71.061982 42.356511, -71.0632118 42.3577154)"
16952,745,744,0.33559,0.25,2.0,2600.0,2600.0,"LINESTRING (-71.0632118 42.3577154, -71.061982 42.356511)"
16953,1492,4034,0.277042,0.25,2.0,2600.0,2600.0,"LINESTRING (-71.0579722 42.3554982, -71.0578211 42.3567404)"
16954,5400,5401,0.222218,0.25,2.0,2600.0,2600.0,"LINESTRING (-71.0627487 42.3579049, -71.0614958 42.358275)"
16955,1196,5432,0.140864,0.25,2.0,2600.0,2600.0,"LINESTRING (-71.0612625 42.3571839, -71.0617859 42.3566828)"
16956,5401,3591,0.203592,0.25,2.0,2600.0,2600.0,"LINESTRING (-71.0614958 42.358275, -71.0616419 42.3591853)"
16977,1562,1253,0.424154,0.25,2.0,2600.0,2600.0,"LINESTRING (-71.0633385 42.3551742, -71.0642375 42.3533846)"
16978,3449,746,0.348478,0.25,2.0,2600.0,2600.0,"LINESTRING (-71.061732 42.354348, -71.0628874 42.3556617)"
16979,1997,1998,0.033142,0.25,2.0,2600.0,2600.0,"LINESTRING (-71.062537 42.353099, -71.062527 42.3532476)"
16980,1998,2798,0.147626,0.25,2.0,2600.0,2600.0,"LINESTRING (-71.062527 42.3532476, -71.062191 42.353864)"
16981,2798,3449,0.131462,0.25,2.0,2600.0,2600.0,"LINESTRING (-71.062191 42.353864, -71.061732 42.354348)"
16982,744,746,0.240442,0.25,2.0,2600.0,2600.0,"LINESTRING (-71.061982 42.356511, -71.0628874 42.3556617)"
16983,746,1562,0.13144,0.25,2.0,2600.0,2600.0,"LINESTRING (-71.0628874 42.3556617, -71.0633385 42.3551742)"
16984,5432,744,0.050032,0.25,2.0,2600.0,2600.0,"LINESTRING (-71.0617859 42.3566828, -71.061982 42.356511)"
16985,5400,3593,0.249316,0.25,2.0,2600.0,2600.0,"LINESTRING (-71.0627487 42.3579049, -71.0628954 42.3590216)"
16986,745,826,0.332078,0.25,2.0,2600.0,2600.0,"LINESTRING (-71.0632118 42.3577154, -71.065086 42.3571645)"
16987,826,745,0.332078,0.25,2.0,2600.0,2600.0,"LINESTRING (-71.065086 42.3571645, -71.0632118 42.3577154)"
17,3077,3514,0.26441,0.25,2.0,2600.0,2600.0,"LINESTRING (-71.0403375 42.3451854, -71.0415499 42.3459636)"
170,3497,1797,0.414304,0.25,2.0,13200.0,13200.0,"LINESTRING (-71.0641837 42.3393046, -71.0658879 42.3357962)"
17006,745,5400,0.087188,0.25,2.0,2600.0,2600.0,"LINESTRING (-71.0632118 42.3577154, -71.0627487 42.3579049)"
17007,3592,3593,0.081736,0.25,2.0,2600.0,2600.0,"LINESTRING (-71.0624143 42.3591116, -71.0628954 42.3590216)"
17008,3592,3594,0.132138,0.25,2.0,2600.0,2600.0,"LINESTRING (-71.0624143 42.3591116, -71.0628424 42.3596152)"
17009,734,3591,0.150464,0.25,2.0,2600.0,2600.0,"LINESTRING (-71.0615183 42.3598564, -71.0616419 42.3591853)"
17010,3593,4224,0.071834,0.25,2.0,2600.0,2600.0,"LINESTRING (-71.0628954 42.3590216, -71.0628749 42.3593451)"
17011,4224,3594,0.060228,0.25,2.0,2600.0,2600.0,"LINESTRING (-71.0628749 42.3593451, -71.0628424 42.3596152)"
17012,3591,3592,0.12823,0.25,2.0,2600.0,2600.0,"LINESTRING (-71.0616419 42.3591853, -71.0624143 42.3591116)"
17013,1238,1239,0.0425,0.25,2.0,2600.0,2600.0,"LINESTRING (-71.0593979 42.3533225, -71.0594887 42.3531443)"
17014,2002,1494,0.270922,0.25,2.0,2600.0,2600.0,"LINESTRING (-71.0591487 42.3544889, -71.0580756 42.3554133)"
17015,2069,1488,0.177556,0.25,2.0,2600.0,2600.0,"LINESTRING (-71.057626 42.3543103, -71.0575027 42.3551036)"
17016,2262,2002,0.271924,0.25,2.0,2600.0,2600.0,"LINESTRING (-71.060296 42.353609, -71.0591487 42.3544889)"
17017,1239,4068,0.074994,0.25,2.0,2600.0,2600.0,"LINESTRING (-71.0594887 42.3531443, -71.0594329 42.3528086)"
17018,1488,2003,0.29111,0.25,2.0,2600.0,2600.0,"LINESTRING (-71.0575027 42.3551036, -71.058622 42.3540903)"
17019,2262,2255,0.121222,0.25,2.0,2600.0,2600.0,"LINESTRING (-71.060296 42.353609, -71.0607 42.3531531)"
17020,2255,2262,0.121222,0.25,2.0,2600.0,2600.0,"LINESTRING (-71.0607 42.3531531, -71.060296 42.353609)"
17021,2003,1238,0.21304,0.25,2.0,2600.0,2600.0,"LINESTRING (-71.058622 42.3540903, -71.0593979 42.3533225)"
17022,2003,2070,0.134944,0.25,2.0,2600.0,2600.0,"LINESTRING (-71.058622 42.3540903, -71.0580245 42.3536753)"
17023,2070,2003,0.134944,0.25,2.0,2600.0,2600.0,"LINESTRING (-71.0580245 42.3536753, -71.058622 42.3540903)"
17024,2070,1021,0.049756,0.25,2.0,2600.0,2600.0,"LINESTRING (-71.0580245 42.3536753, -71.0578013 42.353524)"
17025,1021,2070,0.049756,0.25,2.0,2600.0,2600.0,"LINESTRING (-71.0578013 42.353524, -71.0580245 42.3536753)"
17026,2002,2003,0.12409,0.25,2.0,2600.0,2600.0,"LINESTRING (-71.0591487 42.3544889, -71.058622 42.3540903)"
17027,1020,1021,0.043018,0.25,2.0,2600.0,2600.0,"LINESTRING (-71.0575887 42.353411, -71.0578013 42.353524)"
17028,1021,1020,0.043018,0.25,2.0,2600.0,2600.0,"LINESTRING (-71.0578013 42.353524, -71.0575887 42.353411)"
17029,1231,1021,0.043536,0.25,2.0,2600.0,2600.0,"LINESTRING (-71.0578796 42.3533366, -71.0578013 42.353524)"
17030,1021,1231,0.043536,0.25,2.0,2600.0,2600.0,"LINESTRING (-71.0578013 42.353524, -71.0578796 42.3533366)"
17031,4254,1020,0.056422,0.25,2.0,2600.0,2600.0,"LINESTRING (-71.0578562 42.3532515, -71.0575887 42.353411)"
17032,4254,1231,0.019292,0.25,2.0,2600.0,2600.0,"LINESTRING (-71.0578562 42.3532515, -71.0578796 42.3533366)"
17033,2069,2070,0.15557,0.25,2.0,2600.0,2600.0,"LINESTRING (-71.057626 42.3543103, -71.0580245 42.3536753)"
17034,2070,2069,0.15557,0.25,2.0,2600.0,2600.0,"LINESTRING (-71.0580245 42.3536753, -71.057626 42.3543103)"
17035,1494,1558,0.155718,0.25,2.0,2600.0,2600.0,"LINESTRING (-71.0580756 42.3554133, -71.058914 42.355737)"
17036,1494,1492,0.0255,0.25,2.0,2600.0,2600.0,"LINESTRING (-71.0580756 42.3554133, -71.0579722 42.3554982)"
17037,733,3382,0.25397,0.25,2.0,2600.0,2600.0,"LINESTRING (-71.0598148 42.3590384, -71.0604465 42.3579952)"
17038,2033,4161,0.287816,0.25,2.0,2600.0,2600.0,"LINESTRING (-71.0578304 42.3588328, -71.0594721 42.3592749)"
17039,5404,2033,0.263542,0.25,2.0,2600.0,2600.0,"LINESTRING (-71.058094 42.357663, -71.0578304 42.3588328)"
17040,3382,5478,0.190794,0.25,2.0,2600.0,2600.0,"LINESTRING (-71.0604465 42.3579952, -71.05936 42.357697)"
17041,5401,3382,0.18385,0.25,2.0,2600.0,2600.0,"LINESTRING (-71.0614958 42.358275, -71.0604465 42.3579952)"
17042,3382,5401,0.18385,0.25,2.0,2600.0,2600.0,"LINESTRING (-71.0604465 42.3579952, -71.0614958 42.358275)"
17043,3382,1195,0.17028,0.25,2.0,2600.0,2600.0,"LINESTRING (-71.0604465 42.3579952, -71.0610479 42.3573718)"
17044,1195,1196,0.05466,0.25,2.0,2600.0,2600.0,"LINESTRING (-71.0610479 42.3573718, -71.0612625 42.3571839)"
17045,4161,733,0.077242,0.25,2.0,2600.0,2600.0,"LINESTRING (-71.0594721 42.3592749, -71.0598148 42.3590384)"
17046,4448,4035,0.12754,0.25,2.0,2600.0,2600.0,"LINESTRING (-71.0587646 42.3569825, -71.0580601 42.3567461)"
17047,4035,4448,0.12754,0.25,2.0,2600.0,2600.0,"LINESTRING (-71.0580601 42.3567461, -71.0587646 42.3569825)"
17048,4448,4449,0.119994,0.25,2.0,2600.0,2600.0,"LINESTRING (-71.0587646 42.3569825, -71.0583373 42.3574198)"
17049,5478,4449,0.179442,0.25,2.0,2600.0,2600.0,"LINESTRING (-71.05936 42.357697, -71.0583373 42.3574198)"
17050,4034,4035,0.039404,0.25,2.0,2600.0,2600.0,"LINESTRING (-71.0578211 42.3567404, -71.0580601 42.3567461)"
17051,4035,4034,0.039404,0.25,2.0,2600.0,2600.0,"LINESTRING (-71.0580601 42.3567461, -71.0578211 42.3567404)"
17052,4449,5404,0.067212,0.25,2.0,2600.0,2600.0,"LINESTRING (-71.0583373 42.3574198, -71.058094 42.357663)"
17053,1053,1052,0.127974,0.25,2.0,2600.0,2600.0,"LINESTRING (-71.0617504 42.3651114, -71.0611214 42.3654487)"
17054,3128,3129,0.125808,0.25,2.0,13200.0,13200.0,"LINESTRING (-71.0582568 42.3642133, -71.058956 42.3652195)"
17055,3129,3131,0.473377,0.25,2.0,13200.0,13200.0,"LINESTRING (-71.058956 42.3652195, -71.0645623 42.3661574)"
17056,4158,4159,0.072288,0.25,2.0,8000.0,8000.0,"LINESTRING (-71.058391 42.365242, -71.0583794 42.3647542)"
17057,4159,4158,0.072288,0.25,2.0,8000.0,8000.0,"LINESTRING (-71.0583794 42.3647542, -71.058391 42.365242)"
17058,4200,4197,0.34306,0.25,2.0,2600.0,2600.0,"LINESTRING (-71.0607134 42.3658006, -71.0624067 42.364903)"
17059,4147,4205,0.24369,0.25,2.0,2600.0,2600.0,"LINESTRING (-71.064304 42.3651911, -71.063412 42.3643158)"
17060,735,4271,0.18366,0.25,2.0,8000.0,8000.0,"LINESTRING (-71.0612442 42.3609979, -71.0628639 42.361305)"
17061,4272,732,0.1769119999999999,0.25,2.0,8000.0,8000.0,"LINESTRING (-71.0628793 42.3611913, -71.061328 42.3608688)"
17062,4278,4279,0.127848,0.25,2.0,2600.0,2600.0,"LINESTRING (-71.062105 42.3635694, -71.061373 42.3633781)"
17063,2226,3075,0.295397,0.25,2.0,13200.0,13200.0,"LINESTRING (-71.060619 42.3662248, -71.0584723 42.3640952)"
17064,2818,1053,0.11356,0.25,2.0,2600.0,2600.0,"LINESTRING (-71.0623107 42.3648143, -71.0617504 42.3651114)"
17065,4198,262,0.234122,0.25,2.0,2600.0,2600.0,"LINESTRING (-71.0633371 42.3644105, -71.0641329 42.3652837)"
17066,818,815,0.132832,0.25,2.0,2600.0,2600.0,"LINESTRING (-71.0613166 42.363469, -71.0620812 42.3636602)"
17067,4300,5126,0.152608,0.25,2.0,2600.0,2600.0,"LINESTRING (-71.0608897 42.3627357, -71.061744 42.36247)"
17068,5126,4300,0.152608,0.25,2.0,2600.0,2600.0,"LINESTRING (-71.061744 42.36247, -71.0608897 42.3627357)"
171,3497,4148,1.353761,0.25,2.0,13200.0,13200.0,"LINESTRING (-71.0641837 42.3393046, -71.0589621 42.32775)"
17109,4271,4274,0.099548,0.25,2.0,8000.0,8000.0,"LINESTRING (-71.0628639 42.361305, -71.0637704 42.3612876)"
17110,4318,4277,0.38273,0.25,2.0,2600.0,2600.0,"LINESTRING (-71.0634193 42.3639127, -71.0638628 42.3622216)"
17111,4277,4318,0.38273,0.25,2.0,2600.0,2600.0,"LINESTRING (-71.0638628 42.3622216, -71.0634193 42.3639127)"
17112,4267,4272,0.0928626666666666,0.25,2.0,8000.0,8000.0,"LINESTRING (-71.0637236 42.361171, -71.0628793 42.3611913)"
17113,4269,4270,0.0637373333333333,0.25,2.0,8000.0,8000.0,"LINESTRING (-71.0651378 42.361136, -71.0645577 42.3611492)"
17114,4274,4277,0.208062,0.25,2.0,2600.0,2600.0,"LINESTRING (-71.0637704 42.3612876, -71.0638628 42.3622216)"
17115,4277,4274,0.208062,0.25,2.0,2600.0,2600.0,"LINESTRING (-71.0638628 42.3622216, -71.0637704 42.3612876)"
17116,4266,4267,0.0460573333333333,0.25,2.0,8000.0,8000.0,"LINESTRING (-71.0641435 42.3611585, -71.0637236 42.361171)"
17117,4270,4266,0.045608,0.25,2.0,8000.0,8000.0,"LINESTRING (-71.0645577 42.3611492, -71.0641435 42.3611585)"
17118,4274,4267,0.027076,0.25,2.0,2600.0,2600.0,"LINESTRING (-71.0637704 42.3612876, -71.0637236 42.361171)"
17119,4267,4274,0.027076,0.25,2.0,2600.0,2600.0,"LINESTRING (-71.0637236 42.361171, -71.0637704 42.3612876)"
17120,4271,4273,0.219398,0.25,2.0,2600.0,2600.0,"LINESTRING (-71.0628639 42.361305, -71.0622571 42.3621836)"
17121,4273,4271,0.219398,0.25,2.0,2600.0,2600.0,"LINESTRING (-71.0622571 42.3621836, -71.0628639 42.361305)"
17122,4271,4272,0.025446,0.25,2.0,2600.0,2600.0,"LINESTRING (-71.0628639 42.361305, -71.0628793 42.3611913)"
17123,4272,4271,0.025446,0.25,2.0,2600.0,2600.0,"LINESTRING (-71.0628793 42.3611913, -71.0628639 42.361305)"
17124,5126,4273,0.10574,0.25,2.0,2600.0,2600.0,"LINESTRING (-71.061744 42.36247, -71.0622571 42.3621836)"
17125,4273,5126,0.10574,0.25,2.0,2600.0,2600.0,"LINESTRING (-71.0622571 42.3621836, -71.061744 42.36247)"
17126,815,816,0.221968,0.25,2.0,2600.0,2600.0,"LINESTRING (-71.0620812 42.3636602, -71.0633552 42.3639849)"
17127,2817,2818,0.117388,0.25,2.0,2600.0,2600.0,"LINESTRING (-71.0628876 42.3645042, -71.0623107 42.3648143)"
17128,4197,4198,0.188212,0.25,2.0,2600.0,2600.0,"LINESTRING (-71.0624067 42.364903, -71.0633371 42.3644105)"
17129,4318,4278,0.22958,0.25,2.0,2600.0,2600.0,"LINESTRING (-71.0634193 42.3639127, -71.062105 42.3635694)"
17130,4479,2817,0.084358,0.25,2.0,2600.0,2600.0,"LINESTRING (-71.0633188 42.3642994, -71.0628876 42.3645042)"
17131,816,4479,0.07001,0.25,2.0,2600.0,2600.0,"LINESTRING (-71.0633552 42.3639849, -71.0633188 42.3642994)"
17132,4205,4478,0.068948,0.25,2.0,2600.0,2600.0,"LINESTRING (-71.063412 42.3643158, -71.0634322 42.3640063)"
17133,816,4478,0.013516,0.25,2.0,2600.0,2600.0,"LINESTRING (-71.0633552 42.3639849, -71.0634322 42.3640063)"
17134,4478,4318,0.02077,0.25,2.0,2600.0,2600.0,"LINESTRING (-71.0634322 42.3640063, -71.0634193 42.3639127)"
17135,4318,816,0.019158,0.25,2.0,2600.0,2600.0,"LINESTRING (-71.0634193 42.3639127, -71.0633552 42.3639849)"
17136,4198,4205,0.024458,0.25,2.0,2600.0,2600.0,"LINESTRING (-71.0633371 42.3644105, -71.063412 42.3643158)"
17137,4479,4198,0.025058,0.25,2.0,2600.0,2600.0,"LINESTRING (-71.0633188 42.3642994, -71.0633371 42.3644105)"
17138,4205,4479,0.01578,0.25,2.0,2600.0,2600.0,"LINESTRING (-71.063412 42.3643158, -71.0633188 42.3642994)"
17151,3036,4147,0.078964,0.25,2.0,2600.0,2600.0,"LINESTRING (-71.0646059 42.3654671, -71.064304 42.3651911)"
17152,262,263,0.138434,0.25,2.0,2600.0,2600.0,"LINESTRING (-71.0641329 42.3652837, -71.0640493 42.365904)"
17157,2037,2038,0.132044,0.25,2.0,2600.0,2600.0,"LINESTRING (-71.0589841 42.3635556, -71.0595976 42.3631743)"
17158,2952,2953,0.4787979999999999,0.25,2.0,2600.0,2600.0,"LINESTRING (-71.0609552 42.3612416, -71.058525 42.3624242)"
17159,2953,2952,0.4787979999999999,0.25,2.0,2600.0,2600.0,"LINESTRING (-71.058525 42.3624242, -71.0609552 42.3612416)"
17160,3490,2696,0.1718146666666666,0.25,2.0,8000.0,8000.0,"LINESTRING (-71.0583972 42.3637251, -71.057507 42.362771)"
17161,4203,4204,0.139114,0.25,2.0,2600.0,2600.0,"LINESTRING (-71.0599438 42.3630048, -71.0607331 42.3627815)"
17162,4204,4203,0.139114,0.25,2.0,2600.0,2600.0,"LINESTRING (-71.0607331 42.3627815, -71.0599438 42.3630048)"
17163,4280,4204,0.09247,0.25,2.0,2600.0,2600.0,"LINESTRING (-71.0606747 42.3631957, -71.0607331 42.3627815)"
17164,3494,3490,0.260766,0.25,2.0,2600.0,2600.0,"LINESTRING (-71.0597045 42.3630625, -71.0583972 42.3637251)"
17165,2952,735,0.07215,0.25,2.0,2600.0,2600.0,"LINESTRING (-71.0609552 42.3612416, -71.0612442 42.3609979)"
17166,735,2952,0.07215,0.25,2.0,2600.0,2600.0,"LINESTRING (-71.0612442 42.3609979, -71.0609552 42.3612416)"
17167,732,735,0.031826,0.25,2.0,2600.0,2600.0,"LINESTRING (-71.061328 42.3608688, -71.0612442 42.3609979)"
17168,735,732,0.031826,0.25,2.0,2600.0,2600.0,"LINESTRING (-71.0612442 42.3609979, -71.061328 42.3608688)"
17169,4204,4300,0.027812,0.25,2.0,2600.0,2600.0,"LINESTRING (-71.0607331 42.3627815, -71.0608897 42.3627357)"
17170,4300,4204,0.027812,0.25,2.0,2600.0,2600.0,"LINESTRING (-71.0608897 42.3627357, -71.0607331 42.3627815)"
17171,4280,4203,0.127694,0.25,2.0,2600.0,2600.0,"LINESTRING (-71.0606747 42.3631957, -71.0599438 42.3630048)"
17172,3494,817,0.189536,0.25,2.0,2600.0,2600.0,"LINESTRING (-71.0597045 42.3630625, -71.0607934 42.3633382)"
17173,817,818,0.091106,0.25,2.0,2600.0,2600.0,"LINESTRING (-71.0607934 42.3633382, -71.0613166 42.363469)"
17174,4279,4280,0.1218999999999999,0.25,2.0,2600.0,2600.0,"LINESTRING (-71.061373 42.3633781, -71.0606747 42.3631957)"
17175,2038,3494,0.030218,0.25,2.0,2600.0,2600.0,"LINESTRING (-71.0595976 42.3631743, -71.0597045 42.3630625)"
17176,4203,3494,0.041588,0.25,2.0,2600.0,2600.0,"LINESTRING (-71.0599438 42.3630048, -71.0597045 42.3630625)"
17177,3494,4203,0.041588,0.25,2.0,2600.0,2600.0,"LINESTRING (-71.0597045 42.3630625, -71.0599438 42.3630048)"
17178,2953,4201,0.02752,0.25,2.0,2600.0,2600.0,"LINESTRING (-71.058525 42.3624242, -71.0583761 42.3624797)"
17179,4201,2953,0.02752,0.25,2.0,2600.0,2600.0,"LINESTRING (-71.0583761 42.3624797, -71.058525 42.3624242)"
17180,948,4201,0.24667,0.25,2.0,2600.0,2600.0,"LINESTRING (-71.0575896 42.361535, -71.0583761 42.3624797)"
17181,4201,2696,0.157094,0.25,2.0,2600.0,2600.0,"LINESTRING (-71.0583761 42.3624797, -71.057507 42.362771)"
17182,3493,2037,0.116234,0.25,2.0,2600.0,2600.0,"LINESTRING (-71.058429 42.3638789, -71.0589841 42.3635556)"
17183,3495,3496,0.086153,0.25,2.0,13200.0,13200.0,"LINESTRING (-71.058031 42.363752, -71.058287 42.3645038)"
17184,4159,4160,0.0692733333333333,0.25,2.0,8000.0,8000.0,"LINESTRING (-71.0583794 42.3647542, -71.0584466 42.3642894)"
17185,4160,3493,0.060756,0.25,2.0,8000.0,8000.0,"LINESTRING (-71.0584466 42.3642894, -71.058429 42.3638789)"
17186,2887,4302,0.1011066666666666,0.25,2.0,8000.0,8000.0,"LINESTRING (-71.0576726 42.3638137, -71.0582093 42.3643685)"
17187,3490,3491,0.057191,0.25,2.0,13200.0,13200.0,"LINESTRING (-71.0583972 42.3637251, -71.0579016 42.3633636)"
17188,3495,3493,0.035692,0.25,2.0,13200.0,13200.0,"LINESTRING (-71.058031 42.363752, -71.058429 42.3638789)"
17189,3493,3490,0.0230773333333333,0.25,2.0,8000.0,8000.0,"LINESTRING (-71.058429 42.3638789, -71.0583972 42.3637251)"
17190,4302,3496,0.0217533333333333,0.25,2.0,8000.0,8000.0,"LINESTRING (-71.0582093 42.3643685, -71.058287 42.3645038)"
17191,3496,4159,0.0383813333333333,0.25,2.0,8000.0,8000.0,"LINESTRING (-71.058287 42.3645038, -71.0583794 42.3647542)"
17192,525,527,0.188704,0.25,2.0,2600.0,2600.0,"LINESTRING (-71.0594631 42.3663886, -71.0585445 42.3668962)"
17193,527,525,0.188704,0.25,2.0,2600.0,2600.0,"LINESTRING (-71.0585445 42.3668962, -71.0594631 42.3663886)"
17194,527,1643,0.0246733333333333,0.25,2.0,8000.0,8000.0,"LINESTRING (-71.0585445 42.3668962, -71.058563 42.3670624)"
17195,1642,4833,0.08444,0.25,2.0,2600.0,2600.0,"LINESTRING (-71.0584463 42.3669707, -71.0580876 42.3672426)"
17196,4833,1642,0.08444,0.25,2.0,2600.0,2600.0,"LINESTRING (-71.0580876 42.3672426, -71.0584463 42.3669707)"
17197,1050,1051,0.096478,0.25,2.0,2600.0,2600.0,"LINESTRING (-71.0606251 42.3657102, -71.0601939 42.366004)"
17198,1051,4200,0.09667,0.25,2.0,2600.0,2600.0,"LINESTRING (-71.0601939 42.366004, -71.0607134 42.3658006)"
17199,1052,1050,0.100198,0.25,2.0,2600.0,2600.0,"LINESTRING (-71.0611214 42.3654487, -71.0606251 42.3657102)"
172,1314,4236,0.0824413333333333,0.25,2.0,8000.0,8000.0,"LINESTRING (-71.0770365 42.336457, -71.076536 42.3360423)"
17200,526,1051,0.07874,0.25,2.0,2600.0,2600.0,"LINESTRING (-71.0598082 42.3662131, -71.0601939 42.366004)"
17201,1051,526,0.07874,0.25,2.0,2600.0,2600.0,"LINESTRING (-71.0601939 42.366004, -71.0598082 42.3662131)"
17202,525,526,0.068988,0.25,2.0,2600.0,2600.0,"LINESTRING (-71.0594631 42.3663886, -71.0598082 42.3662131)"
17203,526,525,0.068988,0.25,2.0,2600.0,2600.0,"LINESTRING (-71.0598082 42.3662131, -71.0594631 42.3663886)"
17204,527,1644,0.2130146666666666,0.25,2.0,8000.0,8000.0,"LINESTRING (-71.0585445 42.3668962, -71.0583951 42.3654618)"
17205,1644,527,0.2130146666666666,0.25,2.0,8000.0,8000.0,"LINESTRING (-71.0583951 42.3654618, -71.0585445 42.3668962)"
17206,527,1642,0.0232,0.25,2.0,2600.0,2600.0,"LINESTRING (-71.0585445 42.3668962, -71.0584463 42.3669707)"
17207,1642,527,0.0232,0.25,2.0,2600.0,2600.0,"LINESTRING (-71.0584463 42.3669707, -71.0585445 42.3668962)"
17208,4158,1644,0.0325866666666666,0.25,2.0,8000.0,8000.0,"LINESTRING (-71.058391 42.365242, -71.0583951 42.3654618)"
17209,1644,4158,0.0325866666666666,0.25,2.0,8000.0,8000.0,"LINESTRING (-71.0583951 42.3654618, -71.058391 42.365242)"
17210,4833,1635,0.0673653333333333,0.25,2.0,8000.0,8000.0,"LINESTRING (-71.0580876 42.3672426, -71.0586959 42.3673032)"
17211,1643,1635,0.0385666666666666,0.25,2.0,8000.0,8000.0,"LINESTRING (-71.058563 42.3670624, -71.0586959 42.3673032)"
17212,2418,1409,0.5126866666666666,0.25,2.0,8000.0,8000.0,"LINESTRING (-71.0483549 42.3463111, -71.0514276 42.3437056)"
17213,1409,2418,0.5126866666666666,0.25,2.0,8000.0,8000.0,"LINESTRING (-71.0514276 42.3437056, -71.0483549 42.3463111)"
17214,2425,2427,1.419064,0.25,2.0,2600.0,2600.0,"LINESTRING (-71.0414383 42.3445493, -71.0470605 42.3397108)"
17215,2427,2425,1.419064,0.25,2.0,2600.0,2600.0,"LINESTRING (-71.0470605 42.3397108, -71.0414383 42.3445493)"
17216,3098,3099,0.385035,0.25,2.0,13200.0,13200.0,"LINESTRING (-71.0501069 42.3477204, -71.045682 42.3488342)"
17217,3098,3100,0.426978,0.25,2.0,13200.0,13200.0,"LINESTRING (-71.0501069 42.3477204, -71.0449788 42.3482728)"
17218,2172,2903,0.300362,0.25,2.0,13200.0,13200.0,"LINESTRING (-71.0514905 42.3476898, -71.0478681 42.3479949)"
17219,2172,3100,0.540387,0.25,2.0,13200.0,13200.0,"LINESTRING (-71.0514905 42.3476898, -71.0449788 42.3482728)"
17220,1622,1116,0.330394,0.25,2.0,2600.0,2600.0,"LINESTRING (-71.0494669 42.3490793, -71.0484666 42.3503684)"
17221,1116,1622,0.330394,0.25,2.0,2600.0,2600.0,"LINESTRING (-71.0484666 42.3503684, -71.0494669 42.3490793)"
17222,4480,4481,0.1107506666666666,0.25,2.0,8000.0,8000.0,"LINESTRING (-71.0497722 42.3512064, -71.0490141 42.3507133)"
17223,4481,4480,0.1107506666666666,0.25,2.0,8000.0,8000.0,"LINESTRING (-71.0490141 42.3507133, -71.0497722 42.3512064)"
17224,4486,4487,1.038032,0.25,2.0,2600.0,2600.0,"LINESTRING (-71.0437211 42.3449106, -71.0478348 42.3413727)"
17225,4487,4486,1.038032,0.25,2.0,2600.0,2600.0,"LINESTRING (-71.0478348 42.3413727, -71.0437211 42.3449106)"
17226,4487,4726,0.33645,0.25,2.0,2600.0,2600.0,"LINESTRING (-71.0478348 42.3413727, -71.0493744 42.3423678)"
17227,4726,4487,0.33645,0.25,2.0,2600.0,2600.0,"LINESTRING (-71.0493744 42.3423678, -71.0478348 42.3413727)"
17228,4836,4864,0.484998,0.25,2.0,2600.0,2600.0,"LINESTRING (-71.0484588 42.3494072, -71.0509637 42.3505525)"
17229,4864,4836,0.484998,0.25,2.0,2600.0,2600.0,"LINESTRING (-71.0509637 42.3505525, -71.0484588 42.3494072)"
17230,3109,3117,0.960588,0.25,2.0,13200.0,13200.0,"LINESTRING (-71.0457645 42.3486913, -71.0572786 42.3473409)"
17231,4838,4720,0.166842,0.25,2.0,2600.0,2600.0,"LINESTRING (-71.0492764 42.3401448, -71.048603 42.3407055)"
17232,4720,3891,0.337344,0.25,2.0,2600.0,2600.0,"LINESTRING (-71.048603 42.3407055, -71.0501482 42.3417019)"
17233,3891,4720,0.337344,0.25,2.0,2600.0,2600.0,"LINESTRING (-71.0501482 42.3417019, -71.048603 42.3407055)"
17234,4994,4986,0.228928,0.25,2.0,2600.0,2600.0,"LINESTRING (-71.0483604 42.3385894, -71.0492798 42.3378165)"
17235,1832,4986,0.335324,0.25,2.0,2600.0,2600.0,"LINESTRING (-71.0477495 42.3368233, -71.0492798 42.3378165)"
17236,4986,1832,0.335324,0.25,2.0,2600.0,2600.0,"LINESTRING (-71.0492798 42.3378165, -71.0477495 42.3368233)"
17237,4470,4762,0.172964,0.25,2.0,2600.0,2600.0,"LINESTRING (-71.0531135 42.3443931, -71.0525902 42.3450679)"
17238,4762,4470,0.172964,0.25,2.0,2600.0,2600.0,"LINESTRING (-71.0525902 42.3450679, -71.0531135 42.3443931)"
17267,2370,2373,0.345432,0.25,2.0,2600.0,2600.0,"LINESTRING (-71.0563402 42.3411207, -71.0547636 42.3400962)"
17268,2373,2370,0.345432,0.25,2.0,2600.0,2600.0,"LINESTRING (-71.0547636 42.3400962, -71.0563402 42.3411207)"
17269,3890,4129,0.257356,0.25,2.0,2600.0,2600.0,"LINESTRING (-71.052608 42.3422926, -71.0540139 42.342797)"
17270,3230,4707,0.0588426666666666,0.25,2.0,8000.0,8000.0,"LINESTRING (-71.0571417 42.3400381, -71.0570469 42.3404294)"
17271,4763,3230,0.074548,0.25,2.0,8000.0,8000.0,"LINESTRING (-71.0571669 42.3405407, -71.0571417 42.3400381)"
17272,4690,4965,0.337638,0.25,2.0,2600.0,2600.0,"LINESTRING (-71.0539237 42.3408057, -71.052379 42.3398081)"
17273,4965,4690,0.337638,0.25,2.0,2600.0,2600.0,"LINESTRING (-71.052379 42.3398081, -71.0539237 42.3408057)"
17274,2373,4966,0.1002,0.25,2.0,2600.0,2600.0,"LINESTRING (-71.0547636 42.3400962, -71.0543633 42.3404347)"
17275,4966,2373,0.1002,0.25,2.0,2600.0,2600.0,"LINESTRING (-71.0543633 42.3404347, -71.0547636 42.3400962)"
17276,4470,4655,0.245408,0.25,2.0,2600.0,2600.0,"LINESTRING (-71.0531135 42.3443931, -71.0537133 42.3433816)"
17277,4655,4470,0.245408,0.25,2.0,2600.0,2600.0,"LINESTRING (-71.0537133 42.3433816, -71.0531135 42.3443931)"
17350,2371,2372,0.077726,0.25,2.0,2600.0,2600.0,"LINESTRING (-71.0551707 42.339752, -71.0554816 42.3394891)"
17351,2372,2371,0.077726,0.25,2.0,2600.0,2600.0,"LINESTRING (-71.0554816 42.3394891, -71.0551707 42.339752)"
17352,3229,2773,0.0469413333333333,0.25,2.0,8000.0,8000.0,"LINESTRING (-71.0571207 42.3385487, -71.0571537 42.3382329)"
17353,3882,3883,0.18157,0.25,2.0,2600.0,2600.0,"LINESTRING (-71.0569604 42.3382351, -71.0562363 42.3388509)"
17354,3883,3882,0.18157,0.25,2.0,2600.0,2600.0,"LINESTRING (-71.0562363 42.3388509, -71.0569604 42.3382351)"
17355,2213,3229,0.0513,0.25,2.0,8000.0,8000.0,"LINESTRING (-71.0570563 42.3382062, -71.0571207 42.3385487)"
17378,1624,1625,0.217328,0.25,2.0,8000.0,8000.0,"LINESTRING (-71.0561501 42.3366145, -71.0569681 42.3379511)"
17379,2771,1626,0.1877586666666666,0.25,2.0,8000.0,8000.0,"LINESTRING (-71.0569604 42.3377323, -71.0562383 42.3365829)"
17380,1625,2214,0.0349533333333333,0.25,2.0,8000.0,8000.0,"LINESTRING (-71.0569681 42.3379511, -71.0566885 42.3380633)"
17381,2773,2770,0.20931,0.25,2.0,2600.0,2600.0,"LINESTRING (-71.0571537 42.3382329, -71.057091 42.3372917)"
17382,2773,2771,0.0772026666666666,0.25,2.0,8000.0,8000.0,"LINESTRING (-71.0571537 42.3382329, -71.0569604 42.3377323)"
17383,2771,1625,0.04867,0.25,2.0,2600.0,2600.0,"LINESTRING (-71.0569604 42.3377323, -71.0569681 42.3379511)"
17384,2770,2771,0.100106,0.25,2.0,2600.0,2600.0,"LINESTRING (-71.057091 42.3372917, -71.0569604 42.3377323)"
17385,1625,2213,0.0389853333333333,0.25,2.0,8000.0,8000.0,"LINESTRING (-71.0569681 42.3379511, -71.0570563 42.3382062)"
17386,3882,2213,0.017084,0.25,2.0,2600.0,2600.0,"LINESTRING (-71.0569604 42.3382351, -71.0570563 42.3382062)"
17387,2213,3882,0.017084,0.25,2.0,2600.0,2600.0,"LINESTRING (-71.0570563 42.3382062, -71.0569604 42.3382351)"
17388,3229,3230,0.2205426666666666,0.25,2.0,8000.0,8000.0,"LINESTRING (-71.0571207 42.3385487, -71.0571417 42.3400381)"
17389,3230,3229,0.2205426666666666,0.25,2.0,8000.0,8000.0,"LINESTRING (-71.0571417 42.3400381, -71.0571207 42.3385487)"
17390,4520,2372,0.181728,0.25,2.0,2600.0,2600.0,"LINESTRING (-71.0562095 42.3388737, -71.0554816 42.3394891)"
17391,2372,4520,0.181728,0.25,2.0,2600.0,2600.0,"LINESTRING (-71.0554816 42.3394891, -71.0562095 42.3388737)"
174,4184,1028,0.1232906666666666,0.25,2.0,8000.0,8000.0,"LINESTRING (-71.0870223 42.335769, -71.0877109 42.3364255)"
17400,4520,3883,0.006778,0.25,2.0,2600.0,2600.0,"LINESTRING (-71.0562095 42.3388737, -71.0562363 42.3388509)"
17401,3883,4520,0.006778,0.25,2.0,2600.0,2600.0,"LINESTRING (-71.0562363 42.3388509, -71.0562095 42.3388737)"
17404,2371,2373,0.101688,0.25,2.0,2600.0,2600.0,"LINESTRING (-71.0551707 42.339752, -71.0547636 42.3400962)"
17405,2373,2371,0.101688,0.25,2.0,2600.0,2600.0,"LINESTRING (-71.0547636 42.3400962, -71.0551707 42.339752)"
17406,4544,4647,0.187178,0.25,2.0,2600.0,2600.0,"LINESTRING (-71.0542906 42.3428639, -71.0553765 42.3431132)"
17407,4647,4544,0.187178,0.25,2.0,2600.0,2600.0,"LINESTRING (-71.0553765 42.3431132, -71.0542906 42.3428639)"
17408,4654,4670,0.110726,0.25,2.0,2600.0,2600.0,"LINESTRING (-71.0546026 42.3426063, -71.0550442 42.3422301)"
17409,4670,4654,0.110726,0.25,2.0,2600.0,2600.0,"LINESTRING (-71.0550442 42.3422301, -71.0546026 42.3426063)"
17410,4689,4690,0.34713,0.25,2.0,2600.0,2600.0,"LINESTRING (-71.0555089 42.3418346, -71.0539237 42.3408057)"
17411,4690,4689,0.34713,0.25,2.0,2600.0,2600.0,"LINESTRING (-71.0539237 42.3408057, -71.0555089 42.3418346)"
17412,4689,4670,0.116506,0.25,2.0,2600.0,2600.0,"LINESTRING (-71.0555089 42.3418346, -71.0550442 42.3422301)"
17413,4670,4689,0.116506,0.25,2.0,2600.0,2600.0,"LINESTRING (-71.0550442 42.3422301, -71.0555089 42.3418346)"
17414,4689,4070,0.351432,0.25,2.0,2600.0,2600.0,"LINESTRING (-71.0555089 42.3418346, -71.0571397 42.3428537)"
17415,4070,4689,0.351432,0.25,2.0,2600.0,2600.0,"LINESTRING (-71.0571397 42.3428537, -71.0555089 42.3418346)"
17416,4706,4070,0.096144,0.25,2.0,8000.0,8000.0,"LINESTRING (-71.0571208 42.3422048, -71.0571397 42.3428537)"
17417,4070,4706,0.096144,0.25,2.0,8000.0,8000.0,"LINESTRING (-71.0571397 42.3428537, -71.0571208 42.3422048)"
17418,2368,2370,0.100486,0.25,2.0,2600.0,2600.0,"LINESTRING (-71.0567386 42.3407785, -71.0563402 42.3411207)"
17419,2370,2368,0.100486,0.25,2.0,2600.0,2600.0,"LINESTRING (-71.0563402 42.3411207, -71.0567386 42.3407785)"
17420,2370,3749,0.162898,0.25,2.0,2600.0,2600.0,"LINESTRING (-71.0563402 42.3411207, -71.0571022 42.3415878)"
17421,3749,2370,0.162898,0.25,2.0,2600.0,2600.0,"LINESTRING (-71.0571022 42.3415878, -71.0563402 42.3411207)"
17422,2370,3750,0.100822,0.25,2.0,2600.0,2600.0,"LINESTRING (-71.0563402 42.3411207, -71.0559411 42.3414646)"
17423,3750,2370,0.100822,0.25,2.0,2600.0,2600.0,"LINESTRING (-71.0559411 42.3414646, -71.0563402 42.3411207)"
17424,2369,3749,0.1340973333333333,0.25,2.0,8000.0,8000.0,"LINESTRING (-71.0570131 42.3406854, -71.0571022 42.3415878)"
17425,3749,4763,0.155232,0.25,2.0,8000.0,8000.0,"LINESTRING (-71.0571022 42.3415878, -71.0571669 42.3405407)"
17426,2368,2369,0.049754,0.25,2.0,2600.0,2600.0,"LINESTRING (-71.0567386 42.3407785, -71.0570131 42.3406854)"
17427,4519,2368,0.072378,0.25,2.0,2600.0,2600.0,"LINESTRING (-71.0570296 42.3405348, -71.0567386 42.3407785)"
17428,4519,2369,0.0222946666666666,0.25,2.0,8000.0,8000.0,"LINESTRING (-71.0570296 42.3405348, -71.0570131 42.3406854)"
17429,2369,4763,0.040836,0.25,2.0,2600.0,2600.0,"LINESTRING (-71.0570131 42.3406854, -71.0571669 42.3405407)"
17430,4707,4519,0.0158106666666666,0.25,2.0,8000.0,8000.0,"LINESTRING (-71.0570469 42.3404294, -71.0570296 42.3405348)"
17431,4706,3749,0.0914053333333333,0.25,2.0,8000.0,8000.0,"LINESTRING (-71.0571208 42.3422048, -71.0571022 42.3415878)"
17432,3749,4706,0.0914053333333333,0.25,2.0,8000.0,8000.0,"LINESTRING (-71.0571022 42.3415878, -71.0571208 42.3422048)"
17433,4689,3750,0.108748,0.25,2.0,2600.0,2600.0,"LINESTRING (-71.0555089 42.3418346, -71.0559411 42.3414646)"
17434,3750,4689,0.108748,0.25,2.0,2600.0,2600.0,"LINESTRING (-71.0559411 42.3414646, -71.0555089 42.3418346)"
17435,4517,4518,0.058308,0.25,2.0,2600.0,2600.0,"LINESTRING (-71.0572083 42.3432573, -71.0572292 42.3435189)"
17436,4518,4517,0.058308,0.25,2.0,2600.0,2600.0,"LINESTRING (-71.0572292 42.3435189, -71.0572083 42.3432573)"
17437,4647,4664,0.237774,0.25,2.0,2600.0,2600.0,"LINESTRING (-71.0553765 42.3431132, -71.056754 42.3434304)"
17438,4664,4647,0.237774,0.25,2.0,2600.0,2600.0,"LINESTRING (-71.056754 42.3434304, -71.0553765 42.3431132)"
17439,4517,4070,0.09023,0.25,2.0,2600.0,2600.0,"LINESTRING (-71.0572083 42.3432573, -71.0571397 42.3428537)"
17440,4070,4517,0.09023,0.25,2.0,2600.0,2600.0,"LINESTRING (-71.0571397 42.3428537, -71.0572083 42.3432573)"
17441,4664,4518,0.080742,0.25,2.0,2600.0,2600.0,"LINESTRING (-71.056754 42.3434304, -71.0572292 42.3435189)"
17442,4518,4664,0.080742,0.25,2.0,2600.0,2600.0,"LINESTRING (-71.0572292 42.3435189, -71.056754 42.3434304)"
17443,4690,4966,0.109674,0.25,2.0,2600.0,2600.0,"LINESTRING (-71.0539237 42.3408057, -71.0543633 42.3404347)"
17444,4966,4690,0.109674,0.25,2.0,2600.0,2600.0,"LINESTRING (-71.0543633 42.3404347, -71.0539237 42.3408057)"
17445,4544,4654,0.077002,0.25,2.0,2600.0,2600.0,"LINESTRING (-71.0542906 42.3428639, -71.0546026 42.3426063)"
17446,4654,4544,0.077002,0.25,2.0,2600.0,2600.0,"LINESTRING (-71.0546026 42.3426063, -71.0542906 42.3428639)"
17447,4544,4655,0.14939,0.25,2.0,2600.0,2600.0,"LINESTRING (-71.0542906 42.3428639, -71.0537133 42.3433816)"
17448,4655,4544,0.14939,0.25,2.0,2600.0,2600.0,"LINESTRING (-71.0537133 42.3433816, -71.0542906 42.3428639)"
17449,4129,4544,0.048018,0.25,2.0,2600.0,2600.0,"LINESTRING (-71.0540139 42.342797, -71.0542906 42.3428639)"
17450,4990,4839,0.203792,0.25,2.0,2600.0,2600.0,"LINESTRING (-71.0516539 42.3381198, -71.0508471 42.3388152)"
17451,4839,4990,0.203792,0.25,2.0,2600.0,2600.0,"LINESTRING (-71.0508471 42.3388152, -71.0516539 42.3381198)"
17452,4986,4839,0.340388,0.25,2.0,2600.0,2600.0,"LINESTRING (-71.0492798 42.3378165, -71.0508471 42.3388152)"
17453,4839,4986,0.340388,0.25,2.0,2600.0,2600.0,"LINESTRING (-71.0508471 42.3388152, -71.0492798 42.3378165)"
17454,4965,4839,0.335296,0.25,2.0,2600.0,2600.0,"LINESTRING (-71.052379 42.3398081, -71.0508471 42.3388152)"
17455,4839,4965,0.335296,0.25,2.0,2600.0,2600.0,"LINESTRING (-71.0508471 42.3388152, -71.052379 42.3398081)"
17456,4945,4980,0.180836,0.25,2.0,2600.0,2600.0,"LINESTRING (-71.0531217 42.336884, -71.0523884 42.3374892)"
17457,4980,4945,0.180836,0.25,2.0,2600.0,2600.0,"LINESTRING (-71.0523884 42.3374892, -71.0531217 42.336884)"
17458,4990,4980,0.185168,0.25,2.0,2600.0,2600.0,"LINESTRING (-71.0516539 42.3381198, -71.0523884 42.3374892)"
17459,4980,4990,0.185168,0.25,2.0,2600.0,2600.0,"LINESTRING (-71.0523884 42.3374892, -71.0516539 42.3381198)"
17460,4947,4948,0.183276,0.25,2.0,2600.0,2600.0,"LINESTRING (-71.0508441 42.3364855, -71.0501125 42.3371068)"
17461,4948,4986,0.20901,0.25,2.0,2600.0,2600.0,"LINESTRING (-71.0501125 42.3371068, -71.0492798 42.3378165)"
17462,4837,4839,0.230354,0.25,2.0,2600.0,2600.0,"LINESTRING (-71.0499166 42.3395893, -71.0508471 42.3388152)"
17463,4839,4837,0.230354,0.25,2.0,2600.0,2600.0,"LINESTRING (-71.0508471 42.3388152, -71.0499166 42.3395893)"
17464,4837,4838,0.162538,0.25,2.0,2600.0,2600.0,"LINESTRING (-71.0499166 42.3395893, -71.0492764 42.3401448)"
17465,4838,4837,0.162538,0.25,2.0,2600.0,2600.0,"LINESTRING (-71.0492764 42.3401448, -71.0499166 42.3395893)"
17466,3889,3890,0.171152,0.25,2.0,2600.0,2600.0,"LINESTRING (-71.051714 42.342685, -71.052608 42.3422926)"
17467,3889,3891,0.338088,0.25,2.0,2600.0,2600.0,"LINESTRING (-71.051714 42.342685, -71.0501482 42.3417019)"
17468,3891,3889,0.338088,0.25,2.0,2600.0,2600.0,"LINESTRING (-71.0501482 42.3417019, -71.051714 42.342685)"
17469,4726,1409,0.450502,0.25,2.0,2600.0,2600.0,"LINESTRING (-71.0493744 42.3423678, -71.0514276 42.3437056)"
17470,1409,4726,0.450502,0.25,2.0,2600.0,2600.0,"LINESTRING (-71.0514276 42.3437056, -71.0493744 42.3423678)"
17471,4469,4470,0.198144,0.25,2.0,2600.0,2600.0,"LINESTRING (-71.0520129 42.3440334, -71.0531135 42.3443931)"
17472,4470,4469,0.198144,0.25,2.0,2600.0,2600.0,"LINESTRING (-71.0531135 42.3443931, -71.0520129 42.3440334)"
17473,4469,1409,0.120718,0.25,2.0,2600.0,2600.0,"LINESTRING (-71.0520129 42.3440334, -71.0514276 42.3437056)"
17474,1409,4469,0.120718,0.25,2.0,2600.0,2600.0,"LINESTRING (-71.0514276 42.3437056, -71.0520129 42.3440334)"
17475,1621,1623,0.143008,0.25,2.0,2600.0,2600.0,"LINESTRING (-71.0497423 42.348726, -71.0501766 42.3481688)"
17476,1623,1621,0.143008,0.25,2.0,2600.0,2600.0,"LINESTRING (-71.0501766 42.3481688, -71.0497423 42.348726)"
17477,3117,3118,0.246343,0.25,2.0,13200.0,13200.0,"LINESTRING (-71.0572786 42.3473409, -71.0568433 42.3495345)"
17478,2191,4326,0.500218,0.25,2.0,2600.0,2600.0,"LINESTRING (-71.0554434 42.3525863, -71.0528831 42.3513762)"
17479,4227,1281,0.1213479999999999,0.25,2.0,8000.0,8000.0,"LINESTRING (-71.0565927 42.3504516, -71.0562009 42.3512177)"
17480,3118,3149,0.268744,0.25,2.0,13200.0,13200.0,"LINESTRING (-71.0568433 42.3495345, -71.0558522 42.3518403)"
17481,3151,4227,0.1450413333333333,0.25,2.0,8000.0,8000.0,"LINESTRING (-71.0570743 42.3495396, -71.0565927 42.3504516)"
17482,1281,1282,0.1010693333333333,0.25,2.0,8000.0,8000.0,"LINESTRING (-71.0562009 42.3512177, -71.0558706 42.3518545)"
17483,1282,3729,0.21752,0.25,2.0,2600.0,2600.0,"LINESTRING (-71.0558706 42.3518545, -71.0571438 42.3521136)"
17484,3729,1282,0.21752,0.25,2.0,2600.0,2600.0,"LINESTRING (-71.0571438 42.3521136, -71.0558706 42.3518545)"
17485,1282,2191,0.1180346666666666,0.25,2.0,8000.0,8000.0,"LINESTRING (-71.0558706 42.3518545, -71.0554434 42.3525863)"
17486,2884,4259,0.11357,0.25,2.0,2600.0,2600.0,"LINESTRING (-71.0511185 42.3469586, -71.0514799 42.3465237)"
17487,4259,2884,0.11357,0.25,2.0,2600.0,2600.0,"LINESTRING (-71.0514799 42.3465237, -71.0511185 42.3469586)"
17488,4259,4762,0.371608,0.25,2.0,2600.0,2600.0,"LINESTRING (-71.0514799 42.3465237, -71.0525902 42.3450679)"
17489,4762,4259,0.371608,0.25,2.0,2600.0,2600.0,"LINESTRING (-71.0525902 42.3450679, -71.0514799 42.3465237)"
17490,1623,2883,0.152708,0.25,2.0,2600.0,2600.0,"LINESTRING (-71.0501766 42.3481688, -71.0506407 42.3475744)"
17491,2883,1623,0.152708,0.25,2.0,2600.0,2600.0,"LINESTRING (-71.0506407 42.3475744, -71.0501766 42.3481688)"
17492,2883,2884,0.157628,0.25,2.0,2600.0,2600.0,"LINESTRING (-71.0506407 42.3475744, -71.0511185 42.3469586)"
17493,2884,2883,0.157628,0.25,2.0,2600.0,2600.0,"LINESTRING (-71.0511185 42.3469586, -71.0506407 42.3475744)"
17494,4864,4325,0.371978,0.25,2.0,2600.0,2600.0,"LINESTRING (-71.0509637 42.3505525, -71.0528422 42.3514816)"
17495,2102,2989,0.312252,0.25,2.0,8000.0,8000.0,"LINESTRING (-71.0498401 42.3512505, -71.0522542 42.3523636)"
17496,2989,2102,0.312252,0.25,2.0,8000.0,8000.0,"LINESTRING (-71.0522542 42.3523636, -71.0498401 42.3512505)"
17497,4326,4864,0.36528,0.25,2.0,2600.0,2600.0,"LINESTRING (-71.0528831 42.3513762, -71.0509637 42.3505525)"
17498,4325,2989,0.218594,0.25,2.0,2600.0,2600.0,"LINESTRING (-71.0528422 42.3514816, -71.0522542 42.3523636)"
17499,2989,4325,0.218594,0.25,2.0,2600.0,2600.0,"LINESTRING (-71.0522542 42.3523636, -71.0528422 42.3514816)"
17500,4325,4326,0.0245,0.25,2.0,2600.0,2600.0,"LINESTRING (-71.0528422 42.3514816, -71.0528831 42.3513762)"
17501,4326,4325,0.0245,0.25,2.0,2600.0,2600.0,"LINESTRING (-71.0528831 42.3513762, -71.0528422 42.3514816)"
17502,1621,1622,0.090574,0.25,2.0,2600.0,2600.0,"LINESTRING (-71.0497423 42.348726, -71.0494669 42.3490793)"
17503,1622,1621,0.090574,0.25,2.0,2600.0,2600.0,"LINESTRING (-71.0494669 42.3490793, -71.0497423 42.348726)"
17504,2052,2102,0.093846,0.25,2.0,2600.0,2600.0,"LINESTRING (-71.0495583 42.3516179, -71.0498401 42.3512505)"
17505,2102,2052,0.093846,0.25,2.0,2600.0,2600.0,"LINESTRING (-71.0498401 42.3512505, -71.0495583 42.3516179)"
17506,4480,2102,0.010012,0.25,2.0,8000.0,8000.0,"LINESTRING (-71.0497722 42.3512064, -71.0498401 42.3512505)"
17507,2102,4480,0.010012,0.25,2.0,8000.0,8000.0,"LINESTRING (-71.0498401 42.3512505, -71.0497722 42.3512064)"
17508,2918,3589,0.258502,0.25,2.0,2600.0,2600.0,"LINESTRING (-71.0443121 42.3380109, -71.0455426 42.3387319)"
17509,3589,2918,0.258502,0.25,2.0,2600.0,2600.0,"LINESTRING (-71.0455426 42.3387319, -71.0443121 42.3380109)"
17510,4720,2427,0.336952,0.25,2.0,2600.0,2600.0,"LINESTRING (-71.048603 42.3407055, -71.0470605 42.3397108)"
17511,2427,4720,0.336952,0.25,2.0,2600.0,2600.0,"LINESTRING (-71.0470605 42.3397108, -71.048603 42.3407055)"
17512,2427,5037,0.164886,0.25,2.0,2600.0,2600.0,"LINESTRING (-71.0470605 42.3397108, -71.0477151 42.3391504)"
17513,5037,4994,0.163812,0.25,2.0,2600.0,2600.0,"LINESTRING (-71.0477151 42.3391504, -71.0483604 42.3385894)"
17514,3589,2427,0.33139,0.25,2.0,2600.0,2600.0,"LINESTRING (-71.0455426 42.3387319, -71.0470605 42.3397108)"
17515,2427,3589,0.33139,0.25,2.0,2600.0,2600.0,"LINESTRING (-71.0470605 42.3397108, -71.0455426 42.3387319)"
17516,4487,4720,0.194882,0.25,2.0,2600.0,2600.0,"LINESTRING (-71.0478348 42.3413727, -71.048603 42.3407055)"
17517,4720,4487,0.194882,0.25,2.0,2600.0,2600.0,"LINESTRING (-71.048603 42.3407055, -71.0478348 42.3413727)"
17518,2915,2917,0.212064,0.25,2.0,2600.0,2600.0,"LINESTRING (-71.0433109 42.3372851, -71.0425217 42.3380393)"
17519,2917,2915,0.212064,0.25,2.0,2600.0,2600.0,"LINESTRING (-71.0425217 42.3380393, -71.0433109 42.3372851)"
17520,3590,2917,0.227908,0.25,2.0,2600.0,2600.0,"LINESTRING (-71.0439045 42.3380047, -71.0425217 42.3380393)"
17521,2917,3590,0.227908,0.25,2.0,2600.0,2600.0,"LINESTRING (-71.0425217 42.3380393, -71.0439045 42.3380047)"
17522,2868,2870,0.104556,0.25,2.0,2600.0,2600.0,"LINESTRING (-71.044377 42.336374, -71.0439594 42.3367276)"
17523,2870,2868,0.104556,0.25,2.0,2600.0,2600.0,"LINESTRING (-71.0439594 42.3367276, -71.044377 42.336374)"
17524,2915,2916,0.009862,0.25,2.0,2600.0,2600.0,"LINESTRING (-71.0433109 42.3372851, -71.0433465 42.3372487)"
17525,2916,2915,0.009862,0.25,2.0,2600.0,2600.0,"LINESTRING (-71.0433465 42.3372487, -71.0433109 42.3372851)"
17526,2915,2918,0.230726,0.25,2.0,2600.0,2600.0,"LINESTRING (-71.0433109 42.3372851, -71.0443121 42.3380109)"
17527,2918,3590,0.06726,0.25,2.0,2600.0,2600.0,"LINESTRING (-71.0443121 42.3380109, -71.0439045 42.3380047)"
17528,3590,2918,0.06726,0.25,2.0,2600.0,2600.0,"LINESTRING (-71.0439045 42.3380047, -71.0443121 42.3380109)"
17529,2916,2870,0.15364,0.25,2.0,2600.0,2600.0,"LINESTRING (-71.0433465 42.3372487, -71.0439594 42.3367276)"
17530,2870,2916,0.15364,0.25,2.0,2600.0,2600.0,"LINESTRING (-71.0439594 42.3367276, -71.0433465 42.3372487)"
17531,2917,5033,0.15051,0.25,2.0,2600.0,2600.0,"LINESTRING (-71.0425217 42.3380393, -71.0416087 42.3380522)"
17532,5033,2917,0.15051,0.25,2.0,2600.0,2600.0,"LINESTRING (-71.0416087 42.3380522, -71.0425217 42.3380393)"
17533,1750,1751,0.305322,0.25,2.0,2600.0,2600.0,"LINESTRING (-71.0455428 42.3517347, -71.0439737 42.3510041)"
17534,2418,1138,0.4992773333333333,0.25,2.0,8000.0,8000.0,"LINESTRING (-71.0483549 42.3463111, -71.0471928 42.3495697)"
17535,1138,2418,0.4992773333333333,0.25,2.0,8000.0,8000.0,"LINESTRING (-71.0471928 42.3495697, -71.0483549 42.3463111)"
17536,2903,2904,0.240677,0.25,2.0,13200.0,13200.0,"LINESTRING (-71.0478681 42.3479949, -71.0454135 42.3491687)"
17537,2904,2914,0.090162,0.25,2.0,2600.0,2600.0,"LINESTRING (-71.0454135 42.3491687, -71.0448669 42.3491945)"
17538,3040,3041,0.417586,0.25,2.0,13200.0,13200.0,"LINESTRING (-71.0432995 42.3478778, -71.0483372 42.3482859)"
17539,3040,3042,0.40358,0.25,2.0,2600.0,2600.0,"LINESTRING (-71.0432995 42.3478778, -71.0455943 42.348512)"
17540,3072,3109,0.252816,0.25,2.0,13200.0,13200.0,"LINESTRING (-71.0428079 42.3480812, -71.0457645 42.3486913)"
17541,3110,3111,0.291118,0.25,2.0,2600.0,2600.0,"LINESTRING (-71.0431562 42.3491351, -71.0416072 42.3485053)"
17542,3108,3112,0.088417,0.25,2.0,13200.0,13200.0,"LINESTRING (-71.0434888 42.3484779, -71.0435424 42.3492731)"
17543,3108,3110,0.077967,0.25,2.0,13200.0,13200.0,"LINESTRING (-71.0434888 42.3484779, -71.0431562 42.3491351)"
17544,3099,2914,0.078215,0.25,2.0,13200.0,13200.0,"LINESTRING (-71.045682 42.3488342, -71.0448669 42.3491945)"
17545,4106,4107,0.33901,0.25,2.0,2600.0,2600.0,"LINESTRING (-71.0453793 42.3479612, -71.0433624 42.3476613)"
17546,3121,3109,0.152526,0.25,2.0,13200.0,13200.0,"LINESTRING (-71.0439776 42.3490515, -71.0457645 42.3486913)"
17547,3124,2913,0.127622,0.25,2.0,2600.0,2600.0,"LINESTRING (-71.0445408 42.3493491, -71.0453105 42.3492805)"
17548,2913,1751,0.44158,0.25,2.0,2600.0,2600.0,"LINESTRING (-71.0453105 42.3492805, -71.0439737 42.3510041)"
17549,2923,3512,0.304668,0.25,2.0,2600.0,2600.0,"LINESTRING (-71.0439051 42.3510999, -71.0454711 42.3518288)"
17550,3105,4836,0.92137,0.25,2.0,2600.0,2600.0,"LINESTRING (-71.0437452 42.3471774, -71.0484588 42.3494072)"
17551,4836,3101,0.921952,0.25,2.0,2600.0,2600.0,"LINESTRING (-71.0484588 42.3494072, -71.0438243 42.3470826)"
176,3169,3487,0.902673,0.25,2.0,13200.0,13200.0,"LINESTRING (-71.0647452 42.3346675, -71.0621278 42.3425587)"
17640,2418,2419,0.328064,0.25,2.0,2600.0,2600.0,"LINESTRING (-71.0483549 42.3463111, -71.0470387 42.3474194)"
17641,2419,2418,0.328064,0.25,2.0,2600.0,2600.0,"LINESTRING (-71.0470387 42.3474194, -71.0483549 42.3463111)"
17642,2905,2419,0.06126,0.25,2.0,13200.0,13200.0,"LINESTRING (-71.0471905 42.3479591, -71.0470387 42.3474194)"
17643,2905,3114,0.05378,0.25,2.0,13200.0,13200.0,"LINESTRING (-71.0471905 42.3479591, -71.0465505 42.3478637)"
17644,2903,2905,0.056009,0.25,2.0,13200.0,13200.0,"LINESTRING (-71.0478681 42.3479949, -71.0471905 42.3479591)"
17645,3042,3114,0.213412,0.25,2.0,2600.0,2600.0,"LINESTRING (-71.0455943 42.348512, -71.0465505 42.3478637)"
17646,4509,4106,0.257374,0.25,2.0,2600.0,2600.0,"LINESTRING (-71.0468342 42.3475396, -71.0453793 42.3479612)"
17647,4510,3113,0.073328,0.25,2.0,13200.0,13200.0,"LINESTRING (-71.0463723 42.347882, -71.0455325 42.3480999)"
17648,4510,4106,0.08229,0.25,2.0,13200.0,13200.0,"LINESTRING (-71.0463723 42.347882, -71.0453793 42.3479612)"
17649,2419,4509,0.043172,0.25,2.0,2600.0,2600.0,"LINESTRING (-71.0470387 42.3474194, -71.0468342 42.3475396)"
17650,3114,2419,0.127544,0.25,2.0,2600.0,2600.0,"LINESTRING (-71.0465505 42.3478637, -71.0470387 42.3474194)"
17651,4509,4510,0.053781,0.25,2.0,13200.0,13200.0,"LINESTRING (-71.0468342 42.3475396, -71.0463723 42.347882)"
17652,3114,4510,0.014802,0.25,2.0,13200.0,13200.0,"LINESTRING (-71.0465505 42.3478637, -71.0463723 42.347882)"
17653,3042,3113,0.046049,0.25,2.0,13200.0,13200.0,"LINESTRING (-71.0455943 42.348512, -71.0455325 42.3480999)"
17654,2913,1138,0.316876,0.25,2.0,2600.0,2600.0,"LINESTRING (-71.0453105 42.3492805, -71.0471928 42.3495697)"
17655,4481,1116,0.07888,0.25,2.0,8000.0,8000.0,"LINESTRING (-71.0490141 42.3507133, -71.0484666 42.3503684)"
17656,1116,4481,0.07888,0.25,2.0,8000.0,8000.0,"LINESTRING (-71.0484666 42.3503684, -71.0490141 42.3507133)"
17657,1138,2904,0.30656,0.25,2.0,2600.0,2600.0,"LINESTRING (-71.0471928 42.3495697, -71.0454135 42.3491687)"
17658,1115,1130,0.0657386666666666,0.25,2.0,8000.0,8000.0,"LINESTRING (-71.0482475 42.3502284, -71.0477941 42.3499375)"
17659,1130,1115,0.0657386666666666,0.25,2.0,8000.0,8000.0,"LINESTRING (-71.0477941 42.3499375, -71.0482475 42.3502284)"
17660,1115,1116,0.0318453333333333,0.25,2.0,8000.0,8000.0,"LINESTRING (-71.0482475 42.3502284, -71.0484666 42.3503684)"
17661,1116,1115,0.0318453333333333,0.25,2.0,8000.0,8000.0,"LINESTRING (-71.0484666 42.3503684, -71.0482475 42.3502284)"
17662,1130,1138,0.085616,0.25,2.0,8000.0,8000.0,"LINESTRING (-71.0477941 42.3499375, -71.0471928 42.3495697)"
17663,1138,1130,0.085616,0.25,2.0,8000.0,8000.0,"LINESTRING (-71.0471928 42.3495697, -71.0477941 42.3499375)"
17664,3099,2904,0.043313,0.25,2.0,13200.0,13200.0,"LINESTRING (-71.045682 42.3488342, -71.0454135 42.3491687)"
17665,2904,2913,0.03012,0.25,2.0,2600.0,2600.0,"LINESTRING (-71.0454135 42.3491687, -71.0453105 42.3492805)"
17666,3512,3513,0.216284,0.25,2.0,2600.0,2600.0,"LINESTRING (-71.0454711 42.3518288, -71.0465838 42.3523448)"
17667,2050,1750,0.219086,0.25,2.0,2600.0,2600.0,"LINESTRING (-71.0466711 42.3522566, -71.0455428 42.3517347)"
17668,2050,3513,0.024244,0.25,2.0,2600.0,2600.0,"LINESTRING (-71.0466711 42.3522566, -71.0465838 42.3523448)"
17669,1144,1146,0.069414,0.25,2.0,2600.0,2600.0,"LINESTRING (-71.0420404 42.3462747, -71.0417522 42.3465031)"
17670,3101,3102,0.314152,0.25,2.0,2600.0,2600.0,"LINESTRING (-71.0438243 42.3470826, -71.0422701 42.3462643)"
17671,1145,3105,0.31746,0.25,2.0,2600.0,2600.0,"LINESTRING (-71.0421751 42.3463493, -71.0437452 42.3471774)"
17672,3072,3108,0.071368,0.25,2.0,13200.0,13200.0,"LINESTRING (-71.0428079 42.3480812, -71.0434888 42.3484779)"
17673,4107,3078,0.218142,0.25,2.0,2600.0,2600.0,"LINESTRING (-71.0433624 42.3476613, -71.0422018 42.3471875)"
17674,3078,4107,0.218142,0.25,2.0,2600.0,2600.0,"LINESTRING (-71.0422018 42.3471875, -71.0433624 42.3476613)"
17675,3078,3040,0.237024,0.25,2.0,2600.0,2600.0,"LINESTRING (-71.0422018 42.3471875, -71.0432995 42.3478778)"
17676,1149,1145,0.183916,0.25,2.0,2600.0,2600.0,"LINESTRING (-71.0414371 42.3469701, -71.0421751 42.3463493)"
17677,1149,3040,0.36722,0.25,2.0,2600.0,2600.0,"LINESTRING (-71.0414371 42.3469701, -71.0432995 42.3478778)"
17678,4486,2426,0.186918,0.25,2.0,2600.0,2600.0,"LINESTRING (-71.0437211 42.3449106, -71.0429472 42.3455258)"
17679,4488,4486,0.185954,0.25,2.0,2600.0,2600.0,"LINESTRING (-71.0430342 42.3455753, -71.0437211 42.3449106)"
17680,3514,1146,0.124286,0.25,2.0,2600.0,2600.0,"LINESTRING (-71.0415499 42.3459636, -71.0417522 42.3465031)"
177,3169,2284,0.648154,0.25,2.0,13200.0,13200.0,"LINESTRING (-71.0647452 42.3346675, -71.0631585 42.3403832)"
17725,4107,3040,0.049314,0.25,2.0,2600.0,2600.0,"LINESTRING (-71.0433624 42.3476613, -71.0432995 42.3478778)"
17726,1144,1145,0.027662,0.25,2.0,2600.0,2600.0,"LINESTRING (-71.0420404 42.3462747, -71.0421751 42.3463493)"
17727,2425,2426,0.330086,0.25,2.0,2600.0,2600.0,"LINESTRING (-71.0414383 42.3445493, -71.0429472 42.3455258)"
17728,2426,2425,0.330086,0.25,2.0,2600.0,2600.0,"LINESTRING (-71.0429472 42.3455258, -71.0414383 42.3445493)"
17729,3103,1144,0.02423,0.25,2.0,2600.0,2600.0,"LINESTRING (-71.0421481 42.3462013, -71.0420404 42.3462747)"
17730,3927,3103,0.101512,0.25,2.0,2600.0,2600.0,"LINESTRING (-71.0425584 42.3458599, -71.0421481 42.3462013)"
17731,3102,4488,0.198198,0.25,2.0,2600.0,2600.0,"LINESTRING (-71.0422701 42.3462643, -71.0430342 42.3455753)"
17732,2426,3927,0.09806,0.25,2.0,2600.0,2600.0,"LINESTRING (-71.0429472 42.3455258, -71.0425584 42.3458599)"
17733,4488,2426,0.018002,0.25,2.0,2600.0,2600.0,"LINESTRING (-71.0430342 42.3455753, -71.0429472 42.3455258)"
17734,2426,4488,0.018002,0.25,2.0,2600.0,2600.0,"LINESTRING (-71.0429472 42.3455258, -71.0430342 42.3455753)"
17735,3102,3103,0.024498,0.25,2.0,2600.0,2600.0,"LINESTRING (-71.0422701 42.3462643, -71.0421481 42.3462013)"
17736,1145,3102,0.02453,0.25,2.0,2600.0,2600.0,"LINESTRING (-71.0421751 42.3463493, -71.0422701 42.3462643)"
17737,3514,1144,0.106276,0.25,2.0,2600.0,2600.0,"LINESTRING (-71.0415499 42.3459636, -71.0420404 42.3462747)"
17738,1146,1147,0.087624,0.25,2.0,2600.0,2600.0,"LINESTRING (-71.0417522 42.3465031, -71.0414097 42.3468047)"
17739,1147,1149,0.036926,0.25,2.0,2600.0,2600.0,"LINESTRING (-71.0414097 42.3468047, -71.0414371 42.3469701)"
17740,1751,2924,0.219228,0.25,2.0,2600.0,2600.0,"LINESTRING (-71.0439737 42.3510041, -71.0428741 42.3504486)"
17741,2924,3123,0.262144,0.25,2.0,2600.0,2600.0,"LINESTRING (-71.0428741 42.3504486, -71.0436329 42.3494116)"
17742,1154,4328,0.37117,0.25,2.0,2600.0,2600.0,"LINESTRING (-71.0415174 42.3485907, -71.0434982 42.3493855)"
17743,4482,2923,0.220248,0.25,2.0,2600.0,2600.0,"LINESTRING (-71.0428235 42.3505177, -71.0439051 42.3510999)"
17744,4328,3127,0.254486,0.25,2.0,2600.0,2600.0,"LINESTRING (-71.0434982 42.3493855, -71.0427775 42.3503988)"
17745,3120,3121,0.036171,0.25,2.0,13200.0,13200.0,"LINESTRING (-71.0442354 42.3493162, -71.0439776 42.3490515)"
17746,3120,3122,0.08686,0.25,2.0,2600.0,2600.0,"LINESTRING (-71.0442354 42.3493162, -71.0437077 42.3493093)"
17747,3123,3124,0.150284,0.25,2.0,2600.0,2600.0,"LINESTRING (-71.0436329 42.3494116, -71.0445408 42.3493491)"
17748,3124,4329,0.046086,0.25,2.0,2600.0,2600.0,"LINESTRING (-71.0445408 42.3493491, -71.044751 42.3492116)"
17749,4329,3120,0.088116,0.25,2.0,2600.0,2600.0,"LINESTRING (-71.044751 42.3492116, -71.0442354 42.3493162)"
17750,2914,4329,0.019486,0.25,2.0,2600.0,2600.0,"LINESTRING (-71.0448669 42.3491945, -71.044751 42.3492116)"
17751,3122,3112,0.0285,0.25,2.0,2600.0,2600.0,"LINESTRING (-71.0437077 42.3493093, -71.0435424 42.3492731)"
17752,3122,3121,0.036193,0.25,2.0,13200.0,13200.0,"LINESTRING (-71.0437077 42.3493093, -71.0439776 42.3490515)"
17753,4328,3123,0.022984,0.25,2.0,2600.0,2600.0,"LINESTRING (-71.0434982 42.3493855, -71.0436329 42.3494116)"
17754,3123,3122,0.026006,0.25,2.0,2600.0,2600.0,"LINESTRING (-71.0436329 42.3494116, -71.0437077 42.3493093)"
17755,3112,4328,0.02613,0.25,2.0,2600.0,2600.0,"LINESTRING (-71.0435424 42.3492731, -71.0434982 42.3493855)"
17756,3112,3110,0.070612,0.25,2.0,2600.0,2600.0,"LINESTRING (-71.0435424 42.3492731, -71.0431562 42.3491351)"
17757,4258,2922,0.146594,0.25,2.0,2600.0,2600.0,"LINESTRING (-71.0433993 42.3518284, -71.0441536 42.3521768)"
17758,2922,4258,0.146594,0.25,2.0,2600.0,2600.0,"LINESTRING (-71.0441536 42.3521768, -71.0433993 42.3518284)"
17759,4258,2923,0.181962,0.25,2.0,2600.0,2600.0,"LINESTRING (-71.0433993 42.3518284, -71.0439051 42.3510999)"
17760,2923,4258,0.181962,0.25,2.0,2600.0,2600.0,"LINESTRING (-71.0439051 42.3510999, -71.0433993 42.3518284)"
17761,1751,2923,0.02417,0.25,2.0,2600.0,2600.0,"LINESTRING (-71.0439737 42.3510041, -71.0439051 42.3510999)"
17762,2923,1751,0.02417,0.25,2.0,2600.0,2600.0,"LINESTRING (-71.0439051 42.3510999, -71.0439737 42.3510041)"
17763,2924,3127,0.019466,0.25,2.0,2600.0,2600.0,"LINESTRING (-71.0428741 42.3504486, -71.0427775 42.3503988)"
17764,4483,4482,0.019352,0.25,2.0,2600.0,2600.0,"LINESTRING (-71.0427253 42.3504696, -71.0428235 42.3505177)"
17765,4482,2924,0.017482,0.25,2.0,2600.0,2600.0,"LINESTRING (-71.0428235 42.3505177, -71.0428741 42.3504486)"
17766,3127,4483,0.017952,0.25,2.0,2600.0,2600.0,"LINESTRING (-71.0427775 42.3503988, -71.0427253 42.3504696)"
17767,2048,2049,0.613584,0.25,2.0,2600.0,2600.0,"LINESTRING (-71.0484087 42.3531322, -71.0514164 42.3547614)"
17768,2049,2048,0.613584,0.25,2.0,2600.0,2600.0,"LINESTRING (-71.0514164 42.3547614, -71.0484087 42.3531322)"
17769,3073,3074,0.24766,0.25,2.0,13200.0,13200.0,"LINESTRING (-71.0541664 42.361184, -71.052305 42.3594327)"
17770,3076,1949,0.259705,0.25,2.0,13200.0,13200.0,"LINESTRING (-71.0564242 42.3620201, -71.0537156 42.3608231)"
17771,1950,4253,0.10694,0.25,2.0,2600.0,2600.0,"LINESTRING (-71.0558935 42.3607208, -71.0555242 42.3611165)"
17772,4253,1950,0.10694,0.25,2.0,2600.0,2600.0,"LINESTRING (-71.0555242 42.3611165, -71.0558935 42.3607208)"
17773,1951,4357,0.109924,0.25,2.0,2600.0,2600.0,"LINESTRING (-71.0532089 42.3605369, -71.0528086 42.3609329)"
17774,4357,1951,0.109924,0.25,2.0,2600.0,2600.0,"LINESTRING (-71.0528086 42.3609329, -71.0532089 42.3605369)"
17775,3017,1949,0.15872,0.25,2.0,8000.0,8000.0,"LINESTRING (-71.0549053 42.361432, -71.0537156 42.3608231)"
17776,3150,3069,0.452198,0.25,2.0,13200.0,13200.0,"LINESTRING (-71.0515094 42.358289, -71.0545026 42.3617008)"
17777,3163,4357,0.2213626666666666,0.25,2.0,8000.0,8000.0,"LINESTRING (-71.0518168 42.3596323, -71.0528086 42.3609329)"
178,4943,4945,0.187354,0.25,2.0,2600.0,2600.0,"LINESTRING (-71.0538704 42.3362486, -71.0531217 42.336884)"
17808,531,532,0.1762026666666666,0.25,2.0,8000.0,8000.0,"LINESTRING (-71.0520637 42.355246, -71.0533452 42.3545304)"
17809,943,944,0.020138,0.25,2.0,2600.0,2600.0,"LINESTRING (-71.053366 42.3576995, -71.0532568 42.3576593)"
17810,944,943,0.020138,0.25,2.0,2600.0,2600.0,"LINESTRING (-71.0532568 42.3576593, -71.053366 42.3576995)"
17811,1004,1005,0.1906746666666666,0.25,2.0,8000.0,8000.0,"LINESTRING (-71.0563276 42.3568244, -71.0556894 42.3556271)"
17812,1949,1951,0.069968,0.25,2.0,8000.0,8000.0,"LINESTRING (-71.0537156 42.3608231, -71.0532089 42.3605369)"
17813,2049,2053,0.298536,0.25,2.0,13200.0,13200.0,"LINESTRING (-71.0514164 42.3547614, -71.0513407 42.3574484)"
17814,2984,2985,0.0993986666666666,0.25,2.0,8000.0,8000.0,"LINESTRING (-71.0536274 42.3536759, -71.052873 42.3540473)"
17815,3265,1924,0.0714186666666666,0.25,2.0,8000.0,8000.0,"LINESTRING (-71.0516362 42.3571585, -71.051524 42.3566835)"
17816,945,1194,0.160856,0.25,2.0,2600.0,2600.0,"LINESTRING (-71.0539973 42.357975, -71.0532816 42.3584684)"
17817,1194,3807,0.088404,0.25,2.0,2600.0,2600.0,"LINESTRING (-71.0532816 42.3584684, -71.0536873 42.3587291)"
17818,2985,532,0.132526,0.25,2.0,2600.0,2600.0,"LINESTRING (-71.052873 42.3540473, -71.0533452 42.3545304)"
17819,4135,4049,0.154174,0.25,2.0,2600.0,2600.0,"LINESTRING (-71.0524347 42.3595359, -71.0533482 42.3593838)"
17820,3074,2054,0.476864,0.25,2.0,13200.0,13200.0,"LINESTRING (-71.052305 42.3594327, -71.0518733 42.3551524)"
17821,3074,4113,0.390277,0.25,2.0,13200.0,13200.0,"LINESTRING (-71.052305 42.3594327, -71.0513608 42.3559896)"
17822,4114,4142,0.42886,0.25,2.0,13200.0,13200.0,"LINESTRING (-71.0527076 42.3546952, -71.0571623 42.3526969)"
17823,4114,3990,0.316722,0.25,2.0,13200.0,13200.0,"LINESTRING (-71.0527076 42.3546952, -71.0559079 42.3531148)"
17824,2055,4134,0.189548,0.25,2.0,8000.0,8000.0,"LINESTRING (-71.050771 42.3566823, -71.0513366 42.3578908)"
17825,3618,4914,0.22964,0.25,2.0,2600.0,2600.0,"LINESTRING (-71.0540266 42.3552362, -71.0532 42.3560681)"
17826,5291,1001,0.233844,0.25,2.0,2600.0,2600.0,"LINESTRING (-71.0548928 42.356063, -71.05575 42.3569024)"
17827,5294,5293,0.131726,0.25,2.0,2600.0,2600.0,"LINESTRING (-71.0532751 42.3569494, -71.053929 42.356608)"
17828,1181,1487,0.291492,0.25,2.0,2600.0,2600.0,"LINESTRING (-71.0573229 42.3567508, -71.0573423 42.3554387)"
17829,1189,5420,0.288024,0.25,2.0,2600.0,2600.0,"LINESTRING (-71.0565291 42.3555025, -71.0567607 42.3567881)"
179,4945,4943,0.187354,0.25,2.0,2600.0,2600.0,"LINESTRING (-71.0531217 42.336884, -71.0538704 42.3362486)"
17902,1005,1188,0.1830839999999999,0.25,2.0,8000.0,8000.0,"LINESTRING (-71.0556894 42.3556271, -71.0546606 42.3546538)"
17903,1188,3618,0.166228,0.25,2.0,2600.0,2600.0,"LINESTRING (-71.0546606 42.3546538, -71.0540266 42.3552362)"
17904,532,3618,0.19295,0.25,2.0,2600.0,2600.0,"LINESTRING (-71.0533452 42.3545304, -71.0540266 42.3552362)"
17905,3164,1189,0.42094,0.25,2.0,2600.0,2600.0,"LINESTRING (-71.0561898 42.3536248, -71.0565291 42.3555025)"
17906,3164,1188,0.340202,0.25,2.0,2600.0,2600.0,"LINESTRING (-71.0561898 42.3536248, -71.0546606 42.3546538)"
17907,4327,2984,0.2431453333333333,0.25,2.0,8000.0,8000.0,"LINESTRING (-71.0553737 42.3526682, -71.0536274 42.3536759)"
17908,3619,3990,0.249288,0.25,2.0,8000.0,8000.0,"LINESTRING (-71.0541073 42.3541385, -71.0559079 42.3531148)"
17909,3619,4142,0.298348,0.25,2.0,13200.0,13200.0,"LINESTRING (-71.0541073 42.3541385, -71.0571623 42.3526969)"
17910,5291,1005,0.16305,0.25,2.0,2600.0,2600.0,"LINESTRING (-71.0548928 42.356063, -71.0556894 42.3556271)"
17929,2189,1022,0.1227499999999999,0.25,2.0,2600.0,2600.0,"LINESTRING (-71.056257 42.3529172, -71.0568689 42.3532315)"
17930,1022,2189,0.1227499999999999,0.25,2.0,2600.0,2600.0,"LINESTRING (-71.0568689 42.3532315, -71.056257 42.3529172)"
17931,1022,3164,0.14192,0.25,2.0,2600.0,2600.0,"LINESTRING (-71.0568689 42.3532315, -71.0561898 42.3536248)"
17944,4327,2189,0.155664,0.25,2.0,2600.0,2600.0,"LINESTRING (-71.0553737 42.3526682, -71.056257 42.3529172)"
17945,3990,2189,0.0482693333333333,0.25,2.0,8000.0,8000.0,"LINESTRING (-71.0559079 42.3531148, -71.056257 42.3529172)"
17946,1005,1189,0.141126,0.25,2.0,2600.0,2600.0,"LINESTRING (-71.0556894 42.3556271, -71.0565291 42.3555025)"
17947,1189,1487,0.134716,0.25,2.0,2600.0,2600.0,"LINESTRING (-71.0565291 42.3555025, -71.0573423 42.3554387)"
17948,1188,3619,0.0975786666666666,0.25,2.0,8000.0,8000.0,"LINESTRING (-71.0546606 42.3546538, -71.0541073 42.3541385)"
17949,532,3619,0.1017866666666666,0.25,2.0,8000.0,8000.0,"LINESTRING (-71.0533452 42.3545304, -71.0541073 42.3541385)"
17950,3619,2984,0.0865026666666666,0.25,2.0,8000.0,8000.0,"LINESTRING (-71.0541073 42.3541385, -71.0536274 42.3536759)"
17951,3618,5291,0.232632,0.25,2.0,2600.0,2600.0,"LINESTRING (-71.0540266 42.3552362, -71.0548928 42.356063)"
17952,5293,5291,0.199726,0.25,2.0,2600.0,2600.0,"LINESTRING (-71.053929 42.356608, -71.0548928 42.356063)"
17953,1001,1003,0.125008,0.25,2.0,2600.0,2600.0,"LINESTRING (-71.05575 42.3569024, -71.0551093 42.3572033)"
17954,1286,1287,0.13394,0.25,2.0,2600.0,2600.0,"LINESTRING (-71.0543732 42.3586486, -71.0546532 42.3592153)"
17955,1287,1286,0.13394,0.25,2.0,2600.0,2600.0,"LINESTRING (-71.0546532 42.3592153, -71.0543732 42.3586486)"
17956,1949,1950,0.359402,0.25,2.0,2600.0,2600.0,"LINESTRING (-71.0537156 42.3608231, -71.0558935 42.3607208)"
17957,1287,2029,0.13769,0.25,2.0,2600.0,2600.0,"LINESTRING (-71.0546532 42.3592153, -71.0554679 42.3590775)"
17958,2030,2032,0.1244666666666666,0.25,2.0,8000.0,8000.0,"LINESTRING (-71.0568043 42.3588803, -71.0565502 42.358061)"
17959,2032,2030,0.1244666666666666,0.25,2.0,8000.0,8000.0,"LINESTRING (-71.0565502 42.358061, -71.0568043 42.3588803)"
17960,2030,1180,0.301628,0.25,2.0,2600.0,2600.0,"LINESTRING (-71.0568043 42.3588803, -71.057332 42.35758)"
17961,3807,540,0.025134,0.25,2.0,2600.0,2600.0,"LINESTRING (-71.0536873 42.3587291, -71.0537998 42.3588047)"
18,4156,1149,0.16892,0.25,2.0,2600.0,2600.0,"LINESTRING (-71.0407793 42.3475534, -71.0414371 42.3469701)"
180,5028,4947,0.182292,0.25,2.0,2600.0,2600.0,"LINESTRING (-71.0515702 42.3358666, -71.0508441 42.3364855)"
18004,1001,1002,0.18679,0.25,2.0,2600.0,2600.0,"LINESTRING (-71.05575 42.3569024, -71.0564128 42.3575841)"
18005,1002,1004,0.1129479999999999,0.25,2.0,8000.0,8000.0,"LINESTRING (-71.0564128 42.3575841, -71.0563276 42.3568244)"
18006,1002,2032,0.0722319999999999,0.25,2.0,8000.0,8000.0,"LINESTRING (-71.0564128 42.3575841, -71.0565502 42.358061)"
18007,2032,1002,0.0722319999999999,0.25,2.0,8000.0,8000.0,"LINESTRING (-71.0565502 42.358061, -71.0564128 42.3575841)"
18008,5420,1004,0.071794,0.25,2.0,2600.0,2600.0,"LINESTRING (-71.0567607 42.3567881, -71.0563276 42.3568244)"
18009,1180,1002,0.151426,0.25,2.0,2600.0,2600.0,"LINESTRING (-71.057332 42.35758, -71.0564128 42.3575841)"
18010,1180,1181,0.184176,0.25,2.0,2600.0,2600.0,"LINESTRING (-71.057332 42.35758, -71.0573229 42.3567508)"
18011,1181,5420,0.092966,0.25,2.0,2600.0,2600.0,"LINESTRING (-71.0573229 42.3567508, -71.0567607 42.3567881)"
18012,1004,1001,0.096802,0.25,2.0,2600.0,2600.0,"LINESTRING (-71.0563276 42.3568244, -71.05575 42.3569024)"
18013,2030,2031,0.306702,0.25,2.0,2600.0,2600.0,"LINESTRING (-71.0568043 42.3588803, -71.0571395 42.360238)"
18014,4202,2030,0.31025,0.25,2.0,2600.0,2600.0,"LINESTRING (-71.0572906 42.3602293, -71.0568043 42.3588803)"
18015,1950,4252,0.158676,0.25,2.0,2600.0,2600.0,"LINESTRING (-71.0558935 42.3607208, -71.0567367 42.3603767)"
18016,4252,1950,0.158676,0.25,2.0,2600.0,2600.0,"LINESTRING (-71.0567367 42.3603767, -71.0558935 42.3607208)"
18017,3687,2030,0.14913,0.25,2.0,2600.0,2600.0,"LINESTRING (-71.0559131 42.3589984, -71.0568043 42.3588803)"
18018,4252,4862,0.071322,0.25,2.0,2600.0,2600.0,"LINESTRING (-71.0567367 42.3603767, -71.0571626 42.3603195)"
18019,4862,4202,0.029214,0.25,2.0,2600.0,2600.0,"LINESTRING (-71.0571626 42.3603195, -71.0572906 42.3602293)"
18020,2031,4862,0.018642,0.25,2.0,2600.0,2600.0,"LINESTRING (-71.0571395 42.360238, -71.0571626 42.3603195)"
18021,2031,4252,0.07308,0.25,2.0,2600.0,2600.0,"LINESTRING (-71.0571395 42.360238, -71.0567367 42.3603767)"
18022,4202,2031,0.025124,0.25,2.0,2600.0,2600.0,"LINESTRING (-71.0572906 42.3602293, -71.0571395 42.360238)"
18023,2029,3687,0.075444,0.25,2.0,2600.0,2600.0,"LINESTRING (-71.0554679 42.3590775, -71.0559131 42.3589984)"
18024,943,945,0.120592,0.25,2.0,2600.0,2600.0,"LINESTRING (-71.053366 42.3576995, -71.0539973 42.357975)"
18025,945,943,0.120592,0.25,2.0,2600.0,2600.0,"LINESTRING (-71.0539973 42.357975, -71.053366 42.3576995)"
18026,1286,1288,0.074456,0.25,2.0,2600.0,2600.0,"LINESTRING (-71.0543732 42.3586486, -71.0542078 42.358337)"
18027,1288,1286,0.074456,0.25,2.0,2600.0,2600.0,"LINESTRING (-71.0542078 42.358337, -71.0543732 42.3586486)"
18028,3885,945,0.095186,0.25,2.0,2600.0,2600.0,"LINESTRING (-71.0544211 42.357684, -71.0539973 42.357975)"
18029,1003,5377,0.045396,0.25,2.0,2600.0,2600.0,"LINESTRING (-71.0551093 42.3572033, -71.0549013 42.3573374)"
18030,5377,3885,0.110444,0.25,2.0,2600.0,2600.0,"LINESTRING (-71.0549013 42.3573374, -71.0544211 42.357684)"
18031,1288,945,0.087616,0.25,2.0,2600.0,2600.0,"LINESTRING (-71.0542078 42.358337, -71.0539973 42.357975)"
18032,945,1288,0.087616,0.25,2.0,2600.0,2600.0,"LINESTRING (-71.0539973 42.357975, -71.0542078 42.358337)"
18033,2034,1287,0.0621279999999999,0.25,2.0,2600.0,2600.0,"LINESTRING (-71.05428 42.3592559, -71.0546532 42.3592153)"
18048,540,541,0.11423,0.25,2.0,2600.0,2600.0,"LINESTRING (-71.0537998 42.3588047, -71.0540934 42.3592707)"
18049,4050,541,0.087122,0.25,2.0,2600.0,2600.0,"LINESTRING (-71.0535741 42.3593462, -71.0540934 42.3592707)"
18050,541,2034,0.03099,0.25,2.0,2600.0,2600.0,"LINESTRING (-71.0540934 42.3592707, -71.05428 42.3592559)"
18051,4049,4050,0.038182,0.25,2.0,2600.0,2600.0,"LINESTRING (-71.0533482 42.3593838, -71.0535741 42.3593462)"
18052,2049,2055,0.2932026666666666,0.25,2.0,8000.0,8000.0,"LINESTRING (-71.0514164 42.3547614, -71.050771 42.3566823)"
18053,1924,2055,0.124074,0.25,2.0,2600.0,2600.0,"LINESTRING (-71.051524 42.3566835, -71.050771 42.3566823)"
18054,2985,2049,0.1918346666666666,0.25,2.0,8000.0,8000.0,"LINESTRING (-71.052873 42.3540473, -71.0514164 42.3547614)"
18055,1923,1924,0.131086,0.25,2.0,2600.0,2600.0,"LINESTRING (-71.0523003 42.3565541, -71.051524 42.3566835)"
18056,1924,531,0.2210839999999999,0.25,2.0,8000.0,8000.0,"LINESTRING (-71.051524 42.3566835, -71.0520637 42.355246)"
18057,4113,4114,0.181682,0.25,2.0,13200.0,13200.0,"LINESTRING (-71.0513608 42.3559896, -71.0527076 42.3546952)"
18058,1999,1923,0.088008,0.25,2.0,2600.0,2600.0,"LINESTRING (-71.0528055 42.3564248, -71.0523003 42.3565541)"
18059,4914,1999,0.102598,0.25,2.0,2600.0,2600.0,"LINESTRING (-71.0532 42.3560681, -71.0528055 42.3564248)"
18060,2049,2054,0.114962,0.25,2.0,2600.0,2600.0,"LINESTRING (-71.0514164 42.3547614, -71.0518733 42.3551524)"
18061,2054,531,0.03777,0.25,2.0,2600.0,2600.0,"LINESTRING (-71.0518733 42.3551524, -71.0520637 42.355246)"
18062,2054,2049,0.114962,0.25,2.0,2600.0,2600.0,"LINESTRING (-71.0518733 42.3551524, -71.0514164 42.3547614)"
18063,538,539,0.0412093333333333,0.25,2.0,8000.0,8000.0,"LINESTRING (-71.0522628 42.3589471, -71.0521781 42.3586764)"
18064,1944,1946,0.0426359999999999,0.25,2.0,8000.0,8000.0,"LINESTRING (-71.051578 42.3587741, -71.0516556 42.3590559)"
18065,2053,4301,0.218342,0.25,2.0,13200.0,13200.0,"LINESTRING (-71.0513407 42.3574484, -71.0519782 42.3593564)"
18066,3150,4301,0.124662,0.25,2.0,13200.0,13200.0,"LINESTRING (-71.0515094 42.358289, -71.0519782 42.3593564)"
18067,2959,1193,0.099694,0.25,2.0,2600.0,2600.0,"LINESTRING (-71.0522701 42.3580622, -71.0528041 42.3582733)"
18068,3263,3264,0.014624,0.25,2.0,2600.0,2600.0,"LINESTRING (-71.0522489 42.3572798, -71.0523283 42.3573097)"
18069,3264,3263,0.014624,0.25,2.0,2600.0,2600.0,"LINESTRING (-71.0523283 42.3573097, -71.0522489 42.3572798)"
18070,1194,539,0.187682,0.25,2.0,2600.0,2600.0,"LINESTRING (-71.0532816 42.3584684, -71.0521781 42.3586764)"
18071,1945,3265,0.1128306666666666,0.25,2.0,8000.0,8000.0,"LINESTRING (-71.0519427 42.3578857, -71.0516362 42.3571585)"
18072,944,1192,0.10512,0.25,2.0,2600.0,2600.0,"LINESTRING (-71.0532568 42.3576593, -71.0526882 42.3574447)"
18073,1192,944,0.10512,0.25,2.0,2600.0,2600.0,"LINESTRING (-71.0526882 42.3574447, -71.0532568 42.3576593)"
18074,1192,5294,0.14662,0.25,2.0,2600.0,2600.0,"LINESTRING (-71.0526882 42.3574447, -71.0532751 42.3569494)"
18075,3264,1192,0.066468,0.25,2.0,2600.0,2600.0,"LINESTRING (-71.0523283 42.3573097, -71.0526882 42.3574447)"
18076,1192,3264,0.066468,0.25,2.0,2600.0,2600.0,"LINESTRING (-71.0526882 42.3574447, -71.0523283 42.3573097)"
18077,1193,1194,0.089888,0.25,2.0,2600.0,2600.0,"LINESTRING (-71.0528041 42.3582733, -71.0532816 42.3584684)"
18078,3263,3265,0.10452,0.25,2.0,2600.0,2600.0,"LINESTRING (-71.0522489 42.3572798, -71.0516362 42.3571585)"
18079,3265,3263,0.10452,0.25,2.0,2600.0,2600.0,"LINESTRING (-71.0516362 42.3571585, -71.0522489 42.3572798)"
18080,539,1944,0.10123,0.25,2.0,2600.0,2600.0,"LINESTRING (-71.0521781 42.3586764, -71.051578 42.3587741)"
18081,539,1945,0.1198186666666666,0.25,2.0,8000.0,8000.0,"LINESTRING (-71.0521781 42.3586764, -71.0519427 42.3578857)"
18082,4134,1944,0.1334306666666666,0.25,2.0,8000.0,8000.0,"LINESTRING (-71.0513366 42.3578908, -71.051578 42.3587741)"
18083,4134,1945,0.099856,0.25,2.0,2600.0,2600.0,"LINESTRING (-71.0513366 42.3578908, -71.0519427 42.3578857)"
18084,1945,2959,0.066572,0.25,2.0,2600.0,2600.0,"LINESTRING (-71.0519427 42.3578857, -71.0522701 42.3580622)"
18085,4135,538,0.0892573333333333,0.25,2.0,8000.0,8000.0,"LINESTRING (-71.0524347 42.3595359, -71.0522628 42.3589471)"
18086,1951,4135,0.1709026666666666,0.25,2.0,8000.0,8000.0,"LINESTRING (-71.0532089 42.3605369, -71.0524347 42.3595359)"
18087,3163,4135,0.104034,0.25,2.0,2600.0,2600.0,"LINESTRING (-71.0518168 42.3596323, -71.0524347 42.3595359)"
18088,1946,3163,0.087124,0.25,2.0,8000.0,8000.0,"LINESTRING (-71.0516556 42.3590559, -71.0518168 42.3596323)"
18089,2896,2701,0.083352,0.25,2.0,2600.0,2600.0,"LINESTRING (-71.0531756 42.3650892, -71.053461 42.364779)"
18090,2701,2896,0.083352,0.25,2.0,2600.0,2600.0,"LINESTRING (-71.053461 42.364779, -71.0531756 42.3650892)"
18091,4360,4361,0.114594,0.25,2.0,2600.0,2600.0,"LINESTRING (-71.051104 42.3653419, -71.0510646 42.3648267)"
18092,4361,4360,0.114594,0.25,2.0,2600.0,2600.0,"LINESTRING (-71.0510646 42.3648267, -71.051104 42.3653419)"
18093,5157,292,0.0834773333333333,0.25,2.0,8000.0,8000.0,"LINESTRING (-71.0533026 42.3612303, -71.0539224 42.3615567)"
18094,4832,5005,0.161182,0.25,2.0,2600.0,2600.0,"LINESTRING (-71.0534 42.367525, -71.0525283 42.3671955)"
18095,5005,4832,0.161182,0.25,2.0,2600.0,2600.0,"LINESTRING (-71.0525283 42.3671955, -71.0534 42.367525)"
181,5029,2868,0.197194,0.25,2.0,2600.0,2600.0,"LINESTRING (-71.044269 42.3354899, -71.044377 42.336374)"
18114,293,3014,0.1217533333333333,0.25,2.0,8000.0,8000.0,"LINESTRING (-71.054919 42.3620603, -71.0558143 42.362545)"
18115,2698,3015,0.169528,0.25,2.0,8000.0,8000.0,"LINESTRING (-71.0565069 42.3621519, -71.0551817 42.3615649)"
18116,3014,3019,0.125128,0.25,2.0,2600.0,2600.0,"LINESTRING (-71.0558143 42.362545, -71.0553021 42.3629607)"
18117,3019,3014,0.125128,0.25,2.0,2600.0,2600.0,"LINESTRING (-71.0553021 42.3629607, -71.0558143 42.362545)"
18118,3020,2697,0.0890866666666666,0.25,2.0,8000.0,8000.0,"LINESTRING (-71.0563149 42.3628294, -71.0569466 42.363206)"
18119,3076,3070,0.188825,0.25,2.0,13200.0,13200.0,"LINESTRING (-71.0564242 42.3620201, -71.0541935 42.3624099)"
18120,3016,4253,0.070486,0.25,2.0,2600.0,2600.0,"LINESTRING (-71.0553135 42.3613926, -71.0555242 42.3611165)"
18121,4253,3016,0.070486,0.25,2.0,2600.0,2600.0,"LINESTRING (-71.0555242 42.3611165, -71.0553135 42.3613926)"
18122,4261,4154,0.094469,0.25,2.0,13200.0,13200.0,"LINESTRING (-71.05492 42.3627517, -71.0559066 42.3623193)"
18137,947,949,0.120704,0.25,2.0,2600.0,2600.0,"LINESTRING (-71.0573218 42.3616868, -71.0567404 42.3620174)"
18138,949,947,0.120704,0.25,2.0,2600.0,2600.0,"LINESTRING (-71.0567404 42.3620174, -71.0573218 42.3616868)"
18139,2698,3014,0.143734,0.25,2.0,2600.0,2600.0,"LINESTRING (-71.0565069 42.3621519, -71.0558143 42.362545)"
18140,3014,2698,0.143734,0.25,2.0,2600.0,2600.0,"LINESTRING (-71.0558143 42.362545, -71.0565069 42.3621519)"
18141,2698,949,0.048716,0.25,2.0,2600.0,2600.0,"LINESTRING (-71.0565069 42.3621519, -71.0567404 42.3620174)"
18142,949,2698,0.048716,0.25,2.0,2600.0,2600.0,"LINESTRING (-71.0567404 42.3620174, -71.0565069 42.3621519)"
18143,3014,3020,0.069264,0.25,2.0,8000.0,8000.0,"LINESTRING (-71.0558143 42.362545, -71.0563149 42.3628294)"
18148,2697,2886,0.0375173333333333,0.25,2.0,8000.0,8000.0,"LINESTRING (-71.0569466 42.363206, -71.0571994 42.3633766)"
18149,292,293,0.132448,0.25,2.0,8000.0,8000.0,"LINESTRING (-71.0539224 42.3615567, -71.054919 42.3620603)"
18150,3069,293,0.05258,0.25,2.0,13200.0,13200.0,"LINESTRING (-71.0545026 42.3617008, -71.054919 42.3620603)"
18151,3069,3015,0.05794,0.25,2.0,13200.0,13200.0,"LINESTRING (-71.0545026 42.3617008, -71.0551817 42.3615649)"
18152,3015,3017,0.0362453333333333,0.25,2.0,8000.0,8000.0,"LINESTRING (-71.0551817 42.3615649, -71.0549053 42.361432)"
18153,3016,3017,0.067778,0.25,2.0,2600.0,2600.0,"LINESTRING (-71.0553135 42.3613926, -71.0549053 42.361432)"
18154,3015,3016,0.043886,0.25,2.0,2600.0,2600.0,"LINESTRING (-71.0551817 42.3615649, -71.0553135 42.3613926)"
18155,2700,2702,0.18691,0.25,2.0,2600.0,2600.0,"LINESTRING (-71.0539163 42.364322, -71.0546285 42.3636674)"
18156,2702,2700,0.18691,0.25,2.0,2600.0,2600.0,"LINESTRING (-71.0546285 42.3636674, -71.0539163 42.364322)"
18163,3019,3858,0.184338,0.25,2.0,2600.0,2600.0,"LINESTRING (-71.0553021 42.3629607, -71.0546566 42.3636394)"
18164,3858,3019,0.184338,0.25,2.0,2600.0,2600.0,"LINESTRING (-71.0546566 42.3636394, -71.0553021 42.3629607)"
18165,2702,3858,0.007842,0.25,2.0,2600.0,2600.0,"LINESTRING (-71.0546285 42.3636674, -71.0546566 42.3636394)"
18166,3858,2702,0.007842,0.25,2.0,2600.0,2600.0,"LINESTRING (-71.0546566 42.3636394, -71.0546285 42.3636674)"
18167,2700,2701,0.126204,0.25,2.0,2600.0,2600.0,"LINESTRING (-71.0539163 42.364322, -71.053461 42.364779)"
18168,2701,2700,0.126204,0.25,2.0,2600.0,2600.0,"LINESTRING (-71.053461 42.364779, -71.0539163 42.364322)"
18173,4830,4831,0.436668,0.25,2.0,2600.0,2600.0,"LINESTRING (-71.0540368 42.3677576, -71.0566069 42.3682385)"
18174,4831,4830,0.436668,0.25,2.0,2600.0,2600.0,"LINESTRING (-71.0566069 42.3682385, -71.0540368 42.3677576)"
18181,4831,5245,0.169088,0.25,2.0,2600.0,2600.0,"LINESTRING (-71.0566069 42.3682385, -71.057398 42.367754)"
18182,5245,4831,0.169088,0.25,2.0,2600.0,2600.0,"LINESTRING (-71.057398 42.367754, -71.0566069 42.3682385)"
18183,4830,4832,0.117014,0.25,2.0,2600.0,2600.0,"LINESTRING (-71.0540368 42.3677576, -71.0534 42.367525)"
18184,4832,4830,0.117014,0.25,2.0,2600.0,2600.0,"LINESTRING (-71.0534 42.367525, -71.0540368 42.3677576)"
18185,2929,2931,0.198232,0.25,2.0,2600.0,2600.0,"LINESTRING (-71.0510543 42.3622581, -71.0519657 42.3616763)"
18186,2931,2929,0.198232,0.25,2.0,2600.0,2600.0,"LINESTRING (-71.0519657 42.3616763, -71.0510543 42.3622581)"
18187,2930,5334,0.250114,0.25,2.0,2600.0,2600.0,"LINESTRING (-71.0510047 42.3626279, -71.0510629 42.3637532)"
18188,5334,2930,0.250114,0.25,2.0,2600.0,2600.0,"LINESTRING (-71.0510629 42.3637532, -71.0510047 42.3626279)"
18189,2931,4357,0.215726,0.25,2.0,2600.0,2600.0,"LINESTRING (-71.0519657 42.3616763, -71.0528086 42.3609329)"
18190,4357,2931,0.215726,0.25,2.0,2600.0,2600.0,"LINESTRING (-71.0528086 42.3609329, -71.0519657 42.3616763)"
18191,4357,5157,0.069852,0.25,2.0,8000.0,8000.0,"LINESTRING (-71.0528086 42.3609329, -71.0533026 42.3612303)"
18192,2929,2930,0.082596,0.25,2.0,2600.0,2600.0,"LINESTRING (-71.0510543 42.3622581, -71.0510047 42.3626279)"
18193,2930,2929,0.082596,0.25,2.0,2600.0,2600.0,"LINESTRING (-71.0510047 42.3626279, -71.0510543 42.3622581)"
18194,4734,5334,0.053334,0.25,2.0,2600.0,2600.0,"LINESTRING (-71.0510715 42.3639927, -71.0510629 42.3637532)"
18195,5334,4734,0.053334,0.25,2.0,2600.0,2600.0,"LINESTRING (-71.0510629 42.3637532, -71.0510715 42.3639927)"
18196,4733,4361,0.139744,0.25,2.0,2600.0,2600.0,"LINESTRING (-71.0510724 42.3641983, -71.0510646 42.3648267)"
18197,4361,4733,0.139744,0.25,2.0,2600.0,2600.0,"LINESTRING (-71.0510646 42.3648267, -71.0510724 42.3641983)"
18198,4733,4734,0.045544,0.25,2.0,2600.0,2600.0,"LINESTRING (-71.0510724 42.3641983, -71.0510715 42.3639927)"
18199,4734,4733,0.045544,0.25,2.0,2600.0,2600.0,"LINESTRING (-71.0510715 42.3639927, -71.0510724 42.3641983)"
182,5036,846,0.12966,0.25,2.0,2600.0,2600.0,"LINESTRING (-71.0792629 42.3365467, -71.0798317 42.3361439)"
18200,4358,4359,0.032368,0.25,2.0,2600.0,2600.0,"LINESTRING (-71.0512334 42.366037, -71.051296 42.366175)"
18201,4359,4358,0.032368,0.25,2.0,2600.0,2600.0,"LINESTRING (-71.051296 42.366175, -71.0512334 42.366037)"
18202,5003,5005,0.255438,0.25,2.0,2600.0,2600.0,"LINESTRING (-71.0514037 42.3664035, -71.0525283 42.3671955)"
18203,5005,5003,0.255438,0.25,2.0,2600.0,2600.0,"LINESTRING (-71.0525283 42.3671955, -71.0514037 42.3664035)"
18204,5005,5002,0.158502,0.25,2.0,2600.0,2600.0,"LINESTRING (-71.0525283 42.3671955, -71.052714 42.366496)"
18205,5002,5005,0.158502,0.25,2.0,2600.0,2600.0,"LINESTRING (-71.052714 42.366496, -71.0525283 42.3671955)"
18212,415,417,0.050086,0.25,2.0,2600.0,2600.0,"LINESTRING (-71.0528554 42.3658516, -71.0528019 42.3660739)"
18213,417,415,0.050086,0.25,2.0,2600.0,2600.0,"LINESTRING (-71.0528019 42.3660739, -71.0528554 42.3658516)"
18214,524,5003,0.225806,0.25,2.0,2600.0,2600.0,"LINESTRING (-71.052759 42.366251, -71.0514037 42.3664035)"
18215,5003,524,0.225806,0.25,2.0,2600.0,2600.0,"LINESTRING (-71.0514037 42.3664035, -71.052759 42.366251)"
18226,414,416,0.070844,0.25,2.0,2600.0,2600.0,"LINESTRING (-71.0529452 42.3655893, -71.0530662 42.3652827)"
18227,416,414,0.070844,0.25,2.0,2600.0,2600.0,"LINESTRING (-71.0530662 42.3652827, -71.0529452 42.3655893)"
18228,2896,416,0.046754,0.25,2.0,2600.0,2600.0,"LINESTRING (-71.0531756 42.3650892, -71.0530662 42.3652827)"
18229,416,2896,0.046754,0.25,2.0,2600.0,2600.0,"LINESTRING (-71.0530662 42.3652827, -71.0531756 42.3650892)"
18230,414,415,0.06028,0.25,2.0,2600.0,2600.0,"LINESTRING (-71.0529452 42.3655893, -71.0528554 42.3658516)"
18231,415,414,0.06028,0.25,2.0,2600.0,2600.0,"LINESTRING (-71.0528554 42.3658516, -71.0529452 42.3655893)"
18232,417,524,0.039956,0.25,2.0,2600.0,2600.0,"LINESTRING (-71.0528019 42.3660739, -71.052759 42.366251)"
18233,524,417,0.039956,0.25,2.0,2600.0,2600.0,"LINESTRING (-71.052759 42.366251, -71.0528019 42.3660739)"
18234,524,5002,0.054932,0.25,2.0,2600.0,2600.0,"LINESTRING (-71.052759 42.366251, -71.052714 42.366496)"
18235,5002,524,0.054932,0.25,2.0,2600.0,2600.0,"LINESTRING (-71.052714 42.366496, -71.052759 42.366251)"
18240,5003,4359,0.053896,0.25,2.0,2600.0,2600.0,"LINESTRING (-71.0514037 42.3664035, -71.051296 42.366175)"
18241,4359,5003,0.053896,0.25,2.0,2600.0,2600.0,"LINESTRING (-71.051296 42.366175, -71.0514037 42.3664035)"
18242,4358,4360,0.155858,0.25,2.0,2600.0,2600.0,"LINESTRING (-71.0512334 42.366037, -71.051104 42.3653419)"
18243,4360,4358,0.155858,0.25,2.0,2600.0,2600.0,"LINESTRING (-71.051104 42.3653419, -71.0512334 42.366037)"
18244,2919,2051,0.18171,0.25,2.0,2600.0,2600.0,"LINESTRING (-71.0469024 42.3534616, -71.0478353 42.3538978)"
18245,2051,2919,0.18171,0.25,2.0,2600.0,2600.0,"LINESTRING (-71.0478353 42.3538978, -71.0469024 42.3534616)"
18246,2048,2051,0.194694,0.25,2.0,2600.0,2600.0,"LINESTRING (-71.0484087 42.3531322, -71.0478353 42.3538978)"
18247,2051,2048,0.194694,0.25,2.0,2600.0,2600.0,"LINESTRING (-71.0478353 42.3538978, -71.0484087 42.3531322)"
18248,2919,2920,0.177716,0.25,2.0,2600.0,2600.0,"LINESTRING (-71.0469024 42.3534616, -71.0459896 42.3530349)"
18249,2920,2919,0.177716,0.25,2.0,2600.0,2600.0,"LINESTRING (-71.0459896 42.3530349, -71.0469024 42.3534616)"
18250,2921,2920,0.138304,0.25,2.0,2600.0,2600.0,"LINESTRING (-71.0452802 42.3527032, -71.0459896 42.3530349)"
18251,2920,2921,0.138304,0.25,2.0,2600.0,2600.0,"LINESTRING (-71.0459896 42.3530349, -71.0452802 42.3527032)"
18252,1160,1162,0.4813760000000001,0.25,2.0,2600.0,2600.0,"LINESTRING (-71.0562687 42.3753085, -71.0583111 42.3737585)"
18253,1162,1160,0.4813760000000001,0.25,2.0,2600.0,2600.0,"LINESTRING (-71.0583111 42.3737585, -71.0562687 42.3753085)"
18254,2727,2728,1.074242,0.25,2.0,13200.0,13200.0,"LINESTRING (-71.072404 42.387513, -71.0701548 42.3779869)"
18255,2729,2963,0.1609906666666666,0.25,2.0,8000.0,8000.0,"LINESTRING (-71.0731298 42.3862485, -71.0734986 42.3851969)"
18256,3213,3215,1.045089,0.25,2.0,13200.0,13200.0,"LINESTRING (-71.0699035 42.3780731, -71.0723278 42.3873084)"
18257,1745,4671,1.597714,0.25,2.0,2600.0,2600.0,"LINESTRING (-71.0615923 42.3807848, -71.0520588 42.3794555)"
18258,4671,1745,1.597714,0.25,2.0,2600.0,2600.0,"LINESTRING (-71.0520588 42.3794555, -71.0615923 42.3807848)"
18259,3826,3215,0.370252,0.25,2.0,8000.0,8000.0,"LINESTRING (-71.0727629 42.3848291, -71.0723278 42.3873084)"
18260,5143,5144,0.304212,0.25,2.0,2600.0,2600.0,"LINESTRING (-71.0587367 42.3776564, -71.0570587 42.3770842)"
18261,5144,5143,0.304212,0.25,2.0,2600.0,2600.0,"LINESTRING (-71.0570587 42.3770842, -71.0587367 42.3776564)"
18262,3358,5196,0.279474,0.25,2.0,2600.0,2600.0,"LINESTRING (-71.0570142 42.3791506, -71.058628 42.379539)"
18263,5196,3358,0.279474,0.25,2.0,2600.0,2600.0,"LINESTRING (-71.058628 42.379539, -71.0570142 42.3791506)"
18278,1763,1765,0.232772,0.25,2.0,2600.0,2600.0,"LINESTRING (-71.0647293 42.3821032, -71.065959 42.382619)"
18279,1765,1763,0.232772,0.25,2.0,2600.0,2600.0,"LINESTRING (-71.065959 42.382619, -71.0647293 42.3821032)"
18280,2224,2225,0.240661,0.25,2.0,13200.0,13200.0,"LINESTRING (-71.0662038 42.371035, -71.0642021 42.3694566)"
18281,2728,2864,0.11685,0.25,2.0,13200.0,13200.0,"LINESTRING (-71.0701548 42.3779869, -71.0695814 42.3770247)"
18282,3813,3815,0.04115,0.25,2.0,2600.0,2600.0,"LINESTRING (-71.0665251 42.377078, -71.0666875 42.3772187)"
18283,3815,3813,0.04115,0.25,2.0,2600.0,2600.0,"LINESTRING (-71.0666875 42.3772187, -71.0665251 42.377078)"
18284,893,2496,0.064943,0.25,2.0,13200.0,13200.0,"LINESTRING (-71.0656215 42.3726664, -71.0653002 42.3721319)"
18285,893,2494,0.055673,0.25,2.0,13200.0,13200.0,"LINESTRING (-71.0656215 42.3726664, -71.0650653 42.3723813)"
18286,4109,4312,0.632823,0.25,2.0,13200.0,13200.0,"LINESTRING (-71.0649457 42.3725064, -71.0693622 42.3771679)"
18287,4109,4313,0.231302,0.25,2.0,13200.0,13200.0,"LINESTRING (-71.0649457 42.3725064, -71.0671944 42.3737542)"
18288,1607,5149,0.104498,0.25,2.0,2600.0,2600.0,"LINESTRING (-71.0658655 42.3805614, -71.065339 42.380298)"
18289,5149,1607,0.104498,0.25,2.0,2600.0,2600.0,"LINESTRING (-71.065339 42.380298, -71.0658655 42.3805614)"
18290,5162,5163,0.25162,0.25,2.0,2600.0,2600.0,"LINESTRING (-71.0658125 42.3765432, -71.0647278 42.3757452)"
18291,5163,5162,0.25162,0.25,2.0,2600.0,2600.0,"LINESTRING (-71.0647278 42.3757452, -71.0658125 42.3765432)"
18292,5193,1955,0.222388,0.25,2.0,2600.0,2600.0,"LINESTRING (-71.0654436 42.3749852, -71.0666815 42.3745838)"
18293,1955,5193,0.222388,0.25,2.0,2600.0,2600.0,"LINESTRING (-71.0666815 42.3745838, -71.0654436 42.3749852)"
18294,4312,3213,0.10996,0.25,2.0,13200.0,13200.0,"LINESTRING (-71.0693622 42.3771679, -71.0699035 42.3780731)"
183,1028,4676,0.12312,0.25,2.0,8000.0,8000.0,"LINESTRING (-71.0877109 42.3364255, -71.0871441 42.3357092)"
18361,2864,892,0.570665,0.25,2.0,13200.0,13200.0,"LINESTRING (-71.0695814 42.3770247, -71.0657666 42.3727359)"
18362,320,892,0.211517,0.25,2.0,13200.0,13200.0,"LINESTRING (-71.0677911 42.3739082, -71.0657666 42.3727359)"
18363,3130,3037,0.551326,0.25,2.0,13200.0,13200.0,"LINESTRING (-71.067064 42.371874, -71.0723757 42.374894)"
18376,3044,2224,0.264272,0.25,2.0,13200.0,13200.0,"LINESTRING (-71.0690581 42.3721219, -71.0662038 42.371035)"
18377,892,893,0.014321,0.25,2.0,13200.0,13200.0,"LINESTRING (-71.0657666 42.3727359, -71.0656215 42.3726664)"
18378,318,319,0.067504,0.25,2.0,2600.0,2600.0,"LINESTRING (-71.0679169 42.3741271, -71.0675349 42.3742373)"
18379,3434,320,0.034333,0.25,2.0,13200.0,13200.0,"LINESTRING (-71.0673881 42.3739868, -71.0677911 42.3739082)"
18380,2864,897,0.300161,0.25,2.0,13200.0,13200.0,"LINESTRING (-71.0695814 42.3770247, -71.0681747 42.3745316)"
18381,1954,900,0.06797,0.25,2.0,2600.0,2600.0,"LINESTRING (-71.0675987 42.3743468, -71.067975 42.3742209)"
18382,1954,4209,0.026917,0.25,2.0,13200.0,13200.0,"LINESTRING (-71.0675987 42.3743468, -71.0677357 42.3745668)"
18383,4210,4312,0.254092,0.25,2.0,13200.0,13200.0,"LINESTRING (-71.068052 42.375097, -71.0693622 42.3771679)"
184,2110,1425,0.1536626666666666,0.25,2.0,8000.0,8000.0,"LINESTRING (-71.0993119 42.3361549, -71.0980664 42.3366262)"
18406,897,899,0.0589359999999999,0.25,2.0,13200.0,13200.0,"LINESTRING (-71.0681747 42.3745316, -71.0684774 42.374051)"
18407,900,318,0.011482,0.25,2.0,13200.0,13200.0,"LINESTRING (-71.067975 42.3742209, -71.0679169 42.3741271)"
18408,900,899,0.09091,0.25,2.0,2600.0,2600.0,"LINESTRING (-71.067975 42.3742209, -71.0684774 42.374051)"
18409,4609,320,0.039541,0.25,2.0,13200.0,13200.0,"LINESTRING (-71.0682421 42.3740297, -71.0677911 42.3739082)"
18410,4609,318,0.057712,0.25,2.0,2600.0,2600.0,"LINESTRING (-71.0682421 42.3740297, -71.0679169 42.3741271)"
18411,318,320,0.026448,0.25,2.0,13200.0,13200.0,"LINESTRING (-71.0679169 42.3741271, -71.0677911 42.3739082)"
18412,897,898,0.012539,0.25,2.0,13200.0,13200.0,"LINESTRING (-71.0681747 42.3745316, -71.0681074 42.3744314)"
18413,4209,4210,0.064369,0.25,2.0,13200.0,13200.0,"LINESTRING (-71.0677357 42.3745668, -71.068052 42.375097)"
18414,898,4209,0.034087,0.25,2.0,13200.0,13200.0,"LINESTRING (-71.0681074 42.3744314, -71.0677357 42.3745668)"
18415,898,900,0.025736,0.25,2.0,13200.0,13200.0,"LINESTRING (-71.0681074 42.3744314, -71.067975 42.3742209)"
18416,3434,319,0.030295,0.25,2.0,13200.0,13200.0,"LINESTRING (-71.0673881 42.3739868, -71.0675349 42.3742373)"
18427,4313,3434,0.030417,0.25,2.0,13200.0,13200.0,"LINESTRING (-71.0671944 42.3737542, -71.0673881 42.3739868)"
18428,319,1955,0.160414,0.25,2.0,2600.0,2600.0,"LINESTRING (-71.0675349 42.3742373, -71.0666815 42.3745838)"
18429,1955,1954,0.160124,0.25,2.0,2600.0,2600.0,"LINESTRING (-71.0666815 42.3745838, -71.0675987 42.3743468)"
18430,319,1954,0.013308,0.25,2.0,13200.0,13200.0,"LINESTRING (-71.0675349 42.3742373, -71.0675987 42.3743468)"
18431,5162,3814,0.100454,0.25,2.0,2600.0,2600.0,"LINESTRING (-71.0658125 42.3765432, -71.0662364 42.3768681)"
18432,3814,5162,0.100454,0.25,2.0,2600.0,2600.0,"LINESTRING (-71.0662364 42.3768681, -71.0658125 42.3765432)"
18433,3813,3814,0.066654,0.25,2.0,2600.0,2600.0,"LINESTRING (-71.0665251 42.377078, -71.0662364 42.3768681)"
18434,3814,3813,0.066654,0.25,2.0,2600.0,2600.0,"LINESTRING (-71.0662364 42.3768681, -71.0665251 42.377078)"
18435,3292,3000,0.152874,0.25,2.0,2600.0,2600.0,"LINESTRING (-71.0690109 42.3837832, -71.0699359 42.3837258)"
18436,3000,3292,0.152874,0.25,2.0,2600.0,2600.0,"LINESTRING (-71.0699359 42.3837258, -71.0690109 42.3837832)"
18437,3362,3395,0.3455479999999999,0.25,2.0,8000.0,8000.0,"LINESTRING (-71.0715394 42.3809351, -71.0728107 42.3830694)"
18438,3993,3693,0.050472,0.25,2.0,2600.0,2600.0,"LINESTRING (-71.071132 42.381491, -71.0709636 42.3813008)"
18439,3693,3993,0.050472,0.25,2.0,2600.0,2600.0,"LINESTRING (-71.0709636 42.3813008, -71.071132 42.381491)"
18440,4063,4064,0.267514,0.25,2.0,2600.0,2600.0,"LINESTRING (-71.0685265 42.3818916, -71.0671812 42.3812166)"
18441,4064,4063,0.267514,0.25,2.0,2600.0,2600.0,"LINESTRING (-71.0671812 42.3812166, -71.0685265 42.3818916)"
18442,4171,2728,0.7956826666666666,0.25,2.0,8000.0,8000.0,"LINESTRING (-71.0731346 42.3828838, -71.0701548 42.3779869)"
18443,4173,4221,0.114688,0.25,2.0,2600.0,2600.0,"LINESTRING (-71.0692837 42.3822667, -71.069869 42.382547)"
18444,4221,4173,0.114688,0.25,2.0,2600.0,2600.0,"LINESTRING (-71.069869 42.382547, -71.0692837 42.3822667)"
18445,5152,5147,0.12554,0.25,2.0,2600.0,2600.0,"LINESTRING (-71.0695101 42.3798426, -71.0699707 42.3802933)"
18446,5147,5152,0.12554,0.25,2.0,2600.0,2600.0,"LINESTRING (-71.0699707 42.3802933, -71.0695101 42.3798426)"
18487,3213,3214,0.2451706666666666,0.25,2.0,8000.0,8000.0,"LINESTRING (-71.0699035 42.3780731, -71.0707522 42.3796044)"
18488,3214,3362,0.2152413333333333,0.25,2.0,8000.0,8000.0,"LINESTRING (-71.0707522 42.3796044, -71.0715394 42.3809351)"
18489,3691,3693,0.081782,0.25,2.0,2600.0,2600.0,"LINESTRING (-71.0706668 42.3810059, -71.0709636 42.3813008)"
18490,3693,3691,0.081782,0.25,2.0,2600.0,2600.0,"LINESTRING (-71.0709636 42.3813008, -71.0706668 42.3810059)"
18491,3691,3692,0.0610219999999999,0.25,2.0,2600.0,2600.0,"LINESTRING (-71.0706668 42.3810059, -71.0704467 42.3807845)"
18492,3692,3691,0.0610219999999999,0.25,2.0,2600.0,2600.0,"LINESTRING (-71.0704467 42.3807845, -71.0706668 42.3810059)"
18493,3692,5147,0.134514,0.25,2.0,2600.0,2600.0,"LINESTRING (-71.0704467 42.3807845, -71.0699707 42.3802933)"
18494,5147,3692,0.134514,0.25,2.0,2600.0,2600.0,"LINESTRING (-71.0699707 42.3802933, -71.0704467 42.3807845)"
18495,277,278,0.159924,0.25,2.0,2600.0,2600.0,"LINESTRING (-71.0717808 42.3827058, -71.0716132 42.3834148)"
18496,277,280,0.05363,0.25,2.0,2600.0,2600.0,"LINESTRING (-71.0717808 42.3827058, -71.071701 42.3824719)"
18497,280,277,0.05363,0.25,2.0,2600.0,2600.0,"LINESTRING (-71.071701 42.3824719, -71.0717808 42.3827058)"
18498,2998,2999,0.11543,0.25,2.0,2600.0,2600.0,"LINESTRING (-71.0710831 42.383618, -71.0717564 42.3834727)"
18499,278,2999,0.026846,0.25,2.0,2600.0,2600.0,"LINESTRING (-71.0716132 42.3834148, -71.0717564 42.3834727)"
18500,2999,278,0.026846,0.25,2.0,2600.0,2600.0,"LINESTRING (-71.0717564 42.3834727, -71.0716132 42.3834148)"
18501,278,4172,0.2115,0.25,2.0,2600.0,2600.0,"LINESTRING (-71.0716132 42.3834148, -71.0705488 42.3828824)"
18502,4172,278,0.2115,0.25,2.0,2600.0,2600.0,"LINESTRING (-71.0705488 42.3828824, -71.0716132 42.3834148)"
18503,3395,4665,0.1349373333333333,0.25,2.0,8000.0,8000.0,"LINESTRING (-71.0728107 42.3830694, -71.0731579 42.3839433)"
18504,2999,277,0.170448,0.25,2.0,2600.0,2600.0,"LINESTRING (-71.0717564 42.3834727, -71.0717808 42.3827058)"
18543,3395,4171,0.044904,0.25,2.0,8000.0,8000.0,"LINESTRING (-71.0728107 42.3830694, -71.0731346 42.3828838)"
18546,3824,3007,0.134476,0.25,2.0,2600.0,2600.0,"LINESTRING (-71.072968 42.384094, -71.072299 42.3837467)"
18547,3825,3826,0.0687213333333333,0.25,2.0,8000.0,8000.0,"LINESTRING (-71.0728342 42.3843682, -71.0727629 42.3848291)"
18548,3826,2963,0.0974746666666666,0.25,2.0,8000.0,8000.0,"LINESTRING (-71.0727629 42.3848291, -71.0734986 42.3851969)"
18549,3007,3825,0.1637,0.25,2.0,2600.0,2600.0,"LINESTRING (-71.072299 42.3837467, -71.0728342 42.3843682)"
18550,3824,3825,0.0431666666666666,0.25,2.0,8000.0,8000.0,"LINESTRING (-71.072968 42.384094, -71.0728342 42.3843682)"
18551,4665,3824,0.030584,0.25,2.0,8000.0,8000.0,"LINESTRING (-71.0731579 42.3839433, -71.072968 42.384094)"
18552,2963,4001,0.0255,0.25,2.0,8000.0,8000.0,"LINESTRING (-71.0734986 42.3851969, -71.0736888 42.3850981)"
18553,3006,3007,0.045522,0.25,2.0,2600.0,2600.0,"LINESTRING (-71.0720737 42.3836275, -71.072299 42.3837467)"
18554,3007,3006,0.045522,0.25,2.0,2600.0,2600.0,"LINESTRING (-71.072299 42.3837467, -71.0720737 42.3836275)"
18555,3006,2999,0.062682,0.25,2.0,2600.0,2600.0,"LINESTRING (-71.0720737 42.3836275, -71.0717564 42.3834727)"
18556,2999,3006,0.062682,0.25,2.0,2600.0,2600.0,"LINESTRING (-71.0717564 42.3834727, -71.0720737 42.3836275)"
18557,3993,280,0.237236,0.25,2.0,2600.0,2600.0,"LINESTRING (-71.071132 42.381491, -71.071701 42.3824719)"
18558,280,3993,0.237236,0.25,2.0,2600.0,2600.0,"LINESTRING (-71.071701 42.3824719, -71.071132 42.381491)"
18559,4220,4172,0.125196,0.25,2.0,2600.0,2600.0,"LINESTRING (-71.0699161 42.3825702, -71.0705488 42.3828824)"
18560,4172,4220,0.125196,0.25,2.0,2600.0,2600.0,"LINESTRING (-71.0705488 42.3828824, -71.0699161 42.3825702)"
18561,4220,4221,0.009276,0.25,2.0,2600.0,2600.0,"LINESTRING (-71.0699161 42.3825702, -71.069869 42.382547)"
18562,4221,4220,0.009276,0.25,2.0,2600.0,2600.0,"LINESTRING (-71.069869 42.382547, -71.0699161 42.3825702)"
18563,2998,3000,0.190432,0.25,2.0,2600.0,2600.0,"LINESTRING (-71.0710831 42.383618, -71.0699359 42.3837258)"
18564,3000,2998,0.190432,0.25,2.0,2600.0,2600.0,"LINESTRING (-71.0699359 42.3837258, -71.0710831 42.383618)"
18565,278,2998,0.098254,0.25,2.0,2600.0,2600.0,"LINESTRING (-71.0716132 42.3834148, -71.0710831 42.383618)"
18566,4059,4061,0.03387,0.25,2.0,2600.0,2600.0,"LINESTRING (-71.0676636 42.3780595, -71.067529 42.3779454)"
18567,4061,4059,0.03387,0.25,2.0,2600.0,2600.0,"LINESTRING (-71.067529 42.3779454, -71.0676636 42.3780595)"
18568,5145,5146,0.095356,0.25,2.0,2600.0,2600.0,"LINESTRING (-71.068747 42.379056, -71.0690845 42.3794048)"
18569,5146,5145,0.095356,0.25,2.0,2600.0,2600.0,"LINESTRING (-71.0690845 42.3794048, -71.068747 42.379056)"
18570,4060,5139,0.075588,0.25,2.0,2600.0,2600.0,"LINESTRING (-71.0678412 42.3782208, -71.0681369 42.3784809)"
18571,5139,4060,0.075588,0.25,2.0,2600.0,2600.0,"LINESTRING (-71.0681369 42.3784809, -71.0678412 42.3782208)"
18572,5140,5145,0.075472,0.25,2.0,2600.0,2600.0,"LINESTRING (-71.0684624 42.3787903, -71.068747 42.379056)"
18573,5145,5140,0.075472,0.25,2.0,2600.0,2600.0,"LINESTRING (-71.068747 42.379056, -71.0684624 42.3787903)"
18574,4059,4060,0.046146,0.25,2.0,2600.0,2600.0,"LINESTRING (-71.0676636 42.3780595, -71.0678412 42.3782208)"
18575,4060,4059,0.046146,0.25,2.0,2600.0,2600.0,"LINESTRING (-71.0678412 42.3782208, -71.0676636 42.3780595)"
18576,5139,5140,0.087054,0.25,2.0,2600.0,2600.0,"LINESTRING (-71.0681369 42.3784809, -71.0684624 42.3787903)"
18577,5140,5139,0.087054,0.25,2.0,2600.0,2600.0,"LINESTRING (-71.0684624 42.3787903, -71.0681369 42.3784809)"
18578,5152,5146,0.119968,0.25,2.0,2600.0,2600.0,"LINESTRING (-71.0695101 42.3798426, -71.0690845 42.3794048)"
18579,5146,5152,0.119968,0.25,2.0,2600.0,2600.0,"LINESTRING (-71.0690845 42.3794048, -71.0695101 42.3798426)"
18580,3816,3817,0.105442,0.25,2.0,2600.0,2600.0,"LINESTRING (-71.0671865 42.3776514, -71.0667717 42.3772894)"
18581,3817,3816,0.105442,0.25,2.0,2600.0,2600.0,"LINESTRING (-71.0667717 42.3772894, -71.0671865 42.3776514)"
18582,3816,3818,0.033718,0.25,2.0,2600.0,2600.0,"LINESTRING (-71.0671865 42.3776514, -71.0673182 42.377767)"
18583,3818,3816,0.033718,0.25,2.0,2600.0,2600.0,"LINESTRING (-71.0673182 42.377767, -71.0671865 42.3776514)"
18584,3818,4061,0.052646,0.25,2.0,2600.0,2600.0,"LINESTRING (-71.0673182 42.377767, -71.067529 42.3779454)"
18585,4061,3818,0.052646,0.25,2.0,2600.0,2600.0,"LINESTRING (-71.067529 42.3779454, -71.0673182 42.377767)"
18586,3815,3817,0.020926,0.25,2.0,2600.0,2600.0,"LINESTRING (-71.0666875 42.3772187, -71.0667717 42.3772894)"
18587,3817,3815,0.020926,0.25,2.0,2600.0,2600.0,"LINESTRING (-71.0667717 42.3772894, -71.0666875 42.3772187)"
18588,1606,1607,0.151782,0.25,2.0,2600.0,2600.0,"LINESTRING (-71.0666291 42.3809425, -71.0658655 42.3805614)"
18589,1607,1606,0.151782,0.25,2.0,2600.0,2600.0,"LINESTRING (-71.0658655 42.3805614, -71.0666291 42.3809425)"
18590,4064,1608,0.02132,0.25,2.0,2600.0,2600.0,"LINESTRING (-71.0671812 42.3812166, -71.0670741 42.3811629)"
18591,1608,4064,0.02132,0.25,2.0,2600.0,2600.0,"LINESTRING (-71.0670741 42.3811629, -71.0671812 42.3812166)"
18592,1606,1608,0.088096,0.25,2.0,2600.0,2600.0,"LINESTRING (-71.0666291 42.3809425, -71.0670741 42.3811629)"
18593,1608,1606,0.088096,0.25,2.0,2600.0,2600.0,"LINESTRING (-71.0670741 42.3811629, -71.0666291 42.3809425)"
18594,3293,1766,0.129018,0.25,2.0,2600.0,2600.0,"LINESTRING (-71.0682745 42.3835978, -71.0675931 42.3833114)"
18595,1766,3293,0.129018,0.25,2.0,2600.0,2600.0,"LINESTRING (-71.0675931 42.3833114, -71.0682745 42.3835978)"
18596,4065,4173,0.129158,0.25,2.0,2600.0,2600.0,"LINESTRING (-71.0686322 42.3819435, -71.0692837 42.3822667)"
18597,4173,4065,0.129158,0.25,2.0,2600.0,2600.0,"LINESTRING (-71.0692837 42.3822667, -71.0686322 42.3819435)"
18598,4063,4065,0.020936,0.25,2.0,2600.0,2600.0,"LINESTRING (-71.0685265 42.3818916, -71.0686322 42.3819435)"
18599,4065,4063,0.020936,0.25,2.0,2600.0,2600.0,"LINESTRING (-71.0686322 42.3819435, -71.0685265 42.3818916)"
18600,3292,3293,0.128154,0.25,2.0,2600.0,2600.0,"LINESTRING (-71.0690109 42.3837832, -71.0682745 42.3835978)"
18601,3293,3292,0.128154,0.25,2.0,2600.0,2600.0,"LINESTRING (-71.0682745 42.3835978, -71.0690109 42.3837832)"
18602,1765,1766,0.309942,0.25,2.0,2600.0,2600.0,"LINESTRING (-71.065959 42.382619, -71.0675931 42.3833114)"
18603,1766,1765,0.309942,0.25,2.0,2600.0,2600.0,"LINESTRING (-71.0675931 42.3833114, -71.065959 42.382619)"
18604,1637,1638,0.203888,0.25,2.0,2600.0,2600.0,"LINESTRING (-71.0611118 42.3717961, -71.0620117 42.3711664)"
18605,1595,247,0.112088,0.25,2.0,2600.0,2600.0,"LINESTRING (-71.062305 42.3734071, -71.0619583 42.3729731)"
18606,4155,4108,0.644561,0.25,2.0,13200.0,13200.0,"LINESTRING (-71.0581203 42.3741813, -71.0653216 42.3719114)"
18607,4212,2832,0.460956,0.25,2.0,2600.0,2600.0,"LINESTRING (-71.0584378 42.3736466, -71.0604775 42.3722262)"
18608,4311,1637,0.099418,0.25,2.0,2600.0,2600.0,"LINESTRING (-71.0616071 42.3720522, -71.0611118 42.3717961)"
18609,2833,4212,0.468752,0.25,2.0,2600.0,2600.0,"LINESTRING (-71.0604126 42.3721283, -71.0584378 42.3736466)"
18610,2834,3244,0.189884,0.25,2.0,2600.0,2600.0,"LINESTRING (-71.0609542 42.3729836, -71.0616469 42.3736673)"
18611,3210,2833,0.250274,0.25,2.0,2600.0,2600.0,"LINESTRING (-71.0615269 42.3713618, -71.0604126 42.3721283)"
18660,2496,2497,0.306985,0.25,2.0,13200.0,13200.0,"LINESTRING (-71.0653002 42.3721319, -71.061758 42.371272)"
18661,3198,3199,0.165236,0.25,2.0,13200.0,13200.0,"LINESTRING (-71.064438 42.3720554, -71.0627453 42.3712568)"
18662,2830,3202,0.038664,0.25,2.0,2600.0,2600.0,"LINESTRING (-71.0620655 42.3709833, -71.0618951 42.3711031)"
18663,1636,3210,0.08416,0.25,2.0,8000.0,8000.0,"LINESTRING (-71.0615051 42.3707943, -71.0615269 42.3713618)"
18664,1636,3202,0.0626813333333333,0.25,2.0,8000.0,8000.0,"LINESTRING (-71.0615051 42.3707943, -71.0618951 42.3711031)"
18665,3199,2831,0.039577,0.25,2.0,13200.0,13200.0,"LINESTRING (-71.0627453 42.3712568, -71.0626357 42.3709096)"
18666,3199,2829,0.051256,0.25,2.0,13200.0,13200.0,"LINESTRING (-71.0627453 42.3712568, -71.0621981 42.3710366)"
18667,1638,2829,0.041954,0.25,2.0,2600.0,2600.0,"LINESTRING (-71.0620117 42.3711664, -71.0621981 42.3710366)"
18668,4308,3422,0.103627,0.25,2.0,13200.0,13200.0,"LINESTRING (-71.0626952 42.3714417, -71.0637876 42.3719043)"
18669,3422,3423,0.106227,0.25,2.0,13200.0,13200.0,"LINESTRING (-71.0637876 42.3719043, -71.064844 42.3724531)"
18670,2495,3198,0.052748,0.25,2.0,13200.0,13200.0,"LINESTRING (-71.0649619 42.3723276, -71.064438 42.3720554)"
18671,4108,2495,0.054999,0.25,2.0,13200.0,13200.0,"LINESTRING (-71.0653216 42.3719114, -71.0649619 42.3723276)"
18672,4108,3198,0.074548,0.25,2.0,13200.0,13200.0,"LINESTRING (-71.0653216 42.3719114, -71.064438 42.3720554)"
18673,2494,2496,0.033759,0.25,2.0,13200.0,13200.0,"LINESTRING (-71.0650653 42.3723813, -71.0653002 42.3721319)"
18674,2494,2495,0.010327,0.25,2.0,13200.0,13200.0,"LINESTRING (-71.0650653 42.3723813, -71.0649619 42.3723276)"
18675,2495,3423,0.016949,0.25,2.0,13200.0,13200.0,"LINESTRING (-71.0649619 42.3723276, -71.064844 42.3724531)"
18676,3423,4109,0.010259,0.25,2.0,13200.0,13200.0,"LINESTRING (-71.064844 42.3724531, -71.0649457 42.3725064)"
18677,4109,2494,0.016996,0.25,2.0,13200.0,13200.0,"LINESTRING (-71.0649457 42.3725064, -71.0650653 42.3723813)"
18678,2829,2831,0.038737,0.25,2.0,13200.0,13200.0,"LINESTRING (-71.0621981 42.3710366, -71.0626357 42.3709096)"
18679,2829,2830,0.01249,0.25,2.0,13200.0,13200.0,"LINESTRING (-71.0621981 42.3710366, -71.0620655 42.3709833)"
18680,1638,4308,0.064068,0.25,2.0,13200.0,13200.0,"LINESTRING (-71.0620117 42.3711664, -71.0626952 42.3714417)"
18681,4308,4309,0.079792,0.25,2.0,2600.0,2600.0,"LINESTRING (-71.0626952 42.3714417, -71.0624025 42.3717281)"
18682,4309,4308,0.079792,0.25,2.0,2600.0,2600.0,"LINESTRING (-71.0624025 42.3717281, -71.0626952 42.3714417)"
18683,248,4309,0.127826,0.25,2.0,2600.0,2600.0,"LINESTRING (-71.061945 42.3721925, -71.0624025 42.3717281)"
18684,248,4311,0.063886,0.25,2.0,2600.0,2600.0,"LINESTRING (-71.061945 42.3721925, -71.0616071 42.3720522)"
18685,3202,3210,0.083582,0.25,2.0,2600.0,2600.0,"LINESTRING (-71.0618951 42.3711031, -71.0615269 42.3713618)"
18686,3202,1638,0.01191,0.25,2.0,13200.0,13200.0,"LINESTRING (-71.0618951 42.3711031, -71.0620117 42.3711664)"
18687,247,248,0.173298,0.25,2.0,2600.0,2600.0,"LINESTRING (-71.0619583 42.3729731, -71.061945 42.3721925)"
18688,4086,4214,0.159114,0.25,2.0,2600.0,2600.0,"LINESTRING (-71.0637042 42.3751099, -71.0644628 42.3755527)"
18689,5187,2710,0.161102,0.25,2.0,2600.0,2600.0,"LINESTRING (-71.0637114 42.3745789, -71.0631781 42.3739712)"
18690,5194,4214,0.11409,0.25,2.0,2600.0,2600.0,"LINESTRING (-71.0648941 42.375151, -71.0644628 42.3755527)"
18691,4214,5194,0.11409,0.25,2.0,2600.0,2600.0,"LINESTRING (-71.0644628 42.3755527, -71.0648941 42.375151)"
18692,5194,5195,0.116074,0.25,2.0,2600.0,2600.0,"LINESTRING (-71.0648941 42.375151, -71.0642351 42.3753356)"
18693,5192,4085,0.129856,0.25,2.0,2600.0,2600.0,"LINESTRING (-71.0630855 42.3747179, -71.0636839 42.3750982)"
18694,5195,4213,0.086658,0.25,2.0,2600.0,2600.0,"LINESTRING (-71.0642351 42.3753356, -71.0639824 42.3749935)"
18695,5193,5194,0.097816,0.25,2.0,2600.0,2600.0,"LINESTRING (-71.0654436 42.3749852, -71.0648941 42.375151)"
18696,5194,5193,0.097816,0.25,2.0,2600.0,2600.0,"LINESTRING (-71.0648941 42.375151, -71.0654436 42.3749852)"
18697,4213,5187,0.102436,0.25,2.0,2600.0,2600.0,"LINESTRING (-71.0639824 42.3749935, -71.0637114 42.3745789)"
18698,4086,4213,0.052548,0.25,2.0,2600.0,2600.0,"LINESTRING (-71.0637042 42.3751099, -71.0639824 42.3749935)"
18699,4085,4086,0.004238,0.25,2.0,2600.0,2600.0,"LINESTRING (-71.0636839 42.3750982, -71.0637042 42.3751099)"
18700,5163,4214,0.061032,0.25,2.0,2600.0,2600.0,"LINESTRING (-71.0647278 42.3757452, -71.0644628 42.3755527)"
18701,4214,5163,0.061032,0.25,2.0,2600.0,2600.0,"LINESTRING (-71.0644628 42.3755527, -71.0647278 42.3757452)"
18702,4214,5195,0.0611119999999999,0.25,2.0,2600.0,2600.0,"LINESTRING (-71.0644628 42.3755527, -71.0642351 42.3753356)"
18703,1594,1595,0.07239,0.25,2.0,2600.0,2600.0,"LINESTRING (-71.0626081 42.3736434, -71.062305 42.3734071)"
18704,5184,5185,0.116798,0.25,2.0,2600.0,2600.0,"LINESTRING (-71.0622635 42.3741185, -71.0627722 42.374485)"
18705,2710,1594,0.1188539999999999,0.25,2.0,2600.0,2600.0,"LINESTRING (-71.0631781 42.3739712, -71.0626081 42.3736434)"
18706,5185,5192,0.07306,0.25,2.0,2600.0,2600.0,"LINESTRING (-71.0627722 42.374485, -71.0630855 42.3747179)"
18707,3245,5184,0.087428,0.25,2.0,2600.0,2600.0,"LINESTRING (-71.0618856 42.3738424, -71.0622635 42.3741185)"
18708,3244,3245,0.05533,0.25,2.0,2600.0,2600.0,"LINESTRING (-71.0616469 42.3736673, -71.0618856 42.3738424)"
18709,2832,1637,0.141662,0.25,2.0,2600.0,2600.0,"LINESTRING (-71.0604775 42.3722262, -71.0611118 42.3717961)"
18710,2832,2834,0.185828,0.25,2.0,2600.0,2600.0,"LINESTRING (-71.0604775 42.3722262, -71.0609542 42.3729836)"
18711,2834,2832,0.185828,0.25,2.0,2600.0,2600.0,"LINESTRING (-71.0609542 42.3729836, -71.0604775 42.3722262)"
18720,2832,2833,0.02419,0.25,2.0,2600.0,2600.0,"LINESTRING (-71.0604775 42.3722262, -71.0604126 42.3721283)"
18721,2833,2832,0.02419,0.25,2.0,2600.0,2600.0,"LINESTRING (-71.0604126 42.3721283, -71.0604775 42.3722262)"
18722,4211,4212,0.012402,0.25,2.0,2600.0,2600.0,"LINESTRING (-71.0583904 42.3736901, -71.0584378 42.3736466)"
18723,4212,4211,0.012402,0.25,2.0,2600.0,2600.0,"LINESTRING (-71.0584378 42.3736466, -71.0583904 42.3736901)"
18724,1162,4211,0.020108,0.25,2.0,2600.0,2600.0,"LINESTRING (-71.0583111 42.3737585, -71.0583904 42.3736901)"
18725,4211,1162,0.020108,0.25,2.0,2600.0,2600.0,"LINESTRING (-71.0583904 42.3736901, -71.0583111 42.3737585)"
18726,1745,4672,0.038874,0.25,2.0,2600.0,2600.0,"LINESTRING (-71.0615923 42.3807848, -71.0613882 42.3806974)"
18727,4672,1745,0.038874,0.25,2.0,2600.0,2600.0,"LINESTRING (-71.0613882 42.3806974, -71.0615923 42.3807848)"
18728,5108,5109,0.080158,0.25,2.0,2600.0,2600.0,"LINESTRING (-71.0632717 42.3814878, -71.0628514 42.3813071)"
18729,5109,5108,0.080158,0.25,2.0,2600.0,2600.0,"LINESTRING (-71.0628514 42.3813071, -71.0632717 42.3814878)"
18730,5539,5518,0.058584,0.25,2.0,2600.0,2600.0,"LINESTRING (-71.061582 42.37864, -71.0612601 42.3785275)"
18731,5518,5539,0.058584,0.25,2.0,2600.0,2600.0,"LINESTRING (-71.0612601 42.3785275, -71.061582 42.37864)"
18750,4218,4216,0.085134,0.25,2.0,2600.0,2600.0,"LINESTRING (-71.063196 42.3792196, -71.0636222 42.3794369)"
18751,4216,4218,0.085134,0.25,2.0,2600.0,2600.0,"LINESTRING (-71.0636222 42.3794369, -71.063196 42.3792196)"
18770,5149,5154,0.169742,0.25,2.0,2600.0,2600.0,"LINESTRING (-71.065339 42.380298, -71.0644891 42.3798663)"
18771,5154,5149,0.169742,0.25,2.0,2600.0,2600.0,"LINESTRING (-71.0644891 42.3798663, -71.065339 42.380298)"
18772,4215,4217,0.084112,0.25,2.0,2600.0,2600.0,"LINESTRING (-71.0636537 42.3794524, -71.0640779 42.3796632)"
18773,4217,4215,0.084112,0.25,2.0,2600.0,2600.0,"LINESTRING (-71.0640779 42.3796632, -71.0636537 42.3794524)"
18774,5154,4217,0.081344,0.25,2.0,2600.0,2600.0,"LINESTRING (-71.0644891 42.3798663, -71.0640779 42.3796632)"
18775,4217,5154,0.081344,0.25,2.0,2600.0,2600.0,"LINESTRING (-71.0640779 42.3796632, -71.0644891 42.3798663)"
18776,4215,4216,0.006238,0.25,2.0,2600.0,2600.0,"LINESTRING (-71.0636537 42.3794524, -71.0636222 42.3794369)"
18777,4216,4215,0.006238,0.25,2.0,2600.0,2600.0,"LINESTRING (-71.0636222 42.3794369, -71.0636537 42.3794524)"
18778,5197,5198,0.153694,0.25,2.0,2600.0,2600.0,"LINESTRING (-71.0626297 42.3790024, -71.0617859 42.3787067)"
18779,5198,5197,0.153694,0.25,2.0,2600.0,2600.0,"LINESTRING (-71.0617859 42.3787067, -71.0626297 42.3790024)"
18784,5197,4219,0.091554,0.25,2.0,2600.0,2600.0,"LINESTRING (-71.0626297 42.3790024, -71.063126 42.3791877)"
18785,4219,5197,0.091554,0.25,2.0,2600.0,2600.0,"LINESTRING (-71.063126 42.3791877, -71.0626297 42.3790024)"
18792,4218,4219,0.013546,0.25,2.0,2600.0,2600.0,"LINESTRING (-71.063196 42.3792196, -71.063126 42.3791877)"
18793,4219,4218,0.013546,0.25,2.0,2600.0,2600.0,"LINESTRING (-71.063126 42.3791877, -71.063196 42.3792196)"
18794,5539,5198,0.036752,0.25,2.0,2600.0,2600.0,"LINESTRING (-71.061582 42.37864, -71.0617859 42.3787067)"
18795,5198,5539,0.036752,0.25,2.0,2600.0,2600.0,"LINESTRING (-71.0617859 42.3787067, -71.061582 42.37864)"
18796,5109,1746,0.093388,0.25,2.0,2600.0,2600.0,"LINESTRING (-71.0628514 42.3813071, -71.062356 42.381102)"
18797,1746,5109,0.093388,0.25,2.0,2600.0,2600.0,"LINESTRING (-71.062356 42.381102, -71.0628514 42.3813071)"
18798,1744,1745,0.04513,0.25,2.0,2600.0,2600.0,"LINESTRING (-71.0618325 42.3808828, -71.0615923 42.3807848)"
18799,1745,1744,0.04513,0.25,2.0,2600.0,2600.0,"LINESTRING (-71.0615923 42.3807848, -71.0618325 42.3808828)"
18800,1744,1746,0.099076,0.25,2.0,2600.0,2600.0,"LINESTRING (-71.0618325 42.3808828, -71.062356 42.381102)"
18801,1746,1744,0.099076,0.25,2.0,2600.0,2600.0,"LINESTRING (-71.062356 42.381102, -71.0618325 42.3808828)"
18802,1764,5108,0.173696,0.25,2.0,2600.0,2600.0,"LINESTRING (-71.0641863 42.3818776, -71.0632717 42.3814878)"
18803,5108,1764,0.173696,0.25,2.0,2600.0,2600.0,"LINESTRING (-71.0632717 42.3814878, -71.0641863 42.3818776)"
18804,1763,1764,0.102456,0.25,2.0,2600.0,2600.0,"LINESTRING (-71.0647293 42.3821032, -71.0641863 42.3818776)"
18805,1764,1763,0.102456,0.25,2.0,2600.0,2600.0,"LINESTRING (-71.0641863 42.3818776, -71.0647293 42.3821032)"
18806,5132,5133,0.138082,0.25,2.0,2600.0,2600.0,"LINESTRING (-71.0598651 42.3780519, -71.0591076 42.3777848)"
18807,5133,5132,0.138082,0.25,2.0,2600.0,2600.0,"LINESTRING (-71.0591076 42.3777848, -71.0598651 42.3780519)"
18808,5150,5151,0.268878,0.25,2.0,2600.0,2600.0,"LINESTRING (-71.0603714 42.3802705, -71.0589515 42.3796736)"
18809,5151,5150,0.268878,0.25,2.0,2600.0,2600.0,"LINESTRING (-71.0589515 42.3796736, -71.0603714 42.3802705)"
18810,5132,5134,0.13759,0.25,2.0,2600.0,2600.0,"LINESTRING (-71.0598651 42.3780519, -71.0606246 42.3783094)"
18811,5134,5132,0.13759,0.25,2.0,2600.0,2600.0,"LINESTRING (-71.0606246 42.3783094, -71.0598651 42.3780519)"
18812,5134,5518,0.115356,0.25,2.0,2600.0,2600.0,"LINESTRING (-71.0606246 42.3783094, -71.0612601 42.3785275)"
18813,5518,5134,0.115356,0.25,2.0,2600.0,2600.0,"LINESTRING (-71.0612601 42.3785275, -71.0606246 42.3783094)"
18814,5150,4672,0.192398,0.25,2.0,2600.0,2600.0,"LINESTRING (-71.0603714 42.3802705, -71.0613882 42.3806974)"
18815,4672,5150,0.192398,0.25,2.0,2600.0,2600.0,"LINESTRING (-71.0613882 42.3806974, -71.0603714 42.3802705)"
18816,5143,5133,0.067496,0.25,2.0,2600.0,2600.0,"LINESTRING (-71.0587367 42.3776564, -71.0591076 42.3777848)"
18817,5133,5143,0.067496,0.25,2.0,2600.0,2600.0,"LINESTRING (-71.0591076 42.3777848, -71.0587367 42.3776564)"
18818,5151,5196,0.0610739999999999,0.25,2.0,2600.0,2600.0,"LINESTRING (-71.0589515 42.3796736, -71.058628 42.379539)"
18819,5196,5151,0.0610739999999999,0.25,2.0,2600.0,2600.0,"LINESTRING (-71.058628 42.379539, -71.0589515 42.3796736)"
18820,4122,4124,0.6665293333333333,0.25,2.0,8000.0,8000.0,"LINESTRING (-71.0674197 42.394249, -71.0705485 42.3903915)"
18821,4124,4122,0.6665293333333333,0.25,2.0,8000.0,8000.0,"LINESTRING (-71.0705485 42.3903915, -71.0674197 42.394249)"
18822,4124,2727,0.354444,0.25,2.0,13200.0,13200.0,"LINESTRING (-71.0705485 42.3903915, -71.072404 42.387513)"
18823,3215,4124,0.372613,0.25,2.0,13200.0,13200.0,"LINESTRING (-71.0723278 42.3873084, -71.0705485 42.3903915)"
18824,2727,2729,0.203472,0.25,2.0,8000.0,8000.0,"LINESTRING (-71.072404 42.387513, -71.0731298 42.3862485)"
18827,3634,1161,0.617688,0.25,2.0,2600.0,2600.0,"LINESTRING (-71.0529449 42.3784285, -71.055231 42.376225)"
18828,1161,3634,0.617688,0.25,2.0,2600.0,2600.0,"LINESTRING (-71.055231 42.376225, -71.0529449 42.3784285)"
18833,1160,1161,0.265796,0.25,2.0,2600.0,2600.0,"LINESTRING (-71.0562687 42.3753085, -71.055231 42.376225)"
18834,1161,1160,0.265796,0.25,2.0,2600.0,2600.0,"LINESTRING (-71.055231 42.376225, -71.0562687 42.3753085)"
18835,5129,1161,0.101026,0.25,2.0,2600.0,2600.0,"LINESTRING (-71.05571 42.376509, -71.055231 42.376225)"
18836,1161,5129,0.101026,0.25,2.0,2600.0,2600.0,"LINESTRING (-71.055231 42.376225, -71.05571 42.376509)"
18839,5128,5130,0.065898,0.25,2.0,2600.0,2600.0,"LINESTRING (-71.0561615 42.3767654, -71.0564846 42.3769394)"
18840,5130,5128,0.065898,0.25,2.0,2600.0,2600.0,"LINESTRING (-71.0564846 42.3769394, -71.0561615 42.3767654)"
18847,5130,5144,0.099886,0.25,2.0,2600.0,2600.0,"LINESTRING (-71.0564846 42.3769394, -71.0570587 42.3770842)"
18848,5144,5130,0.099886,0.25,2.0,2600.0,2600.0,"LINESTRING (-71.0570587 42.3770842, -71.0564846 42.3769394)"
18849,5128,5129,0.09356,0.25,2.0,2600.0,2600.0,"LINESTRING (-71.0561615 42.3767654, -71.05571 42.376509)"
18850,5129,5128,0.09356,0.25,2.0,2600.0,2600.0,"LINESTRING (-71.05571 42.376509, -71.0561615 42.3767654)"
18855,3634,3636,0.10471,0.25,2.0,2600.0,2600.0,"LINESTRING (-71.0529449 42.3784285, -71.0534672 42.3786983)"
18856,3636,3634,0.10471,0.25,2.0,2600.0,2600.0,"LINESTRING (-71.0534672 42.3786983, -71.0529449 42.3784285)"
18863,5191,5138,0.173684,0.25,2.0,2600.0,2600.0,"LINESTRING (-71.0559036 42.3791238, -71.0548502 42.3791011)"
18864,5138,5191,0.173684,0.25,2.0,2600.0,2600.0,"LINESTRING (-71.0548502 42.3791011, -71.0559036 42.3791238)"
18869,3356,3357,0.076318,0.25,2.0,2600.0,2600.0,"LINESTRING (-71.05671 42.379147, -71.0562467 42.3791337)"
18870,3357,3356,0.076318,0.25,2.0,2600.0,2600.0,"LINESTRING (-71.0562467 42.3791337, -71.05671 42.379147)"
18871,3356,3358,0.050082,0.25,2.0,2600.0,2600.0,"LINESTRING (-71.05671 42.379147, -71.0570142 42.3791506)"
18872,3358,3356,0.050082,0.25,2.0,2600.0,2600.0,"LINESTRING (-71.0570142 42.3791506, -71.05671 42.379147)"
18873,3357,5191,0.05654,0.25,2.0,2600.0,2600.0,"LINESTRING (-71.0562467 42.3791337, -71.0559036 42.3791238)"
18874,5191,3357,0.05654,0.25,2.0,2600.0,2600.0,"LINESTRING (-71.0559036 42.3791238, -71.0562467 42.3791337)"
18875,3636,5138,0.244764,0.25,2.0,2600.0,2600.0,"LINESTRING (-71.0534672 42.3786983, -71.0548502 42.3791011)"
18876,5138,3636,0.244764,0.25,2.0,2600.0,2600.0,"LINESTRING (-71.0548502 42.3791011, -71.0534672 42.3786983)"
18881,4671,3635,0.17341,0.25,2.0,2600.0,2600.0,"LINESTRING (-71.0520588 42.3794555, -71.0525904 42.3787816)"
18882,3635,4671,0.17341,0.25,2.0,2600.0,2600.0,"LINESTRING (-71.0525904 42.3787816, -71.0520588 42.3794555)"
18883,3634,3635,0.097824,0.25,2.0,2600.0,2600.0,"LINESTRING (-71.0529449 42.3784285, -71.0525904 42.3787816)"
18884,3635,3634,0.097824,0.25,2.0,2600.0,2600.0,"LINESTRING (-71.0525904 42.3787816, -71.0529449 42.3784285)"
18885,3437,4493,0.311262,0.25,2.0,2600.0,2600.0,"LINESTRING (-71.042293 42.3716177, -71.0432571 42.370413)"
18886,4493,3437,0.311262,0.25,2.0,2600.0,2600.0,"LINESTRING (-71.0432571 42.370413, -71.042293 42.3716177)"
18887,4493,4494,0.127742,0.25,2.0,2600.0,2600.0,"LINESTRING (-71.0432571 42.370413, -71.042589 42.3701211)"
18888,4494,4493,0.127742,0.25,2.0,2600.0,2600.0,"LINESTRING (-71.042589 42.3701211, -71.0432571 42.370413)"
18895,1617,4494,0.128536,0.25,2.0,2600.0,2600.0,"LINESTRING (-71.0419166 42.3698274, -71.042589 42.3701211)"
18896,4494,1617,0.128536,0.25,2.0,2600.0,2600.0,"LINESTRING (-71.042589 42.3701211, -71.0419166 42.3698274)"
18897,1615,1617,0.128282,0.25,2.0,2600.0,2600.0,"LINESTRING (-71.0412457 42.3695343, -71.0419166 42.3698274)"
18898,1617,1615,0.128282,0.25,2.0,2600.0,2600.0,"LINESTRING (-71.0419166 42.3698274, -71.0412457 42.3695343)"
18899,3435,3437,0.360996,0.25,2.0,2600.0,2600.0,"LINESTRING (-71.0411764 42.3730157, -71.042293 42.3716177)"
18900,3437,3435,0.360996,0.25,2.0,2600.0,2600.0,"LINESTRING (-71.042293 42.3716177, -71.0411764 42.3730157)"
18901,4495,3437,0.12774,0.25,2.0,2600.0,2600.0,"LINESTRING (-71.0416248 42.3713258, -71.042293 42.3716177)"
18908,2343,2345,0.193538,0.25,2.0,2600.0,2600.0,"LINESTRING (-71.025062 42.335806, -71.0250849 42.3366767)"
18909,2345,2343,0.193538,0.25,2.0,2600.0,2600.0,"LINESTRING (-71.0250849 42.3366767, -71.025062 42.335806)"
18910,4362,4167,0.530056,0.25,2.0,2600.0,2600.0,"LINESTRING (-71.0238105 42.3359355, -71.021923 42.337868)"
18911,4167,4362,0.530056,0.25,2.0,2600.0,2600.0,"LINESTRING (-71.021923 42.337868, -71.0238105 42.3359355)"
18912,5009,5011,0.191308,0.25,2.0,2600.0,2600.0,"LINESTRING (-71.0354432 42.3365055, -71.0354232 42.3356453)"
18913,5011,5009,0.191308,0.25,2.0,2600.0,2600.0,"LINESTRING (-71.0354232 42.3356453, -71.0354432 42.3365055)"
18940,1865,1866,0.62569,0.25,2.0,2600.0,2600.0,"LINESTRING (-71.0249647 42.3329775, -71.0238667 42.3356741)"
18941,1866,1865,0.62569,0.25,2.0,2600.0,2600.0,"LINESTRING (-71.0238667 42.3356741, -71.0249647 42.3329775)"
18942,2342,2343,0.127944,0.25,2.0,2600.0,2600.0,"LINESTRING (-71.0242865 42.3358197, -71.025062 42.335806)"
18943,2343,2342,0.127944,0.25,2.0,2600.0,2600.0,"LINESTRING (-71.025062 42.335806, -71.0242865 42.3358197)"
18950,4436,4437,0.073842,0.25,2.0,2600.0,2600.0,"LINESTRING (-71.0396716 42.3169482, -71.0400751 42.3170928)"
18951,4437,4436,0.073842,0.25,2.0,2600.0,2600.0,"LINESTRING (-71.0400751 42.3170928, -71.0396716 42.3169482)"
18952,5014,3338,0.341112,0.25,2.0,2600.0,2600.0,"LINESTRING (-71.0333505 42.3356754, -71.0312813 42.3357091)"
18953,3338,5014,0.341112,0.25,2.0,2600.0,2600.0,"LINESTRING (-71.0312813 42.3357091, -71.0333505 42.3356754)"
18954,5088,3321,0.38943,0.25,2.0,2600.0,2600.0,"LINESTRING (-71.0310767 42.330693, -71.0331605 42.3298657)"
18955,3321,5088,0.38943,0.25,2.0,2600.0,2600.0,"LINESTRING (-71.0331605 42.3298657, -71.0310767 42.330693)"
18960,697,699,0.179996,0.25,2.0,2600.0,2600.0,"LINESTRING (-71.0352861 42.3323001, -71.0352607 42.3314895)"
18961,699,697,0.179996,0.25,2.0,2600.0,2600.0,"LINESTRING (-71.0352607 42.3314895, -71.0352861 42.3323001)"
18962,3319,3322,0.778822,0.25,2.0,2600.0,2600.0,"LINESTRING (-71.0351907 42.3293578, -71.0398078 42.3301016)"
18963,3322,3319,0.778822,0.25,2.0,2600.0,2600.0,"LINESTRING (-71.0398078 42.3301016, -71.0351907 42.3293578)"
18964,5011,4761,0.331076,0.25,2.0,2600.0,2600.0,"LINESTRING (-71.0354232 42.3356453, -71.0374312 42.3356084)"
18965,4761,5011,0.331076,0.25,2.0,2600.0,2600.0,"LINESTRING (-71.0374312 42.3356084, -71.0354232 42.3356453)"
18968,4760,4761,0.334042,0.25,2.0,2600.0,2600.0,"LINESTRING (-71.0394566 42.3355712, -71.0374312 42.3356084)"
18969,4761,4760,0.334042,0.25,2.0,2600.0,2600.0,"LINESTRING (-71.0374312 42.3356084, -71.0394566 42.3355712)"
18970,4757,4758,0.032642,0.25,2.0,2600.0,2600.0,"LINESTRING (-71.0401488 42.3355631, -71.0399513 42.3355655)"
18971,4758,4757,0.032642,0.25,2.0,2600.0,2600.0,"LINESTRING (-71.0399513 42.3355655, -71.0401488 42.3355631)"
18972,4760,4758,0.081432,0.25,2.0,2600.0,2600.0,"LINESTRING (-71.0394566 42.3355712, -71.0399513 42.3355655)"
18973,4758,4760,0.081432,0.25,2.0,2600.0,2600.0,"LINESTRING (-71.0399513 42.3355655, -71.0394566 42.3355712)"
18974,3319,3321,0.353308,0.25,2.0,2600.0,2600.0,"LINESTRING (-71.0351907 42.3293578, -71.0331605 42.3298657)"
18975,3321,3319,0.353308,0.25,2.0,2600.0,2600.0,"LINESTRING (-71.0331605 42.3298657, -71.0351907 42.3293578)"
18976,3320,2085,0.2482039999999999,0.25,2.0,2600.0,2600.0,"LINESTRING (-71.0352047 42.329533, -71.0352356 42.3306499)"
18977,2085,3320,0.2482039999999999,0.25,2.0,2600.0,2600.0,"LINESTRING (-71.0352356 42.3306499, -71.0352047 42.329533)"
18984,3319,3320,0.038946,0.25,2.0,2600.0,2600.0,"LINESTRING (-71.0351907 42.3293578, -71.0352047 42.329533)"
18985,3320,3319,0.038946,0.25,2.0,2600.0,2600.0,"LINESTRING (-71.0352047 42.329533, -71.0351907 42.3293578)"
18986,699,2085,0.18666,0.25,2.0,2600.0,2600.0,"LINESTRING (-71.0352607 42.3314895, -71.0352356 42.3306499)"
18987,2085,699,0.18666,0.25,2.0,2600.0,2600.0,"LINESTRING (-71.0352356 42.3306499, -71.0352607 42.3314895)"
18988,5014,5011,0.341754,0.25,2.0,2600.0,2600.0,"LINESTRING (-71.0333505 42.3356754, -71.0354232 42.3356453)"
18989,5011,5014,0.341754,0.25,2.0,2600.0,2600.0,"LINESTRING (-71.0354232 42.3356453, -71.0333505 42.3356754)"
18990,3333,5025,0.094232,0.25,2.0,2600.0,2600.0,"LINESTRING (-71.0353375 42.3339512, -71.0353534 42.3343751)"
18991,5025,3333,0.094232,0.25,2.0,2600.0,2600.0,"LINESTRING (-71.0353534 42.3343751, -71.0353375 42.3339512)"
19,4260,4261,1.812807,0.25,2.0,13200.0,13200.0,"LINESTRING (-71.03827 42.3734242, -71.05492 42.3627517)"
19000,698,3333,0.18158,0.25,2.0,2600.0,2600.0,"LINESTRING (-71.0353051 42.3331342, -71.0353375 42.3339512)"
19001,3333,698,0.18158,0.25,2.0,2600.0,2600.0,"LINESTRING (-71.0353375 42.3339512, -71.0353051 42.3331342)"
19008,697,698,0.185308,0.25,2.0,2600.0,2600.0,"LINESTRING (-71.0352861 42.3323001, -71.0353051 42.3331342)"
19009,698,697,0.185308,0.25,2.0,2600.0,2600.0,"LINESTRING (-71.0353051 42.3331342, -71.0352861 42.3323001)"
19010,5011,5015,0.195538,0.25,2.0,2600.0,2600.0,"LINESTRING (-71.0354232 42.3356453, -71.0353997 42.3347649)"
19011,5015,5011,0.195538,0.25,2.0,2600.0,2600.0,"LINESTRING (-71.0353997 42.3347649, -71.0354232 42.3356453)"
19012,5015,5025,0.086988,0.25,2.0,2600.0,2600.0,"LINESTRING (-71.0353997 42.3347649, -71.0353534 42.3343751)"
19013,5025,5015,0.086988,0.25,2.0,2600.0,2600.0,"LINESTRING (-71.0353534 42.3343751, -71.0353997 42.3347649)"
19014,3337,2346,0.340782,0.25,2.0,2600.0,2600.0,"LINESTRING (-71.0292437 42.3357447, -71.0271767 42.3357787)"
19015,2346,3337,0.340782,0.25,2.0,2600.0,2600.0,"LINESTRING (-71.0271767 42.3357787, -71.0292437 42.3357447)"
19016,5089,1867,0.382206,0.25,2.0,2600.0,2600.0,"LINESTRING (-71.0290772 42.3316542, -71.0270115 42.3324354)"
19017,1867,5089,0.382206,0.25,2.0,2600.0,2600.0,"LINESTRING (-71.0270115 42.3324354, -71.0290772 42.3316542)"
19026,5088,5089,0.39277,0.25,2.0,2600.0,2600.0,"LINESTRING (-71.0310767 42.330693, -71.0290772 42.3316542)"
19027,5089,5088,0.39277,0.25,2.0,2600.0,2600.0,"LINESTRING (-71.0290772 42.3316542, -71.0310767 42.330693)"
19028,3337,3338,0.33585,0.25,2.0,2600.0,2600.0,"LINESTRING (-71.0292437 42.3357447, -71.0312813 42.3357091)"
19029,3338,3337,0.33585,0.25,2.0,2600.0,2600.0,"LINESTRING (-71.0312813 42.3357091, -71.0292437 42.3357447)"
19030,1865,1867,0.35818,0.25,2.0,2600.0,2600.0,"LINESTRING (-71.0249647 42.3329775, -71.0270115 42.3324354)"
19031,1867,1865,0.35818,0.25,2.0,2600.0,2600.0,"LINESTRING (-71.0270115 42.3324354, -71.0249647 42.3329775)"
19032,2343,2346,0.348662,0.25,2.0,2600.0,2600.0,"LINESTRING (-71.025062 42.335806, -71.0271767 42.3357787)"
19033,2346,2343,0.348662,0.25,2.0,2600.0,2600.0,"LINESTRING (-71.0271767 42.3357787, -71.025062 42.335806)"
19034,5060,2344,0.182652,0.25,2.0,2600.0,2600.0,"LINESTRING (-71.0250184 42.3341255, -71.0250396 42.3349476)"
19035,2344,5060,0.182652,0.25,2.0,2600.0,2600.0,"LINESTRING (-71.0250396 42.3349476, -71.0250184 42.3341255)"
19052,1868,4438,0.045548,0.25,2.0,2600.0,2600.0,"LINESTRING (-71.024992 42.3330951, -71.0249959 42.3333001)"
19053,4438,1868,0.045548,0.25,2.0,2600.0,2600.0,"LINESTRING (-71.0249959 42.3333001, -71.024992 42.3330951)"
19054,1865,1868,0.026372,0.25,2.0,2600.0,2600.0,"LINESTRING (-71.0249647 42.3329775, -71.024992 42.3330951)"
19055,1868,1865,0.026372,0.25,2.0,2600.0,2600.0,"LINESTRING (-71.024992 42.3330951, -71.0249647 42.3329775)"
19056,4438,5060,0.18354,0.25,2.0,2600.0,2600.0,"LINESTRING (-71.0249959 42.3333001, -71.0250184 42.3341255)"
19057,5060,4438,0.18354,0.25,2.0,2600.0,2600.0,"LINESTRING (-71.0250184 42.3341255, -71.0249959 42.3333001)"
19058,2343,2344,0.190648,0.25,2.0,2600.0,2600.0,"LINESTRING (-71.025062 42.335806, -71.0250396 42.3349476)"
19059,2344,2343,0.190648,0.25,2.0,2600.0,2600.0,"LINESTRING (-71.0250396 42.3349476, -71.025062 42.335806)"
19060,2342,1866,0.0763,0.25,2.0,2600.0,2600.0,"LINESTRING (-71.0242865 42.3358197, -71.0238667 42.3356741)"
19061,4362,1866,0.05896,0.25,2.0,2600.0,2600.0,"LINESTRING (-71.0238105 42.3359355, -71.0238667 42.3356741)"
19062,1866,4362,0.05896,0.25,2.0,2600.0,2600.0,"LINESTRING (-71.0238667 42.3356741, -71.0238105 42.3359355)"
19063,4362,2342,0.082582,0.25,2.0,2600.0,2600.0,"LINESTRING (-71.0238105 42.3359355, -71.0242865 42.3358197)"
19064,2158,2156,1.982704,0.25,2.0,13200.0,13200.0,"LINESTRING (-71.025971 42.357841, -71.0291494 42.375534)"
19069,2639,2637,0.10064,0.25,2.0,2600.0,2600.0,"LINESTRING (-71.0280599 42.3690849, -71.0283395 42.3686823)"
19072,3001,3002,0.130152,0.25,2.0,2600.0,2600.0,"LINESTRING (-71.0405678 42.3692395, -71.0398868 42.3689433)"
19073,3002,3001,0.130152,0.25,2.0,2600.0,2600.0,"LINESTRING (-71.0398868 42.3689433, -71.0405678 42.3692395)"
19074,3003,3004,0.159028,0.25,2.0,2600.0,2600.0,"LINESTRING (-71.0361741 42.3689484, -71.0370063 42.3693112)"
19075,3047,3048,0.534334,0.25,2.0,2600.0,2600.0,"LINESTRING (-71.0188208 42.3686192, -71.0216207 42.3698325)"
19076,3066,3049,0.457852,0.25,2.0,2600.0,2600.0,"LINESTRING (-71.021803 42.36914, -71.0193479 42.3681741)"
19077,3066,3067,0.070053,0.25,2.0,13200.0,13200.0,"LINESTRING (-71.021803 42.36914, -71.0219786 42.368523)"
19078,3086,3087,0.281437,0.25,2.0,13200.0,13200.0,"LINESTRING (-71.0240698 42.3687063, -71.026465 42.370513)"
19079,3086,3088,0.22986,0.25,2.0,13200.0,13200.0,"LINESTRING (-71.0240698 42.3687063, -71.0266751 42.369448)"
19080,3089,3088,0.357869,0.25,2.0,13200.0,13200.0,"LINESTRING (-71.0226728 42.3681941, -71.0266751 42.369448)"
19081,3094,3095,0.361136,0.25,2.0,13200.0,13200.0,"LINESTRING (-71.022072 42.368221, -71.0258741 42.3698402)"
19082,3094,3096,0.335276,0.25,2.0,13200.0,13200.0,"LINESTRING (-71.022072 42.368221, -71.02555 42.3697893)"
19083,3097,2151,1.260511,0.25,2.0,13200.0,13200.0,"LINESTRING (-71.0295605 42.3752398, -71.024838 42.364446)"
19084,3096,3092,0.22324,0.25,2.0,2600.0,2600.0,"LINESTRING (-71.02555 42.3697893, -71.0254944 42.3687854)"
19085,3092,3096,0.22324,0.25,2.0,2600.0,2600.0,"LINESTRING (-71.0254944 42.3687854, -71.02555 42.3697893)"
19088,3281,3282,0.692002,0.25,2.0,2600.0,2600.0,"LINESTRING (-71.0187307 42.3675891, -71.021633 42.3698407)"
19089,3986,3067,0.091754,0.25,2.0,13200.0,13200.0,"LINESTRING (-71.0219852 42.3693493, -71.0219786 42.368523)"
19090,4101,4102,0.483327,0.25,2.0,13200.0,13200.0,"LINESTRING (-71.0266946 42.3701414, -71.0239558 42.3662929)"
19091,4101,4103,0.195553,0.25,2.0,13200.0,13200.0,"LINESTRING (-71.0266946 42.3701414, -71.0265257 42.3683853)"
19092,4354,4103,0.138742,0.25,2.0,13200.0,13200.0,"LINESTRING (-71.0279613 42.3690388, -71.0265257 42.3683853)"
19093,2637,4354,0.100838,0.25,2.0,2600.0,2600.0,"LINESTRING (-71.0283395 42.3686823, -71.0279613 42.3690388)"
19094,3088,2635,0.428248,0.25,2.0,13200.0,13200.0,"LINESTRING (-71.0266751 42.369448, -71.0251959 42.3657524)"
19095,979,4490,0.272528,0.25,2.0,2600.0,2600.0,"LINESTRING (-71.0387149 42.3700382, -71.0394972 42.3689567)"
19098,4998,5376,0.311284,0.25,2.0,2600.0,2600.0,"LINESTRING (-71.0379373 42.3697196, -71.0389081 42.3685177)"
19099,5376,4998,0.311284,0.25,2.0,2600.0,2600.0,"LINESTRING (-71.0389081 42.3685177, -71.0379373 42.3697196)"
19100,4954,5246,0.363092,0.25,2.0,2600.0,2600.0,"LINESTRING (-71.033278 42.3695472, -71.0347372 42.368322)"
19101,3002,4740,0.0462,0.25,2.0,2600.0,2600.0,"LINESTRING (-71.0398868 42.3689433, -71.0397425 42.3691214)"
19188,2151,2152,2.237631,0.25,2.0,13200.0,13200.0,"LINESTRING (-71.024838 42.364446, -71.0378771 42.3467748)"
19189,2158,2159,0.719548,0.25,2.0,13200.0,13200.0,"LINESTRING (-71.025971 42.357841, -71.024392 42.364212)"
19190,2900,2902,0.734196,0.25,2.0,2600.0,2600.0,"LINESTRING (-71.0248701 42.3586923, -71.02104 42.3570026)"
19191,2636,2936,0.384434,0.25,2.0,2600.0,2600.0,"LINESTRING (-71.0251497 42.3650297, -71.0244301 42.3666764)"
19192,2936,2636,0.384434,0.25,2.0,2600.0,2600.0,"LINESTRING (-71.0244301 42.3666764, -71.0251497 42.3650297)"
19193,2159,3079,0.395168,0.25,2.0,13200.0,13200.0,"LINESTRING (-71.024392 42.364212, -71.0249545 42.3677445)"
19194,2159,3080,0.373602,0.25,2.0,13200.0,13200.0,"LINESTRING (-71.024392 42.364212, -71.0250663 42.3675384)"
19195,3090,3091,0.079786,0.25,2.0,2600.0,2600.0,"LINESTRING (-71.024696 42.3681271, -71.0245177 42.3677933)"
19196,3091,3090,0.079786,0.25,2.0,2600.0,2600.0,"LINESTRING (-71.0245177 42.3677933, -71.024696 42.3681271)"
19197,3090,3093,0.090094,0.25,2.0,2600.0,2600.0,"LINESTRING (-71.024696 42.3681271, -71.0241505 42.3681499)"
19198,3093,3090,0.090094,0.25,2.0,2600.0,2600.0,"LINESTRING (-71.0241505 42.3681499, -71.024696 42.3681271)"
19199,3079,3091,0.036308,0.25,2.0,13200.0,13200.0,"LINESTRING (-71.0249545 42.3677445, -71.0245177 42.3677933)"
19200,4103,4105,0.299489,0.25,2.0,13200.0,13200.0,"LINESTRING (-71.0265257 42.3683853, -71.0241415 42.3663501)"
19201,4117,2901,0.735498,0.25,2.0,2600.0,2600.0,"LINESTRING (-71.0209154 42.357154, -71.0247553 42.3588415)"
19202,2155,2158,1.490409,0.25,2.0,13200.0,13200.0,"LINESTRING (-71.0364024 42.3468791, -71.025971 42.357841)"
19203,4167,4045,0.518778,0.25,2.0,2600.0,2600.0,"LINESTRING (-71.021923 42.337868, -71.0249792 42.3384269)"
19226,2423,2141,0.137908,0.25,2.0,2600.0,2600.0,"LINESTRING (-71.0395891 42.3445602, -71.0389562 42.3441541)"
19227,4439,2424,0.124308,0.25,2.0,2600.0,2600.0,"LINESTRING (-71.0389145 42.3442779, -71.0394883 42.3446413)"
19228,4768,4991,0.563198,0.25,2.0,2600.0,2600.0,"LINESTRING (-71.0300065 42.3382451, -71.0334222 42.3381828)"
19229,4991,4768,0.563198,0.25,2.0,2600.0,2600.0,"LINESTRING (-71.0334222 42.3381828, -71.0300065 42.3382451)"
19254,2138,2139,0.946762,0.25,2.0,2600.0,2600.0,"LINESTRING (-71.0381293 42.3436899, -71.03555 42.3398819)"
19255,2139,2138,0.946762,0.25,2.0,2600.0,2600.0,"LINESTRING (-71.03555 42.3398819, -71.0381293 42.3436899)"
19256,5010,4924,0.33317,0.25,2.0,2600.0,2600.0,"LINESTRING (-71.0354965 42.3381443, -71.0375168 42.3381137)"
19257,4924,5010,0.33317,0.25,2.0,2600.0,2600.0,"LINESTRING (-71.0375168 42.3381137, -71.0354965 42.3381443)"
19270,4923,4925,0.375868,0.25,2.0,2600.0,2600.0,"LINESTRING (-71.0377149 42.3381108, -71.0399947 42.3380769)"
19271,4925,4923,0.375868,0.25,2.0,2600.0,2600.0,"LINESTRING (-71.0399947 42.3380769, -71.0377149 42.3381108)"
19278,4923,4924,0.032642,0.25,2.0,2600.0,2600.0,"LINESTRING (-71.0377149 42.3381108, -71.0375168 42.3381137)"
19279,4924,4923,0.032642,0.25,2.0,2600.0,2600.0,"LINESTRING (-71.0375168 42.3381137, -71.0377149 42.3381108)"
19280,2138,2140,0.165318,0.25,2.0,2600.0,2600.0,"LINESTRING (-71.0381293 42.3436899, -71.0388292 42.3442231)"
19281,2141,2138,0.170886,0.25,2.0,2600.0,2600.0,"LINESTRING (-71.0389562 42.3441541, -71.0381293 42.3436899)"
19282,2140,4439,0.018588,0.25,2.0,2600.0,2600.0,"LINESTRING (-71.0388292 42.3442231, -71.0389145 42.3442779)"
19283,5010,4991,0.34195,0.25,2.0,2600.0,2600.0,"LINESTRING (-71.0354965 42.3381443, -71.0334222 42.3381828)"
19284,4991,5010,0.34195,0.25,2.0,2600.0,2600.0,"LINESTRING (-71.0334222 42.3381828, -71.0354965 42.3381443)"
19285,5010,4959,0.238888,0.25,2.0,2600.0,2600.0,"LINESTRING (-71.0354965 42.3381443, -71.0355296 42.3392189)"
19286,4959,5010,0.238888,0.25,2.0,2600.0,2600.0,"LINESTRING (-71.0355296 42.3392189, -71.0354965 42.3381443)"
19287,5008,5009,0.182652,0.25,2.0,2600.0,2600.0,"LINESTRING (-71.0354648 42.3373282, -71.0354432 42.3365055)"
19288,5009,5008,0.182652,0.25,2.0,2600.0,2600.0,"LINESTRING (-71.0354432 42.3365055, -71.0354648 42.3373282)"
19289,5008,5010,0.181354,0.25,2.0,2600.0,2600.0,"LINESTRING (-71.0354648 42.3373282, -71.0354965 42.3381443)"
19290,5010,5008,0.181354,0.25,2.0,2600.0,2600.0,"LINESTRING (-71.0354965 42.3381443, -71.0354648 42.3373282)"
19291,2139,4959,0.147328,0.25,2.0,2600.0,2600.0,"LINESTRING (-71.03555 42.3398819, -71.0355296 42.3392189)"
19292,4959,2139,0.147328,0.25,2.0,2600.0,2600.0,"LINESTRING (-71.0355296 42.3392189, -71.03555 42.3398819)"
19293,2154,2155,0.364812,0.25,2.0,13200.0,13200.0,"LINESTRING (-71.0408255 42.3470253, -71.0364024 42.3468791)"
19294,2420,1152,0.257002,0.25,2.0,2600.0,2600.0,"LINESTRING (-71.0395986 42.3491248, -71.0403575 42.3481142)"
19295,3059,3060,0.11348,0.25,2.0,2600.0,2600.0,"LINESTRING (-71.0370654 42.3468128, -71.0366766 42.3472352)"
19296,3060,3059,0.11348,0.25,2.0,2600.0,2600.0,"LINESTRING (-71.0366766 42.3472352, -71.0370654 42.3468128)"
19297,3062,3063,0.110492,0.25,2.0,2600.0,2600.0,"LINESTRING (-71.0374999 42.3482789, -71.0369155 42.3480364)"
19298,3063,3062,0.110492,0.25,2.0,2600.0,2600.0,"LINESTRING (-71.0369155 42.3480364, -71.0374999 42.3482789)"
19299,3062,3064,0.132776,0.25,2.0,2600.0,2600.0,"LINESTRING (-71.0374999 42.3482789, -71.0382033 42.3485708)"
19300,3064,3062,0.132776,0.25,2.0,2600.0,2600.0,"LINESTRING (-71.0382033 42.3485708, -71.0374999 42.3482789)"
19301,3053,2421,0.113282,0.25,2.0,2600.0,2600.0,"LINESTRING (-71.0394071 42.3484958, -71.0389695 42.3488888)"
19302,3488,2155,0.078215,0.25,2.0,13200.0,13200.0,"LINESTRING (-71.0373009 42.3466531, -71.0364024 42.3468791)"
19303,3052,3056,0.078404,0.25,2.0,2600.0,2600.0,"LINESTRING (-71.0393377 42.3476833, -71.0388649 42.3476445)"
19304,3056,3052,0.078404,0.25,2.0,2600.0,2600.0,"LINESTRING (-71.0388649 42.3476445, -71.0393377 42.3476833)"
19305,3059,3061,0.4773,0.25,2.0,2600.0,2600.0,"LINESTRING (-71.0370654 42.3468128, -71.0396679 42.3458705)"
19306,3061,3059,0.4773,0.25,2.0,2600.0,2600.0,"LINESTRING (-71.0396679 42.3458705, -71.0370654 42.3468128)"
19307,4157,3488,0.230717,0.25,2.0,13200.0,13200.0,"LINESTRING (-71.040072 42.3463554, -71.0373009 42.3466531)"
19308,3061,3077,0.1881,0.25,2.0,2600.0,2600.0,"LINESTRING (-71.0396679 42.3458705, -71.0403375 42.3451854)"
19309,3077,3061,0.1881,0.25,2.0,2600.0,2600.0,"LINESTRING (-71.0403375 42.3451854, -71.0396679 42.3458705)"
19310,3104,2423,0.183834,0.25,2.0,2600.0,2600.0,"LINESTRING (-71.0404256 42.3451068, -71.0395891 42.3445602)"
19311,2424,3077,0.184886,0.25,2.0,2600.0,2600.0,"LINESTRING (-71.0394883 42.3446413, -71.0403375 42.3451854)"
19312,3104,3077,0.022704,0.25,2.0,2600.0,2600.0,"LINESTRING (-71.0404256 42.3451068, -71.0403375 42.3451854)"
19313,3077,3104,0.022704,0.25,2.0,2600.0,2600.0,"LINESTRING (-71.0403375 42.3451854, -71.0404256 42.3451068)"
19314,2423,2424,0.024514,0.25,2.0,2600.0,2600.0,"LINESTRING (-71.0395891 42.3445602, -71.0394883 42.3446413)"
19315,2424,2423,0.024514,0.25,2.0,2600.0,2600.0,"LINESTRING (-71.0394883 42.3446413, -71.0395891 42.3445602)"
19316,3051,3052,0.13426,0.25,2.0,2600.0,2600.0,"LINESTRING (-71.0400763 42.3479385, -71.0393377 42.3476833)"
19317,3052,3051,0.13426,0.25,2.0,2600.0,2600.0,"LINESTRING (-71.0393377 42.3476833, -71.0400763 42.3479385)"
19318,3051,3053,0.165732,0.25,2.0,2600.0,2600.0,"LINESTRING (-71.0400763 42.3479385, -71.0394071 42.3484958)"
19319,1148,3051,0.134966,0.25,2.0,2600.0,2600.0,"LINESTRING (-71.0406347 42.3474949, -71.0400763 42.3479385)"
19320,1152,1153,0.023002,0.25,2.0,2600.0,2600.0,"LINESTRING (-71.0403575 42.3481142, -71.0404263 42.3480241)"
19321,3051,1152,0.0604639999999999,0.25,2.0,2600.0,2600.0,"LINESTRING (-71.0400763 42.3479385, -71.0403575 42.3481142)"
19322,1153,4156,0.11972,0.25,2.0,2600.0,2600.0,"LINESTRING (-71.0404263 42.3480241, -71.0407793 42.3475534)"
19323,1153,3051,0.06069,0.25,2.0,2600.0,2600.0,"LINESTRING (-71.0404263 42.3480241, -71.0400763 42.3479385)"
19324,3057,3058,0.05598,0.25,2.0,2600.0,2600.0,"LINESTRING (-71.0380475 42.3476565, -71.0378267 42.3478485)"
19325,3058,3057,0.05598,0.25,2.0,2600.0,2600.0,"LINESTRING (-71.0378267 42.3478485, -71.0380475 42.3476565)"
19326,3057,3056,0.13483,0.25,2.0,2600.0,2600.0,"LINESTRING (-71.0380475 42.3476565, -71.0388649 42.3476445)"
19327,3056,3057,0.13483,0.25,2.0,2600.0,2600.0,"LINESTRING (-71.0388649 42.3476445, -71.0380475 42.3476565)"
19328,3062,3058,0.10968,0.25,2.0,2600.0,2600.0,"LINESTRING (-71.0374999 42.3482789, -71.0378267 42.3478485)"
19329,3058,3062,0.10968,0.25,2.0,2600.0,2600.0,"LINESTRING (-71.0378267 42.3478485, -71.0374999 42.3482789)"
19330,2420,2421,0.116308,0.25,2.0,2600.0,2600.0,"LINESTRING (-71.0395986 42.3491248, -71.0389695 42.3488888)"
19331,2421,2420,0.116308,0.25,2.0,2600.0,2600.0,"LINESTRING (-71.0389695 42.3488888, -71.0395986 42.3491248)"
19332,2420,2422,0.21435,0.25,2.0,2600.0,2600.0,"LINESTRING (-71.0395986 42.3491248, -71.0407042 42.3496339)"
19333,3515,2420,0.214592,0.25,2.0,2600.0,2600.0,"LINESTRING (-71.0407608 42.349561, -71.0395986 42.3491248)"
19334,2421,3064,0.144656,0.25,2.0,2600.0,2600.0,"LINESTRING (-71.0389695 42.3488888, -71.0382033 42.3485708)"
19335,3064,2421,0.144656,0.25,2.0,2600.0,2600.0,"LINESTRING (-71.0382033 42.3485708, -71.0389695 42.3488888)"
19336,3060,4485,0.09739,0.25,2.0,2600.0,2600.0,"LINESTRING (-71.0366766 42.3472352, -71.0362657 42.34755)"
19337,4585,3060,0.108192,0.25,2.0,2600.0,2600.0,"LINESTRING (-71.0363903 42.3476733, -71.0366766 42.3472352)"
19338,3063,4484,0.11429,0.25,2.0,2600.0,2600.0,"LINESTRING (-71.0369155 42.3480364, -71.0363907 42.3476992)"
19339,4504,3063,0.137266,0.25,2.0,2600.0,2600.0,"LINESTRING (-71.0361434 42.3478035, -71.0369155 42.3480364)"
19340,4504,4484,0.047058,0.25,2.0,2600.0,2600.0,"LINESTRING (-71.0361434 42.3478035, -71.0363907 42.3476992)"
19341,4507,4505,0.043724,0.25,2.0,2600.0,2600.0,"LINESTRING (-71.0361856 42.3475453, -71.0360257 42.3477021)"
19342,4506,4504,0.027212,0.25,2.0,2600.0,2600.0,"LINESTRING (-71.0360307 42.3477139, -71.0361434 42.3478035)"
19343,4585,4485,0.034122,0.25,2.0,2600.0,2600.0,"LINESTRING (-71.0363903 42.3476733, -71.0362657 42.34755)"
19344,4484,4585,0.00578,0.25,2.0,2600.0,2600.0,"LINESTRING (-71.0363907 42.3476992, -71.0363903 42.3476733)"
19345,4485,4507,0.01323,0.25,2.0,2600.0,2600.0,"LINESTRING (-71.0362657 42.34755, -71.0361856 42.3475453)"
19346,4505,4506,0.002788,0.25,2.0,2600.0,2600.0,"LINESTRING (-71.0360257 42.3477021, -71.0360307 42.3477139)"
19347,4767,4044,0.340586,0.25,2.0,2600.0,2600.0,"LINESTRING (-71.0293155 42.3382565, -71.0272488 42.3382871)"
19348,4044,4767,0.340586,0.25,2.0,2600.0,2600.0,"LINESTRING (-71.0272488 42.3382871, -71.0293155 42.3382565)"
19349,4767,4768,0.113922,0.25,2.0,2600.0,2600.0,"LINESTRING (-71.0293155 42.3382565, -71.0300065 42.3382451)"
19350,4768,4767,0.113922,0.25,2.0,2600.0,2600.0,"LINESTRING (-71.0300065 42.3382451, -71.0293155 42.3382565)"
19351,4043,3585,0.179088,0.25,2.0,2600.0,2600.0,"LINESTRING (-71.0251269 42.3383182, -71.0251076 42.3375121)"
19352,3585,4043,0.179088,0.25,2.0,2600.0,2600.0,"LINESTRING (-71.0251076 42.3375121, -71.0251269 42.3383182)"
19353,4043,4044,0.349818,0.25,2.0,2600.0,2600.0,"LINESTRING (-71.0251269 42.3383182, -71.0272488 42.3382871)"
19354,4044,4043,0.349818,0.25,2.0,2600.0,2600.0,"LINESTRING (-71.0272488 42.3382871, -71.0251269 42.3383182)"
19355,2345,3585,0.185542,0.25,2.0,2600.0,2600.0,"LINESTRING (-71.0250849 42.3366767, -71.0251076 42.3375121)"
19356,3585,2345,0.185542,0.25,2.0,2600.0,2600.0,"LINESTRING (-71.0251076 42.3375121, -71.0250849 42.3366767)"
19357,4043,4045,0.034372,0.25,2.0,2600.0,2600.0,"LINESTRING (-71.0251269 42.3383182, -71.0249792 42.3384269)"
19358,4045,4043,0.034372,0.25,2.0,2600.0,2600.0,"LINESTRING (-71.0249792 42.3384269, -71.0251269 42.3383182)"
19359,2933,2934,0.277456,0.25,2.0,2600.0,2600.0,"LINESTRING (-71.0257145 42.3603597, -71.0254916 42.3615975)"
19360,2934,2933,0.277456,0.25,2.0,2600.0,2600.0,"LINESTRING (-71.0254916 42.3615975, -71.0257145 42.3603597)"
19361,5001,2768,0.426468,0.25,2.0,2600.0,2600.0,"LINESTRING (-71.0330029 42.3659483, -71.0307703 42.3649767)"
19362,3936,5032,0.376242,0.25,2.0,2600.0,2600.0,"LINESTRING (-71.0320226 42.3671386, -71.0339921 42.3679972)"
19391,5375,5031,0.432832,0.25,2.0,2600.0,2600.0,"LINESTRING (-71.0379809 42.3681145, -71.0357151 42.3671285)"
19394,4491,5376,0.134972,0.25,2.0,2600.0,2600.0,"LINESTRING (-71.0396148 42.368825, -71.0389081 42.3685177)"
19395,5376,4491,0.134972,0.25,2.0,2600.0,2600.0,"LINESTRING (-71.0389081 42.3685177, -71.0396148 42.368825)"
19402,4491,3002,0.051914,0.25,2.0,2600.0,2600.0,"LINESTRING (-71.0396148 42.368825, -71.0398868 42.3689433)"
19403,3002,4491,0.051914,0.25,2.0,2600.0,2600.0,"LINESTRING (-71.0398868 42.3689433, -71.0396148 42.368825)"
19404,4490,4491,0.035184,0.25,2.0,2600.0,2600.0,"LINESTRING (-71.0394972 42.3689567, -71.0396148 42.368825)"
19405,5375,5376,0.177026,0.25,2.0,2600.0,2600.0,"LINESTRING (-71.0379809 42.3681145, -71.0389081 42.3685177)"
19406,5376,5375,0.177026,0.25,2.0,2600.0,2600.0,"LINESTRING (-71.0389081 42.3685177, -71.0379809 42.3681145)"
19411,926,1280,0.082918,0.25,2.0,2600.0,2600.0,"LINESTRING (-71.0349192 42.3667822, -71.0344852 42.3665933)"
19412,5031,925,0.096888,0.25,2.0,2600.0,2600.0,"LINESTRING (-71.0357151 42.3671285, -71.035208 42.3669078)"
19413,5246,3005,0.149594,0.25,2.0,2600.0,2600.0,"LINESTRING (-71.0347372 42.368322, -71.0355203 42.3686634)"
19420,925,926,0.05523,0.25,2.0,2600.0,2600.0,"LINESTRING (-71.035208 42.3669078, -71.0349192 42.3667822)"
19421,3005,3003,0.124968,0.25,2.0,2600.0,2600.0,"LINESTRING (-71.0355203 42.3686634, -71.0361741 42.3689484)"
19422,3870,3874,0.114742,0.25,2.0,2600.0,2600.0,"LINESTRING (-71.0341288 42.3664382, -71.0335284 42.3661769)"
19423,3874,5001,0.100346,0.25,2.0,2600.0,2600.0,"LINESTRING (-71.0335284 42.3661769, -71.0330029 42.3659483)"
19432,1280,3870,0.068012,0.25,2.0,2600.0,2600.0,"LINESTRING (-71.0344852 42.3665933, -71.0341288 42.3664382)"
19433,5032,5246,0.142396,0.25,2.0,2600.0,2600.0,"LINESTRING (-71.0339921 42.3679972, -71.0347372 42.368322)"
19434,2900,2901,0.038334,0.25,2.0,2600.0,2600.0,"LINESTRING (-71.0248701 42.3586923, -71.0247553 42.3588415)"
19435,2901,2900,0.038334,0.25,2.0,2600.0,2600.0,"LINESTRING (-71.0247553 42.3588415, -71.0248701 42.3586923)"
19436,2932,2900,0.284038,0.25,2.0,2600.0,2600.0,"LINESTRING (-71.0257714 42.3597819, -71.0248701 42.3586923)"
19437,2932,2933,0.128752,0.25,2.0,2600.0,2600.0,"LINESTRING (-71.0257714 42.3597819, -71.0257145 42.3603597)"
19438,2933,2932,0.128752,0.25,2.0,2600.0,2600.0,"LINESTRING (-71.0257145 42.3603597, -71.0257714 42.3597819)"
19439,2901,2932,0.267646,0.25,2.0,2600.0,2600.0,"LINESTRING (-71.0247553 42.3588415, -71.0257714 42.3597819)"
19440,2768,2769,0.137896,0.25,2.0,2600.0,2600.0,"LINESTRING (-71.0307703 42.3649767, -71.0300483 42.3646625)"
19441,2635,2151,0.148038,0.25,2.0,13200.0,13200.0,"LINESTRING (-71.0251959 42.3657524, -71.024838 42.364446)"
19442,2636,2934,0.764534,0.25,2.0,2600.0,2600.0,"LINESTRING (-71.0251497 42.3650297, -71.0254916 42.3615975)"
19443,2934,2636,0.764534,0.25,2.0,2600.0,2600.0,"LINESTRING (-71.0254916 42.3615975, -71.0251497 42.3650297)"
19444,3442,3443,0.15493,0.25,2.0,2600.0,2600.0,"LINESTRING (-71.0298179 42.3645714, -71.0293406 42.3651721)"
19445,3443,3442,0.15493,0.25,2.0,2600.0,2600.0,"LINESTRING (-71.0293406 42.3651721, -71.0298179 42.3645714)"
19446,3442,2769,0.043054,0.25,2.0,2600.0,2600.0,"LINESTRING (-71.0298179 42.3645714, -71.0300483 42.3646625)"
19447,2769,3442,0.043054,0.25,2.0,2600.0,2600.0,"LINESTRING (-71.0300483 42.3646625, -71.0298179 42.3645714)"
19448,3441,3936,0.26071,0.25,2.0,2600.0,2600.0,"LINESTRING (-71.030659 42.3665442, -71.0320226 42.3671386)"
19449,3444,3440,0.258984,0.25,2.0,2600.0,2600.0,"LINESTRING (-71.0288701 42.3657643, -71.0302246 42.3663548)"
19450,3440,3441,0.082918,0.25,2.0,2600.0,2600.0,"LINESTRING (-71.0302246 42.3663548, -71.030659 42.3665442)"
19451,3444,3443,0.152704,0.25,2.0,2600.0,2600.0,"LINESTRING (-71.0288701 42.3657643, -71.0293406 42.3651721)"
19452,3443,3444,0.152704,0.25,2.0,2600.0,2600.0,"LINESTRING (-71.0293406 42.3651721, -71.0288701 42.3657643)"
19453,2634,2635,0.258592,0.25,2.0,13200.0,13200.0,"LINESTRING (-71.0278109 42.36704, -71.0251959 42.3657524)"
19454,2634,2636,0.625772,0.25,2.0,2600.0,2600.0,"LINESTRING (-71.0278109 42.36704, -71.0251497 42.3650297)"
19455,2636,2634,0.625772,0.25,2.0,2600.0,2600.0,"LINESTRING (-71.0251497 42.3650297, -71.0278109 42.36704)"
19456,3080,4115,0.168249,0.25,2.0,13200.0,13200.0,"LINESTRING (-71.0250663 42.3675384, -71.0271066 42.3675967)"
19457,3080,4116,0.081176,0.25,2.0,13200.0,13200.0,"LINESTRING (-71.0250663 42.3675384, -71.0253492 42.3668381)"
19458,2634,2637,0.375016,0.25,2.0,2600.0,2600.0,"LINESTRING (-71.0278109 42.36704, -71.0283395 42.3686823)"
19459,2637,2634,0.375016,0.25,2.0,2600.0,2600.0,"LINESTRING (-71.0283395 42.3686823, -71.0278109 42.36704)"
19460,3079,3090,0.047457,0.25,2.0,13200.0,13200.0,"LINESTRING (-71.0249545 42.3677445, -71.024696 42.3681271)"
19461,3090,3092,0.196602,0.25,2.0,2600.0,2600.0,"LINESTRING (-71.024696 42.3681271, -71.0254944 42.3687854)"
19462,3092,3090,0.196602,0.25,2.0,2600.0,2600.0,"LINESTRING (-71.0254944 42.3687854, -71.024696 42.3681271)"
19463,4166,4167,1.10516,0.25,2.0,2600.0,2600.0,"LINESTRING (-71.0153534 42.338862, -71.021923 42.337868)"
19464,4167,4166,1.10516,0.25,2.0,2600.0,2600.0,"LINESTRING (-71.021923 42.337868, -71.0153534 42.338862)"
19469,2902,4117,0.039364,0.25,2.0,2600.0,2600.0,"LINESTRING (-71.02104 42.3570026, -71.0209154 42.357154)"
19470,4117,2902,0.039364,0.25,2.0,2600.0,2600.0,"LINESTRING (-71.0209154 42.357154, -71.02104 42.3570026)"
19471,3082,3083,0.276008,0.25,2.0,2600.0,2600.0,"LINESTRING (-71.0210191 42.3678167, -71.0195794 42.3671815)"
19494,3067,3068,0.102716,0.25,2.0,13200.0,13200.0,"LINESTRING (-71.0219786 42.368523, -71.023223 42.3684586)"
19495,3091,2936,0.2485759999999999,0.25,2.0,2600.0,2600.0,"LINESTRING (-71.0245177 42.3677933, -71.0244301 42.3666764)"
19496,2936,3091,0.2485759999999999,0.25,2.0,2600.0,2600.0,"LINESTRING (-71.0244301 42.3666764, -71.0245177 42.3677933)"
19497,4099,3068,0.202923,0.25,2.0,13200.0,13200.0,"LINESTRING (-71.0208701 42.3679175, -71.023223 42.3684586)"
19498,3085,3093,0.37632,0.25,2.0,2600.0,2600.0,"LINESTRING (-71.0218884 42.3679137, -71.0241505 42.3681499)"
19499,3093,3085,0.37632,0.25,2.0,2600.0,2600.0,"LINESTRING (-71.0241505 42.3681499, -71.0218884 42.3679137)"
19516,3091,3093,0.099828,0.25,2.0,2600.0,2600.0,"LINESTRING (-71.0245177 42.3677933, -71.0241505 42.3681499)"
19517,3068,3086,0.074969,0.25,2.0,13200.0,13200.0,"LINESTRING (-71.023223 42.3684586, -71.0240698 42.3687063)"
19518,3082,3084,0.121214,0.25,2.0,2600.0,2600.0,"LINESTRING (-71.0210191 42.3678167, -71.021746 42.3679008)"
19519,3084,3082,0.121214,0.25,2.0,2600.0,2600.0,"LINESTRING (-71.021746 42.3679008, -71.0210191 42.3678167)"
19520,4104,3094,0.108973,0.25,2.0,13200.0,13200.0,"LINESTRING (-71.0208123 42.3679224, -71.022072 42.368221)"
19531,3084,3085,0.023572,0.25,2.0,2600.0,2600.0,"LINESTRING (-71.021746 42.3679008, -71.0218884 42.3679137)"
19532,3085,3084,0.023572,0.25,2.0,2600.0,2600.0,"LINESTRING (-71.0218884 42.3679137, -71.021746 42.3679008)"
19537,3045,3046,0.181532,0.25,2.0,2600.0,2600.0,"LINESTRING (-71.0175192 42.3662652, -71.0175384 42.367082)"
19538,3046,3047,0.401586,0.25,2.0,2600.0,2600.0,"LINESTRING (-71.0175384 42.367082, -71.0188208 42.3686192)"
19539,3081,3049,0.186402,0.25,2.0,2600.0,2600.0,"LINESTRING (-71.0186102 42.3675377, -71.0193479 42.3681741)"
19540,3050,3047,0.084484,0.25,2.0,2600.0,2600.0,"LINESTRING (-71.0191586 42.3683325, -71.0188208 42.3686192)"
19541,3049,3050,0.047088,0.25,2.0,2600.0,2600.0,"LINESTRING (-71.0193479 42.3681741, -71.0191586 42.3683325)"
19542,3050,4756,0.02448,0.25,2.0,2600.0,2600.0,"LINESTRING (-71.0191586 42.3683325, -71.0190281 42.3682806)"
19543,3046,4356,0.129816,0.25,2.0,2600.0,2600.0,"LINESTRING (-71.0175384 42.367082, -71.0182427 42.3673425)"
19545,2230,2233,1.119452,0.25,2.0,13200.0,13200.0,"LINESTRING (-71.0131454 42.3916203, -71.0214164 42.3836217)"
19546,2434,2435,0.689355,0.25,2.0,13200.0,13200.0,"LINESTRING (-71.0215918 42.383312, -71.0264758 42.3782715)"
19547,2091,2927,0.24674,0.25,2.0,2600.0,2600.0,"LINESTRING (-71.023869 42.381272, -71.0252081 42.3807738)"
19548,2927,2091,0.24674,0.25,2.0,2600.0,2600.0,"LINESTRING (-71.0252081 42.3807738, -71.023869 42.381272)"
19549,3096,3116,0.347298,0.25,2.0,2600.0,2600.0,"LINESTRING (-71.02555 42.3697893, -71.0235359 42.3693272)"
19550,3116,3096,0.347298,0.25,2.0,2600.0,2600.0,"LINESTRING (-71.0235359 42.3693272, -71.02555 42.3697893)"
19553,3282,3095,0.349328,0.25,2.0,13200.0,13200.0,"LINESTRING (-71.021633 42.3698407, -71.0258741 42.3698402)"
19554,4125,4127,0.084362,0.25,2.0,2600.0,2600.0,"LINESTRING (-71.0248738 42.3795889, -71.0245178 42.3793164)"
19555,4127,4338,0.252632,0.25,2.0,2600.0,2600.0,"LINESTRING (-71.0245178 42.3793164, -71.0255887 42.3785015)"
19556,4338,4127,0.252632,0.25,2.0,2600.0,2600.0,"LINESTRING (-71.0255887 42.3785015, -71.0245178 42.3793164)"
19557,4127,4126,0.094254,0.25,2.0,2600.0,2600.0,"LINESTRING (-71.0245178 42.3793164, -71.024798 42.3796861)"
19558,4342,4343,0.250622,0.25,2.0,2600.0,2600.0,"LINESTRING (-71.0253087 42.37998, -71.023958 42.380499)"
19560,2780,4344,0.467834,0.25,2.0,2600.0,2600.0,"LINESTRING (-71.0229357 42.3809757, -71.0254789 42.3800377)"
19561,4501,4502,0.695222,0.25,2.0,2600.0,2600.0,"LINESTRING (-71.0261682 42.3788619, -71.0239494 42.3815238)"
19562,4502,4501,0.695222,0.25,2.0,2600.0,2600.0,"LINESTRING (-71.0239494 42.3815238, -71.0261682 42.3788619)"
19563,2622,3399,0.51712,0.25,2.0,2600.0,2600.0,"LINESTRING (-71.0235272 42.3830223, -71.025577 42.3812587)"
19564,3399,2622,0.51712,0.25,2.0,2600.0,2600.0,"LINESTRING (-71.025577 42.3812587, -71.0235272 42.3830223)"
19566,4126,4343,0.22752,0.25,2.0,2600.0,2600.0,"LINESTRING (-71.024798 42.3796861, -71.023958 42.380499)"
19621,1632,1633,0.372267,0.25,2.0,13200.0,13200.0,"LINESTRING (-71.0345151 42.3725926, -71.0307122 42.3744038)"
19622,1632,1634,0.532673,0.25,2.0,13200.0,13200.0,"LINESTRING (-71.0345151 42.3725926, -71.0281452 42.3717647)"
19623,2156,2157,0.374368,0.25,2.0,13200.0,13200.0,"LINESTRING (-71.0291494 42.375534, -71.0263146 42.3781694)"
19624,2672,2673,0.268776,0.25,2.0,13200.0,13200.0,"LINESTRING (-71.0324323 42.3731873, -71.0356903 42.3733244)"
19625,3359,3360,0.364022,0.25,2.0,2600.0,2600.0,"LINESTRING (-71.0319723 42.3757585, -71.0334155 42.3745175)"
19626,3360,3359,0.364022,0.25,2.0,2600.0,2600.0,"LINESTRING (-71.0334155 42.3745175, -71.0319723 42.3757585)"
19627,4500,4341,0.205768,0.25,2.0,2600.0,2600.0,"LINESTRING (-71.0269201 42.3770014, -71.0261132 42.377708)"
19628,4341,4500,0.205768,0.25,2.0,2600.0,2600.0,"LINESTRING (-71.0261132 42.377708, -71.0269201 42.3770014)"
19629,4853,4854,0.120454,0.25,2.0,2600.0,2600.0,"LINESTRING (-71.0332203 42.3714921, -71.0326647 42.3711388)"
19630,4854,4853,0.120454,0.25,2.0,2600.0,2600.0,"LINESTRING (-71.0326647 42.3711388, -71.0332203 42.3714921)"
19631,4857,4851,0.515366,0.25,2.0,2600.0,2600.0,"LINESTRING (-71.0302661 42.3825855, -71.0333951 42.3825951)"
19632,4851,4857,0.515366,0.25,2.0,2600.0,2600.0,"LINESTRING (-71.0333951 42.3825951, -71.0302661 42.3825855)"
19633,4953,4954,0.334332,0.25,2.0,2600.0,2600.0,"LINESTRING (-71.0319613 42.3706915, -71.033278 42.3695472)"
19634,5131,4798,0.397918,0.25,2.0,2600.0,2600.0,"LINESTRING (-71.0315298 42.3776468, -71.0336884 42.3768422)"
19635,4798,5131,0.397918,0.25,2.0,2600.0,2600.0,"LINESTRING (-71.0336884 42.3768422, -71.0315298 42.3776468)"
19636,4336,3361,0.336308,0.25,2.0,2600.0,2600.0,"LINESTRING (-71.0291781 42.3781605, -71.0305118 42.3770145)"
19637,3361,4336,0.336308,0.25,2.0,2600.0,2600.0,"LINESTRING (-71.0305118 42.3770145, -71.0291781 42.3781605)"
19638,5125,5135,0.159776,0.25,2.0,2600.0,2600.0,"LINESTRING (-71.039191 42.377859, -71.0391693 42.3771395)"
19639,5135,5125,0.159776,0.25,2.0,2600.0,2600.0,"LINESTRING (-71.0391693 42.3771395, -71.039191 42.377859)"
19640,1075,5141,0.336584,0.25,2.0,2600.0,2600.0,"LINESTRING (-71.0285688 42.3777692, -71.0299043 42.3766218)"
19641,5141,1075,0.336584,0.25,2.0,2600.0,2600.0,"LINESTRING (-71.0299043 42.3766218, -71.0285688 42.3777692)"
19642,5186,4981,0.385606,0.25,2.0,2600.0,2600.0,"LINESTRING (-71.0328065 42.3741282, -71.0343371 42.3728146)"
19643,4981,5186,0.385606,0.25,2.0,2600.0,2600.0,"LINESTRING (-71.0343371 42.3728146, -71.0328065 42.3741282)"
19644,1633,4341,0.527418,0.25,2.0,13200.0,13200.0,"LINESTRING (-71.0307122 42.3744038, -71.0261132 42.377708)"
19645,1633,3107,0.691067,0.25,2.0,13200.0,13200.0,"LINESTRING (-71.0307122 42.3744038, -71.025392 42.379215)"
19646,2435,4850,0.172434,0.25,2.0,13200.0,13200.0,"LINESTRING (-71.0264758 42.3782715, -71.0278525 42.3771024)"
19701,1034,1035,0.315568,0.25,2.0,2600.0,2600.0,"LINESTRING (-71.0359053 42.3723759, -71.0371543 42.3712986)"
19702,1035,1034,0.315568,0.25,2.0,2600.0,2600.0,"LINESTRING (-71.0371543 42.3712986, -71.0359053 42.3723759)"
19703,2086,2088,0.19332,0.25,2.0,2600.0,2600.0,"LINESTRING (-71.0390236 42.3723736, -71.0390476 42.3732443)"
19704,2088,2086,0.19332,0.25,2.0,2600.0,2600.0,"LINESTRING (-71.0390476 42.3732443, -71.0390236 42.3723736)"
19705,3438,3439,0.219792,0.25,2.0,2600.0,2600.0,"LINESTRING (-71.0350435 42.3731188, -71.0361204 42.373703)"
19706,3438,3360,0.41051,0.25,2.0,2600.0,2600.0,"LINESTRING (-71.0350435 42.3731188, -71.0334155 42.3745175)"
19707,3360,3438,0.41051,0.25,2.0,2600.0,2600.0,"LINESTRING (-71.0334155 42.3745175, -71.0350435 42.3731188)"
19708,2673,4732,0.166477,0.25,2.0,13200.0,13200.0,"LINESTRING (-71.0356903 42.3733244, -71.0374198 42.3740985)"
19709,2673,4260,0.212791,0.25,2.0,13200.0,13200.0,"LINESTRING (-71.0356903 42.3733244, -71.03827 42.3734242)"
19710,4799,4800,0.464856,0.25,2.0,2600.0,2600.0,"LINESTRING (-71.0361793 42.3759137, -71.0386834 42.3749491)"
19711,4800,4799,0.464856,0.25,2.0,2600.0,2600.0,"LINESTRING (-71.0386834 42.3749491, -71.0361793 42.3759137)"
19712,4808,4810,0.089958,0.25,2.0,13200.0,13200.0,"LINESTRING (-71.0378677 42.373418, -71.0368047 42.3736039)"
19713,4809,4810,0.094266,0.25,2.0,2600.0,2600.0,"LINESTRING (-71.037335 42.3734438, -71.0368047 42.3736039)"
19714,2087,4809,0.35134,0.25,2.0,2600.0,2600.0,"LINESTRING (-71.0389085 42.3723758, -71.037335 42.3734438)"
19715,4987,4998,0.35004,0.25,2.0,2600.0,2600.0,"LINESTRING (-71.0365487 42.3709128, -71.0379373 42.3697196)"
19716,4998,4987,0.35004,0.25,2.0,2600.0,2600.0,"LINESTRING (-71.0379373 42.3697196, -71.0365487 42.3709128)"
19717,5127,4732,0.08526,0.25,2.0,2600.0,2600.0,"LINESTRING (-71.0369037 42.374069, -71.0374198 42.3740985)"
19718,3071,5304,0.178373,0.25,2.0,13200.0,13200.0,"LINESTRING (-71.0382432 42.3732085, -71.0360912 42.373389)"
19719,5304,1632,0.157061,0.25,2.0,13200.0,13200.0,"LINESTRING (-71.0360912 42.373389, -71.0345151 42.3725926)"
19720,5541,1032,0.218604,0.25,2.0,2600.0,2600.0,"LINESTRING (-71.0364694 42.3733988, -71.0354614 42.3727587)"
19795,2086,2087,0.019114,0.25,2.0,2600.0,2600.0,"LINESTRING (-71.0390236 42.3723736, -71.0389085 42.3723758)"
19796,1432,3941,0.083584,0.25,2.0,2600.0,2600.0,"LINESTRING (-71.0391493 42.3697713, -71.03888 42.3700895)"
19797,4790,4489,0.199102,0.25,2.0,2600.0,2600.0,"LINESTRING (-71.0389864 42.3710855, -71.0389603 42.3701902)"
19798,4489,4790,0.199102,0.25,2.0,2600.0,2600.0,"LINESTRING (-71.0389603 42.3701902, -71.0389864 42.3710855)"
19799,982,1035,0.158198,0.25,2.0,2600.0,2600.0,"LINESTRING (-71.0377797 42.3707592, -71.0371543 42.3712986)"
19800,1035,982,0.158198,0.25,2.0,2600.0,2600.0,"LINESTRING (-71.0371543 42.3712986, -71.0377797 42.3707592)"
19801,4489,5244,0.122848,0.25,2.0,2600.0,2600.0,"LINESTRING (-71.0389603 42.3701902, -71.0396213 42.3704463)"
19812,5244,4974,0.126864,0.25,2.0,2600.0,2600.0,"LINESTRING (-71.0396213 42.3704463, -71.0402816 42.3707391)"
19813,1616,3001,0.06563,0.25,2.0,2600.0,2600.0,"LINESTRING (-71.0409124 42.3693893, -71.0405678 42.3692395)"
19814,3001,1616,0.06563,0.25,2.0,2600.0,2600.0,"LINESTRING (-71.0405678 42.3692395, -71.0409124 42.3693893)"
19815,4974,4496,0.128138,0.25,2.0,2600.0,2600.0,"LINESTRING (-71.0402816 42.3707391, -71.0409525 42.3710321)"
19816,1431,1432,0.103432,0.25,2.0,2600.0,2600.0,"LINESTRING (-71.0394962 42.3693833, -71.0391493 42.3697713)"
19817,4740,1431,0.070924,0.25,2.0,2600.0,2600.0,"LINESTRING (-71.0397425 42.3691214, -71.0394962 42.3693833)"
19818,2089,4492,0.170214,0.25,2.0,2600.0,2600.0,"LINESTRING (-71.0390171 42.3721358, -71.0389947 42.3713701)"
19819,4492,2089,0.170214,0.25,2.0,2600.0,2600.0,"LINESTRING (-71.0389947 42.3713701, -71.0390171 42.3721358)"
19820,4790,4492,0.063112,0.25,2.0,2600.0,2600.0,"LINESTRING (-71.0389864 42.3710855, -71.0389947 42.3713701)"
19821,4492,4790,0.063112,0.25,2.0,2600.0,2600.0,"LINESTRING (-71.0389947 42.3713701, -71.0389864 42.3710855)"
19822,2086,2089,0.052886,0.25,2.0,2600.0,2600.0,"LINESTRING (-71.0390236 42.3723736, -71.0390171 42.3721358)"
19823,2089,2086,0.052886,0.25,2.0,2600.0,2600.0,"LINESTRING (-71.0390171 42.3721358, -71.0390236 42.3723736)"
19824,978,982,0.21303,0.25,2.0,2600.0,2600.0,"LINESTRING (-71.0386308 42.3700369, -71.0377797 42.3707592)"
19825,982,978,0.21303,0.25,2.0,2600.0,2600.0,"LINESTRING (-71.0377797 42.3707592, -71.0386308 42.3700369)"
19826,3941,979,0.029534,0.25,2.0,2600.0,2600.0,"LINESTRING (-71.03888 42.3700895, -71.0387149 42.3700382)"
19827,979,3941,0.029534,0.25,2.0,2600.0,2600.0,"LINESTRING (-71.0387149 42.3700382, -71.03888 42.3700895)"
19828,4998,978,0.134278,0.25,2.0,2600.0,2600.0,"LINESTRING (-71.0379373 42.3697196, -71.0386308 42.3700369)"
19829,978,979,0.01384,0.25,2.0,2600.0,2600.0,"LINESTRING (-71.0386308 42.3700369, -71.0387149 42.3700382)"
19830,979,978,0.01384,0.25,2.0,2600.0,2600.0,"LINESTRING (-71.0387149 42.3700382, -71.0386308 42.3700369)"
19831,3941,4489,0.025832,0.25,2.0,2600.0,2600.0,"LINESTRING (-71.03888 42.3700895, -71.0389603 42.3701902)"
19832,4489,3941,0.025832,0.25,2.0,2600.0,2600.0,"LINESTRING (-71.0389603 42.3701902, -71.03888 42.3700895)"
19833,3004,4998,0.178268,0.25,2.0,2600.0,2600.0,"LINESTRING (-71.0370063 42.3693112, -71.0379373 42.3697196)"
19838,1925,1927,0.054888,0.25,2.0,2600.0,2600.0,"LINESTRING (-71.0390906 42.3748808, -71.0387587 42.3748604)"
19839,1926,4704,0.093758,0.25,2.0,2600.0,2600.0,"LINESTRING (-71.0390929 42.3749742, -71.0390986 42.3753962)"
19840,4704,1926,0.093758,0.25,2.0,2600.0,2600.0,"LINESTRING (-71.0390986 42.3753962, -71.0390929 42.3749742)"
19841,4800,1926,0.067766,0.25,2.0,2600.0,2600.0,"LINESTRING (-71.0386834 42.3749491, -71.0390929 42.3749742)"
19842,3436,4705,0.19212,0.25,2.0,2600.0,2600.0,"LINESTRING (-71.0399733 42.3745401, -71.0397249 42.3753854)"
19843,4705,3436,0.19212,0.25,2.0,2600.0,2600.0,"LINESTRING (-71.0397249 42.3753854, -71.0399733 42.3745401)"
19844,1928,2947,0.187984,0.25,2.0,2600.0,2600.0,"LINESTRING (-71.0390728 42.3742339, -71.0390513 42.3733879)"
19845,2947,1928,0.187984,0.25,2.0,2600.0,2600.0,"LINESTRING (-71.0390513 42.3733879, -71.0390728 42.3742339)"
19846,2088,2947,0.031994,0.25,2.0,2600.0,2600.0,"LINESTRING (-71.0390476 42.3732443, -71.0390513 42.3733879)"
19847,2947,2088,0.031994,0.25,2.0,2600.0,2600.0,"LINESTRING (-71.0390513 42.3733879, -71.0390476 42.3732443)"
19848,1925,1928,0.143768,0.25,2.0,2600.0,2600.0,"LINESTRING (-71.0390906 42.3748808, -71.0390728 42.3742339)"
19849,1928,1925,0.143768,0.25,2.0,2600.0,2600.0,"LINESTRING (-71.0390728 42.3742339, -71.0390906 42.3748808)"
19850,1925,1926,0.020662,0.25,2.0,2600.0,2600.0,"LINESTRING (-71.0390906 42.3748808, -71.0390929 42.3749742)"
19851,1926,1925,0.020662,0.25,2.0,2600.0,2600.0,"LINESTRING (-71.0390929 42.3749742, -71.0390906 42.3748808)"
19852,4702,4703,0.17715,0.25,2.0,2600.0,2600.0,"LINESTRING (-71.039107 42.3755794, -71.0391406 42.376376)"
19853,4703,4702,0.17715,0.25,2.0,2600.0,2600.0,"LINESTRING (-71.0391406 42.376376, -71.039107 42.3755794)"
19854,4702,4705,0.110546,0.25,2.0,2600.0,2600.0,"LINESTRING (-71.039107 42.3755794, -71.0397249 42.3753854)"
19855,4702,4704,0.040676,0.25,2.0,2600.0,2600.0,"LINESTRING (-71.039107 42.3755794, -71.0390986 42.3753962)"
19856,4704,4702,0.040676,0.25,2.0,2600.0,2600.0,"LINESTRING (-71.0390986 42.3753962, -71.039107 42.3755794)"
19857,5135,4703,0.169794,0.25,2.0,2600.0,2600.0,"LINESTRING (-71.0391693 42.3771395, -71.0391406 42.376376)"
19858,4703,5135,0.169794,0.25,2.0,2600.0,2600.0,"LINESTRING (-71.0391406 42.376376, -71.0391693 42.3771395)"
19859,4262,4263,0.040882,0.25,2.0,13200.0,13200.0,"LINESTRING (-71.0378657 42.3742989, -71.0376488 42.3739679)"
19860,4263,4260,0.079169,0.25,2.0,13200.0,13200.0,"LINESTRING (-71.0376488 42.3739679, -71.03827 42.3734242)"
19861,4732,4796,0.085364,0.25,2.0,2600.0,2600.0,"LINESTRING (-71.0374198 42.3740985, -71.0377723 42.3743809)"
19862,1927,4262,0.1928,0.25,2.0,2600.0,2600.0,"LINESTRING (-71.0387587 42.3748604, -71.0378657 42.3742989)"
19863,3071,4808,0.038639,0.25,2.0,13200.0,13200.0,"LINESTRING (-71.0382432 42.3732085, -71.0378677 42.373418)"
19864,4796,4800,0.196068,0.25,2.0,2600.0,2600.0,"LINESTRING (-71.0377723 42.3743809, -71.0386834 42.3749491)"
19865,1927,4800,0.023402,0.25,2.0,2600.0,2600.0,"LINESTRING (-71.0387587 42.3748604, -71.0386834 42.3749491)"
19866,4800,1927,0.023402,0.25,2.0,2600.0,2600.0,"LINESTRING (-71.0386834 42.3749491, -71.0387587 42.3748604)"
19867,4732,4263,0.023822,0.25,2.0,13200.0,13200.0,"LINESTRING (-71.0374198 42.3740985, -71.0376488 42.3739679)"
19868,4808,4809,0.043995,0.25,2.0,13200.0,13200.0,"LINESTRING (-71.0378677 42.373418, -71.037335 42.3734438)"
19869,1033,3653,0.109122,0.25,2.0,2600.0,2600.0,"LINESTRING (-71.0353492 42.3728554, -71.0348435 42.3725376)"
19870,4355,3438,0.06593,0.25,2.0,2600.0,2600.0,"LINESTRING (-71.0347145 42.3729495, -71.0350435 42.3731188)"
19871,4610,4987,0.456724,0.25,2.0,2600.0,2600.0,"LINESTRING (-71.0347372 42.3724692, -71.0365487 42.3709128)"
19872,4987,4610,0.456724,0.25,2.0,2600.0,2600.0,"LINESTRING (-71.0365487 42.3709128, -71.0347372 42.3724692)"
19877,1032,1034,0.112202,0.25,2.0,2600.0,2600.0,"LINESTRING (-71.0354614 42.3727587, -71.0359053 42.3723759)"
19878,1034,1032,0.112202,0.25,2.0,2600.0,2600.0,"LINESTRING (-71.0359053 42.3723759, -71.0354614 42.3727587)"
19879,1032,1033,0.0282,0.25,2.0,2600.0,2600.0,"LINESTRING (-71.0354614 42.3727587, -71.0353492 42.3728554)"
19880,1033,1032,0.0282,0.25,2.0,2600.0,2600.0,"LINESTRING (-71.0353492 42.3728554, -71.0354614 42.3727587)"
19881,3438,1033,0.077336,0.25,2.0,2600.0,2600.0,"LINESTRING (-71.0350435 42.3731188, -71.0353492 42.3728554)"
19882,1033,3438,0.077336,0.25,2.0,2600.0,2600.0,"LINESTRING (-71.0353492 42.3728554, -71.0350435 42.3731188)"
19885,4853,4868,0.152514,0.25,2.0,2600.0,2600.0,"LINESTRING (-71.0332203 42.3714921, -71.0339181 42.3719426)"
19886,4868,4853,0.152514,0.25,2.0,2600.0,2600.0,"LINESTRING (-71.0339181 42.3719426, -71.0332203 42.3714921)"
19887,4610,4868,0.178488,0.25,2.0,2600.0,2600.0,"LINESTRING (-71.0347372 42.3724692, -71.0339181 42.3719426)"
19888,4868,4610,0.178488,0.25,2.0,2600.0,2600.0,"LINESTRING (-71.0339181 42.3719426, -71.0347372 42.3724692)"
19889,3653,4355,0.093964,0.25,2.0,2600.0,2600.0,"LINESTRING (-71.0348435 42.3725376, -71.0347145 42.3729495)"
19890,4610,4981,0.101244,0.25,2.0,2600.0,2600.0,"LINESTRING (-71.0347372 42.3724692, -71.0343371 42.3728146)"
19891,4981,4610,0.101244,0.25,2.0,2600.0,2600.0,"LINESTRING (-71.0343371 42.3728146, -71.0347372 42.3724692)"
19892,4981,4355,0.068966,0.25,2.0,2600.0,2600.0,"LINESTRING (-71.0343371 42.3728146, -71.0347145 42.3729495)"
19893,3653,4610,0.023236,0.25,2.0,2600.0,2600.0,"LINESTRING (-71.0348435 42.3725376, -71.0347372 42.3724692)"
19894,4610,3653,0.023236,0.25,2.0,2600.0,2600.0,"LINESTRING (-71.0347372 42.3724692, -71.0348435 42.3725376)"
19895,4797,4798,0.39221,0.25,2.0,2600.0,2600.0,"LINESTRING (-71.0358163 42.3760495, -71.0336884 42.3768422)"
19896,4798,4797,0.39221,0.25,2.0,2600.0,2600.0,"LINESTRING (-71.0336884 42.3768422, -71.0358163 42.3760495)"
19899,3439,5127,0.152612,0.25,2.0,2600.0,2600.0,"LINESTRING (-71.0361204 42.373703, -71.0369037 42.374069)"
19900,4810,5304,0.063473,0.25,2.0,13200.0,13200.0,"LINESTRING (-71.0368047 42.3736039, -71.0360912 42.373389)"
19901,4810,5541,0.071678,0.25,2.0,2600.0,2600.0,"LINESTRING (-71.0368047 42.3736039, -71.0364694 42.3733988)"
19902,4797,4799,0.066994,0.25,2.0,2600.0,2600.0,"LINESTRING (-71.0358163 42.3760495, -71.0361793 42.3759137)"
19903,4799,4797,0.066994,0.25,2.0,2600.0,2600.0,"LINESTRING (-71.0361793 42.3759137, -71.0358163 42.3760495)"
19910,3372,3394,0.103328,0.25,2.0,2600.0,2600.0,"LINESTRING (-71.0392615 42.3809101, -71.0392744 42.3813749)"
19911,3394,3372,0.103328,0.25,2.0,2600.0,2600.0,"LINESTRING (-71.0392744 42.3813749, -71.0392615 42.3809101)"
19912,4602,4604,0.534308,0.25,2.0,2600.0,2600.0,"LINESTRING (-71.0393163 42.3826131, -71.0360718 42.3826032)"
19913,4604,4602,0.534308,0.25,2.0,2600.0,2600.0,"LINESTRING (-71.0360718 42.3826032, -71.0393163 42.3826131)"
19926,3373,4852,0.171546,0.25,2.0,2600.0,2600.0,"LINESTRING (-71.0392297 42.3794177, -71.0392083 42.3786463)"
19927,4852,3373,0.171546,0.25,2.0,2600.0,2600.0,"LINESTRING (-71.0392083 42.3786463, -71.0392297 42.3794177)"
19936,4852,5125,0.174864,0.25,2.0,2600.0,2600.0,"LINESTRING (-71.0392083 42.3786463, -71.039191 42.377859)"
19937,5125,4852,0.174864,0.25,2.0,2600.0,2600.0,"LINESTRING (-71.039191 42.377859, -71.0392083 42.3786463)"
19938,3371,3373,0.250402,0.25,2.0,2600.0,2600.0,"LINESTRING (-71.039252 42.3805454, -71.0392297 42.3794177)"
19939,3373,3371,0.250402,0.25,2.0,2600.0,2600.0,"LINESTRING (-71.0392297 42.3794177, -71.039252 42.3805454)"
19940,3371,3372,0.081102,0.25,2.0,2600.0,2600.0,"LINESTRING (-71.039252 42.3805454, -71.0392615 42.3809101)"
19941,3372,3371,0.081102,0.25,2.0,2600.0,2600.0,"LINESTRING (-71.0392615 42.3809101, -71.039252 42.3805454)"
19942,4602,4603,0.137558,0.25,2.0,2600.0,2600.0,"LINESTRING (-71.0393163 42.3826131, -71.039296 42.3819943)"
19943,4603,4602,0.137558,0.25,2.0,2600.0,2600.0,"LINESTRING (-71.039296 42.3819943, -71.0393163 42.3826131)"
19944,3394,4603,0.137566,0.25,2.0,2600.0,2600.0,"LINESTRING (-71.0392744 42.3813749, -71.039296 42.3819943)"
19945,4603,3394,0.137566,0.25,2.0,2600.0,2600.0,"LINESTRING (-71.039296 42.3819943, -71.0392744 42.3813749)"
19946,4602,4605,0.129964,0.25,2.0,2600.0,2600.0,"LINESTRING (-71.0393163 42.3826131, -71.0393153 42.383198)"
19947,4605,4602,0.129964,0.25,2.0,2600.0,2600.0,"LINESTRING (-71.0393153 42.383198, -71.0393163 42.3826131)"
19948,4604,4851,0.44092,0.25,2.0,2600.0,2600.0,"LINESTRING (-71.0360718 42.3826032, -71.0333951 42.3825951)"
19949,4851,4604,0.44092,0.25,2.0,2600.0,2600.0,"LINESTRING (-71.0333951 42.3825951, -71.0360718 42.3826032)"
19950,2674,2672,0.47175,0.25,2.0,13200.0,13200.0,"LINESTRING (-71.0272518 42.3713748, -71.0324323 42.3731873)"
19951,2674,2156,0.48769,0.25,2.0,13200.0,13200.0,"LINESTRING (-71.0272518 42.3713748, -71.0291494 42.375534)"
19952,3097,1634,0.403215,0.25,2.0,13200.0,13200.0,"LINESTRING (-71.0295605 42.3752398, -71.0281452 42.3717647)"
19953,3096,3115,1.11242,0.25,2.0,2600.0,2600.0,"LINESTRING (-71.02555 42.3697893, -71.0290665 42.3740642)"
19954,3115,3096,1.11242,0.25,2.0,2600.0,2600.0,"LINESTRING (-71.0290665 42.3740642, -71.02555 42.3697893)"
19955,3520,2638,1.062472,0.25,2.0,2600.0,2600.0,"LINESTRING (-71.0295943 42.3741243, -71.0275872 42.3695794)"
19956,3522,3523,0.426512,0.25,2.0,2600.0,2600.0,"LINESTRING (-71.0288671 42.3754011, -71.02712 42.376818)"
19957,3523,3522,0.426512,0.25,2.0,2600.0,2600.0,"LINESTRING (-71.02712 42.376818, -71.0288671 42.3754011)"
19958,4850,3097,0.250137,0.25,2.0,13200.0,13200.0,"LINESTRING (-71.0278525 42.3771024, -71.0295605 42.3752398)"
19959,4850,2672,0.575687,0.25,2.0,13200.0,13200.0,"LINESTRING (-71.0278525 42.3771024, -71.0324323 42.3731873)"
19960,4953,4854,0.152682,0.25,2.0,2600.0,2600.0,"LINESTRING (-71.0319613 42.3706915, -71.0326647 42.3711388)"
19961,4854,4953,0.152682,0.25,2.0,2600.0,2600.0,"LINESTRING (-71.0326647 42.3711388, -71.0319613 42.3706915)"
19962,3359,3361,0.368372,0.25,2.0,2600.0,2600.0,"LINESTRING (-71.0319723 42.3757585, -71.0305118 42.3770145)"
19963,3361,3359,0.368372,0.25,2.0,2600.0,2600.0,"LINESTRING (-71.0305118 42.3770145, -71.0319723 42.3757585)"
19964,3516,3517,0.0889,0.25,2.0,2600.0,2600.0,"LINESTRING (-71.0289816 42.3747869, -71.0289259 42.375185)"
19965,3517,3516,0.0889,0.25,2.0,2600.0,2600.0,"LINESTRING (-71.0289259 42.375185, -71.0289816 42.3747869)"
19966,5141,5142,0.365782,0.25,2.0,2600.0,2600.0,"LINESTRING (-71.0299043 42.3766218, -71.0313545 42.375375)"
19967,5142,5141,0.365782,0.25,2.0,2600.0,2600.0,"LINESTRING (-71.0313545 42.375375, -71.0299043 42.3766218)"
19968,5142,5186,0.366,0.25,2.0,2600.0,2600.0,"LINESTRING (-71.0313545 42.375375, -71.0328065 42.3741282)"
19969,5186,5142,0.366,0.25,2.0,2600.0,2600.0,"LINESTRING (-71.0328065 42.3741282, -71.0313545 42.375375)"
19970,3518,3115,0.02517,0.25,2.0,2600.0,2600.0,"LINESTRING (-71.0290546 42.3741767, -71.0290665 42.3740642)"
19971,3115,3518,0.02517,0.25,2.0,2600.0,2600.0,"LINESTRING (-71.0290665 42.3740642, -71.0290546 42.3741767)"
19972,3518,3520,0.089566,0.25,2.0,2600.0,2600.0,"LINESTRING (-71.0290546 42.3741767, -71.0295943 42.3741243)"
19973,3520,3115,0.087992,0.25,2.0,2600.0,2600.0,"LINESTRING (-71.0295943 42.3741243, -71.0290665 42.3740642)"
19974,3516,3518,0.13605,0.25,2.0,2600.0,2600.0,"LINESTRING (-71.0289816 42.3747869, -71.0290546 42.3741767)"
19975,3518,3516,0.13605,0.25,2.0,2600.0,2600.0,"LINESTRING (-71.0290546 42.3741767, -71.0289816 42.3747869)"
19976,3517,3522,0.04896,0.25,2.0,2600.0,2600.0,"LINESTRING (-71.0289259 42.375185, -71.0288671 42.3754011)"
19977,3522,3517,0.04896,0.25,2.0,2600.0,2600.0,"LINESTRING (-71.0288671 42.3754011, -71.0289259 42.375185)"
19978,3087,2674,0.115631,0.25,2.0,13200.0,13200.0,"LINESTRING (-71.026465 42.370513, -71.0272518 42.3713748)"
19979,4100,2638,0.207341,0.25,2.0,13200.0,13200.0,"LINESTRING (-71.0277431 42.3714416, -71.0275872 42.3695794)"
19980,4100,4101,0.168334,0.25,2.0,13200.0,13200.0,"LINESTRING (-71.0277431 42.3714416, -71.0266946 42.3701414)"
19981,2638,2639,0.134596,0.25,2.0,2600.0,2600.0,"LINESTRING (-71.0275872 42.3695794, -71.0280599 42.3690849)"
19982,1634,4100,0.048823,0.25,2.0,13200.0,13200.0,"LINESTRING (-71.0281452 42.3717647, -71.0277431 42.3714416)"
19983,3095,3087,0.08921,0.25,2.0,13200.0,13200.0,"LINESTRING (-71.0258741 42.3698402, -71.026465 42.370513)"
19984,5417,4500,0.163202,0.25,2.0,2600.0,2600.0,"LINESTRING (-71.0263953 42.3763775, -71.0269201 42.3770014)"
19985,4500,3523,0.052328,0.25,2.0,2600.0,2600.0,"LINESTRING (-71.0269201 42.3770014, -71.02712 42.376818)"
19986,3523,4500,0.052328,0.25,2.0,2600.0,2600.0,"LINESTRING (-71.02712 42.376818, -71.0269201 42.3770014)"
19987,3023,3024,0.027334,0.25,2.0,2600.0,2600.0,"LINESTRING (-71.0281602 42.381219, -71.0281557 42.3813415)"
19988,3024,3023,0.027334,0.25,2.0,2600.0,2600.0,"LINESTRING (-71.0281557 42.3813415, -71.0281602 42.381219)"
19989,4334,4335,0.095678,0.25,2.0,2600.0,2600.0,"LINESTRING (-71.0288868 42.3784154, -71.0285094 42.3787418)"
19990,4335,4334,0.095678,0.25,2.0,2600.0,2600.0,"LINESTRING (-71.0285094 42.3787418, -71.0288868 42.3784154)"
19991,4857,4858,0.387056,0.25,2.0,2600.0,2600.0,"LINESTRING (-71.0302661 42.3825855, -71.0286183 42.3813442)"
19992,4858,4857,0.387056,0.25,2.0,2600.0,2600.0,"LINESTRING (-71.0286183 42.3813442, -71.0302661 42.3825855)"
19993,4336,1075,0.132842,0.25,2.0,2600.0,2600.0,"LINESTRING (-71.0291781 42.3781605, -71.0285688 42.3777692)"
19994,1075,4336,0.132842,0.25,2.0,2600.0,2600.0,"LINESTRING (-71.0285688 42.3777692, -71.0291781 42.3781605)"
19995,3399,4859,0.161572,0.25,2.0,2600.0,2600.0,"LINESTRING (-71.025577 42.3812587, -71.0265529 42.381332)"
19996,4859,3399,0.161572,0.25,2.0,2600.0,2600.0,"LINESTRING (-71.0265529 42.381332, -71.025577 42.3812587)"
2,1152,1154,0.21857,0.25,2.0,2600.0,2600.0,"LINESTRING (-71.0403575 42.3481142, -71.0415174 42.3485907)"
20,3111,1153,0.22203,0.25,2.0,2600.0,2600.0,"LINESTRING (-71.0416072 42.3485053, -71.0404263 42.3480241)"
20013,4333,5131,0.39313,0.25,2.0,2600.0,2600.0,"LINESTRING (-71.0293934 42.3784349, -71.0315298 42.3776468)"
20014,5131,4333,0.39313,0.25,2.0,2600.0,2600.0,"LINESTRING (-71.0315298 42.3776468, -71.0293934 42.3784349)"
20015,4334,4336,0.074038,0.25,2.0,2600.0,2600.0,"LINESTRING (-71.0288868 42.3784154, -71.0291781 42.3781605)"
20016,4336,4334,0.074038,0.25,2.0,2600.0,2600.0,"LINESTRING (-71.0291781 42.3781605, -71.0288868 42.3784154)"
20017,4333,4336,0.070424,0.25,2.0,2600.0,2600.0,"LINESTRING (-71.0293934 42.3784349, -71.0291781 42.3781605)"
20018,4336,4332,0.049002,0.25,2.0,2600.0,2600.0,"LINESTRING (-71.0291781 42.3781605, -71.0292686 42.3783713)"
20019,4334,4332,0.063676,0.25,2.0,2600.0,2600.0,"LINESTRING (-71.0288868 42.3784154, -71.0292686 42.3783713)"
20020,4332,4333,0.024886,0.25,2.0,2600.0,2600.0,"LINESTRING (-71.0292686 42.3783713, -71.0293934 42.3784349)"
20021,1072,1073,0.054918,0.25,2.0,2600.0,2600.0,"LINESTRING (-71.027012 42.3791068, -71.0272653 42.3792678)"
20022,1073,1072,0.054918,0.25,2.0,2600.0,2600.0,"LINESTRING (-71.0272653 42.3792678, -71.027012 42.3791068)"
20023,1072,1074,0.145516,0.25,2.0,2600.0,2600.0,"LINESTRING (-71.027012 42.3791068, -71.0264347 42.3796027)"
20024,1074,1072,0.145516,0.25,2.0,2600.0,2600.0,"LINESTRING (-71.0264347 42.3796027, -71.027012 42.3791068)"
20025,2718,2719,0.089272,0.25,2.0,2600.0,2600.0,"LINESTRING (-71.0268786 42.3801447, -71.0265229 42.3804475)"
20026,2719,2718,0.089272,0.25,2.0,2600.0,2600.0,"LINESTRING (-71.0265229 42.3804475, -71.0268786 42.3801447)"
20027,2718,2720,0.113408,0.25,2.0,2600.0,2600.0,"LINESTRING (-71.0268786 42.3801447, -71.0262652 42.3803755)"
20028,2157,3106,0.180929,0.25,2.0,13200.0,13200.0,"LINESTRING (-71.0263146 42.3781694, -71.024979 42.3794623)"
20029,4323,2435,0.182359,0.25,2.0,13200.0,13200.0,"LINESTRING (-71.0253514 42.3796859, -71.0264758 42.3782715)"
20030,1074,1073,0.155658,0.25,2.0,2600.0,2600.0,"LINESTRING (-71.0264347 42.3796027, -71.0272653 42.3792678)"
20031,1073,1074,0.155658,0.25,2.0,2600.0,2600.0,"LINESTRING (-71.0272653 42.3792678, -71.0264347 42.3796027)"
20032,4331,4335,0.221056,0.25,2.0,2600.0,2600.0,"LINESTRING (-71.0276376 42.3794987, -71.0285094 42.3787418)"
20033,4335,4331,0.221056,0.25,2.0,2600.0,2600.0,"LINESTRING (-71.0285094 42.3787418, -71.0276376 42.3794987)"
20034,4335,1073,0.2358839999999999,0.25,2.0,2600.0,2600.0,"LINESTRING (-71.0285094 42.3787418, -71.0272653 42.3792678)"
20095,1072,1075,0.392596,0.25,2.0,2600.0,2600.0,"LINESTRING (-71.027012 42.3791068, -71.0285688 42.3777692)"
20096,1075,1072,0.392596,0.25,2.0,2600.0,2600.0,"LINESTRING (-71.0285688 42.3777692, -71.027012 42.3791068)"
20097,4330,5153,0.154334,0.25,2.0,2600.0,2600.0,"LINESTRING (-71.0273262 42.3799838, -71.0277463 42.3806052)"
20112,5153,3023,0.152502,0.25,2.0,2600.0,2600.0,"LINESTRING (-71.0277463 42.3806052, -71.0281602 42.381219)"
20113,2721,4330,0.032276,0.25,2.0,2600.0,2600.0,"LINESTRING (-71.027192 42.379878, -71.0273262 42.3799838)"
20114,2721,4331,0.111742,0.25,2.0,2600.0,2600.0,"LINESTRING (-71.027192 42.379878, -71.0276376 42.3794987)"
20115,4331,2721,0.111742,0.25,2.0,2600.0,2600.0,"LINESTRING (-71.0276376 42.3794987, -71.027192 42.379878)"
20116,1073,4331,0.080052,0.25,2.0,2600.0,2600.0,"LINESTRING (-71.0272653 42.3792678, -71.0276376 42.3794987)"
20117,2718,2721,0.07859,0.25,2.0,2600.0,2600.0,"LINESTRING (-71.0268786 42.3801447, -71.027192 42.379878)"
20118,2721,2718,0.07859,0.25,2.0,2600.0,2600.0,"LINESTRING (-71.027192 42.379878, -71.0268786 42.3801447)"
20119,2157,3107,0.138848,0.25,2.0,13200.0,13200.0,"LINESTRING (-71.0263146 42.3781694, -71.025392 42.379215)"
20120,4339,4340,0.02243,0.25,2.0,2600.0,2600.0,"LINESTRING (-71.025703 42.3783255, -71.0256504 42.3784192)"
20121,4340,4339,0.02243,0.25,2.0,2600.0,2600.0,"LINESTRING (-71.0256504 42.3784192, -71.025703 42.3783255)"
20122,4339,4341,0.153006,0.25,2.0,2600.0,2600.0,"LINESTRING (-71.025703 42.3783255, -71.0261132 42.377708)"
20123,4341,4339,0.153006,0.25,2.0,2600.0,2600.0,"LINESTRING (-71.0261132 42.377708, -71.025703 42.3783255)"
20124,4340,4501,0.130254,0.25,2.0,2600.0,2600.0,"LINESTRING (-71.0256504 42.3784192, -71.0261682 42.3788619)"
20125,4501,4339,0.141584,0.25,2.0,2600.0,2600.0,"LINESTRING (-71.0261682 42.3788619, -71.025703 42.3783255)"
20126,4340,4338,0.021,0.25,2.0,2600.0,2600.0,"LINESTRING (-71.0256504 42.3784192, -71.0255887 42.3785015)"
20127,4338,4340,0.021,0.25,2.0,2600.0,2600.0,"LINESTRING (-71.0255887 42.3785015, -71.0256504 42.3784192)"
20128,2058,2059,0.13303,0.25,2.0,2600.0,2600.0,"LINESTRING (-71.0261509 42.3797124, -71.0254075 42.3799445)"
20129,3398,3399,0.14717,0.25,2.0,2600.0,2600.0,"LINESTRING (-71.0261599 42.3807565, -71.025577 42.3812587)"
20130,3399,3398,0.14717,0.25,2.0,2600.0,2600.0,"LINESTRING (-71.025577 42.3812587, -71.0261599 42.3807565)"
20131,2927,4337,0.169862,0.25,2.0,2600.0,2600.0,"LINESTRING (-71.0252081 42.3807738, -71.0261294 42.3804298)"
20132,4337,2927,0.169862,0.25,2.0,2600.0,2600.0,"LINESTRING (-71.0261294 42.3804298, -71.0252081 42.3807738)"
20133,4337,5148,0.079894,0.25,2.0,2600.0,2600.0,"LINESTRING (-71.0261294 42.3804298, -71.0257551 42.3802011)"
20134,5148,4337,0.079894,0.25,2.0,2600.0,2600.0,"LINESTRING (-71.0257551 42.3802011, -71.0261294 42.3804298)"
20135,5148,4344,0.05812,0.25,2.0,2600.0,2600.0,"LINESTRING (-71.0257551 42.3802011, -71.0254789 42.3800377)"
20136,4344,5148,0.05812,0.25,2.0,2600.0,2600.0,"LINESTRING (-71.0254789 42.3800377, -71.0257551 42.3802011)"
20137,4344,2058,0.132276,0.25,2.0,2600.0,2600.0,"LINESTRING (-71.0254789 42.3800377, -71.0261509 42.3797124)"
20138,2058,1074,0.052674,0.25,2.0,2600.0,2600.0,"LINESTRING (-71.0261509 42.3797124, -71.0264347 42.3796027)"
20139,1074,2058,0.052674,0.25,2.0,2600.0,2600.0,"LINESTRING (-71.0264347 42.3796027, -71.0261509 42.3797124)"
20140,3398,3400,0.066254,0.25,2.0,2600.0,2600.0,"LINESTRING (-71.0261599 42.3807565, -71.0264238 42.3805318)"
20141,3400,3398,0.066254,0.25,2.0,2600.0,2600.0,"LINESTRING (-71.0264238 42.3805318, -71.0261599 42.3807565)"
20142,2720,4337,0.025412,0.25,2.0,2600.0,2600.0,"LINESTRING (-71.0262652 42.3803755, -71.0261294 42.3804298)"
20143,4337,3400,0.053614,0.25,2.0,2600.0,2600.0,"LINESTRING (-71.0261294 42.3804298, -71.0264238 42.3805318)"
20144,2719,3400,0.024782,0.25,2.0,2600.0,2600.0,"LINESTRING (-71.0265229 42.3804475, -71.0264238 42.3805318)"
20145,3400,2719,0.024782,0.25,2.0,2600.0,2600.0,"LINESTRING (-71.0264238 42.3805318, -71.0265229 42.3804475)"
20146,2719,2720,0.045406,0.25,2.0,2600.0,2600.0,"LINESTRING (-71.0265229 42.3804475, -71.0262652 42.3803755)"
20147,3106,4323,0.039468,0.25,2.0,13200.0,13200.0,"LINESTRING (-71.024979 42.3794623, -71.0253514 42.3796859)"
20148,4126,5155,0.064104,0.25,2.0,2600.0,2600.0,"LINESTRING (-71.024798 42.3796861, -71.0250997 42.379868)"
20149,5155,5419,0.012591,0.25,2.0,13200.0,13200.0,"LINESTRING (-71.0250997 42.379868, -71.0252419 42.3798256)"
20150,5155,4342,0.042476,0.25,2.0,2600.0,2600.0,"LINESTRING (-71.0250997 42.379868, -71.0253087 42.37998)"
20151,5419,4323,0.017956,0.25,2.0,13200.0,13200.0,"LINESTRING (-71.0252419 42.3798256, -71.0253514 42.3796859)"
20152,5419,4125,0.080288,0.25,2.0,2600.0,2600.0,"LINESTRING (-71.0252419 42.3798256, -71.0248738 42.3795889)"
20153,4342,4344,0.0308239999999999,0.25,2.0,2600.0,2600.0,"LINESTRING (-71.0253087 42.37998, -71.0254789 42.3800377)"
20154,4344,2059,0.023822,0.25,2.0,2600.0,2600.0,"LINESTRING (-71.0254789 42.3800377, -71.0254075 42.3799445)"
20155,2059,5419,0.037916,0.25,2.0,2600.0,2600.0,"LINESTRING (-71.0254075 42.3799445, -71.0252419 42.3798256)"
20156,2059,4342,0.017916,0.25,2.0,2600.0,2600.0,"LINESTRING (-71.0254075 42.3799445, -71.0253087 42.37998)"
20157,3106,4125,0.016547,0.25,2.0,13200.0,13200.0,"LINESTRING (-71.024979 42.3794623, -71.0248738 42.3795889)"
20158,4125,4126,0.024922,0.25,2.0,2600.0,2600.0,"LINESTRING (-71.0248738 42.3795889, -71.024798 42.3796861)"
20159,3024,4859,0.264038,0.25,2.0,2600.0,2600.0,"LINESTRING (-71.0281557 42.3813415, -71.0265529 42.381332)"
20160,4859,3024,0.264038,0.25,2.0,2600.0,2600.0,"LINESTRING (-71.0265529 42.381332, -71.0281557 42.3813415)"
20161,3024,4858,0.076096,0.25,2.0,2600.0,2600.0,"LINESTRING (-71.0281557 42.3813415, -71.0286183 42.3813442)"
20162,4858,3024,0.076096,0.25,2.0,2600.0,2600.0,"LINESTRING (-71.0286183 42.3813442, -71.0281557 42.3813415)"
20187,4098,3116,0.2501,0.25,2.0,2600.0,2600.0,"LINESTRING (-71.0220721 42.3696245, -71.0235359 42.3693272)"
20188,3116,4098,0.2501,0.25,2.0,2600.0,2600.0,"LINESTRING (-71.0235359 42.3693272, -71.0220721 42.3696245)"
20189,3986,3116,0.255558,0.25,2.0,2600.0,2600.0,"LINESTRING (-71.0219852 42.3693493, -71.0235359 42.3693272)"
20190,3282,3986,0.1237319999999999,0.25,2.0,2600.0,2600.0,"LINESTRING (-71.021633 42.3698407, -71.0219852 42.3693493)"
20191,4098,3065,0.044654,0.25,2.0,2600.0,2600.0,"LINESTRING (-71.0220721 42.3696245, -71.0218314 42.3695328)"
20192,3048,3065,0.075092,0.25,2.0,2600.0,2600.0,"LINESTRING (-71.0216207 42.3698325, -71.0218314 42.3695328)"
20193,3065,3066,0.08743,0.25,2.0,2600.0,2600.0,"LINESTRING (-71.0218314 42.3695328, -71.021803 42.36914)"
20194,3048,4098,0.087496,0.25,2.0,2600.0,2600.0,"LINESTRING (-71.0216207 42.3698325, -71.0220721 42.3696245)"
20195,2090,2091,0.222678,0.25,2.0,2600.0,2600.0,"LINESTRING (-71.0226633 42.3817251, -71.023869 42.381272)"
20196,2091,2090,0.222678,0.25,2.0,2600.0,2600.0,"LINESTRING (-71.023869 42.381272, -71.0226633 42.3817251)"
20197,2436,2091,0.115774,0.25,2.0,13200.0,13200.0,"LINESTRING (-71.0229811 42.3820798, -71.023869 42.381272)"
20198,4345,2093,0.048768,0.25,2.0,2600.0,2600.0,"LINESTRING (-71.022231 42.3812351, -71.0224416 42.381389)"
20199,2251,2776,0.303488,0.25,2.0,2600.0,2600.0,"LINESTRING (-71.0221814 42.3811746, -71.0205327 42.3817856)"
20200,2093,2779,0.04676,0.25,2.0,2600.0,2600.0,"LINESTRING (-71.0224416 42.381389, -71.0223668 42.3811855)"
20201,4346,4345,0.335384,0.25,2.0,2600.0,2600.0,"LINESTRING (-71.0204107 42.3819123, -71.022231 42.3812351)"
20202,5044,2094,0.36634,0.25,2.0,2600.0,2600.0,"LINESTRING (-71.0187751 42.3831747, -71.0207624 42.3824338)"
20203,2094,5044,0.36634,0.25,2.0,2600.0,2600.0,"LINESTRING (-71.0207624 42.3824338, -71.0187751 42.3831747)"
20218,2437,2250,0.0622659999999999,0.25,2.0,2600.0,2600.0,"LINESTRING (-71.0226542 42.3809937, -71.0223169 42.3811212)"
20219,2779,2780,0.10469,0.25,2.0,2600.0,2600.0,"LINESTRING (-71.0223668 42.3811855, -71.0229357 42.3809757)"
20220,4343,4499,0.198814,0.25,2.0,2600.0,2600.0,"LINESTRING (-71.023958 42.380499, -71.0228831 42.380906)"
20221,4499,2437,0.042484,0.25,2.0,2600.0,2600.0,"LINESTRING (-71.0228831 42.380906, -71.0226542 42.3809937)"
20222,2780,4499,0.017834,0.25,2.0,2600.0,2600.0,"LINESTRING (-71.0229357 42.3809757, -71.0228831 42.380906)"
20223,4499,2780,0.017834,0.25,2.0,2600.0,2600.0,"LINESTRING (-71.0228831 42.380906, -71.0229357 42.3809757)"
20224,2779,2250,0.016624,0.25,2.0,2600.0,2600.0,"LINESTRING (-71.0223668 42.3811855, -71.0223169 42.3811212)"
20225,4345,2779,0.024906,0.25,2.0,2600.0,2600.0,"LINESTRING (-71.022231 42.3812351, -71.0223668 42.3811855)"
20226,2250,2251,0.025412,0.25,2.0,2600.0,2600.0,"LINESTRING (-71.0223169 42.3811212, -71.0221814 42.3811746)"
20227,2251,4345,0.015668,0.25,2.0,2600.0,2600.0,"LINESTRING (-71.0221814 42.3811746, -71.022231 42.3812351)"
20228,2090,2093,0.083048,0.25,2.0,2600.0,2600.0,"LINESTRING (-71.0226633 42.3817251, -71.0224416 42.381389)"
20229,2093,2090,0.083048,0.25,2.0,2600.0,2600.0,"LINESTRING (-71.0224416 42.381389, -71.0226633 42.3817251)"
20230,2090,2094,0.350494,0.25,2.0,2600.0,2600.0,"LINESTRING (-71.0226633 42.3817251, -71.0207624 42.3824338)"
20231,2094,2090,0.350494,0.25,2.0,2600.0,2600.0,"LINESTRING (-71.0207624 42.3824338, -71.0226633 42.3817251)"
20232,2092,2096,0.347626,0.25,2.0,2600.0,2600.0,"LINESTRING (-71.022609 42.3818878, -71.0211941 42.3830489)"
20233,2434,2436,0.178362,0.25,2.0,13200.0,13200.0,"LINESTRING (-71.0215918 42.383312, -71.0229811 42.3820798)"
20234,2620,2622,0.13522,0.25,2.0,2600.0,2600.0,"LINESTRING (-71.0230071 42.3834934, -71.0235272 42.3830223)"
20235,2622,2620,0.13522,0.25,2.0,2600.0,2600.0,"LINESTRING (-71.0235272 42.3830223, -71.0230071 42.3834934)"
20236,2951,2621,0.165402,0.25,2.0,2600.0,2600.0,"LINESTRING (-71.0217866 42.3835396, -71.02266 42.3839081)"
20237,2621,2951,0.165402,0.25,2.0,2600.0,2600.0,"LINESTRING (-71.02266 42.3839081, -71.0217866 42.3835396)"
20238,2951,2434,0.059976,0.25,2.0,2600.0,2600.0,"LINESTRING (-71.0217866 42.3835396, -71.0215918 42.383312)"
20239,4502,2620,0.464136,0.25,2.0,2600.0,2600.0,"LINESTRING (-71.0239494 42.3815238, -71.0230071 42.3834934)"
20240,2233,2434,0.037361,0.25,2.0,13200.0,13200.0,"LINESTRING (-71.0214164 42.3836217, -71.0215918 42.383312)"
20241,2096,1977,0.104339,0.25,2.0,13200.0,13200.0,"LINESTRING (-71.0211941 42.3830489, -71.0207808 42.3839367)"
20242,2622,4502,0.339978,0.25,2.0,2600.0,2600.0,"LINESTRING (-71.0235272 42.3830223, -71.0239494 42.3815238)"
20243,2090,2092,0.037288,0.25,2.0,2600.0,2600.0,"LINESTRING (-71.0226633 42.3817251, -71.022609 42.3818878)"
20244,2438,2090,0.027584,0.25,2.0,13200.0,13200.0,"LINESTRING (-71.0229449 42.3818594, -71.0226633 42.3817251)"
20245,2436,2438,0.024727,0.25,2.0,13200.0,13200.0,"LINESTRING (-71.0229811 42.3820798, -71.0229449 42.3818594)"
20246,2438,2092,0.027858,0.25,2.0,13200.0,13200.0,"LINESTRING (-71.0229449 42.3818594, -71.022609 42.3818878)"
20247,2620,2621,0.108474,0.25,2.0,2600.0,2600.0,"LINESTRING (-71.0230071 42.3834934, -71.02266 42.3839081)"
20248,2621,2620,0.108474,0.25,2.0,2600.0,2600.0,"LINESTRING (-71.02266 42.3839081, -71.0230071 42.3834934)"
20249,2233,2951,0.063762,0.25,2.0,2600.0,2600.0,"LINESTRING (-71.0214164 42.3836217, -71.0217866 42.3835396)"
20250,1739,1740,0.365808,0.25,2.0,2600.0,2600.0,"LINESTRING (-71.0203689 42.3818486, -71.0183875 42.3825919)"
20251,4353,4346,0.36566,0.25,2.0,2600.0,2600.0,"LINESTRING (-71.0184302 42.3826545, -71.0204107 42.3819123)"
20266,2776,1739,0.0304219999999999,0.25,2.0,2600.0,2600.0,"LINESTRING (-71.0205327 42.3817856, -71.0203689 42.3818486)"
21,4436,4433,0.679152,0.25,2.0,2600.0,2600.0,"LINESTRING (-71.0396716 42.3169482, -71.0418096 42.3143345)"
22,4433,4436,0.679152,0.25,2.0,2600.0,2600.0,"LINESTRING (-71.0418096 42.3143345, -71.0396716 42.3169482)"
23,3127,3515,0.380826,0.25,2.0,2600.0,2600.0,"LINESTRING (-71.0427775 42.3503988, -71.0407608 42.349561)"
24,2422,4483,0.381328,0.25,2.0,2600.0,2600.0,"LINESTRING (-71.0407042 42.3496339, -71.0427253 42.3504696)"
25,4496,4495,0.128676,0.25,2.0,2600.0,2600.0,"LINESTRING (-71.0409525 42.3710321, -71.0416248 42.3713258)"
26,3100,2154,0.36929,0.25,2.0,13200.0,13200.0,"LINESTRING (-71.0449788 42.3482728, -71.0408255 42.3470253)"
27,4757,4759,0.232134,0.25,2.0,2600.0,2600.0,"LINESTRING (-71.0401488 42.3355631, -71.0415568 42.3355395)"
28,4759,4757,0.232134,0.25,2.0,2600.0,2600.0,"LINESTRING (-71.0415568 42.3355395, -71.0401488 42.3355631)"
29,5033,4925,0.26608,0.25,2.0,2600.0,2600.0,"LINESTRING (-71.0416087 42.3380522, -71.0399947 42.3380769)"
3,1615,1616,0.06376,0.25,2.0,2600.0,2600.0,"LINESTRING (-71.0412457 42.3695343, -71.0409124 42.3693893)"
30,4925,5033,0.26608,0.25,2.0,2600.0,2600.0,"LINESTRING (-71.0399947 42.3380769, -71.0416087 42.3380522)"
31,5082,3322,0.589316,0.25,2.0,2600.0,2600.0,"LINESTRING (-71.0433788 42.3302284, -71.0398078 42.3301016)"
32,3322,5082,0.589316,0.25,2.0,2600.0,2600.0,"LINESTRING (-71.0398078 42.3301016, -71.0433788 42.3302284)"
33,4437,4251,0.7278,0.25,2.0,2600.0,2600.0,"LINESTRING (-71.0400751 42.3170928, -71.044076 42.318477)"
34,4251,4437,0.7278,0.25,2.0,2600.0,2600.0,"LINESTRING (-71.044076 42.318477, -71.0400751 42.3170928)"
4,1616,1615,0.06376,0.25,2.0,2600.0,2600.0,"LINESTRING (-71.0409124 42.3693893, -71.0412457 42.3695343)"
4153,1769,1770,0.082672,0.25,2.0,2600.0,2600.0,"LINESTRING (-71.1116246 42.3195904, -71.1117076 42.3199571)"
4154,1770,1769,0.082672,0.25,2.0,2600.0,2600.0,"LINESTRING (-71.1117076 42.3199571, -71.1116246 42.3195904)"
4155,1769,1771,0.082288,0.25,2.0,2600.0,2600.0,"LINESTRING (-71.1116246 42.3195904, -71.1114011 42.3199208)"
4156,1771,1769,0.082288,0.25,2.0,2600.0,2600.0,"LINESTRING (-71.1114011 42.3199208, -71.1116246 42.3195904)"
4157,1779,1780,1.172106,0.25,2.0,2600.0,2600.0,"LINESTRING (-71.123918 42.318957, -71.1222351 42.3138311)"
4158,1780,1779,1.172106,0.25,2.0,2600.0,2600.0,"LINESTRING (-71.1222351 42.3138311, -71.123918 42.318957)"
4162,2307,5219,0.2427813333333333,0.25,2.0,8000.0,8000.0,"LINESTRING (-71.116972 42.320179, -71.116468 42.318583)"
4163,5219,2307,0.2427813333333333,0.25,2.0,8000.0,8000.0,"LINESTRING (-71.116468 42.318583, -71.116972 42.320179)"
4164,4916,5221,0.571964,0.25,2.0,2600.0,2600.0,"LINESTRING (-71.120214 42.321477, -71.1228758 42.3198262)"
4165,5221,4916,0.571964,0.25,2.0,2600.0,2600.0,"LINESTRING (-71.1228758 42.3198262, -71.120214 42.321477)"
4167,5322,3426,0.167668,0.25,2.0,2600.0,2600.0,"LINESTRING (-71.1229373 42.3197956, -71.1237963 42.3193922)"
4168,1781,5322,0.210112,0.25,2.0,2600.0,2600.0,"LINESTRING (-71.1239641 42.3192358, -71.1229373 42.3197956)"
4282,3191,2113,0.331276,0.25,2.0,2600.0,2600.0,"LINESTRING (-71.1240065 42.319304, -71.1258495 42.3187098)"
4283,2118,1781,0.340184,0.25,2.0,2600.0,2600.0,"LINESTRING (-71.125844 42.318605, -71.1239641 42.3192358)"
4284,2113,2114,0.085594,0.25,2.0,2600.0,2600.0,"LINESTRING (-71.1258495 42.3187098, -71.12636 42.318642)"
4286,3191,1781,0.016618,0.25,2.0,2600.0,2600.0,"LINESTRING (-71.1240065 42.319304, -71.1239641 42.3192358)"
4287,1781,3191,0.016618,0.25,2.0,2600.0,2600.0,"LINESTRING (-71.1239641 42.3192358, -71.1240065 42.319304)"
4288,3426,3191,0.039762,0.25,2.0,2600.0,2600.0,"LINESTRING (-71.1237963 42.3193922, -71.1240065 42.319304)"
4289,1779,1781,0.0624439999999999,0.25,2.0,2600.0,2600.0,"LINESTRING (-71.123918 42.318957, -71.1239641 42.3192358)"
4290,1781,1779,0.0624439999999999,0.25,2.0,2600.0,2600.0,"LINESTRING (-71.1239641 42.3192358, -71.123918 42.318957)"
445,589,592,0.531794,0.25,2.0,2600.0,2600.0,"LINESTRING (-71.1056307 42.3126416, -71.1070045 42.3104761)"
446,592,589,0.531794,0.25,2.0,2600.0,2600.0,"LINESTRING (-71.1070045 42.3104761, -71.1056307 42.3126416)"
4487,5220,5238,0.2222573333333333,0.25,2.0,8000.0,8000.0,"LINESTRING (-71.116739 42.317075, -71.1170211 42.3155892)"
4488,5238,5220,0.2222573333333333,0.25,2.0,8000.0,8000.0,"LINESTRING (-71.1170211 42.3155892, -71.116739 42.317075)"
4512,5322,5221,0.012066,0.25,2.0,2600.0,2600.0,"LINESTRING (-71.1229373 42.3197956, -71.1228758 42.3198262)"
4513,5221,5322,0.012066,0.25,2.0,2600.0,2600.0,"LINESTRING (-71.1228758 42.3198262, -71.1229373 42.3197956)"
4514,5238,1762,0.2274293333333333,0.25,2.0,8000.0,8000.0,"LINESTRING (-71.1170211 42.3155892, -71.1185179 42.3145289)"
4515,1762,5238,0.2274293333333333,0.25,2.0,8000.0,8000.0,"LINESTRING (-71.1185179 42.3145289, -71.1170211 42.3155892)"
4516,5219,5220,0.2253213333333333,0.25,2.0,8000.0,8000.0,"LINESTRING (-71.116468 42.318583, -71.116739 42.317075)"
4517,5220,5219,0.2253213333333333,0.25,2.0,8000.0,8000.0,"LINESTRING (-71.116739 42.317075, -71.116468 42.318583)"
4554,5236,3832,0.114364,0.25,2.0,2600.0,2600.0,"LINESTRING (-71.114019 42.3160113, -71.114091 42.315499)"
4555,3832,5236,0.114364,0.25,2.0,2600.0,2600.0,"LINESTRING (-71.114091 42.315499, -71.114019 42.3160113)"
4578,3456,3458,0.103762,0.25,2.0,2600.0,2600.0,"LINESTRING (-71.114113 42.314136, -71.1141027 42.3136689)"
4579,3458,3456,0.103762,0.25,2.0,2600.0,2600.0,"LINESTRING (-71.1141027 42.3136689, -71.114113 42.314136)"
459,2453,2455,1.094386,0.25,2.0,2600.0,2600.0,"LINESTRING (-71.108501 42.330597, -71.10229 42.328857)"
460,2455,2453,1.094386,0.25,2.0,2600.0,2600.0,"LINESTRING (-71.10229 42.328857, -71.108501 42.330597)"
4602,3453,3458,0.050012,0.25,2.0,2600.0,2600.0,"LINESTRING (-71.114093 42.313444, -71.1141027 42.3136689)"
4603,3458,3453,0.050012,0.25,2.0,2600.0,2600.0,"LINESTRING (-71.1141027 42.3136689, -71.114093 42.313444)"
4606,3831,3457,0.151564,0.25,2.0,2600.0,2600.0,"LINESTRING (-71.114092 42.31532, -71.114116 42.314638)"
4607,3457,3831,0.151564,0.25,2.0,2600.0,2600.0,"LINESTRING (-71.114116 42.314638, -71.114092 42.31532)"
4608,3456,3457,0.111524,0.25,2.0,2600.0,2600.0,"LINESTRING (-71.114113 42.314136, -71.114116 42.314638)"
4609,3457,3456,0.111524,0.25,2.0,2600.0,2600.0,"LINESTRING (-71.114116 42.314638, -71.114113 42.314136)"
461,2464,2466,0.0978733333333333,0.25,2.0,8000.0,8000.0,"LINESTRING (-71.1070744 42.3332557, -71.106223 42.3334514)"
4610,3831,3832,0.039766,0.25,2.0,2600.0,2600.0,"LINESTRING (-71.114092 42.31532, -71.114091 42.315499)"
4611,3832,3831,0.039766,0.25,2.0,2600.0,2600.0,"LINESTRING (-71.114091 42.315499, -71.114092 42.31532)"
4612,1363,1364,0.136554,0.25,2.0,2600.0,2600.0,"LINESTRING (-71.1127772 42.3179221, -71.112394 42.3184668)"
4613,1364,1363,0.136554,0.25,2.0,2600.0,2600.0,"LINESTRING (-71.112394 42.3184668, -71.1127772 42.3179221)"
4614,1363,1382,0.106512,0.25,2.0,2600.0,2600.0,"LINESTRING (-71.1127772 42.3179221, -71.1130765 42.3174967)"
4615,1382,1363,0.106512,0.25,2.0,2600.0,2600.0,"LINESTRING (-71.1130765 42.3174967, -71.1127772 42.3179221)"
4616,3939,5226,0.143168,0.25,2.0,2600.0,2600.0,"LINESTRING (-71.1133686 42.317055, -71.1137526 42.316477)"
4617,5226,3939,0.143168,0.25,2.0,2600.0,2600.0,"LINESTRING (-71.1137526 42.316477, -71.1133686 42.317055)"
4618,5236,5226,0.112432,0.25,2.0,2600.0,2600.0,"LINESTRING (-71.114019 42.3160113, -71.1137526 42.316477)"
4619,5226,5236,0.112432,0.25,2.0,2600.0,2600.0,"LINESTRING (-71.1137526 42.316477, -71.114019 42.3160113)"
462,2466,2464,0.0978733333333333,0.25,2.0,8000.0,8000.0,"LINESTRING (-71.106223 42.3334514, -71.1070744 42.3332557)"
4620,1382,3412,0.0609019999999999,0.25,2.0,2600.0,2600.0,"LINESTRING (-71.1130765 42.3174967, -71.1132387 42.3172505)"
4621,3412,1382,0.0609019999999999,0.25,2.0,2600.0,2600.0,"LINESTRING (-71.1132387 42.3172505, -71.1130765 42.3174967)"
4622,3412,3939,0.048532,0.25,2.0,2600.0,2600.0,"LINESTRING (-71.1132387 42.3172505, -71.1133686 42.317055)"
4623,3939,3412,0.048532,0.25,2.0,2600.0,2600.0,"LINESTRING (-71.1133686 42.317055, -71.1132387 42.3172505)"
4624,192,193,0.10623,0.25,2.0,2600.0,2600.0,"LINESTRING (-71.1119486 42.3191115, -71.1116591 42.3195394)"
4625,193,192,0.10623,0.25,2.0,2600.0,2600.0,"LINESTRING (-71.1116591 42.3195394, -71.1119486 42.3191115)"
4626,192,627,0.075522,0.25,2.0,2600.0,2600.0,"LINESTRING (-71.1119486 42.3191115, -71.1121539 42.318808)"
4627,627,192,0.075522,0.25,2.0,2600.0,2600.0,"LINESTRING (-71.1121539 42.318808, -71.1119486 42.3191115)"
4628,1364,627,0.085468,0.25,2.0,2600.0,2600.0,"LINESTRING (-71.112394 42.3184668, -71.1121539 42.318808)"
4629,627,1364,0.085468,0.25,2.0,2600.0,2600.0,"LINESTRING (-71.1121539 42.318808, -71.112394 42.3184668)"
4630,1769,193,0.012642,0.25,2.0,2600.0,2600.0,"LINESTRING (-71.1116246 42.3195904, -71.1116591 42.3195394)"
4631,193,1769,0.012642,0.25,2.0,2600.0,2600.0,"LINESTRING (-71.1116591 42.3195394, -71.1116246 42.3195904)"
4632,1038,1040,0.058396,0.25,2.0,2600.0,2600.0,"LINESTRING (-71.1145025 42.3212407, -71.1148497 42.3211916)"
4633,1040,1038,0.058396,0.25,2.0,2600.0,2600.0,"LINESTRING (-71.1148497 42.3211916, -71.1145025 42.3212407)"
4634,1897,2360,0.94586,0.25,2.0,2600.0,2600.0,"LINESTRING (-71.1122561 42.3245715, -71.1107244 42.3286746)"
4635,2360,1897,0.94586,0.25,2.0,2600.0,2600.0,"LINESTRING (-71.1107244 42.3286746, -71.1122561 42.3245715)"
4636,2506,2508,0.122344,0.25,2.0,2600.0,2600.0,"LINESTRING (-71.1099245 42.3283943, -71.1093833 42.3280167)"
4637,2508,2506,0.122344,0.25,2.0,2600.0,2600.0,"LINESTRING (-71.1093833 42.3280167, -71.1099245 42.3283943)"
4638,5165,2227,0.7878106666666667,0.25,2.0,8000.0,8000.0,"LINESTRING (-71.11466 42.324394, -71.1119653 42.3293228)"
4639,2227,5165,0.7878106666666667,0.25,2.0,8000.0,8000.0,"LINESTRING (-71.1119653 42.3293228, -71.11466 42.324394)"
4640,5165,5166,0.133872,0.25,2.0,8000.0,8000.0,"LINESTRING (-71.11466 42.324394, -71.1150956 42.3235499)"
4641,5166,5165,0.133872,0.25,2.0,8000.0,8000.0,"LINESTRING (-71.1150956 42.3235499, -71.11466 42.324394)"
466,3383,3384,0.580638,0.25,2.0,2600.0,2600.0,"LINESTRING (-71.108333 42.327318, -71.105211 42.3261083)"
467,3384,3383,0.580638,0.25,2.0,2600.0,2600.0,"LINESTRING (-71.105211 42.3261083, -71.108333 42.327318)"
4700,2306,2308,0.392038,0.25,2.0,2600.0,2600.0,"LINESTRING (-71.1165693 42.321021, -71.1189082 42.321339)"
4701,2308,2306,0.392038,0.25,2.0,2600.0,2600.0,"LINESTRING (-71.1189082 42.321339, -71.1165693 42.321021)"
4708,4120,4121,0.188446,0.25,2.0,2600.0,2600.0,"LINESTRING (-71.1196405 42.3226672, -71.1195403 42.321822)"
4709,4121,4120,0.188446,0.25,2.0,2600.0,2600.0,"LINESTRING (-71.1195403 42.321822, -71.1196405 42.3226672)"
4710,4915,4916,0.119564,0.25,2.0,2600.0,2600.0,"LINESTRING (-71.1195888 42.3217497, -71.120214 42.321477)"
4711,4916,3448,0.094736,0.25,2.0,2600.0,2600.0,"LINESTRING (-71.120214 42.321477, -71.1196404 42.3214565)"
4712,3448,4916,0.094736,0.25,2.0,2600.0,2600.0,"LINESTRING (-71.1196404 42.3214565, -71.120214 42.321477)"
4713,2308,3447,0.135834,0.25,2.0,2600.0,2600.0,"LINESTRING (-71.1189082 42.321339, -71.1195183 42.3217503)"
4714,2308,3448,0.123496,0.25,2.0,2600.0,2600.0,"LINESTRING (-71.1189082 42.321339, -71.1196404 42.3214565)"
4715,3448,2308,0.123496,0.25,2.0,2600.0,2600.0,"LINESTRING (-71.1196404 42.3214565, -71.1189082 42.321339)"
4716,4915,3448,0.065634,0.25,2.0,2600.0,2600.0,"LINESTRING (-71.1195888 42.3217497, -71.1196404 42.3214565)"
4717,3448,3447,0.06813,0.25,2.0,2600.0,2600.0,"LINESTRING (-71.1196404 42.3214565, -71.1195183 42.3217503)"
4718,3447,4121,0.016402,0.25,2.0,2600.0,2600.0,"LINESTRING (-71.1195183 42.3217503, -71.1195403 42.321822)"
4719,4121,4915,0.01792,0.25,2.0,2600.0,2600.0,"LINESTRING (-71.1195403 42.321822, -71.1195888 42.3217497)"
4720,4119,4120,0.04401,0.25,2.0,2600.0,2600.0,"LINESTRING (-71.1198722 42.3227654, -71.1196405 42.3226672)"
4721,2306,2307,0.1323386666666666,0.25,2.0,8000.0,8000.0,"LINESTRING (-71.1165693 42.321021, -71.116972 42.320179)"
4722,2307,2306,0.1323386666666666,0.25,2.0,8000.0,8000.0,"LINESTRING (-71.116972 42.320179, -71.1165693 42.321021)"
4723,2306,2310,0.343952,0.25,2.0,8000.0,8000.0,"LINESTRING (-71.1165693 42.321021, -71.115547 42.323216)"
4724,2310,2306,0.343952,0.25,2.0,8000.0,8000.0,"LINESTRING (-71.115547 42.323216, -71.1165693 42.321021)"
4725,2309,2316,0.024154,0.25,2.0,2600.0,2600.0,"LINESTRING (-71.115814 42.3210551, -71.1156703 42.3210754)"
4726,2316,2309,0.024154,0.25,2.0,2600.0,2600.0,"LINESTRING (-71.1156703 42.3210754, -71.115814 42.3210551)"
4727,2306,2309,0.124702,0.25,2.0,2600.0,2600.0,"LINESTRING (-71.1165693 42.321021, -71.115814 42.3210551)"
4728,2309,2306,0.124702,0.25,2.0,2600.0,2600.0,"LINESTRING (-71.115814 42.3210551, -71.1165693 42.321021)"
4729,1040,4622,0.126562,0.25,2.0,2600.0,2600.0,"LINESTRING (-71.1148497 42.3211916, -71.1156038 42.3210849)"
4730,4622,1040,0.126562,0.25,2.0,2600.0,2600.0,"LINESTRING (-71.1156038 42.3210849, -71.1148497 42.3211916)"
4731,2316,4622,0.011106,0.25,2.0,2600.0,2600.0,"LINESTRING (-71.1156703 42.3210754, -71.1156038 42.3210849)"
4732,4622,2316,0.011106,0.25,2.0,2600.0,2600.0,"LINESTRING (-71.1156038 42.3210849, -71.1156703 42.3210754)"
4733,5166,2310,0.0700279999999999,0.25,2.0,8000.0,8000.0,"LINESTRING (-71.1150956 42.3235499, -71.115547 42.323216)"
4734,2310,5166,0.0700279999999999,0.25,2.0,8000.0,8000.0,"LINESTRING (-71.115547 42.323216, -71.1150956 42.3235499)"
4735,1742,1897,0.143962,0.25,2.0,2600.0,2600.0,"LINESTRING (-71.1122502 42.3239236, -71.1122561 42.3245715)"
4736,1897,1742,0.143962,0.25,2.0,2600.0,2600.0,"LINESTRING (-71.1122561 42.3245715, -71.1122502 42.3239236)"
4737,2240,1743,0.276452,0.25,2.0,2600.0,2600.0,"LINESTRING (-71.1104431 42.3218853, -71.1120787 42.3216119)"
4738,1743,2240,0.276452,0.25,2.0,2600.0,2600.0,"LINESTRING (-71.1120787 42.3216119, -71.1104431 42.3218853)"
4739,3430,2236,0.067158,0.25,2.0,2600.0,2600.0,"LINESTRING (-71.1106883 42.320759, -71.1104925 42.3210242)"
4740,2236,3430,0.067158,0.25,2.0,2600.0,2600.0,"LINESTRING (-71.1104925 42.3210242, -71.1106883 42.320759)"
4761,1741,1743,0.336652,0.25,2.0,2600.0,2600.0,"LINESTRING (-71.1121928 42.3231254, -71.1120787 42.3216119)"
4762,1743,1741,0.336652,0.25,2.0,2600.0,2600.0,"LINESTRING (-71.1120787 42.3216119, -71.1121928 42.3231254)"
4763,1743,5215,0.121858,0.25,2.0,2600.0,2600.0,"LINESTRING (-71.1120787 42.3216119, -71.1128019 42.3214978)"
4764,5215,1743,0.121858,0.25,2.0,2600.0,2600.0,"LINESTRING (-71.1128019 42.3214978, -71.1120787 42.3216119)"
4775,5214,5215,0.180472,0.25,2.0,2600.0,2600.0,"LINESTRING (-71.1138728 42.3213297, -71.1128019 42.3214978)"
4776,5215,5214,0.180472,0.25,2.0,2600.0,2600.0,"LINESTRING (-71.1128019 42.3214978, -71.1138728 42.3213297)"
4777,1038,1039,0.055032,0.25,2.0,2600.0,2600.0,"LINESTRING (-71.1145025 42.3212407, -71.1141739 42.3212872)"
4778,1039,1038,0.055032,0.25,2.0,2600.0,2600.0,"LINESTRING (-71.1141739 42.3212872, -71.1145025 42.3212407)"
4779,5214,1039,0.050536,0.25,2.0,2600.0,2600.0,"LINESTRING (-71.1138728 42.3213297, -71.1141739 42.3212872)"
4780,1039,5214,0.050536,0.25,2.0,2600.0,2600.0,"LINESTRING (-71.1141739 42.3212872, -71.1138728 42.3213297)"
4781,1771,1770,0.051242,0.25,2.0,2600.0,2600.0,"LINESTRING (-71.1114011 42.3199208, -71.1117076 42.3199571)"
4782,5204,4315,0.09234,0.25,2.0,2600.0,2600.0,"LINESTRING (-71.1119425 42.3210044, -71.1118505 42.3205942)"
4783,4315,5204,0.09234,0.25,2.0,2600.0,2600.0,"LINESTRING (-71.1118505 42.3205942, -71.1119425 42.3210044)"
4784,1770,4315,0.143438,0.25,2.0,2600.0,2600.0,"LINESTRING (-71.1117076 42.3199571, -71.1118505 42.3205942)"
4785,4315,1770,0.143438,0.25,2.0,2600.0,2600.0,"LINESTRING (-71.1118505 42.3205942, -71.1117076 42.3199571)"
4786,5204,1743,0.136948,0.25,2.0,2600.0,2600.0,"LINESTRING (-71.1119425 42.3210044, -71.1120787 42.3216119)"
4787,1743,5204,0.136948,0.25,2.0,2600.0,2600.0,"LINESTRING (-71.1120787 42.3216119, -71.1119425 42.3210044)"
4788,3429,3430,0.110948,0.25,2.0,2600.0,2600.0,"LINESTRING (-71.1110502 42.3203382, -71.1106883 42.320759)"
4789,3430,3429,0.110948,0.25,2.0,2600.0,2600.0,"LINESTRING (-71.1106883 42.320759, -71.1110502 42.3203382)"
4790,3429,1771,0.10923,0.25,2.0,2600.0,2600.0,"LINESTRING (-71.1110502 42.3203382, -71.1114011 42.3199208)"
4791,1771,3429,0.10923,0.25,2.0,2600.0,2600.0,"LINESTRING (-71.1114011 42.3199208, -71.1110502 42.3203382)"
4792,1741,1742,0.177754,0.25,2.0,2600.0,2600.0,"LINESTRING (-71.1121928 42.3231254, -71.1122502 42.3239236)"
4793,1742,1741,0.177754,0.25,2.0,2600.0,2600.0,"LINESTRING (-71.1122502 42.3239236, -71.1121928 42.3231254)"
4798,2801,2803,0.138596,0.25,2.0,2600.0,2600.0,"LINESTRING (-71.109264 42.32218, -71.1084653 42.322374)"
4799,2803,2801,0.138596,0.25,2.0,2600.0,2600.0,"LINESTRING (-71.1084653 42.322374, -71.109264 42.32218)"
4800,2800,2240,0.076056,0.25,2.0,2600.0,2600.0,"LINESTRING (-71.1100078 42.3219987, -71.1104431 42.3218853)"
4801,2800,2241,0.024536,0.25,2.0,2600.0,2600.0,"LINESTRING (-71.1100078 42.3219987, -71.1100317 42.3218895)"
4802,4867,2801,0.106624,0.25,2.0,2600.0,2600.0,"LINESTRING (-71.1097597 42.3218718, -71.109264 42.32218)"
4803,4867,2802,0.042634,0.25,2.0,2600.0,2600.0,"LINESTRING (-71.1097597 42.3218718, -71.109885 42.3220399)"
4804,2234,2235,0.089046,0.25,2.0,2600.0,2600.0,"LINESTRING (-71.1101744 42.321508, -71.1098397 42.3218227)"
4805,2234,2236,0.1196259999999999,0.25,2.0,2600.0,2600.0,"LINESTRING (-71.1101744 42.321508, -71.1104925 42.3210242)"
4806,2236,2234,0.1196259999999999,0.25,2.0,2600.0,2600.0,"LINESTRING (-71.1104925 42.3210242, -71.1101744 42.321508)"
4807,2240,2241,0.067768,0.25,2.0,2600.0,2600.0,"LINESTRING (-71.1104431 42.3218853, -71.1100317 42.3218895)"
4808,4590,2234,0.085626,0.25,2.0,2600.0,2600.0,"LINESTRING (-71.1100242 42.3218766, -71.1101744 42.321508)"
4809,4590,2235,0.03262,0.25,2.0,2600.0,2600.0,"LINESTRING (-71.1100242 42.3218766, -71.1098397 42.3218227)"
4810,2241,4590,0.003176,0.25,2.0,2600.0,2600.0,"LINESTRING (-71.1100317 42.3218895, -71.1100242 42.3218766)"
4811,2235,4867,0.017102,0.25,2.0,2600.0,2600.0,"LINESTRING (-71.1098397 42.3218227, -71.1097597 42.3218718)"
4812,2801,2802,0.107,0.25,2.0,2600.0,2600.0,"LINESTRING (-71.109264 42.32218, -71.109885 42.3220399)"
4813,2802,2799,0.008316,0.25,2.0,2600.0,2600.0,"LINESTRING (-71.109885 42.3220399, -71.1099354 42.3220348)"
4814,2799,2800,0.01445,0.25,2.0,2600.0,2600.0,"LINESTRING (-71.1099354 42.3220348, -71.1100078 42.3219987)"
4815,3368,3678,0.255158,0.25,2.0,2600.0,2600.0,"LINESTRING (-71.1083545 42.3223975, -71.1068177 42.3225385)"
4816,3678,3368,0.255158,0.25,2.0,2600.0,2600.0,"LINESTRING (-71.1068177 42.3225385, -71.1083545 42.3223975)"
4817,2803,3368,0.01906,0.25,2.0,2600.0,2600.0,"LINESTRING (-71.1084653 42.322374, -71.1083545 42.3223975)"
4818,3368,2803,0.01906,0.25,2.0,2600.0,2600.0,"LINESTRING (-71.1083545 42.3223975, -71.1084653 42.322374)"
4819,3383,2515,0.215772,0.25,2.0,2600.0,2600.0,"LINESTRING (-71.108333 42.327318, -71.1093082 42.3279658)"
4820,2515,3383,0.215772,0.25,2.0,2600.0,2600.0,"LINESTRING (-71.1093082 42.3279658, -71.108333 42.327318)"
4821,2508,2515,0.01677,0.25,2.0,2600.0,2600.0,"LINESTRING (-71.1093833 42.3280167, -71.1093082 42.3279658)"
4822,2515,2508,0.01677,0.25,2.0,2600.0,2600.0,"LINESTRING (-71.1093082 42.3279658, -71.1093833 42.3280167)"
4823,1166,1884,0.3531573333333333,0.25,2.0,8000.0,8000.0,"LINESTRING (-71.1127675 42.3306202, -71.112357 42.3329846)"
4824,2730,2210,0.3004213333333333,0.25,2.0,8000.0,8000.0,"LINESTRING (-71.1124849 42.3330147, -71.1131136 42.331041)"
4825,3933,3934,0.2317586666666666,0.25,2.0,8000.0,8000.0,"LINESTRING (-71.1111815 42.3341451, -71.1098673 42.3353693)"
4826,3934,3933,0.2317586666666666,0.25,2.0,8000.0,8000.0,"LINESTRING (-71.1098673 42.3353693, -71.1111815 42.3341451)"
4827,2360,2509,0.045058,0.25,2.0,2600.0,2600.0,"LINESTRING (-71.1107244 42.3286746, -71.1104736 42.3287573)"
4828,2509,4897,0.069044,0.25,2.0,2600.0,2600.0,"LINESTRING (-71.1104736 42.3287573, -71.1107792 42.3289704)"
4829,4897,2509,0.069044,0.25,2.0,2600.0,2600.0,"LINESTRING (-71.1107792 42.3289704, -71.1104736 42.3287573)"
4830,5097,5227,0.229286,0.25,2.0,2600.0,2600.0,"LINESTRING (-71.1095705 42.3321594, -71.109587 42.3331913)"
4831,5227,5097,0.229286,0.25,2.0,2600.0,2600.0,"LINESTRING (-71.109587 42.3331913, -71.1095705 42.3321594)"
4832,5227,5229,0.1995466666666666,0.25,2.0,8000.0,8000.0,"LINESTRING (-71.109587 42.3331913, -71.1111824 42.3325473)"
4833,5229,5227,0.1995466666666666,0.25,2.0,8000.0,8000.0,"LINESTRING (-71.1111824 42.3325473, -71.109587 42.3331913)"
4834,5229,4178,0.0980413333333333,0.25,2.0,8000.0,8000.0,"LINESTRING (-71.1111824 42.3325473, -71.111858 42.3321152)"
4835,4178,5229,0.0980413333333333,0.25,2.0,8000.0,8000.0,"LINESTRING (-71.111858 42.3321152, -71.1111824 42.3325473)"
486,1830,1183,0.29686,0.25,2.0,2600.0,2600.0,"LINESTRING (-71.1060859 42.3349524, -71.1074535 42.3358216)"
4860,1164,1165,0.1432413333333333,0.25,2.0,8000.0,8000.0,"LINESTRING (-71.1121732 42.3298613, -71.1125584 42.3307854)"
4861,1164,1166,0.129992,0.25,2.0,8000.0,8000.0,"LINESTRING (-71.1121732 42.3298613, -71.1127675 42.3306202)"
4862,1165,1166,0.0335373333333333,0.25,2.0,8000.0,8000.0,"LINESTRING (-71.1125584 42.3307854, -71.1127675 42.3306202)"
4863,2211,2227,0.2138586666666666,0.25,2.0,8000.0,8000.0,"LINESTRING (-71.112891 42.330593, -71.1119653 42.3293228)"
4864,5159,4179,0.16661,0.25,2.0,2600.0,2600.0,"LINESTRING (-71.111291 42.3300757, -71.1115961 42.3307906)"
4865,4179,5159,0.16661,0.25,2.0,2600.0,2600.0,"LINESTRING (-71.1115961 42.3307906, -71.111291 42.3300757)"
4866,5422,3195,0.055341,0.25,2.0,13200.0,13200.0,"LINESTRING (-71.1127324 42.3318382, -71.1120787 42.3319539)"
4867,2210,2211,0.070732,0.25,2.0,8000.0,8000.0,"LINESTRING (-71.1131136 42.331041, -71.112891 42.330593)"
4868,2210,2212,0.041116,0.25,2.0,8000.0,8000.0,"LINESTRING (-71.1131136 42.331041, -71.113479 42.33098)"
4869,2212,2211,0.0863746666666666,0.25,2.0,8000.0,8000.0,"LINESTRING (-71.113479 42.33098, -71.112891 42.330593)"
487,1183,1830,0.29686,0.25,2.0,2600.0,2600.0,"LINESTRING (-71.1074535 42.3358216, -71.1060859 42.3349524)"
4870,4897,5159,0.2598,0.25,2.0,2600.0,2600.0,"LINESTRING (-71.1107792 42.3289704, -71.111291 42.3300757)"
4871,5159,4897,0.2598,0.25,2.0,2600.0,2600.0,"LINESTRING (-71.111291 42.3300757, -71.1107792 42.3289704)"
4872,2227,1164,0.0828946666666666,0.25,2.0,8000.0,8000.0,"LINESTRING (-71.1119653 42.3293228, -71.1121732 42.3298613)"
4873,2360,4897,0.066162,0.25,2.0,2600.0,2600.0,"LINESTRING (-71.1107244 42.3286746, -71.1107792 42.3289704)"
4874,4897,2360,0.066162,0.25,2.0,2600.0,2600.0,"LINESTRING (-71.1107792 42.3289704, -71.1107244 42.3286746)"
4875,3195,4179,0.27036,0.25,2.0,2600.0,2600.0,"LINESTRING (-71.1120787 42.3319539, -71.1115961 42.3307906)"
4876,4179,3195,0.27036,0.25,2.0,2600.0,2600.0,"LINESTRING (-71.1115961 42.3307906, -71.1120787 42.3319539)"
4877,3194,3192,0.036773,0.25,2.0,13200.0,13200.0,"LINESTRING (-71.1119977 42.3320739, -71.1124249 42.3319779)"
4878,3195,3192,0.028641,0.25,2.0,13200.0,13200.0,"LINESTRING (-71.1120787 42.3319539, -71.1124249 42.3319779)"
4879,3192,3193,0.022714,0.25,2.0,13200.0,13200.0,"LINESTRING (-71.1124249 42.3319779, -71.1126977 42.3319495)"
488,5175,3678,0.042896,0.25,2.0,2600.0,2600.0,"LINESTRING (-71.10656 42.3225639, -71.1068177 42.3225385)"
4880,3195,4178,0.025526,0.25,2.0,13200.0,13200.0,"LINESTRING (-71.1120787 42.3319539, -71.111858 42.3321152)"
4881,4178,3194,0.012405,0.25,2.0,13200.0,13200.0,"LINESTRING (-71.111858 42.3321152, -71.1119977 42.3320739)"
4882,3194,3195,0.014908,0.25,2.0,13200.0,13200.0,"LINESTRING (-71.1119977 42.3320739, -71.1120787 42.3319539)"
4883,1884,2348,0.1733026666666667,0.25,2.0,8000.0,8000.0,"LINESTRING (-71.112357 42.3329846, -71.1114159 42.3339239)"
4884,2349,2348,0.1790826666666666,0.25,2.0,8000.0,8000.0,"LINESTRING (-71.1121274 42.3328355, -71.1114159 42.3339239)"
4885,3933,2730,0.220324,0.25,2.0,8000.0,8000.0,"LINESTRING (-71.1111815 42.3341451, -71.1124849 42.3330147)"
4886,1884,2349,0.0335533333333333,0.25,2.0,8000.0,8000.0,"LINESTRING (-71.112357 42.3329846, -71.1121274 42.3328355)"
4887,2348,3933,0.041692,0.25,2.0,8000.0,8000.0,"LINESTRING (-71.1114159 42.3339239, -71.1111815 42.3341451)"
4888,2453,2454,0.070956,0.25,2.0,2600.0,2600.0,"LINESTRING (-71.108501 42.330597, -71.108901 42.330715)"
4889,2454,2453,0.070956,0.25,2.0,2600.0,2600.0,"LINESTRING (-71.108901 42.330715, -71.108501 42.330597)"
489,3678,5175,0.042896,0.25,2.0,2600.0,2600.0,"LINESTRING (-71.1068177 42.3225385, -71.10656 42.3225639)"
4902,2507,2509,0.103392,0.25,2.0,2600.0,2600.0,"LINESTRING (-71.110005 42.3284482, -71.1104736 42.3287573)"
4903,2509,2507,0.103392,0.25,2.0,2600.0,2600.0,"LINESTRING (-71.1104736 42.3287573, -71.110005 42.3284482)"
4904,2506,2507,0.01795,0.25,2.0,2600.0,2600.0,"LINESTRING (-71.1099245 42.3283943, -71.110005 42.3284482)"
4905,2507,2506,0.01795,0.25,2.0,2600.0,2600.0,"LINESTRING (-71.110005 42.3284482, -71.1099245 42.3283943)"
4906,2454,5081,0.21005,0.25,2.0,2600.0,2600.0,"LINESTRING (-71.108901 42.330715, -71.1095967 42.3315074)"
4907,5081,2454,0.21005,0.25,2.0,2600.0,2600.0,"LINESTRING (-71.1095967 42.3315074, -71.108901 42.330715)"
4908,5096,5081,0.110906,0.25,2.0,2600.0,2600.0,"LINESTRING (-71.109577 42.332006, -71.1095967 42.3315074)"
4909,5081,5096,0.110906,0.25,2.0,2600.0,2600.0,"LINESTRING (-71.1095967 42.3315074, -71.109577 42.332006)"
4910,5096,5097,0.03401,0.25,2.0,2600.0,2600.0,"LINESTRING (-71.109577 42.332006, -71.1095705 42.3321594)"
4911,5097,5096,0.03401,0.25,2.0,2600.0,2600.0,"LINESTRING (-71.1095705 42.3321594, -71.109577 42.332006)"
4912,5514,2465,0.1284,0.25,2.0,8000.0,8000.0,"LINESTRING (-71.1090719 42.3332337, -71.1079038 42.3332579)"
4913,2465,5514,0.1284,0.25,2.0,8000.0,8000.0,"LINESTRING (-71.1079038 42.3332579, -71.1090719 42.3332337)"
4926,5514,5228,0.0278666666666666,0.25,2.0,8000.0,8000.0,"LINESTRING (-71.1090719 42.3332337, -71.1093244 42.3332129)"
4927,5228,5514,0.0278666666666666,0.25,2.0,8000.0,8000.0,"LINESTRING (-71.1093244 42.3332129, -71.1090719 42.3332337)"
4928,5227,5228,0.029084,0.25,2.0,8000.0,8000.0,"LINESTRING (-71.109587 42.3331913, -71.1093244 42.3332129)"
4929,5228,5227,0.029084,0.25,2.0,8000.0,8000.0,"LINESTRING (-71.1093244 42.3332129, -71.109587 42.3331913)"
4930,2464,2465,0.091208,0.25,2.0,8000.0,8000.0,"LINESTRING (-71.1070744 42.3332557, -71.1079038 42.3332579)"
4931,2465,2464,0.091208,0.25,2.0,8000.0,8000.0,"LINESTRING (-71.1079038 42.3332579, -71.1070744 42.3332557)"
5,2423,2425,0.304734,0.25,2.0,2600.0,2600.0,"LINESTRING (-71.0395891 42.3445602, -71.0414383 42.3445493)"
5041,269,279,0.269424,0.25,2.0,2600.0,2600.0,"LINESTRING (-71.0731913 42.3122312, -71.0746114 42.3128311)"
5042,279,269,0.269424,0.25,2.0,2600.0,2600.0,"LINESTRING (-71.0746114 42.3128311, -71.0731913 42.3122312)"
5053,1273,1275,0.105024,0.25,2.0,2600.0,2600.0,"LINESTRING (-71.0735722 42.3233642, -71.073922 42.323759)"
5054,1275,1273,0.105024,0.25,2.0,2600.0,2600.0,"LINESTRING (-71.073922 42.323759, -71.0735722 42.3233642)"
5057,1849,1850,1.897598,0.25,2.0,13200.0,13200.0,"LINESTRING (-71.0518528 42.3182806, -71.0494135 42.3012943)"
5059,2016,2017,1.108493,0.25,2.0,13200.0,13200.0,"LINESTRING (-71.0480822 42.303178, -71.0464891 42.3130868)"
5062,3365,3366,0.333426,0.25,2.0,2600.0,2600.0,"LINESTRING (-71.074056 42.320756, -71.072204 42.321359)"
5063,3366,3365,0.333426,0.25,2.0,2600.0,2600.0,"LINESTRING (-71.072204 42.321359, -71.074056 42.320756)"
5070,4230,4232,0.211016,0.25,2.0,2600.0,2600.0,"LINESTRING (-71.0734659 42.3335209, -71.0744072 42.3328771)"
5071,2823,4230,0.279648,0.25,2.0,8000.0,8000.0,"LINESTRING (-71.0751814 42.3349159, -71.0734659 42.3335209)"
5072,4229,4239,0.34125,0.25,2.0,2600.0,2600.0,"LINESTRING (-71.0730925 42.3320234, -71.0748651 42.3312302)"
5073,4229,4240,0.270036,0.25,2.0,2600.0,2600.0,"LINESTRING (-71.0730925 42.3320234, -71.0743232 42.3328245)"
5074,4240,4229,0.270036,0.25,2.0,2600.0,2600.0,"LINESTRING (-71.0743232 42.3328245, -71.0730925 42.3320234)"
5075,4231,2822,0.2801053333333333,0.25,2.0,8000.0,8000.0,"LINESTRING (-71.073353 42.3336112, -71.0750961 42.3349908)"
5076,4240,4230,0.209436,0.25,2.0,2600.0,2600.0,"LINESTRING (-71.0743232 42.3328245, -71.0734659 42.3335209)"
5079,5188,1768,0.128318,0.25,2.0,2600.0,2600.0,"LINESTRING (-71.073206 42.325708, -71.0738987 42.3254448)"
5080,1768,5188,0.128318,0.25,2.0,2600.0,2600.0,"LINESTRING (-71.0738987 42.3254448, -71.073206 42.325708)"
5081,4239,4228,0.533822,0.25,2.0,2600.0,2600.0,"LINESTRING (-71.0748651 42.3312302, -71.0721512 42.3325406)"
5082,5410,5406,2.10868,0.25,2.0,13200.0,13200.0,"LINESTRING (-71.0480094 42.2996921, -71.0517263 42.3184742)"
6,2425,2423,0.304734,0.25,2.0,2600.0,2600.0,"LINESTRING (-71.0414383 42.3445493, -71.0395891 42.3445602)"
6657,313,272,0.205436,0.25,2.0,2600.0,2600.0,"LINESTRING (-71.090221 42.329605, -71.088995 42.329439)"
6658,411,413,0.07175,0.25,2.0,2600.0,2600.0,"LINESTRING (-71.099343 42.32009, -71.099569 42.319814)"
6659,413,411,0.07175,0.25,2.0,2600.0,2600.0,"LINESTRING (-71.099569 42.319814, -71.099343 42.32009)"
6660,1114,1131,0.232694,0.25,2.0,2600.0,2600.0,"LINESTRING (-71.1031566 42.319437, -71.1024353 42.3203371)"
6661,1131,1114,0.232694,0.25,2.0,2600.0,2600.0,"LINESTRING (-71.1024353 42.3203371, -71.1031566 42.319437)"
6662,1818,1819,0.3940826666666666,0.25,2.0,8000.0,8000.0,"LINESTRING (-71.0923294 42.3328739, -71.0894167 42.3344267)"
6663,1894,1896,0.690838,0.25,2.0,2600.0,2600.0,"LINESTRING (-71.088396 42.320034, -71.091941 42.321692)"
6664,1598,1929,0.187044,0.25,2.0,2600.0,2600.0,"LINESTRING (-71.0905088 42.311905, -71.08993 42.312629)"
6665,1929,1598,0.187044,0.25,2.0,2600.0,2600.0,"LINESTRING (-71.08993 42.312629, -71.0905088 42.311905)"
6666,2098,2009,0.381226,0.25,2.0,2600.0,2600.0,"LINESTRING (-71.088879 42.330371, -71.0911621 42.3300969)"
6667,2535,1896,0.540298,0.25,2.0,2600.0,2600.0,"LINESTRING (-71.0896 42.323394, -71.091941 42.321692)"
6668,1896,2535,0.540298,0.25,2.0,2600.0,2600.0,"LINESTRING (-71.091941 42.321692, -71.0896 42.323394)"
6669,2541,2542,0.346586,0.25,2.0,2600.0,2600.0,"LINESTRING (-71.09404 42.320071, -71.095305 42.318825)"
6670,2542,2541,0.346586,0.25,2.0,2600.0,2600.0,"LINESTRING (-71.095305 42.318825, -71.09404 42.320071)"
6671,3288,3289,0.394076,0.25,2.0,2600.0,2600.0,"LINESTRING (-71.0895089 42.3345378, -71.090996 42.3359269)"
6672,3289,3288,0.394076,0.25,2.0,2600.0,2600.0,"LINESTRING (-71.090996 42.3359269, -71.0895089 42.3345378)"
6673,3288,2004,0.3957146666666666,0.25,2.0,8000.0,8000.0,"LINESTRING (-71.0895089 42.3345378, -71.0924022 42.3329474)"
6674,3363,2611,0.289418,0.25,2.0,2600.0,2600.0,"LINESTRING (-71.08179 42.3207457, -71.081545 42.319456)"
6676,2613,3886,0.21024,0.25,2.0,2600.0,2600.0,"LINESTRING (-71.081385 42.319802, -71.081621 42.320732)"
6678,3892,4843,0.1540546666666666,0.25,2.0,8000.0,8000.0,"LINESTRING (-71.0984367 42.320623, -71.0984122 42.3195827)"
6679,4896,2893,0.267526,0.25,2.0,2600.0,2600.0,"LINESTRING (-71.088887 42.3198798, -71.090238 42.319213)"
6680,2893,4896,0.267526,0.25,2.0,2600.0,2600.0,"LINESTRING (-71.090238 42.319213, -71.088887 42.3198798)"
6681,4751,5080,0.778978,0.25,2.0,2600.0,2600.0,"LINESTRING (-71.0882705 42.3306372, -71.0929137 42.3312857)"
6682,5080,4751,0.778978,0.25,2.0,2600.0,2600.0,"LINESTRING (-71.0929137 42.3312857, -71.0882705 42.3306372)"
6683,3380,5164,0.141768,0.25,2.0,2600.0,2600.0,"LINESTRING (-71.0908193 42.3249931, -71.0900598 42.324693)"
6684,5164,3380,0.141768,0.25,2.0,2600.0,2600.0,"LINESTRING (-71.0900598 42.324693, -71.0908193 42.3249931)"
6685,1336,4892,0.38689,0.25,2.0,2600.0,2600.0,"LINESTRING (-71.086017 42.319164, -71.0881314 42.3199203)"
6686,5210,5202,0.167744,0.25,2.0,2600.0,2600.0,"LINESTRING (-71.0860292 42.320585, -71.085975 42.319831)"
6687,5202,5210,0.167744,0.25,2.0,2600.0,2600.0,"LINESTRING (-71.085975 42.319831, -71.0860292 42.320585)"
6688,1895,2809,0.4721379999999999,0.25,2.0,2600.0,2600.0,"LINESTRING (-71.088605 42.319974, -71.086042 42.319026)"
6689,2537,4895,0.612924,0.25,2.0,2600.0,2600.0,"LINESTRING (-71.092089 42.321576, -71.0889217 42.3201306)"
6690,5203,5123,0.124424,0.25,2.0,2600.0,2600.0,"LINESTRING (-71.077746 42.320431, -71.077758 42.319871)"
6691,5123,5203,0.124424,0.25,2.0,2600.0,2600.0,"LINESTRING (-71.077758 42.319871, -71.077746 42.320431)"
6692,895,5277,0.1562573333333333,0.25,2.0,8000.0,8000.0,"LINESTRING (-71.0983008 42.3195672, -71.098313 42.3206224)"
6830,3468,3947,0.033378,0.25,2.0,2600.0,2600.0,"LINESTRING (-71.0984291 42.3156728, -71.0983086 42.3157941)"
6831,3947,3468,0.033378,0.25,2.0,2600.0,2600.0,"LINESTRING (-71.0983086 42.3157941, -71.0984291 42.3156728)"
6832,2618,3946,0.1842639999999999,0.25,2.0,8000.0,8000.0,"LINESTRING (-71.098369 42.318124, -71.098344 42.31688)"
6960,5189,4265,0.414616,0.25,2.0,2600.0,2600.0,"LINESTRING (-71.1036029 42.3161045, -71.104818 42.314471)"
6961,4265,5189,0.414616,0.25,2.0,2600.0,2600.0,"LINESTRING (-71.104818 42.314471, -71.1036029 42.3161045)"
6962,5190,4866,0.333348,0.25,2.0,2600.0,2600.0,"LINESTRING (-71.1031183 42.3166106, -71.1017942 42.3177451)"
6963,4866,5190,0.333348,0.25,2.0,2600.0,2600.0,"LINESTRING (-71.1017942 42.3177451, -71.1031183 42.3166106)"
6976,4264,4265,0.208226,0.25,2.0,2600.0,2600.0,"LINESTRING (-71.1052296 42.3135854, -71.104818 42.314471)"
6977,4265,4264,0.208226,0.25,2.0,2600.0,2600.0,"LINESTRING (-71.104818 42.314471, -71.1052296 42.3135854)"
6978,589,590,0.098808,0.25,2.0,2600.0,2600.0,"LINESTRING (-71.1056307 42.3126416, -71.1054297 42.313061)"
6979,590,589,0.098808,0.25,2.0,2600.0,2600.0,"LINESTRING (-71.1054297 42.313061, -71.1056307 42.3126416)"
6980,4264,590,0.1209919999999999,0.25,2.0,2600.0,2600.0,"LINESTRING (-71.1052296 42.3135854, -71.1054297 42.313061)"
6981,590,4264,0.1209919999999999,0.25,2.0,2600.0,2600.0,"LINESTRING (-71.1054297 42.313061, -71.1052296 42.3135854)"
6982,1054,1086,0.211244,0.25,2.0,2600.0,2600.0,"LINESTRING (-71.1043571 42.3178957, -71.1048917 42.3170319)"
6983,1086,1054,0.211244,0.25,2.0,2600.0,2600.0,"LINESTRING (-71.1048917 42.3170319, -71.1043571 42.3178957)"
6984,5190,1086,0.307082,0.25,2.0,2600.0,2600.0,"LINESTRING (-71.1031183 42.3166106, -71.1048917 42.3170319)"
6985,5189,5190,0.137954,0.25,2.0,2600.0,2600.0,"LINESTRING (-71.1036029 42.3161045, -71.1031183 42.3166106)"
6986,5190,5189,0.137954,0.25,2.0,2600.0,2600.0,"LINESTRING (-71.1031183 42.3166106, -71.1036029 42.3161045)"
6987,1054,1055,0.276184,0.25,2.0,2600.0,2600.0,"LINESTRING (-71.1043571 42.3178957, -71.103549 42.318985)"
6988,1055,1054,0.276184,0.25,2.0,2600.0,2600.0,"LINESTRING (-71.103549 42.318985, -71.1043571 42.3178957)"
6989,1055,1114,0.1194159999999999,0.25,2.0,2600.0,2600.0,"LINESTRING (-71.103549 42.318985, -71.1031566 42.319437)"
6990,1114,1055,0.1194159999999999,0.25,2.0,2600.0,2600.0,"LINESTRING (-71.1031566 42.319437, -71.103549 42.318985)"
6991,3469,1772,0.278028,0.25,2.0,2600.0,2600.0,"LINESTRING (-71.099481 42.314606, -71.100473 42.313594)"
6992,1772,3469,0.278028,0.25,2.0,2600.0,2600.0,"LINESTRING (-71.100473 42.313594, -71.099481 42.314606)"
6997,950,960,0.1501,0.25,2.0,2600.0,2600.0,"LINESTRING (-71.1015592 42.3124851, -71.101036 42.313038)"
6998,960,950,0.1501,0.25,2.0,2600.0,2600.0,"LINESTRING (-71.101036 42.313038, -71.1015592 42.3124851)"
7,3070,3071,1.779071,0.25,2.0,13200.0,13200.0,"LINESTRING (-71.0541935 42.3624099, -71.0382432 42.3732085)"
7013,960,1772,0.154514,0.25,2.0,2600.0,2600.0,"LINESTRING (-71.101036 42.313038, -71.100473 42.313594)"
7014,1772,960,0.154514,0.25,2.0,2600.0,2600.0,"LINESTRING (-71.100473 42.313594, -71.101036 42.313038)"
7015,3467,3469,0.142836,0.25,2.0,2600.0,2600.0,"LINESTRING (-71.098966 42.315123, -71.099481 42.314606)"
7016,3469,3467,0.142836,0.25,2.0,2600.0,2600.0,"LINESTRING (-71.099481 42.314606, -71.098966 42.315123)"
7017,3467,3468,0.150894,0.25,2.0,2600.0,2600.0,"LINESTRING (-71.098966 42.315123, -71.0984291 42.3156728)"
7018,3468,3467,0.150894,0.25,2.0,2600.0,2600.0,"LINESTRING (-71.0984291 42.3156728, -71.098966 42.315123)"
7019,766,796,0.136282,0.25,2.0,2600.0,2600.0,"LINESTRING (-71.10125 42.31825, -71.1017633 42.3177688)"
7020,796,766,0.136282,0.25,2.0,2600.0,2600.0,"LINESTRING (-71.1017633 42.3177688, -71.10125 42.31825)"
7021,940,1271,0.15939,0.25,2.0,2600.0,2600.0,"LINESTRING (-71.100361 42.319446, -71.100941 42.318872)"
7022,1271,940,0.15939,0.25,2.0,2600.0,2600.0,"LINESTRING (-71.100941 42.318872, -71.100361 42.319446)"
7023,796,4866,0.007384,0.25,2.0,2600.0,2600.0,"LINESTRING (-71.1017633 42.3177688, -71.1017942 42.3177451)"
7024,4866,796,0.007384,0.25,2.0,2600.0,2600.0,"LINESTRING (-71.1017942 42.3177451, -71.1017633 42.3177688)"
7025,1271,767,0.015296,0.25,2.0,2600.0,2600.0,"LINESTRING (-71.100941 42.318872, -71.1009912 42.3188141)"
7026,767,1271,0.015296,0.25,2.0,2600.0,2600.0,"LINESTRING (-71.1009912 42.3188141, -71.100941 42.318872)"
7027,766,767,0.132374,0.25,2.0,2600.0,2600.0,"LINESTRING (-71.10125 42.31825, -71.1009912 42.3188141)"
7028,767,766,0.132374,0.25,2.0,2600.0,2600.0,"LINESTRING (-71.1009912 42.3188141, -71.10125 42.31825)"
7029,4843,2617,0.1745106666666666,0.25,2.0,8000.0,8000.0,"LINESTRING (-71.0984122 42.3195827, -71.098377 42.318405)"
7030,940,413,0.154058,0.25,2.0,2600.0,2600.0,"LINESTRING (-71.100361 42.319446, -71.099569 42.319814)"
7031,413,940,0.154058,0.25,2.0,2600.0,2600.0,"LINESTRING (-71.099569 42.319814, -71.100361 42.319446)"
7032,2617,2618,0.0416266666666666,0.25,2.0,8000.0,8000.0,"LINESTRING (-71.098377 42.318405, -71.098369 42.318124)"
7045,631,632,0.19918,0.25,2.0,8000.0,8000.0,"LINESTRING (-71.093483 42.312183, -71.094731 42.3131576)"
7046,2753,2755,0.146338,0.25,2.0,2600.0,2600.0,"LINESTRING (-71.093333 42.316152, -71.093559 42.315515)"
7047,2755,2753,0.146338,0.25,2.0,2600.0,2600.0,"LINESTRING (-71.093559 42.315515, -71.093333 42.316152)"
7048,1176,3185,0.238624,0.25,2.0,8000.0,8000.0,"LINESTRING (-71.0951194 42.3133064, -71.0935847 42.3121664)"
7049,4922,3304,0.0628653333333333,0.25,2.0,8000.0,8000.0,"LINESTRING (-71.0980436 42.3155262, -71.0981762 42.3159389)"
7050,1390,2505,0.085916,0.25,2.0,2600.0,2600.0,"LINESTRING (-71.0944291 42.3138882, -71.0940715 42.3141689)"
7051,2505,1390,0.085916,0.25,2.0,2600.0,2600.0,"LINESTRING (-71.0940715 42.3141689, -71.0944291 42.3138882)"
7052,3947,4046,0.0527853333333333,0.25,2.0,8000.0,8000.0,"LINESTRING (-71.0983086 42.3157941, -71.0981651 42.3154539)"
7071,966,993,0.288278,0.25,2.0,2600.0,2600.0,"LINESTRING (-71.0976395 42.3117119, -71.0962511 42.312501)"
7072,993,966,0.288278,0.25,2.0,2600.0,2600.0,"LINESTRING (-71.0962511 42.312501, -71.0976395 42.3117119)"
7073,1388,1390,0.092124,0.25,2.0,2600.0,2600.0,"LINESTRING (-71.0948088 42.3135836, -71.0944291 42.3138882)"
7074,1390,1388,0.092124,0.25,2.0,2600.0,2600.0,"LINESTRING (-71.0944291 42.3138882, -71.0948088 42.3135836)"
7075,3183,3184,0.07138,0.25,2.0,8000.0,8000.0,"LINESTRING (-71.0964177 42.3142176, -71.095946 42.3138866)"
7076,3184,1176,0.1251746666666666,0.25,2.0,8000.0,8000.0,"LINESTRING (-71.095946 42.3138866, -71.0951194 42.3133064)"
7077,4921,3190,0.0917813333333333,0.25,2.0,8000.0,8000.0,"LINESTRING (-71.0958755 42.3139404, -71.0965151 42.3143376)"
7078,1389,4921,0.1237573333333333,0.25,2.0,8000.0,8000.0,"LINESTRING (-71.0950477 42.313373, -71.0958755 42.3139404)"
7079,3186,3187,0.050212,0.25,2.0,8000.0,8000.0,"LINESTRING (-71.097336 42.3148093, -71.0969397 42.3146396)"
7080,3454,3186,0.078764,0.25,2.0,8000.0,8000.0,"LINESTRING (-71.0978517 42.3151779, -71.097336 42.3148093)"
7081,3187,4922,0.1787333333333333,0.25,2.0,8000.0,8000.0,"LINESTRING (-71.0969397 42.3146396, -71.0980436 42.3155262)"
7082,4046,3454,0.0534293333333333,0.25,2.0,8000.0,8000.0,"LINESTRING (-71.0981651 42.3154539, -71.0978517 42.3151779)"
7083,3189,3187,0.0282879999999999,0.25,2.0,8000.0,8000.0,"LINESTRING (-71.0967541 42.3145076, -71.0969397 42.3146396)"
7084,3187,3189,0.0282879999999999,0.25,2.0,8000.0,8000.0,"LINESTRING (-71.0969397 42.3146396, -71.0967541 42.3145076)"
7085,3190,3183,0.0207253333333333,0.25,2.0,8000.0,8000.0,"LINESTRING (-71.0965151 42.3143376, -71.0964177 42.3142176)"
7086,3189,3190,0.036388,0.25,2.0,8000.0,8000.0,"LINESTRING (-71.0967541 42.3145076, -71.0965151 42.3143376)"
7087,3190,3189,0.036388,0.25,2.0,8000.0,8000.0,"LINESTRING (-71.0965151 42.3143376, -71.0967541 42.3145076)"
7088,993,1176,0.2585,0.25,2.0,2600.0,2600.0,"LINESTRING (-71.0962511 42.312501, -71.0951194 42.3133064)"
7089,1176,993,0.2585,0.25,2.0,2600.0,2600.0,"LINESTRING (-71.0951194 42.3133064, -71.0962511 42.312501)"
7090,632,1388,0.0636733333333333,0.25,2.0,8000.0,8000.0,"LINESTRING (-71.094731 42.3131576, -71.0948088 42.3135836)"
7091,632,1389,0.0472039999999999,0.25,2.0,8000.0,8000.0,"LINESTRING (-71.094731 42.3131576, -71.0950477 42.313373)"
7092,1388,1389,0.06124,0.25,2.0,2600.0,2600.0,"LINESTRING (-71.0948088 42.3135836, -71.0950477 42.313373)"
7093,1389,1388,0.06124,0.25,2.0,2600.0,2600.0,"LINESTRING (-71.0950477 42.313373, -71.0948088 42.3135836)"
7094,1176,1389,0.018938,0.25,2.0,2600.0,2600.0,"LINESTRING (-71.0951194 42.3133064, -71.0950477 42.313373)"
7095,1389,1176,0.018938,0.25,2.0,2600.0,2600.0,"LINESTRING (-71.0950477 42.313373, -71.0951194 42.3133064)"
7096,5462,5278,0.1198546666666666,0.25,2.0,8000.0,8000.0,"LINESTRING (-71.098221 42.3173504, -71.098248 42.3181594)"
7097,5538,194,0.141972,0.25,2.0,2600.0,2600.0,"LINESTRING (-71.095913 42.318203, -71.096421 42.317687)"
7098,194,5538,0.141972,0.25,2.0,2600.0,2600.0,"LINESTRING (-71.096421 42.317687, -71.095913 42.318203)"
7121,3302,3303,0.169076,0.25,2.0,2600.0,2600.0,"LINESTRING (-71.097701 42.316419, -71.097086 42.317028)"
7122,3303,3302,0.169076,0.25,2.0,2600.0,2600.0,"LINESTRING (-71.097086 42.317028, -71.097701 42.316419)"
7123,3946,3947,0.1608893333333333,0.25,2.0,8000.0,8000.0,"LINESTRING (-71.098344 42.31688, -71.0983086 42.3157941)"
7124,5387,5462,0.084272,0.25,2.0,8000.0,8000.0,"LINESTRING (-71.098219 42.3167814, -71.098221 42.3173504)"
7125,3302,3304,0.132306,0.25,2.0,2600.0,2600.0,"LINESTRING (-71.097701 42.316419, -71.0981762 42.3159389)"
7126,3304,3302,0.132306,0.25,2.0,2600.0,2600.0,"LINESTRING (-71.0981762 42.3159389, -71.097701 42.316419)"
7127,3304,5387,0.1247946666666666,0.25,2.0,8000.0,8000.0,"LINESTRING (-71.0981762 42.3159389, -71.098219 42.3167814)"
7128,3304,3947,0.038968,0.25,2.0,2600.0,2600.0,"LINESTRING (-71.0981762 42.3159389, -71.0983086 42.3157941)"
7129,3947,3304,0.038968,0.25,2.0,2600.0,2600.0,"LINESTRING (-71.0983086 42.3157941, -71.0981762 42.3159389)"
7130,195,3303,0.081376,0.25,2.0,2600.0,2600.0,"LINESTRING (-71.096799 42.317326, -71.097086 42.317028)"
7131,3303,195,0.081376,0.25,2.0,2600.0,2600.0,"LINESTRING (-71.097086 42.317028, -71.096799 42.317326)"
7132,194,195,0.101568,0.25,2.0,2600.0,2600.0,"LINESTRING (-71.096421 42.317687, -71.096799 42.317326)"
7133,195,194,0.101568,0.25,2.0,2600.0,2600.0,"LINESTRING (-71.096799 42.317326, -71.096421 42.317687)"
7134,894,895,0.1807946666666666,0.25,2.0,8000.0,8000.0,"LINESTRING (-71.098245 42.3183474, -71.0983008 42.3195672)"
7137,5278,894,0.0278466666666666,0.25,2.0,8000.0,8000.0,"LINESTRING (-71.098248 42.3181594, -71.098245 42.3183474)"
7142,2542,5538,0.170714,0.25,2.0,2600.0,2600.0,"LINESTRING (-71.095305 42.318825, -71.095913 42.318203)"
7143,5538,2542,0.170714,0.25,2.0,2600.0,2600.0,"LINESTRING (-71.095913 42.318203, -71.095305 42.318825)"
7144,2502,2504,0.094056,0.25,2.0,2600.0,2600.0,"LINESTRING (-71.0937025 42.3149704, -71.0938081 42.314554)"
7145,2504,2502,0.094056,0.25,2.0,2600.0,2600.0,"LINESTRING (-71.0938081 42.314554, -71.0937025 42.3149704)"
7146,2504,2505,0.095896,0.25,2.0,2600.0,2600.0,"LINESTRING (-71.0938081 42.314554, -71.0940715 42.3141689)"
7147,2505,2504,0.095896,0.25,2.0,2600.0,2600.0,"LINESTRING (-71.0940715 42.3141689, -71.0938081 42.314554)"
7148,2503,2755,0.101104,0.25,2.0,2600.0,2600.0,"LINESTRING (-71.093681 42.3150686, -71.093559 42.315515)"
7149,2755,2503,0.101104,0.25,2.0,2600.0,2600.0,"LINESTRING (-71.093559 42.315515, -71.093681 42.3150686)"
7150,2502,2503,0.022264,0.25,2.0,2600.0,2600.0,"LINESTRING (-71.0937025 42.3149704, -71.093681 42.3150686)"
7151,2503,2502,0.022264,0.25,2.0,2600.0,2600.0,"LINESTRING (-71.093681 42.3150686, -71.0937025 42.3149704)"
7152,2892,2935,0.155352,0.25,2.0,2600.0,2600.0,"LINESTRING (-71.091004 42.318268, -71.0912872 42.317601)"
7153,2935,2892,0.155352,0.25,2.0,2600.0,2600.0,"LINESTRING (-71.0912872 42.317601, -71.091004 42.318268)"
7154,3626,3645,0.11205,0.25,2.0,2600.0,2600.0,"LINESTRING (-71.0916219 42.3169959, -71.092293 42.316916)"
7155,3645,3626,0.11205,0.25,2.0,2600.0,2600.0,"LINESTRING (-71.092293 42.316916, -71.0916219 42.3169959)"
7156,2753,2754,0.090316,0.25,2.0,2600.0,2600.0,"LINESTRING (-71.093333 42.316152, -71.093183 42.316543)"
7157,2754,2753,0.090316,0.25,2.0,2600.0,2600.0,"LINESTRING (-71.093183 42.316543, -71.093333 42.316152)"
7158,3645,2754,0.168522,0.25,2.0,2600.0,2600.0,"LINESTRING (-71.092293 42.316916, -71.093183 42.316543)"
7159,2754,3645,0.168522,0.25,2.0,2600.0,2600.0,"LINESTRING (-71.093183 42.316543, -71.092293 42.316916)"
7160,3626,2935,0.145312,0.25,2.0,2600.0,2600.0,"LINESTRING (-71.0916219 42.3169959, -71.0912872 42.317601)"
7161,2935,3626,0.145312,0.25,2.0,2600.0,2600.0,"LINESTRING (-71.0912872 42.317601, -71.0916219 42.3169959)"
7162,2892,2893,0.2449999999999999,0.25,2.0,2600.0,2600.0,"LINESTRING (-71.091004 42.318268, -71.090238 42.319213)"
7163,2893,2892,0.2449999999999999,0.25,2.0,2600.0,2600.0,"LINESTRING (-71.090238 42.319213, -71.091004 42.318268)"
7164,707,708,0.2885626666666667,0.25,2.0,8000.0,8000.0,"LINESTRING (-71.0978007 42.3262952, -71.0969979 42.3281496)"
7165,708,711,0.157464,0.25,2.0,2600.0,2600.0,"LINESTRING (-71.0969979 42.3281496, -71.096139 42.3278401)"
7166,711,708,0.157464,0.25,2.0,2600.0,2600.0,"LINESTRING (-71.096139 42.3278401, -71.0969979 42.3281496)"
7167,1342,1343,0.248518,0.25,2.0,2600.0,2600.0,"LINESTRING (-71.099319 42.332276, -71.097892 42.3319148)"
7168,1343,1342,0.248518,0.25,2.0,2600.0,2600.0,"LINESTRING (-71.097892 42.3319148, -71.099319 42.332276)"
7169,1401,1403,0.350392,0.25,2.0,8000.0,8000.0,"LINESTRING (-71.098392 42.32256, -71.0982675 42.3249235)"
7170,1401,1404,0.449748,0.25,2.0,2600.0,2600.0,"LINESTRING (-71.098392 42.32256, -71.095782 42.321971)"
7171,1404,1401,0.449748,0.25,2.0,2600.0,2600.0,"LINESTRING (-71.095782 42.321971, -71.098392 42.32256)"
7172,709,2188,0.5014066666666667,0.25,2.0,8000.0,8000.0,"LINESTRING (-71.0971209 42.3281939, -71.0983942 42.3249434)"
7173,2955,2957,0.254762,0.25,2.0,2600.0,2600.0,"LINESTRING (-71.094982 42.328687, -71.0956752 42.3276619)"
7174,2957,2955,0.254762,0.25,2.0,2600.0,2600.0,"LINESTRING (-71.0956752 42.3276619, -71.094982 42.328687)"
7175,4935,4936,0.129608,0.25,2.0,2600.0,2600.0,"LINESTRING (-71.100101 42.328206, -71.099368 42.327995)"
7176,4936,4935,0.129608,0.25,2.0,2600.0,2600.0,"LINESTRING (-71.099368 42.327995, -71.100101 42.328206)"
7177,5075,5090,0.126368,0.25,2.0,2600.0,2600.0,"LINESTRING (-71.0979713 42.3305067, -71.0984786 42.3300813)"
7178,3798,4936,0.266382,0.25,2.0,2600.0,2600.0,"LINESTRING (-71.0989339 42.3291496, -71.099368 42.327995)"
7179,2188,1403,0.021358,0.25,2.0,2600.0,2600.0,"LINESTRING (-71.0983942 42.3249434, -71.0982675 42.3249235)"
7180,1403,2188,0.021358,0.25,2.0,2600.0,2600.0,"LINESTRING (-71.0982675 42.3249235, -71.0983942 42.3249434)"
7181,5277,1401,0.2871613333333333,0.25,2.0,8000.0,8000.0,"LINESTRING (-71.098313 42.3206224, -71.098392 42.32256)"
7232,435,436,0.296612,0.25,2.0,2600.0,2600.0,"LINESTRING (-71.1022834 42.326356, -71.1040589 42.3261419)"
7233,436,435,0.296612,0.25,2.0,2600.0,2600.0,"LINESTRING (-71.1040589 42.3261419, -71.1022834 42.326356)"
7234,3008,3009,0.119534,0.25,2.0,2600.0,2600.0,"LINESTRING (-71.1024889 42.3229244, -71.1017649 42.3228954)"
7235,3009,3008,0.119534,0.25,2.0,2600.0,2600.0,"LINESTRING (-71.1017649 42.3228954, -71.1024889 42.3229244)"
7236,2188,1402,0.3467666666666666,0.25,2.0,8000.0,8000.0,"LINESTRING (-71.0983942 42.3249434, -71.098535 42.322604)"
7299,1611,5172,0.141162,0.25,2.0,2600.0,2600.0,"LINESTRING (-71.1040391 42.3228285, -71.1048854 42.3227312)"
7300,5172,1611,0.141162,0.25,2.0,2600.0,2600.0,"LINESTRING (-71.1048854 42.3227312, -71.1040391 42.3228285)"
7303,5173,5174,0.110802,0.25,2.0,2600.0,2600.0,"LINESTRING (-71.1051691 42.3227029, -71.1058347 42.3226364)"
7304,5174,5173,0.110802,0.25,2.0,2600.0,2600.0,"LINESTRING (-71.1058347 42.3226364, -71.1051691 42.3227029)"
7305,5174,5175,0.12059,0.25,2.0,2600.0,2600.0,"LINESTRING (-71.1058347 42.3226364, -71.10656 42.3225639)"
7306,5175,5174,0.12059,0.25,2.0,2600.0,2600.0,"LINESTRING (-71.10656 42.3225639, -71.1058347 42.3226364)"
7307,5172,5173,0.047232,0.25,2.0,2600.0,2600.0,"LINESTRING (-71.1048854 42.3227312, -71.1051691 42.3227029)"
7308,5173,5172,0.047232,0.25,2.0,2600.0,2600.0,"LINESTRING (-71.1051691 42.3227029, -71.1048854 42.3227312)"
7309,1609,1610,0.12612,0.25,2.0,2600.0,2600.0,"LINESTRING (-71.1036533 42.3228729, -71.1028922 42.322931)"
7310,1610,1609,0.12612,0.25,2.0,2600.0,2600.0,"LINESTRING (-71.1028922 42.322931, -71.1036533 42.3228729)"
7311,1609,1611,0.064384,0.25,2.0,2600.0,2600.0,"LINESTRING (-71.1036533 42.3228729, -71.1040391 42.3228285)"
7312,1611,1609,0.064384,0.25,2.0,2600.0,2600.0,"LINESTRING (-71.1040391 42.3228285, -71.1036533 42.3228729)"
7313,3008,1610,0.066458,0.25,2.0,2600.0,2600.0,"LINESTRING (-71.1024889 42.3229244, -71.1028922 42.322931)"
7314,1610,3008,0.066458,0.25,2.0,2600.0,2600.0,"LINESTRING (-71.1028922 42.322931, -71.1024889 42.3229244)"
7315,436,3385,0.092834,0.25,2.0,2600.0,2600.0,"LINESTRING (-71.1040589 42.3261419, -71.1046187 42.3260976)"
7316,3385,436,0.092834,0.25,2.0,2600.0,2600.0,"LINESTRING (-71.1046187 42.3260976, -71.1040589 42.3261419)"
7323,3384,3385,0.097618,0.25,2.0,2600.0,2600.0,"LINESTRING (-71.105211 42.3261083, -71.1046187 42.3260976)"
7324,3385,3384,0.097618,0.25,2.0,2600.0,2600.0,"LINESTRING (-71.1046187 42.3260976, -71.105211 42.3261083)"
7325,1402,1788,0.130216,0.25,2.0,8000.0,8000.0,"LINESTRING (-71.098535 42.322604, -71.098473 42.321726)"
7326,1402,1789,0.340734,0.25,2.0,2600.0,2600.0,"LINESTRING (-71.098535 42.322604, -71.1005811 42.3228205)"
7327,1789,1402,0.340734,0.25,2.0,2600.0,2600.0,"LINESTRING (-71.1005811 42.3228205, -71.098535 42.322604)"
7328,1789,3011,0.316056,0.25,2.0,2600.0,2600.0,"LINESTRING (-71.1005811 42.3228205, -71.1014263 42.3215437)"
7329,3011,1789,0.316056,0.25,2.0,2600.0,2600.0,"LINESTRING (-71.1014263 42.3215437, -71.1005811 42.3228205)"
7330,3011,1131,0.315554,0.25,2.0,2600.0,2600.0,"LINESTRING (-71.1014263 42.3215437, -71.1024353 42.3203371)"
7331,1131,3011,0.315554,0.25,2.0,2600.0,2600.0,"LINESTRING (-71.1024353 42.3203371, -71.1014263 42.3215437)"
7332,3010,3009,0.067492,0.25,2.0,2600.0,2600.0,"LINESTRING (-71.101357 42.3228699, -71.1017649 42.3228954)"
7333,3009,3010,0.067492,0.25,2.0,2600.0,2600.0,"LINESTRING (-71.1017649 42.3228954, -71.101357 42.3228699)"
7334,3010,1789,0.128394,0.25,2.0,2600.0,2600.0,"LINESTRING (-71.101357 42.3228699, -71.1005811 42.3228205)"
7335,1789,3010,0.128394,0.25,2.0,2600.0,2600.0,"LINESTRING (-71.1005811 42.3228205, -71.101357 42.3228699)"
7336,412,3680,0.26769,0.25,2.0,2600.0,2600.0,"LINESTRING (-71.099309 42.320442, -71.099162 42.321642)"
7337,3680,412,0.26769,0.25,2.0,2600.0,2600.0,"LINESTRING (-71.099162 42.321642, -71.099309 42.320442)"
7338,1788,3892,0.1634093333333333,0.25,2.0,8000.0,8000.0,"LINESTRING (-71.098473 42.321726, -71.0984367 42.320623)"
7339,411,412,0.0784,0.25,2.0,2600.0,2600.0,"LINESTRING (-71.099343 42.32009, -71.099309 42.320442)"
7340,412,411,0.0784,0.25,2.0,2600.0,2600.0,"LINESTRING (-71.099309 42.320442, -71.099343 42.32009)"
7341,3680,1788,0.115114,0.25,2.0,2600.0,2600.0,"LINESTRING (-71.099162 42.321642, -71.098473 42.321726)"
7342,1788,3680,0.115114,0.25,2.0,2600.0,2600.0,"LINESTRING (-71.098473 42.321726, -71.099162 42.321642)"
7343,1401,1402,0.02552,0.25,2.0,2600.0,2600.0,"LINESTRING (-71.098392 42.32256, -71.098535 42.322604)"
7344,1402,1401,0.02552,0.25,2.0,2600.0,2600.0,"LINESTRING (-71.098535 42.322604, -71.098392 42.32256)"
7345,4593,4472,0.059788,0.25,2.0,2600.0,2600.0,"LINESTRING (-71.1004547 42.3262084, -71.10025 42.3259855)"
7346,4593,4591,0.03299,0.25,2.0,2600.0,2600.0,"LINESTRING (-71.1004547 42.3262084, -71.1002553 42.3262132)"
7347,4474,4596,0.017102,0.25,2.0,2600.0,2600.0,"LINESTRING (-71.1003624 42.3264537, -71.1004608 42.3264305)"
7348,4472,4591,0.050438,0.25,2.0,2600.0,2600.0,"LINESTRING (-71.10025 42.3259855, -71.1002553 42.3262132)"
7349,435,437,0.15551,0.25,2.0,2600.0,2600.0,"LINESTRING (-71.1022834 42.326356, -71.1013445 42.326423)"
7350,437,435,0.15551,0.25,2.0,2600.0,2600.0,"LINESTRING (-71.1013445 42.326423, -71.1022834 42.326356)"
7351,4597,437,0.068578,0.25,2.0,2600.0,2600.0,"LINESTRING (-71.1009284 42.3264221, -71.1013445 42.326423)"
7352,437,4597,0.068578,0.25,2.0,2600.0,2600.0,"LINESTRING (-71.1013445 42.326423, -71.1009284 42.3264221)"
7353,4596,4597,0.077012,0.25,2.0,2600.0,2600.0,"LINESTRING (-71.1004608 42.3264305, -71.1009284 42.3264221)"
7354,4596,4594,0.037886,0.25,2.0,2600.0,2600.0,"LINESTRING (-71.1004608 42.3264305, -71.1005236 42.3262669)"
7355,4597,4594,0.074976,0.25,2.0,2600.0,2600.0,"LINESTRING (-71.1009284 42.3264221, -71.1005236 42.3262669)"
7356,4594,4593,0.017356,0.25,2.0,2600.0,2600.0,"LINESTRING (-71.1005236 42.3262669, -71.1004547 42.3262084)"
7357,4473,2188,0.241148,0.25,2.0,2600.0,2600.0,"LINESTRING (-71.0997036 42.325426, -71.0983942 42.3249434)"
7358,2188,4473,0.241148,0.25,2.0,2600.0,2600.0,"LINESTRING (-71.0983942 42.3249434, -71.0997036 42.325426)"
7359,4471,4473,0.12335,0.25,2.0,2600.0,2600.0,"LINESTRING (-71.1001458 42.3258738, -71.0997036 42.325426)"
7360,4473,4471,0.12335,0.25,2.0,2600.0,2600.0,"LINESTRING (-71.0997036 42.325426, -71.1001458 42.3258738)"
7361,4471,4472,0.030218,0.25,2.0,2600.0,2600.0,"LINESTRING (-71.1001458 42.3258738, -71.10025 42.3259855)"
7362,4472,4471,0.030218,0.25,2.0,2600.0,2600.0,"LINESTRING (-71.10025 42.3259855, -71.1001458 42.3258738)"
7363,2298,2299,0.119774,0.25,2.0,2600.0,2600.0,"LINESTRING (-71.0996559 42.3270882, -71.0999136 42.3265838)"
7364,2299,2298,0.119774,0.25,2.0,2600.0,2600.0,"LINESTRING (-71.0999136 42.3265838, -71.0996559 42.3270882)"
7365,4936,2298,0.207016,0.25,2.0,2600.0,2600.0,"LINESTRING (-71.099368 42.327995, -71.0996559 42.3270882)"
7366,2299,2301,0.06337,0.25,2.0,2600.0,2600.0,"LINESTRING (-71.0999136 42.3265838, -71.1002098 42.3264023)"
7367,2301,2299,0.06337,0.25,2.0,2600.0,2600.0,"LINESTRING (-71.1002098 42.3264023, -71.0999136 42.3265838)"
7368,4869,2299,0.04516,0.25,2.0,2600.0,2600.0,"LINESTRING (-71.0998282 42.3263906, -71.0999136 42.3265838)"
7369,4591,4592,0.039488,0.25,2.0,2600.0,2600.0,"LINESTRING (-71.1002553 42.3262132, -71.1002 42.3263863)"
7370,2301,4474,0.027592,0.25,2.0,2600.0,2600.0,"LINESTRING (-71.1002098 42.3264023, -71.1003624 42.3264537)"
7371,4592,2301,0.003918,0.25,2.0,2600.0,2600.0,"LINESTRING (-71.1002 42.3263863, -71.1002098 42.3264023)"
7372,1456,1457,0.127312,0.25,2.0,2600.0,2600.0,"LINESTRING (-71.1019736 42.3332075, -71.1026688 42.3334575)"
7373,1457,1456,0.127312,0.25,2.0,2600.0,2600.0,"LINESTRING (-71.1026688 42.3334575, -71.1019736 42.3332075)"
7374,2711,2712,0.1155693333333333,0.25,2.0,8000.0,8000.0,"LINESTRING (-71.1024907 42.3349656, -71.1015327 42.3352879)"
7375,2713,1457,0.317968,0.25,2.0,2600.0,2600.0,"LINESTRING (-71.1018622 42.3347576, -71.1026688 42.3334575)"
7376,2476,1828,0.44,0.25,2.0,8000.0,8000.0,"LINESTRING (-71.1013367 42.3355305, -71.10491 42.33419)"
7391,1828,1830,0.257356,0.25,2.0,2600.0,2600.0,"LINESTRING (-71.10491 42.33419, -71.1060859 42.3349524)"
7392,1830,1828,0.257356,0.25,2.0,2600.0,2600.0,"LINESTRING (-71.1060859 42.3349524, -71.10491 42.33419)"
7393,1822,4841,0.053006,0.25,2.0,2600.0,2600.0,"LINESTRING (-71.1045465 42.3340079, -71.1042309 42.3339599)"
7394,4841,1821,0.07821,0.25,2.0,2600.0,2600.0,"LINESTRING (-71.1042309 42.3339599, -71.1046447 42.334132)"
7395,1821,2711,0.266988,0.25,2.0,8000.0,8000.0,"LINESTRING (-71.1046447 42.334132, -71.1024907 42.3349656)"
7400,1828,1829,0.0991453333333333,0.25,2.0,8000.0,8000.0,"LINESTRING (-71.10491 42.33419, -71.1056194 42.3337762)"
7401,1829,1820,0.0927186666666666,0.25,2.0,8000.0,8000.0,"LINESTRING (-71.1056194 42.3337762, -71.104863 42.334054)"
7402,1829,2466,0.0819893333333333,0.25,2.0,8000.0,8000.0,"LINESTRING (-71.1056194 42.3337762, -71.106223 42.3334514)"
7403,2466,1829,0.0819893333333333,0.25,2.0,8000.0,8000.0,"LINESTRING (-71.106223 42.3334514, -71.1056194 42.3337762)"
7404,1820,1821,0.0265959999999999,0.25,2.0,8000.0,8000.0,"LINESTRING (-71.104863 42.334054, -71.1046447 42.334132)"
7405,1820,1822,0.053242,0.25,2.0,2600.0,2600.0,"LINESTRING (-71.104863 42.334054, -71.1045465 42.3340079)"
7406,1828,1821,0.045542,0.25,2.0,2600.0,2600.0,"LINESTRING (-71.10491 42.33419, -71.1046447 42.334132)"
7407,1821,1828,0.045542,0.25,2.0,2600.0,2600.0,"LINESTRING (-71.1046447 42.334132, -71.10491 42.33419)"
7410,4841,4873,0.161816,0.25,2.0,2600.0,2600.0,"LINESTRING (-71.1042309 42.3339599, -71.103327 42.333676)"
7411,4873,4841,0.161816,0.25,2.0,2600.0,2600.0,"LINESTRING (-71.103327 42.333676, -71.1042309 42.3339599)"
7412,1457,4873,0.118782,0.25,2.0,2600.0,2600.0,"LINESTRING (-71.1026688 42.3334575, -71.103327 42.333676)"
7413,4873,1457,0.118782,0.25,2.0,2600.0,2600.0,"LINESTRING (-71.103327 42.333676, -71.1026688 42.3334575)"
7414,4935,2455,0.388752,0.25,2.0,2600.0,2600.0,"LINESTRING (-71.100101 42.328206, -71.10229 42.328857)"
7415,2455,4935,0.388752,0.25,2.0,2600.0,2600.0,"LINESTRING (-71.10229 42.328857, -71.100101 42.328206)"
7416,3797,3798,0.121782,0.25,2.0,2600.0,2600.0,"LINESTRING (-71.0987735 42.3296847, -71.0989339 42.3291496)"
7417,5090,3797,0.10044,0.25,2.0,2600.0,2600.0,"LINESTRING (-71.0984786 42.3300813, -71.0987735 42.3296847)"
7418,1340,1341,0.100078,0.25,2.0,2600.0,2600.0,"LINESTRING (-71.1000407 42.3324859, -71.1005832 42.3326889)"
7419,1341,1340,0.100078,0.25,2.0,2600.0,2600.0,"LINESTRING (-71.1005832 42.3326889, -71.1000407 42.3324859)"
7420,2474,2109,0.10782,0.25,2.0,2600.0,2600.0,"LINESTRING (-71.1009034 42.336152, -71.1003223 42.3359287)"
7421,2109,2474,0.10782,0.25,2.0,2600.0,2600.0,"LINESTRING (-71.1003223 42.3359287, -71.1009034 42.336152)"
7422,2109,2476,0.126152,0.25,2.0,8000.0,8000.0,"LINESTRING (-71.1003223 42.3359287, -71.1013367 42.3355305)"
7423,4188,4190,0.143562,0.25,2.0,2600.0,2600.0,"LINESTRING (-71.1004273 42.3343746, -71.1000575 42.3349599)"
7424,4190,4188,0.143562,0.25,2.0,2600.0,2600.0,"LINESTRING (-71.1000575 42.3349599, -71.1004273 42.3343746)"
7425,2712,2107,0.1787066666666666,0.25,2.0,8000.0,8000.0,"LINESTRING (-71.1015327 42.3352879, -71.1000797 42.3358301)"
7426,4189,1458,0.321262,0.25,2.0,2600.0,2600.0,"LINESTRING (-71.1004855 42.3342825, -71.1013195 42.3329762)"
7427,1458,4189,0.321262,0.25,2.0,2600.0,2600.0,"LINESTRING (-71.1013195 42.3329762, -71.1004855 42.3342825)"
7448,1456,1458,0.119638,0.25,2.0,2600.0,2600.0,"LINESTRING (-71.1019736 42.3332075, -71.1013195 42.3329762)"
7449,1458,1456,0.119638,0.25,2.0,2600.0,2600.0,"LINESTRING (-71.1013195 42.3329762, -71.1019736 42.3332075)"
7456,1458,1341,0.137054,0.25,2.0,2600.0,2600.0,"LINESTRING (-71.1013195 42.3329762, -71.1005832 42.3326889)"
7457,1341,1458,0.137054,0.25,2.0,2600.0,2600.0,"LINESTRING (-71.1005832 42.3326889, -71.1013195 42.3329762)"
7458,2713,2712,0.129632,0.25,2.0,2600.0,2600.0,"LINESTRING (-71.1018622 42.3347576, -71.1015327 42.3352879)"
7459,4188,4189,0.022564,0.25,2.0,2600.0,2600.0,"LINESTRING (-71.1004273 42.3343746, -71.1004855 42.3342825)"
7460,4189,4188,0.022564,0.25,2.0,2600.0,2600.0,"LINESTRING (-71.1004855 42.3342825, -71.1004273 42.3343746)"
7461,2474,2475,0.015022,0.25,2.0,2600.0,2600.0,"LINESTRING (-71.1009034 42.336152, -71.1009841 42.336183)"
7462,2475,2474,0.015022,0.25,2.0,2600.0,2600.0,"LINESTRING (-71.1009841 42.336183, -71.1009034 42.336152)"
7463,1340,1342,0.12783,0.25,2.0,2600.0,2600.0,"LINESTRING (-71.1000407 42.3324859, -71.099319 42.332276)"
7464,1342,1340,0.12783,0.25,2.0,2600.0,2600.0,"LINESTRING (-71.099319 42.332276, -71.1000407 42.3324859)"
7465,2107,2110,0.0971533333333333,0.25,2.0,8000.0,8000.0,"LINESTRING (-71.1000797 42.3358301, -71.0993119 42.3361549)"
7466,3339,3340,0.080242,0.25,2.0,2600.0,2600.0,"LINESTRING (-71.09982 42.3353816, -71.1000025 42.335047)"
7467,3340,4447,0.143848,0.25,2.0,2600.0,2600.0,"LINESTRING (-71.1000025 42.335047, -71.0995572 42.3356035)"
7468,4447,5313,0.101182,0.25,2.0,2600.0,2600.0,"LINESTRING (-71.0995572 42.3356035, -71.0992711 42.3360068)"
7469,5313,4447,0.101182,0.25,2.0,2600.0,2600.0,"LINESTRING (-71.0992711 42.3360068, -71.0995572 42.3356035)"
7470,3340,4190,0.021348,0.25,2.0,2600.0,2600.0,"LINESTRING (-71.1000025 42.335047, -71.1000575 42.3349599)"
7471,4190,3340,0.021348,0.25,2.0,2600.0,2600.0,"LINESTRING (-71.1000575 42.3349599, -71.1000025 42.335047)"
7472,2108,3339,0.09225,0.25,2.0,2600.0,2600.0,"LINESTRING (-71.0999755 42.3357813, -71.09982 42.3353816)"
7473,2108,4447,0.07933,0.25,2.0,2600.0,2600.0,"LINESTRING (-71.0999755 42.3357813, -71.0995572 42.3356035)"
7474,4447,2108,0.07933,0.25,2.0,2600.0,2600.0,"LINESTRING (-71.0995572 42.3356035, -71.0999755 42.3357813)"
7475,2107,2109,0.04555,0.25,2.0,2600.0,2600.0,"LINESTRING (-71.1000797 42.3358301, -71.1003223 42.3359287)"
7476,2109,2107,0.04555,0.25,2.0,2600.0,2600.0,"LINESTRING (-71.1003223 42.3359287, -71.1000797 42.3358301)"
7477,2107,2108,0.020446,0.25,2.0,2600.0,2600.0,"LINESTRING (-71.1000797 42.3358301, -71.0999755 42.3357813)"
7478,2108,2107,0.020446,0.25,2.0,2600.0,2600.0,"LINESTRING (-71.0999755 42.3357813, -71.1000797 42.3358301)"
7479,4447,3339,0.065662,0.25,2.0,2600.0,2600.0,"LINESTRING (-71.0995572 42.3356035, -71.09982 42.3353816)"
7480,5313,2110,0.033566,0.25,2.0,2600.0,2600.0,"LINESTRING (-71.0992711 42.3360068, -71.0993119 42.3361549)"
7481,2539,5212,0.303978,0.25,2.0,2600.0,2600.0,"LINESTRING (-71.09391 42.321246, -71.095398 42.322054)"
7482,5212,2539,0.303978,0.25,2.0,2600.0,2600.0,"LINESTRING (-71.095398 42.322054, -71.09391 42.321246)"
7483,5389,5111,0.169162,0.25,2.0,2600.0,2600.0,"LINESTRING (-71.094628 42.3273496, -71.0936653 42.3270868)"
7484,5111,5389,0.169162,0.25,2.0,2600.0,2600.0,"LINESTRING (-71.0936653 42.3270868, -71.094628 42.3273496)"
7489,1404,5212,0.065938,0.25,2.0,2600.0,2600.0,"LINESTRING (-71.095782 42.321971, -71.095398 42.322054)"
7490,5212,1404,0.065938,0.25,2.0,2600.0,2600.0,"LINESTRING (-71.095398 42.322054, -71.095782 42.321971)"
7491,4444,4445,0.058212,0.25,2.0,2600.0,2600.0,"LINESTRING (-71.0966415 42.325982, -71.0965272 42.3262302)"
7492,4445,4444,0.058212,0.25,2.0,2600.0,2600.0,"LINESTRING (-71.0965272 42.3262302, -71.0966415 42.325982)"
7493,1403,707,0.2094133333333333,0.25,2.0,8000.0,8000.0,"LINESTRING (-71.0982675 42.3249235, -71.0978007 42.3262952)"
7494,4445,2957,0.347758,0.25,2.0,2600.0,2600.0,"LINESTRING (-71.0965272 42.3262302, -71.0956752 42.3276619)"
7495,2957,4445,0.347758,0.25,2.0,2600.0,2600.0,"LINESTRING (-71.0956752 42.3276619, -71.0965272 42.3262302)"
7496,4446,5370,0.189398,0.25,2.0,2600.0,2600.0,"LINESTRING (-71.0969397 42.3254904, -71.0976989 42.3248504)"
7497,5370,4446,0.189398,0.25,2.0,2600.0,2600.0,"LINESTRING (-71.0976989 42.3248504, -71.0969397 42.3254904)"
7498,1403,5370,0.09507,0.25,2.0,2600.0,2600.0,"LINESTRING (-71.0982675 42.3249235, -71.0976989 42.3248504)"
7499,5370,1403,0.09507,0.25,2.0,2600.0,2600.0,"LINESTRING (-71.0976989 42.3248504, -71.0982675 42.3249235)"
7500,4444,4446,0.1199019999999999,0.25,2.0,2600.0,2600.0,"LINESTRING (-71.0966415 42.325982, -71.0969397 42.3254904)"
7501,4446,4444,0.1199019999999999,0.25,2.0,2600.0,2600.0,"LINESTRING (-71.0969397 42.3254904, -71.0966415 42.325982)"
7502,2957,5389,0.185994,0.25,2.0,2600.0,2600.0,"LINESTRING (-71.0956752 42.3276619, -71.094628 42.3273496)"
7503,5389,2957,0.185994,0.25,2.0,2600.0,2600.0,"LINESTRING (-71.094628 42.3273496, -71.0956752 42.3276619)"
7504,711,2957,0.086108,0.25,2.0,2600.0,2600.0,"LINESTRING (-71.096139 42.3278401, -71.0956752 42.3276619)"
7505,2957,711,0.086108,0.25,2.0,2600.0,2600.0,"LINESTRING (-71.0956752 42.3276619, -71.096139 42.3278401)"
7506,2540,2537,0.08742,0.25,2.0,2600.0,2600.0,"LINESTRING (-71.092476 42.321307, -71.092089 42.321576)"
7507,2537,2540,0.08742,0.25,2.0,2600.0,2600.0,"LINESTRING (-71.092089 42.321576, -71.092476 42.321307)"
7512,2538,2539,0.160258,0.25,2.0,2600.0,2600.0,"LINESTRING (-71.093146 42.3208, -71.09391 42.321246)"
7513,2539,2538,0.160258,0.25,2.0,2600.0,2600.0,"LINESTRING (-71.09391 42.321246, -71.093146 42.3208)"
7514,2538,2540,0.15776,0.25,2.0,2600.0,2600.0,"LINESTRING (-71.093146 42.3208, -71.092476 42.321307)"
7515,2540,2538,0.15776,0.25,2.0,2600.0,2600.0,"LINESTRING (-71.092476 42.321307, -71.093146 42.3208)"
7516,2538,2541,0.218982,0.25,2.0,2600.0,2600.0,"LINESTRING (-71.093146 42.3208, -71.09404 42.320071)"
7517,2541,2538,0.218982,0.25,2.0,2600.0,2600.0,"LINESTRING (-71.09404 42.320071, -71.093146 42.3208)"
7526,1896,2537,0.03549,0.25,2.0,2600.0,2600.0,"LINESTRING (-71.091941 42.321692, -71.092089 42.321576)"
7527,2537,1896,0.03549,0.25,2.0,2600.0,2600.0,"LINESTRING (-71.092089 42.321576, -71.091941 42.321692)"
7528,3377,3378,0.26526,0.25,2.0,2600.0,2600.0,"LINESTRING (-71.0918057 42.3260094, -71.0929177 42.3268717)"
7529,3378,3377,0.26526,0.25,2.0,2600.0,2600.0,"LINESTRING (-71.0929177 42.3268717, -71.0918057 42.3260094)"
7530,3378,5111,0.132082,0.25,2.0,2600.0,2600.0,"LINESTRING (-71.0929177 42.3268717, -71.0936653 42.3270868)"
7531,5111,3378,0.132082,0.25,2.0,2600.0,2600.0,"LINESTRING (-71.0936653 42.3270868, -71.0929177 42.3268717)"
7532,3377,3380,0.278248,0.25,2.0,2600.0,2600.0,"LINESTRING (-71.0918057 42.3260094, -71.0908193 42.3249931)"
7533,3380,3377,0.278248,0.25,2.0,2600.0,2600.0,"LINESTRING (-71.0908193 42.3249931, -71.0918057 42.3260094)"
7534,1817,1818,0.259604,0.25,2.0,8000.0,8000.0,"LINESTRING (-71.094082 42.331699, -71.0923294 42.3328739)"
7535,2004,2005,0.3284106666666667,0.25,2.0,8000.0,8000.0,"LINESTRING (-71.0924022 42.3329474, -71.0945931 42.3314388)"
7536,2703,4187,0.250504,0.25,2.0,2600.0,2600.0,"LINESTRING (-71.0971502 42.3317848, -71.0964253 42.3327761)"
7537,4187,2703,0.250504,0.25,2.0,2600.0,2600.0,"LINESTRING (-71.0964253 42.3327761, -71.0971502 42.3317848)"
7538,5087,710,0.095584,0.25,2.0,2600.0,2600.0,"LINESTRING (-71.093806 42.331331, -71.0943757 42.3314096)"
7539,710,5087,0.095584,0.25,2.0,2600.0,2600.0,"LINESTRING (-71.0943757 42.3314096, -71.093806 42.331331)"
7540,710,1817,0.053628,0.25,2.0,8000.0,8000.0,"LINESTRING (-71.0943757 42.3314096, -71.094082 42.331699)"
7541,2956,5124,0.133504,0.25,2.0,2600.0,2600.0,"LINESTRING (-71.0945365 42.3290762, -71.093921 42.3294669)"
7542,5124,2956,0.133504,0.25,2.0,2600.0,2600.0,"LINESTRING (-71.093921 42.3294669, -71.0945365 42.3290762)"
7571,708,710,0.562272,0.25,2.0,8000.0,8000.0,"LINESTRING (-71.0969979 42.3281496, -71.0943757 42.3314096)"
7572,2703,4185,0.169412,0.25,2.0,2600.0,2600.0,"LINESTRING (-71.0971502 42.3317848, -71.0961378 42.3316519)"
7573,4185,2703,0.169412,0.25,2.0,2600.0,2600.0,"LINESTRING (-71.0961378 42.3316519, -71.0971502 42.3317848)"
7574,2005,709,0.5551240000000001,0.25,2.0,8000.0,8000.0,"LINESTRING (-71.0945931 42.3314388, -71.0971209 42.3281939)"
7575,708,709,0.022508,0.25,2.0,2600.0,2600.0,"LINESTRING (-71.0969979 42.3281496, -71.0971209 42.3281939)"
7576,709,708,0.022508,0.25,2.0,2600.0,2600.0,"LINESTRING (-71.0971209 42.3281939, -71.0969979 42.3281496)"
7577,1344,2703,0.097796,0.25,2.0,2600.0,2600.0,"LINESTRING (-71.0977288 42.3318812, -71.0971502 42.3317848)"
7578,2703,1344,0.097796,0.25,2.0,2600.0,2600.0,"LINESTRING (-71.0971502 42.3317848, -71.0977288 42.3318812)"
7579,2703,4186,0.188176,0.25,2.0,2600.0,2600.0,"LINESTRING (-71.0971502 42.3317848, -71.097501 42.330979)"
7580,5074,5075,0.068132,0.25,2.0,2600.0,2600.0,"LINESTRING (-71.0976522 42.3307015, -71.0979713 42.3305067)"
7581,4186,5074,0.066382,0.25,2.0,2600.0,2600.0,"LINESTRING (-71.097501 42.330979, -71.0976522 42.3307015)"
7582,1343,1344,0.02791,0.25,2.0,2600.0,2600.0,"LINESTRING (-71.097892 42.3319148, -71.0977288 42.3318812)"
7583,1344,1343,0.02791,0.25,2.0,2600.0,2600.0,"LINESTRING (-71.0977288 42.3318812, -71.097892 42.3319148)"
7584,2955,2956,0.113462,0.25,2.0,2600.0,2600.0,"LINESTRING (-71.094982 42.328687, -71.0945365 42.3290762)"
7585,2956,2955,0.113462,0.25,2.0,2600.0,2600.0,"LINESTRING (-71.0945365 42.3290762, -71.094982 42.328687)"
7586,4185,2005,0.259034,0.25,2.0,2600.0,2600.0,"LINESTRING (-71.0961378 42.3316519, -71.0945931 42.3314388)"
7587,2005,4185,0.259034,0.25,2.0,2600.0,2600.0,"LINESTRING (-71.0945931 42.3314388, -71.0961378 42.3316519)"
7588,710,2005,0.036346,0.25,2.0,2600.0,2600.0,"LINESTRING (-71.0943757 42.3314096, -71.0945931 42.3314388)"
7589,2005,710,0.036346,0.25,2.0,2600.0,2600.0,"LINESTRING (-71.0945931 42.3314388, -71.0943757 42.3314096)"
7590,4191,4192,0.092428,0.25,2.0,2600.0,2600.0,"LINESTRING (-71.0963634 42.3328644, -71.0961036 42.3332331)"
7591,4192,4191,0.092428,0.25,2.0,2600.0,2600.0,"LINESTRING (-71.0961036 42.3332331, -71.0963634 42.3328644)"
7592,5067,5057,0.075914,0.25,2.0,2600.0,2600.0,"LINESTRING (-71.095301 42.334385, -71.095519 42.334084)"
7593,5057,5067,0.075914,0.25,2.0,2600.0,2600.0,"LINESTRING (-71.095519 42.334084, -71.095301 42.334385)"
7604,4191,4187,0.02206,0.25,2.0,2600.0,2600.0,"LINESTRING (-71.0963634 42.3328644, -71.0964253 42.3327761)"
7605,4187,4191,0.02206,0.25,2.0,2600.0,2600.0,"LINESTRING (-71.0964253 42.3327761, -71.0963634 42.3328644)"
7606,5056,5057,0.154632,0.25,2.0,2600.0,2600.0,"LINESTRING (-71.0959478 42.333465, -71.095519 42.334084)"
7607,5057,5056,0.154632,0.25,2.0,2600.0,2600.0,"LINESTRING (-71.095519 42.334084, -71.0959478 42.333465)"
7608,5056,4192,0.0576,0.25,2.0,2600.0,2600.0,"LINESTRING (-71.0959478 42.333465, -71.0961036 42.3332331)"
7609,4192,5056,0.0576,0.25,2.0,2600.0,2600.0,"LINESTRING (-71.0961036 42.3332331, -71.0959478 42.333465)"
7610,5067,3287,0.099806,0.25,2.0,2600.0,2600.0,"LINESTRING (-71.095301 42.334385, -71.095028 42.334786)"
7611,3287,5067,0.099806,0.25,2.0,2600.0,2600.0,"LINESTRING (-71.095028 42.334786, -71.095301 42.334385)"
7618,3286,3287,0.091654,0.25,2.0,2600.0,2600.0,"LINESTRING (-71.0947738 42.3351533, -71.095028 42.334786)"
7619,3287,3286,0.091654,0.25,2.0,2600.0,2600.0,"LINESTRING (-71.095028 42.334786, -71.0947738 42.3351533)"
7620,5092,5386,0.217576,0.25,2.0,2600.0,2600.0,"LINESTRING (-71.0919535 42.3299416, -71.0932195 42.3296652)"
7621,5386,5092,0.217576,0.25,2.0,2600.0,2600.0,"LINESTRING (-71.0932195 42.3296652, -71.0919535 42.3299416)"
7636,5386,5124,0.123798,0.25,2.0,2600.0,2600.0,"LINESTRING (-71.0932195 42.3296652, -71.093921 42.3294669)"
7637,5124,5386,0.123798,0.25,2.0,2600.0,2600.0,"LINESTRING (-71.093921 42.3294669, -71.0932195 42.3296652)"
7642,5080,5087,0.147376,0.25,2.0,2600.0,2600.0,"LINESTRING (-71.0929137 42.3312857, -71.093806 42.331331)"
7643,5087,5080,0.147376,0.25,2.0,2600.0,2600.0,"LINESTRING (-71.093806 42.331331, -71.0929137 42.3312857)"
7644,5087,1817,0.09356,0.25,2.0,2600.0,2600.0,"LINESTRING (-71.093806 42.331331, -71.094082 42.331699)"
7645,2009,2010,0.047884,0.25,2.0,2600.0,2600.0,"LINESTRING (-71.0911621 42.3300969, -71.091441 42.330037)"
7646,2009,2011,0.037626,0.25,2.0,2600.0,2600.0,"LINESTRING (-71.0911621 42.3300969, -71.091219 42.329933)"
7647,2011,313,0.17993,0.25,2.0,2600.0,2600.0,"LINESTRING (-71.091219 42.329933, -71.090221 42.329605)"
7648,2010,5092,0.086998,0.25,2.0,2600.0,2600.0,"LINESTRING (-71.091441 42.330037, -71.0919535 42.3299416)"
7649,5092,2010,0.086998,0.25,2.0,2600.0,2600.0,"LINESTRING (-71.0919535 42.3299416, -71.091441 42.330037)"
7650,2010,2011,0.043278,0.25,2.0,2600.0,2600.0,"LINESTRING (-71.091441 42.330037, -71.091219 42.329933)"
7651,2196,3289,0.062044,0.25,2.0,2600.0,2600.0,"LINESTRING (-71.0913272 42.3360604, -71.090996 42.3359269)"
7652,3289,2196,0.062044,0.25,2.0,2600.0,2600.0,"LINESTRING (-71.090996 42.3359269, -71.0913272 42.3360604)"
7656,1333,1334,0.020636,0.25,2.0,2600.0,2600.0,"LINESTRING (-71.0819549 42.3180318, -71.082072 42.318065)"
7659,2611,1334,0.321006,0.25,2.0,2600.0,2600.0,"LINESTRING (-71.081545 42.319456, -71.082072 42.318065)"
7660,2991,1333,0.032852,0.25,2.0,2600.0,2600.0,"LINESTRING (-71.0820297 42.3178949, -71.0819549 42.3180318)"
7668,3776,5243,0.185968,0.25,2.0,2600.0,2600.0,"LINESTRING (-71.08285 42.316362, -71.08181 42.316038)"
7669,5243,3776,0.185968,0.25,2.0,2600.0,2600.0,"LINESTRING (-71.08181 42.316038, -71.08285 42.316362)"
7821,2748,2809,0.138046,0.25,2.0,2600.0,2600.0,"LINESTRING (-71.086187 42.318414, -71.086042 42.319026)"
7822,2809,2748,0.138046,0.25,2.0,2600.0,2600.0,"LINESTRING (-71.086042 42.319026, -71.086187 42.318414)"
7823,3777,3914,0.169412,0.25,2.0,2600.0,2600.0,"LINESTRING (-71.083016 42.3160807, -71.083304 42.315349)"
7824,3914,3777,0.169412,0.25,2.0,2600.0,2600.0,"LINESTRING (-71.083304 42.315349, -71.083016 42.3160807)"
7825,1158,330,0.315842,0.25,2.0,2600.0,2600.0,"LINESTRING (-71.087343 42.315828, -71.088331 42.31461)"
7826,330,1158,0.315842,0.25,2.0,2600.0,2600.0,"LINESTRING (-71.088331 42.31461, -71.087343 42.315828)"
7843,329,334,0.191722,0.25,2.0,2600.0,2600.0,"LINESTRING (-71.088806 42.314009, -71.089402 42.3132681)"
7844,334,329,0.191722,0.25,2.0,2600.0,2600.0,"LINESTRING (-71.089402 42.3132681, -71.088806 42.314009)"
7849,1929,334,0.16653,0.25,2.0,2600.0,2600.0,"LINESTRING (-71.08993 42.312629, -71.089402 42.3132681)"
7850,334,1929,0.16653,0.25,2.0,2600.0,2600.0,"LINESTRING (-71.089402 42.3132681, -71.08993 42.312629)"
7855,329,330,0.154792,0.25,2.0,2600.0,2600.0,"LINESTRING (-71.088806 42.314009, -71.088331 42.31461)"
7856,330,329,0.154792,0.25,2.0,2600.0,2600.0,"LINESTRING (-71.088331 42.31461, -71.088806 42.314009)"
7857,2749,3420,0.1569,0.25,2.0,2600.0,2600.0,"LINESTRING (-71.086225 42.318237, -71.086361 42.317538)"
7858,3420,2749,0.1569,0.25,2.0,2600.0,2600.0,"LINESTRING (-71.086361 42.317538, -71.086225 42.318237)"
7859,1156,1157,0.162666,0.25,2.0,2600.0,2600.0,"LINESTRING (-71.0869087 42.3163836, -71.086508 42.317053)"
7860,1157,1156,0.162666,0.25,2.0,2600.0,2600.0,"LINESTRING (-71.086508 42.317053, -71.0869087 42.3163836)"
7861,1156,1158,0.14275,0.25,2.0,2600.0,2600.0,"LINESTRING (-71.0869087 42.3163836, -71.087343 42.315828)"
7862,1158,1156,0.14275,0.25,2.0,2600.0,2600.0,"LINESTRING (-71.087343 42.315828, -71.0869087 42.3163836)"
7863,3420,1157,0.11044,0.25,2.0,2600.0,2600.0,"LINESTRING (-71.086361 42.317538, -71.086508 42.317053)"
7864,1157,3420,0.11044,0.25,2.0,2600.0,2600.0,"LINESTRING (-71.086508 42.317053, -71.086361 42.317538)"
7865,2748,2749,0.039818,0.25,2.0,2600.0,2600.0,"LINESTRING (-71.086187 42.318414, -71.086225 42.318237)"
7866,2749,2748,0.039818,0.25,2.0,2600.0,2600.0,"LINESTRING (-71.086225 42.318237, -71.086187 42.318414)"
7867,4951,5512,0.114882,0.25,2.0,2600.0,2600.0,"LINESTRING (-71.083711 42.31406, -71.0836481 42.313545)"
7868,5512,4951,0.114882,0.25,2.0,2600.0,2600.0,"LINESTRING (-71.0836481 42.313545, -71.083711 42.31406)"
7877,639,641,0.150182,0.25,2.0,2600.0,2600.0,"LINESTRING (-71.083335 42.312794, -71.082972 42.312174)"
7878,641,639,0.150182,0.25,2.0,2600.0,2600.0,"LINESTRING (-71.082972 42.312174, -71.083335 42.312794)"
7883,639,640,0.094212,0.25,2.0,2600.0,2600.0,"LINESTRING (-71.083335 42.312794, -71.083553 42.313186)"
7884,640,639,0.094212,0.25,2.0,2600.0,2600.0,"LINESTRING (-71.083553 42.313186, -71.083335 42.312794)"
7885,640,5512,0.081278,0.25,2.0,2600.0,2600.0,"LINESTRING (-71.083553 42.313186, -71.0836481 42.313545)"
7886,5512,640,0.081278,0.25,2.0,2600.0,2600.0,"LINESTRING (-71.0836481 42.313545, -71.083553 42.313186)"
7895,4950,4952,0.124138,0.25,2.0,2600.0,2600.0,"LINESTRING (-71.083715 42.314213, -71.083543 42.314757)"
7896,4952,4950,0.124138,0.25,2.0,2600.0,2600.0,"LINESTRING (-71.083543 42.314757, -71.083715 42.314213)"
7897,4950,4951,0.033996,0.25,2.0,2600.0,2600.0,"LINESTRING (-71.083715 42.314213, -71.083711 42.31406)"
7898,4951,4950,0.033996,0.25,2.0,2600.0,2600.0,"LINESTRING (-71.083711 42.31406, -71.083715 42.314213)"
7899,4952,3914,0.137294,0.25,2.0,2600.0,2600.0,"LINESTRING (-71.083543 42.314757, -71.083304 42.315349)"
7900,3914,4952,0.137294,0.25,2.0,2600.0,2600.0,"LINESTRING (-71.083304 42.315349, -71.083543 42.314757)"
7901,1334,1336,0.694736,0.25,2.0,2600.0,2600.0,"LINESTRING (-71.082072 42.318065, -71.086017 42.319164)"
7902,1335,2992,0.152354,0.25,2.0,2600.0,2600.0,"LINESTRING (-71.082134 42.317927, -71.082483 42.317292)"
7903,3409,2991,0.076638,0.25,2.0,2600.0,2600.0,"LINESTRING (-71.0821821 42.3175685, -71.0820297 42.3178949)"
7904,2809,1335,0.68903,0.25,2.0,2600.0,2600.0,"LINESTRING (-71.086042 42.319026, -71.082134 42.317927)"
7905,1336,5202,0.148342,0.25,2.0,2600.0,2600.0,"LINESTRING (-71.086017 42.319164, -71.085975 42.319831)"
7906,5202,1336,0.148342,0.25,2.0,2600.0,2600.0,"LINESTRING (-71.085975 42.319831, -71.086017 42.319164)"
7907,2809,1336,0.030934,0.25,2.0,2600.0,2600.0,"LINESTRING (-71.086042 42.319026, -71.086017 42.319164)"
7908,1336,2809,0.030934,0.25,2.0,2600.0,2600.0,"LINESTRING (-71.086017 42.319164, -71.086042 42.319026)"
7909,2992,3291,0.216034,0.25,2.0,2600.0,2600.0,"LINESTRING (-71.082483 42.317292, -71.082952 42.316384)"
7910,3291,3777,0.068136,0.25,2.0,2600.0,2600.0,"LINESTRING (-71.082952 42.316384, -71.083016 42.3160807)"
7911,3777,3776,0.068162,0.25,2.0,2600.0,2600.0,"LINESTRING (-71.083016 42.3160807, -71.08285 42.316362)"
7912,3776,3409,0.289884,0.25,2.0,2600.0,2600.0,"LINESTRING (-71.08285 42.316362, -71.0821821 42.3175685)"
7913,3291,3776,0.017514,0.25,2.0,2600.0,2600.0,"LINESTRING (-71.082952 42.316384, -71.08285 42.316362)"
7914,3776,3291,0.017514,0.25,2.0,2600.0,2600.0,"LINESTRING (-71.08285 42.316362, -71.082952 42.316384)"
7915,1334,1335,0.032318,0.25,2.0,2600.0,2600.0,"LINESTRING (-71.082072 42.318065, -71.082134 42.317927)"
7916,1335,2991,0.018562,0.25,2.0,2600.0,2600.0,"LINESTRING (-71.082134 42.317927, -71.0820297 42.3178949)"
8,2152,3072,0.431429,0.25,2.0,13200.0,13200.0,"LINESTRING (-71.0378771 42.3467748, -71.0428079 42.3480812)"
8003,3461,3463,0.21751,0.25,2.0,2600.0,2600.0,"LINESTRING (-71.077728 42.314062, -71.078823 42.314608)"
8004,3463,3461,0.21751,0.25,2.0,2600.0,2600.0,"LINESTRING (-71.078823 42.314608, -71.077728 42.314062)"
8005,4095,4096,0.106086,0.25,2.0,2600.0,2600.0,"LINESTRING (-71.0778271 42.3183122, -71.077905 42.3178375)"
8006,4096,4095,0.106086,0.25,2.0,2600.0,2600.0,"LINESTRING (-71.077905 42.3178375, -71.0778271 42.3183122)"
8007,3475,5241,0.082318,0.25,2.0,2600.0,2600.0,"LINESTRING (-71.080998 42.315755, -71.081443 42.315923)"
8008,5241,3475,0.082318,0.25,2.0,2600.0,2600.0,"LINESTRING (-71.081443 42.315923, -71.080998 42.315755)"
8009,3486,5213,0.077508,0.25,2.0,2600.0,2600.0,"LINESTRING (-71.078331 42.315547, -71.0782455 42.3158901)"
8010,5213,3486,0.077508,0.25,2.0,2600.0,2600.0,"LINESTRING (-71.0782455 42.3158901, -71.078331 42.315547)"
8029,394,395,0.134976,0.25,2.0,2600.0,2600.0,"LINESTRING (-71.080088 42.312691, -71.079683 42.313219)"
8030,395,394,0.134976,0.25,2.0,2600.0,2600.0,"LINESTRING (-71.079683 42.313219, -71.080088 42.312691)"
8031,3463,3475,0.439928,0.25,2.0,2600.0,2600.0,"LINESTRING (-71.078823 42.314608, -71.080998 42.315755)"
8032,3475,3463,0.439928,0.25,2.0,2600.0,2600.0,"LINESTRING (-71.080998 42.315755, -71.078823 42.314608)"
8033,3474,5507,0.091136,0.25,2.0,2600.0,2600.0,"LINESTRING (-71.079168 42.314048, -71.079401 42.313676)"
8034,5507,3474,0.091136,0.25,2.0,2600.0,2600.0,"LINESTRING (-71.079401 42.313676, -71.079168 42.314048)"
8037,394,403,0.071012,0.25,2.0,2600.0,2600.0,"LINESTRING (-71.080088 42.312691, -71.080312 42.312418)"
8038,403,394,0.071012,0.25,2.0,2600.0,2600.0,"LINESTRING (-71.080312 42.312418, -71.080088 42.312691)"
8039,5507,5513,0.043714,0.25,2.0,2600.0,2600.0,"LINESTRING (-71.079401 42.313676, -71.0795145 42.3134976)"
8040,5513,5507,0.043714,0.25,2.0,2600.0,2600.0,"LINESTRING (-71.0795145 42.3134976, -71.079401 42.313676)"
8041,395,5513,0.067958,0.25,2.0,2600.0,2600.0,"LINESTRING (-71.079683 42.313219, -71.0795145 42.3134976)"
8042,5513,395,0.067958,0.25,2.0,2600.0,2600.0,"LINESTRING (-71.0795145 42.3134976, -71.079683 42.313219)"
8043,3463,3473,0.149664,0.25,2.0,2600.0,2600.0,"LINESTRING (-71.078823 42.314608, -71.0784907 42.3152352)"
8044,3473,3463,0.149664,0.25,2.0,2600.0,2600.0,"LINESTRING (-71.0784907 42.3152352, -71.078823 42.314608)"
8045,3463,3474,0.136798,0.25,2.0,2600.0,2600.0,"LINESTRING (-71.078823 42.314608, -71.079168 42.314048)"
8046,3474,3463,0.136798,0.25,2.0,2600.0,2600.0,"LINESTRING (-71.079168 42.314048, -71.078823 42.314608)"
8047,3473,3486,0.074164,0.25,2.0,2600.0,2600.0,"LINESTRING (-71.0784907 42.3152352, -71.078331 42.315547)"
8048,3486,3473,0.074164,0.25,2.0,2600.0,2600.0,"LINESTRING (-71.078331 42.315547, -71.0784907 42.3152352)"
8049,4874,4096,0.022132,0.25,2.0,2600.0,2600.0,"LINESTRING (-71.0779201 42.3177394, -71.077905 42.3178375)"
8050,4096,4874,0.022132,0.25,2.0,2600.0,2600.0,"LINESTRING (-71.077905 42.3178375, -71.0779201 42.3177394)"
8051,5243,5241,0.065682,0.25,2.0,2600.0,2600.0,"LINESTRING (-71.08181 42.316038, -71.081443 42.315923)"
8052,5241,5243,0.065682,0.25,2.0,2600.0,2600.0,"LINESTRING (-71.081443 42.315923, -71.08181 42.316038)"
8053,1269,1270,0.180486,0.25,2.0,2600.0,2600.0,"LINESTRING (-71.0818191 42.3182861, -71.081478 42.319058)"
8054,1333,1269,0.06072,0.25,2.0,2600.0,2600.0,"LINESTRING (-71.0819549 42.3180318, -71.0818191 42.3182861)"
8055,1270,2612,0.088234,0.25,2.0,2600.0,2600.0,"LINESTRING (-71.081478 42.319058, -71.081392 42.31945)"
8056,2612,2613,0.078208,0.25,2.0,2600.0,2600.0,"LINESTRING (-71.081392 42.31945, -71.081385 42.319802)"
8057,2467,2469,0.148438,0.25,2.0,2600.0,2600.0,"LINESTRING (-71.0780617 42.3168974, -71.0781839 42.3162354)"
8058,2469,2467,0.148438,0.25,2.0,2600.0,2600.0,"LINESTRING (-71.0781839 42.3162354, -71.0780617 42.3168974)"
8059,2469,5213,0.077302,0.25,2.0,2600.0,2600.0,"LINESTRING (-71.0781839 42.3162354, -71.0782455 42.3158901)"
8060,5213,2469,0.077302,0.25,2.0,2600.0,2600.0,"LINESTRING (-71.0782455 42.3158901, -71.0781839 42.3162354)"
8061,2467,2468,0.09394,0.25,2.0,2600.0,2600.0,"LINESTRING (-71.0780617 42.3168974, -71.0779961 42.3173171)"
8062,2468,2467,0.09394,0.25,2.0,2600.0,2600.0,"LINESTRING (-71.0779961 42.3173171, -71.0780617 42.3168974)"
8063,4874,2498,0.069046,0.25,2.0,2600.0,2600.0,"LINESTRING (-71.0779201 42.3177394, -71.0779763 42.3174307)"
8064,2498,4874,0.069046,0.25,2.0,2600.0,2600.0,"LINESTRING (-71.0779763 42.3174307, -71.0779201 42.3177394)"
8065,2468,2498,0.02554,0.25,2.0,2600.0,2600.0,"LINESTRING (-71.0779961 42.3173171, -71.0779763 42.3174307)"
8066,2498,2468,0.02554,0.25,2.0,2600.0,2600.0,"LINESTRING (-71.0779763 42.3174307, -71.0779961 42.3173171)"
8067,3461,3462,0.291344,0.25,2.0,2600.0,2600.0,"LINESTRING (-71.077728 42.314062, -71.076185 42.313423)"
8068,3462,3461,0.291344,0.25,2.0,2600.0,2600.0,"LINESTRING (-71.076185 42.313423, -71.077728 42.314062)"
8069,3462,5528,0.095824,0.25,2.0,2600.0,2600.0,"LINESTRING (-71.076185 42.313423, -71.075668 42.313226)"
8070,5528,3462,0.095824,0.25,2.0,2600.0,2600.0,"LINESTRING (-71.075668 42.313226, -71.076185 42.313423)"
8071,3639,3640,0.1207719999999999,0.25,2.0,2600.0,2600.0,"LINESTRING (-71.0747093 42.3128725, -71.075358 42.313125)"
8072,3640,3639,0.1207719999999999,0.25,2.0,2600.0,2600.0,"LINESTRING (-71.075358 42.313125, -71.0747093 42.3128725)"
8073,3640,5528,0.055822,0.25,2.0,2600.0,2600.0,"LINESTRING (-71.075358 42.313125, -71.075668 42.313226)"
8074,5528,3640,0.055822,0.25,2.0,2600.0,2600.0,"LINESTRING (-71.075668 42.313226, -71.075358 42.313125)"
8075,3639,279,0.01866,0.25,2.0,2600.0,2600.0,"LINESTRING (-71.0747093 42.3128725, -71.0746114 42.3128311)"
8076,279,3639,0.01866,0.25,2.0,2600.0,2600.0,"LINESTRING (-71.0746114 42.3128311, -71.0747093 42.3128725)"
8079,5106,4097,0.048434,0.25,2.0,2600.0,2600.0,"LINESTRING (-71.077751 42.319059, -71.077748 42.318841)"
8080,4097,5106,0.048434,0.25,2.0,2600.0,2600.0,"LINESTRING (-71.077748 42.318841, -71.077751 42.319059)"
8081,4095,4097,0.118242,0.25,2.0,2600.0,2600.0,"LINESTRING (-71.0778271 42.3183122, -71.077748 42.318841)"
8082,4097,4095,0.118242,0.25,2.0,2600.0,2600.0,"LINESTRING (-71.077748 42.318841, -71.0778271 42.3183122)"
8083,5105,5123,0.130416,0.25,2.0,2600.0,2600.0,"LINESTRING (-71.077749 42.319284, -71.077758 42.319871)"
8084,5123,5105,0.130416,0.25,2.0,2600.0,2600.0,"LINESTRING (-71.077758 42.319871, -71.077749 42.319284)"
8085,5105,5106,0.049986,0.25,2.0,2600.0,2600.0,"LINESTRING (-71.077749 42.319284, -71.077751 42.319059)"
8086,5106,5105,0.049986,0.25,2.0,2600.0,2600.0,"LINESTRING (-71.077751 42.319059, -71.077749 42.319284)"
8087,281,282,0.079348,0.25,2.0,2600.0,2600.0,"LINESTRING (-71.0819081 42.3302529, -71.0821539 42.3299461)"
8088,282,281,0.079348,0.25,2.0,2600.0,2600.0,"LINESTRING (-71.0821539 42.3299461, -71.0819081 42.3302529)"
8089,1773,937,0.2405,0.25,2.0,2600.0,2600.0,"LINESTRING (-71.0779743 42.3280455, -71.0792794 42.3285303)"
8090,937,1773,0.2405,0.25,2.0,2600.0,2600.0,"LINESTRING (-71.0792794 42.3285303, -71.0779743 42.3280455)"
8091,1823,1826,0.312582,0.25,2.0,2600.0,2600.0,"LINESTRING (-71.0825494 42.3337747, -71.0810454 42.3329182)"
8092,1826,1823,0.312582,0.25,2.0,2600.0,2600.0,"LINESTRING (-71.0810454 42.3329182, -71.0825494 42.3337747)"
8093,1775,3396,0.252492,0.25,2.0,2600.0,2600.0,"LINESTRING (-71.0815371 42.328487, -71.0829258 42.3280082)"
8094,3396,1775,0.252492,0.25,2.0,2600.0,2600.0,"LINESTRING (-71.0829258 42.3280082, -71.0815371 42.328487)"
8095,1775,3397,0.201208,0.25,2.0,2600.0,2600.0,"LINESTRING (-71.0815371 42.328487, -71.082747 42.328606)"
8096,3397,1775,0.201208,0.25,2.0,2600.0,2600.0,"LINESTRING (-71.082747 42.328606, -71.0815371 42.328487)"
8097,3403,3888,0.054288,0.25,2.0,2600.0,2600.0,"LINESTRING (-71.0829074 42.3281774, -71.0830607 42.3279605)"
8098,3396,3403,0.037676,0.25,2.0,2600.0,2600.0,"LINESTRING (-71.0829258 42.3280082, -71.0829074 42.3281774)"
8099,3888,3404,0.163688,0.25,2.0,2600.0,2600.0,"LINESTRING (-71.0830607 42.3279605, -71.0834559 42.3286365)"
8100,4549,2557,0.034728,0.25,2.0,2600.0,2600.0,"LINESTRING (-71.0819228 42.3344503, -71.0820425 42.3343212)"
8101,3404,4055,0.22464,0.25,2.0,2600.0,2600.0,"LINESTRING (-71.0834559 42.3286365, -71.083206 42.327643)"
8102,5100,5102,0.198798,0.25,2.0,2600.0,2600.0,"LINESTRING (-71.082714 42.331068, -71.0819385 42.3317532)"
8103,5102,5100,0.198798,0.25,2.0,2600.0,2600.0,"LINESTRING (-71.0819385 42.3317532, -71.082714 42.331068)"
8104,3375,2473,0.130124,0.25,2.0,2600.0,2600.0,"LINESTRING (-71.0751652 42.3277235, -71.0750893 42.3283071)"
8105,2473,3375,0.130124,0.25,2.0,2600.0,2600.0,"LINESTRING (-71.0750893 42.3283071, -71.0751652 42.3277235)"
8106,5110,3391,0.190146,0.25,2.0,2600.0,2600.0,"LINESTRING (-71.086996 42.327782, -71.0862445 42.3284313)"
8107,3391,5110,0.190146,0.25,2.0,2600.0,2600.0,"LINESTRING (-71.0862445 42.3284313, -71.086996 42.327782)"
8108,2483,3363,0.21716,0.25,2.0,2600.0,2600.0,"LINESTRING (-71.082071 42.321701, -71.08179 42.3207457)"
8109,5098,5171,0.217976,0.25,2.0,2600.0,2600.0,"LINESTRING (-71.081923 42.321727, -71.0822433 42.3226789)"
8224,2480,2483,0.533284,0.25,2.0,2600.0,2600.0,"LINESTRING (-71.0828494 42.3240305, -71.082071 42.321701)"
8225,2480,2484,0.1192999999999999,0.25,2.0,2600.0,2600.0,"LINESTRING (-71.0828494 42.3240305, -71.0835615 42.323935)"
8226,2484,2480,0.1192999999999999,0.25,2.0,2600.0,2600.0,"LINESTRING (-71.0835615 42.323935, -71.0828494 42.3240305)"
8227,2535,2536,0.226784,0.25,2.0,2600.0,2600.0,"LINESTRING (-71.0896 42.323394, -71.088788 42.324218)"
8228,2536,2535,0.226784,0.25,2.0,2600.0,2600.0,"LINESTRING (-71.088788 42.324218, -71.0896 42.323394)"
8229,5167,2479,0.17062,0.25,2.0,2600.0,2600.0,"LINESTRING (-71.082453 42.32326, -71.0826987 42.3240064)"
8262,4892,4894,0.04376,0.25,2.0,2600.0,2600.0,"LINESTRING (-71.0881314 42.3199203, -71.0880848 42.3201137)"
8263,4895,1895,0.062834,0.25,2.0,2600.0,2600.0,"LINESTRING (-71.0889217 42.3201306, -71.088605 42.319974)"
8264,4896,1895,0.050968,0.25,2.0,2600.0,2600.0,"LINESTRING (-71.088887 42.3198798, -71.088605 42.319974)"
8265,1895,4896,0.050968,0.25,2.0,2600.0,2600.0,"LINESTRING (-71.088605 42.319974, -71.088887 42.3198798)"
8266,4895,4896,0.05606,0.25,2.0,2600.0,2600.0,"LINESTRING (-71.0889217 42.3201306, -71.088887 42.3198798)"
8267,4892,1894,0.0505,0.25,2.0,2600.0,2600.0,"LINESTRING (-71.0881314 42.3199203, -71.088396 42.320034)"
8268,1894,1895,0.036946,0.25,2.0,2600.0,2600.0,"LINESTRING (-71.088396 42.320034, -71.088605 42.319974)"
8269,1895,1894,0.036946,0.25,2.0,2600.0,2600.0,"LINESTRING (-71.088605 42.319974, -71.088396 42.320034)"
8270,3386,3387,0.1101,0.25,2.0,2600.0,2600.0,"LINESTRING (-71.087695 42.326184, -71.08789 42.32571)"
8271,3387,3386,0.1101,0.25,2.0,2600.0,2600.0,"LINESTRING (-71.08789 42.32571, -71.087695 42.326184)"
8272,3896,3387,0.12611,0.25,2.0,2600.0,2600.0,"LINESTRING (-71.088138 42.3251732, -71.08789 42.32571)"
8273,3387,3896,0.12611,0.25,2.0,2600.0,2600.0,"LINESTRING (-71.08789 42.32571, -71.088138 42.3251732)"
8274,3896,2536,0.237688,0.25,2.0,2600.0,2600.0,"LINESTRING (-71.088138 42.3251732, -71.088788 42.324218)"
8275,2536,3896,0.237688,0.25,2.0,2600.0,2600.0,"LINESTRING (-71.088788 42.324218, -71.088138 42.3251732)"
8276,2536,5168,0.111316,0.25,2.0,2600.0,2600.0,"LINESTRING (-71.088788 42.324218, -71.089394 42.324439)"
8277,5168,2536,0.111316,0.25,2.0,2600.0,2600.0,"LINESTRING (-71.089394 42.324439, -71.088788 42.324218)"
8278,5164,5168,0.1234459999999999,0.25,2.0,2600.0,2600.0,"LINESTRING (-71.0900598 42.324693, -71.089394 42.324439)"
8279,5168,5164,0.1234459999999999,0.25,2.0,2600.0,2600.0,"LINESTRING (-71.089394 42.324439, -71.0900598 42.324693)"
8280,3386,3388,0.221348,0.25,2.0,2600.0,2600.0,"LINESTRING (-71.087695 42.326184, -71.0872861 42.3271328)"
8281,3388,3386,0.221348,0.25,2.0,2600.0,2600.0,"LINESTRING (-71.0872861 42.3271328, -71.087695 42.326184)"
8282,3388,5110,0.1519,0.25,2.0,2600.0,2600.0,"LINESTRING (-71.0872861 42.3271328, -71.086996 42.327782)"
8283,5110,3388,0.1519,0.25,2.0,2600.0,2600.0,"LINESTRING (-71.086996 42.327782, -71.0872861 42.3271328)"
8284,2484,2493,0.126268,0.25,2.0,2600.0,2600.0,"LINESTRING (-71.0835615 42.323935, -71.084097 42.323529)"
8285,2493,2484,0.126268,0.25,2.0,2600.0,2600.0,"LINESTRING (-71.084097 42.323529, -71.0835615 42.323935)"
8286,4787,5176,0.142182,0.25,2.0,2600.0,2600.0,"LINESTRING (-71.0848702 42.3224726, -71.08527 42.321906)"
8287,5176,4787,0.142182,0.25,2.0,2600.0,2600.0,"LINESTRING (-71.08527 42.321906, -71.0848702 42.3224726)"
8302,5210,5211,0.173398,0.25,2.0,2600.0,2600.0,"LINESTRING (-71.0860292 42.320585, -71.085664 42.321317)"
8303,5211,5210,0.173398,0.25,2.0,2600.0,2600.0,"LINESTRING (-71.085664 42.321317, -71.0860292 42.320585)"
8304,5211,5222,0.091732,0.25,2.0,2600.0,2600.0,"LINESTRING (-71.085664 42.321317, -71.085417 42.321687)"
8305,5222,5211,0.091732,0.25,2.0,2600.0,2600.0,"LINESTRING (-71.085417 42.321687, -71.085664 42.321317)"
8306,5222,5176,0.054354,0.25,2.0,2600.0,2600.0,"LINESTRING (-71.085417 42.321687, -71.08527 42.321906)"
8307,5176,5222,0.054354,0.25,2.0,2600.0,2600.0,"LINESTRING (-71.08527 42.321906, -71.085417 42.321687)"
8308,2491,2493,0.170926,0.25,2.0,2600.0,2600.0,"LINESTRING (-71.0845966 42.3228548, -71.084097 42.323529)"
8309,2493,2491,0.170926,0.25,2.0,2600.0,2600.0,"LINESTRING (-71.084097 42.323529, -71.0845966 42.3228548)"
8318,2492,4787,0.078028,0.25,2.0,2600.0,2600.0,"LINESTRING (-71.0846449 42.3227824, -71.0848702 42.3224726)"
8319,4787,2492,0.078028,0.25,2.0,2600.0,2600.0,"LINESTRING (-71.0848702 42.3224726, -71.0846449 42.3227824)"
8320,2491,2492,0.018046,0.25,2.0,2600.0,2600.0,"LINESTRING (-71.0845966 42.3228548, -71.0846449 42.3227824)"
8321,2492,2491,0.018046,0.25,2.0,2600.0,2600.0,"LINESTRING (-71.0846449 42.3227824, -71.0845966 42.3228548)"
8322,5171,5167,0.133636,0.25,2.0,2600.0,2600.0,"LINESTRING (-71.0822433 42.3226789, -71.082453 42.32326)"
8323,4055,4056,0.376198,0.25,2.0,2600.0,2600.0,"LINESTRING (-71.083206 42.327643, -71.0834702 42.3259608)"
8324,2482,5182,0.149252,0.25,2.0,2600.0,2600.0,"LINESTRING (-71.0833028 42.3259412, -71.083184 42.326607)"
8325,2481,2482,0.284642,0.25,2.0,2600.0,2600.0,"LINESTRING (-71.0829297 42.3246902, -71.0833028 42.3259412)"
8326,4079,2480,0.423808,0.25,2.0,2600.0,2600.0,"LINESTRING (-71.0834711 42.3258823, -71.0828494 42.3240305)"
8327,4056,4079,0.017552,0.25,2.0,2600.0,2600.0,"LINESTRING (-71.0834702 42.3259608, -71.0834711 42.3258823)"
8328,2479,2481,0.156656,0.25,2.0,2600.0,2600.0,"LINESTRING (-71.0826987 42.3240064, -71.0829297 42.3246902)"
8329,2479,2480,0.025346,0.25,2.0,2600.0,2600.0,"LINESTRING (-71.0826987 42.3240064, -71.0828494 42.3240305)"
8330,2480,2479,0.025346,0.25,2.0,2600.0,2600.0,"LINESTRING (-71.0828494 42.3240305, -71.0826987 42.3240064)"
8331,3887,3396,0.113596,0.25,2.0,2600.0,2600.0,"LINESTRING (-71.083057 42.327506, -71.0829258 42.3280082)"
8332,5182,3944,0.188066,0.25,2.0,2600.0,2600.0,"LINESTRING (-71.083184 42.326607, -71.083066 42.327449)"
8333,3887,3888,0.101084,0.25,2.0,2600.0,2600.0,"LINESTRING (-71.083057 42.327506, -71.0830607 42.3279605)"
8334,3944,3887,0.01275,0.25,2.0,2600.0,2600.0,"LINESTRING (-71.083066 42.327449, -71.083057 42.327506)"
8335,3888,4055,0.07458,0.25,2.0,2600.0,2600.0,"LINESTRING (-71.0830607 42.3279605, -71.083206 42.327643)"
8336,3389,3390,0.05788,0.25,2.0,2600.0,2600.0,"LINESTRING (-71.0861391 42.3287542, -71.086067 42.329009)"
8337,3390,3389,0.05788,0.25,2.0,2600.0,2600.0,"LINESTRING (-71.086067 42.329009, -71.0861391 42.3287542)"
8338,3499,3501,0.333894,0.25,2.0,2600.0,2600.0,"LINESTRING (-71.086021 42.329587, -71.0876974 42.3304313)"
8339,4552,3170,0.365842,0.25,2.0,2600.0,2600.0,"LINESTRING (-71.087488 42.3354384, -71.0853601 42.3349701)"
8340,3171,4183,0.391964,0.25,2.0,2600.0,2600.0,"LINESTRING (-71.0848433 42.3348679, -71.0869399 42.3357003)"
8341,4553,3170,0.318102,0.25,2.0,2600.0,2600.0,"LINESTRING (-71.087067 42.3356382, -71.0853601 42.3349701)"
8342,4770,3391,0.038786,0.25,2.0,2600.0,2600.0,"LINESTRING (-71.0860371 42.3285142, -71.0862445 42.3284313)"
8343,3391,4770,0.038786,0.25,2.0,2600.0,2600.0,"LINESTRING (-71.0862445 42.3284313, -71.0860371 42.3285142)"
8344,4770,3389,0.055906,0.25,2.0,2600.0,2600.0,"LINESTRING (-71.0860371 42.3285142, -71.0861391 42.3287542)"
8345,5072,5073,0.169778,0.25,2.0,2600.0,2600.0,"LINESTRING (-71.0866497 42.333668, -71.0858409 42.3331954)"
8346,5103,5099,0.22259,0.25,2.0,2600.0,2600.0,"LINESTRING (-71.0850282 42.3327206, -71.084035 42.332042)"
8347,3972,3390,0.113676,0.25,2.0,2600.0,2600.0,"LINESTRING (-71.086738 42.329127, -71.086067 42.329009)"
8348,5058,5099,0.23336,0.25,2.0,2600.0,2600.0,"LINESTRING (-71.083305 42.332942, -71.084035 42.332042)"
8349,3501,3500,0.362442,0.25,2.0,2600.0,2600.0,"LINESTRING (-71.0876974 42.3304313, -71.085965 42.329426)"
8368,4750,4751,0.055464,0.25,2.0,2600.0,2600.0,"LINESTRING (-71.0879661 42.3305298, -71.0882705 42.3306372)"
8369,4751,4750,0.055464,0.25,2.0,2600.0,2600.0,"LINESTRING (-71.0882705 42.3306372, -71.0879661 42.3305298)"
8370,273,3971,0.114632,0.25,2.0,2600.0,2600.0,"LINESTRING (-71.088537 42.329394, -71.087854 42.329297)"
8371,272,273,0.076158,0.25,2.0,2600.0,2600.0,"LINESTRING (-71.088995 42.329439, -71.088537 42.329394)"
8372,4751,2098,0.11649,0.25,2.0,2600.0,2600.0,"LINESTRING (-71.0882705 42.3306372, -71.088879 42.330371)"
8373,3971,3972,0.187804,0.25,2.0,2600.0,2600.0,"LINESTRING (-71.087854 42.329297, -71.086738 42.329127)"
8374,3389,3391,0.073816,0.25,2.0,2600.0,2600.0,"LINESTRING (-71.0861391 42.3287542, -71.0862445 42.3284313)"
8375,4750,3501,0.049498,0.25,2.0,2600.0,2600.0,"LINESTRING (-71.0879661 42.3305298, -71.0876974 42.3304313)"
8376,3501,4750,0.049498,0.25,2.0,2600.0,2600.0,"LINESTRING (-71.0876974 42.3304313, -71.0879661 42.3305298)"
8377,4554,4555,0.238198,0.25,2.0,2600.0,2600.0,"LINESTRING (-71.0884934 42.3348931, -71.0874751 42.3341316)"
8378,4554,4552,0.1367893333333333,0.25,2.0,8000.0,8000.0,"LINESTRING (-71.0884934 42.3348931, -71.087488 42.3354384)"
8379,4676,3288,0.3124373333333333,0.25,2.0,8000.0,8000.0,"LINESTRING (-71.0871441 42.3357092, -71.0895089 42.3345378)"
8400,1819,4554,0.1227719999999999,0.25,2.0,8000.0,8000.0,"LINESTRING (-71.0894167 42.3344267, -71.0884934 42.3348931)"
8401,3288,1819,0.028948,0.25,2.0,2600.0,2600.0,"LINESTRING (-71.0895089 42.3345378, -71.0894167 42.3344267)"
8402,1819,3288,0.028948,0.25,2.0,2600.0,2600.0,"LINESTRING (-71.0894167 42.3344267, -71.0895089 42.3345378)"
8403,4555,5066,0.094914,0.25,2.0,2600.0,2600.0,"LINESTRING (-71.0874751 42.3341316, -71.0870115 42.3338794)"
8410,5066,5072,0.07575,0.25,2.0,2600.0,2600.0,"LINESTRING (-71.0870115 42.3338794, -71.0866497 42.333668)"
8411,4552,4553,0.054932,0.25,2.0,8000.0,8000.0,"LINESTRING (-71.087488 42.3354384, -71.087067 42.3356382)"
8412,4676,4553,0.0134973333333333,0.25,2.0,8000.0,8000.0,"LINESTRING (-71.0871441 42.3357092, -71.087067 42.3356382)"
8413,4184,4676,0.016084,0.25,2.0,8000.0,8000.0,"LINESTRING (-71.0870223 42.335769, -71.0871441 42.3357092)"
8414,1023,1025,0.092398,0.25,2.0,2600.0,2600.0,"LINESTRING (-71.0864085 42.3360172, -71.0868597 42.3357713)"
8415,1025,1023,0.092398,0.25,2.0,2600.0,2600.0,"LINESTRING (-71.0868597 42.3357713, -71.0864085 42.3360172)"
8416,4183,1025,0.02056,0.25,2.0,2600.0,2600.0,"LINESTRING (-71.0869399 42.3357003, -71.0868597 42.3357713)"
8417,4183,4184,0.0136253333333333,0.25,2.0,8000.0,8000.0,"LINESTRING (-71.0869399 42.3357003, -71.0870223 42.335769)"
8418,4553,4183,0.0167053333333333,0.25,2.0,8000.0,8000.0,"LINESTRING (-71.087067 42.3356382, -71.0869399 42.3357003)"
8419,1025,4184,0.026706,0.25,2.0,2600.0,2600.0,"LINESTRING (-71.0868597 42.3357713, -71.0870223 42.335769)"
8420,3404,3703,0.277598,0.25,2.0,2600.0,2600.0,"LINESTRING (-71.0834559 42.3286365, -71.0850936 42.3289272)"
8421,3703,3404,0.277598,0.25,2.0,2600.0,2600.0,"LINESTRING (-71.0850936 42.3289272, -71.0834559 42.3286365)"
8422,4939,3499,0.203044,0.25,2.0,2600.0,2600.0,"LINESTRING (-71.0853973 42.3303749, -71.086021 42.329587)"
8423,5076,4937,0.114616,0.25,2.0,2600.0,2600.0,"LINESTRING (-71.084051 42.330314, -71.0844509 42.3298924)"
8424,5095,2948,0.08804,0.25,2.0,2600.0,2600.0,"LINESTRING (-71.083197 42.330103, -71.0831099 42.3304936)"
8425,5099,5100,0.306982,0.25,2.0,2600.0,2600.0,"LINESTRING (-71.084035 42.332042, -71.082714 42.331068)"
8426,5100,5099,0.306982,0.25,2.0,2600.0,2600.0,"LINESTRING (-71.082714 42.331068, -71.084035 42.332042)"
8427,2950,5076,0.124666,0.25,2.0,2600.0,2600.0,"LINESTRING (-71.0833911 42.3305876, -71.084051 42.330314)"
8428,3500,3390,0.094154,0.25,2.0,2600.0,2600.0,"LINESTRING (-71.085965 42.329426, -71.086067 42.329009)"
8429,3390,3500,0.094154,0.25,2.0,2600.0,2600.0,"LINESTRING (-71.086067 42.329009, -71.085965 42.329426)"
8430,3500,3703,0.181396,0.25,2.0,2600.0,2600.0,"LINESTRING (-71.085965 42.329426, -71.0850936 42.3289272)"
8431,4938,3703,0.16753,0.25,2.0,2600.0,2600.0,"LINESTRING (-71.084625 42.329596, -71.0850936 42.3289272)"
8432,3703,3502,0.154114,0.25,2.0,2600.0,2600.0,"LINESTRING (-71.0850936 42.3289272, -71.085749 42.329422)"
8433,4770,3703,0.180508,0.25,2.0,2600.0,2600.0,"LINESTRING (-71.0860371 42.3285142, -71.0850936 42.3289272)"
8434,3703,4770,0.180508,0.25,2.0,2600.0,2600.0,"LINESTRING (-71.0850936 42.3289272, -71.0860371 42.3285142)"
8435,3502,3499,0.057914,0.25,2.0,2600.0,2600.0,"LINESTRING (-71.085749 42.329422, -71.086021 42.329587)"
8436,3499,3500,0.03694,0.25,2.0,2600.0,2600.0,"LINESTRING (-71.086021 42.329587, -71.085965 42.329426)"
8437,4937,4938,0.071742,0.25,2.0,2600.0,2600.0,"LINESTRING (-71.0844509 42.3298924, -71.084625 42.329596)"
8438,3316,3317,0.100972,0.25,2.0,2600.0,2600.0,"LINESTRING (-71.084693 42.3312414, -71.0850124 42.3308534)"
8439,3317,5079,0.063066,0.25,2.0,2600.0,2600.0,"LINESTRING (-71.0850124 42.3308534, -71.0852116 42.3306114)"
8440,5079,4939,0.0606539999999999,0.25,2.0,2600.0,2600.0,"LINESTRING (-71.0852116 42.3306114, -71.0853973 42.3303749)"
8441,3317,5076,0.198578,0.25,2.0,2600.0,2600.0,"LINESTRING (-71.0850124 42.3308534, -71.084051 42.330314)"
8442,4460,3316,0.150122,0.25,2.0,2600.0,2600.0,"LINESTRING (-71.0842192 42.331818, -71.084693 42.3312414)"
8443,5099,4460,0.058278,0.25,2.0,2600.0,2600.0,"LINESTRING (-71.084035 42.332042, -71.0842192 42.331818)"
8444,3397,3404,0.117078,0.25,2.0,2600.0,2600.0,"LINESTRING (-71.082747 42.328606, -71.0834559 42.3286365)"
8445,3404,3397,0.117078,0.25,2.0,2600.0,2600.0,"LINESTRING (-71.0834559 42.3286365, -71.082747 42.328606)"
8446,3397,3405,0.160964,0.25,2.0,2600.0,2600.0,"LINESTRING (-71.082747 42.328606, -71.082495 42.3293059)"
8447,3405,3397,0.160964,0.25,2.0,2600.0,2600.0,"LINESTRING (-71.082495 42.3293059, -71.082747 42.328606)"
8448,3404,4642,0.16985,0.25,2.0,2600.0,2600.0,"LINESTRING (-71.0834559 42.3286365, -71.0833567 42.3293976)"
8449,4642,5095,0.158828,0.25,2.0,2600.0,2600.0,"LINESTRING (-71.0833567 42.3293976, -71.083197 42.330103)"
8450,3397,3403,0.098888,0.25,2.0,2600.0,2600.0,"LINESTRING (-71.082747 42.328606, -71.0829074 42.3281774)"
8451,3403,3397,0.098888,0.25,2.0,2600.0,2600.0,"LINESTRING (-71.0829074 42.3281774, -71.082747 42.328606)"
8452,282,3405,0.15289,0.25,2.0,2600.0,2600.0,"LINESTRING (-71.0821539 42.3299461, -71.082495 42.3293059)"
8453,3405,282,0.15289,0.25,2.0,2600.0,2600.0,"LINESTRING (-71.082495 42.3293059, -71.0821539 42.3299461)"
8454,2949,5101,0.040738,0.25,2.0,2600.0,2600.0,"LINESTRING (-71.083064 42.330657, -71.082986 42.330831)"
8455,5101,2950,0.085856,0.25,2.0,2600.0,2600.0,"LINESTRING (-71.082986 42.330831, -71.0833911 42.3305876)"
8456,2948,2949,0.036998,0.25,2.0,2600.0,2600.0,"LINESTRING (-71.0831099 42.3304936, -71.083064 42.330657)"
8457,2948,2950,0.05081,0.25,2.0,2600.0,2600.0,"LINESTRING (-71.0831099 42.3304936, -71.0833911 42.3305876)"
8458,5100,5101,0.069156,0.25,2.0,2600.0,2600.0,"LINESTRING (-71.082714 42.331068, -71.082986 42.330831)"
8459,5101,5100,0.069156,0.25,2.0,2600.0,2600.0,"LINESTRING (-71.082986 42.330831, -71.082714 42.331068)"
8460,1823,1824,0.404548,0.25,2.0,2600.0,2600.0,"LINESTRING (-71.0825494 42.3337747, -71.0845926 42.3347833)"
8461,1824,1823,0.404548,0.25,2.0,2600.0,2600.0,"LINESTRING (-71.0845926 42.3347833, -71.0825494 42.3337747)"
8462,2557,1858,0.070196,0.25,2.0,2600.0,2600.0,"LINESTRING (-71.0820425 42.3343212, -71.0822839 42.3340609)"
8473,5073,5103,0.170434,0.25,2.0,2600.0,2600.0,"LINESTRING (-71.0858409 42.3331954, -71.0850282 42.3327206)"
8474,3170,3171,0.088178,0.25,2.0,2600.0,2600.0,"LINESTRING (-71.0853601 42.3349701, -71.0848433 42.3348679)"
8475,3171,1824,0.045328,0.25,2.0,2600.0,2600.0,"LINESTRING (-71.0848433 42.3348679, -71.0845926 42.3347833)"
8476,1824,3171,0.045328,0.25,2.0,2600.0,2600.0,"LINESTRING (-71.0845926 42.3347833, -71.0848433 42.3348679)"
8477,1827,5058,0.152176,0.25,2.0,2600.0,2600.0,"LINESTRING (-71.0827906 42.3335107, -71.083305 42.332942)"
8478,1823,1827,0.07093,0.25,2.0,2600.0,2600.0,"LINESTRING (-71.0825494 42.3337747, -71.0827906 42.3335107)"
8479,1858,1823,0.077104,0.25,2.0,2600.0,2600.0,"LINESTRING (-71.0822839 42.3340609, -71.0825494 42.3337747)"
8482,1773,1774,0.096924,0.25,2.0,2600.0,2600.0,"LINESTRING (-71.0779743 42.3280455, -71.0775092 42.3277793)"
8483,1774,1773,0.096924,0.25,2.0,2600.0,2600.0,"LINESTRING (-71.0775092 42.3277793, -71.0779743 42.3280455)"
8484,2731,1275,0.099926,0.25,2.0,2600.0,2600.0,"LINESTRING (-71.0742425 42.3241414, -71.073922 42.323759)"
8485,1275,2731,0.099926,0.25,2.0,2600.0,2600.0,"LINESTRING (-71.073922 42.323759, -71.0742425 42.3241414)"
8486,4087,4088,0.12103,0.25,2.0,2600.0,2600.0,"LINESTRING (-71.0758414 42.3241176, -71.0761781 42.3236336)"
8487,4088,4087,0.12103,0.25,2.0,2600.0,2600.0,"LINESTRING (-71.0761781 42.3236336, -71.0758414 42.3241176)"
8512,3886,5098,0.226586,0.25,2.0,2600.0,2600.0,"LINESTRING (-71.081621 42.320732, -71.081923 42.321727)"
8521,5200,5201,0.191564,0.25,2.0,2600.0,2600.0,"LINESTRING (-71.075522 42.320573, -71.076677 42.320479)"
8522,5201,5200,0.191564,0.25,2.0,2600.0,2600.0,"LINESTRING (-71.076677 42.320479, -71.075522 42.320573)"
8523,5217,5178,0.107768,0.25,2.0,2600.0,2600.0,"LINESTRING (-71.077282 42.321811, -71.0771097 42.322279)"
8524,5178,5217,0.107768,0.25,2.0,2600.0,2600.0,"LINESTRING (-71.0771097 42.322279, -71.077282 42.321811)"
8525,5201,5203,0.176566,0.25,2.0,2600.0,2600.0,"LINESTRING (-71.076677 42.320479, -71.077746 42.320431)"
8526,5203,5201,0.176566,0.25,2.0,2600.0,2600.0,"LINESTRING (-71.077746 42.320431, -71.076677 42.320479)"
8527,5208,5209,0.146304,0.25,2.0,2600.0,2600.0,"LINESTRING (-71.077709 42.32063, -71.077489 42.321268)"
8528,5209,5208,0.146304,0.25,2.0,2600.0,2600.0,"LINESTRING (-71.077489 42.321268, -71.077709 42.32063)"
8529,5208,5203,0.044628,0.25,2.0,2600.0,2600.0,"LINESTRING (-71.077709 42.32063, -71.077746 42.320431)"
8530,5203,5208,0.044628,0.25,2.0,2600.0,2600.0,"LINESTRING (-71.077746 42.320431, -71.077709 42.32063)"
8531,5209,5217,0.125366,0.25,2.0,2600.0,2600.0,"LINESTRING (-71.077489 42.321268, -71.077282 42.321811)"
8532,5217,5209,0.125366,0.25,2.0,2600.0,2600.0,"LINESTRING (-71.077282 42.321811, -71.077489 42.321268)"
8533,5177,4088,0.183832,0.25,2.0,2600.0,2600.0,"LINESTRING (-71.0766848 42.3228968, -71.0761781 42.3236336)"
8534,4088,5177,0.183832,0.25,2.0,2600.0,2600.0,"LINESTRING (-71.0761781 42.3236336, -71.0766848 42.3228968)"
8535,5177,5178,0.15414,0.25,2.0,2600.0,2600.0,"LINESTRING (-71.0766848 42.3228968, -71.0771097 42.322279)"
8536,5178,5177,0.15414,0.25,2.0,2600.0,2600.0,"LINESTRING (-71.0771097 42.322279, -71.0766848 42.3228968)"
8537,3365,3367,0.162314,0.25,2.0,2600.0,2600.0,"LINESTRING (-71.074056 42.320756, -71.0750257 42.320631)"
8538,3367,3365,0.162314,0.25,2.0,2600.0,2600.0,"LINESTRING (-71.0750257 42.320631, -71.074056 42.320756)"
8539,5200,3367,0.082784,0.25,2.0,2600.0,2600.0,"LINESTRING (-71.075522 42.320573, -71.0750257 42.320631)"
8540,3367,5200,0.082784,0.25,2.0,2600.0,2600.0,"LINESTRING (-71.0750257 42.320631, -71.075522 42.320573)"
8541,4087,4089,0.023922,0.25,2.0,2600.0,2600.0,"LINESTRING (-71.0758414 42.3241176, -71.0757785 42.3242147)"
8542,4089,4087,0.023922,0.25,2.0,2600.0,2600.0,"LINESTRING (-71.0757785 42.3242147, -71.0758414 42.3241176)"
8543,1767,3376,0.199188,0.25,2.0,2600.0,2600.0,"LINESTRING (-71.0749617 42.3252735, -71.0753662 42.3261192)"
8544,3376,1767,0.199188,0.25,2.0,2600.0,2600.0,"LINESTRING (-71.0753662 42.3261192, -71.0749617 42.3252735)"
8545,3624,3376,0.305092,0.25,2.0,2600.0,2600.0,"LINESTRING (-71.0766431 42.3271133, -71.0753662 42.3261192)"
8546,3376,3624,0.305092,0.25,2.0,2600.0,2600.0,"LINESTRING (-71.0753662 42.3261192, -71.0766431 42.3271133)"
8547,3623,3624,0.18683,0.25,2.0,2600.0,2600.0,"LINESTRING (-71.0774259 42.3277207, -71.0766431 42.3271133)"
8548,3624,3623,0.18683,0.25,2.0,2600.0,2600.0,"LINESTRING (-71.0766431 42.3271133, -71.0774259 42.3277207)"
8549,3623,1774,0.018796,0.25,2.0,2600.0,2600.0,"LINESTRING (-71.0774259 42.3277207, -71.0775092 42.3277793)"
8550,1774,3623,0.018796,0.25,2.0,2600.0,2600.0,"LINESTRING (-71.0775092 42.3277793, -71.0774259 42.3277207)"
8551,927,930,0.15186,0.25,2.0,2600.0,2600.0,"LINESTRING (-71.0745822 42.3245773, -71.0749335 42.3252094)"
8552,930,927,0.15186,0.25,2.0,2600.0,2600.0,"LINESTRING (-71.0749335 42.3252094, -71.0745822 42.3245773)"
8553,930,1768,0.17834,0.25,2.0,2600.0,2600.0,"LINESTRING (-71.0749335 42.3252094, -71.0738987 42.3254448)"
8554,1768,930,0.17834,0.25,2.0,2600.0,2600.0,"LINESTRING (-71.0738987 42.3254448, -71.0749335 42.3252094)"
8555,1767,4089,0.27101,0.25,2.0,2600.0,2600.0,"LINESTRING (-71.0749617 42.3252735, -71.0757785 42.3242147)"
8556,4089,1767,0.27101,0.25,2.0,2600.0,2600.0,"LINESTRING (-71.0757785 42.3242147, -71.0749617 42.3252735)"
8557,930,1767,0.015212,0.25,2.0,2600.0,2600.0,"LINESTRING (-71.0749335 42.3252094, -71.0749617 42.3252735)"
8558,1767,930,0.015212,0.25,2.0,2600.0,2600.0,"LINESTRING (-71.0749617 42.3252735, -71.0749335 42.3252094)"
8559,927,928,0.10111,0.25,2.0,2600.0,2600.0,"LINESTRING (-71.0745822 42.3245773, -71.0742746 42.3241825)"
8560,928,927,0.10111,0.25,2.0,2600.0,2600.0,"LINESTRING (-71.0742746 42.3241825, -71.0745822 42.3245773)"
8561,2731,928,0.010802,0.25,2.0,2600.0,2600.0,"LINESTRING (-71.0742425 42.3241414, -71.0742746 42.3241825)"
8562,928,2731,0.010802,0.25,2.0,2600.0,2600.0,"LINESTRING (-71.0742746 42.3241825, -71.0742425 42.3241414)"
8563,3374,3375,0.154622,0.25,2.0,2600.0,2600.0,"LINESTRING (-71.0752363 42.3270295, -71.0751652 42.3277235)"
8564,3375,3374,0.154622,0.25,2.0,2600.0,2600.0,"LINESTRING (-71.0751652 42.3277235, -71.0752363 42.3270295)"
8565,3374,3376,0.203518,0.25,2.0,2600.0,2600.0,"LINESTRING (-71.0752363 42.3270295, -71.0753662 42.3261192)"
8566,3376,3374,0.203518,0.25,2.0,2600.0,2600.0,"LINESTRING (-71.0753662 42.3261192, -71.0752363 42.3270295)"
8567,1312,1311,0.28462,0.25,2.0,2600.0,2600.0,"LINESTRING (-71.077632 42.336009, -71.0787954 42.3350615)"
8568,1311,1312,0.28462,0.25,2.0,2600.0,2600.0,"LINESTRING (-71.0787954 42.3350615, -71.077632 42.336009)"
8569,1826,2982,0.23612,0.25,2.0,2600.0,2600.0,"LINESTRING (-71.0810454 42.3329182, -71.0816905 42.3319694)"
8570,2982,1826,0.23612,0.25,2.0,2600.0,2600.0,"LINESTRING (-71.0816905 42.3319694, -71.0810454 42.3329182)"
8571,2983,4643,0.237238,0.25,2.0,2600.0,2600.0,"LINESTRING (-71.080569 42.3326601, -71.0794029 42.3320335)"
8572,4656,2983,0.242844,0.25,2.0,2600.0,2600.0,"LINESTRING (-71.079307 42.332096, -71.080569 42.3326601)"
8573,4656,4657,0.244374,0.25,2.0,2600.0,2600.0,"LINESTRING (-71.079307 42.332096, -71.0782044 42.3328314)"
8574,4657,4656,0.244374,0.25,2.0,2600.0,2600.0,"LINESTRING (-71.0782044 42.3328314, -71.079307 42.332096)"
8575,4232,3697,0.285194,0.25,2.0,2600.0,2600.0,"LINESTRING (-71.0744072 42.3328771, -71.0756735 42.3320021)"
8576,5069,4657,0.139508,0.25,2.0,2600.0,2600.0,"LINESTRING (-71.07757 42.333247, -71.0782044 42.3328314)"
8577,4657,5069,0.139508,0.25,2.0,2600.0,2600.0,"LINESTRING (-71.0782044 42.3328314, -71.07757 42.333247)"
8578,5084,3698,0.294264,0.25,2.0,2600.0,2600.0,"LINESTRING (-71.078321 42.330371, -71.0769607 42.3312285)"
8579,3698,5084,0.294264,0.25,2.0,2600.0,2600.0,"LINESTRING (-71.0769607 42.3312285, -71.078321 42.330371)"
8580,3697,4240,0.288008,0.25,2.0,2600.0,2600.0,"LINESTRING (-71.0756735 42.3320021, -71.0743232 42.3328245)"
8581,4643,3698,0.440474,0.25,2.0,2600.0,2600.0,"LINESTRING (-71.0794029 42.3320335, -71.0769607 42.3312285)"
8582,3698,4656,0.432024,0.25,2.0,2600.0,2600.0,"LINESTRING (-71.0769607 42.3312285, -71.079307 42.332096)"
8601,936,937,0.113088,0.25,2.0,2600.0,2600.0,"LINESTRING (-71.0799648 42.328526, -71.0792794 42.3285303)"
8602,937,936,0.113088,0.25,2.0,2600.0,2600.0,"LINESTRING (-71.0792794 42.3285303, -71.0799648 42.328526)"
8603,5085,5091,0.162454,0.25,2.0,2600.0,2600.0,"LINESTRING (-71.078675 42.330135, -71.07944 42.329674)"
8604,5091,5085,0.162454,0.25,2.0,2600.0,2600.0,"LINESTRING (-71.07944 42.329674, -71.078675 42.330135)"
8605,5120,5085,0.19596,0.25,2.0,2600.0,2600.0,"LINESTRING (-71.079016 42.32929, -71.078675 42.330135)"
8606,4643,5230,0.32745,0.25,2.0,2600.0,2600.0,"LINESTRING (-71.0794029 42.3320335, -71.080888 42.331055)"
8607,5230,4643,0.32745,0.25,2.0,2600.0,2600.0,"LINESTRING (-71.080888 42.331055, -71.0794029 42.3320335)"
8614,938,1775,0.106514,0.25,2.0,2600.0,2600.0,"LINESTRING (-71.080891 42.328497, -71.0815371 42.328487)"
8615,1775,938,0.106514,0.25,2.0,2600.0,2600.0,"LINESTRING (-71.0815371 42.328487, -71.080891 42.328497)"
8616,936,938,0.152784,0.25,2.0,2600.0,2600.0,"LINESTRING (-71.0799648 42.328526, -71.080891 42.328497)"
8617,938,936,0.152784,0.25,2.0,2600.0,2600.0,"LINESTRING (-71.080891 42.328497, -71.0799648 42.328526)"
8618,5230,283,0.121442,0.25,2.0,2600.0,2600.0,"LINESTRING (-71.080888 42.331055, -71.0814341 42.3306879)"
8619,283,5230,0.121442,0.25,2.0,2600.0,2600.0,"LINESTRING (-71.0814341 42.3306879, -71.080888 42.331055)"
8626,281,283,0.124274,0.25,2.0,2600.0,2600.0,"LINESTRING (-71.0819081 42.3302529, -71.0814341 42.3306879)"
8627,283,281,0.124274,0.25,2.0,2600.0,2600.0,"LINESTRING (-71.0814341 42.3306879, -71.0819081 42.3302529)"
8628,2982,5102,0.063038,0.25,2.0,2600.0,2600.0,"LINESTRING (-71.0816905 42.3319694, -71.0819385 42.3317532)"
8629,5102,2982,0.063038,0.25,2.0,2600.0,2600.0,"LINESTRING (-71.0819385 42.3317532, -71.0816905 42.3319694)"
8634,5119,5120,0.079754,0.25,2.0,2600.0,2600.0,"LINESTRING (-71.0791401 42.328943, -71.079016 42.32929)"
8635,5120,5119,0.079754,0.25,2.0,2600.0,2600.0,"LINESTRING (-71.079016 42.32929, -71.0791401 42.328943)"
8636,5119,937,0.09457,0.25,2.0,2600.0,2600.0,"LINESTRING (-71.0791401 42.328943, -71.0792794 42.3285303)"
8637,937,5119,0.09457,0.25,2.0,2600.0,2600.0,"LINESTRING (-71.0792794 42.3285303, -71.0791401 42.328943)"
8638,5091,5120,0.110286,0.25,2.0,2600.0,2600.0,"LINESTRING (-71.07944 42.329674, -71.079016 42.32929)"
8639,5120,5091,0.110286,0.25,2.0,2600.0,2600.0,"LINESTRING (-71.079016 42.32929, -71.07944 42.329674)"
8640,4656,4643,0.020978,0.25,2.0,2600.0,2600.0,"LINESTRING (-71.079307 42.332096, -71.0794029 42.3320335)"
8641,4643,4656,0.020978,0.25,2.0,2600.0,2600.0,"LINESTRING (-71.0794029 42.3320335, -71.079307 42.332096)"
8642,5084,5085,0.078448,0.25,2.0,2600.0,2600.0,"LINESTRING (-71.078321 42.330371, -71.078675 42.330135)"
8643,5085,5084,0.078448,0.25,2.0,2600.0,2600.0,"LINESTRING (-71.078675 42.330135, -71.078321 42.330371)"
8644,846,847,0.06156,0.25,2.0,2600.0,2600.0,"LINESTRING (-71.0798317 42.3361439, -71.0801 42.335951)"
8645,1308,1310,0.130106,0.25,2.0,2600.0,2600.0,"LINESTRING (-71.079362 42.334598, -71.079936 42.334196)"
8646,1319,1308,0.132722,0.25,2.0,2600.0,2600.0,"LINESTRING (-71.079845 42.33412, -71.079362 42.334598)"
8647,1310,2981,0.194796,0.25,2.0,2600.0,2600.0,"LINESTRING (-71.079936 42.334196, -71.0806353 42.3334892)"
8648,2981,1319,0.191332,0.25,2.0,2600.0,2600.0,"LINESTRING (-71.0806353 42.3334892, -71.079845 42.33412)"
8649,1826,2981,0.143732,0.25,2.0,2600.0,2600.0,"LINESTRING (-71.0810454 42.3329182, -71.0806353 42.3334892)"
8650,2981,1826,0.143732,0.25,2.0,2600.0,2600.0,"LINESTRING (-71.0806353 42.3334892, -71.0810454 42.3329182)"
8651,1826,2983,0.097168,0.25,2.0,2600.0,2600.0,"LINESTRING (-71.0810454 42.3329182, -71.080569 42.3326601)"
8652,2983,1826,0.097168,0.25,2.0,2600.0,2600.0,"LINESTRING (-71.080569 42.3326601, -71.0810454 42.3329182)"
8653,847,2430,0.32078,0.25,2.0,2600.0,2600.0,"LINESTRING (-71.0801 42.335951, -71.081457 42.334916)"
8654,2430,4549,0.12891,0.25,2.0,2600.0,2600.0,"LINESTRING (-71.081457 42.334916, -71.0819228 42.3344503)"
8655,1309,1311,0.1278,0.25,2.0,2600.0,2600.0,"LINESTRING (-71.079319 42.334638, -71.0787954 42.3350615)"
8656,1311,1309,0.1278,0.25,2.0,2600.0,2600.0,"LINESTRING (-71.0787954 42.3350615, -71.079319 42.334638)"
8657,1308,1309,0.011366,0.25,2.0,2600.0,2600.0,"LINESTRING (-71.079362 42.334598, -71.079319 42.334638)"
8658,1309,1308,0.011366,0.25,2.0,2600.0,2600.0,"LINESTRING (-71.079319 42.334638, -71.079362 42.334598)"
8659,2470,2471,0.142154,0.25,2.0,2600.0,2600.0,"LINESTRING (-71.0749488 42.3298365, -71.0748833 42.3304754)"
8660,2471,2470,0.142154,0.25,2.0,2600.0,2600.0,"LINESTRING (-71.0748833 42.3304754, -71.0749488 42.3298365)"
8661,3696,3697,0.105342,0.25,2.0,2600.0,2600.0,"LINESTRING (-71.076169 42.331703, -71.0756735 42.3320021)"
8662,3697,3696,0.105342,0.25,2.0,2600.0,2600.0,"LINESTRING (-71.0756735 42.3320021, -71.076169 42.331703)"
8663,4239,3698,0.345504,0.25,2.0,2600.0,2600.0,"LINESTRING (-71.0748651 42.3312302, -71.0769607 42.3312285)"
8664,3698,4239,0.345504,0.25,2.0,2600.0,2600.0,"LINESTRING (-71.0769607 42.3312285, -71.0748651 42.3312302)"
8665,3696,3698,0.167728,0.25,2.0,2600.0,2600.0,"LINESTRING (-71.076169 42.331703, -71.0769607 42.3312285)"
8666,3698,3696,0.167728,0.25,2.0,2600.0,2600.0,"LINESTRING (-71.0769607 42.3312285, -71.076169 42.331703)"
8667,2470,2472,0.175288,0.25,2.0,2600.0,2600.0,"LINESTRING (-71.0749488 42.3298365, -71.0750247 42.3290501)"
8668,2472,2470,0.175288,0.25,2.0,2600.0,2600.0,"LINESTRING (-71.0750247 42.3290501, -71.0749488 42.3298365)"
8669,2472,2473,0.165402,0.25,2.0,2600.0,2600.0,"LINESTRING (-71.0750247 42.3290501, -71.0750893 42.3283071)"
8670,2473,2472,0.165402,0.25,2.0,2600.0,2600.0,"LINESTRING (-71.0750893 42.3283071, -71.0750247 42.3290501)"
8671,4239,5276,0.08006,0.25,2.0,2600.0,2600.0,"LINESTRING (-71.0748651 42.3312302, -71.074843 42.3308698)"
8672,5276,4239,0.08006,0.25,2.0,2600.0,2600.0,"LINESTRING (-71.074843 42.3308698, -71.0748651 42.3312302)"
8673,5276,2471,0.088,0.25,2.0,2600.0,2600.0,"LINESTRING (-71.074843 42.3308698, -71.0748833 42.3304754)"
8674,2471,5276,0.088,0.25,2.0,2600.0,2600.0,"LINESTRING (-71.0748833 42.3304754, -71.074843 42.3308698)"
8675,3697,4239,0.21715,0.25,2.0,2600.0,2600.0,"LINESTRING (-71.0756735 42.3320021, -71.0748651 42.3312302)"
8676,4239,3697,0.21715,0.25,2.0,2600.0,2600.0,"LINESTRING (-71.0748651 42.3312302, -71.0756735 42.3320021)"
8677,4236,2823,0.2235653333333333,0.25,2.0,8000.0,8000.0,"LINESTRING (-71.076536 42.3360423, -71.0751814 42.3349159)"
8678,4010,952,0.115344,0.25,2.0,2600.0,2600.0,"LINESTRING (-71.0757481 42.3344434, -71.076216 42.334829)"
8679,4010,4678,0.2421,0.25,2.0,2600.0,2600.0,"LINESTRING (-71.0757481 42.3344434, -71.0750259 42.3334941)"
8680,4678,4010,0.2421,0.25,2.0,2600.0,2600.0,"LINESTRING (-71.0750259 42.3334941, -71.0757481 42.3344434)"
8681,4010,5070,0.283078,0.25,2.0,2600.0,2600.0,"LINESTRING (-71.0757481 42.3344434, -71.0770373 42.333601)"
8682,5070,4010,0.283078,0.25,2.0,2600.0,2600.0,"LINESTRING (-71.0770373 42.333601, -71.0757481 42.3344434)"
8683,5069,5070,0.117914,0.25,2.0,2600.0,2600.0,"LINESTRING (-71.07757 42.333247, -71.0770373 42.333601)"
8684,5070,5069,0.117914,0.25,2.0,2600.0,2600.0,"LINESTRING (-71.0770373 42.333601, -71.07757 42.333247)"
8685,953,4083,0.175996,0.25,2.0,2600.0,2600.0,"LINESTRING (-71.076384 42.33496, -71.0771043 42.3355447)"
8686,4039,1312,0.110334,0.25,2.0,2600.0,2600.0,"LINESTRING (-71.0772013 42.3356289, -71.077632 42.336009)"
8687,4083,4039,0.024574,0.25,2.0,2600.0,2600.0,"LINESTRING (-71.0771043 42.3355447, -71.0772013 42.3356289)"
8688,952,953,0.040172,0.25,2.0,2600.0,2600.0,"LINESTRING (-71.076216 42.334829, -71.076384 42.33496)"
8689,4232,4678,0.170878,0.25,2.0,2600.0,2600.0,"LINESTRING (-71.0744072 42.3328771, -71.0750259 42.3334941)"
8690,4678,4232,0.170878,0.25,2.0,2600.0,2600.0,"LINESTRING (-71.0750259 42.3334941, -71.0744072 42.3328771)"
8691,4232,4240,0.018034,0.25,2.0,2600.0,2600.0,"LINESTRING (-71.0744072 42.3328771, -71.0743232 42.3328245)"
8692,4240,4232,0.018034,0.25,2.0,2600.0,2600.0,"LINESTRING (-71.0743232 42.3328245, -71.0744072 42.3328771)"
8693,2822,2825,0.1465,0.25,2.0,2600.0,2600.0,"LINESTRING (-71.0750961 42.3349908, -71.0744876 42.3354723)"
8694,2825,2822,0.1465,0.25,2.0,2600.0,2600.0,"LINESTRING (-71.0744876 42.3354723, -71.0750961 42.3349908)"
8695,4009,2823,0.072342,0.25,2.0,2600.0,2600.0,"LINESTRING (-71.0754667 42.3346694, -71.0751814 42.3349159)"
8696,2823,4009,0.072342,0.25,2.0,2600.0,2600.0,"LINESTRING (-71.0751814 42.3349159, -71.0754667 42.3346694)"
8697,4009,4010,0.06831,0.25,2.0,2600.0,2600.0,"LINESTRING (-71.0754667 42.3346694, -71.0757481 42.3344434)"
8698,4010,4009,0.06831,0.25,2.0,2600.0,2600.0,"LINESTRING (-71.0757481 42.3344434, -71.0754667 42.3346694)"
8699,2822,2823,0.02177,0.25,2.0,2600.0,2600.0,"LINESTRING (-71.0750961 42.3349908, -71.0751814 42.3349159)"
8700,2823,2822,0.02177,0.25,2.0,2600.0,2600.0,"LINESTRING (-71.0751814 42.3349159, -71.0750961 42.3349908)"
8701,3578,2825,0.153696,0.25,2.0,2600.0,2600.0,"LINESTRING (-71.0738555 42.3359798, -71.0744876 42.3354723)"
8702,2825,3578,0.153696,0.25,2.0,2600.0,2600.0,"LINESTRING (-71.0744876 42.3354723, -71.0738555 42.3359798)"
9,2152,3041,0.878078,0.25,2.0,13200.0,13200.0,"LINESTRING (-71.0378771 42.3467748, -71.0483372 42.3482859)"
