od_id,departure_time,mu_transit_sensitivity,mode,probability_s1,probability_restore,_merge,probability_abs_error,person_demand_abs_error
panel_od_001,12:30:00,0.25,BK,0.01789,0.01789,both,0.0,0.0
panel_od_001,12:30:00,0.25,DA,0.7265,0.7265,both,0.0,0.0
panel_od_001,12:30:00,0.25,RS,0.00989,0.00989,both,0.0,0.0
panel_od_001,12:30:00,0.25,S2,0.10296,0.10296,both,0.0,0.0
panel_od_001,12:30:00,0.25,S3,0.03579,0.03579000000000001,both,6.938893903907228e-18,2.7755575615628914e-17
panel_od_001,12:30:00,0.25,SB,0.0,0.0,both,0.0,0.0
panel_od_001,12:30:00,0.25,TA,0.02789,0.02789,both,0.0,0.0
panel_od_001,12:30:00,0.25,TW,0.04099,0.04099,both,0.0,0.0
panel_od_001,12:30:00,0.25,WK,0.03809,0.03809,both,0.0,0.0
panel_od_001,12:30:00,0.5,BK,0.01789,0.01789,both,0.0,0.0
panel_od_001,12:30:00,0.5,DA,0.7265,0.7265,both,0.0,0.0
panel_od_001,12:30:00,0.5,RS,0.00989,0.00989,both,0.0,0.0
panel_od_001,12:30:00,0.5,S2,0.10296,0.10296,both,0.0,0.0
panel_od_001,12:30:00,0.5,S3,0.03579,0.03579000000000001,both,6.938893903907228e-18,2.7755575615628914e-17
panel_od_001,12:30:00,0.5,SB,0.0,0.0,both,0.0,0.0
panel_od_001,12:30:00,0.5,TA,0.02789,0.02789,both,0.0,0.0
panel_od_001,12:30:00,0.5,TW,0.04099,0.04099,both,0.0,0.0
panel_od_001,12:30:00,0.5,WK,0.03809,0.03809,both,0.0,0.0
panel_od_001,12:30:00,0.75,BK,0.01789,0.01789,both,0.0,0.0
panel_od_001,12:30:00,0.75,DA,0.7265,0.7265,both,0.0,0.0
panel_od_001,12:30:00,0.75,RS,0.00989,0.00989,both,0.0,0.0
panel_od_001,12:30:00,0.75,S2,0.10296,0.10296,both,0.0,0.0
panel_od_001,12:30:00,0.75,S3,0.03579,0.03579000000000001,both,6.938893903907228e-18,2.7755575615628914e-17
panel_od_001,12:30:00,0.75,SB,0.0,0.0,both,0.0,0.0
panel_od_001,12:30:00,0.75,TA,0.02789,0.02789,both,0.0,0.0
panel_od_001,12:30:00,0.75,TW,0.04099,0.04099,both,0.0,0.0
panel_od_001,12:30:00,0.75,WK,0.03809,0.03809,both,0.0,0.0
panel_od_001,12:30:00,1.0,BK,0.01789,0.01789,both,0.0,0.0
panel_od_001,12:30:00,1.0,DA,0.7265,0.7265,both,0.0,0.0
panel_od_001,12:30:00,1.0,RS,0.00989,0.00989,both,0.0,0.0
panel_od_001,12:30:00,1.0,S2,0.10296,0.10296,both,0.0,0.0
panel_od_001,12:30:00,1.0,S3,0.03579,0.03579000000000001,both,6.938893903907228e-18,2.7755575615628914e-17
panel_od_001,12:30:00,1.0,SB,0.0,0.0,both,0.0,0.0
panel_od_001,12:30:00,1.0,TA,0.02789,0.02789,both,0.0,0.0
panel_od_001,12:30:00,1.0,TW,0.04099,0.04099,both,0.0,0.0
panel_od_001,12:30:00,1.0,WK,0.03809,0.03809,both,0.0,0.0
panel_od_001,12:40:00,0.25,BK,0.01789,0.01789,both,0.0,0.0
panel_od_001,12:40:00,0.25,DA,0.7265,0.7265,both,0.0,0.0
panel_od_001,12:40:00,0.25,RS,0.00989,0.00989,both,0.0,0.0
panel_od_001,12:40:00,0.25,S2,0.10296,0.10296,both,0.0,0.0
panel_od_001,12:40:00,0.25,S3,0.03579,0.03579000000000001,both,6.938893903907228e-18,2.7755575615628914e-17
panel_od_001,12:40:00,0.25,SB,0.0,0.0,both,0.0,0.0
panel_od_001,12:40:00,0.25,TA,0.02789,0.02789,both,0.0,0.0
panel_od_001,12:40:00,0.25,TW,0.04099,0.04099,both,0.0,0.0
panel_od_001,12:40:00,0.25,WK,0.03809,0.03809,both,0.0,0.0
panel_od_001,12:40:00,0.5,BK,0.01789,0.01789,both,0.0,0.0
panel_od_001,12:40:00,0.5,DA,0.7265,0.7265,both,0.0,0.0
panel_od_001,12:40:00,0.5,RS,0.00989,0.00989,both,0.0,0.0
panel_od_001,12:40:00,0.5,S2,0.10296,0.10296,both,0.0,0.0
panel_od_001,12:40:00,0.5,S3,0.03579,0.03579000000000001,both,6.938893903907228e-18,2.7755575615628914e-17
panel_od_001,12:40:00,0.5,SB,0.0,0.0,both,0.0,0.0
panel_od_001,12:40:00,0.5,TA,0.02789,0.02789,both,0.0,0.0
panel_od_001,12:40:00,0.5,TW,0.04099,0.04099,both,0.0,0.0
panel_od_001,12:40:00,0.5,WK,0.03809,0.03809,both,0.0,0.0
panel_od_001,12:40:00,0.75,BK,0.01789,0.01789,both,0.0,0.0
panel_od_001,12:40:00,0.75,DA,0.7265,0.7265,both,0.0,0.0
panel_od_001,12:40:00,0.75,RS,0.00989,0.00989,both,0.0,0.0
panel_od_001,12:40:00,0.75,S2,0.10296,0.10296,both,0.0,0.0
panel_od_001,12:40:00,0.75,S3,0.03579,0.03579000000000001,both,6.938893903907228e-18,2.7755575615628914e-17
panel_od_001,12:40:00,0.75,SB,0.0,0.0,both,0.0,0.0
panel_od_001,12:40:00,0.75,TA,0.02789,0.02789,both,0.0,0.0
panel_od_001,12:40:00,0.75,TW,0.04099,0.04099,both,0.0,0.0
panel_od_001,12:40:00,0.75,WK,0.03809,0.03809,both,0.0,0.0
panel_od_001,12:40:00,1.0,BK,0.01789,0.01789,both,0.0,0.0
panel_od_001,12:40:00,1.0,DA,0.7265,0.7265,both,0.0,0.0
panel_od_001,12:40:00,1.0,RS,0.00989,0.00989,both,0.0,0.0
panel_od_001,12:40:00,1.0,S2,0.10296,0.10296,both,0.0,0.0
panel_od_001,12:40:00,1.0,S3,0.03579,0.03579000000000001,both,6.938893903907228e-18,2.7755575615628914e-17
panel_od_001,12:40:00,1.0,SB,0.0,0.0,both,0.0,0.0
panel_od_001,12:40:00,1.0,TA,0.02789,0.02789,both,0.0,0.0
panel_od_001,12:40:00,1.0,TW,0.04099,0.04099,both,0.0,0.0
panel_od_001,12:40:00,1.0,WK,0.03809,0.03809,both,0.0,0.0
panel_od_001,12:50:00,0.25,BK,0.01789,0.01789,both,0.0,0.0
panel_od_001,12:50:00,0.25,DA,0.7265,0.7265,both,0.0,0.0
panel_od_001,12:50:00,0.25,RS,0.00989,0.00989,both,0.0,0.0
panel_od_001,12:50:00,0.25,S2,0.10296,0.10296,both,0.0,0.0
panel_od_001,12:50:00,0.25,S3,0.03579,0.03579000000000001,both,6.938893903907228e-18,2.7755575615628914e-17
panel_od_001,12:50:00,0.25,SB,0.0,0.0,both,0.0,0.0
panel_od_001,12:50:00,0.25,TA,0.02789,0.02789,both,0.0,0.0
panel_od_001,12:50:00,0.25,TW,0.04099,0.04099,both,0.0,0.0
panel_od_001,12:50:00,0.25,WK,0.03809,0.03809,both,0.0,0.0
panel_od_001,12:50:00,0.5,BK,0.01789,0.01789,both,0.0,0.0
panel_od_001,12:50:00,0.5,DA,0.7265,0.7265,both,0.0,0.0
panel_od_001,12:50:00,0.5,RS,0.00989,0.00989,both,0.0,0.0
panel_od_001,12:50:00,0.5,S2,0.10296,0.10296,both,0.0,0.0
panel_od_001,12:50:00,0.5,S3,0.03579,0.03579000000000001,both,6.938893903907228e-18,2.7755575615628914e-17
panel_od_001,12:50:00,0.5,SB,0.0,0.0,both,0.0,0.0
panel_od_001,12:50:00,0.5,TA,0.02789,0.02789,both,0.0,0.0
panel_od_001,12:50:00,0.5,TW,0.04099,0.04099,both,0.0,0.0
panel_od_001,12:50:00,0.5,WK,0.03809,0.03809,both,0.0,0.0
panel_od_001,12:50:00,0.75,BK,0.01789,0.01789,both,0.0,0.0
panel_od_001,12:50:00,0.75,DA,0.7265,0.7265,both,0.0,0.0
panel_od_001,12:50:00,0.75,RS,0.00989,0.00989,both,0.0,0.0
panel_od_001,12:50:00,0.75,S2,0.10296,0.10296,both,0.0,0.0
panel_od_001,12:50:00,0.75,S3,0.03579,0.03579000000000001,both,6.938893903907228e-18,2.7755575615628914e-17
panel_od_001,12:50:00,0.75,SB,0.0,0.0,both,0.0,0.0
panel_od_001,12:50:00,0.75,TA,0.02789,0.02789,both,0.0,0.0
panel_od_001,12:50:00,0.75,TW,0.04099,0.04099,both,0.0,0.0
panel_od_001,12:50:00,0.75,WK,0.03809,0.03809,both,0.0,0.0
panel_od_001,12:50:00,1.0,BK,0.01789,0.01789,both,0.0,0.0
panel_od_001,12:50:00,1.0,DA,0.7265,0.7265,both,0.0,0.0
panel_od_001,12:50:00,1.0,RS,0.00989,0.00989,both,0.0,0.0
panel_od_001,12:50:00,1.0,S2,0.10296,0.10296,both,0.0,0.0
panel_od_001,12:50:00,1.0,S3,0.03579,0.03579000000000001,both,6.938893903907228e-18,2.7755575615628914e-17
panel_od_001,12:50:00,1.0,SB,0.0,0.0,both,0.0,0.0
panel_od_001,12:50:00,1.0,TA,0.02789,0.02789,both,0.0,0.0
panel_od_001,12:50:00,1.0,TW,0.04099,0.04099,both,0.0,0.0
panel_od_001,12:50:00,1.0,WK,0.03809,0.03809,both,0.0,0.0
panel_od_002,12:30:00,0.25,BK,0.01789,0.01789,both,0.0,0.0
panel_od_002,12:30:00,0.25,DA,0.7265,0.7265,both,0.0,0.0
panel_od_002,12:30:00,0.25,RS,0.00989,0.00989,both,0.0,0.0
panel_od_002,12:30:00,0.25,S2,0.10296,0.10296,both,0.0,0.0
panel_od_002,12:30:00,0.25,S3,0.03579,0.03579000000000001,both,6.938893903907228e-18,2.7755575615628914e-17
panel_od_002,12:30:00,0.25,SB,0.0,0.0,both,0.0,0.0
panel_od_002,12:30:00,0.25,TA,0.02789,0.02789,both,0.0,0.0
panel_od_002,12:30:00,0.25,TW,0.04099,0.04099,both,0.0,0.0
panel_od_002,12:30:00,0.25,WK,0.03809,0.03809,both,0.0,0.0
panel_od_002,12:30:00,0.5,BK,0.01789,0.01789,both,0.0,0.0
panel_od_002,12:30:00,0.5,DA,0.7265,0.7265,both,0.0,0.0
panel_od_002,12:30:00,0.5,RS,0.00989,0.00989,both,0.0,0.0
panel_od_002,12:30:00,0.5,S2,0.10296,0.10296,both,0.0,0.0
panel_od_002,12:30:00,0.5,S3,0.03579,0.03579000000000001,both,6.938893903907228e-18,2.7755575615628914e-17
panel_od_002,12:30:00,0.5,SB,0.0,0.0,both,0.0,0.0
panel_od_002,12:30:00,0.5,TA,0.02789,0.02789,both,0.0,0.0
panel_od_002,12:30:00,0.5,TW,0.04099,0.04099,both,0.0,0.0
panel_od_002,12:30:00,0.5,WK,0.03809,0.03809,both,0.0,0.0
panel_od_002,12:30:00,0.75,BK,0.01789,0.01789,both,0.0,0.0
panel_od_002,12:30:00,0.75,DA,0.7265,0.7265,both,0.0,0.0
panel_od_002,12:30:00,0.75,RS,0.00989,0.00989,both,0.0,0.0
panel_od_002,12:30:00,0.75,S2,0.10296,0.10296,both,0.0,0.0
panel_od_002,12:30:00,0.75,S3,0.03579,0.03579000000000001,both,6.938893903907228e-18,2.7755575615628914e-17
panel_od_002,12:30:00,0.75,SB,0.0,0.0,both,0.0,0.0
panel_od_002,12:30:00,0.75,TA,0.02789,0.02789,both,0.0,0.0
panel_od_002,12:30:00,0.75,TW,0.04099,0.04099,both,0.0,0.0
panel_od_002,12:30:00,0.75,WK,0.03809,0.03809,both,0.0,0.0
panel_od_002,12:30:00,1.0,BK,0.01789,0.01789,both,0.0,0.0
panel_od_002,12:30:00,1.0,DA,0.7265,0.7265,both,0.0,0.0
panel_od_002,12:30:00,1.0,RS,0.00989,0.00989,both,0.0,0.0
panel_od_002,12:30:00,1.0,S2,0.10296,0.10296,both,0.0,0.0
panel_od_002,12:30:00,1.0,S3,0.03579,0.03579000000000001,both,6.938893903907228e-18,2.7755575615628914e-17
panel_od_002,12:30:00,1.0,SB,0.0,0.0,both,0.0,0.0
panel_od_002,12:30:00,1.0,TA,0.02789,0.02789,both,0.0,0.0
panel_od_002,12:30:00,1.0,TW,0.04099,0.04099,both,0.0,0.0
panel_od_002,12:30:00,1.0,WK,0.03809,0.03809,both,0.0,0.0
panel_od_002,12:40:00,0.25,BK,0.01789,0.01789,both,0.0,0.0
panel_od_002,12:40:00,0.25,DA,0.7265,0.7265,both,0.0,0.0
panel_od_002,12:40:00,0.25,RS,0.00989,0.00989,both,0.0,0.0
panel_od_002,12:40:00,0.25,S2,0.10296,0.10296,both,0.0,0.0
panel_od_002,12:40:00,0.25,S3,0.03579,0.03579000000000001,both,6.938893903907228e-18,2.7755575615628914e-17
panel_od_002,12:40:00,0.25,SB,0.0,0.0,both,0.0,0.0
panel_od_002,12:40:00,0.25,TA,0.02789,0.02789,both,0.0,0.0
panel_od_002,12:40:00,0.25,TW,0.04099,0.04099,both,0.0,0.0
panel_od_002,12:40:00,0.25,WK,0.03809,0.03809,both,0.0,0.0
panel_od_002,12:40:00,0.5,BK,0.01789,0.01789,both,0.0,0.0
panel_od_002,12:40:00,0.5,DA,0.7265,0.7265,both,0.0,0.0
panel_od_002,12:40:00,0.5,RS,0.00989,0.00989,both,0.0,0.0
panel_od_002,12:40:00,0.5,S2,0.10296,0.10296,both,0.0,0.0
panel_od_002,12:40:00,0.5,S3,0.03579,0.03579000000000001,both,6.938893903907228e-18,2.7755575615628914e-17
panel_od_002,12:40:00,0.5,SB,0.0,0.0,both,0.0,0.0
panel_od_002,12:40:00,0.5,TA,0.02789,0.02789,both,0.0,0.0
panel_od_002,12:40:00,0.5,TW,0.04099,0.04099,both,0.0,0.0
panel_od_002,12:40:00,0.5,WK,0.03809,0.03809,both,0.0,0.0
panel_od_002,12:40:00,0.75,BK,0.01789,0.01789,both,0.0,0.0
panel_od_002,12:40:00,0.75,DA,0.7265,0.7265,both,0.0,0.0
panel_od_002,12:40:00,0.75,RS,0.00989,0.00989,both,0.0,0.0
panel_od_002,12:40:00,0.75,S2,0.10296,0.10296,both,0.0,0.0
panel_od_002,12:40:00,0.75,S3,0.03579,0.03579000000000001,both,6.938893903907228e-18,2.7755575615628914e-17
panel_od_002,12:40:00,0.75,SB,0.0,0.0,both,0.0,0.0
panel_od_002,12:40:00,0.75,TA,0.02789,0.02789,both,0.0,0.0
panel_od_002,12:40:00,0.75,TW,0.04099,0.04099,both,0.0,0.0
panel_od_002,12:40:00,0.75,WK,0.03809,0.03809,both,0.0,0.0
panel_od_002,12:40:00,1.0,BK,0.01789,0.01789,both,0.0,0.0
panel_od_002,12:40:00,1.0,DA,0.7265,0.7265,both,0.0,0.0
panel_od_002,12:40:00,1.0,RS,0.00989,0.00989,both,0.0,0.0
panel_od_002,12:40:00,1.0,S2,0.10296,0.10296,both,0.0,0.0
panel_od_002,12:40:00,1.0,S3,0.03579,0.03579000000000001,both,6.938893903907228e-18,2.7755575615628914e-17
panel_od_002,12:40:00,1.0,SB,0.0,0.0,both,0.0,0.0
panel_od_002,12:40:00,1.0,TA,0.02789,0.02789,both,0.0,0.0
panel_od_002,12:40:00,1.0,TW,0.04099,0.04099,both,0.0,0.0
panel_od_002,12:40:00,1.0,WK,0.03809,0.03809,both,0.0,0.0
panel_od_002,12:50:00,0.25,BK,0.01789,0.01789,both,0.0,0.0
panel_od_002,12:50:00,0.25,DA,0.7265,0.7265,both,0.0,0.0
panel_od_002,12:50:00,0.25,RS,0.00989,0.00989,both,0.0,0.0
panel_od_002,12:50:00,0.25,S2,0.10296,0.10296,both,0.0,0.0
panel_od_002,12:50:00,0.25,S3,0.03579,0.03579000000000001,both,6.938893903907228e-18,2.7755575615628914e-17
panel_od_002,12:50:00,0.25,SB,0.0,0.0,both,0.0,0.0
panel_od_002,12:50:00,0.25,TA,0.02789,0.02789,both,0.0,0.0
panel_od_002,12:50:00,0.25,TW,0.04099,0.04099,both,0.0,0.0
panel_od_002,12:50:00,0.25,WK,0.03809,0.03809,both,0.0,0.0
panel_od_002,12:50:00,0.5,BK,0.01789,0.01789,both,0.0,0.0
panel_od_002,12:50:00,0.5,DA,0.7265,0.7265,both,0.0,0.0
panel_od_002,12:50:00,0.5,RS,0.00989,0.00989,both,0.0,0.0
panel_od_002,12:50:00,0.5,S2,0.10296,0.10296,both,0.0,0.0
panel_od_002,12:50:00,0.5,S3,0.03579,0.03579000000000001,both,6.938893903907228e-18,2.7755575615628914e-17
panel_od_002,12:50:00,0.5,SB,0.0,0.0,both,0.0,0.0
panel_od_002,12:50:00,0.5,TA,0.02789,0.02789,both,0.0,0.0
panel_od_002,12:50:00,0.5,TW,0.04099,0.04099,both,0.0,0.0
panel_od_002,12:50:00,0.5,WK,0.03809,0.03809,both,0.0,0.0
panel_od_002,12:50:00,0.75,BK,0.01789,0.01789,both,0.0,0.0
panel_od_002,12:50:00,0.75,DA,0.7265,0.7265,both,0.0,0.0
panel_od_002,12:50:00,0.75,RS,0.00989,0.00989,both,0.0,0.0
panel_od_002,12:50:00,0.75,S2,0.10296,0.10296,both,0.0,0.0
panel_od_002,12:50:00,0.75,S3,0.03579,0.03579000000000001,both,6.938893903907228e-18,2.7755575615628914e-17
panel_od_002,12:50:00,0.75,SB,0.0,0.0,both,0.0,0.0
panel_od_002,12:50:00,0.75,TA,0.02789,0.02789,both,0.0,0.0
panel_od_002,12:50:00,0.75,TW,0.04099,0.04099,both,0.0,0.0
panel_od_002,12:50:00,0.75,WK,0.03809,0.03809,both,0.0,0.0
panel_od_002,12:50:00,1.0,BK,0.01789,0.01789,both,0.0,0.0
panel_od_002,12:50:00,1.0,DA,0.7265,0.7265,both,0.0,0.0
panel_od_002,12:50:00,1.0,RS,0.00989,0.00989,both,0.0,0.0
panel_od_002,12:50:00,1.0,S2,0.10296,0.10296,both,0.0,0.0
panel_od_002,12:50:00,1.0,S3,0.03579,0.03579000000000001,both,6.938893903907228e-18,2.7755575615628914e-17
panel_od_002,12:50:00,1.0,SB,0.0,0.0,both,0.0,0.0
panel_od_002,12:50:00,1.0,TA,0.02789,0.02789,both,0.0,0.0
panel_od_002,12:50:00,1.0,TW,0.04099,0.04099,both,0.0,0.0
panel_od_002,12:50:00,1.0,WK,0.03809,0.03809,both,0.0,0.0
panel_od_003,12:30:00,0.25,BK,0.01789,0.01789,both,0.0,0.0
panel_od_003,12:30:00,0.25,DA,0.7265,0.7265,both,0.0,0.0
panel_od_003,12:30:00,0.25,RS,0.00989,0.00989,both,0.0,0.0
panel_od_003,12:30:00,0.25,S2,0.10296,0.10296,both,0.0,0.0
panel_od_003,12:30:00,0.25,S3,0.03579,0.03579000000000001,both,6.938893903907228e-18,2.7755575615628914e-17
panel_od_003,12:30:00,0.25,SB,0.0,0.0,both,0.0,0.0
panel_od_003,12:30:00,0.25,TA,0.02789,0.02789,both,0.0,0.0
panel_od_003,12:30:00,0.25,TW,0.04099,0.04099,both,0.0,0.0
panel_od_003,12:30:00,0.25,WK,0.03809,0.03809,both,0.0,0.0
panel_od_003,12:30:00,0.5,BK,0.01789,0.01789,both,0.0,0.0
panel_od_003,12:30:00,0.5,DA,0.7265,0.7265,both,0.0,0.0
panel_od_003,12:30:00,0.5,RS,0.00989,0.00989,both,0.0,0.0
panel_od_003,12:30:00,0.5,S2,0.10296,0.10296,both,0.0,0.0
panel_od_003,12:30:00,0.5,S3,0.03579,0.03579000000000001,both,6.938893903907228e-18,2.7755575615628914e-17
panel_od_003,12:30:00,0.5,SB,0.0,0.0,both,0.0,0.0
panel_od_003,12:30:00,0.5,TA,0.02789,0.02789,both,0.0,0.0
panel_od_003,12:30:00,0.5,TW,0.04099,0.04099,both,0.0,0.0
panel_od_003,12:30:00,0.5,WK,0.03809,0.03809,both,0.0,0.0
panel_od_003,12:30:00,0.75,BK,0.01789,0.01789,both,0.0,0.0
panel_od_003,12:30:00,0.75,DA,0.7265,0.7265,both,0.0,0.0
panel_od_003,12:30:00,0.75,RS,0.00989,0.00989,both,0.0,0.0
panel_od_003,12:30:00,0.75,S2,0.10296,0.10296,both,0.0,0.0
panel_od_003,12:30:00,0.75,S3,0.03579,0.03579000000000001,both,6.938893903907228e-18,2.7755575615628914e-17
panel_od_003,12:30:00,0.75,SB,0.0,0.0,both,0.0,0.0
panel_od_003,12:30:00,0.75,TA,0.02789,0.02789,both,0.0,0.0
panel_od_003,12:30:00,0.75,TW,0.04099,0.04099,both,0.0,0.0
panel_od_003,12:30:00,0.75,WK,0.03809,0.03809,both,0.0,0.0
panel_od_003,12:30:00,1.0,BK,0.01789,0.01789,both,0.0,0.0
panel_od_003,12:30:00,1.0,DA,0.7265,0.7265,both,0.0,0.0
panel_od_003,12:30:00,1.0,RS,0.00989,0.00989,both,0.0,0.0
panel_od_003,12:30:00,1.0,S2,0.10296,0.10296,both,0.0,0.0
panel_od_003,12:30:00,1.0,S3,0.03579,0.03579000000000001,both,6.938893903907228e-18,2.7755575615628914e-17
panel_od_003,12:30:00,1.0,SB,0.0,0.0,both,0.0,0.0
panel_od_003,12:30:00,1.0,TA,0.02789,0.02789,both,0.0,0.0
panel_od_003,12:30:00,1.0,TW,0.04099,0.04099,both,0.0,0.0
panel_od_003,12:30:00,1.0,WK,0.03809,0.03809,both,0.0,0.0
panel_od_003,12:40:00,0.25,BK,0.01789,0.01789,both,0.0,0.0
panel_od_003,12:40:00,0.25,DA,0.7265,0.7265,both,0.0,0.0
panel_od_003,12:40:00,0.25,RS,0.00989,0.00989,both,0.0,0.0
panel_od_003,12:40:00,0.25,S2,0.10296,0.10296,both,0.0,0.0
panel_od_003,12:40:00,0.25,S3,0.03579,0.03579000000000001,both,6.938893903907228e-18,2.7755575615628914e-17
panel_od_003,12:40:00,0.25,SB,0.0,0.0,both,0.0,0.0
panel_od_003,12:40:00,0.25,TA,0.02789,0.02789,both,0.0,0.0
panel_od_003,12:40:00,0.25,TW,0.04099,0.04099,both,0.0,0.0
panel_od_003,12:40:00,0.25,WK,0.03809,0.03809,both,0.0,0.0
panel_od_003,12:40:00,0.5,BK,0.01789,0.01789,both,0.0,0.0
panel_od_003,12:40:00,0.5,DA,0.7265,0.7265,both,0.0,0.0
panel_od_003,12:40:00,0.5,RS,0.00989,0.00989,both,0.0,0.0
panel_od_003,12:40:00,0.5,S2,0.10296,0.10296,both,0.0,0.0
panel_od_003,12:40:00,0.5,S3,0.03579,0.03579000000000001,both,6.938893903907228e-18,2.7755575615628914e-17
panel_od_003,12:40:00,0.5,SB,0.0,0.0,both,0.0,0.0
panel_od_003,12:40:00,0.5,TA,0.02789,0.02789,both,0.0,0.0
panel_od_003,12:40:00,0.5,TW,0.04099,0.04099,both,0.0,0.0
panel_od_003,12:40:00,0.5,WK,0.03809,0.03809,both,0.0,0.0
panel_od_003,12:40:00,0.75,BK,0.01789,0.01789,both,0.0,0.0
panel_od_003,12:40:00,0.75,DA,0.7265,0.7265,both,0.0,0.0
panel_od_003,12:40:00,0.75,RS,0.00989,0.00989,both,0.0,0.0
panel_od_003,12:40:00,0.75,S2,0.10296,0.10296,both,0.0,0.0
panel_od_003,12:40:00,0.75,S3,0.03579,0.03579000000000001,both,6.938893903907228e-18,2.7755575615628914e-17
panel_od_003,12:40:00,0.75,SB,0.0,0.0,both,0.0,0.0
panel_od_003,12:40:00,0.75,TA,0.02789,0.02789,both,0.0,0.0
panel_od_003,12:40:00,0.75,TW,0.04099,0.04099,both,0.0,0.0
panel_od_003,12:40:00,0.75,WK,0.03809,0.03809,both,0.0,0.0
panel_od_003,12:40:00,1.0,BK,0.01789,0.01789,both,0.0,0.0
panel_od_003,12:40:00,1.0,DA,0.7265,0.7265,both,0.0,0.0
panel_od_003,12:40:00,1.0,RS,0.00989,0.00989,both,0.0,0.0
panel_od_003,12:40:00,1.0,S2,0.10296,0.10296,both,0.0,0.0
panel_od_003,12:40:00,1.0,S3,0.03579,0.03579000000000001,both,6.938893903907228e-18,2.7755575615628914e-17
panel_od_003,12:40:00,1.0,SB,0.0,0.0,both,0.0,0.0
panel_od_003,12:40:00,1.0,TA,0.02789,0.02789,both,0.0,0.0
panel_od_003,12:40:00,1.0,TW,0.04099,0.04099,both,0.0,0.0
panel_od_003,12:40:00,1.0,WK,0.03809,0.03809,both,0.0,0.0
panel_od_003,12:50:00,0.25,BK,0.01789,0.01789,both,0.0,0.0
panel_od_003,12:50:00,0.25,DA,0.7265,0.7265,both,0.0,0.0
panel_od_003,12:50:00,0.25,RS,0.00989,0.00989,both,0.0,0.0
panel_od_003,12:50:00,0.25,S2,0.10296,0.10296,both,0.0,0.0
panel_od_003,12:50:00,0.25,S3,0.03579,0.03579000000000001,both,6.938893903907228e-18,2.7755575615628914e-17
panel_od_003,12:50:00,0.25,SB,0.0,0.0,both,0.0,0.0
panel_od_003,12:50:00,0.25,TA,0.02789,0.02789,both,0.0,0.0
panel_od_003,12:50:00,0.25,TW,0.04099,0.04099,both,0.0,0.0
panel_od_003,12:50:00,0.25,WK,0.03809,0.03809,both,0.0,0.0
panel_od_003,12:50:00,0.5,BK,0.01789,0.01789,both,0.0,0.0
panel_od_003,12:50:00,0.5,DA,0.7265,0.7265,both,0.0,0.0
panel_od_003,12:50:00,0.5,RS,0.00989,0.00989,both,0.0,0.0
panel_od_003,12:50:00,0.5,S2,0.10296,0.10296,both,0.0,0.0
panel_od_003,12:50:00,0.5,S3,0.03579,0.03579000000000001,both,6.938893903907228e-18,2.7755575615628914e-17
panel_od_003,12:50:00,0.5,SB,0.0,0.0,both,0.0,0.0
panel_od_003,12:50:00,0.5,TA,0.02789,0.02789,both,0.0,0.0
panel_od_003,12:50:00,0.5,TW,0.04099,0.04099,both,0.0,0.0
panel_od_003,12:50:00,0.5,WK,0.03809,0.03809,both,0.0,0.0
panel_od_003,12:50:00,0.75,BK,0.01789,0.01789,both,0.0,0.0
panel_od_003,12:50:00,0.75,DA,0.7265,0.7265,both,0.0,0.0
panel_od_003,12:50:00,0.75,RS,0.00989,0.00989,both,0.0,0.0
panel_od_003,12:50:00,0.75,S2,0.10296,0.10296,both,0.0,0.0
panel_od_003,12:50:00,0.75,S3,0.03579,0.03579000000000001,both,6.938893903907228e-18,2.7755575615628914e-17
panel_od_003,12:50:00,0.75,SB,0.0,0.0,both,0.0,0.0
panel_od_003,12:50:00,0.75,TA,0.02789,0.02789,both,0.0,0.0
panel_od_003,12:50:00,0.75,TW,0.04099,0.04099,both,0.0,0.0
panel_od_003,12:50:00,0.75,WK,0.03809,0.03809,both,0.0,0.0
panel_od_003,12:50:00,1.0,BK,0.01789,0.01789,both,0.0,0.0
panel_od_003,12:50:00,1.0,DA,0.7265,0.7265,both,0.0,0.0
panel_od_003,12:50:00,1.0,RS,0.00989,0.00989,both,0.0,0.0
panel_od_003,12:50:00,1.0,S2,0.10296,0.10296,both,0.0,0.0
panel_od_003,12:50:00,1.0,S3,0.03579,0.03579000000000001,both,6.938893903907228e-18,2.7755575615628914e-17
panel_od_003,12:50:00,1.0,SB,0.0,0.0,both,0.0,0.0
panel_od_003,12:50:00,1.0,TA,0.02789,0.02789,both,0.0,0.0
panel_od_003,12:50:00,1.0,TW,0.04099,0.04099,both,0.0,0.0
panel_od_003,12:50:00,1.0,WK,0.03809,0.03809,both,0.0,0.0
panel_od_004,12:30:00,0.25,BK,0.01789,0.01789,both,0.0,0.0
panel_od_004,12:30:00,0.25,DA,0.7265,0.7265,both,0.0,0.0
panel_od_004,12:30:00,0.25,RS,0.00989,0.00989,both,0.0,0.0
panel_od_004,12:30:00,0.25,S2,0.10296,0.10296,both,0.0,0.0
panel_od_004,12:30:00,0.25,S3,0.03579,0.03579000000000001,both,6.938893903907228e-18,2.7755575615628914e-17
panel_od_004,12:30:00,0.25,SB,0.0,0.0,both,0.0,0.0
panel_od_004,12:30:00,0.25,TA,0.02789,0.02789,both,0.0,0.0
panel_od_004,12:30:00,0.25,TW,0.04099,0.04099,both,0.0,0.0
panel_od_004,12:30:00,0.25,WK,0.03809,0.03809,both,0.0,0.0
panel_od_004,12:30:00,0.5,BK,0.01789,0.01789,both,0.0,0.0
panel_od_004,12:30:00,0.5,DA,0.7265,0.7265,both,0.0,0.0
panel_od_004,12:30:00,0.5,RS,0.00989,0.00989,both,0.0,0.0
panel_od_004,12:30:00,0.5,S2,0.10296,0.10296,both,0.0,0.0
panel_od_004,12:30:00,0.5,S3,0.03579,0.03579000000000001,both,6.938893903907228e-18,2.7755575615628914e-17
panel_od_004,12:30:00,0.5,SB,0.0,0.0,both,0.0,0.0
panel_od_004,12:30:00,0.5,TA,0.02789,0.02789,both,0.0,0.0
panel_od_004,12:30:00,0.5,TW,0.04099,0.04099,both,0.0,0.0
panel_od_004,12:30:00,0.5,WK,0.03809,0.03809,both,0.0,0.0
panel_od_004,12:30:00,0.75,BK,0.01789,0.01789,both,0.0,0.0
panel_od_004,12:30:00,0.75,DA,0.7265,0.7265,both,0.0,0.0
panel_od_004,12:30:00,0.75,RS,0.00989,0.00989,both,0.0,0.0
panel_od_004,12:30:00,0.75,S2,0.10296,0.10296,both,0.0,0.0
panel_od_004,12:30:00,0.75,S3,0.03579,0.03579000000000001,both,6.938893903907228e-18,2.7755575615628914e-17
panel_od_004,12:30:00,0.75,SB,0.0,0.0,both,0.0,0.0
panel_od_004,12:30:00,0.75,TA,0.02789,0.02789,both,0.0,0.0
panel_od_004,12:30:00,0.75,TW,0.04099,0.04099,both,0.0,0.0
panel_od_004,12:30:00,0.75,WK,0.03809,0.03809,both,0.0,0.0
panel_od_004,12:30:00,1.0,BK,0.01789,0.01789,both,0.0,0.0
panel_od_004,12:30:00,1.0,DA,0.7265,0.7265,both,0.0,0.0
panel_od_004,12:30:00,1.0,RS,0.00989,0.00989,both,0.0,0.0
panel_od_004,12:30:00,1.0,S2,0.10296,0.10296,both,0.0,0.0
panel_od_004,12:30:00,1.0,S3,0.03579,0.03579000000000001,both,6.938893903907228e-18,2.7755575615628914e-17
panel_od_004,12:30:00,1.0,SB,0.0,0.0,both,0.0,0.0
panel_od_004,12:30:00,1.0,TA,0.02789,0.02789,both,0.0,0.0
panel_od_004,12:30:00,1.0,TW,0.04099,0.04099,both,0.0,0.0
panel_od_004,12:30:00,1.0,WK,0.03809,0.03809,both,0.0,0.0
panel_od_004,12:40:00,0.25,BK,0.01789,0.01789,both,0.0,0.0
panel_od_004,12:40:00,0.25,DA,0.7265,0.7265,both,0.0,0.0
panel_od_004,12:40:00,0.25,RS,0.00989,0.00989,both,0.0,0.0
panel_od_004,12:40:00,0.25,S2,0.10296,0.10296,both,0.0,0.0
panel_od_004,12:40:00,0.25,S3,0.03579,0.03579000000000001,both,6.938893903907228e-18,2.7755575615628914e-17
panel_od_004,12:40:00,0.25,SB,0.0,0.0,both,0.0,0.0
panel_od_004,12:40:00,0.25,TA,0.02789,0.02789,both,0.0,0.0
panel_od_004,12:40:00,0.25,TW,0.04099,0.04099,both,0.0,0.0
panel_od_004,12:40:00,0.25,WK,0.03809,0.03809,both,0.0,0.0
panel_od_004,12:40:00,0.5,BK,0.01789,0.01789,both,0.0,0.0
panel_od_004,12:40:00,0.5,DA,0.7265,0.7265,both,0.0,0.0
panel_od_004,12:40:00,0.5,RS,0.00989,0.00989,both,0.0,0.0
panel_od_004,12:40:00,0.5,S2,0.10296,0.10296,both,0.0,0.0
panel_od_004,12:40:00,0.5,S3,0.03579,0.03579000000000001,both,6.938893903907228e-18,2.7755575615628914e-17
panel_od_004,12:40:00,0.5,SB,0.0,0.0,both,0.0,0.0
panel_od_004,12:40:00,0.5,TA,0.02789,0.02789,both,0.0,0.0
panel_od_004,12:40:00,0.5,TW,0.04099,0.04099,both,0.0,0.0
panel_od_004,12:40:00,0.5,WK,0.03809,0.03809,both,0.0,0.0
panel_od_004,12:40:00,0.75,BK,0.01789,0.01789,both,0.0,0.0
panel_od_004,12:40:00,0.75,DA,0.7265,0.7265,both,0.0,0.0
panel_od_004,12:40:00,0.75,RS,0.00989,0.00989,both,0.0,0.0
panel_od_004,12:40:00,0.75,S2,0.10296,0.10296,both,0.0,0.0
panel_od_004,12:40:00,0.75,S3,0.03579,0.03579000000000001,both,6.938893903907228e-18,2.7755575615628914e-17
panel_od_004,12:40:00,0.75,SB,0.0,0.0,both,0.0,0.0
panel_od_004,12:40:00,0.75,TA,0.02789,0.02789,both,0.0,0.0
panel_od_004,12:40:00,0.75,TW,0.04099,0.04099,both,0.0,0.0
panel_od_004,12:40:00,0.75,WK,0.03809,0.03809,both,0.0,0.0
panel_od_004,12:40:00,1.0,BK,0.01789,0.01789,both,0.0,0.0
panel_od_004,12:40:00,1.0,DA,0.7265,0.7265,both,0.0,0.0
panel_od_004,12:40:00,1.0,RS,0.00989,0.00989,both,0.0,0.0
panel_od_004,12:40:00,1.0,S2,0.10296,0.10296,both,0.0,0.0
panel_od_004,12:40:00,1.0,S3,0.03579,0.03579000000000001,both,6.938893903907228e-18,2.7755575615628914e-17
panel_od_004,12:40:00,1.0,SB,0.0,0.0,both,0.0,0.0
panel_od_004,12:40:00,1.0,TA,0.02789,0.02789,both,0.0,0.0
panel_od_004,12:40:00,1.0,TW,0.04099,0.04099,both,0.0,0.0
panel_od_004,12:40:00,1.0,WK,0.03809,0.03809,both,0.0,0.0
panel_od_004,12:50:00,0.25,BK,0.01789,0.01789,both,0.0,0.0
panel_od_004,12:50:00,0.25,DA,0.7265,0.7265,both,0.0,0.0
panel_od_004,12:50:00,0.25,RS,0.00989,0.00989,both,0.0,0.0
panel_od_004,12:50:00,0.25,S2,0.10296,0.10296,both,0.0,0.0
panel_od_004,12:50:00,0.25,S3,0.03579,0.03579000000000001,both,6.938893903907228e-18,2.7755575615628914e-17
panel_od_004,12:50:00,0.25,SB,0.0,0.0,both,0.0,0.0
panel_od_004,12:50:00,0.25,TA,0.02789,0.02789,both,0.0,0.0
panel_od_004,12:50:00,0.25,TW,0.04099,0.04099,both,0.0,0.0
panel_od_004,12:50:00,0.25,WK,0.03809,0.03809,both,0.0,0.0
panel_od_004,12:50:00,0.5,BK,0.01789,0.01789,both,0.0,0.0
panel_od_004,12:50:00,0.5,DA,0.7265,0.7265,both,0.0,0.0
panel_od_004,12:50:00,0.5,RS,0.00989,0.00989,both,0.0,0.0
panel_od_004,12:50:00,0.5,S2,0.10296,0.10296,both,0.0,0.0
panel_od_004,12:50:00,0.5,S3,0.03579,0.03579000000000001,both,6.938893903907228e-18,2.7755575615628914e-17
panel_od_004,12:50:00,0.5,SB,0.0,0.0,both,0.0,0.0
panel_od_004,12:50:00,0.5,TA,0.02789,0.02789,both,0.0,0.0
panel_od_004,12:50:00,0.5,TW,0.04099,0.04099,both,0.0,0.0
panel_od_004,12:50:00,0.5,WK,0.03809,0.03809,both,0.0,0.0
panel_od_004,12:50:00,0.75,BK,0.01789,0.01789,both,0.0,0.0
panel_od_004,12:50:00,0.75,DA,0.7265,0.7265,both,0.0,0.0
panel_od_004,12:50:00,0.75,RS,0.00989,0.00989,both,0.0,0.0
panel_od_004,12:50:00,0.75,S2,0.10296,0.10296,both,0.0,0.0
panel_od_004,12:50:00,0.75,S3,0.03579,0.03579000000000001,both,6.938893903907228e-18,2.7755575615628914e-17
panel_od_004,12:50:00,0.75,SB,0.0,0.0,both,0.0,0.0
panel_od_004,12:50:00,0.75,TA,0.02789,0.02789,both,0.0,0.0
panel_od_004,12:50:00,0.75,TW,0.04099,0.04099,both,0.0,0.0
panel_od_004,12:50:00,0.75,WK,0.03809,0.03809,both,0.0,0.0
panel_od_004,12:50:00,1.0,BK,0.01789,0.01789,both,0.0,0.0
panel_od_004,12:50:00,1.0,DA,0.7265,0.7265,both,0.0,0.0
panel_od_004,12:50:00,1.0,RS,0.00989,0.00989,both,0.0,0.0
panel_od_004,12:50:00,1.0,S2,0.10296,0.10296,both,0.0,0.0
panel_od_004,12:50:00,1.0,S3,0.03579,0.03579000000000001,both,6.938893903907228e-18,2.7755575615628914e-17
panel_od_004,12:50:00,1.0,SB,0.0,0.0,both,0.0,0.0
panel_od_004,12:50:00,1.0,TA,0.02789,0.02789,both,0.0,0.0
panel_od_004,12:50:00,1.0,TW,0.04099,0.04099,both,0.0,0.0
panel_od_004,12:50:00,1.0,WK,0.03809,0.03809,both,0.0,0.0
panel_od_005,12:30:00,0.25,BK,0.01789,0.01789,both,0.0,0.0
panel_od_005,12:30:00,0.25,DA,0.7265,0.7265,both,0.0,0.0
panel_od_005,12:30:00,0.25,RS,0.00989,0.00989,both,0.0,0.0
panel_od_005,12:30:00,0.25,S2,0.10296,0.10296,both,0.0,0.0
panel_od_005,12:30:00,0.25,S3,0.03579,0.03579000000000001,both,6.938893903907228e-18,2.7755575615628914e-17
panel_od_005,12:30:00,0.25,SB,0.0,0.0,both,0.0,0.0
panel_od_005,12:30:00,0.25,TA,0.02789,0.02789,both,0.0,0.0
panel_od_005,12:30:00,0.25,TW,0.04099,0.04099,both,0.0,0.0
panel_od_005,12:30:00,0.25,WK,0.03809,0.03809,both,0.0,0.0
panel_od_005,12:30:00,0.5,BK,0.01789,0.01789,both,0.0,0.0
panel_od_005,12:30:00,0.5,DA,0.7265,0.7265,both,0.0,0.0
panel_od_005,12:30:00,0.5,RS,0.00989,0.00989,both,0.0,0.0
panel_od_005,12:30:00,0.5,S2,0.10296,0.10296,both,0.0,0.0
panel_od_005,12:30:00,0.5,S3,0.03579,0.03579000000000001,both,6.938893903907228e-18,2.7755575615628914e-17
panel_od_005,12:30:00,0.5,SB,0.0,0.0,both,0.0,0.0
panel_od_005,12:30:00,0.5,TA,0.02789,0.02789,both,0.0,0.0
panel_od_005,12:30:00,0.5,TW,0.04099,0.04099,both,0.0,0.0
panel_od_005,12:30:00,0.5,WK,0.03809,0.03809,both,0.0,0.0
panel_od_005,12:30:00,0.75,BK,0.01789,0.01789,both,0.0,0.0
panel_od_005,12:30:00,0.75,DA,0.7265,0.7265,both,0.0,0.0
panel_od_005,12:30:00,0.75,RS,0.00989,0.00989,both,0.0,0.0
panel_od_005,12:30:00,0.75,S2,0.10296,0.10296,both,0.0,0.0
panel_od_005,12:30:00,0.75,S3,0.03579,0.03579000000000001,both,6.938893903907228e-18,2.7755575615628914e-17
panel_od_005,12:30:00,0.75,SB,0.0,0.0,both,0.0,0.0
panel_od_005,12:30:00,0.75,TA,0.02789,0.02789,both,0.0,0.0
panel_od_005,12:30:00,0.75,TW,0.04099,0.04099,both,0.0,0.0
panel_od_005,12:30:00,0.75,WK,0.03809,0.03809,both,0.0,0.0
panel_od_005,12:30:00,1.0,BK,0.01789,0.01789,both,0.0,0.0
panel_od_005,12:30:00,1.0,DA,0.7265,0.7265,both,0.0,0.0
panel_od_005,12:30:00,1.0,RS,0.00989,0.00989,both,0.0,0.0
panel_od_005,12:30:00,1.0,S2,0.10296,0.10296,both,0.0,0.0
panel_od_005,12:30:00,1.0,S3,0.03579,0.03579000000000001,both,6.938893903907228e-18,2.7755575615628914e-17
panel_od_005,12:30:00,1.0,SB,0.0,0.0,both,0.0,0.0
panel_od_005,12:30:00,1.0,TA,0.02789,0.02789,both,0.0,0.0
panel_od_005,12:30:00,1.0,TW,0.04099,0.04099,both,0.0,0.0
panel_od_005,12:30:00,1.0,WK,0.03809,0.03809,both,0.0,0.0
panel_od_005,12:40:00,0.25,BK,0.01789,0.01789,both,0.0,0.0
panel_od_005,12:40:00,0.25,DA,0.7265,0.7265,both,0.0,0.0
panel_od_005,12:40:00,0.25,RS,0.00989,0.00989,both,0.0,0.0
panel_od_005,12:40:00,0.25,S2,0.10296,0.10296,both,0.0,0.0
panel_od_005,12:40:00,0.25,S3,0.03579,0.03579000000000001,both,6.938893903907228e-18,2.7755575615628914e-17
panel_od_005,12:40:00,0.25,SB,0.0,0.0,both,0.0,0.0
panel_od_005,12:40:00,0.25,TA,0.02789,0.02789,both,0.0,0.0
panel_od_005,12:40:00,0.25,TW,0.04099,0.04099,both,0.0,0.0
panel_od_005,12:40:00,0.25,WK,0.03809,0.03809,both,0.0,0.0
panel_od_005,12:40:00,0.5,BK,0.01789,0.01789,both,0.0,0.0
panel_od_005,12:40:00,0.5,DA,0.7265,0.7265,both,0.0,0.0
panel_od_005,12:40:00,0.5,RS,0.00989,0.00989,both,0.0,0.0
panel_od_005,12:40:00,0.5,S2,0.10296,0.10296,both,0.0,0.0
panel_od_005,12:40:00,0.5,S3,0.03579,0.03579000000000001,both,6.938893903907228e-18,2.7755575615628914e-17
panel_od_005,12:40:00,0.5,SB,0.0,0.0,both,0.0,0.0
panel_od_005,12:40:00,0.5,TA,0.02789,0.02789,both,0.0,0.0
panel_od_005,12:40:00,0.5,TW,0.04099,0.04099,both,0.0,0.0
panel_od_005,12:40:00,0.5,WK,0.03809,0.03809,both,0.0,0.0
panel_od_005,12:40:00,0.75,BK,0.01789,0.01789,both,0.0,0.0
panel_od_005,12:40:00,0.75,DA,0.7265,0.7265,both,0.0,0.0
panel_od_005,12:40:00,0.75,RS,0.00989,0.00989,both,0.0,0.0
panel_od_005,12:40:00,0.75,S2,0.10296,0.10296,both,0.0,0.0
panel_od_005,12:40:00,0.75,S3,0.03579,0.03579000000000001,both,6.938893903907228e-18,2.7755575615628914e-17
panel_od_005,12:40:00,0.75,SB,0.0,0.0,both,0.0,0.0
panel_od_005,12:40:00,0.75,TA,0.02789,0.02789,both,0.0,0.0
panel_od_005,12:40:00,0.75,TW,0.04099,0.04099,both,0.0,0.0
panel_od_005,12:40:00,0.75,WK,0.03809,0.03809,both,0.0,0.0
panel_od_005,12:40:00,1.0,BK,0.01789,0.01789,both,0.0,0.0
panel_od_005,12:40:00,1.0,DA,0.7265,0.7265,both,0.0,0.0
panel_od_005,12:40:00,1.0,RS,0.00989,0.00989,both,0.0,0.0
panel_od_005,12:40:00,1.0,S2,0.10296,0.10296,both,0.0,0.0
panel_od_005,12:40:00,1.0,S3,0.03579,0.03579000000000001,both,6.938893903907228e-18,2.7755575615628914e-17
panel_od_005,12:40:00,1.0,SB,0.0,0.0,both,0.0,0.0
panel_od_005,12:40:00,1.0,TA,0.02789,0.02789,both,0.0,0.0
panel_od_005,12:40:00,1.0,TW,0.04099,0.04099,both,0.0,0.0
panel_od_005,12:40:00,1.0,WK,0.03809,0.03809,both,0.0,0.0
panel_od_005,12:50:00,0.25,BK,0.01789,0.01789,both,0.0,0.0
panel_od_005,12:50:00,0.25,DA,0.7265,0.7265,both,0.0,0.0
panel_od_005,12:50:00,0.25,RS,0.00989,0.00989,both,0.0,0.0
panel_od_005,12:50:00,0.25,S2,0.10296,0.10296,both,0.0,0.0
panel_od_005,12:50:00,0.25,S3,0.03579,0.03579000000000001,both,6.938893903907228e-18,2.7755575615628914e-17
panel_od_005,12:50:00,0.25,SB,0.0,0.0,both,0.0,0.0
panel_od_005,12:50:00,0.25,TA,0.02789,0.02789,both,0.0,0.0
panel_od_005,12:50:00,0.25,TW,0.04099,0.04099,both,0.0,0.0
panel_od_005,12:50:00,0.25,WK,0.03809,0.03809,both,0.0,0.0
panel_od_005,12:50:00,0.5,BK,0.01789,0.01789,both,0.0,0.0
panel_od_005,12:50:00,0.5,DA,0.7265,0.7265,both,0.0,0.0
panel_od_005,12:50:00,0.5,RS,0.00989,0.00989,both,0.0,0.0
panel_od_005,12:50:00,0.5,S2,0.10296,0.10296,both,0.0,0.0
panel_od_005,12:50:00,0.5,S3,0.03579,0.03579000000000001,both,6.938893903907228e-18,2.7755575615628914e-17
panel_od_005,12:50:00,0.5,SB,0.0,0.0,both,0.0,0.0
panel_od_005,12:50:00,0.5,TA,0.02789,0.02789,both,0.0,0.0
panel_od_005,12:50:00,0.5,TW,0.04099,0.04099,both,0.0,0.0
panel_od_005,12:50:00,0.5,WK,0.03809,0.03809,both,0.0,0.0
panel_od_005,12:50:00,0.75,BK,0.01789,0.01789,both,0.0,0.0
panel_od_005,12:50:00,0.75,DA,0.7265,0.7265,both,0.0,0.0
panel_od_005,12:50:00,0.75,RS,0.00989,0.00989,both,0.0,0.0
panel_od_005,12:50:00,0.75,S2,0.10296,0.10296,both,0.0,0.0
panel_od_005,12:50:00,0.75,S3,0.03579,0.03579000000000001,both,6.938893903907228e-18,2.7755575615628914e-17
panel_od_005,12:50:00,0.75,SB,0.0,0.0,both,0.0,0.0
panel_od_005,12:50:00,0.75,TA,0.02789,0.02789,both,0.0,0.0
panel_od_005,12:50:00,0.75,TW,0.04099,0.04099,both,0.0,0.0
panel_od_005,12:50:00,0.75,WK,0.03809,0.03809,both,0.0,0.0
panel_od_005,12:50:00,1.0,BK,0.01789,0.01789,both,0.0,0.0
panel_od_005,12:50:00,1.0,DA,0.7265,0.7265,both,0.0,0.0
panel_od_005,12:50:00,1.0,RS,0.00989,0.00989,both,0.0,0.0
panel_od_005,12:50:00,1.0,S2,0.10296,0.10296,both,0.0,0.0
panel_od_005,12:50:00,1.0,S3,0.03579,0.03579000000000001,both,6.938893903907228e-18,2.7755575615628914e-17
panel_od_005,12:50:00,1.0,SB,0.0,0.0,both,0.0,0.0
panel_od_005,12:50:00,1.0,TA,0.02789,0.02789,both,0.0,0.0
panel_od_005,12:50:00,1.0,TW,0.04099,0.04099,both,0.0,0.0
panel_od_005,12:50:00,1.0,WK,0.03809,0.03809,both,0.0,0.0
panel_od_006,12:30:00,0.25,BK,0.01789,0.01789,both,0.0,0.0
panel_od_006,12:30:00,0.25,DA,0.7265,0.7265,both,0.0,0.0
panel_od_006,12:30:00,0.25,RS,0.00989,0.00989,both,0.0,0.0
panel_od_006,12:30:00,0.25,S2,0.10296,0.10296,both,0.0,0.0
panel_od_006,12:30:00,0.25,S3,0.03579,0.03579000000000001,both,6.938893903907228e-18,2.7755575615628914e-17
panel_od_006,12:30:00,0.25,SB,0.0,0.0,both,0.0,0.0
panel_od_006,12:30:00,0.25,TA,0.02789,0.02789,both,0.0,0.0
panel_od_006,12:30:00,0.25,TW,0.04099,0.04099,both,0.0,0.0
panel_od_006,12:30:00,0.25,WK,0.03809,0.03809,both,0.0,0.0
panel_od_006,12:30:00,0.5,BK,0.01789,0.01789,both,0.0,0.0
panel_od_006,12:30:00,0.5,DA,0.7265,0.7265,both,0.0,0.0
panel_od_006,12:30:00,0.5,RS,0.00989,0.00989,both,0.0,0.0
panel_od_006,12:30:00,0.5,S2,0.10296,0.10296,both,0.0,0.0
panel_od_006,12:30:00,0.5,S3,0.03579,0.03579000000000001,both,6.938893903907228e-18,2.7755575615628914e-17
panel_od_006,12:30:00,0.5,SB,0.0,0.0,both,0.0,0.0
panel_od_006,12:30:00,0.5,TA,0.02789,0.02789,both,0.0,0.0
panel_od_006,12:30:00,0.5,TW,0.04099,0.04099,both,0.0,0.0
panel_od_006,12:30:00,0.5,WK,0.03809,0.03809,both,0.0,0.0
panel_od_006,12:30:00,0.75,BK,0.01789,0.01789,both,0.0,0.0
panel_od_006,12:30:00,0.75,DA,0.7265,0.7265,both,0.0,0.0
panel_od_006,12:30:00,0.75,RS,0.00989,0.00989,both,0.0,0.0
panel_od_006,12:30:00,0.75,S2,0.10296,0.10296,both,0.0,0.0
panel_od_006,12:30:00,0.75,S3,0.03579,0.03579000000000001,both,6.938893903907228e-18,2.7755575615628914e-17
panel_od_006,12:30:00,0.75,SB,0.0,0.0,both,0.0,0.0
panel_od_006,12:30:00,0.75,TA,0.02789,0.02789,both,0.0,0.0
panel_od_006,12:30:00,0.75,TW,0.04099,0.04099,both,0.0,0.0
panel_od_006,12:30:00,0.75,WK,0.03809,0.03809,both,0.0,0.0
panel_od_006,12:30:00,1.0,BK,0.01789,0.01789,both,0.0,0.0
panel_od_006,12:30:00,1.0,DA,0.7265,0.7265,both,0.0,0.0
panel_od_006,12:30:00,1.0,RS,0.00989,0.00989,both,0.0,0.0
panel_od_006,12:30:00,1.0,S2,0.10296,0.10296,both,0.0,0.0
panel_od_006,12:30:00,1.0,S3,0.03579,0.03579000000000001,both,6.938893903907228e-18,2.7755575615628914e-17
panel_od_006,12:30:00,1.0,SB,0.0,0.0,both,0.0,0.0
panel_od_006,12:30:00,1.0,TA,0.02789,0.02789,both,0.0,0.0
panel_od_006,12:30:00,1.0,TW,0.04099,0.04099,both,0.0,0.0
panel_od_006,12:30:00,1.0,WK,0.03809,0.03809,both,0.0,0.0
panel_od_006,12:40:00,0.25,BK,0.01789,0.01789,both,0.0,0.0
panel_od_006,12:40:00,0.25,DA,0.7265,0.7265,both,0.0,0.0
panel_od_006,12:40:00,0.25,RS,0.00989,0.00989,both,0.0,0.0
panel_od_006,12:40:00,0.25,S2,0.10296,0.10296,both,0.0,0.0
panel_od_006,12:40:00,0.25,S3,0.03579,0.03579000000000001,both,6.938893903907228e-18,2.7755575615628914e-17
panel_od_006,12:40:00,0.25,SB,0.0,0.0,both,0.0,0.0
panel_od_006,12:40:00,0.25,TA,0.02789,0.02789,both,0.0,0.0
panel_od_006,12:40:00,0.25,TW,0.04099,0.04099,both,0.0,0.0
panel_od_006,12:40:00,0.25,WK,0.03809,0.03809,both,0.0,0.0
panel_od_006,12:40:00,0.5,BK,0.01789,0.01789,both,0.0,0.0
panel_od_006,12:40:00,0.5,DA,0.7265,0.7265,both,0.0,0.0
panel_od_006,12:40:00,0.5,RS,0.00989,0.00989,both,0.0,0.0
panel_od_006,12:40:00,0.5,S2,0.10296,0.10296,both,0.0,0.0
panel_od_006,12:40:00,0.5,S3,0.03579,0.03579000000000001,both,6.938893903907228e-18,2.7755575615628914e-17
panel_od_006,12:40:00,0.5,SB,0.0,0.0,both,0.0,0.0
panel_od_006,12:40:00,0.5,TA,0.02789,0.02789,both,0.0,0.0
panel_od_006,12:40:00,0.5,TW,0.04099,0.04099,both,0.0,0.0
panel_od_006,12:40:00,0.5,WK,0.03809,0.03809,both,0.0,0.0
panel_od_006,12:40:00,0.75,BK,0.01789,0.01789,both,0.0,0.0
panel_od_006,12:40:00,0.75,DA,0.7265,0.7265,both,0.0,0.0
panel_od_006,12:40:00,0.75,RS,0.00989,0.00989,both,0.0,0.0
panel_od_006,12:40:00,0.75,S2,0.10296,0.10296,both,0.0,0.0
panel_od_006,12:40:00,0.75,S3,0.03579,0.03579000000000001,both,6.938893903907228e-18,2.7755575615628914e-17
panel_od_006,12:40:00,0.75,SB,0.0,0.0,both,0.0,0.0
panel_od_006,12:40:00,0.75,TA,0.02789,0.02789,both,0.0,0.0
panel_od_006,12:40:00,0.75,TW,0.04099,0.04099,both,0.0,0.0
panel_od_006,12:40:00,0.75,WK,0.03809,0.03809,both,0.0,0.0
panel_od_006,12:40:00,1.0,BK,0.01789,0.01789,both,0.0,0.0
panel_od_006,12:40:00,1.0,DA,0.7265,0.7265,both,0.0,0.0
panel_od_006,12:40:00,1.0,RS,0.00989,0.00989,both,0.0,0.0
panel_od_006,12:40:00,1.0,S2,0.10296,0.10296,both,0.0,0.0
panel_od_006,12:40:00,1.0,S3,0.03579,0.03579000000000001,both,6.938893903907228e-18,2.7755575615628914e-17
panel_od_006,12:40:00,1.0,SB,0.0,0.0,both,0.0,0.0
panel_od_006,12:40:00,1.0,TA,0.02789,0.02789,both,0.0,0.0
panel_od_006,12:40:00,1.0,TW,0.04099,0.04099,both,0.0,0.0
panel_od_006,12:40:00,1.0,WK,0.03809,0.03809,both,0.0,0.0
panel_od_006,12:50:00,0.25,BK,0.01789,0.01789,both,0.0,0.0
panel_od_006,12:50:00,0.25,DA,0.7265,0.7265,both,0.0,0.0
panel_od_006,12:50:00,0.25,RS,0.00989,0.00989,both,0.0,0.0
panel_od_006,12:50:00,0.25,S2,0.10296,0.10296,both,0.0,0.0
panel_od_006,12:50:00,0.25,S3,0.03579,0.03579000000000001,both,6.938893903907228e-18,2.7755575615628914e-17
panel_od_006,12:50:00,0.25,SB,0.0,0.0,both,0.0,0.0
panel_od_006,12:50:00,0.25,TA,0.02789,0.02789,both,0.0,0.0
panel_od_006,12:50:00,0.25,TW,0.04099,0.04099,both,0.0,0.0
panel_od_006,12:50:00,0.25,WK,0.03809,0.03809,both,0.0,0.0
panel_od_006,12:50:00,0.5,BK,0.01789,0.01789,both,0.0,0.0
panel_od_006,12:50:00,0.5,DA,0.7265,0.7265,both,0.0,0.0
panel_od_006,12:50:00,0.5,RS,0.00989,0.00989,both,0.0,0.0
panel_od_006,12:50:00,0.5,S2,0.10296,0.10296,both,0.0,0.0
panel_od_006,12:50:00,0.5,S3,0.03579,0.03579000000000001,both,6.938893903907228e-18,2.7755575615628914e-17
panel_od_006,12:50:00,0.5,SB,0.0,0.0,both,0.0,0.0
panel_od_006,12:50:00,0.5,TA,0.02789,0.02789,both,0.0,0.0
panel_od_006,12:50:00,0.5,TW,0.04099,0.04099,both,0.0,0.0
panel_od_006,12:50:00,0.5,WK,0.03809,0.03809,both,0.0,0.0
panel_od_006,12:50:00,0.75,BK,0.01789,0.01789,both,0.0,0.0
panel_od_006,12:50:00,0.75,DA,0.7265,0.7265,both,0.0,0.0
panel_od_006,12:50:00,0.75,RS,0.00989,0.00989,both,0.0,0.0
panel_od_006,12:50:00,0.75,S2,0.10296,0.10296,both,0.0,0.0
panel_od_006,12:50:00,0.75,S3,0.03579,0.03579000000000001,both,6.938893903907228e-18,2.7755575615628914e-17
panel_od_006,12:50:00,0.75,SB,0.0,0.0,both,0.0,0.0
panel_od_006,12:50:00,0.75,TA,0.02789,0.02789,both,0.0,0.0
panel_od_006,12:50:00,0.75,TW,0.04099,0.04099,both,0.0,0.0
panel_od_006,12:50:00,0.75,WK,0.03809,0.03809,both,0.0,0.0
panel_od_006,12:50:00,1.0,BK,0.01789,0.01789,both,0.0,0.0
panel_od_006,12:50:00,1.0,DA,0.7265,0.7265,both,0.0,0.0
panel_od_006,12:50:00,1.0,RS,0.00989,0.00989,both,0.0,0.0
panel_od_006,12:50:00,1.0,S2,0.10296,0.10296,both,0.0,0.0
panel_od_006,12:50:00,1.0,S3,0.03579,0.03579000000000001,both,6.938893903907228e-18,2.7755575615628914e-17
panel_od_006,12:50:00,1.0,SB,0.0,0.0,both,0.0,0.0
panel_od_006,12:50:00,1.0,TA,0.02789,0.02789,both,0.0,0.0
panel_od_006,12:50:00,1.0,TW,0.04099,0.04099,both,0.0,0.0
panel_od_006,12:50:00,1.0,WK,0.03809,0.03809,both,0.0,0.0
panel_od_007,12:30:00,0.25,BK,0.01789,0.01789,both,0.0,0.0
panel_od_007,12:30:00,0.25,DA,0.7265,0.7265,both,0.0,0.0
panel_od_007,12:30:00,0.25,RS,0.00989,0.00989,both,0.0,0.0
panel_od_007,12:30:00,0.25,S2,0.10296,0.10296,both,0.0,0.0
panel_od_007,12:30:00,0.25,S3,0.03579,0.03579000000000001,both,6.938893903907228e-18,2.7755575615628914e-17
panel_od_007,12:30:00,0.25,SB,0.0,0.0,both,0.0,0.0
panel_od_007,12:30:00,0.25,TA,0.02789,0.02789,both,0.0,0.0
panel_od_007,12:30:00,0.25,TW,0.04099,0.04099,both,0.0,0.0
panel_od_007,12:30:00,0.25,WK,0.03809,0.03809,both,0.0,0.0
panel_od_007,12:30:00,0.5,BK,0.01789,0.01789,both,0.0,0.0
panel_od_007,12:30:00,0.5,DA,0.7265,0.7265,both,0.0,0.0
panel_od_007,12:30:00,0.5,RS,0.00989,0.00989,both,0.0,0.0
panel_od_007,12:30:00,0.5,S2,0.10296,0.10296,both,0.0,0.0
panel_od_007,12:30:00,0.5,S3,0.03579,0.03579000000000001,both,6.938893903907228e-18,2.7755575615628914e-17
panel_od_007,12:30:00,0.5,SB,0.0,0.0,both,0.0,0.0
panel_od_007,12:30:00,0.5,TA,0.02789,0.02789,both,0.0,0.0
panel_od_007,12:30:00,0.5,TW,0.04099,0.04099,both,0.0,0.0
panel_od_007,12:30:00,0.5,WK,0.03809,0.03809,both,0.0,0.0
panel_od_007,12:30:00,0.75,BK,0.01789,0.01789,both,0.0,0.0
panel_od_007,12:30:00,0.75,DA,0.7265,0.7265,both,0.0,0.0
panel_od_007,12:30:00,0.75,RS,0.00989,0.00989,both,0.0,0.0
panel_od_007,12:30:00,0.75,S2,0.10296,0.10296,both,0.0,0.0
panel_od_007,12:30:00,0.75,S3,0.03579,0.03579000000000001,both,6.938893903907228e-18,2.7755575615628914e-17
panel_od_007,12:30:00,0.75,SB,0.0,0.0,both,0.0,0.0
panel_od_007,12:30:00,0.75,TA,0.02789,0.02789,both,0.0,0.0
panel_od_007,12:30:00,0.75,TW,0.04099,0.04099,both,0.0,0.0
panel_od_007,12:30:00,0.75,WK,0.03809,0.03809,both,0.0,0.0
panel_od_007,12:30:00,1.0,BK,0.01789,0.01789,both,0.0,0.0
panel_od_007,12:30:00,1.0,DA,0.7265,0.7265,both,0.0,0.0
panel_od_007,12:30:00,1.0,RS,0.00989,0.00989,both,0.0,0.0
panel_od_007,12:30:00,1.0,S2,0.10296,0.10296,both,0.0,0.0
panel_od_007,12:30:00,1.0,S3,0.03579,0.03579000000000001,both,6.938893903907228e-18,2.7755575615628914e-17
panel_od_007,12:30:00,1.0,SB,0.0,0.0,both,0.0,0.0
panel_od_007,12:30:00,1.0,TA,0.02789,0.02789,both,0.0,0.0
panel_od_007,12:30:00,1.0,TW,0.04099,0.04099,both,0.0,0.0
panel_od_007,12:30:00,1.0,WK,0.03809,0.03809,both,0.0,0.0
panel_od_007,12:40:00,0.25,BK,0.01789,0.01789,both,0.0,0.0
panel_od_007,12:40:00,0.25,DA,0.7265,0.7265,both,0.0,0.0
panel_od_007,12:40:00,0.25,RS,0.00989,0.00989,both,0.0,0.0
panel_od_007,12:40:00,0.25,S2,0.10296,0.10296,both,0.0,0.0
panel_od_007,12:40:00,0.25,S3,0.03579,0.03579000000000001,both,6.938893903907228e-18,2.7755575615628914e-17
panel_od_007,12:40:00,0.25,SB,0.0,0.0,both,0.0,0.0
panel_od_007,12:40:00,0.25,TA,0.02789,0.02789,both,0.0,0.0
panel_od_007,12:40:00,0.25,TW,0.04099,0.04099,both,0.0,0.0
panel_od_007,12:40:00,0.25,WK,0.03809,0.03809,both,0.0,0.0
panel_od_007,12:40:00,0.5,BK,0.01789,0.01789,both,0.0,0.0
panel_od_007,12:40:00,0.5,DA,0.7265,0.7265,both,0.0,0.0
panel_od_007,12:40:00,0.5,RS,0.00989,0.00989,both,0.0,0.0
panel_od_007,12:40:00,0.5,S2,0.10296,0.10296,both,0.0,0.0
panel_od_007,12:40:00,0.5,S3,0.03579,0.03579000000000001,both,6.938893903907228e-18,2.7755575615628914e-17
panel_od_007,12:40:00,0.5,SB,0.0,0.0,both,0.0,0.0
panel_od_007,12:40:00,0.5,TA,0.02789,0.02789,both,0.0,0.0
panel_od_007,12:40:00,0.5,TW,0.04099,0.04099,both,0.0,0.0
panel_od_007,12:40:00,0.5,WK,0.03809,0.03809,both,0.0,0.0
panel_od_007,12:40:00,0.75,BK,0.01789,0.01789,both,0.0,0.0
panel_od_007,12:40:00,0.75,DA,0.7265,0.7265,both,0.0,0.0
panel_od_007,12:40:00,0.75,RS,0.00989,0.00989,both,0.0,0.0
panel_od_007,12:40:00,0.75,S2,0.10296,0.10296,both,0.0,0.0
panel_od_007,12:40:00,0.75,S3,0.03579,0.03579000000000001,both,6.938893903907228e-18,2.7755575615628914e-17
panel_od_007,12:40:00,0.75,SB,0.0,0.0,both,0.0,0.0
panel_od_007,12:40:00,0.75,TA,0.02789,0.02789,both,0.0,0.0
panel_od_007,12:40:00,0.75,TW,0.04099,0.04099,both,0.0,0.0
panel_od_007,12:40:00,0.75,WK,0.03809,0.03809,both,0.0,0.0
panel_od_007,12:40:00,1.0,BK,0.01789,0.01789,both,0.0,0.0
panel_od_007,12:40:00,1.0,DA,0.7265,0.7265,both,0.0,0.0
panel_od_007,12:40:00,1.0,RS,0.00989,0.00989,both,0.0,0.0
panel_od_007,12:40:00,1.0,S2,0.10296,0.10296,both,0.0,0.0
panel_od_007,12:40:00,1.0,S3,0.03579,0.03579000000000001,both,6.938893903907228e-18,2.7755575615628914e-17
panel_od_007,12:40:00,1.0,SB,0.0,0.0,both,0.0,0.0
panel_od_007,12:40:00,1.0,TA,0.02789,0.02789,both,0.0,0.0
panel_od_007,12:40:00,1.0,TW,0.04099,0.04099,both,0.0,0.0
panel_od_007,12:40:00,1.0,WK,0.03809,0.03809,both,0.0,0.0
panel_od_007,12:50:00,0.25,BK,0.01789,0.01789,both,0.0,0.0
panel_od_007,12:50:00,0.25,DA,0.7265,0.7265,both,0.0,0.0
panel_od_007,12:50:00,0.25,RS,0.00989,0.00989,both,0.0,0.0
panel_od_007,12:50:00,0.25,S2,0.10296,0.10296,both,0.0,0.0
panel_od_007,12:50:00,0.25,S3,0.03579,0.03579000000000001,both,6.938893903907228e-18,2.7755575615628914e-17
panel_od_007,12:50:00,0.25,SB,0.0,0.0,both,0.0,0.0
panel_od_007,12:50:00,0.25,TA,0.02789,0.02789,both,0.0,0.0
panel_od_007,12:50:00,0.25,TW,0.04099,0.04099,both,0.0,0.0
panel_od_007,12:50:00,0.25,WK,0.03809,0.03809,both,0.0,0.0
panel_od_007,12:50:00,0.5,BK,0.01789,0.01789,both,0.0,0.0
panel_od_007,12:50:00,0.5,DA,0.7265,0.7265,both,0.0,0.0
panel_od_007,12:50:00,0.5,RS,0.00989,0.00989,both,0.0,0.0
panel_od_007,12:50:00,0.5,S2,0.10296,0.10296,both,0.0,0.0
panel_od_007,12:50:00,0.5,S3,0.03579,0.03579000000000001,both,6.938893903907228e-18,2.7755575615628914e-17
panel_od_007,12:50:00,0.5,SB,0.0,0.0,both,0.0,0.0
panel_od_007,12:50:00,0.5,TA,0.02789,0.02789,both,0.0,0.0
panel_od_007,12:50:00,0.5,TW,0.04099,0.04099,both,0.0,0.0
panel_od_007,12:50:00,0.5,WK,0.03809,0.03809,both,0.0,0.0
panel_od_007,12:50:00,0.75,BK,0.01789,0.01789,both,0.0,0.0
panel_od_007,12:50:00,0.75,DA,0.7265,0.7265,both,0.0,0.0
panel_od_007,12:50:00,0.75,RS,0.00989,0.00989,both,0.0,0.0
panel_od_007,12:50:00,0.75,S2,0.10296,0.10296,both,0.0,0.0
panel_od_007,12:50:00,0.75,S3,0.03579,0.03579000000000001,both,6.938893903907228e-18,2.7755575615628914e-17
panel_od_007,12:50:00,0.75,SB,0.0,0.0,both,0.0,0.0
panel_od_007,12:50:00,0.75,TA,0.02789,0.02789,both,0.0,0.0
panel_od_007,12:50:00,0.75,TW,0.04099,0.04099,both,0.0,0.0
panel_od_007,12:50:00,0.75,WK,0.03809,0.03809,both,0.0,0.0
panel_od_007,12:50:00,1.0,BK,0.01789,0.01789,both,0.0,0.0
panel_od_007,12:50:00,1.0,DA,0.7265,0.7265,both,0.0,0.0
panel_od_007,12:50:00,1.0,RS,0.00989,0.00989,both,0.0,0.0
panel_od_007,12:50:00,1.0,S2,0.10296,0.10296,both,0.0,0.0
panel_od_007,12:50:00,1.0,S3,0.03579,0.03579000000000001,both,6.938893903907228e-18,2.7755575615628914e-17
panel_od_007,12:50:00,1.0,SB,0.0,0.0,both,0.0,0.0
panel_od_007,12:50:00,1.0,TA,0.02789,0.02789,both,0.0,0.0
panel_od_007,12:50:00,1.0,TW,0.04099,0.04099,both,0.0,0.0
panel_od_007,12:50:00,1.0,WK,0.03809,0.03809,both,0.0,0.0
panel_od_008,12:30:00,0.25,BK,0.01789,0.01789,both,0.0,0.0
panel_od_008,12:30:00,0.25,DA,0.7265,0.7265,both,0.0,0.0
panel_od_008,12:30:00,0.25,RS,0.00989,0.00989,both,0.0,0.0
panel_od_008,12:30:00,0.25,S2,0.10296,0.10296,both,0.0,0.0
panel_od_008,12:30:00,0.25,S3,0.03579,0.03579000000000001,both,6.938893903907228e-18,2.7755575615628914e-17
panel_od_008,12:30:00,0.25,SB,0.0,0.0,both,0.0,0.0
panel_od_008,12:30:00,0.25,TA,0.02789,0.02789,both,0.0,0.0
panel_od_008,12:30:00,0.25,TW,0.04099,0.04099,both,0.0,0.0
panel_od_008,12:30:00,0.25,WK,0.03809,0.03809,both,0.0,0.0
panel_od_008,12:30:00,0.5,BK,0.01789,0.01789,both,0.0,0.0
panel_od_008,12:30:00,0.5,DA,0.7265,0.7265,both,0.0,0.0
panel_od_008,12:30:00,0.5,RS,0.00989,0.00989,both,0.0,0.0
panel_od_008,12:30:00,0.5,S2,0.10296,0.10296,both,0.0,0.0
panel_od_008,12:30:00,0.5,S3,0.03579,0.03579000000000001,both,6.938893903907228e-18,2.7755575615628914e-17
panel_od_008,12:30:00,0.5,SB,0.0,0.0,both,0.0,0.0
panel_od_008,12:30:00,0.5,TA,0.02789,0.02789,both,0.0,0.0
panel_od_008,12:30:00,0.5,TW,0.04099,0.04099,both,0.0,0.0
panel_od_008,12:30:00,0.5,WK,0.03809,0.03809,both,0.0,0.0
panel_od_008,12:30:00,0.75,BK,0.01789,0.01789,both,0.0,0.0
panel_od_008,12:30:00,0.75,DA,0.7265,0.7265,both,0.0,0.0
panel_od_008,12:30:00,0.75,RS,0.00989,0.00989,both,0.0,0.0
panel_od_008,12:30:00,0.75,S2,0.10296,0.10296,both,0.0,0.0
panel_od_008,12:30:00,0.75,S3,0.03579,0.03579000000000001,both,6.938893903907228e-18,2.7755575615628914e-17
panel_od_008,12:30:00,0.75,SB,0.0,0.0,both,0.0,0.0
panel_od_008,12:30:00,0.75,TA,0.02789,0.02789,both,0.0,0.0
panel_od_008,12:30:00,0.75,TW,0.04099,0.04099,both,0.0,0.0
panel_od_008,12:30:00,0.75,WK,0.03809,0.03809,both,0.0,0.0
panel_od_008,12:30:00,1.0,BK,0.01789,0.01789,both,0.0,0.0
panel_od_008,12:30:00,1.0,DA,0.7265,0.7265,both,0.0,0.0
panel_od_008,12:30:00,1.0,RS,0.00989,0.00989,both,0.0,0.0
panel_od_008,12:30:00,1.0,S2,0.10296,0.10296,both,0.0,0.0
panel_od_008,12:30:00,1.0,S3,0.03579,0.03579000000000001,both,6.938893903907228e-18,2.7755575615628914e-17
panel_od_008,12:30:00,1.0,SB,0.0,0.0,both,0.0,0.0
panel_od_008,12:30:00,1.0,TA,0.02789,0.02789,both,0.0,0.0
panel_od_008,12:30:00,1.0,TW,0.04099,0.04099,both,0.0,0.0
panel_od_008,12:30:00,1.0,WK,0.03809,0.03809,both,0.0,0.0
panel_od_008,12:40:00,0.25,BK,0.01789,0.01789,both,0.0,0.0
panel_od_008,12:40:00,0.25,DA,0.7265,0.7265,both,0.0,0.0
panel_od_008,12:40:00,0.25,RS,0.00989,0.00989,both,0.0,0.0
panel_od_008,12:40:00,0.25,S2,0.10296,0.10296,both,0.0,0.0
panel_od_008,12:40:00,0.25,S3,0.03579,0.03579000000000001,both,6.938893903907228e-18,2.7755575615628914e-17
panel_od_008,12:40:00,0.25,SB,0.0,0.0,both,0.0,0.0
panel_od_008,12:40:00,0.25,TA,0.02789,0.02789,both,0.0,0.0
panel_od_008,12:40:00,0.25,TW,0.04099,0.04099,both,0.0,0.0
panel_od_008,12:40:00,0.25,WK,0.03809,0.03809,both,0.0,0.0
panel_od_008,12:40:00,0.5,BK,0.01789,0.01789,both,0.0,0.0
panel_od_008,12:40:00,0.5,DA,0.7265,0.7265,both,0.0,0.0
panel_od_008,12:40:00,0.5,RS,0.00989,0.00989,both,0.0,0.0
panel_od_008,12:40:00,0.5,S2,0.10296,0.10296,both,0.0,0.0
panel_od_008,12:40:00,0.5,S3,0.03579,0.03579000000000001,both,6.938893903907228e-18,2.7755575615628914e-17
panel_od_008,12:40:00,0.5,SB,0.0,0.0,both,0.0,0.0
panel_od_008,12:40:00,0.5,TA,0.02789,0.02789,both,0.0,0.0
panel_od_008,12:40:00,0.5,TW,0.04099,0.04099,both,0.0,0.0
panel_od_008,12:40:00,0.5,WK,0.03809,0.03809,both,0.0,0.0
panel_od_008,12:40:00,0.75,BK,0.01789,0.01789,both,0.0,0.0
panel_od_008,12:40:00,0.75,DA,0.7265,0.7265,both,0.0,0.0
panel_od_008,12:40:00,0.75,RS,0.00989,0.00989,both,0.0,0.0
panel_od_008,12:40:00,0.75,S2,0.10296,0.10296,both,0.0,0.0
panel_od_008,12:40:00,0.75,S3,0.03579,0.03579000000000001,both,6.938893903907228e-18,2.7755575615628914e-17
panel_od_008,12:40:00,0.75,SB,0.0,0.0,both,0.0,0.0
panel_od_008,12:40:00,0.75,TA,0.02789,0.02789,both,0.0,0.0
panel_od_008,12:40:00,0.75,TW,0.04099,0.04099,both,0.0,0.0
panel_od_008,12:40:00,0.75,WK,0.03809,0.03809,both,0.0,0.0
panel_od_008,12:40:00,1.0,BK,0.01789,0.01789,both,0.0,0.0
panel_od_008,12:40:00,1.0,DA,0.7265,0.7265,both,0.0,0.0
panel_od_008,12:40:00,1.0,RS,0.00989,0.00989,both,0.0,0.0
panel_od_008,12:40:00,1.0,S2,0.10296,0.10296,both,0.0,0.0
panel_od_008,12:40:00,1.0,S3,0.03579,0.03579000000000001,both,6.938893903907228e-18,2.7755575615628914e-17
panel_od_008,12:40:00,1.0,SB,0.0,0.0,both,0.0,0.0
panel_od_008,12:40:00,1.0,TA,0.02789,0.02789,both,0.0,0.0
panel_od_008,12:40:00,1.0,TW,0.04099,0.04099,both,0.0,0.0
panel_od_008,12:40:00,1.0,WK,0.03809,0.03809,both,0.0,0.0
panel_od_008,12:50:00,0.25,BK,0.01789,0.01789,both,0.0,0.0
panel_od_008,12:50:00,0.25,DA,0.7265,0.7265,both,0.0,0.0
panel_od_008,12:50:00,0.25,RS,0.00989,0.00989,both,0.0,0.0
panel_od_008,12:50:00,0.25,S2,0.10296,0.10296,both,0.0,0.0
panel_od_008,12:50:00,0.25,S3,0.03579,0.03579000000000001,both,6.938893903907228e-18,2.7755575615628914e-17
panel_od_008,12:50:00,0.25,SB,0.0,0.0,both,0.0,0.0
panel_od_008,12:50:00,0.25,TA,0.02789,0.02789,both,0.0,0.0
panel_od_008,12:50:00,0.25,TW,0.04099,0.04099,both,0.0,0.0
panel_od_008,12:50:00,0.25,WK,0.03809,0.03809,both,0.0,0.0
panel_od_008,12:50:00,0.5,BK,0.01789,0.01789,both,0.0,0.0
panel_od_008,12:50:00,0.5,DA,0.7265,0.7265,both,0.0,0.0
panel_od_008,12:50:00,0.5,RS,0.00989,0.00989,both,0.0,0.0
panel_od_008,12:50:00,0.5,S2,0.10296,0.10296,both,0.0,0.0
panel_od_008,12:50:00,0.5,S3,0.03579,0.03579000000000001,both,6.938893903907228e-18,2.7755575615628914e-17
panel_od_008,12:50:00,0.5,SB,0.0,0.0,both,0.0,0.0
panel_od_008,12:50:00,0.5,TA,0.02789,0.02789,both,0.0,0.0
panel_od_008,12:50:00,0.5,TW,0.04099,0.04099,both,0.0,0.0
panel_od_008,12:50:00,0.5,WK,0.03809,0.03809,both,0.0,0.0
panel_od_008,12:50:00,0.75,BK,0.01789,0.01789,both,0.0,0.0
panel_od_008,12:50:00,0.75,DA,0.7265,0.7265,both,0.0,0.0
panel_od_008,12:50:00,0.75,RS,0.00989,0.00989,both,0.0,0.0
panel_od_008,12:50:00,0.75,S2,0.10296,0.10296,both,0.0,0.0
panel_od_008,12:50:00,0.75,S3,0.03579,0.03579000000000001,both,6.938893903907228e-18,2.7755575615628914e-17
panel_od_008,12:50:00,0.75,SB,0.0,0.0,both,0.0,0.0
panel_od_008,12:50:00,0.75,TA,0.02789,0.02789,both,0.0,0.0
panel_od_008,12:50:00,0.75,TW,0.04099,0.04099,both,0.0,0.0
panel_od_008,12:50:00,0.75,WK,0.03809,0.03809,both,0.0,0.0
panel_od_008,12:50:00,1.0,BK,0.01789,0.01789,both,0.0,0.0
panel_od_008,12:50:00,1.0,DA,0.7265,0.7265,both,0.0,0.0
panel_od_008,12:50:00,1.0,RS,0.00989,0.00989,both,0.0,0.0
panel_od_008,12:50:00,1.0,S2,0.10296,0.10296,both,0.0,0.0
panel_od_008,12:50:00,1.0,S3,0.03579,0.03579000000000001,both,6.938893903907228e-18,2.7755575615628914e-17
panel_od_008,12:50:00,1.0,SB,0.0,0.0,both,0.0,0.0
panel_od_008,12:50:00,1.0,TA,0.02789,0.02789,both,0.0,0.0
panel_od_008,12:50:00,1.0,TW,0.04099,0.04099,both,0.0,0.0
panel_od_008,12:50:00,1.0,WK,0.03809,0.03809,both,0.0,0.0
panel_od_009,12:30:00,0.25,BK,0.01789,0.01789,both,0.0,0.0
panel_od_009,12:30:00,0.25,DA,0.7265,0.7265,both,0.0,0.0
panel_od_009,12:30:00,0.25,RS,0.00989,0.00989,both,0.0,0.0
panel_od_009,12:30:00,0.25,S2,0.10296,0.10296,both,0.0,0.0
panel_od_009,12:30:00,0.25,S3,0.03579,0.03579000000000001,both,6.938893903907228e-18,2.7755575615628914e-17
panel_od_009,12:30:00,0.25,SB,0.0,0.0,both,0.0,0.0
panel_od_009,12:30:00,0.25,TA,0.02789,0.02789,both,0.0,0.0
panel_od_009,12:30:00,0.25,TW,0.04099,0.04099,both,0.0,0.0
panel_od_009,12:30:00,0.25,WK,0.03809,0.03809,both,0.0,0.0
panel_od_009,12:30:00,0.5,BK,0.01789,0.01789,both,0.0,0.0
panel_od_009,12:30:00,0.5,DA,0.7265,0.7265,both,0.0,0.0
panel_od_009,12:30:00,0.5,RS,0.00989,0.00989,both,0.0,0.0
panel_od_009,12:30:00,0.5,S2,0.10296,0.10296,both,0.0,0.0
panel_od_009,12:30:00,0.5,S3,0.03579,0.03579000000000001,both,6.938893903907228e-18,2.7755575615628914e-17
panel_od_009,12:30:00,0.5,SB,0.0,0.0,both,0.0,0.0
panel_od_009,12:30:00,0.5,TA,0.02789,0.02789,both,0.0,0.0
panel_od_009,12:30:00,0.5,TW,0.04099,0.04099,both,0.0,0.0
panel_od_009,12:30:00,0.5,WK,0.03809,0.03809,both,0.0,0.0
panel_od_009,12:30:00,0.75,BK,0.01789,0.01789,both,0.0,0.0
panel_od_009,12:30:00,0.75,DA,0.7265,0.7265,both,0.0,0.0
panel_od_009,12:30:00,0.75,RS,0.00989,0.00989,both,0.0,0.0
panel_od_009,12:30:00,0.75,S2,0.10296,0.10296,both,0.0,0.0
panel_od_009,12:30:00,0.75,S3,0.03579,0.03579000000000001,both,6.938893903907228e-18,2.7755575615628914e-17
panel_od_009,12:30:00,0.75,SB,0.0,0.0,both,0.0,0.0
panel_od_009,12:30:00,0.75,TA,0.02789,0.02789,both,0.0,0.0
panel_od_009,12:30:00,0.75,TW,0.04099,0.04099,both,0.0,0.0
panel_od_009,12:30:00,0.75,WK,0.03809,0.03809,both,0.0,0.0
panel_od_009,12:30:00,1.0,BK,0.01789,0.01789,both,0.0,0.0
panel_od_009,12:30:00,1.0,DA,0.7265,0.7265,both,0.0,0.0
panel_od_009,12:30:00,1.0,RS,0.00989,0.00989,both,0.0,0.0
panel_od_009,12:30:00,1.0,S2,0.10296,0.10296,both,0.0,0.0
panel_od_009,12:30:00,1.0,S3,0.03579,0.03579000000000001,both,6.938893903907228e-18,2.7755575615628914e-17
panel_od_009,12:30:00,1.0,SB,0.0,0.0,both,0.0,0.0
panel_od_009,12:30:00,1.0,TA,0.02789,0.02789,both,0.0,0.0
panel_od_009,12:30:00,1.0,TW,0.04099,0.04099,both,0.0,0.0
panel_od_009,12:30:00,1.0,WK,0.03809,0.03809,both,0.0,0.0
panel_od_009,12:40:00,0.25,BK,0.01789,0.01789,both,0.0,0.0
panel_od_009,12:40:00,0.25,DA,0.7265,0.7265,both,0.0,0.0
panel_od_009,12:40:00,0.25,RS,0.00989,0.00989,both,0.0,0.0
panel_od_009,12:40:00,0.25,S2,0.10296,0.10296,both,0.0,0.0
panel_od_009,12:40:00,0.25,S3,0.03579,0.03579000000000001,both,6.938893903907228e-18,2.7755575615628914e-17
panel_od_009,12:40:00,0.25,SB,0.0,0.0,both,0.0,0.0
panel_od_009,12:40:00,0.25,TA,0.02789,0.02789,both,0.0,0.0
panel_od_009,12:40:00,0.25,TW,0.04099,0.04099,both,0.0,0.0
panel_od_009,12:40:00,0.25,WK,0.03809,0.03809,both,0.0,0.0
panel_od_009,12:40:00,0.5,BK,0.01789,0.01789,both,0.0,0.0
panel_od_009,12:40:00,0.5,DA,0.7265,0.7265,both,0.0,0.0
panel_od_009,12:40:00,0.5,RS,0.00989,0.00989,both,0.0,0.0
panel_od_009,12:40:00,0.5,S2,0.10296,0.10296,both,0.0,0.0
panel_od_009,12:40:00,0.5,S3,0.03579,0.03579000000000001,both,6.938893903907228e-18,2.7755575615628914e-17
panel_od_009,12:40:00,0.5,SB,0.0,0.0,both,0.0,0.0
panel_od_009,12:40:00,0.5,TA,0.02789,0.02789,both,0.0,0.0
panel_od_009,12:40:00,0.5,TW,0.04099,0.04099,both,0.0,0.0
panel_od_009,12:40:00,0.5,WK,0.03809,0.03809,both,0.0,0.0
panel_od_009,12:40:00,0.75,BK,0.01789,0.01789,both,0.0,0.0
panel_od_009,12:40:00,0.75,DA,0.7265,0.7265,both,0.0,0.0
panel_od_009,12:40:00,0.75,RS,0.00989,0.00989,both,0.0,0.0
panel_od_009,12:40:00,0.75,S2,0.10296,0.10296,both,0.0,0.0
panel_od_009,12:40:00,0.75,S3,0.03579,0.03579000000000001,both,6.938893903907228e-18,2.7755575615628914e-17
panel_od_009,12:40:00,0.75,SB,0.0,0.0,both,0.0,0.0
panel_od_009,12:40:00,0.75,TA,0.02789,0.02789,both,0.0,0.0
panel_od_009,12:40:00,0.75,TW,0.04099,0.04099,both,0.0,0.0
panel_od_009,12:40:00,0.75,WK,0.03809,0.03809,both,0.0,0.0
panel_od_009,12:40:00,1.0,BK,0.01789,0.01789,both,0.0,0.0
panel_od_009,12:40:00,1.0,DA,0.7265,0.7265,both,0.0,0.0
panel_od_009,12:40:00,1.0,RS,0.00989,0.00989,both,0.0,0.0
panel_od_009,12:40:00,1.0,S2,0.10296,0.10296,both,0.0,0.0
panel_od_009,12:40:00,1.0,S3,0.03579,0.03579000000000001,both,6.938893903907228e-18,2.7755575615628914e-17
panel_od_009,12:40:00,1.0,SB,0.0,0.0,both,0.0,0.0
panel_od_009,12:40:00,1.0,TA,0.02789,0.02789,both,0.0,0.0
panel_od_009,12:40:00,1.0,TW,0.04099,0.04099,both,0.0,0.0
panel_od_009,12:40:00,1.0,WK,0.03809,0.03809,both,0.0,0.0
panel_od_009,12:50:00,0.25,BK,0.01789,0.01789,both,0.0,0.0
panel_od_009,12:50:00,0.25,DA,0.7265,0.7265,both,0.0,0.0
panel_od_009,12:50:00,0.25,RS,0.00989,0.00989,both,0.0,0.0
panel_od_009,12:50:00,0.25,S2,0.10296,0.10296,both,0.0,0.0
panel_od_009,12:50:00,0.25,S3,0.03579,0.03579000000000001,both,6.938893903907228e-18,2.7755575615628914e-17
panel_od_009,12:50:00,0.25,SB,0.0,0.0,both,0.0,0.0
panel_od_009,12:50:00,0.25,TA,0.02789,0.02789,both,0.0,0.0
panel_od_009,12:50:00,0.25,TW,0.04099,0.04099,both,0.0,0.0
panel_od_009,12:50:00,0.25,WK,0.03809,0.03809,both,0.0,0.0
panel_od_009,12:50:00,0.5,BK,0.01789,0.01789,both,0.0,0.0
panel_od_009,12:50:00,0.5,DA,0.7265,0.7265,both,0.0,0.0
panel_od_009,12:50:00,0.5,RS,0.00989,0.00989,both,0.0,0.0
panel_od_009,12:50:00,0.5,S2,0.10296,0.10296,both,0.0,0.0
panel_od_009,12:50:00,0.5,S3,0.03579,0.03579000000000001,both,6.938893903907228e-18,2.7755575615628914e-17
panel_od_009,12:50:00,0.5,SB,0.0,0.0,both,0.0,0.0
panel_od_009,12:50:00,0.5,TA,0.02789,0.02789,both,0.0,0.0
panel_od_009,12:50:00,0.5,TW,0.04099,0.04099,both,0.0,0.0
panel_od_009,12:50:00,0.5,WK,0.03809,0.03809,both,0.0,0.0
panel_od_009,12:50:00,0.75,BK,0.01789,0.01789,both,0.0,0.0
panel_od_009,12:50:00,0.75,DA,0.7265,0.7265,both,0.0,0.0
panel_od_009,12:50:00,0.75,RS,0.00989,0.00989,both,0.0,0.0
panel_od_009,12:50:00,0.75,S2,0.10296,0.10296,both,0.0,0.0
panel_od_009,12:50:00,0.75,S3,0.03579,0.03579000000000001,both,6.938893903907228e-18,2.7755575615628914e-17
panel_od_009,12:50:00,0.75,SB,0.0,0.0,both,0.0,0.0
panel_od_009,12:50:00,0.75,TA,0.02789,0.02789,both,0.0,0.0
panel_od_009,12:50:00,0.75,TW,0.04099,0.04099,both,0.0,0.0
panel_od_009,12:50:00,0.75,WK,0.03809,0.03809,both,0.0,0.0
panel_od_009,12:50:00,1.0,BK,0.01789,0.01789,both,0.0,0.0
panel_od_009,12:50:00,1.0,DA,0.7265,0.7265,both,0.0,0.0
panel_od_009,12:50:00,1.0,RS,0.00989,0.00989,both,0.0,0.0
panel_od_009,12:50:00,1.0,S2,0.10296,0.10296,both,0.0,0.0
panel_od_009,12:50:00,1.0,S3,0.03579,0.03579000000000001,both,6.938893903907228e-18,2.7755575615628914e-17
panel_od_009,12:50:00,1.0,SB,0.0,0.0,both,0.0,0.0
panel_od_009,12:50:00,1.0,TA,0.02789,0.02789,both,0.0,0.0
panel_od_009,12:50:00,1.0,TW,0.04099,0.04099,both,0.0,0.0
panel_od_009,12:50:00,1.0,WK,0.03809,0.03809,both,0.0,0.0
panel_od_010,12:30:00,0.25,BK,0.01789,0.01789,both,0.0,0.0
panel_od_010,12:30:00,0.25,DA,0.7265,0.7265,both,0.0,0.0
panel_od_010,12:30:00,0.25,RS,0.00989,0.00989,both,0.0,0.0
panel_od_010,12:30:00,0.25,S2,0.10296,0.10296,both,0.0,0.0
panel_od_010,12:30:00,0.25,S3,0.03579,0.03579000000000001,both,6.938893903907228e-18,2.7755575615628914e-17
panel_od_010,12:30:00,0.25,SB,0.0,0.0,both,0.0,0.0
panel_od_010,12:30:00,0.25,TA,0.02789,0.02789,both,0.0,0.0
panel_od_010,12:30:00,0.25,TW,0.04099,0.04099,both,0.0,0.0
panel_od_010,12:30:00,0.25,WK,0.03809,0.03809,both,0.0,0.0
panel_od_010,12:30:00,0.5,BK,0.01789,0.01789,both,0.0,0.0
panel_od_010,12:30:00,0.5,DA,0.7265,0.7265,both,0.0,0.0
panel_od_010,12:30:00,0.5,RS,0.00989,0.00989,both,0.0,0.0
panel_od_010,12:30:00,0.5,S2,0.10296,0.10296,both,0.0,0.0
panel_od_010,12:30:00,0.5,S3,0.03579,0.03579000000000001,both,6.938893903907228e-18,2.7755575615628914e-17
panel_od_010,12:30:00,0.5,SB,0.0,0.0,both,0.0,0.0
panel_od_010,12:30:00,0.5,TA,0.02789,0.02789,both,0.0,0.0
panel_od_010,12:30:00,0.5,TW,0.04099,0.04099,both,0.0,0.0
panel_od_010,12:30:00,0.5,WK,0.03809,0.03809,both,0.0,0.0
panel_od_010,12:30:00,0.75,BK,0.01789,0.01789,both,0.0,0.0
panel_od_010,12:30:00,0.75,DA,0.7265,0.7265,both,0.0,0.0
panel_od_010,12:30:00,0.75,RS,0.00989,0.00989,both,0.0,0.0
panel_od_010,12:30:00,0.75,S2,0.10296,0.10296,both,0.0,0.0
panel_od_010,12:30:00,0.75,S3,0.03579,0.03579000000000001,both,6.938893903907228e-18,2.7755575615628914e-17
panel_od_010,12:30:00,0.75,SB,0.0,0.0,both,0.0,0.0
panel_od_010,12:30:00,0.75,TA,0.02789,0.02789,both,0.0,0.0
panel_od_010,12:30:00,0.75,TW,0.04099,0.04099,both,0.0,0.0
panel_od_010,12:30:00,0.75,WK,0.03809,0.03809,both,0.0,0.0
panel_od_010,12:30:00,1.0,BK,0.01789,0.01789,both,0.0,0.0
panel_od_010,12:30:00,1.0,DA,0.7265,0.7265,both,0.0,0.0
panel_od_010,12:30:00,1.0,RS,0.00989,0.00989,both,0.0,0.0
panel_od_010,12:30:00,1.0,S2,0.10296,0.10296,both,0.0,0.0
panel_od_010,12:30:00,1.0,S3,0.03579,0.03579000000000001,both,6.938893903907228e-18,2.7755575615628914e-17
panel_od_010,12:30:00,1.0,SB,0.0,0.0,both,0.0,0.0
panel_od_010,12:30:00,1.0,TA,0.02789,0.02789,both,0.0,0.0
panel_od_010,12:30:00,1.0,TW,0.04099,0.04099,both,0.0,0.0
panel_od_010,12:30:00,1.0,WK,0.03809,0.03809,both,0.0,0.0
panel_od_010,12:40:00,0.25,BK,0.01789,0.01789,both,0.0,0.0
panel_od_010,12:40:00,0.25,DA,0.7265,0.7265,both,0.0,0.0
panel_od_010,12:40:00,0.25,RS,0.00989,0.00989,both,0.0,0.0
panel_od_010,12:40:00,0.25,S2,0.10296,0.10296,both,0.0,0.0
panel_od_010,12:40:00,0.25,S3,0.03579,0.03579000000000001,both,6.938893903907228e-18,2.7755575615628914e-17
panel_od_010,12:40:00,0.25,SB,0.0,0.0,both,0.0,0.0
panel_od_010,12:40:00,0.25,TA,0.02789,0.02789,both,0.0,0.0
panel_od_010,12:40:00,0.25,TW,0.04099,0.04099,both,0.0,0.0
panel_od_010,12:40:00,0.25,WK,0.03809,0.03809,both,0.0,0.0
panel_od_010,12:40:00,0.5,BK,0.01789,0.01789,both,0.0,0.0
panel_od_010,12:40:00,0.5,DA,0.7265,0.7265,both,0.0,0.0
panel_od_010,12:40:00,0.5,RS,0.00989,0.00989,both,0.0,0.0
panel_od_010,12:40:00,0.5,S2,0.10296,0.10296,both,0.0,0.0
panel_od_010,12:40:00,0.5,S3,0.03579,0.03579000000000001,both,6.938893903907228e-18,2.7755575615628914e-17
panel_od_010,12:40:00,0.5,SB,0.0,0.0,both,0.0,0.0
panel_od_010,12:40:00,0.5,TA,0.02789,0.02789,both,0.0,0.0
panel_od_010,12:40:00,0.5,TW,0.04099,0.04099,both,0.0,0.0
panel_od_010,12:40:00,0.5,WK,0.03809,0.03809,both,0.0,0.0
panel_od_010,12:40:00,0.75,BK,0.01789,0.01789,both,0.0,0.0
panel_od_010,12:40:00,0.75,DA,0.7265,0.7265,both,0.0,0.0
panel_od_010,12:40:00,0.75,RS,0.00989,0.00989,both,0.0,0.0
panel_od_010,12:40:00,0.75,S2,0.10296,0.10296,both,0.0,0.0
panel_od_010,12:40:00,0.75,S3,0.03579,0.03579000000000001,both,6.938893903907228e-18,2.7755575615628914e-17
panel_od_010,12:40:00,0.75,SB,0.0,0.0,both,0.0,0.0
panel_od_010,12:40:00,0.75,TA,0.02789,0.02789,both,0.0,0.0
panel_od_010,12:40:00,0.75,TW,0.04099,0.04099,both,0.0,0.0
panel_od_010,12:40:00,0.75,WK,0.03809,0.03809,both,0.0,0.0
panel_od_010,12:40:00,1.0,BK,0.01789,0.01789,both,0.0,0.0
panel_od_010,12:40:00,1.0,DA,0.7265,0.7265,both,0.0,0.0
panel_od_010,12:40:00,1.0,RS,0.00989,0.00989,both,0.0,0.0
panel_od_010,12:40:00,1.0,S2,0.10296,0.10296,both,0.0,0.0
panel_od_010,12:40:00,1.0,S3,0.03579,0.03579000000000001,both,6.938893903907228e-18,2.7755575615628914e-17
panel_od_010,12:40:00,1.0,SB,0.0,0.0,both,0.0,0.0
panel_od_010,12:40:00,1.0,TA,0.02789,0.02789,both,0.0,0.0
panel_od_010,12:40:00,1.0,TW,0.04099,0.04099,both,0.0,0.0
panel_od_010,12:40:00,1.0,WK,0.03809,0.03809,both,0.0,0.0
panel_od_010,12:50:00,0.25,BK,0.01789,0.01789,both,0.0,0.0
panel_od_010,12:50:00,0.25,DA,0.7265,0.7265,both,0.0,0.0
panel_od_010,12:50:00,0.25,RS,0.00989,0.00989,both,0.0,0.0
panel_od_010,12:50:00,0.25,S2,0.10296,0.10296,both,0.0,0.0
panel_od_010,12:50:00,0.25,S3,0.03579,0.03579000000000001,both,6.938893903907228e-18,2.7755575615628914e-17
panel_od_010,12:50:00,0.25,SB,0.0,0.0,both,0.0,0.0
panel_od_010,12:50:00,0.25,TA,0.02789,0.02789,both,0.0,0.0
panel_od_010,12:50:00,0.25,TW,0.04099,0.04099,both,0.0,0.0
panel_od_010,12:50:00,0.25,WK,0.03809,0.03809,both,0.0,0.0
panel_od_010,12:50:00,0.5,BK,0.01789,0.01789,both,0.0,0.0
panel_od_010,12:50:00,0.5,DA,0.7265,0.7265,both,0.0,0.0
panel_od_010,12:50:00,0.5,RS,0.00989,0.00989,both,0.0,0.0
panel_od_010,12:50:00,0.5,S2,0.10296,0.10296,both,0.0,0.0
panel_od_010,12:50:00,0.5,S3,0.03579,0.03579000000000001,both,6.938893903907228e-18,2.7755575615628914e-17
panel_od_010,12:50:00,0.5,SB,0.0,0.0,both,0.0,0.0
panel_od_010,12:50:00,0.5,TA,0.02789,0.02789,both,0.0,0.0
panel_od_010,12:50:00,0.5,TW,0.04099,0.04099,both,0.0,0.0
panel_od_010,12:50:00,0.5,WK,0.03809,0.03809,both,0.0,0.0
panel_od_010,12:50:00,0.75,BK,0.01789,0.01789,both,0.0,0.0
panel_od_010,12:50:00,0.75,DA,0.7265,0.7265,both,0.0,0.0
panel_od_010,12:50:00,0.75,RS,0.00989,0.00989,both,0.0,0.0
panel_od_010,12:50:00,0.75,S2,0.10296,0.10296,both,0.0,0.0
panel_od_010,12:50:00,0.75,S3,0.03579,0.03579000000000001,both,6.938893903907228e-18,2.7755575615628914e-17
panel_od_010,12:50:00,0.75,SB,0.0,0.0,both,0.0,0.0
panel_od_010,12:50:00,0.75,TA,0.02789,0.02789,both,0.0,0.0
panel_od_010,12:50:00,0.75,TW,0.04099,0.04099,both,0.0,0.0
panel_od_010,12:50:00,0.75,WK,0.03809,0.03809,both,0.0,0.0
panel_od_010,12:50:00,1.0,BK,0.01789,0.01789,both,0.0,0.0
panel_od_010,12:50:00,1.0,DA,0.7265,0.7265,both,0.0,0.0
panel_od_010,12:50:00,1.0,RS,0.00989,0.00989,both,0.0,0.0
panel_od_010,12:50:00,1.0,S2,0.10296,0.10296,both,0.0,0.0
panel_od_010,12:50:00,1.0,S3,0.03579,0.03579000000000001,both,6.938893903907228e-18,2.7755575615628914e-17
panel_od_010,12:50:00,1.0,SB,0.0,0.0,both,0.0,0.0
panel_od_010,12:50:00,1.0,TA,0.02789,0.02789,both,0.0,0.0
panel_od_010,12:50:00,1.0,TW,0.04099,0.04099,both,0.0,0.0
panel_od_010,12:50:00,1.0,WK,0.03809,0.03809,both,0.0,0.0
panel_od_011,12:30:00,0.25,BK,0.01789,0.01789,both,0.0,0.0
panel_od_011,12:30:00,0.25,DA,0.7265,0.7265,both,0.0,0.0
panel_od_011,12:30:00,0.25,RS,0.00989,0.00989,both,0.0,0.0
panel_od_011,12:30:00,0.25,S2,0.10296,0.10296,both,0.0,0.0
panel_od_011,12:30:00,0.25,S3,0.03579,0.03579000000000001,both,6.938893903907228e-18,2.7755575615628914e-17
panel_od_011,12:30:00,0.25,SB,0.0,0.0,both,0.0,0.0
panel_od_011,12:30:00,0.25,TA,0.02789,0.02789,both,0.0,0.0
panel_od_011,12:30:00,0.25,TW,0.04099,0.04099,both,0.0,0.0
panel_od_011,12:30:00,0.25,WK,0.03809,0.03809,both,0.0,0.0
panel_od_011,12:30:00,0.5,BK,0.01789,0.01789,both,0.0,0.0
panel_od_011,12:30:00,0.5,DA,0.7265,0.7265,both,0.0,0.0
panel_od_011,12:30:00,0.5,RS,0.00989,0.00989,both,0.0,0.0
panel_od_011,12:30:00,0.5,S2,0.10296,0.10296,both,0.0,0.0
panel_od_011,12:30:00,0.5,S3,0.03579,0.03579000000000001,both,6.938893903907228e-18,2.7755575615628914e-17
panel_od_011,12:30:00,0.5,SB,0.0,0.0,both,0.0,0.0
panel_od_011,12:30:00,0.5,TA,0.02789,0.02789,both,0.0,0.0
panel_od_011,12:30:00,0.5,TW,0.04099,0.04099,both,0.0,0.0
panel_od_011,12:30:00,0.5,WK,0.03809,0.03809,both,0.0,0.0
panel_od_011,12:30:00,0.75,BK,0.01789,0.01789,both,0.0,0.0
panel_od_011,12:30:00,0.75,DA,0.7265,0.7265,both,0.0,0.0
panel_od_011,12:30:00,0.75,RS,0.00989,0.00989,both,0.0,0.0
panel_od_011,12:30:00,0.75,S2,0.10296,0.10296,both,0.0,0.0
panel_od_011,12:30:00,0.75,S3,0.03579,0.03579000000000001,both,6.938893903907228e-18,2.7755575615628914e-17
panel_od_011,12:30:00,0.75,SB,0.0,0.0,both,0.0,0.0
panel_od_011,12:30:00,0.75,TA,0.02789,0.02789,both,0.0,0.0
panel_od_011,12:30:00,0.75,TW,0.04099,0.04099,both,0.0,0.0
panel_od_011,12:30:00,0.75,WK,0.03809,0.03809,both,0.0,0.0
panel_od_011,12:30:00,1.0,BK,0.01789,0.01789,both,0.0,0.0
panel_od_011,12:30:00,1.0,DA,0.7265,0.7265,both,0.0,0.0
panel_od_011,12:30:00,1.0,RS,0.00989,0.00989,both,0.0,0.0
panel_od_011,12:30:00,1.0,S2,0.10296,0.10296,both,0.0,0.0
panel_od_011,12:30:00,1.0,S3,0.03579,0.03579000000000001,both,6.938893903907228e-18,2.7755575615628914e-17
panel_od_011,12:30:00,1.0,SB,0.0,0.0,both,0.0,0.0
panel_od_011,12:30:00,1.0,TA,0.02789,0.02789,both,0.0,0.0
panel_od_011,12:30:00,1.0,TW,0.04099,0.04099,both,0.0,0.0
panel_od_011,12:30:00,1.0,WK,0.03809,0.03809,both,0.0,0.0
panel_od_011,12:40:00,0.25,BK,0.01789,0.01789,both,0.0,0.0
panel_od_011,12:40:00,0.25,DA,0.7265,0.7265,both,0.0,0.0
panel_od_011,12:40:00,0.25,RS,0.00989,0.00989,both,0.0,0.0
panel_od_011,12:40:00,0.25,S2,0.10296,0.10296,both,0.0,0.0
panel_od_011,12:40:00,0.25,S3,0.03579,0.03579000000000001,both,6.938893903907228e-18,2.7755575615628914e-17
panel_od_011,12:40:00,0.25,SB,0.0,0.0,both,0.0,0.0
panel_od_011,12:40:00,0.25,TA,0.02789,0.02789,both,0.0,0.0
panel_od_011,12:40:00,0.25,TW,0.04099,0.04099,both,0.0,0.0
panel_od_011,12:40:00,0.25,WK,0.03809,0.03809,both,0.0,0.0
panel_od_011,12:40:00,0.5,BK,0.01789,0.01789,both,0.0,0.0
panel_od_011,12:40:00,0.5,DA,0.7265,0.7265,both,0.0,0.0
panel_od_011,12:40:00,0.5,RS,0.00989,0.00989,both,0.0,0.0
panel_od_011,12:40:00,0.5,S2,0.10296,0.10296,both,0.0,0.0
panel_od_011,12:40:00,0.5,S3,0.03579,0.03579000000000001,both,6.938893903907228e-18,2.7755575615628914e-17
panel_od_011,12:40:00,0.5,SB,0.0,0.0,both,0.0,0.0
panel_od_011,12:40:00,0.5,TA,0.02789,0.02789,both,0.0,0.0
panel_od_011,12:40:00,0.5,TW,0.04099,0.04099,both,0.0,0.0
panel_od_011,12:40:00,0.5,WK,0.03809,0.03809,both,0.0,0.0
panel_od_011,12:40:00,0.75,BK,0.01789,0.01789,both,0.0,0.0
panel_od_011,12:40:00,0.75,DA,0.7265,0.7265,both,0.0,0.0
panel_od_011,12:40:00,0.75,RS,0.00989,0.00989,both,0.0,0.0
panel_od_011,12:40:00,0.75,S2,0.10296,0.10296,both,0.0,0.0
panel_od_011,12:40:00,0.75,S3,0.03579,0.03579000000000001,both,6.938893903907228e-18,2.7755575615628914e-17
panel_od_011,12:40:00,0.75,SB,0.0,0.0,both,0.0,0.0
panel_od_011,12:40:00,0.75,TA,0.02789,0.02789,both,0.0,0.0
panel_od_011,12:40:00,0.75,TW,0.04099,0.04099,both,0.0,0.0
panel_od_011,12:40:00,0.75,WK,0.03809,0.03809,both,0.0,0.0
panel_od_011,12:40:00,1.0,BK,0.01789,0.01789,both,0.0,0.0
panel_od_011,12:40:00,1.0,DA,0.7265,0.7265,both,0.0,0.0
panel_od_011,12:40:00,1.0,RS,0.00989,0.00989,both,0.0,0.0
panel_od_011,12:40:00,1.0,S2,0.10296,0.10296,both,0.0,0.0
panel_od_011,12:40:00,1.0,S3,0.03579,0.03579000000000001,both,6.938893903907228e-18,2.7755575615628914e-17
panel_od_011,12:40:00,1.0,SB,0.0,0.0,both,0.0,0.0
panel_od_011,12:40:00,1.0,TA,0.02789,0.02789,both,0.0,0.0
panel_od_011,12:40:00,1.0,TW,0.04099,0.04099,both,0.0,0.0
panel_od_011,12:40:00,1.0,WK,0.03809,0.03809,both,0.0,0.0
panel_od_011,12:50:00,0.25,BK,0.01789,0.01789,both,0.0,0.0
panel_od_011,12:50:00,0.25,DA,0.7265,0.7265,both,0.0,0.0
panel_od_011,12:50:00,0.25,RS,0.00989,0.00989,both,0.0,0.0
panel_od_011,12:50:00,0.25,S2,0.10296,0.10296,both,0.0,0.0
panel_od_011,12:50:00,0.25,S3,0.03579,0.03579000000000001,both,6.938893903907228e-18,2.7755575615628914e-17
panel_od_011,12:50:00,0.25,SB,0.0,0.0,both,0.0,0.0
panel_od_011,12:50:00,0.25,TA,0.02789,0.02789,both,0.0,0.0
panel_od_011,12:50:00,0.25,TW,0.04099,0.04099,both,0.0,0.0
panel_od_011,12:50:00,0.25,WK,0.03809,0.03809,both,0.0,0.0
panel_od_011,12:50:00,0.5,BK,0.01789,0.01789,both,0.0,0.0
panel_od_011,12:50:00,0.5,DA,0.7265,0.7265,both,0.0,0.0
panel_od_011,12:50:00,0.5,RS,0.00989,0.00989,both,0.0,0.0
panel_od_011,12:50:00,0.5,S2,0.10296,0.10296,both,0.0,0.0
panel_od_011,12:50:00,0.5,S3,0.03579,0.03579000000000001,both,6.938893903907228e-18,2.7755575615628914e-17
panel_od_011,12:50:00,0.5,SB,0.0,0.0,both,0.0,0.0
panel_od_011,12:50:00,0.5,TA,0.02789,0.02789,both,0.0,0.0
panel_od_011,12:50:00,0.5,TW,0.04099,0.04099,both,0.0,0.0
panel_od_011,12:50:00,0.5,WK,0.03809,0.03809,both,0.0,0.0
panel_od_011,12:50:00,0.75,BK,0.01789,0.01789,both,0.0,0.0
panel_od_011,12:50:00,0.75,DA,0.7265,0.7265,both,0.0,0.0
panel_od_011,12:50:00,0.75,RS,0.00989,0.00989,both,0.0,0.0
panel_od_011,12:50:00,0.75,S2,0.10296,0.10296,both,0.0,0.0
panel_od_011,12:50:00,0.75,S3,0.03579,0.03579000000000001,both,6.938893903907228e-18,2.7755575615628914e-17
panel_od_011,12:50:00,0.75,SB,0.0,0.0,both,0.0,0.0
panel_od_011,12:50:00,0.75,TA,0.02789,0.02789,both,0.0,0.0
panel_od_011,12:50:00,0.75,TW,0.04099,0.04099,both,0.0,0.0
panel_od_011,12:50:00,0.75,WK,0.03809,0.03809,both,0.0,0.0
panel_od_011,12:50:00,1.0,BK,0.01789,0.01789,both,0.0,0.0
panel_od_011,12:50:00,1.0,DA,0.7265,0.7265,both,0.0,0.0
panel_od_011,12:50:00,1.0,RS,0.00989,0.00989,both,0.0,0.0
panel_od_011,12:50:00,1.0,S2,0.10296,0.10296,both,0.0,0.0
panel_od_011,12:50:00,1.0,S3,0.03579,0.03579000000000001,both,6.938893903907228e-18,2.7755575615628914e-17
panel_od_011,12:50:00,1.0,SB,0.0,0.0,both,0.0,0.0
panel_od_011,12:50:00,1.0,TA,0.02789,0.02789,both,0.0,0.0
panel_od_011,12:50:00,1.0,TW,0.04099,0.04099,both,0.0,0.0
panel_od_011,12:50:00,1.0,WK,0.03809,0.03809,both,0.0,0.0
panel_od_012,12:30:00,0.25,BK,0.01789,0.01789,both,0.0,0.0
panel_od_012,12:30:00,0.25,DA,0.7265,0.7265,both,0.0,0.0
panel_od_012,12:30:00,0.25,RS,0.00989,0.00989,both,0.0,0.0
panel_od_012,12:30:00,0.25,S2,0.10296,0.10296,both,0.0,0.0
panel_od_012,12:30:00,0.25,S3,0.03579,0.03579000000000001,both,6.938893903907228e-18,2.7755575615628914e-17
panel_od_012,12:30:00,0.25,SB,0.0,0.0,both,0.0,0.0
panel_od_012,12:30:00,0.25,TA,0.02789,0.02789,both,0.0,0.0
panel_od_012,12:30:00,0.25,TW,0.04099,0.04099,both,0.0,0.0
panel_od_012,12:30:00,0.25,WK,0.03809,0.03809,both,0.0,0.0
panel_od_012,12:30:00,0.5,BK,0.01789,0.01789,both,0.0,0.0
panel_od_012,12:30:00,0.5,DA,0.7265,0.7265,both,0.0,0.0
panel_od_012,12:30:00,0.5,RS,0.00989,0.00989,both,0.0,0.0
panel_od_012,12:30:00,0.5,S2,0.10296,0.10296,both,0.0,0.0
panel_od_012,12:30:00,0.5,S3,0.03579,0.03579000000000001,both,6.938893903907228e-18,2.7755575615628914e-17
panel_od_012,12:30:00,0.5,SB,0.0,0.0,both,0.0,0.0
panel_od_012,12:30:00,0.5,TA,0.02789,0.02789,both,0.0,0.0
panel_od_012,12:30:00,0.5,TW,0.04099,0.04099,both,0.0,0.0
panel_od_012,12:30:00,0.5,WK,0.03809,0.03809,both,0.0,0.0
panel_od_012,12:30:00,0.75,BK,0.01789,0.01789,both,0.0,0.0
panel_od_012,12:30:00,0.75,DA,0.7265,0.7265,both,0.0,0.0
panel_od_012,12:30:00,0.75,RS,0.00989,0.00989,both,0.0,0.0
panel_od_012,12:30:00,0.75,S2,0.10296,0.10296,both,0.0,0.0
panel_od_012,12:30:00,0.75,S3,0.03579,0.03579000000000001,both,6.938893903907228e-18,2.7755575615628914e-17
panel_od_012,12:30:00,0.75,SB,0.0,0.0,both,0.0,0.0
panel_od_012,12:30:00,0.75,TA,0.02789,0.02789,both,0.0,0.0
panel_od_012,12:30:00,0.75,TW,0.04099,0.04099,both,0.0,0.0
panel_od_012,12:30:00,0.75,WK,0.03809,0.03809,both,0.0,0.0
panel_od_012,12:30:00,1.0,BK,0.01789,0.01789,both,0.0,0.0
panel_od_012,12:30:00,1.0,DA,0.7265,0.7265,both,0.0,0.0
panel_od_012,12:30:00,1.0,RS,0.00989,0.00989,both,0.0,0.0
panel_od_012,12:30:00,1.0,S2,0.10296,0.10296,both,0.0,0.0
panel_od_012,12:30:00,1.0,S3,0.03579,0.03579000000000001,both,6.938893903907228e-18,2.7755575615628914e-17
panel_od_012,12:30:00,1.0,SB,0.0,0.0,both,0.0,0.0
panel_od_012,12:30:00,1.0,TA,0.02789,0.02789,both,0.0,0.0
panel_od_012,12:30:00,1.0,TW,0.04099,0.04099,both,0.0,0.0
panel_od_012,12:30:00,1.0,WK,0.03809,0.03809,both,0.0,0.0
panel_od_012,12:40:00,0.25,BK,0.01789,0.01789,both,0.0,0.0
panel_od_012,12:40:00,0.25,DA,0.7265,0.7265,both,0.0,0.0
panel_od_012,12:40:00,0.25,RS,0.00989,0.00989,both,0.0,0.0
panel_od_012,12:40:00,0.25,S2,0.10296,0.10296,both,0.0,0.0
panel_od_012,12:40:00,0.25,S3,0.03579,0.03579000000000001,both,6.938893903907228e-18,2.7755575615628914e-17
panel_od_012,12:40:00,0.25,SB,0.0,0.0,both,0.0,0.0
panel_od_012,12:40:00,0.25,TA,0.02789,0.02789,both,0.0,0.0
panel_od_012,12:40:00,0.25,TW,0.04099,0.04099,both,0.0,0.0
panel_od_012,12:40:00,0.25,WK,0.03809,0.03809,both,0.0,0.0
panel_od_012,12:40:00,0.5,BK,0.01789,0.01789,both,0.0,0.0
panel_od_012,12:40:00,0.5,DA,0.7265,0.7265,both,0.0,0.0
panel_od_012,12:40:00,0.5,RS,0.00989,0.00989,both,0.0,0.0
panel_od_012,12:40:00,0.5,S2,0.10296,0.10296,both,0.0,0.0
panel_od_012,12:40:00,0.5,S3,0.03579,0.03579000000000001,both,6.938893903907228e-18,2.7755575615628914e-17
panel_od_012,12:40:00,0.5,SB,0.0,0.0,both,0.0,0.0
panel_od_012,12:40:00,0.5,TA,0.02789,0.02789,both,0.0,0.0
panel_od_012,12:40:00,0.5,TW,0.04099,0.04099,both,0.0,0.0
panel_od_012,12:40:00,0.5,WK,0.03809,0.03809,both,0.0,0.0
panel_od_012,12:40:00,0.75,BK,0.01789,0.01789,both,0.0,0.0
panel_od_012,12:40:00,0.75,DA,0.7265,0.7265,both,0.0,0.0
panel_od_012,12:40:00,0.75,RS,0.00989,0.00989,both,0.0,0.0
panel_od_012,12:40:00,0.75,S2,0.10296,0.10296,both,0.0,0.0
panel_od_012,12:40:00,0.75,S3,0.03579,0.03579000000000001,both,6.938893903907228e-18,2.7755575615628914e-17
panel_od_012,12:40:00,0.75,SB,0.0,0.0,both,0.0,0.0
panel_od_012,12:40:00,0.75,TA,0.02789,0.02789,both,0.0,0.0
panel_od_012,12:40:00,0.75,TW,0.04099,0.04099,both,0.0,0.0
panel_od_012,12:40:00,0.75,WK,0.03809,0.03809,both,0.0,0.0
panel_od_012,12:40:00,1.0,BK,0.01789,0.01789,both,0.0,0.0
panel_od_012,12:40:00,1.0,DA,0.7265,0.7265,both,0.0,0.0
panel_od_012,12:40:00,1.0,RS,0.00989,0.00989,both,0.0,0.0
panel_od_012,12:40:00,1.0,S2,0.10296,0.10296,both,0.0,0.0
panel_od_012,12:40:00,1.0,S3,0.03579,0.03579000000000001,both,6.938893903907228e-18,2.7755575615628914e-17
panel_od_012,12:40:00,1.0,SB,0.0,0.0,both,0.0,0.0
panel_od_012,12:40:00,1.0,TA,0.02789,0.02789,both,0.0,0.0
panel_od_012,12:40:00,1.0,TW,0.04099,0.04099,both,0.0,0.0
panel_od_012,12:40:00,1.0,WK,0.03809,0.03809,both,0.0,0.0
panel_od_012,12:50:00,0.25,BK,0.01789,0.01789,both,0.0,0.0
panel_od_012,12:50:00,0.25,DA,0.7265,0.7265,both,0.0,0.0
panel_od_012,12:50:00,0.25,RS,0.00989,0.00989,both,0.0,0.0
panel_od_012,12:50:00,0.25,S2,0.10296,0.10296,both,0.0,0.0
panel_od_012,12:50:00,0.25,S3,0.03579,0.03579000000000001,both,6.938893903907228e-18,2.7755575615628914e-17
panel_od_012,12:50:00,0.25,SB,0.0,0.0,both,0.0,0.0
panel_od_012,12:50:00,0.25,TA,0.02789,0.02789,both,0.0,0.0
panel_od_012,12:50:00,0.25,TW,0.04099,0.04099,both,0.0,0.0
panel_od_012,12:50:00,0.25,WK,0.03809,0.03809,both,0.0,0.0
panel_od_012,12:50:00,0.5,BK,0.01789,0.01789,both,0.0,0.0
panel_od_012,12:50:00,0.5,DA,0.7265,0.7265,both,0.0,0.0
panel_od_012,12:50:00,0.5,RS,0.00989,0.00989,both,0.0,0.0
panel_od_012,12:50:00,0.5,S2,0.10296,0.10296,both,0.0,0.0
panel_od_012,12:50:00,0.5,S3,0.03579,0.03579000000000001,both,6.938893903907228e-18,2.7755575615628914e-17
panel_od_012,12:50:00,0.5,SB,0.0,0.0,both,0.0,0.0
panel_od_012,12:50:00,0.5,TA,0.02789,0.02789,both,0.0,0.0
panel_od_012,12:50:00,0.5,TW,0.04099,0.04099,both,0.0,0.0
panel_od_012,12:50:00,0.5,WK,0.03809,0.03809,both,0.0,0.0
panel_od_012,12:50:00,0.75,BK,0.01789,0.01789,both,0.0,0.0
panel_od_012,12:50:00,0.75,DA,0.7265,0.7265,both,0.0,0.0
panel_od_012,12:50:00,0.75,RS,0.00989,0.00989,both,0.0,0.0
panel_od_012,12:50:00,0.75,S2,0.10296,0.10296,both,0.0,0.0
panel_od_012,12:50:00,0.75,S3,0.03579,0.03579000000000001,both,6.938893903907228e-18,2.7755575615628914e-17
panel_od_012,12:50:00,0.75,SB,0.0,0.0,both,0.0,0.0
panel_od_012,12:50:00,0.75,TA,0.02789,0.02789,both,0.0,0.0
panel_od_012,12:50:00,0.75,TW,0.04099,0.04099,both,0.0,0.0
panel_od_012,12:50:00,0.75,WK,0.03809,0.03809,both,0.0,0.0
panel_od_012,12:50:00,1.0,BK,0.01789,0.01789,both,0.0,0.0
panel_od_012,12:50:00,1.0,DA,0.7265,0.7265,both,0.0,0.0
panel_od_012,12:50:00,1.0,RS,0.00989,0.00989,both,0.0,0.0
panel_od_012,12:50:00,1.0,S2,0.10296,0.10296,both,0.0,0.0
panel_od_012,12:50:00,1.0,S3,0.03579,0.03579000000000001,both,6.938893903907228e-18,2.7755575615628914e-17
panel_od_012,12:50:00,1.0,SB,0.0,0.0,both,0.0,0.0
panel_od_012,12:50:00,1.0,TA,0.02789,0.02789,both,0.0,0.0
panel_od_012,12:50:00,1.0,TW,0.04099,0.04099,both,0.0,0.0
panel_od_012,12:50:00,1.0,WK,0.03809,0.03809,both,0.0,0.0
panel_od_018,12:30:00,0.25,BK,0.01789,0.01789,both,0.0,0.0
panel_od_018,12:30:00,0.25,DA,0.7265,0.7265,both,0.0,0.0
panel_od_018,12:30:00,0.25,RS,0.00989,0.00989,both,0.0,0.0
panel_od_018,12:30:00,0.25,S2,0.10296,0.10296,both,0.0,0.0
panel_od_018,12:30:00,0.25,S3,0.03579,0.03579000000000001,both,6.938893903907228e-18,1.3877787807814457e-17
panel_od_018,12:30:00,0.25,SB,0.0,0.0,both,0.0,0.0
panel_od_018,12:30:00,0.25,TA,0.02789,0.02789,both,0.0,0.0
panel_od_018,12:30:00,0.25,TW,0.04099,0.04099,both,0.0,0.0
panel_od_018,12:30:00,0.25,WK,0.03809,0.03809,both,0.0,0.0
panel_od_018,12:30:00,0.5,BK,0.01789,0.01789,both,0.0,0.0
panel_od_018,12:30:00,0.5,DA,0.7265,0.7265,both,0.0,0.0
panel_od_018,12:30:00,0.5,RS,0.00989,0.00989,both,0.0,0.0
panel_od_018,12:30:00,0.5,S2,0.10296,0.10296,both,0.0,0.0
panel_od_018,12:30:00,0.5,S3,0.03579,0.03579000000000001,both,6.938893903907228e-18,1.3877787807814457e-17
panel_od_018,12:30:00,0.5,SB,0.0,0.0,both,0.0,0.0
panel_od_018,12:30:00,0.5,TA,0.02789,0.02789,both,0.0,0.0
panel_od_018,12:30:00,0.5,TW,0.04099,0.04099,both,0.0,0.0
panel_od_018,12:30:00,0.5,WK,0.03809,0.03809,both,0.0,0.0
panel_od_018,12:30:00,0.75,BK,0.01789,0.01789,both,0.0,0.0
panel_od_018,12:30:00,0.75,DA,0.7265,0.7265,both,0.0,0.0
panel_od_018,12:30:00,0.75,RS,0.00989,0.00989,both,0.0,0.0
panel_od_018,12:30:00,0.75,S2,0.10296,0.10296,both,0.0,0.0
panel_od_018,12:30:00,0.75,S3,0.03579,0.03579000000000001,both,6.938893903907228e-18,1.3877787807814457e-17
panel_od_018,12:30:00,0.75,SB,0.0,0.0,both,0.0,0.0
panel_od_018,12:30:00,0.75,TA,0.02789,0.02789,both,0.0,0.0
panel_od_018,12:30:00,0.75,TW,0.04099,0.04099,both,0.0,0.0
panel_od_018,12:30:00,0.75,WK,0.03809,0.03809,both,0.0,0.0
panel_od_018,12:30:00,1.0,BK,0.01789,0.01789,both,0.0,0.0
panel_od_018,12:30:00,1.0,DA,0.7265,0.7265,both,0.0,0.0
panel_od_018,12:30:00,1.0,RS,0.00989,0.00989,both,0.0,0.0
panel_od_018,12:30:00,1.0,S2,0.10296,0.10296,both,0.0,0.0
panel_od_018,12:30:00,1.0,S3,0.03579,0.03579000000000001,both,6.938893903907228e-18,1.3877787807814457e-17
panel_od_018,12:30:00,1.0,SB,0.0,0.0,both,0.0,0.0
panel_od_018,12:30:00,1.0,TA,0.02789,0.02789,both,0.0,0.0
panel_od_018,12:30:00,1.0,TW,0.04099,0.04099,both,0.0,0.0
panel_od_018,12:30:00,1.0,WK,0.03809,0.03809,both,0.0,0.0
panel_od_018,12:40:00,0.25,BK,0.01789,0.01789,both,0.0,0.0
panel_od_018,12:40:00,0.25,DA,0.7265,0.7265,both,0.0,0.0
panel_od_018,12:40:00,0.25,RS,0.00989,0.00989,both,0.0,0.0
panel_od_018,12:40:00,0.25,S2,0.10296,0.10296,both,0.0,0.0
panel_od_018,12:40:00,0.25,S3,0.03579,0.03579000000000001,both,6.938893903907228e-18,1.3877787807814457e-17
panel_od_018,12:40:00,0.25,SB,0.0,0.0,both,0.0,0.0
panel_od_018,12:40:00,0.25,TA,0.02789,0.02789,both,0.0,0.0
panel_od_018,12:40:00,0.25,TW,0.04099,0.04099,both,0.0,0.0
panel_od_018,12:40:00,0.25,WK,0.03809,0.03809,both,0.0,0.0
panel_od_018,12:40:00,0.5,BK,0.01789,0.01789,both,0.0,0.0
panel_od_018,12:40:00,0.5,DA,0.7265,0.7265,both,0.0,0.0
panel_od_018,12:40:00,0.5,RS,0.00989,0.00989,both,0.0,0.0
panel_od_018,12:40:00,0.5,S2,0.10296,0.10296,both,0.0,0.0
panel_od_018,12:40:00,0.5,S3,0.03579,0.03579000000000001,both,6.938893903907228e-18,1.3877787807814457e-17
panel_od_018,12:40:00,0.5,SB,0.0,0.0,both,0.0,0.0
panel_od_018,12:40:00,0.5,TA,0.02789,0.02789,both,0.0,0.0
panel_od_018,12:40:00,0.5,TW,0.04099,0.04099,both,0.0,0.0
panel_od_018,12:40:00,0.5,WK,0.03809,0.03809,both,0.0,0.0
panel_od_018,12:40:00,0.75,BK,0.01789,0.01789,both,0.0,0.0
panel_od_018,12:40:00,0.75,DA,0.7265,0.7265,both,0.0,0.0
panel_od_018,12:40:00,0.75,RS,0.00989,0.00989,both,0.0,0.0
panel_od_018,12:40:00,0.75,S2,0.10296,0.10296,both,0.0,0.0
panel_od_018,12:40:00,0.75,S3,0.03579,0.03579000000000001,both,6.938893903907228e-18,1.3877787807814457e-17
panel_od_018,12:40:00,0.75,SB,0.0,0.0,both,0.0,0.0
panel_od_018,12:40:00,0.75,TA,0.02789,0.02789,both,0.0,0.0
panel_od_018,12:40:00,0.75,TW,0.04099,0.04099,both,0.0,0.0
panel_od_018,12:40:00,0.75,WK,0.03809,0.03809,both,0.0,0.0
panel_od_018,12:40:00,1.0,BK,0.01789,0.01789,both,0.0,0.0
panel_od_018,12:40:00,1.0,DA,0.7265,0.7265,both,0.0,0.0
panel_od_018,12:40:00,1.0,RS,0.00989,0.00989,both,0.0,0.0
panel_od_018,12:40:00,1.0,S2,0.10296,0.10296,both,0.0,0.0
panel_od_018,12:40:00,1.0,S3,0.03579,0.03579000000000001,both,6.938893903907228e-18,1.3877787807814457e-17
panel_od_018,12:40:00,1.0,SB,0.0,0.0,both,0.0,0.0
panel_od_018,12:40:00,1.0,TA,0.02789,0.02789,both,0.0,0.0
panel_od_018,12:40:00,1.0,TW,0.04099,0.04099,both,0.0,0.0
panel_od_018,12:40:00,1.0,WK,0.03809,0.03809,both,0.0,0.0
panel_od_018,12:50:00,0.25,BK,0.01789,0.01789,both,0.0,0.0
panel_od_018,12:50:00,0.25,DA,0.7265,0.7265,both,0.0,0.0
panel_od_018,12:50:00,0.25,RS,0.00989,0.00989,both,0.0,0.0
panel_od_018,12:50:00,0.25,S2,0.10296,0.10296,both,0.0,0.0
panel_od_018,12:50:00,0.25,S3,0.03579,0.03579000000000001,both,6.938893903907228e-18,1.3877787807814457e-17
panel_od_018,12:50:00,0.25,SB,0.0,0.0,both,0.0,0.0
panel_od_018,12:50:00,0.25,TA,0.02789,0.02789,both,0.0,0.0
panel_od_018,12:50:00,0.25,TW,0.04099,0.04099,both,0.0,0.0
panel_od_018,12:50:00,0.25,WK,0.03809,0.03809,both,0.0,0.0
panel_od_018,12:50:00,0.5,BK,0.01789,0.01789,both,0.0,0.0
panel_od_018,12:50:00,0.5,DA,0.7265,0.7265,both,0.0,0.0
panel_od_018,12:50:00,0.5,RS,0.00989,0.00989,both,0.0,0.0
panel_od_018,12:50:00,0.5,S2,0.10296,0.10296,both,0.0,0.0
panel_od_018,12:50:00,0.5,S3,0.03579,0.03579000000000001,both,6.938893903907228e-18,1.3877787807814457e-17
panel_od_018,12:50:00,0.5,SB,0.0,0.0,both,0.0,0.0
panel_od_018,12:50:00,0.5,TA,0.02789,0.02789,both,0.0,0.0
panel_od_018,12:50:00,0.5,TW,0.04099,0.04099,both,0.0,0.0
panel_od_018,12:50:00,0.5,WK,0.03809,0.03809,both,0.0,0.0
panel_od_018,12:50:00,0.75,BK,0.01789,0.01789,both,0.0,0.0
panel_od_018,12:50:00,0.75,DA,0.7265,0.7265,both,0.0,0.0
panel_od_018,12:50:00,0.75,RS,0.00989,0.00989,both,0.0,0.0
panel_od_018,12:50:00,0.75,S2,0.10296,0.10296,both,0.0,0.0
panel_od_018,12:50:00,0.75,S3,0.03579,0.03579000000000001,both,6.938893903907228e-18,1.3877787807814457e-17
panel_od_018,12:50:00,0.75,SB,0.0,0.0,both,0.0,0.0
panel_od_018,12:50:00,0.75,TA,0.02789,0.02789,both,0.0,0.0
panel_od_018,12:50:00,0.75,TW,0.04099,0.04099,both,0.0,0.0
panel_od_018,12:50:00,0.75,WK,0.03809,0.03809,both,0.0,0.0
panel_od_018,12:50:00,1.0,BK,0.01789,0.01789,both,0.0,0.0
panel_od_018,12:50:00,1.0,DA,0.7265,0.7265,both,0.0,0.0
panel_od_018,12:50:00,1.0,RS,0.00989,0.00989,both,0.0,0.0
panel_od_018,12:50:00,1.0,S2,0.10296,0.10296,both,0.0,0.0
panel_od_018,12:50:00,1.0,S3,0.03579,0.03579000000000001,both,6.938893903907228e-18,1.3877787807814457e-17
panel_od_018,12:50:00,1.0,SB,0.0,0.0,both,0.0,0.0
panel_od_018,12:50:00,1.0,TA,0.02789,0.02789,both,0.0,0.0
panel_od_018,12:50:00,1.0,TW,0.04099,0.04099,both,0.0,0.0
panel_od_018,12:50:00,1.0,WK,0.03809,0.03809,both,0.0,0.0
panel_od_019,12:30:00,0.25,BK,0.01789,0.01789,both,0.0,0.0
panel_od_019,12:30:00,0.25,DA,0.7265,0.7265,both,0.0,0.0
panel_od_019,12:30:00,0.25,RS,0.00989,0.00989,both,0.0,0.0
panel_od_019,12:30:00,0.25,S2,0.10296,0.10296,both,0.0,0.0
panel_od_019,12:30:00,0.25,S3,0.03579,0.03579000000000001,both,6.938893903907228e-18,1.3877787807814457e-17
panel_od_019,12:30:00,0.25,SB,0.0,0.0,both,0.0,0.0
panel_od_019,12:30:00,0.25,TA,0.02789,0.02789,both,0.0,0.0
panel_od_019,12:30:00,0.25,TW,0.04099,0.04099,both,0.0,0.0
panel_od_019,12:30:00,0.25,WK,0.03809,0.03809,both,0.0,0.0
panel_od_019,12:30:00,0.5,BK,0.01789,0.01789,both,0.0,0.0
panel_od_019,12:30:00,0.5,DA,0.7265,0.7265,both,0.0,0.0
panel_od_019,12:30:00,0.5,RS,0.00989,0.00989,both,0.0,0.0
panel_od_019,12:30:00,0.5,S2,0.10296,0.10296,both,0.0,0.0
panel_od_019,12:30:00,0.5,S3,0.03579,0.03579000000000001,both,6.938893903907228e-18,1.3877787807814457e-17
panel_od_019,12:30:00,0.5,SB,0.0,0.0,both,0.0,0.0
panel_od_019,12:30:00,0.5,TA,0.02789,0.02789,both,0.0,0.0
panel_od_019,12:30:00,0.5,TW,0.04099,0.04099,both,0.0,0.0
panel_od_019,12:30:00,0.5,WK,0.03809,0.03809,both,0.0,0.0
panel_od_019,12:30:00,0.75,BK,0.01789,0.01789,both,0.0,0.0
panel_od_019,12:30:00,0.75,DA,0.7265,0.7265,both,0.0,0.0
panel_od_019,12:30:00,0.75,RS,0.00989,0.00989,both,0.0,0.0
panel_od_019,12:30:00,0.75,S2,0.10296,0.10296,both,0.0,0.0
panel_od_019,12:30:00,0.75,S3,0.03579,0.03579000000000001,both,6.938893903907228e-18,1.3877787807814457e-17
panel_od_019,12:30:00,0.75,SB,0.0,0.0,both,0.0,0.0
panel_od_019,12:30:00,0.75,TA,0.02789,0.02789,both,0.0,0.0
panel_od_019,12:30:00,0.75,TW,0.04099,0.04099,both,0.0,0.0
panel_od_019,12:30:00,0.75,WK,0.03809,0.03809,both,0.0,0.0
panel_od_019,12:30:00,1.0,BK,0.01789,0.01789,both,0.0,0.0
panel_od_019,12:30:00,1.0,DA,0.7265,0.7265,both,0.0,0.0
panel_od_019,12:30:00,1.0,RS,0.00989,0.00989,both,0.0,0.0
panel_od_019,12:30:00,1.0,S2,0.10296,0.10296,both,0.0,0.0
panel_od_019,12:30:00,1.0,S3,0.03579,0.03579000000000001,both,6.938893903907228e-18,1.3877787807814457e-17
panel_od_019,12:30:00,1.0,SB,0.0,0.0,both,0.0,0.0
panel_od_019,12:30:00,1.0,TA,0.02789,0.02789,both,0.0,0.0
panel_od_019,12:30:00,1.0,TW,0.04099,0.04099,both,0.0,0.0
panel_od_019,12:30:00,1.0,WK,0.03809,0.03809,both,0.0,0.0
panel_od_019,12:40:00,0.25,BK,0.01789,0.01789,both,0.0,0.0
panel_od_019,12:40:00,0.25,DA,0.7265,0.7265,both,0.0,0.0
panel_od_019,12:40:00,0.25,RS,0.00989,0.00989,both,0.0,0.0
panel_od_019,12:40:00,0.25,S2,0.10296,0.10296,both,0.0,0.0
panel_od_019,12:40:00,0.25,S3,0.03579,0.03579000000000001,both,6.938893903907228e-18,1.3877787807814457e-17
panel_od_019,12:40:00,0.25,SB,0.0,0.0,both,0.0,0.0
panel_od_019,12:40:00,0.25,TA,0.02789,0.02789,both,0.0,0.0
panel_od_019,12:40:00,0.25,TW,0.04099,0.04099,both,0.0,0.0
panel_od_019,12:40:00,0.25,WK,0.03809,0.03809,both,0.0,0.0
panel_od_019,12:40:00,0.5,BK,0.01789,0.01789,both,0.0,0.0
panel_od_019,12:40:00,0.5,DA,0.7265,0.7265,both,0.0,0.0
panel_od_019,12:40:00,0.5,RS,0.00989,0.00989,both,0.0,0.0
panel_od_019,12:40:00,0.5,S2,0.10296,0.10296,both,0.0,0.0
panel_od_019,12:40:00,0.5,S3,0.03579,0.03579000000000001,both,6.938893903907228e-18,1.3877787807814457e-17
panel_od_019,12:40:00,0.5,SB,0.0,0.0,both,0.0,0.0
panel_od_019,12:40:00,0.5,TA,0.02789,0.02789,both,0.0,0.0
panel_od_019,12:40:00,0.5,TW,0.04099,0.04099,both,0.0,0.0
panel_od_019,12:40:00,0.5,WK,0.03809,0.03809,both,0.0,0.0
panel_od_019,12:40:00,0.75,BK,0.01789,0.01789,both,0.0,0.0
panel_od_019,12:40:00,0.75,DA,0.7265,0.7265,both,0.0,0.0
panel_od_019,12:40:00,0.75,RS,0.00989,0.00989,both,0.0,0.0
panel_od_019,12:40:00,0.75,S2,0.10296,0.10296,both,0.0,0.0
panel_od_019,12:40:00,0.75,S3,0.03579,0.03579000000000001,both,6.938893903907228e-18,1.3877787807814457e-17
panel_od_019,12:40:00,0.75,SB,0.0,0.0,both,0.0,0.0
panel_od_019,12:40:00,0.75,TA,0.02789,0.02789,both,0.0,0.0
panel_od_019,12:40:00,0.75,TW,0.04099,0.04099,both,0.0,0.0
panel_od_019,12:40:00,0.75,WK,0.03809,0.03809,both,0.0,0.0
panel_od_019,12:40:00,1.0,BK,0.01789,0.01789,both,0.0,0.0
panel_od_019,12:40:00,1.0,DA,0.7265,0.7265,both,0.0,0.0
panel_od_019,12:40:00,1.0,RS,0.00989,0.00989,both,0.0,0.0
panel_od_019,12:40:00,1.0,S2,0.10296,0.10296,both,0.0,0.0
panel_od_019,12:40:00,1.0,S3,0.03579,0.03579000000000001,both,6.938893903907228e-18,1.3877787807814457e-17
panel_od_019,12:40:00,1.0,SB,0.0,0.0,both,0.0,0.0
panel_od_019,12:40:00,1.0,TA,0.02789,0.02789,both,0.0,0.0
panel_od_019,12:40:00,1.0,TW,0.04099,0.04099,both,0.0,0.0
panel_od_019,12:40:00,1.0,WK,0.03809,0.03809,both,0.0,0.0
panel_od_019,12:50:00,0.25,BK,0.01789,0.01789,both,0.0,0.0
panel_od_019,12:50:00,0.25,DA,0.7265,0.7265,both,0.0,0.0
panel_od_019,12:50:00,0.25,RS,0.00989,0.00989,both,0.0,0.0
panel_od_019,12:50:00,0.25,S2,0.10296,0.10296,both,0.0,0.0
panel_od_019,12:50:00,0.25,S3,0.03579,0.03579000000000001,both,6.938893903907228e-18,1.3877787807814457e-17
panel_od_019,12:50:00,0.25,SB,0.0,0.0,both,0.0,0.0
panel_od_019,12:50:00,0.25,TA,0.02789,0.02789,both,0.0,0.0
panel_od_019,12:50:00,0.25,TW,0.04099,0.04099,both,0.0,0.0
panel_od_019,12:50:00,0.25,WK,0.03809,0.03809,both,0.0,0.0
panel_od_019,12:50:00,0.5,BK,0.01789,0.01789,both,0.0,0.0
panel_od_019,12:50:00,0.5,DA,0.7265,0.7265,both,0.0,0.0
panel_od_019,12:50:00,0.5,RS,0.00989,0.00989,both,0.0,0.0
panel_od_019,12:50:00,0.5,S2,0.10296,0.10296,both,0.0,0.0
panel_od_019,12:50:00,0.5,S3,0.03579,0.03579000000000001,both,6.938893903907228e-18,1.3877787807814457e-17
panel_od_019,12:50:00,0.5,SB,0.0,0.0,both,0.0,0.0
panel_od_019,12:50:00,0.5,TA,0.02789,0.02789,both,0.0,0.0
panel_od_019,12:50:00,0.5,TW,0.04099,0.04099,both,0.0,0.0
panel_od_019,12:50:00,0.5,WK,0.03809,0.03809,both,0.0,0.0
panel_od_019,12:50:00,0.75,BK,0.01789,0.01789,both,0.0,0.0
panel_od_019,12:50:00,0.75,DA,0.7265,0.7265,both,0.0,0.0
panel_od_019,12:50:00,0.75,RS,0.00989,0.00989,both,0.0,0.0
panel_od_019,12:50:00,0.75,S2,0.10296,0.10296,both,0.0,0.0
panel_od_019,12:50:00,0.75,S3,0.03579,0.03579000000000001,both,6.938893903907228e-18,1.3877787807814457e-17
panel_od_019,12:50:00,0.75,SB,0.0,0.0,both,0.0,0.0
panel_od_019,12:50:00,0.75,TA,0.02789,0.02789,both,0.0,0.0
panel_od_019,12:50:00,0.75,TW,0.04099,0.04099,both,0.0,0.0
panel_od_019,12:50:00,0.75,WK,0.03809,0.03809,both,0.0,0.0
panel_od_019,12:50:00,1.0,BK,0.01789,0.01789,both,0.0,0.0
panel_od_019,12:50:00,1.0,DA,0.7265,0.7265,both,0.0,0.0
panel_od_019,12:50:00,1.0,RS,0.00989,0.00989,both,0.0,0.0
panel_od_019,12:50:00,1.0,S2,0.10296,0.10296,both,0.0,0.0
panel_od_019,12:50:00,1.0,S3,0.03579,0.03579000000000001,both,6.938893903907228e-18,1.3877787807814457e-17
panel_od_019,12:50:00,1.0,SB,0.0,0.0,both,0.0,0.0
panel_od_019,12:50:00,1.0,TA,0.02789,0.02789,both,0.0,0.0
panel_od_019,12:50:00,1.0,TW,0.04099,0.04099,both,0.0,0.0
panel_od_019,12:50:00,1.0,WK,0.03809,0.03809,both,0.0,0.0
panel_od_021,12:30:00,0.25,BK,0.01789,0.01789,both,0.0,0.0
panel_od_021,12:30:00,0.25,DA,0.7265,0.7265,both,0.0,0.0
panel_od_021,12:30:00,0.25,RS,0.00989,0.00989,both,0.0,0.0
panel_od_021,12:30:00,0.25,S2,0.10296,0.10296,both,0.0,0.0
panel_od_021,12:30:00,0.25,S3,0.03579,0.03579000000000001,both,6.938893903907228e-18,2.7755575615628914e-17
panel_od_021,12:30:00,0.25,SB,0.0,0.0,both,0.0,0.0
panel_od_021,12:30:00,0.25,TA,0.02789,0.02789,both,0.0,0.0
panel_od_021,12:30:00,0.25,TW,0.04099,0.04099,both,0.0,0.0
panel_od_021,12:30:00,0.25,WK,0.03809,0.03809,both,0.0,0.0
panel_od_021,12:30:00,0.5,BK,0.01789,0.01789,both,0.0,0.0
panel_od_021,12:30:00,0.5,DA,0.7265,0.7265,both,0.0,0.0
panel_od_021,12:30:00,0.5,RS,0.00989,0.00989,both,0.0,0.0
panel_od_021,12:30:00,0.5,S2,0.10296,0.10296,both,0.0,0.0
panel_od_021,12:30:00,0.5,S3,0.03579,0.03579000000000001,both,6.938893903907228e-18,2.7755575615628914e-17
panel_od_021,12:30:00,0.5,SB,0.0,0.0,both,0.0,0.0
panel_od_021,12:30:00,0.5,TA,0.02789,0.02789,both,0.0,0.0
panel_od_021,12:30:00,0.5,TW,0.04099,0.04099,both,0.0,0.0
panel_od_021,12:30:00,0.5,WK,0.03809,0.03809,both,0.0,0.0
panel_od_021,12:30:00,0.75,BK,0.01789,0.01789,both,0.0,0.0
panel_od_021,12:30:00,0.75,DA,0.7265,0.7265,both,0.0,0.0
panel_od_021,12:30:00,0.75,RS,0.00989,0.00989,both,0.0,0.0
panel_od_021,12:30:00,0.75,S2,0.10296,0.10296,both,0.0,0.0
panel_od_021,12:30:00,0.75,S3,0.03579,0.03579000000000001,both,6.938893903907228e-18,2.7755575615628914e-17
panel_od_021,12:30:00,0.75,SB,0.0,0.0,both,0.0,0.0
panel_od_021,12:30:00,0.75,TA,0.02789,0.02789,both,0.0,0.0
panel_od_021,12:30:00,0.75,TW,0.04099,0.04099,both,0.0,0.0
panel_od_021,12:30:00,0.75,WK,0.03809,0.03809,both,0.0,0.0
panel_od_021,12:30:00,1.0,BK,0.01789,0.01789,both,0.0,0.0
panel_od_021,12:30:00,1.0,DA,0.7265,0.7265,both,0.0,0.0
panel_od_021,12:30:00,1.0,RS,0.00989,0.00989,both,0.0,0.0
panel_od_021,12:30:00,1.0,S2,0.10296,0.10296,both,0.0,0.0
panel_od_021,12:30:00,1.0,S3,0.03579,0.03579000000000001,both,6.938893903907228e-18,2.7755575615628914e-17
panel_od_021,12:30:00,1.0,SB,0.0,0.0,both,0.0,0.0
panel_od_021,12:30:00,1.0,TA,0.02789,0.02789,both,0.0,0.0
panel_od_021,12:30:00,1.0,TW,0.04099,0.04099,both,0.0,0.0
panel_od_021,12:30:00,1.0,WK,0.03809,0.03809,both,0.0,0.0
panel_od_021,12:40:00,0.25,BK,0.01789,0.01789,both,0.0,0.0
panel_od_021,12:40:00,0.25,DA,0.7265,0.7265,both,0.0,0.0
panel_od_021,12:40:00,0.25,RS,0.00989,0.00989,both,0.0,0.0
panel_od_021,12:40:00,0.25,S2,0.10296,0.10296,both,0.0,0.0
panel_od_021,12:40:00,0.25,S3,0.03579,0.03579000000000001,both,6.938893903907228e-18,2.7755575615628914e-17
panel_od_021,12:40:00,0.25,SB,0.0,0.0,both,0.0,0.0
panel_od_021,12:40:00,0.25,TA,0.02789,0.02789,both,0.0,0.0
panel_od_021,12:40:00,0.25,TW,0.04099,0.04099,both,0.0,0.0
panel_od_021,12:40:00,0.25,WK,0.03809,0.03809,both,0.0,0.0
panel_od_021,12:40:00,0.5,BK,0.01789,0.01789,both,0.0,0.0
panel_od_021,12:40:00,0.5,DA,0.7265,0.7265,both,0.0,0.0
panel_od_021,12:40:00,0.5,RS,0.00989,0.00989,both,0.0,0.0
panel_od_021,12:40:00,0.5,S2,0.10296,0.10296,both,0.0,0.0
panel_od_021,12:40:00,0.5,S3,0.03579,0.03579000000000001,both,6.938893903907228e-18,2.7755575615628914e-17
panel_od_021,12:40:00,0.5,SB,0.0,0.0,both,0.0,0.0
panel_od_021,12:40:00,0.5,TA,0.02789,0.02789,both,0.0,0.0
panel_od_021,12:40:00,0.5,TW,0.04099,0.04099,both,0.0,0.0
panel_od_021,12:40:00,0.5,WK,0.03809,0.03809,both,0.0,0.0
panel_od_021,12:40:00,0.75,BK,0.01789,0.01789,both,0.0,0.0
panel_od_021,12:40:00,0.75,DA,0.7265,0.7265,both,0.0,0.0
panel_od_021,12:40:00,0.75,RS,0.00989,0.00989,both,0.0,0.0
panel_od_021,12:40:00,0.75,S2,0.10296,0.10296,both,0.0,0.0
panel_od_021,12:40:00,0.75,S3,0.03579,0.03579000000000001,both,6.938893903907228e-18,2.7755575615628914e-17
panel_od_021,12:40:00,0.75,SB,0.0,0.0,both,0.0,0.0
panel_od_021,12:40:00,0.75,TA,0.02789,0.02789,both,0.0,0.0
panel_od_021,12:40:00,0.75,TW,0.04099,0.04099,both,0.0,0.0
panel_od_021,12:40:00,0.75,WK,0.03809,0.03809,both,0.0,0.0
panel_od_021,12:40:00,1.0,BK,0.01789,0.01789,both,0.0,0.0
panel_od_021,12:40:00,1.0,DA,0.7265,0.7265,both,0.0,0.0
panel_od_021,12:40:00,1.0,RS,0.00989,0.00989,both,0.0,0.0
panel_od_021,12:40:00,1.0,S2,0.10296,0.10296,both,0.0,0.0
panel_od_021,12:40:00,1.0,S3,0.03579,0.03579000000000001,both,6.938893903907228e-18,2.7755575615628914e-17
panel_od_021,12:40:00,1.0,SB,0.0,0.0,both,0.0,0.0
panel_od_021,12:40:00,1.0,TA,0.02789,0.02789,both,0.0,0.0
panel_od_021,12:40:00,1.0,TW,0.04099,0.04099,both,0.0,0.0
panel_od_021,12:40:00,1.0,WK,0.03809,0.03809,both,0.0,0.0
panel_od_021,12:50:00,0.25,BK,0.01789,0.01789,both,0.0,0.0
panel_od_021,12:50:00,0.25,DA,0.7265,0.7265,both,0.0,0.0
panel_od_021,12:50:00,0.25,RS,0.00989,0.00989,both,0.0,0.0
panel_od_021,12:50:00,0.25,S2,0.10296,0.10296,both,0.0,0.0
panel_od_021,12:50:00,0.25,S3,0.03579,0.03579000000000001,both,6.938893903907228e-18,2.7755575615628914e-17
panel_od_021,12:50:00,0.25,SB,0.0,0.0,both,0.0,0.0
panel_od_021,12:50:00,0.25,TA,0.02789,0.02789,both,0.0,0.0
panel_od_021,12:50:00,0.25,TW,0.04099,0.04099,both,0.0,0.0
panel_od_021,12:50:00,0.25,WK,0.03809,0.03809,both,0.0,0.0
panel_od_021,12:50:00,0.5,BK,0.01789,0.01789,both,0.0,0.0
panel_od_021,12:50:00,0.5,DA,0.7265,0.7265,both,0.0,0.0
panel_od_021,12:50:00,0.5,RS,0.00989,0.00989,both,0.0,0.0
panel_od_021,12:50:00,0.5,S2,0.10296,0.10296,both,0.0,0.0
panel_od_021,12:50:00,0.5,S3,0.03579,0.03579000000000001,both,6.938893903907228e-18,2.7755575615628914e-17
panel_od_021,12:50:00,0.5,SB,0.0,0.0,both,0.0,0.0
panel_od_021,12:50:00,0.5,TA,0.02789,0.02789,both,0.0,0.0
panel_od_021,12:50:00,0.5,TW,0.04099,0.04099,both,0.0,0.0
panel_od_021,12:50:00,0.5,WK,0.03809,0.03809,both,0.0,0.0
panel_od_021,12:50:00,0.75,BK,0.01789,0.01789,both,0.0,0.0
panel_od_021,12:50:00,0.75,DA,0.7265,0.7265,both,0.0,0.0
panel_od_021,12:50:00,0.75,RS,0.00989,0.00989,both,0.0,0.0
panel_od_021,12:50:00,0.75,S2,0.10296,0.10296,both,0.0,0.0
panel_od_021,12:50:00,0.75,S3,0.03579,0.03579000000000001,both,6.938893903907228e-18,2.7755575615628914e-17
panel_od_021,12:50:00,0.75,SB,0.0,0.0,both,0.0,0.0
panel_od_021,12:50:00,0.75,TA,0.02789,0.02789,both,0.0,0.0
panel_od_021,12:50:00,0.75,TW,0.04099,0.04099,both,0.0,0.0
panel_od_021,12:50:00,0.75,WK,0.03809,0.03809,both,0.0,0.0
panel_od_021,12:50:00,1.0,BK,0.01789,0.01789,both,0.0,0.0
panel_od_021,12:50:00,1.0,DA,0.7265,0.7265,both,0.0,0.0
panel_od_021,12:50:00,1.0,RS,0.00989,0.00989,both,0.0,0.0
panel_od_021,12:50:00,1.0,S2,0.10296,0.10296,both,0.0,0.0
panel_od_021,12:50:00,1.0,S3,0.03579,0.03579000000000001,both,6.938893903907228e-18,2.7755575615628914e-17
panel_od_021,12:50:00,1.0,SB,0.0,0.0,both,0.0,0.0
panel_od_021,12:50:00,1.0,TA,0.02789,0.02789,both,0.0,0.0
panel_od_021,12:50:00,1.0,TW,0.04099,0.04099,both,0.0,0.0
panel_od_021,12:50:00,1.0,WK,0.03809,0.03809,both,0.0,0.0
panel_od_022,12:30:00,0.25,BK,0.01789,0.01789,both,0.0,0.0
panel_od_022,12:30:00,0.25,DA,0.7265,0.7265,both,0.0,0.0
panel_od_022,12:30:00,0.25,RS,0.00989,0.00989,both,0.0,0.0
panel_od_022,12:30:00,0.25,S2,0.10296,0.10296,both,0.0,0.0
panel_od_022,12:30:00,0.25,S3,0.03579,0.03579000000000001,both,6.938893903907228e-18,1.3877787807814457e-17
panel_od_022,12:30:00,0.25,SB,0.0,0.0,both,0.0,0.0
panel_od_022,12:30:00,0.25,TA,0.02789,0.02789,both,0.0,0.0
panel_od_022,12:30:00,0.25,TW,0.04099,0.04099,both,0.0,0.0
panel_od_022,12:30:00,0.25,WK,0.03809,0.03809,both,0.0,0.0
panel_od_022,12:30:00,0.5,BK,0.01789,0.01789,both,0.0,0.0
panel_od_022,12:30:00,0.5,DA,0.7265,0.7265,both,0.0,0.0
panel_od_022,12:30:00,0.5,RS,0.00989,0.00989,both,0.0,0.0
panel_od_022,12:30:00,0.5,S2,0.10296,0.10296,both,0.0,0.0
panel_od_022,12:30:00,0.5,S3,0.03579,0.03579000000000001,both,6.938893903907228e-18,1.3877787807814457e-17
panel_od_022,12:30:00,0.5,SB,0.0,0.0,both,0.0,0.0
panel_od_022,12:30:00,0.5,TA,0.02789,0.02789,both,0.0,0.0
panel_od_022,12:30:00,0.5,TW,0.04099,0.04099,both,0.0,0.0
panel_od_022,12:30:00,0.5,WK,0.03809,0.03809,both,0.0,0.0
panel_od_022,12:30:00,0.75,BK,0.01789,0.01789,both,0.0,0.0
panel_od_022,12:30:00,0.75,DA,0.7265,0.7265,both,0.0,0.0
panel_od_022,12:30:00,0.75,RS,0.00989,0.00989,both,0.0,0.0
panel_od_022,12:30:00,0.75,S2,0.10296,0.10296,both,0.0,0.0
panel_od_022,12:30:00,0.75,S3,0.03579,0.03579000000000001,both,6.938893903907228e-18,1.3877787807814457e-17
panel_od_022,12:30:00,0.75,SB,0.0,0.0,both,0.0,0.0
panel_od_022,12:30:00,0.75,TA,0.02789,0.02789,both,0.0,0.0
panel_od_022,12:30:00,0.75,TW,0.04099,0.04099,both,0.0,0.0
panel_od_022,12:30:00,0.75,WK,0.03809,0.03809,both,0.0,0.0
panel_od_022,12:30:00,1.0,BK,0.01789,0.01789,both,0.0,0.0
panel_od_022,12:30:00,1.0,DA,0.7265,0.7265,both,0.0,0.0
panel_od_022,12:30:00,1.0,RS,0.00989,0.00989,both,0.0,0.0
panel_od_022,12:30:00,1.0,S2,0.10296,0.10296,both,0.0,0.0
panel_od_022,12:30:00,1.0,S3,0.03579,0.03579000000000001,both,6.938893903907228e-18,1.3877787807814457e-17
panel_od_022,12:30:00,1.0,SB,0.0,0.0,both,0.0,0.0
panel_od_022,12:30:00,1.0,TA,0.02789,0.02789,both,0.0,0.0
panel_od_022,12:30:00,1.0,TW,0.04099,0.04099,both,0.0,0.0
panel_od_022,12:30:00,1.0,WK,0.03809,0.03809,both,0.0,0.0
panel_od_022,12:40:00,0.25,BK,0.01789,0.01789,both,0.0,0.0
panel_od_022,12:40:00,0.25,DA,0.7265,0.7265,both,0.0,0.0
panel_od_022,12:40:00,0.25,RS,0.00989,0.00989,both,0.0,0.0
panel_od_022,12:40:00,0.25,S2,0.10296,0.10296,both,0.0,0.0
panel_od_022,12:40:00,0.25,S3,0.03579,0.03579000000000001,both,6.938893903907228e-18,1.3877787807814457e-17
panel_od_022,12:40:00,0.25,SB,0.0,0.0,both,0.0,0.0
panel_od_022,12:40:00,0.25,TA,0.02789,0.02789,both,0.0,0.0
panel_od_022,12:40:00,0.25,TW,0.04099,0.04099,both,0.0,0.0
panel_od_022,12:40:00,0.25,WK,0.03809,0.03809,both,0.0,0.0
panel_od_022,12:40:00,0.5,BK,0.01789,0.01789,both,0.0,0.0
panel_od_022,12:40:00,0.5,DA,0.7265,0.7265,both,0.0,0.0
panel_od_022,12:40:00,0.5,RS,0.00989,0.00989,both,0.0,0.0
panel_od_022,12:40:00,0.5,S2,0.10296,0.10296,both,0.0,0.0
panel_od_022,12:40:00,0.5,S3,0.03579,0.03579000000000001,both,6.938893903907228e-18,1.3877787807814457e-17
panel_od_022,12:40:00,0.5,SB,0.0,0.0,both,0.0,0.0
panel_od_022,12:40:00,0.5,TA,0.02789,0.02789,both,0.0,0.0
panel_od_022,12:40:00,0.5,TW,0.04099,0.04099,both,0.0,0.0
panel_od_022,12:40:00,0.5,WK,0.03809,0.03809,both,0.0,0.0
panel_od_022,12:40:00,0.75,BK,0.01789,0.01789,both,0.0,0.0
panel_od_022,12:40:00,0.75,DA,0.7265,0.7265,both,0.0,0.0
panel_od_022,12:40:00,0.75,RS,0.00989,0.00989,both,0.0,0.0
panel_od_022,12:40:00,0.75,S2,0.10296,0.10296,both,0.0,0.0
panel_od_022,12:40:00,0.75,S3,0.03579,0.03579000000000001,both,6.938893903907228e-18,1.3877787807814457e-17
panel_od_022,12:40:00,0.75,SB,0.0,0.0,both,0.0,0.0
panel_od_022,12:40:00,0.75,TA,0.02789,0.02789,both,0.0,0.0
panel_od_022,12:40:00,0.75,TW,0.04099,0.04099,both,0.0,0.0
panel_od_022,12:40:00,0.75,WK,0.03809,0.03809,both,0.0,0.0
panel_od_022,12:40:00,1.0,BK,0.01789,0.01789,both,0.0,0.0
panel_od_022,12:40:00,1.0,DA,0.7265,0.7265,both,0.0,0.0
panel_od_022,12:40:00,1.0,RS,0.00989,0.00989,both,0.0,0.0
panel_od_022,12:40:00,1.0,S2,0.10296,0.10296,both,0.0,0.0
panel_od_022,12:40:00,1.0,S3,0.03579,0.03579000000000001,both,6.938893903907228e-18,1.3877787807814457e-17
panel_od_022,12:40:00,1.0,SB,0.0,0.0,both,0.0,0.0
panel_od_022,12:40:00,1.0,TA,0.02789,0.02789,both,0.0,0.0
panel_od_022,12:40:00,1.0,TW,0.04099,0.04099,both,0.0,0.0
panel_od_022,12:40:00,1.0,WK,0.03809,0.03809,both,0.0,0.0
panel_od_022,12:50:00,0.25,BK,0.01789,0.01789,both,0.0,0.0
panel_od_022,12:50:00,0.25,DA,0.7265,0.7265,both,0.0,0.0
panel_od_022,12:50:00,0.25,RS,0.00989,0.00989,both,0.0,0.0
panel_od_022,12:50:00,0.25,S2,0.10296,0.10296,both,0.0,0.0
panel_od_022,12:50:00,0.25,S3,0.03579,0.03579000000000001,both,6.938893903907228e-18,1.3877787807814457e-17
panel_od_022,12:50:00,0.25,SB,0.0,0.0,both,0.0,0.0
panel_od_022,12:50:00,0.25,TA,0.02789,0.02789,both,0.0,0.0
panel_od_022,12:50:00,0.25,TW,0.04099,0.04099,both,0.0,0.0
panel_od_022,12:50:00,0.25,WK,0.03809,0.03809,both,0.0,0.0
panel_od_022,12:50:00,0.5,BK,0.01789,0.01789,both,0.0,0.0
panel_od_022,12:50:00,0.5,DA,0.7265,0.7265,both,0.0,0.0
panel_od_022,12:50:00,0.5,RS,0.00989,0.00989,both,0.0,0.0
panel_od_022,12:50:00,0.5,S2,0.10296,0.10296,both,0.0,0.0
panel_od_022,12:50:00,0.5,S3,0.03579,0.03579000000000001,both,6.938893903907228e-18,1.3877787807814457e-17
panel_od_022,12:50:00,0.5,SB,0.0,0.0,both,0.0,0.0
panel_od_022,12:50:00,0.5,TA,0.02789,0.02789,both,0.0,0.0
panel_od_022,12:50:00,0.5,TW,0.04099,0.04099,both,0.0,0.0
panel_od_022,12:50:00,0.5,WK,0.03809,0.03809,both,0.0,0.0
panel_od_022,12:50:00,0.75,BK,0.01789,0.01789,both,0.0,0.0
panel_od_022,12:50:00,0.75,DA,0.7265,0.7265,both,0.0,0.0
panel_od_022,12:50:00,0.75,RS,0.00989,0.00989,both,0.0,0.0
panel_od_022,12:50:00,0.75,S2,0.10296,0.10296,both,0.0,0.0
panel_od_022,12:50:00,0.75,S3,0.03579,0.03579000000000001,both,6.938893903907228e-18,1.3877787807814457e-17
panel_od_022,12:50:00,0.75,SB,0.0,0.0,both,0.0,0.0
panel_od_022,12:50:00,0.75,TA,0.02789,0.02789,both,0.0,0.0
panel_od_022,12:50:00,0.75,TW,0.04099,0.04099,both,0.0,0.0
panel_od_022,12:50:00,0.75,WK,0.03809,0.03809,both,0.0,0.0
panel_od_022,12:50:00,1.0,BK,0.01789,0.01789,both,0.0,0.0
panel_od_022,12:50:00,1.0,DA,0.7265,0.7265,both,0.0,0.0
panel_od_022,12:50:00,1.0,RS,0.00989,0.00989,both,0.0,0.0
panel_od_022,12:50:00,1.0,S2,0.10296,0.10296,both,0.0,0.0
panel_od_022,12:50:00,1.0,S3,0.03579,0.03579000000000001,both,6.938893903907228e-18,1.3877787807814457e-17
panel_od_022,12:50:00,1.0,SB,0.0,0.0,both,0.0,0.0
panel_od_022,12:50:00,1.0,TA,0.02789,0.02789,both,0.0,0.0
panel_od_022,12:50:00,1.0,TW,0.04099,0.04099,both,0.0,0.0
panel_od_022,12:50:00,1.0,WK,0.03809,0.03809,both,0.0,0.0
panel_od_024,12:30:00,0.25,BK,0.01789,0.01789,both,0.0,0.0
panel_od_024,12:30:00,0.25,DA,0.7265,0.7265,both,0.0,0.0
panel_od_024,12:30:00,0.25,RS,0.00989,0.00989,both,0.0,0.0
panel_od_024,12:30:00,0.25,S2,0.10296,0.10296,both,0.0,0.0
panel_od_024,12:30:00,0.25,S3,0.03579,0.03579000000000001,both,6.938893903907228e-18,2.7755575615628914e-17
panel_od_024,12:30:00,0.25,SB,0.0,0.0,both,0.0,0.0
panel_od_024,12:30:00,0.25,TA,0.02789,0.02789,both,0.0,0.0
panel_od_024,12:30:00,0.25,TW,0.04099,0.04099,both,0.0,0.0
panel_od_024,12:30:00,0.25,WK,0.03809,0.03809,both,0.0,0.0
panel_od_024,12:30:00,0.5,BK,0.01789,0.01789,both,0.0,0.0
panel_od_024,12:30:00,0.5,DA,0.7265,0.7265,both,0.0,0.0
panel_od_024,12:30:00,0.5,RS,0.00989,0.00989,both,0.0,0.0
panel_od_024,12:30:00,0.5,S2,0.10296,0.10296,both,0.0,0.0
panel_od_024,12:30:00,0.5,S3,0.03579,0.03579000000000001,both,6.938893903907228e-18,2.7755575615628914e-17
panel_od_024,12:30:00,0.5,SB,0.0,0.0,both,0.0,0.0
panel_od_024,12:30:00,0.5,TA,0.02789,0.02789,both,0.0,0.0
panel_od_024,12:30:00,0.5,TW,0.04099,0.04099,both,0.0,0.0
panel_od_024,12:30:00,0.5,WK,0.03809,0.03809,both,0.0,0.0
panel_od_024,12:30:00,0.75,BK,0.01789,0.01789,both,0.0,0.0
panel_od_024,12:30:00,0.75,DA,0.7265,0.7265,both,0.0,0.0
panel_od_024,12:30:00,0.75,RS,0.00989,0.00989,both,0.0,0.0
panel_od_024,12:30:00,0.75,S2,0.10296,0.10296,both,0.0,0.0
panel_od_024,12:30:00,0.75,S3,0.03579,0.03579000000000001,both,6.938893903907228e-18,2.7755575615628914e-17
panel_od_024,12:30:00,0.75,SB,0.0,0.0,both,0.0,0.0
panel_od_024,12:30:00,0.75,TA,0.02789,0.02789,both,0.0,0.0
panel_od_024,12:30:00,0.75,TW,0.04099,0.04099,both,0.0,0.0
panel_od_024,12:30:00,0.75,WK,0.03809,0.03809,both,0.0,0.0
panel_od_024,12:30:00,1.0,BK,0.01789,0.01789,both,0.0,0.0
panel_od_024,12:30:00,1.0,DA,0.7265,0.7265,both,0.0,0.0
panel_od_024,12:30:00,1.0,RS,0.00989,0.00989,both,0.0,0.0
panel_od_024,12:30:00,1.0,S2,0.10296,0.10296,both,0.0,0.0
panel_od_024,12:30:00,1.0,S3,0.03579,0.03579000000000001,both,6.938893903907228e-18,2.7755575615628914e-17
panel_od_024,12:30:00,1.0,SB,0.0,0.0,both,0.0,0.0
panel_od_024,12:30:00,1.0,TA,0.02789,0.02789,both,0.0,0.0
panel_od_024,12:30:00,1.0,TW,0.04099,0.04099,both,0.0,0.0
panel_od_024,12:30:00,1.0,WK,0.03809,0.03809,both,0.0,0.0
panel_od_024,12:40:00,0.25,BK,0.01789,0.01789,both,0.0,0.0
panel_od_024,12:40:00,0.25,DA,0.7265,0.7265,both,0.0,0.0
panel_od_024,12:40:00,0.25,RS,0.00989,0.00989,both,0.0,0.0
panel_od_024,12:40:00,0.25,S2,0.10296,0.10296,both,0.0,0.0
panel_od_024,12:40:00,0.25,S3,0.03579,0.03579000000000001,both,6.938893903907228e-18,2.7755575615628914e-17
panel_od_024,12:40:00,0.25,SB,0.0,0.0,both,0.0,0.0
panel_od_024,12:40:00,0.25,TA,0.02789,0.02789,both,0.0,0.0
panel_od_024,12:40:00,0.25,TW,0.04099,0.04099,both,0.0,0.0
panel_od_024,12:40:00,0.25,WK,0.03809,0.03809,both,0.0,0.0
panel_od_024,12:40:00,0.5,BK,0.01789,0.01789,both,0.0,0.0
panel_od_024,12:40:00,0.5,DA,0.7265,0.7265,both,0.0,0.0
panel_od_024,12:40:00,0.5,RS,0.00989,0.00989,both,0.0,0.0
panel_od_024,12:40:00,0.5,S2,0.10296,0.10296,both,0.0,0.0
panel_od_024,12:40:00,0.5,S3,0.03579,0.03579000000000001,both,6.938893903907228e-18,2.7755575615628914e-17
panel_od_024,12:40:00,0.5,SB,0.0,0.0,both,0.0,0.0
panel_od_024,12:40:00,0.5,TA,0.02789,0.02789,both,0.0,0.0
panel_od_024,12:40:00,0.5,TW,0.04099,0.04099,both,0.0,0.0
panel_od_024,12:40:00,0.5,WK,0.03809,0.03809,both,0.0,0.0
panel_od_024,12:40:00,0.75,BK,0.01789,0.01789,both,0.0,0.0
panel_od_024,12:40:00,0.75,DA,0.7265,0.7265,both,0.0,0.0
panel_od_024,12:40:00,0.75,RS,0.00989,0.00989,both,0.0,0.0
panel_od_024,12:40:00,0.75,S2,0.10296,0.10296,both,0.0,0.0
panel_od_024,12:40:00,0.75,S3,0.03579,0.03579000000000001,both,6.938893903907228e-18,2.7755575615628914e-17
panel_od_024,12:40:00,0.75,SB,0.0,0.0,both,0.0,0.0
panel_od_024,12:40:00,0.75,TA,0.02789,0.02789,both,0.0,0.0
panel_od_024,12:40:00,0.75,TW,0.04099,0.04099,both,0.0,0.0
panel_od_024,12:40:00,0.75,WK,0.03809,0.03809,both,0.0,0.0
panel_od_024,12:40:00,1.0,BK,0.01789,0.01789,both,0.0,0.0
panel_od_024,12:40:00,1.0,DA,0.7265,0.7265,both,0.0,0.0
panel_od_024,12:40:00,1.0,RS,0.00989,0.00989,both,0.0,0.0
panel_od_024,12:40:00,1.0,S2,0.10296,0.10296,both,0.0,0.0
panel_od_024,12:40:00,1.0,S3,0.03579,0.03579000000000001,both,6.938893903907228e-18,2.7755575615628914e-17
panel_od_024,12:40:00,1.0,SB,0.0,0.0,both,0.0,0.0
panel_od_024,12:40:00,1.0,TA,0.02789,0.02789,both,0.0,0.0
panel_od_024,12:40:00,1.0,TW,0.04099,0.04099,both,0.0,0.0
panel_od_024,12:40:00,1.0,WK,0.03809,0.03809,both,0.0,0.0
panel_od_024,12:50:00,0.25,BK,0.01789,0.01789,both,0.0,0.0
panel_od_024,12:50:00,0.25,DA,0.7265,0.7265,both,0.0,0.0
panel_od_024,12:50:00,0.25,RS,0.00989,0.00989,both,0.0,0.0
panel_od_024,12:50:00,0.25,S2,0.10296,0.10296,both,0.0,0.0
panel_od_024,12:50:00,0.25,S3,0.03579,0.03579000000000001,both,6.938893903907228e-18,2.7755575615628914e-17
panel_od_024,12:50:00,0.25,SB,0.0,0.0,both,0.0,0.0
panel_od_024,12:50:00,0.25,TA,0.02789,0.02789,both,0.0,0.0
panel_od_024,12:50:00,0.25,TW,0.04099,0.04099,both,0.0,0.0
panel_od_024,12:50:00,0.25,WK,0.03809,0.03809,both,0.0,0.0
panel_od_024,12:50:00,0.5,BK,0.01789,0.01789,both,0.0,0.0
panel_od_024,12:50:00,0.5,DA,0.7265,0.7265,both,0.0,0.0
panel_od_024,12:50:00,0.5,RS,0.00989,0.00989,both,0.0,0.0
panel_od_024,12:50:00,0.5,S2,0.10296,0.10296,both,0.0,0.0
panel_od_024,12:50:00,0.5,S3,0.03579,0.03579000000000001,both,6.938893903907228e-18,2.7755575615628914e-17
panel_od_024,12:50:00,0.5,SB,0.0,0.0,both,0.0,0.0
panel_od_024,12:50:00,0.5,TA,0.02789,0.02789,both,0.0,0.0
panel_od_024,12:50:00,0.5,TW,0.04099,0.04099,both,0.0,0.0
panel_od_024,12:50:00,0.5,WK,0.03809,0.03809,both,0.0,0.0
panel_od_024,12:50:00,0.75,BK,0.01789,0.01789,both,0.0,0.0
panel_od_024,12:50:00,0.75,DA,0.7265,0.7265,both,0.0,0.0
panel_od_024,12:50:00,0.75,RS,0.00989,0.00989,both,0.0,0.0
panel_od_024,12:50:00,0.75,S2,0.10296,0.10296,both,0.0,0.0
panel_od_024,12:50:00,0.75,S3,0.03579,0.03579000000000001,both,6.938893903907228e-18,2.7755575615628914e-17
panel_od_024,12:50:00,0.75,SB,0.0,0.0,both,0.0,0.0
panel_od_024,12:50:00,0.75,TA,0.02789,0.02789,both,0.0,0.0
panel_od_024,12:50:00,0.75,TW,0.04099,0.04099,both,0.0,0.0
panel_od_024,12:50:00,0.75,WK,0.03809,0.03809,both,0.0,0.0
panel_od_024,12:50:00,1.0,BK,0.01789,0.01789,both,0.0,0.0
panel_od_024,12:50:00,1.0,DA,0.7265,0.7265,both,0.0,0.0
panel_od_024,12:50:00,1.0,RS,0.00989,0.00989,both,0.0,0.0
panel_od_024,12:50:00,1.0,S2,0.10296,0.10296,both,0.0,0.0
panel_od_024,12:50:00,1.0,S3,0.03579,0.03579000000000001,both,6.938893903907228e-18,2.7755575615628914e-17
panel_od_024,12:50:00,1.0,SB,0.0,0.0,both,0.0,0.0
panel_od_024,12:50:00,1.0,TA,0.02789,0.02789,both,0.0,0.0
panel_od_024,12:50:00,1.0,TW,0.04099,0.04099,both,0.0,0.0
panel_od_024,12:50:00,1.0,WK,0.03809,0.03809,both,0.0,0.0
panel_od_026,12:30:00,0.25,BK,0.01789,0.01789,both,0.0,0.0
panel_od_026,12:30:00,0.25,DA,0.7265,0.7265,both,0.0,0.0
panel_od_026,12:30:00,0.25,RS,0.00989,0.00989,both,0.0,0.0
panel_od_026,12:30:00,0.25,S2,0.10296,0.10296,both,0.0,0.0
panel_od_026,12:30:00,0.25,S3,0.03579,0.03579000000000001,both,6.938893903907228e-18,1.3877787807814457e-17
panel_od_026,12:30:00,0.25,SB,0.0,0.0,both,0.0,0.0
panel_od_026,12:30:00,0.25,TA,0.02789,0.02789,both,0.0,0.0
panel_od_026,12:30:00,0.25,TW,0.04099,0.04099,both,0.0,0.0
panel_od_026,12:30:00,0.25,WK,0.03809,0.03809,both,0.0,0.0
panel_od_026,12:30:00,0.5,BK,0.01789,0.01789,both,0.0,0.0
panel_od_026,12:30:00,0.5,DA,0.7265,0.7265,both,0.0,0.0
panel_od_026,12:30:00,0.5,RS,0.00989,0.00989,both,0.0,0.0
panel_od_026,12:30:00,0.5,S2,0.10296,0.10296,both,0.0,0.0
panel_od_026,12:30:00,0.5,S3,0.03579,0.03579000000000001,both,6.938893903907228e-18,1.3877787807814457e-17
panel_od_026,12:30:00,0.5,SB,0.0,0.0,both,0.0,0.0
panel_od_026,12:30:00,0.5,TA,0.02789,0.02789,both,0.0,0.0
panel_od_026,12:30:00,0.5,TW,0.04099,0.04099,both,0.0,0.0
panel_od_026,12:30:00,0.5,WK,0.03809,0.03809,both,0.0,0.0
panel_od_026,12:30:00,0.75,BK,0.01789,0.01789,both,0.0,0.0
panel_od_026,12:30:00,0.75,DA,0.7265,0.7265,both,0.0,0.0
panel_od_026,12:30:00,0.75,RS,0.00989,0.00989,both,0.0,0.0
panel_od_026,12:30:00,0.75,S2,0.10296,0.10296,both,0.0,0.0
panel_od_026,12:30:00,0.75,S3,0.03579,0.03579000000000001,both,6.938893903907228e-18,1.3877787807814457e-17
panel_od_026,12:30:00,0.75,SB,0.0,0.0,both,0.0,0.0
panel_od_026,12:30:00,0.75,TA,0.02789,0.02789,both,0.0,0.0
panel_od_026,12:30:00,0.75,TW,0.04099,0.04099,both,0.0,0.0
panel_od_026,12:30:00,0.75,WK,0.03809,0.03809,both,0.0,0.0
panel_od_026,12:30:00,1.0,BK,0.01789,0.01789,both,0.0,0.0
panel_od_026,12:30:00,1.0,DA,0.7265,0.7265,both,0.0,0.0
panel_od_026,12:30:00,1.0,RS,0.00989,0.00989,both,0.0,0.0
panel_od_026,12:30:00,1.0,S2,0.10296,0.10296,both,0.0,0.0
panel_od_026,12:30:00,1.0,S3,0.03579,0.03579000000000001,both,6.938893903907228e-18,1.3877787807814457e-17
panel_od_026,12:30:00,1.0,SB,0.0,0.0,both,0.0,0.0
panel_od_026,12:30:00,1.0,TA,0.02789,0.02789,both,0.0,0.0
panel_od_026,12:30:00,1.0,TW,0.04099,0.04099,both,0.0,0.0
panel_od_026,12:30:00,1.0,WK,0.03809,0.03809,both,0.0,0.0
panel_od_026,12:40:00,0.25,BK,0.01789,0.01789,both,0.0,0.0
panel_od_026,12:40:00,0.25,DA,0.7265,0.7265,both,0.0,0.0
panel_od_026,12:40:00,0.25,RS,0.00989,0.00989,both,0.0,0.0
panel_od_026,12:40:00,0.25,S2,0.10296,0.10296,both,0.0,0.0
panel_od_026,12:40:00,0.25,S3,0.03579,0.03579000000000001,both,6.938893903907228e-18,1.3877787807814457e-17
panel_od_026,12:40:00,0.25,SB,0.0,0.0,both,0.0,0.0
panel_od_026,12:40:00,0.25,TA,0.02789,0.02789,both,0.0,0.0
panel_od_026,12:40:00,0.25,TW,0.04099,0.04099,both,0.0,0.0
panel_od_026,12:40:00,0.25,WK,0.03809,0.03809,both,0.0,0.0
panel_od_026,12:40:00,0.5,BK,0.01789,0.01789,both,0.0,0.0
panel_od_026,12:40:00,0.5,DA,0.7265,0.7265,both,0.0,0.0
panel_od_026,12:40:00,0.5,RS,0.00989,0.00989,both,0.0,0.0
panel_od_026,12:40:00,0.5,S2,0.10296,0.10296,both,0.0,0.0
panel_od_026,12:40:00,0.5,S3,0.03579,0.03579000000000001,both,6.938893903907228e-18,1.3877787807814457e-17
panel_od_026,12:40:00,0.5,SB,0.0,0.0,both,0.0,0.0
panel_od_026,12:40:00,0.5,TA,0.02789,0.02789,both,0.0,0.0
panel_od_026,12:40:00,0.5,TW,0.04099,0.04099,both,0.0,0.0
panel_od_026,12:40:00,0.5,WK,0.03809,0.03809,both,0.0,0.0
panel_od_026,12:40:00,0.75,BK,0.01789,0.01789,both,0.0,0.0
panel_od_026,12:40:00,0.75,DA,0.7265,0.7265,both,0.0,0.0
panel_od_026,12:40:00,0.75,RS,0.00989,0.00989,both,0.0,0.0
panel_od_026,12:40:00,0.75,S2,0.10296,0.10296,both,0.0,0.0
panel_od_026,12:40:00,0.75,S3,0.03579,0.03579000000000001,both,6.938893903907228e-18,1.3877787807814457e-17
panel_od_026,12:40:00,0.75,SB,0.0,0.0,both,0.0,0.0
panel_od_026,12:40:00,0.75,TA,0.02789,0.02789,both,0.0,0.0
panel_od_026,12:40:00,0.75,TW,0.04099,0.04099,both,0.0,0.0
panel_od_026,12:40:00,0.75,WK,0.03809,0.03809,both,0.0,0.0
panel_od_026,12:40:00,1.0,BK,0.01789,0.01789,both,0.0,0.0
panel_od_026,12:40:00,1.0,DA,0.7265,0.7265,both,0.0,0.0
panel_od_026,12:40:00,1.0,RS,0.00989,0.00989,both,0.0,0.0
panel_od_026,12:40:00,1.0,S2,0.10296,0.10296,both,0.0,0.0
panel_od_026,12:40:00,1.0,S3,0.03579,0.03579000000000001,both,6.938893903907228e-18,1.3877787807814457e-17
panel_od_026,12:40:00,1.0,SB,0.0,0.0,both,0.0,0.0
panel_od_026,12:40:00,1.0,TA,0.02789,0.02789,both,0.0,0.0
panel_od_026,12:40:00,1.0,TW,0.04099,0.04099,both,0.0,0.0
panel_od_026,12:40:00,1.0,WK,0.03809,0.03809,both,0.0,0.0
panel_od_026,12:50:00,0.25,BK,0.01789,0.01789,both,0.0,0.0
panel_od_026,12:50:00,0.25,DA,0.7265,0.7265,both,0.0,0.0
panel_od_026,12:50:00,0.25,RS,0.00989,0.00989,both,0.0,0.0
panel_od_026,12:50:00,0.25,S2,0.10296,0.10296,both,0.0,0.0
panel_od_026,12:50:00,0.25,S3,0.03579,0.03579000000000001,both,6.938893903907228e-18,1.3877787807814457e-17
panel_od_026,12:50:00,0.25,SB,0.0,0.0,both,0.0,0.0
panel_od_026,12:50:00,0.25,TA,0.02789,0.02789,both,0.0,0.0
panel_od_026,12:50:00,0.25,TW,0.04099,0.04099,both,0.0,0.0
panel_od_026,12:50:00,0.25,WK,0.03809,0.03809,both,0.0,0.0
panel_od_026,12:50:00,0.5,BK,0.01789,0.01789,both,0.0,0.0
panel_od_026,12:50:00,0.5,DA,0.7265,0.7265,both,0.0,0.0
panel_od_026,12:50:00,0.5,RS,0.00989,0.00989,both,0.0,0.0
panel_od_026,12:50:00,0.5,S2,0.10296,0.10296,both,0.0,0.0
panel_od_026,12:50:00,0.5,S3,0.03579,0.03579000000000001,both,6.938893903907228e-18,1.3877787807814457e-17
panel_od_026,12:50:00,0.5,SB,0.0,0.0,both,0.0,0.0
panel_od_026,12:50:00,0.5,TA,0.02789,0.02789,both,0.0,0.0
panel_od_026,12:50:00,0.5,TW,0.04099,0.04099,both,0.0,0.0
panel_od_026,12:50:00,0.5,WK,0.03809,0.03809,both,0.0,0.0
panel_od_026,12:50:00,0.75,BK,0.01789,0.01789,both,0.0,0.0
panel_od_026,12:50:00,0.75,DA,0.7265,0.7265,both,0.0,0.0
panel_od_026,12:50:00,0.75,RS,0.00989,0.00989,both,0.0,0.0
panel_od_026,12:50:00,0.75,S2,0.10296,0.10296,both,0.0,0.0
panel_od_026,12:50:00,0.75,S3,0.03579,0.03579000000000001,both,6.938893903907228e-18,1.3877787807814457e-17
panel_od_026,12:50:00,0.75,SB,0.0,0.0,both,0.0,0.0
panel_od_026,12:50:00,0.75,TA,0.02789,0.02789,both,0.0,0.0
panel_od_026,12:50:00,0.75,TW,0.04099,0.04099,both,0.0,0.0
panel_od_026,12:50:00,0.75,WK,0.03809,0.03809,both,0.0,0.0
panel_od_026,12:50:00,1.0,BK,0.01789,0.01789,both,0.0,0.0
panel_od_026,12:50:00,1.0,DA,0.7265,0.7265,both,0.0,0.0
panel_od_026,12:50:00,1.0,RS,0.00989,0.00989,both,0.0,0.0
panel_od_026,12:50:00,1.0,S2,0.10296,0.10296,both,0.0,0.0
panel_od_026,12:50:00,1.0,S3,0.03579,0.03579000000000001,both,6.938893903907228e-18,1.3877787807814457e-17
panel_od_026,12:50:00,1.0,SB,0.0,0.0,both,0.0,0.0
panel_od_026,12:50:00,1.0,TA,0.02789,0.02789,both,0.0,0.0
panel_od_026,12:50:00,1.0,TW,0.04099,0.04099,both,0.0,0.0
panel_od_026,12:50:00,1.0,WK,0.03809,0.03809,both,0.0,0.0
panel_od_027,12:30:00,0.25,BK,0.01789,0.01789,both,0.0,0.0
panel_od_027,12:30:00,0.25,DA,0.7265,0.7265,both,0.0,0.0
panel_od_027,12:30:00,0.25,RS,0.00989,0.00989,both,0.0,0.0
panel_od_027,12:30:00,0.25,S2,0.10296,0.10296,both,0.0,0.0
panel_od_027,12:30:00,0.25,S3,0.03579,0.03579000000000001,both,6.938893903907228e-18,1.3877787807814457e-17
panel_od_027,12:30:00,0.25,SB,0.0,0.0,both,0.0,0.0
panel_od_027,12:30:00,0.25,TA,0.02789,0.02789,both,0.0,0.0
panel_od_027,12:30:00,0.25,TW,0.04099,0.04099,both,0.0,0.0
panel_od_027,12:30:00,0.25,WK,0.03809,0.03809,both,0.0,0.0
panel_od_027,12:30:00,0.5,BK,0.01789,0.01789,both,0.0,0.0
panel_od_027,12:30:00,0.5,DA,0.7265,0.7265,both,0.0,0.0
panel_od_027,12:30:00,0.5,RS,0.00989,0.00989,both,0.0,0.0
panel_od_027,12:30:00,0.5,S2,0.10296,0.10296,both,0.0,0.0
panel_od_027,12:30:00,0.5,S3,0.03579,0.03579000000000001,both,6.938893903907228e-18,1.3877787807814457e-17
panel_od_027,12:30:00,0.5,SB,0.0,0.0,both,0.0,0.0
panel_od_027,12:30:00,0.5,TA,0.02789,0.02789,both,0.0,0.0
panel_od_027,12:30:00,0.5,TW,0.04099,0.04099,both,0.0,0.0
panel_od_027,12:30:00,0.5,WK,0.03809,0.03809,both,0.0,0.0
panel_od_027,12:30:00,0.75,BK,0.01789,0.01789,both,0.0,0.0
panel_od_027,12:30:00,0.75,DA,0.7265,0.7265,both,0.0,0.0
panel_od_027,12:30:00,0.75,RS,0.00989,0.00989,both,0.0,0.0
panel_od_027,12:30:00,0.75,S2,0.10296,0.10296,both,0.0,0.0
panel_od_027,12:30:00,0.75,S3,0.03579,0.03579000000000001,both,6.938893903907228e-18,1.3877787807814457e-17
panel_od_027,12:30:00,0.75,SB,0.0,0.0,both,0.0,0.0
panel_od_027,12:30:00,0.75,TA,0.02789,0.02789,both,0.0,0.0
panel_od_027,12:30:00,0.75,TW,0.04099,0.04099,both,0.0,0.0
panel_od_027,12:30:00,0.75,WK,0.03809,0.03809,both,0.0,0.0
panel_od_027,12:30:00,1.0,BK,0.01789,0.01789,both,0.0,0.0
panel_od_027,12:30:00,1.0,DA,0.7265,0.7265,both,0.0,0.0
panel_od_027,12:30:00,1.0,RS,0.00989,0.00989,both,0.0,0.0
panel_od_027,12:30:00,1.0,S2,0.10296,0.10296,both,0.0,0.0
panel_od_027,12:30:00,1.0,S3,0.03579,0.03579000000000001,both,6.938893903907228e-18,1.3877787807814457e-17
panel_od_027,12:30:00,1.0,SB,0.0,0.0,both,0.0,0.0
panel_od_027,12:30:00,1.0,TA,0.02789,0.02789,both,0.0,0.0
panel_od_027,12:30:00,1.0,TW,0.04099,0.04099,both,0.0,0.0
panel_od_027,12:30:00,1.0,WK,0.03809,0.03809,both,0.0,0.0
panel_od_027,12:40:00,0.25,BK,0.01789,0.01789,both,0.0,0.0
panel_od_027,12:40:00,0.25,DA,0.7265,0.7265,both,0.0,0.0
panel_od_027,12:40:00,0.25,RS,0.00989,0.00989,both,0.0,0.0
panel_od_027,12:40:00,0.25,S2,0.10296,0.10296,both,0.0,0.0
panel_od_027,12:40:00,0.25,S3,0.03579,0.03579000000000001,both,6.938893903907228e-18,1.3877787807814457e-17
panel_od_027,12:40:00,0.25,SB,0.0,0.0,both,0.0,0.0
panel_od_027,12:40:00,0.25,TA,0.02789,0.02789,both,0.0,0.0
panel_od_027,12:40:00,0.25,TW,0.04099,0.04099,both,0.0,0.0
panel_od_027,12:40:00,0.25,WK,0.03809,0.03809,both,0.0,0.0
panel_od_027,12:40:00,0.5,BK,0.01789,0.01789,both,0.0,0.0
panel_od_027,12:40:00,0.5,DA,0.7265,0.7265,both,0.0,0.0
panel_od_027,12:40:00,0.5,RS,0.00989,0.00989,both,0.0,0.0
panel_od_027,12:40:00,0.5,S2,0.10296,0.10296,both,0.0,0.0
panel_od_027,12:40:00,0.5,S3,0.03579,0.03579000000000001,both,6.938893903907228e-18,1.3877787807814457e-17
panel_od_027,12:40:00,0.5,SB,0.0,0.0,both,0.0,0.0
panel_od_027,12:40:00,0.5,TA,0.02789,0.02789,both,0.0,0.0
panel_od_027,12:40:00,0.5,TW,0.04099,0.04099,both,0.0,0.0
panel_od_027,12:40:00,0.5,WK,0.03809,0.03809,both,0.0,0.0
panel_od_027,12:40:00,0.75,BK,0.01789,0.01789,both,0.0,0.0
panel_od_027,12:40:00,0.75,DA,0.7265,0.7265,both,0.0,0.0
panel_od_027,12:40:00,0.75,RS,0.00989,0.00989,both,0.0,0.0
panel_od_027,12:40:00,0.75,S2,0.10296,0.10296,both,0.0,0.0
panel_od_027,12:40:00,0.75,S3,0.03579,0.03579000000000001,both,6.938893903907228e-18,1.3877787807814457e-17
panel_od_027,12:40:00,0.75,SB,0.0,0.0,both,0.0,0.0
panel_od_027,12:40:00,0.75,TA,0.02789,0.02789,both,0.0,0.0
panel_od_027,12:40:00,0.75,TW,0.04099,0.04099,both,0.0,0.0
panel_od_027,12:40:00,0.75,WK,0.03809,0.03809,both,0.0,0.0
panel_od_027,12:40:00,1.0,BK,0.01789,0.01789,both,0.0,0.0
panel_od_027,12:40:00,1.0,DA,0.7265,0.7265,both,0.0,0.0
panel_od_027,12:40:00,1.0,RS,0.00989,0.00989,both,0.0,0.0
panel_od_027,12:40:00,1.0,S2,0.10296,0.10296,both,0.0,0.0
panel_od_027,12:40:00,1.0,S3,0.03579,0.03579000000000001,both,6.938893903907228e-18,1.3877787807814457e-17
panel_od_027,12:40:00,1.0,SB,0.0,0.0,both,0.0,0.0
panel_od_027,12:40:00,1.0,TA,0.02789,0.02789,both,0.0,0.0
panel_od_027,12:40:00,1.0,TW,0.04099,0.04099,both,0.0,0.0
panel_od_027,12:40:00,1.0,WK,0.03809,0.03809,both,0.0,0.0
panel_od_027,12:50:00,0.25,BK,0.01789,0.01789,both,0.0,0.0
panel_od_027,12:50:00,0.25,DA,0.7265,0.7265,both,0.0,0.0
panel_od_027,12:50:00,0.25,RS,0.00989,0.00989,both,0.0,0.0
panel_od_027,12:50:00,0.25,S2,0.10296,0.10296,both,0.0,0.0
panel_od_027,12:50:00,0.25,S3,0.03579,0.03579000000000001,both,6.938893903907228e-18,1.3877787807814457e-17
panel_od_027,12:50:00,0.25,SB,0.0,0.0,both,0.0,0.0
panel_od_027,12:50:00,0.25,TA,0.02789,0.02789,both,0.0,0.0
panel_od_027,12:50:00,0.25,TW,0.04099,0.04099,both,0.0,0.0
panel_od_027,12:50:00,0.25,WK,0.03809,0.03809,both,0.0,0.0
panel_od_027,12:50:00,0.5,BK,0.01789,0.01789,both,0.0,0.0
panel_od_027,12:50:00,0.5,DA,0.7265,0.7265,both,0.0,0.0
panel_od_027,12:50:00,0.5,RS,0.00989,0.00989,both,0.0,0.0
panel_od_027,12:50:00,0.5,S2,0.10296,0.10296,both,0.0,0.0
panel_od_027,12:50:00,0.5,S3,0.03579,0.03579000000000001,both,6.938893903907228e-18,1.3877787807814457e-17
panel_od_027,12:50:00,0.5,SB,0.0,0.0,both,0.0,0.0
panel_od_027,12:50:00,0.5,TA,0.02789,0.02789,both,0.0,0.0
panel_od_027,12:50:00,0.5,TW,0.04099,0.04099,both,0.0,0.0
panel_od_027,12:50:00,0.5,WK,0.03809,0.03809,both,0.0,0.0
panel_od_027,12:50:00,0.75,BK,0.01789,0.01789,both,0.0,0.0
panel_od_027,12:50:00,0.75,DA,0.7265,0.7265,both,0.0,0.0
panel_od_027,12:50:00,0.75,RS,0.00989,0.00989,both,0.0,0.0
panel_od_027,12:50:00,0.75,S2,0.10296,0.10296,both,0.0,0.0
panel_od_027,12:50:00,0.75,S3,0.03579,0.03579000000000001,both,6.938893903907228e-18,1.3877787807814457e-17
panel_od_027,12:50:00,0.75,SB,0.0,0.0,both,0.0,0.0
panel_od_027,12:50:00,0.75,TA,0.02789,0.02789,both,0.0,0.0
panel_od_027,12:50:00,0.75,TW,0.04099,0.04099,both,0.0,0.0
panel_od_027,12:50:00,0.75,WK,0.03809,0.03809,both,0.0,0.0
panel_od_027,12:50:00,1.0,BK,0.01789,0.01789,both,0.0,0.0
panel_od_027,12:50:00,1.0,DA,0.7265,0.7265,both,0.0,0.0
panel_od_027,12:50:00,1.0,RS,0.00989,0.00989,both,0.0,0.0
panel_od_027,12:50:00,1.0,S2,0.10296,0.10296,both,0.0,0.0
panel_od_027,12:50:00,1.0,S3,0.03579,0.03579000000000001,both,6.938893903907228e-18,1.3877787807814457e-17
panel_od_027,12:50:00,1.0,SB,0.0,0.0,both,0.0,0.0
panel_od_027,12:50:00,1.0,TA,0.02789,0.02789,both,0.0,0.0
panel_od_027,12:50:00,1.0,TW,0.04099,0.04099,both,0.0,0.0
panel_od_027,12:50:00,1.0,WK,0.03809,0.03809,both,0.0,0.0
panel_od_028,12:30:00,0.25,BK,0.01789,0.01789,both,0.0,0.0
panel_od_028,12:30:00,0.25,DA,0.7265,0.7265,both,0.0,0.0
panel_od_028,12:30:00,0.25,RS,0.00989,0.00989,both,0.0,0.0
panel_od_028,12:30:00,0.25,S2,0.10296,0.10296,both,0.0,0.0
panel_od_028,12:30:00,0.25,S3,0.03579,0.03579000000000001,both,6.938893903907228e-18,6.938893903907228e-18
panel_od_028,12:30:00,0.25,SB,0.0,0.0,both,0.0,0.0
panel_od_028,12:30:00,0.25,TA,0.02789,0.02789,both,0.0,0.0
panel_od_028,12:30:00,0.25,TW,0.04099,0.04099,both,0.0,0.0
panel_od_028,12:30:00,0.25,WK,0.03809,0.03809,both,0.0,0.0
panel_od_028,12:30:00,0.5,BK,0.01789,0.01789,both,0.0,0.0
panel_od_028,12:30:00,0.5,DA,0.7265,0.7265,both,0.0,0.0
panel_od_028,12:30:00,0.5,RS,0.00989,0.00989,both,0.0,0.0
panel_od_028,12:30:00,0.5,S2,0.10296,0.10296,both,0.0,0.0
panel_od_028,12:30:00,0.5,S3,0.03579,0.03579000000000001,both,6.938893903907228e-18,6.938893903907228e-18
panel_od_028,12:30:00,0.5,SB,0.0,0.0,both,0.0,0.0
panel_od_028,12:30:00,0.5,TA,0.02789,0.02789,both,0.0,0.0
panel_od_028,12:30:00,0.5,TW,0.04099,0.04099,both,0.0,0.0
panel_od_028,12:30:00,0.5,WK,0.03809,0.03809,both,0.0,0.0
panel_od_028,12:30:00,0.75,BK,0.01789,0.01789,both,0.0,0.0
panel_od_028,12:30:00,0.75,DA,0.7265,0.7265,both,0.0,0.0
panel_od_028,12:30:00,0.75,RS,0.00989,0.00989,both,0.0,0.0
panel_od_028,12:30:00,0.75,S2,0.10296,0.10296,both,0.0,0.0
panel_od_028,12:30:00,0.75,S3,0.03579,0.03579000000000001,both,6.938893903907228e-18,6.938893903907228e-18
panel_od_028,12:30:00,0.75,SB,0.0,0.0,both,0.0,0.0
panel_od_028,12:30:00,0.75,TA,0.02789,0.02789,both,0.0,0.0
panel_od_028,12:30:00,0.75,TW,0.04099,0.04099,both,0.0,0.0
panel_od_028,12:30:00,0.75,WK,0.03809,0.03809,both,0.0,0.0
panel_od_028,12:30:00,1.0,BK,0.01789,0.01789,both,0.0,0.0
panel_od_028,12:30:00,1.0,DA,0.7265,0.7265,both,0.0,0.0
panel_od_028,12:30:00,1.0,RS,0.00989,0.00989,both,0.0,0.0
panel_od_028,12:30:00,1.0,S2,0.10296,0.10296,both,0.0,0.0
panel_od_028,12:30:00,1.0,S3,0.03579,0.03579000000000001,both,6.938893903907228e-18,6.938893903907228e-18
panel_od_028,12:30:00,1.0,SB,0.0,0.0,both,0.0,0.0
panel_od_028,12:30:00,1.0,TA,0.02789,0.02789,both,0.0,0.0
panel_od_028,12:30:00,1.0,TW,0.04099,0.04099,both,0.0,0.0
panel_od_028,12:30:00,1.0,WK,0.03809,0.03809,both,0.0,0.0
panel_od_028,12:40:00,0.25,BK,0.01789,0.01789,both,0.0,0.0
panel_od_028,12:40:00,0.25,DA,0.7265,0.7265,both,0.0,0.0
panel_od_028,12:40:00,0.25,RS,0.00989,0.00989,both,0.0,0.0
panel_od_028,12:40:00,0.25,S2,0.10296,0.10296,both,0.0,0.0
panel_od_028,12:40:00,0.25,S3,0.03579,0.03579000000000001,both,6.938893903907228e-18,6.938893903907228e-18
panel_od_028,12:40:00,0.25,SB,0.0,0.0,both,0.0,0.0
panel_od_028,12:40:00,0.25,TA,0.02789,0.02789,both,0.0,0.0
panel_od_028,12:40:00,0.25,TW,0.04099,0.04099,both,0.0,0.0
panel_od_028,12:40:00,0.25,WK,0.03809,0.03809,both,0.0,0.0
panel_od_028,12:40:00,0.5,BK,0.01789,0.01789,both,0.0,0.0
panel_od_028,12:40:00,0.5,DA,0.7265,0.7265,both,0.0,0.0
panel_od_028,12:40:00,0.5,RS,0.00989,0.00989,both,0.0,0.0
panel_od_028,12:40:00,0.5,S2,0.10296,0.10296,both,0.0,0.0
panel_od_028,12:40:00,0.5,S3,0.03579,0.03579000000000001,both,6.938893903907228e-18,6.938893903907228e-18
panel_od_028,12:40:00,0.5,SB,0.0,0.0,both,0.0,0.0
panel_od_028,12:40:00,0.5,TA,0.02789,0.02789,both,0.0,0.0
panel_od_028,12:40:00,0.5,TW,0.04099,0.04099,both,0.0,0.0
panel_od_028,12:40:00,0.5,WK,0.03809,0.03809,both,0.0,0.0
panel_od_028,12:40:00,0.75,BK,0.01789,0.01789,both,0.0,0.0
panel_od_028,12:40:00,0.75,DA,0.7265,0.7265,both,0.0,0.0
panel_od_028,12:40:00,0.75,RS,0.00989,0.00989,both,0.0,0.0
panel_od_028,12:40:00,0.75,S2,0.10296,0.10296,both,0.0,0.0
panel_od_028,12:40:00,0.75,S3,0.03579,0.03579000000000001,both,6.938893903907228e-18,6.938893903907228e-18
panel_od_028,12:40:00,0.75,SB,0.0,0.0,both,0.0,0.0
panel_od_028,12:40:00,0.75,TA,0.02789,0.02789,both,0.0,0.0
panel_od_028,12:40:00,0.75,TW,0.04099,0.04099,both,0.0,0.0
panel_od_028,12:40:00,0.75,WK,0.03809,0.03809,both,0.0,0.0
panel_od_028,12:40:00,1.0,BK,0.01789,0.01789,both,0.0,0.0
panel_od_028,12:40:00,1.0,DA,0.7265,0.7265,both,0.0,0.0
panel_od_028,12:40:00,1.0,RS,0.00989,0.00989,both,0.0,0.0
panel_od_028,12:40:00,1.0,S2,0.10296,0.10296,both,0.0,0.0
panel_od_028,12:40:00,1.0,S3,0.03579,0.03579000000000001,both,6.938893903907228e-18,6.938893903907228e-18
panel_od_028,12:40:00,1.0,SB,0.0,0.0,both,0.0,0.0
panel_od_028,12:40:00,1.0,TA,0.02789,0.02789,both,0.0,0.0
panel_od_028,12:40:00,1.0,TW,0.04099,0.04099,both,0.0,0.0
panel_od_028,12:40:00,1.0,WK,0.03809,0.03809,both,0.0,0.0
panel_od_028,12:50:00,0.25,BK,0.01789,0.01789,both,0.0,0.0
panel_od_028,12:50:00,0.25,DA,0.7265,0.7265,both,0.0,0.0
panel_od_028,12:50:00,0.25,RS,0.00989,0.00989,both,0.0,0.0
panel_od_028,12:50:00,0.25,S2,0.10296,0.10296,both,0.0,0.0
panel_od_028,12:50:00,0.25,S3,0.03579,0.03579000000000001,both,6.938893903907228e-18,6.938893903907228e-18
panel_od_028,12:50:00,0.25,SB,0.0,0.0,both,0.0,0.0
panel_od_028,12:50:00,0.25,TA,0.02789,0.02789,both,0.0,0.0
panel_od_028,12:50:00,0.25,TW,0.04099,0.04099,both,0.0,0.0
panel_od_028,12:50:00,0.25,WK,0.03809,0.03809,both,0.0,0.0
panel_od_028,12:50:00,0.5,BK,0.01789,0.01789,both,0.0,0.0
panel_od_028,12:50:00,0.5,DA,0.7265,0.7265,both,0.0,0.0
panel_od_028,12:50:00,0.5,RS,0.00989,0.00989,both,0.0,0.0
panel_od_028,12:50:00,0.5,S2,0.10296,0.10296,both,0.0,0.0
panel_od_028,12:50:00,0.5,S3,0.03579,0.03579000000000001,both,6.938893903907228e-18,6.938893903907228e-18
panel_od_028,12:50:00,0.5,SB,0.0,0.0,both,0.0,0.0
panel_od_028,12:50:00,0.5,TA,0.02789,0.02789,both,0.0,0.0
panel_od_028,12:50:00,0.5,TW,0.04099,0.04099,both,0.0,0.0
panel_od_028,12:50:00,0.5,WK,0.03809,0.03809,both,0.0,0.0
panel_od_028,12:50:00,0.75,BK,0.01789,0.01789,both,0.0,0.0
panel_od_028,12:50:00,0.75,DA,0.7265,0.7265,both,0.0,0.0
panel_od_028,12:50:00,0.75,RS,0.00989,0.00989,both,0.0,0.0
panel_od_028,12:50:00,0.75,S2,0.10296,0.10296,both,0.0,0.0
panel_od_028,12:50:00,0.75,S3,0.03579,0.03579000000000001,both,6.938893903907228e-18,6.938893903907228e-18
panel_od_028,12:50:00,0.75,SB,0.0,0.0,both,0.0,0.0
panel_od_028,12:50:00,0.75,TA,0.02789,0.02789,both,0.0,0.0
panel_od_028,12:50:00,0.75,TW,0.04099,0.04099,both,0.0,0.0
panel_od_028,12:50:00,0.75,WK,0.03809,0.03809,both,0.0,0.0
panel_od_028,12:50:00,1.0,BK,0.01789,0.01789,both,0.0,0.0
panel_od_028,12:50:00,1.0,DA,0.7265,0.7265,both,0.0,0.0
panel_od_028,12:50:00,1.0,RS,0.00989,0.00989,both,0.0,0.0
panel_od_028,12:50:00,1.0,S2,0.10296,0.10296,both,0.0,0.0
panel_od_028,12:50:00,1.0,S3,0.03579,0.03579000000000001,both,6.938893903907228e-18,6.938893903907228e-18
panel_od_028,12:50:00,1.0,SB,0.0,0.0,both,0.0,0.0
panel_od_028,12:50:00,1.0,TA,0.02789,0.02789,both,0.0,0.0
panel_od_028,12:50:00,1.0,TW,0.04099,0.04099,both,0.0,0.0
panel_od_028,12:50:00,1.0,WK,0.03809,0.03809,both,0.0,0.0
panel_od_029,12:30:00,0.25,BK,0.01789,0.01789,both,0.0,0.0
panel_od_029,12:30:00,0.25,DA,0.7265,0.7265,both,0.0,0.0
panel_od_029,12:30:00,0.25,RS,0.00989,0.00989,both,0.0,0.0
panel_od_029,12:30:00,0.25,S2,0.10296,0.10296,both,0.0,0.0
panel_od_029,12:30:00,0.25,S3,0.03579,0.03579000000000001,both,6.938893903907228e-18,1.3877787807814457e-17
panel_od_029,12:30:00,0.25,SB,0.0,0.0,both,0.0,0.0
panel_od_029,12:30:00,0.25,TA,0.02789,0.02789,both,0.0,0.0
panel_od_029,12:30:00,0.25,TW,0.04099,0.04099,both,0.0,0.0
panel_od_029,12:30:00,0.25,WK,0.03809,0.03809,both,0.0,0.0
panel_od_029,12:30:00,0.5,BK,0.01789,0.01789,both,0.0,0.0
panel_od_029,12:30:00,0.5,DA,0.7265,0.7265,both,0.0,0.0
panel_od_029,12:30:00,0.5,RS,0.00989,0.00989,both,0.0,0.0
panel_od_029,12:30:00,0.5,S2,0.10296,0.10296,both,0.0,0.0
panel_od_029,12:30:00,0.5,S3,0.03579,0.03579000000000001,both,6.938893903907228e-18,1.3877787807814457e-17
panel_od_029,12:30:00,0.5,SB,0.0,0.0,both,0.0,0.0
panel_od_029,12:30:00,0.5,TA,0.02789,0.02789,both,0.0,0.0
panel_od_029,12:30:00,0.5,TW,0.04099,0.04099,both,0.0,0.0
panel_od_029,12:30:00,0.5,WK,0.03809,0.03809,both,0.0,0.0
panel_od_029,12:30:00,0.75,BK,0.01789,0.01789,both,0.0,0.0
panel_od_029,12:30:00,0.75,DA,0.7265,0.7265,both,0.0,0.0
panel_od_029,12:30:00,0.75,RS,0.00989,0.00989,both,0.0,0.0
panel_od_029,12:30:00,0.75,S2,0.10296,0.10296,both,0.0,0.0
panel_od_029,12:30:00,0.75,S3,0.03579,0.03579000000000001,both,6.938893903907228e-18,1.3877787807814457e-17
panel_od_029,12:30:00,0.75,SB,0.0,0.0,both,0.0,0.0
panel_od_029,12:30:00,0.75,TA,0.02789,0.02789,both,0.0,0.0
panel_od_029,12:30:00,0.75,TW,0.04099,0.04099,both,0.0,0.0
panel_od_029,12:30:00,0.75,WK,0.03809,0.03809,both,0.0,0.0
panel_od_029,12:30:00,1.0,BK,0.01789,0.01789,both,0.0,0.0
panel_od_029,12:30:00,1.0,DA,0.7265,0.7265,both,0.0,0.0
panel_od_029,12:30:00,1.0,RS,0.00989,0.00989,both,0.0,0.0
panel_od_029,12:30:00,1.0,S2,0.10296,0.10296,both,0.0,0.0
panel_od_029,12:30:00,1.0,S3,0.03579,0.03579000000000001,both,6.938893903907228e-18,1.3877787807814457e-17
panel_od_029,12:30:00,1.0,SB,0.0,0.0,both,0.0,0.0
panel_od_029,12:30:00,1.0,TA,0.02789,0.02789,both,0.0,0.0
panel_od_029,12:30:00,1.0,TW,0.04099,0.04099,both,0.0,0.0
panel_od_029,12:30:00,1.0,WK,0.03809,0.03809,both,0.0,0.0
panel_od_029,12:40:00,0.25,BK,0.01789,0.01789,both,0.0,0.0
panel_od_029,12:40:00,0.25,DA,0.7265,0.7265,both,0.0,0.0
panel_od_029,12:40:00,0.25,RS,0.00989,0.00989,both,0.0,0.0
panel_od_029,12:40:00,0.25,S2,0.10296,0.10296,both,0.0,0.0
panel_od_029,12:40:00,0.25,S3,0.03579,0.03579000000000001,both,6.938893903907228e-18,1.3877787807814457e-17
panel_od_029,12:40:00,0.25,SB,0.0,0.0,both,0.0,0.0
panel_od_029,12:40:00,0.25,TA,0.02789,0.02789,both,0.0,0.0
panel_od_029,12:40:00,0.25,TW,0.04099,0.04099,both,0.0,0.0
panel_od_029,12:40:00,0.25,WK,0.03809,0.03809,both,0.0,0.0
panel_od_029,12:40:00,0.5,BK,0.01789,0.01789,both,0.0,0.0
panel_od_029,12:40:00,0.5,DA,0.7265,0.7265,both,0.0,0.0
panel_od_029,12:40:00,0.5,RS,0.00989,0.00989,both,0.0,0.0
panel_od_029,12:40:00,0.5,S2,0.10296,0.10296,both,0.0,0.0
panel_od_029,12:40:00,0.5,S3,0.03579,0.03579000000000001,both,6.938893903907228e-18,1.3877787807814457e-17
panel_od_029,12:40:00,0.5,SB,0.0,0.0,both,0.0,0.0
panel_od_029,12:40:00,0.5,TA,0.02789,0.02789,both,0.0,0.0
panel_od_029,12:40:00,0.5,TW,0.04099,0.04099,both,0.0,0.0
panel_od_029,12:40:00,0.5,WK,0.03809,0.03809,both,0.0,0.0
panel_od_029,12:40:00,0.75,BK,0.01789,0.01789,both,0.0,0.0
panel_od_029,12:40:00,0.75,DA,0.7265,0.7265,both,0.0,0.0
panel_od_029,12:40:00,0.75,RS,0.00989,0.00989,both,0.0,0.0
panel_od_029,12:40:00,0.75,S2,0.10296,0.10296,both,0.0,0.0
panel_od_029,12:40:00,0.75,S3,0.03579,0.03579000000000001,both,6.938893903907228e-18,1.3877787807814457e-17
panel_od_029,12:40:00,0.75,SB,0.0,0.0,both,0.0,0.0
panel_od_029,12:40:00,0.75,TA,0.02789,0.02789,both,0.0,0.0
panel_od_029,12:40:00,0.75,TW,0.04099,0.04099,both,0.0,0.0
panel_od_029,12:40:00,0.75,WK,0.03809,0.03809,both,0.0,0.0
panel_od_029,12:40:00,1.0,BK,0.01789,0.01789,both,0.0,0.0
panel_od_029,12:40:00,1.0,DA,0.7265,0.7265,both,0.0,0.0
panel_od_029,12:40:00,1.0,RS,0.00989,0.00989,both,0.0,0.0
panel_od_029,12:40:00,1.0,S2,0.10296,0.10296,both,0.0,0.0
panel_od_029,12:40:00,1.0,S3,0.03579,0.03579000000000001,both,6.938893903907228e-18,1.3877787807814457e-17
panel_od_029,12:40:00,1.0,SB,0.0,0.0,both,0.0,0.0
panel_od_029,12:40:00,1.0,TA,0.02789,0.02789,both,0.0,0.0
panel_od_029,12:40:00,1.0,TW,0.04099,0.04099,both,0.0,0.0
panel_od_029,12:40:00,1.0,WK,0.03809,0.03809,both,0.0,0.0
panel_od_029,12:50:00,0.25,BK,0.01789,0.01789,both,0.0,0.0
panel_od_029,12:50:00,0.25,DA,0.7265,0.7265,both,0.0,0.0
panel_od_029,12:50:00,0.25,RS,0.00989,0.00989,both,0.0,0.0
panel_od_029,12:50:00,0.25,S2,0.10296,0.10296,both,0.0,0.0
panel_od_029,12:50:00,0.25,S3,0.03579,0.03579000000000001,both,6.938893903907228e-18,1.3877787807814457e-17
panel_od_029,12:50:00,0.25,SB,0.0,0.0,both,0.0,0.0
panel_od_029,12:50:00,0.25,TA,0.02789,0.02789,both,0.0,0.0
panel_od_029,12:50:00,0.25,TW,0.04099,0.04099,both,0.0,0.0
panel_od_029,12:50:00,0.25,WK,0.03809,0.03809,both,0.0,0.0
panel_od_029,12:50:00,0.5,BK,0.01789,0.01789,both,0.0,0.0
panel_od_029,12:50:00,0.5,DA,0.7265,0.7265,both,0.0,0.0
panel_od_029,12:50:00,0.5,RS,0.00989,0.00989,both,0.0,0.0
panel_od_029,12:50:00,0.5,S2,0.10296,0.10296,both,0.0,0.0
panel_od_029,12:50:00,0.5,S3,0.03579,0.03579000000000001,both,6.938893903907228e-18,1.3877787807814457e-17
panel_od_029,12:50:00,0.5,SB,0.0,0.0,both,0.0,0.0
panel_od_029,12:50:00,0.5,TA,0.02789,0.02789,both,0.0,0.0
panel_od_029,12:50:00,0.5,TW,0.04099,0.04099,both,0.0,0.0
panel_od_029,12:50:00,0.5,WK,0.03809,0.03809,both,0.0,0.0
panel_od_029,12:50:00,0.75,BK,0.01789,0.01789,both,0.0,0.0
panel_od_029,12:50:00,0.75,DA,0.7265,0.7265,both,0.0,0.0
panel_od_029,12:50:00,0.75,RS,0.00989,0.00989,both,0.0,0.0
panel_od_029,12:50:00,0.75,S2,0.10296,0.10296,both,0.0,0.0
panel_od_029,12:50:00,0.75,S3,0.03579,0.03579000000000001,both,6.938893903907228e-18,1.3877787807814457e-17
panel_od_029,12:50:00,0.75,SB,0.0,0.0,both,0.0,0.0
panel_od_029,12:50:00,0.75,TA,0.02789,0.02789,both,0.0,0.0
panel_od_029,12:50:00,0.75,TW,0.04099,0.04099,both,0.0,0.0
panel_od_029,12:50:00,0.75,WK,0.03809,0.03809,both,0.0,0.0
panel_od_029,12:50:00,1.0,BK,0.01789,0.01789,both,0.0,0.0
panel_od_029,12:50:00,1.0,DA,0.7265,0.7265,both,0.0,0.0
panel_od_029,12:50:00,1.0,RS,0.00989,0.00989,both,0.0,0.0
panel_od_029,12:50:00,1.0,S2,0.10296,0.10296,both,0.0,0.0
panel_od_029,12:50:00,1.0,S3,0.03579,0.03579000000000001,both,6.938893903907228e-18,1.3877787807814457e-17
panel_od_029,12:50:00,1.0,SB,0.0,0.0,both,0.0,0.0
panel_od_029,12:50:00,1.0,TA,0.02789,0.02789,both,0.0,0.0
panel_od_029,12:50:00,1.0,TW,0.04099,0.04099,both,0.0,0.0
panel_od_029,12:50:00,1.0,WK,0.03809,0.03809,both,0.0,0.0
panel_od_030,12:30:00,0.25,BK,0.01789,0.01789,both,0.0,0.0
panel_od_030,12:30:00,0.25,DA,0.7265,0.7265,both,0.0,0.0
panel_od_030,12:30:00,0.25,RS,0.00989,0.00989,both,0.0,0.0
panel_od_030,12:30:00,0.25,S2,0.10296,0.10296,both,0.0,0.0
panel_od_030,12:30:00,0.25,S3,0.03579,0.03579000000000001,both,6.938893903907228e-18,1.3877787807814457e-17
panel_od_030,12:30:00,0.25,SB,0.0,0.0,both,0.0,0.0
panel_od_030,12:30:00,0.25,TA,0.02789,0.02789,both,0.0,0.0
panel_od_030,12:30:00,0.25,TW,0.04099,0.04099,both,0.0,0.0
panel_od_030,12:30:00,0.25,WK,0.03809,0.03809,both,0.0,0.0
panel_od_030,12:30:00,0.5,BK,0.01789,0.01789,both,0.0,0.0
panel_od_030,12:30:00,0.5,DA,0.7265,0.7265,both,0.0,0.0
panel_od_030,12:30:00,0.5,RS,0.00989,0.00989,both,0.0,0.0
panel_od_030,12:30:00,0.5,S2,0.10296,0.10296,both,0.0,0.0
panel_od_030,12:30:00,0.5,S3,0.03579,0.03579000000000001,both,6.938893903907228e-18,1.3877787807814457e-17
panel_od_030,12:30:00,0.5,SB,0.0,0.0,both,0.0,0.0
panel_od_030,12:30:00,0.5,TA,0.02789,0.02789,both,0.0,0.0
panel_od_030,12:30:00,0.5,TW,0.04099,0.04099,both,0.0,0.0
panel_od_030,12:30:00,0.5,WK,0.03809,0.03809,both,0.0,0.0
panel_od_030,12:30:00,0.75,BK,0.01789,0.01789,both,0.0,0.0
panel_od_030,12:30:00,0.75,DA,0.7265,0.7265,both,0.0,0.0
panel_od_030,12:30:00,0.75,RS,0.00989,0.00989,both,0.0,0.0
panel_od_030,12:30:00,0.75,S2,0.10296,0.10296,both,0.0,0.0
panel_od_030,12:30:00,0.75,S3,0.03579,0.03579000000000001,both,6.938893903907228e-18,1.3877787807814457e-17
panel_od_030,12:30:00,0.75,SB,0.0,0.0,both,0.0,0.0
panel_od_030,12:30:00,0.75,TA,0.02789,0.02789,both,0.0,0.0
panel_od_030,12:30:00,0.75,TW,0.04099,0.04099,both,0.0,0.0
panel_od_030,12:30:00,0.75,WK,0.03809,0.03809,both,0.0,0.0
panel_od_030,12:30:00,1.0,BK,0.01789,0.01789,both,0.0,0.0
panel_od_030,12:30:00,1.0,DA,0.7265,0.7265,both,0.0,0.0
panel_od_030,12:30:00,1.0,RS,0.00989,0.00989,both,0.0,0.0
panel_od_030,12:30:00,1.0,S2,0.10296,0.10296,both,0.0,0.0
panel_od_030,12:30:00,1.0,S3,0.03579,0.03579000000000001,both,6.938893903907228e-18,1.3877787807814457e-17
panel_od_030,12:30:00,1.0,SB,0.0,0.0,both,0.0,0.0
panel_od_030,12:30:00,1.0,TA,0.02789,0.02789,both,0.0,0.0
panel_od_030,12:30:00,1.0,TW,0.04099,0.04099,both,0.0,0.0
panel_od_030,12:30:00,1.0,WK,0.03809,0.03809,both,0.0,0.0
panel_od_030,12:40:00,0.25,BK,0.01789,0.01789,both,0.0,0.0
panel_od_030,12:40:00,0.25,DA,0.7265,0.7265,both,0.0,0.0
panel_od_030,12:40:00,0.25,RS,0.00989,0.00989,both,0.0,0.0
panel_od_030,12:40:00,0.25,S2,0.10296,0.10296,both,0.0,0.0
panel_od_030,12:40:00,0.25,S3,0.03579,0.03579000000000001,both,6.938893903907228e-18,1.3877787807814457e-17
panel_od_030,12:40:00,0.25,SB,0.0,0.0,both,0.0,0.0
panel_od_030,12:40:00,0.25,TA,0.02789,0.02789,both,0.0,0.0
panel_od_030,12:40:00,0.25,TW,0.04099,0.04099,both,0.0,0.0
panel_od_030,12:40:00,0.25,WK,0.03809,0.03809,both,0.0,0.0
panel_od_030,12:40:00,0.5,BK,0.01789,0.01789,both,0.0,0.0
panel_od_030,12:40:00,0.5,DA,0.7265,0.7265,both,0.0,0.0
panel_od_030,12:40:00,0.5,RS,0.00989,0.00989,both,0.0,0.0
panel_od_030,12:40:00,0.5,S2,0.10296,0.10296,both,0.0,0.0
panel_od_030,12:40:00,0.5,S3,0.03579,0.03579000000000001,both,6.938893903907228e-18,1.3877787807814457e-17
panel_od_030,12:40:00,0.5,SB,0.0,0.0,both,0.0,0.0
panel_od_030,12:40:00,0.5,TA,0.02789,0.02789,both,0.0,0.0
panel_od_030,12:40:00,0.5,TW,0.04099,0.04099,both,0.0,0.0
panel_od_030,12:40:00,0.5,WK,0.03809,0.03809,both,0.0,0.0
panel_od_030,12:40:00,0.75,BK,0.01789,0.01789,both,0.0,0.0
panel_od_030,12:40:00,0.75,DA,0.7265,0.7265,both,0.0,0.0
panel_od_030,12:40:00,0.75,RS,0.00989,0.00989,both,0.0,0.0
panel_od_030,12:40:00,0.75,S2,0.10296,0.10296,both,0.0,0.0
panel_od_030,12:40:00,0.75,S3,0.03579,0.03579000000000001,both,6.938893903907228e-18,1.3877787807814457e-17
panel_od_030,12:40:00,0.75,SB,0.0,0.0,both,0.0,0.0
panel_od_030,12:40:00,0.75,TA,0.02789,0.02789,both,0.0,0.0
panel_od_030,12:40:00,0.75,TW,0.04099,0.04099,both,0.0,0.0
panel_od_030,12:40:00,0.75,WK,0.03809,0.03809,both,0.0,0.0
panel_od_030,12:40:00,1.0,BK,0.01789,0.01789,both,0.0,0.0
panel_od_030,12:40:00,1.0,DA,0.7265,0.7265,both,0.0,0.0
panel_od_030,12:40:00,1.0,RS,0.00989,0.00989,both,0.0,0.0
panel_od_030,12:40:00,1.0,S2,0.10296,0.10296,both,0.0,0.0
panel_od_030,12:40:00,1.0,S3,0.03579,0.03579000000000001,both,6.938893903907228e-18,1.3877787807814457e-17
panel_od_030,12:40:00,1.0,SB,0.0,0.0,both,0.0,0.0
panel_od_030,12:40:00,1.0,TA,0.02789,0.02789,both,0.0,0.0
panel_od_030,12:40:00,1.0,TW,0.04099,0.04099,both,0.0,0.0
panel_od_030,12:40:00,1.0,WK,0.03809,0.03809,both,0.0,0.0
panel_od_030,12:50:00,0.25,BK,0.01789,0.01789,both,0.0,0.0
panel_od_030,12:50:00,0.25,DA,0.7265,0.7265,both,0.0,0.0
panel_od_030,12:50:00,0.25,RS,0.00989,0.00989,both,0.0,0.0
panel_od_030,12:50:00,0.25,S2,0.10296,0.10296,both,0.0,0.0
panel_od_030,12:50:00,0.25,S3,0.03579,0.03579000000000001,both,6.938893903907228e-18,1.3877787807814457e-17
panel_od_030,12:50:00,0.25,SB,0.0,0.0,both,0.0,0.0
panel_od_030,12:50:00,0.25,TA,0.02789,0.02789,both,0.0,0.0
panel_od_030,12:50:00,0.25,TW,0.04099,0.04099,both,0.0,0.0
panel_od_030,12:50:00,0.25,WK,0.03809,0.03809,both,0.0,0.0
panel_od_030,12:50:00,0.5,BK,0.01789,0.01789,both,0.0,0.0
panel_od_030,12:50:00,0.5,DA,0.7265,0.7265,both,0.0,0.0
panel_od_030,12:50:00,0.5,RS,0.00989,0.00989,both,0.0,0.0
panel_od_030,12:50:00,0.5,S2,0.10296,0.10296,both,0.0,0.0
panel_od_030,12:50:00,0.5,S3,0.03579,0.03579000000000001,both,6.938893903907228e-18,1.3877787807814457e-17
panel_od_030,12:50:00,0.5,SB,0.0,0.0,both,0.0,0.0
panel_od_030,12:50:00,0.5,TA,0.02789,0.02789,both,0.0,0.0
panel_od_030,12:50:00,0.5,TW,0.04099,0.04099,both,0.0,0.0
panel_od_030,12:50:00,0.5,WK,0.03809,0.03809,both,0.0,0.0
panel_od_030,12:50:00,0.75,BK,0.01789,0.01789,both,0.0,0.0
panel_od_030,12:50:00,0.75,DA,0.7265,0.7265,both,0.0,0.0
panel_od_030,12:50:00,0.75,RS,0.00989,0.00989,both,0.0,0.0
panel_od_030,12:50:00,0.75,S2,0.10296,0.10296,both,0.0,0.0
panel_od_030,12:50:00,0.75,S3,0.03579,0.03579000000000001,both,6.938893903907228e-18,1.3877787807814457e-17
panel_od_030,12:50:00,0.75,SB,0.0,0.0,both,0.0,0.0
panel_od_030,12:50:00,0.75,TA,0.02789,0.02789,both,0.0,0.0
panel_od_030,12:50:00,0.75,TW,0.04099,0.04099,both,0.0,0.0
panel_od_030,12:50:00,0.75,WK,0.03809,0.03809,both,0.0,0.0
panel_od_030,12:50:00,1.0,BK,0.01789,0.01789,both,0.0,0.0
panel_od_030,12:50:00,1.0,DA,0.7265,0.7265,both,0.0,0.0
panel_od_030,12:50:00,1.0,RS,0.00989,0.00989,both,0.0,0.0
panel_od_030,12:50:00,1.0,S2,0.10296,0.10296,both,0.0,0.0
panel_od_030,12:50:00,1.0,S3,0.03579,0.03579000000000001,both,6.938893903907228e-18,1.3877787807814457e-17
panel_od_030,12:50:00,1.0,SB,0.0,0.0,both,0.0,0.0
panel_od_030,12:50:00,1.0,TA,0.02789,0.02789,both,0.0,0.0
panel_od_030,12:50:00,1.0,TW,0.04099,0.04099,both,0.0,0.0
panel_od_030,12:50:00,1.0,WK,0.03809,0.03809,both,0.0,0.0
panel_od_032,12:30:00,0.25,BK,0.01789,0.01789,both,0.0,0.0
panel_od_032,12:30:00,0.25,DA,0.7265,0.7265,both,0.0,0.0
panel_od_032,12:30:00,0.25,RS,0.00989,0.00989,both,0.0,0.0
panel_od_032,12:30:00,0.25,S2,0.10296,0.10296,both,0.0,0.0
panel_od_032,12:30:00,0.25,S3,0.03579,0.03579000000000001,both,6.938893903907228e-18,1.3877787807814457e-17
panel_od_032,12:30:00,0.25,SB,0.0,0.0,both,0.0,0.0
panel_od_032,12:30:00,0.25,TA,0.02789,0.02789,both,0.0,0.0
panel_od_032,12:30:00,0.25,TW,0.04099,0.04099,both,0.0,0.0
panel_od_032,12:30:00,0.25,WK,0.03809,0.03809,both,0.0,0.0
panel_od_032,12:30:00,0.5,BK,0.01789,0.01789,both,0.0,0.0
panel_od_032,12:30:00,0.5,DA,0.7265,0.7265,both,0.0,0.0
panel_od_032,12:30:00,0.5,RS,0.00989,0.00989,both,0.0,0.0
panel_od_032,12:30:00,0.5,S2,0.10296,0.10296,both,0.0,0.0
panel_od_032,12:30:00,0.5,S3,0.03579,0.03579000000000001,both,6.938893903907228e-18,1.3877787807814457e-17
panel_od_032,12:30:00,0.5,SB,0.0,0.0,both,0.0,0.0
panel_od_032,12:30:00,0.5,TA,0.02789,0.02789,both,0.0,0.0
panel_od_032,12:30:00,0.5,TW,0.04099,0.04099,both,0.0,0.0
panel_od_032,12:30:00,0.5,WK,0.03809,0.03809,both,0.0,0.0
panel_od_032,12:30:00,0.75,BK,0.01789,0.01789,both,0.0,0.0
panel_od_032,12:30:00,0.75,DA,0.7265,0.7265,both,0.0,0.0
panel_od_032,12:30:00,0.75,RS,0.00989,0.00989,both,0.0,0.0
panel_od_032,12:30:00,0.75,S2,0.10296,0.10296,both,0.0,0.0
panel_od_032,12:30:00,0.75,S3,0.03579,0.03579000000000001,both,6.938893903907228e-18,1.3877787807814457e-17
panel_od_032,12:30:00,0.75,SB,0.0,0.0,both,0.0,0.0
panel_od_032,12:30:00,0.75,TA,0.02789,0.02789,both,0.0,0.0
panel_od_032,12:30:00,0.75,TW,0.04099,0.04099,both,0.0,0.0
panel_od_032,12:30:00,0.75,WK,0.03809,0.03809,both,0.0,0.0
panel_od_032,12:30:00,1.0,BK,0.01789,0.01789,both,0.0,0.0
panel_od_032,12:30:00,1.0,DA,0.7265,0.7265,both,0.0,0.0
panel_od_032,12:30:00,1.0,RS,0.00989,0.00989,both,0.0,0.0
panel_od_032,12:30:00,1.0,S2,0.10296,0.10296,both,0.0,0.0
panel_od_032,12:30:00,1.0,S3,0.03579,0.03579000000000001,both,6.938893903907228e-18,1.3877787807814457e-17
panel_od_032,12:30:00,1.0,SB,0.0,0.0,both,0.0,0.0
panel_od_032,12:30:00,1.0,TA,0.02789,0.02789,both,0.0,0.0
panel_od_032,12:30:00,1.0,TW,0.04099,0.04099,both,0.0,0.0
panel_od_032,12:30:00,1.0,WK,0.03809,0.03809,both,0.0,0.0
panel_od_032,12:40:00,0.25,BK,0.01789,0.01789,both,0.0,0.0
panel_od_032,12:40:00,0.25,DA,0.7265,0.7265,both,0.0,0.0
panel_od_032,12:40:00,0.25,RS,0.00989,0.00989,both,0.0,0.0
panel_od_032,12:40:00,0.25,S2,0.10296,0.10296,both,0.0,0.0
panel_od_032,12:40:00,0.25,S3,0.03579,0.03579000000000001,both,6.938893903907228e-18,1.3877787807814457e-17
panel_od_032,12:40:00,0.25,SB,0.0,0.0,both,0.0,0.0
panel_od_032,12:40:00,0.25,TA,0.02789,0.02789,both,0.0,0.0
panel_od_032,12:40:00,0.25,TW,0.04099,0.04099,both,0.0,0.0
panel_od_032,12:40:00,0.25,WK,0.03809,0.03809,both,0.0,0.0
panel_od_032,12:40:00,0.5,BK,0.01789,0.01789,both,0.0,0.0
panel_od_032,12:40:00,0.5,DA,0.7265,0.7265,both,0.0,0.0
panel_od_032,12:40:00,0.5,RS,0.00989,0.00989,both,0.0,0.0
panel_od_032,12:40:00,0.5,S2,0.10296,0.10296,both,0.0,0.0
panel_od_032,12:40:00,0.5,S3,0.03579,0.03579000000000001,both,6.938893903907228e-18,1.3877787807814457e-17
panel_od_032,12:40:00,0.5,SB,0.0,0.0,both,0.0,0.0
panel_od_032,12:40:00,0.5,TA,0.02789,0.02789,both,0.0,0.0
panel_od_032,12:40:00,0.5,TW,0.04099,0.04099,both,0.0,0.0
panel_od_032,12:40:00,0.5,WK,0.03809,0.03809,both,0.0,0.0
panel_od_032,12:40:00,0.75,BK,0.01789,0.01789,both,0.0,0.0
panel_od_032,12:40:00,0.75,DA,0.7265,0.7265,both,0.0,0.0
panel_od_032,12:40:00,0.75,RS,0.00989,0.00989,both,0.0,0.0
panel_od_032,12:40:00,0.75,S2,0.10296,0.10296,both,0.0,0.0
panel_od_032,12:40:00,0.75,S3,0.03579,0.03579000000000001,both,6.938893903907228e-18,1.3877787807814457e-17
panel_od_032,12:40:00,0.75,SB,0.0,0.0,both,0.0,0.0
panel_od_032,12:40:00,0.75,TA,0.02789,0.02789,both,0.0,0.0
panel_od_032,12:40:00,0.75,TW,0.04099,0.04099,both,0.0,0.0
panel_od_032,12:40:00,0.75,WK,0.03809,0.03809,both,0.0,0.0
panel_od_032,12:40:00,1.0,BK,0.01789,0.01789,both,0.0,0.0
panel_od_032,12:40:00,1.0,DA,0.7265,0.7265,both,0.0,0.0
panel_od_032,12:40:00,1.0,RS,0.00989,0.00989,both,0.0,0.0
panel_od_032,12:40:00,1.0,S2,0.10296,0.10296,both,0.0,0.0
panel_od_032,12:40:00,1.0,S3,0.03579,0.03579000000000001,both,6.938893903907228e-18,1.3877787807814457e-17
panel_od_032,12:40:00,1.0,SB,0.0,0.0,both,0.0,0.0
panel_od_032,12:40:00,1.0,TA,0.02789,0.02789,both,0.0,0.0
panel_od_032,12:40:00,1.0,TW,0.04099,0.04099,both,0.0,0.0
panel_od_032,12:40:00,1.0,WK,0.03809,0.03809,both,0.0,0.0
panel_od_032,12:50:00,0.25,BK,0.01789,0.01789,both,0.0,0.0
panel_od_032,12:50:00,0.25,DA,0.7265,0.7265,both,0.0,0.0
panel_od_032,12:50:00,0.25,RS,0.00989,0.00989,both,0.0,0.0
panel_od_032,12:50:00,0.25,S2,0.10296,0.10296,both,0.0,0.0
panel_od_032,12:50:00,0.25,S3,0.03579,0.03579000000000001,both,6.938893903907228e-18,1.3877787807814457e-17
panel_od_032,12:50:00,0.25,SB,0.0,0.0,both,0.0,0.0
panel_od_032,12:50:00,0.25,TA,0.02789,0.02789,both,0.0,0.0
panel_od_032,12:50:00,0.25,TW,0.04099,0.04099,both,0.0,0.0
panel_od_032,12:50:00,0.25,WK,0.03809,0.03809,both,0.0,0.0
panel_od_032,12:50:00,0.5,BK,0.01789,0.01789,both,0.0,0.0
panel_od_032,12:50:00,0.5,DA,0.7265,0.7265,both,0.0,0.0
panel_od_032,12:50:00,0.5,RS,0.00989,0.00989,both,0.0,0.0
panel_od_032,12:50:00,0.5,S2,0.10296,0.10296,both,0.0,0.0
panel_od_032,12:50:00,0.5,S3,0.03579,0.03579000000000001,both,6.938893903907228e-18,1.3877787807814457e-17
panel_od_032,12:50:00,0.5,SB,0.0,0.0,both,0.0,0.0
panel_od_032,12:50:00,0.5,TA,0.02789,0.02789,both,0.0,0.0
panel_od_032,12:50:00,0.5,TW,0.04099,0.04099,both,0.0,0.0
panel_od_032,12:50:00,0.5,WK,0.03809,0.03809,both,0.0,0.0
panel_od_032,12:50:00,0.75,BK,0.01789,0.01789,both,0.0,0.0
panel_od_032,12:50:00,0.75,DA,0.7265,0.7265,both,0.0,0.0
panel_od_032,12:50:00,0.75,RS,0.00989,0.00989,both,0.0,0.0
panel_od_032,12:50:00,0.75,S2,0.10296,0.10296,both,0.0,0.0
panel_od_032,12:50:00,0.75,S3,0.03579,0.03579000000000001,both,6.938893903907228e-18,1.3877787807814457e-17
panel_od_032,12:50:00,0.75,SB,0.0,0.0,both,0.0,0.0
panel_od_032,12:50:00,0.75,TA,0.02789,0.02789,both,0.0,0.0
panel_od_032,12:50:00,0.75,TW,0.04099,0.04099,both,0.0,0.0
panel_od_032,12:50:00,0.75,WK,0.03809,0.03809,both,0.0,0.0
panel_od_032,12:50:00,1.0,BK,0.01789,0.01789,both,0.0,0.0
panel_od_032,12:50:00,1.0,DA,0.7265,0.7265,both,0.0,0.0
panel_od_032,12:50:00,1.0,RS,0.00989,0.00989,both,0.0,0.0
panel_od_032,12:50:00,1.0,S2,0.10296,0.10296,both,0.0,0.0
panel_od_032,12:50:00,1.0,S3,0.03579,0.03579000000000001,both,6.938893903907228e-18,1.3877787807814457e-17
panel_od_032,12:50:00,1.0,SB,0.0,0.0,both,0.0,0.0
panel_od_032,12:50:00,1.0,TA,0.02789,0.02789,both,0.0,0.0
panel_od_032,12:50:00,1.0,TW,0.04099,0.04099,both,0.0,0.0
panel_od_032,12:50:00,1.0,WK,0.03809,0.03809,both,0.0,0.0
panel_od_033,12:30:00,0.25,BK,0.01789,0.01789,both,0.0,0.0
panel_od_033,12:30:00,0.25,DA,0.7265,0.7265,both,0.0,0.0
panel_od_033,12:30:00,0.25,RS,0.00989,0.00989,both,0.0,0.0
panel_od_033,12:30:00,0.25,S2,0.10296,0.10296,both,0.0,0.0
panel_od_033,12:30:00,0.25,S3,0.03579,0.03579000000000001,both,6.938893903907228e-18,1.3877787807814457e-17
panel_od_033,12:30:00,0.25,SB,0.0,0.0,both,0.0,0.0
panel_od_033,12:30:00,0.25,TA,0.02789,0.02789,both,0.0,0.0
panel_od_033,12:30:00,0.25,TW,0.04099,0.04099,both,0.0,0.0
panel_od_033,12:30:00,0.25,WK,0.03809,0.03809,both,0.0,0.0
panel_od_033,12:30:00,0.5,BK,0.01789,0.01789,both,0.0,0.0
panel_od_033,12:30:00,0.5,DA,0.7265,0.7265,both,0.0,0.0
panel_od_033,12:30:00,0.5,RS,0.00989,0.00989,both,0.0,0.0
panel_od_033,12:30:00,0.5,S2,0.10296,0.10296,both,0.0,0.0
panel_od_033,12:30:00,0.5,S3,0.03579,0.03579000000000001,both,6.938893903907228e-18,1.3877787807814457e-17
panel_od_033,12:30:00,0.5,SB,0.0,0.0,both,0.0,0.0
panel_od_033,12:30:00,0.5,TA,0.02789,0.02789,both,0.0,0.0
panel_od_033,12:30:00,0.5,TW,0.04099,0.04099,both,0.0,0.0
panel_od_033,12:30:00,0.5,WK,0.03809,0.03809,both,0.0,0.0
panel_od_033,12:30:00,0.75,BK,0.01789,0.01789,both,0.0,0.0
panel_od_033,12:30:00,0.75,DA,0.7265,0.7265,both,0.0,0.0
panel_od_033,12:30:00,0.75,RS,0.00989,0.00989,both,0.0,0.0
panel_od_033,12:30:00,0.75,S2,0.10296,0.10296,both,0.0,0.0
panel_od_033,12:30:00,0.75,S3,0.03579,0.03579000000000001,both,6.938893903907228e-18,1.3877787807814457e-17
panel_od_033,12:30:00,0.75,SB,0.0,0.0,both,0.0,0.0
panel_od_033,12:30:00,0.75,TA,0.02789,0.02789,both,0.0,0.0
panel_od_033,12:30:00,0.75,TW,0.04099,0.04099,both,0.0,0.0
panel_od_033,12:30:00,0.75,WK,0.03809,0.03809,both,0.0,0.0
panel_od_033,12:30:00,1.0,BK,0.01789,0.01789,both,0.0,0.0
panel_od_033,12:30:00,1.0,DA,0.7265,0.7265,both,0.0,0.0
panel_od_033,12:30:00,1.0,RS,0.00989,0.00989,both,0.0,0.0
panel_od_033,12:30:00,1.0,S2,0.10296,0.10296,both,0.0,0.0
panel_od_033,12:30:00,1.0,S3,0.03579,0.03579000000000001,both,6.938893903907228e-18,1.3877787807814457e-17
panel_od_033,12:30:00,1.0,SB,0.0,0.0,both,0.0,0.0
panel_od_033,12:30:00,1.0,TA,0.02789,0.02789,both,0.0,0.0
panel_od_033,12:30:00,1.0,TW,0.04099,0.04099,both,0.0,0.0
panel_od_033,12:30:00,1.0,WK,0.03809,0.03809,both,0.0,0.0
panel_od_033,12:40:00,0.25,BK,0.01789,0.01789,both,0.0,0.0
panel_od_033,12:40:00,0.25,DA,0.7265,0.7265,both,0.0,0.0
panel_od_033,12:40:00,0.25,RS,0.00989,0.00989,both,0.0,0.0
panel_od_033,12:40:00,0.25,S2,0.10296,0.10296,both,0.0,0.0
panel_od_033,12:40:00,0.25,S3,0.03579,0.03579000000000001,both,6.938893903907228e-18,1.3877787807814457e-17
panel_od_033,12:40:00,0.25,SB,0.0,0.0,both,0.0,0.0
panel_od_033,12:40:00,0.25,TA,0.02789,0.02789,both,0.0,0.0
panel_od_033,12:40:00,0.25,TW,0.04099,0.04099,both,0.0,0.0
panel_od_033,12:40:00,0.25,WK,0.03809,0.03809,both,0.0,0.0
panel_od_033,12:40:00,0.5,BK,0.01789,0.01789,both,0.0,0.0
panel_od_033,12:40:00,0.5,DA,0.7265,0.7265,both,0.0,0.0
panel_od_033,12:40:00,0.5,RS,0.00989,0.00989,both,0.0,0.0
panel_od_033,12:40:00,0.5,S2,0.10296,0.10296,both,0.0,0.0
panel_od_033,12:40:00,0.5,S3,0.03579,0.03579000000000001,both,6.938893903907228e-18,1.3877787807814457e-17
panel_od_033,12:40:00,0.5,SB,0.0,0.0,both,0.0,0.0
panel_od_033,12:40:00,0.5,TA,0.02789,0.02789,both,0.0,0.0
panel_od_033,12:40:00,0.5,TW,0.04099,0.04099,both,0.0,0.0
panel_od_033,12:40:00,0.5,WK,0.03809,0.03809,both,0.0,0.0
panel_od_033,12:40:00,0.75,BK,0.01789,0.01789,both,0.0,0.0
panel_od_033,12:40:00,0.75,DA,0.7265,0.7265,both,0.0,0.0
panel_od_033,12:40:00,0.75,RS,0.00989,0.00989,both,0.0,0.0
panel_od_033,12:40:00,0.75,S2,0.10296,0.10296,both,0.0,0.0
panel_od_033,12:40:00,0.75,S3,0.03579,0.03579000000000001,both,6.938893903907228e-18,1.3877787807814457e-17
panel_od_033,12:40:00,0.75,SB,0.0,0.0,both,0.0,0.0
panel_od_033,12:40:00,0.75,TA,0.02789,0.02789,both,0.0,0.0
panel_od_033,12:40:00,0.75,TW,0.04099,0.04099,both,0.0,0.0
panel_od_033,12:40:00,0.75,WK,0.03809,0.03809,both,0.0,0.0
panel_od_033,12:40:00,1.0,BK,0.01789,0.01789,both,0.0,0.0
panel_od_033,12:40:00,1.0,DA,0.7265,0.7265,both,0.0,0.0
panel_od_033,12:40:00,1.0,RS,0.00989,0.00989,both,0.0,0.0
panel_od_033,12:40:00,1.0,S2,0.10296,0.10296,both,0.0,0.0
panel_od_033,12:40:00,1.0,S3,0.03579,0.03579000000000001,both,6.938893903907228e-18,1.3877787807814457e-17
panel_od_033,12:40:00,1.0,SB,0.0,0.0,both,0.0,0.0
panel_od_033,12:40:00,1.0,TA,0.02789,0.02789,both,0.0,0.0
panel_od_033,12:40:00,1.0,TW,0.04099,0.04099,both,0.0,0.0
panel_od_033,12:40:00,1.0,WK,0.03809,0.03809,both,0.0,0.0
panel_od_033,12:50:00,0.25,BK,0.01789,0.01789,both,0.0,0.0
panel_od_033,12:50:00,0.25,DA,0.7265,0.7265,both,0.0,0.0
panel_od_033,12:50:00,0.25,RS,0.00989,0.00989,both,0.0,0.0
panel_od_033,12:50:00,0.25,S2,0.10296,0.10296,both,0.0,0.0
panel_od_033,12:50:00,0.25,S3,0.03579,0.03579000000000001,both,6.938893903907228e-18,1.3877787807814457e-17
panel_od_033,12:50:00,0.25,SB,0.0,0.0,both,0.0,0.0
panel_od_033,12:50:00,0.25,TA,0.02789,0.02789,both,0.0,0.0
panel_od_033,12:50:00,0.25,TW,0.04099,0.04099,both,0.0,0.0
panel_od_033,12:50:00,0.25,WK,0.03809,0.03809,both,0.0,0.0
panel_od_033,12:50:00,0.5,BK,0.01789,0.01789,both,0.0,0.0
panel_od_033,12:50:00,0.5,DA,0.7265,0.7265,both,0.0,0.0
panel_od_033,12:50:00,0.5,RS,0.00989,0.00989,both,0.0,0.0
panel_od_033,12:50:00,0.5,S2,0.10296,0.10296,both,0.0,0.0
panel_od_033,12:50:00,0.5,S3,0.03579,0.03579000000000001,both,6.938893903907228e-18,1.3877787807814457e-17
panel_od_033,12:50:00,0.5,SB,0.0,0.0,both,0.0,0.0
panel_od_033,12:50:00,0.5,TA,0.02789,0.02789,both,0.0,0.0
panel_od_033,12:50:00,0.5,TW,0.04099,0.04099,both,0.0,0.0
panel_od_033,12:50:00,0.5,WK,0.03809,0.03809,both,0.0,0.0
panel_od_033,12:50:00,0.75,BK,0.01789,0.01789,both,0.0,0.0
panel_od_033,12:50:00,0.75,DA,0.7265,0.7265,both,0.0,0.0
panel_od_033,12:50:00,0.75,RS,0.00989,0.00989,both,0.0,0.0
panel_od_033,12:50:00,0.75,S2,0.10296,0.10296,both,0.0,0.0
panel_od_033,12:50:00,0.75,S3,0.03579,0.03579000000000001,both,6.938893903907228e-18,1.3877787807814457e-17
panel_od_033,12:50:00,0.75,SB,0.0,0.0,both,0.0,0.0
panel_od_033,12:50:00,0.75,TA,0.02789,0.02789,both,0.0,0.0
panel_od_033,12:50:00,0.75,TW,0.04099,0.04099,both,0.0,0.0
panel_od_033,12:50:00,0.75,WK,0.03809,0.03809,both,0.0,0.0
panel_od_033,12:50:00,1.0,BK,0.01789,0.01789,both,0.0,0.0
panel_od_033,12:50:00,1.0,DA,0.7265,0.7265,both,0.0,0.0
panel_od_033,12:50:00,1.0,RS,0.00989,0.00989,both,0.0,0.0
panel_od_033,12:50:00,1.0,S2,0.10296,0.10296,both,0.0,0.0
panel_od_033,12:50:00,1.0,S3,0.03579,0.03579000000000001,both,6.938893903907228e-18,1.3877787807814457e-17
panel_od_033,12:50:00,1.0,SB,0.0,0.0,both,0.0,0.0
panel_od_033,12:50:00,1.0,TA,0.02789,0.02789,both,0.0,0.0
panel_od_033,12:50:00,1.0,TW,0.04099,0.04099,both,0.0,0.0
panel_od_033,12:50:00,1.0,WK,0.03809,0.03809,both,0.0,0.0
panel_od_035,12:30:00,0.25,BK,0.01789,0.01789,both,0.0,0.0
panel_od_035,12:30:00,0.25,DA,0.7265,0.7265,both,0.0,0.0
panel_od_035,12:30:00,0.25,RS,0.00989,0.00989,both,0.0,0.0
panel_od_035,12:30:00,0.25,S2,0.10296,0.10296,both,0.0,0.0
panel_od_035,12:30:00,0.25,S3,0.03579,0.03579000000000001,both,6.938893903907228e-18,6.938893903907228e-18
panel_od_035,12:30:00,0.25,SB,0.0,0.0,both,0.0,0.0
panel_od_035,12:30:00,0.25,TA,0.02789,0.02789,both,0.0,0.0
panel_od_035,12:30:00,0.25,TW,0.04099,0.04099,both,0.0,0.0
panel_od_035,12:30:00,0.25,WK,0.03809,0.03809,both,0.0,0.0
panel_od_035,12:30:00,0.5,BK,0.01789,0.01789,both,0.0,0.0
panel_od_035,12:30:00,0.5,DA,0.7265,0.7265,both,0.0,0.0
panel_od_035,12:30:00,0.5,RS,0.00989,0.00989,both,0.0,0.0
panel_od_035,12:30:00,0.5,S2,0.10296,0.10296,both,0.0,0.0
panel_od_035,12:30:00,0.5,S3,0.03579,0.03579000000000001,both,6.938893903907228e-18,6.938893903907228e-18
panel_od_035,12:30:00,0.5,SB,0.0,0.0,both,0.0,0.0
panel_od_035,12:30:00,0.5,TA,0.02789,0.02789,both,0.0,0.0
panel_od_035,12:30:00,0.5,TW,0.04099,0.04099,both,0.0,0.0
panel_od_035,12:30:00,0.5,WK,0.03809,0.03809,both,0.0,0.0
panel_od_035,12:30:00,0.75,BK,0.01789,0.01789,both,0.0,0.0
panel_od_035,12:30:00,0.75,DA,0.7265,0.7265,both,0.0,0.0
panel_od_035,12:30:00,0.75,RS,0.00989,0.00989,both,0.0,0.0
panel_od_035,12:30:00,0.75,S2,0.10296,0.10296,both,0.0,0.0
panel_od_035,12:30:00,0.75,S3,0.03579,0.03579000000000001,both,6.938893903907228e-18,6.938893903907228e-18
panel_od_035,12:30:00,0.75,SB,0.0,0.0,both,0.0,0.0
panel_od_035,12:30:00,0.75,TA,0.02789,0.02789,both,0.0,0.0
panel_od_035,12:30:00,0.75,TW,0.04099,0.04099,both,0.0,0.0
panel_od_035,12:30:00,0.75,WK,0.03809,0.03809,both,0.0,0.0
panel_od_035,12:30:00,1.0,BK,0.01789,0.01789,both,0.0,0.0
panel_od_035,12:30:00,1.0,DA,0.7265,0.7265,both,0.0,0.0
panel_od_035,12:30:00,1.0,RS,0.00989,0.00989,both,0.0,0.0
panel_od_035,12:30:00,1.0,S2,0.10296,0.10296,both,0.0,0.0
panel_od_035,12:30:00,1.0,S3,0.03579,0.03579000000000001,both,6.938893903907228e-18,6.938893903907228e-18
panel_od_035,12:30:00,1.0,SB,0.0,0.0,both,0.0,0.0
panel_od_035,12:30:00,1.0,TA,0.02789,0.02789,both,0.0,0.0
panel_od_035,12:30:00,1.0,TW,0.04099,0.04099,both,0.0,0.0
panel_od_035,12:30:00,1.0,WK,0.03809,0.03809,both,0.0,0.0
panel_od_035,12:40:00,0.25,BK,0.01789,0.01789,both,0.0,0.0
panel_od_035,12:40:00,0.25,DA,0.7265,0.7265,both,0.0,0.0
panel_od_035,12:40:00,0.25,RS,0.00989,0.00989,both,0.0,0.0
panel_od_035,12:40:00,0.25,S2,0.10296,0.10296,both,0.0,0.0
panel_od_035,12:40:00,0.25,S3,0.03579,0.03579000000000001,both,6.938893903907228e-18,6.938893903907228e-18
panel_od_035,12:40:00,0.25,SB,0.0,0.0,both,0.0,0.0
panel_od_035,12:40:00,0.25,TA,0.02789,0.02789,both,0.0,0.0
panel_od_035,12:40:00,0.25,TW,0.04099,0.04099,both,0.0,0.0
panel_od_035,12:40:00,0.25,WK,0.03809,0.03809,both,0.0,0.0
panel_od_035,12:40:00,0.5,BK,0.01789,0.01789,both,0.0,0.0
panel_od_035,12:40:00,0.5,DA,0.7265,0.7265,both,0.0,0.0
panel_od_035,12:40:00,0.5,RS,0.00989,0.00989,both,0.0,0.0
panel_od_035,12:40:00,0.5,S2,0.10296,0.10296,both,0.0,0.0
panel_od_035,12:40:00,0.5,S3,0.03579,0.03579000000000001,both,6.938893903907228e-18,6.938893903907228e-18
panel_od_035,12:40:00,0.5,SB,0.0,0.0,both,0.0,0.0
panel_od_035,12:40:00,0.5,TA,0.02789,0.02789,both,0.0,0.0
panel_od_035,12:40:00,0.5,TW,0.04099,0.04099,both,0.0,0.0
panel_od_035,12:40:00,0.5,WK,0.03809,0.03809,both,0.0,0.0
panel_od_035,12:40:00,0.75,BK,0.01789,0.01789,both,0.0,0.0
panel_od_035,12:40:00,0.75,DA,0.7265,0.7265,both,0.0,0.0
panel_od_035,12:40:00,0.75,RS,0.00989,0.00989,both,0.0,0.0
panel_od_035,12:40:00,0.75,S2,0.10296,0.10296,both,0.0,0.0
panel_od_035,12:40:00,0.75,S3,0.03579,0.03579000000000001,both,6.938893903907228e-18,6.938893903907228e-18
panel_od_035,12:40:00,0.75,SB,0.0,0.0,both,0.0,0.0
panel_od_035,12:40:00,0.75,TA,0.02789,0.02789,both,0.0,0.0
panel_od_035,12:40:00,0.75,TW,0.04099,0.04099,both,0.0,0.0
panel_od_035,12:40:00,0.75,WK,0.03809,0.03809,both,0.0,0.0
panel_od_035,12:40:00,1.0,BK,0.01789,0.01789,both,0.0,0.0
panel_od_035,12:40:00,1.0,DA,0.7265,0.7265,both,0.0,0.0
panel_od_035,12:40:00,1.0,RS,0.00989,0.00989,both,0.0,0.0
panel_od_035,12:40:00,1.0,S2,0.10296,0.10296,both,0.0,0.0
panel_od_035,12:40:00,1.0,S3,0.03579,0.03579000000000001,both,6.938893903907228e-18,6.938893903907228e-18
panel_od_035,12:40:00,1.0,SB,0.0,0.0,both,0.0,0.0
panel_od_035,12:40:00,1.0,TA,0.02789,0.02789,both,0.0,0.0
panel_od_035,12:40:00,1.0,TW,0.04099,0.04099,both,0.0,0.0
panel_od_035,12:40:00,1.0,WK,0.03809,0.03809,both,0.0,0.0
panel_od_035,12:50:00,0.25,BK,0.01789,0.01789,both,0.0,0.0
panel_od_035,12:50:00,0.25,DA,0.7265,0.7265,both,0.0,0.0
panel_od_035,12:50:00,0.25,RS,0.00989,0.00989,both,0.0,0.0
panel_od_035,12:50:00,0.25,S2,0.10296,0.10296,both,0.0,0.0
panel_od_035,12:50:00,0.25,S3,0.03579,0.03579000000000001,both,6.938893903907228e-18,6.938893903907228e-18
panel_od_035,12:50:00,0.25,SB,0.0,0.0,both,0.0,0.0
panel_od_035,12:50:00,0.25,TA,0.02789,0.02789,both,0.0,0.0
panel_od_035,12:50:00,0.25,TW,0.04099,0.04099,both,0.0,0.0
panel_od_035,12:50:00,0.25,WK,0.03809,0.03809,both,0.0,0.0
panel_od_035,12:50:00,0.5,BK,0.01789,0.01789,both,0.0,0.0
panel_od_035,12:50:00,0.5,DA,0.7265,0.7265,both,0.0,0.0
panel_od_035,12:50:00,0.5,RS,0.00989,0.00989,both,0.0,0.0
panel_od_035,12:50:00,0.5,S2,0.10296,0.10296,both,0.0,0.0
panel_od_035,12:50:00,0.5,S3,0.03579,0.03579000000000001,both,6.938893903907228e-18,6.938893903907228e-18
panel_od_035,12:50:00,0.5,SB,0.0,0.0,both,0.0,0.0
panel_od_035,12:50:00,0.5,TA,0.02789,0.02789,both,0.0,0.0
panel_od_035,12:50:00,0.5,TW,0.04099,0.04099,both,0.0,0.0
panel_od_035,12:50:00,0.5,WK,0.03809,0.03809,both,0.0,0.0
panel_od_035,12:50:00,0.75,BK,0.01789,0.01789,both,0.0,0.0
panel_od_035,12:50:00,0.75,DA,0.7265,0.7265,both,0.0,0.0
panel_od_035,12:50:00,0.75,RS,0.00989,0.00989,both,0.0,0.0
panel_od_035,12:50:00,0.75,S2,0.10296,0.10296,both,0.0,0.0
panel_od_035,12:50:00,0.75,S3,0.03579,0.03579000000000001,both,6.938893903907228e-18,6.938893903907228e-18
panel_od_035,12:50:00,0.75,SB,0.0,0.0,both,0.0,0.0
panel_od_035,12:50:00,0.75,TA,0.02789,0.02789,both,0.0,0.0
panel_od_035,12:50:00,0.75,TW,0.04099,0.04099,both,0.0,0.0
panel_od_035,12:50:00,0.75,WK,0.03809,0.03809,both,0.0,0.0
panel_od_035,12:50:00,1.0,BK,0.01789,0.01789,both,0.0,0.0
panel_od_035,12:50:00,1.0,DA,0.7265,0.7265,both,0.0,0.0
panel_od_035,12:50:00,1.0,RS,0.00989,0.00989,both,0.0,0.0
panel_od_035,12:50:00,1.0,S2,0.10296,0.10296,both,0.0,0.0
panel_od_035,12:50:00,1.0,S3,0.03579,0.03579000000000001,both,6.938893903907228e-18,6.938893903907228e-18
panel_od_035,12:50:00,1.0,SB,0.0,0.0,both,0.0,0.0
panel_od_035,12:50:00,1.0,TA,0.02789,0.02789,both,0.0,0.0
panel_od_035,12:50:00,1.0,TW,0.04099,0.04099,both,0.0,0.0
panel_od_035,12:50:00,1.0,WK,0.03809,0.03809,both,0.0,0.0
panel_od_036,12:30:00,0.25,BK,0.01789,0.01789,both,0.0,0.0
panel_od_036,12:30:00,0.25,DA,0.7265,0.7265,both,0.0,0.0
panel_od_036,12:30:00,0.25,RS,0.00989,0.00989,both,0.0,0.0
panel_od_036,12:30:00,0.25,S2,0.10296,0.10296,both,0.0,0.0
panel_od_036,12:30:00,0.25,S3,0.03579,0.03579000000000001,both,6.938893903907228e-18,6.938893903907228e-18
panel_od_036,12:30:00,0.25,SB,0.0,0.0,both,0.0,0.0
panel_od_036,12:30:00,0.25,TA,0.02789,0.02789,both,0.0,0.0
panel_od_036,12:30:00,0.25,TW,0.04099,0.04099,both,0.0,0.0
panel_od_036,12:30:00,0.25,WK,0.03809,0.03809,both,0.0,0.0
panel_od_036,12:30:00,0.5,BK,0.01789,0.01789,both,0.0,0.0
panel_od_036,12:30:00,0.5,DA,0.7265,0.7265,both,0.0,0.0
panel_od_036,12:30:00,0.5,RS,0.00989,0.00989,both,0.0,0.0
panel_od_036,12:30:00,0.5,S2,0.10296,0.10296,both,0.0,0.0
panel_od_036,12:30:00,0.5,S3,0.03579,0.03579000000000001,both,6.938893903907228e-18,6.938893903907228e-18
panel_od_036,12:30:00,0.5,SB,0.0,0.0,both,0.0,0.0
panel_od_036,12:30:00,0.5,TA,0.02789,0.02789,both,0.0,0.0
panel_od_036,12:30:00,0.5,TW,0.04099,0.04099,both,0.0,0.0
panel_od_036,12:30:00,0.5,WK,0.03809,0.03809,both,0.0,0.0
panel_od_036,12:30:00,0.75,BK,0.01789,0.01789,both,0.0,0.0
panel_od_036,12:30:00,0.75,DA,0.7265,0.7265,both,0.0,0.0
panel_od_036,12:30:00,0.75,RS,0.00989,0.00989,both,0.0,0.0
panel_od_036,12:30:00,0.75,S2,0.10296,0.10296,both,0.0,0.0
panel_od_036,12:30:00,0.75,S3,0.03579,0.03579000000000001,both,6.938893903907228e-18,6.938893903907228e-18
panel_od_036,12:30:00,0.75,SB,0.0,0.0,both,0.0,0.0
panel_od_036,12:30:00,0.75,TA,0.02789,0.02789,both,0.0,0.0
panel_od_036,12:30:00,0.75,TW,0.04099,0.04099,both,0.0,0.0
panel_od_036,12:30:00,0.75,WK,0.03809,0.03809,both,0.0,0.0
panel_od_036,12:30:00,1.0,BK,0.01789,0.01789,both,0.0,0.0
panel_od_036,12:30:00,1.0,DA,0.7265,0.7265,both,0.0,0.0
panel_od_036,12:30:00,1.0,RS,0.00989,0.00989,both,0.0,0.0
panel_od_036,12:30:00,1.0,S2,0.10296,0.10296,both,0.0,0.0
panel_od_036,12:30:00,1.0,S3,0.03579,0.03579000000000001,both,6.938893903907228e-18,6.938893903907228e-18
panel_od_036,12:30:00,1.0,SB,0.0,0.0,both,0.0,0.0
panel_od_036,12:30:00,1.0,TA,0.02789,0.02789,both,0.0,0.0
panel_od_036,12:30:00,1.0,TW,0.04099,0.04099,both,0.0,0.0
panel_od_036,12:30:00,1.0,WK,0.03809,0.03809,both,0.0,0.0
panel_od_036,12:40:00,0.25,BK,0.01789,0.01789,both,0.0,0.0
panel_od_036,12:40:00,0.25,DA,0.7265,0.7265,both,0.0,0.0
panel_od_036,12:40:00,0.25,RS,0.00989,0.00989,both,0.0,0.0
panel_od_036,12:40:00,0.25,S2,0.10296,0.10296,both,0.0,0.0
panel_od_036,12:40:00,0.25,S3,0.03579,0.03579000000000001,both,6.938893903907228e-18,6.938893903907228e-18
panel_od_036,12:40:00,0.25,SB,0.0,0.0,both,0.0,0.0
panel_od_036,12:40:00,0.25,TA,0.02789,0.02789,both,0.0,0.0
panel_od_036,12:40:00,0.25,TW,0.04099,0.04099,both,0.0,0.0
panel_od_036,12:40:00,0.25,WK,0.03809,0.03809,both,0.0,0.0
panel_od_036,12:40:00,0.5,BK,0.01789,0.01789,both,0.0,0.0
panel_od_036,12:40:00,0.5,DA,0.7265,0.7265,both,0.0,0.0
panel_od_036,12:40:00,0.5,RS,0.00989,0.00989,both,0.0,0.0
panel_od_036,12:40:00,0.5,S2,0.10296,0.10296,both,0.0,0.0
panel_od_036,12:40:00,0.5,S3,0.03579,0.03579000000000001,both,6.938893903907228e-18,6.938893903907228e-18
panel_od_036,12:40:00,0.5,SB,0.0,0.0,both,0.0,0.0
panel_od_036,12:40:00,0.5,TA,0.02789,0.02789,both,0.0,0.0
panel_od_036,12:40:00,0.5,TW,0.04099,0.04099,both,0.0,0.0
panel_od_036,12:40:00,0.5,WK,0.03809,0.03809,both,0.0,0.0
panel_od_036,12:40:00,0.75,BK,0.01789,0.01789,both,0.0,0.0
panel_od_036,12:40:00,0.75,DA,0.7265,0.7265,both,0.0,0.0
panel_od_036,12:40:00,0.75,RS,0.00989,0.00989,both,0.0,0.0
panel_od_036,12:40:00,0.75,S2,0.10296,0.10296,both,0.0,0.0
panel_od_036,12:40:00,0.75,S3,0.03579,0.03579000000000001,both,6.938893903907228e-18,6.938893903907228e-18
panel_od_036,12:40:00,0.75,SB,0.0,0.0,both,0.0,0.0
panel_od_036,12:40:00,0.75,TA,0.02789,0.02789,both,0.0,0.0
panel_od_036,12:40:00,0.75,TW,0.04099,0.04099,both,0.0,0.0
panel_od_036,12:40:00,0.75,WK,0.03809,0.03809,both,0.0,0.0
panel_od_036,12:40:00,1.0,BK,0.01789,0.01789,both,0.0,0.0
panel_od_036,12:40:00,1.0,DA,0.7265,0.7265,both,0.0,0.0
panel_od_036,12:40:00,1.0,RS,0.00989,0.00989,both,0.0,0.0
panel_od_036,12:40:00,1.0,S2,0.10296,0.10296,both,0.0,0.0
panel_od_036,12:40:00,1.0,S3,0.03579,0.03579000000000001,both,6.938893903907228e-18,6.938893903907228e-18
panel_od_036,12:40:00,1.0,SB,0.0,0.0,both,0.0,0.0
panel_od_036,12:40:00,1.0,TA,0.02789,0.02789,both,0.0,0.0
panel_od_036,12:40:00,1.0,TW,0.04099,0.04099,both,0.0,0.0
panel_od_036,12:40:00,1.0,WK,0.03809,0.03809,both,0.0,0.0
panel_od_036,12:50:00,0.25,BK,0.01789,0.01789,both,0.0,0.0
panel_od_036,12:50:00,0.25,DA,0.7265,0.7265,both,0.0,0.0
panel_od_036,12:50:00,0.25,RS,0.00989,0.00989,both,0.0,0.0
panel_od_036,12:50:00,0.25,S2,0.10296,0.10296,both,0.0,0.0
panel_od_036,12:50:00,0.25,S3,0.03579,0.03579000000000001,both,6.938893903907228e-18,6.938893903907228e-18
panel_od_036,12:50:00,0.25,SB,0.0,0.0,both,0.0,0.0
panel_od_036,12:50:00,0.25,TA,0.02789,0.02789,both,0.0,0.0
panel_od_036,12:50:00,0.25,TW,0.04099,0.04099,both,0.0,0.0
panel_od_036,12:50:00,0.25,WK,0.03809,0.03809,both,0.0,0.0
panel_od_036,12:50:00,0.5,BK,0.01789,0.01789,both,0.0,0.0
panel_od_036,12:50:00,0.5,DA,0.7265,0.7265,both,0.0,0.0
panel_od_036,12:50:00,0.5,RS,0.00989,0.00989,both,0.0,0.0
panel_od_036,12:50:00,0.5,S2,0.10296,0.10296,both,0.0,0.0
panel_od_036,12:50:00,0.5,S3,0.03579,0.03579000000000001,both,6.938893903907228e-18,6.938893903907228e-18
panel_od_036,12:50:00,0.5,SB,0.0,0.0,both,0.0,0.0
panel_od_036,12:50:00,0.5,TA,0.02789,0.02789,both,0.0,0.0
panel_od_036,12:50:00,0.5,TW,0.04099,0.04099,both,0.0,0.0
panel_od_036,12:50:00,0.5,WK,0.03809,0.03809,both,0.0,0.0
panel_od_036,12:50:00,0.75,BK,0.01789,0.01789,both,0.0,0.0
panel_od_036,12:50:00,0.75,DA,0.7265,0.7265,both,0.0,0.0
panel_od_036,12:50:00,0.75,RS,0.00989,0.00989,both,0.0,0.0
panel_od_036,12:50:00,0.75,S2,0.10296,0.10296,both,0.0,0.0
panel_od_036,12:50:00,0.75,S3,0.03579,0.03579000000000001,both,6.938893903907228e-18,6.938893903907228e-18
panel_od_036,12:50:00,0.75,SB,0.0,0.0,both,0.0,0.0
panel_od_036,12:50:00,0.75,TA,0.02789,0.02789,both,0.0,0.0
panel_od_036,12:50:00,0.75,TW,0.04099,0.04099,both,0.0,0.0
panel_od_036,12:50:00,0.75,WK,0.03809,0.03809,both,0.0,0.0
panel_od_036,12:50:00,1.0,BK,0.01789,0.01789,both,0.0,0.0
panel_od_036,12:50:00,1.0,DA,0.7265,0.7265,both,0.0,0.0
panel_od_036,12:50:00,1.0,RS,0.00989,0.00989,both,0.0,0.0
panel_od_036,12:50:00,1.0,S2,0.10296,0.10296,both,0.0,0.0
panel_od_036,12:50:00,1.0,S3,0.03579,0.03579000000000001,both,6.938893903907228e-18,6.938893903907228e-18
panel_od_036,12:50:00,1.0,SB,0.0,0.0,both,0.0,0.0
panel_od_036,12:50:00,1.0,TA,0.02789,0.02789,both,0.0,0.0
panel_od_036,12:50:00,1.0,TW,0.04099,0.04099,both,0.0,0.0
panel_od_036,12:50:00,1.0,WK,0.03809,0.03809,both,0.0,0.0
