path_id,leg_sequence,leg_type,to_stop_id,arrival_seconds,arrival_time,scenario_id,od_id,departure_time,from_stop_id,physical_seconds,trip_id,route_id,network_id,direction_id,board_time,alight_time,wait_seconds,new_boarding,in_seat_continuation,transfer_rule_row,pickup_type,drop_off_type,overlay_parameter_id
488620a0a72a8e40,1,access_walk,70024,45237.281857021495,12:33:57,S1_planned_service,panel_od_001,12:30:00,,237.28185702149375,,,,,,,,,,,,,
488620a0a72a8e40,2,ride,70022,45360.0,12:36:00,S1_planned_service,panel_od_001,12:30:00,70024,120.0,77798318,Orange,rapid_transit,0,12:34:00,12:36:00,2.718142978505057,True,False,,0,0,
488620a0a72a8e40,3,egress_walk,,45534.0,12:38:54,S1_planned_service,panel_od_001,12:30:00,70022,174.33963515153317,,,,,,,,,,,,,
488620a0a72a8e40,1,access_walk,70024,45237.281857021495,12:33:57,S2_exploratory_gps_overlay,panel_od_001,12:30:00,,237.28185702149375,,,,,,,,,,,,,
488620a0a72a8e40,2,ride,70022,45360.0,12:36:00,S2_exploratory_gps_overlay,panel_od_001,12:30:00,70024,120.0,77798318,Orange,rapid_transit,0,12:34:00,12:36:00,2.718142978505057,True,False,,0,0,
488620a0a72a8e40,3,egress_walk,,45534.0,12:38:54,S2_exploratory_gps_overlay,panel_od_001,12:30:00,70022,174.33963515153317,,,,,,,,,,,,,
488620a0a72a8e40,1,access_walk,70024,45237.281857021495,12:33:57,Srestore_overlay_off_recomputed,panel_od_001,12:30:00,,237.28185702149375,,,,,,,,,,,,,
488620a0a72a8e40,2,ride,70022,45360.0,12:36:00,Srestore_overlay_off_recomputed,panel_od_001,12:30:00,70024,120.0,77798318,Orange,rapid_transit,0,12:34:00,12:36:00,2.718142978505057,True,False,,0,0,
488620a0a72a8e40,3,egress_walk,,45534.0,12:38:54,Srestore_overlay_off_recomputed,panel_od_001,12:30:00,70022,174.33963515153317,,,,,,,,,,,,,
8d031b9f92a6e63d,1,access_walk,70024,45837.281857021495,12:43:57,S1_planned_service,panel_od_001,12:40:00,,237.28185702149375,,,,,,,,,,,,,
8d031b9f92a6e63d,2,ride,70022,46020.0,12:47:00,S1_planned_service,panel_od_001,12:40:00,70024,120.0,77798330,Orange,rapid_transit,0,12:45:00,12:47:00,62.71814297850506,True,False,,0,0,
8d031b9f92a6e63d,3,egress_walk,,46194.0,12:49:54,S1_planned_service,panel_od_001,12:40:00,70022,174.33963515153317,,,,,,,,,,,,,
8d031b9f92a6e63d,1,access_walk,70024,45837.281857021495,12:43:57,S2_exploratory_gps_overlay,panel_od_001,12:40:00,,237.28185702149375,,,,,,,,,,,,,
8d031b9f92a6e63d,2,ride,70022,46020.0,12:47:00,S2_exploratory_gps_overlay,panel_od_001,12:40:00,70024,120.0,77798330,Orange,rapid_transit,0,12:45:00,12:47:00,62.71814297850506,True,False,,0,0,
8d031b9f92a6e63d,3,egress_walk,,46194.0,12:49:54,S2_exploratory_gps_overlay,panel_od_001,12:40:00,70022,174.33963515153317,,,,,,,,,,,,,
8d031b9f92a6e63d,1,access_walk,70024,45837.281857021495,12:43:57,Srestore_overlay_off_recomputed,panel_od_001,12:40:00,,237.28185702149375,,,,,,,,,,,,,
8d031b9f92a6e63d,2,ride,70022,46020.0,12:47:00,Srestore_overlay_off_recomputed,panel_od_001,12:40:00,70024,120.0,77798330,Orange,rapid_transit,0,12:45:00,12:47:00,62.71814297850506,True,False,,0,0,
8d031b9f92a6e63d,3,egress_walk,,46194.0,12:49:54,Srestore_overlay_off_recomputed,panel_od_001,12:40:00,70022,174.33963515153317,,,,,,,,,,,,,
90872d600514c58c,1,access_walk,70024,46437.281857021495,12:53:57,S1_planned_service,panel_od_001,12:50:00,,237.28185702149375,,,,,,,,,,,,,
90872d600514c58c,2,ride,70022,46800.0,13:00:00,S1_planned_service,panel_od_001,12:50:00,70024,120.0,77798266,Orange,rapid_transit,0,12:58:00,13:00:00,242.71814297850506,True,False,,0,0,
90872d600514c58c,3,egress_walk,,46974.0,13:02:54,S1_planned_service,panel_od_001,12:50:00,70022,174.33963515153317,,,,,,,,,,,,,
90872d600514c58c,1,access_walk,70024,46437.281857021495,12:53:57,S2_exploratory_gps_overlay,panel_od_001,12:50:00,,237.28185702149375,,,,,,,,,,,,,
90872d600514c58c,2,ride,70022,46800.0,13:00:00,S2_exploratory_gps_overlay,panel_od_001,12:50:00,70024,120.0,77798266,Orange,rapid_transit,0,12:58:00,13:00:00,242.71814297850506,True,False,,0,0,
90872d600514c58c,3,egress_walk,,46974.0,13:02:54,S2_exploratory_gps_overlay,panel_od_001,12:50:00,70022,174.33963515153317,,,,,,,,,,,,,
90872d600514c58c,1,access_walk,70024,46437.281857021495,12:53:57,Srestore_overlay_off_recomputed,panel_od_001,12:50:00,,237.28185702149375,,,,,,,,,,,,,
90872d600514c58c,2,ride,70022,46800.0,13:00:00,Srestore_overlay_off_recomputed,panel_od_001,12:50:00,70024,120.0,77798266,Orange,rapid_transit,0,12:58:00,13:00:00,242.71814297850506,True,False,,0,0,
90872d600514c58c,3,egress_walk,,46974.0,13:02:54,Srestore_overlay_off_recomputed,panel_od_001,12:50:00,70022,174.33963515153317,,,,,,,,,,,,,
6ce613be43aa5c69,1,access_walk,70043,45687.54470944567,12:41:27,S1_planned_service,panel_od_002,12:30:00,,687.5447094456673,,,,,,,,,,,,,
6ce613be43aa5c69,2,ride,70041,45900.0,12:45:00,S1_planned_service,panel_od_002,12:30:00,70043,60.0,78879104,Blue,rapid_transit,0,12:44:00,12:45:00,152.45529055433144,True,False,,0,0,
6ce613be43aa5c69,3,egress_walk,,46074.0,12:47:54,S1_planned_service,panel_od_002,12:30:00,70041,174.33963515153317,,,,,,,,,,,,,
6ce613be43aa5c69,1,access_walk,70043,45687.54470944567,12:41:27,S2_exploratory_gps_overlay,panel_od_002,12:30:00,,687.5447094456673,,,,,,,,,,,,,
6ce613be43aa5c69,2,ride,70041,45900.0,12:45:00,S2_exploratory_gps_overlay,panel_od_002,12:30:00,70043,60.0,78879104,Blue,rapid_transit,0,12:44:00,12:45:00,152.45529055433144,True,False,,0,0,
6ce613be43aa5c69,3,egress_walk,,46074.0,12:47:54,S2_exploratory_gps_overlay,panel_od_002,12:30:00,70041,174.33963515153317,,,,,,,,,,,,,
6ce613be43aa5c69,1,access_walk,70043,45687.54470944567,12:41:27,Srestore_overlay_off_recomputed,panel_od_002,12:30:00,,687.5447094456673,,,,,,,,,,,,,
6ce613be43aa5c69,2,ride,70041,45900.0,12:45:00,Srestore_overlay_off_recomputed,panel_od_002,12:30:00,70043,60.0,78879104,Blue,rapid_transit,0,12:44:00,12:45:00,152.45529055433144,True,False,,0,0,
6ce613be43aa5c69,3,egress_walk,,46074.0,12:47:54,Srestore_overlay_off_recomputed,panel_od_002,12:30:00,70041,174.33963515153317,,,,,,,,,,,,,
ff3475a1ac3f7a69,1,access_walk,70024,46178.69802309933,12:49:38,S1_planned_service,panel_od_002,12:40:00,,578.6980230993279,,,,,,,,,,,,,
ff3475a1ac3f7a69,2,ride,70022,46440.0,12:54:00,S1_planned_service,panel_od_002,12:40:00,70024,120.0,77798258,Orange,rapid_transit,0,12:52:00,12:54:00,141.30197690067143,True,False,,0,0,
ff3475a1ac3f7a69,3,egress_walk,,46614.0,12:56:54,S1_planned_service,panel_od_002,12:40:00,70022,174.33963515153317,,,,,,,,,,,,,
ff3475a1ac3f7a69,1,access_walk,70024,46178.69802309933,12:49:38,S2_exploratory_gps_overlay,panel_od_002,12:40:00,,578.6980230993279,,,,,,,,,,,,,
ff3475a1ac3f7a69,2,ride,70022,46440.0,12:54:00,S2_exploratory_gps_overlay,panel_od_002,12:40:00,70024,120.0,77798258,Orange,rapid_transit,0,12:52:00,12:54:00,141.30197690067143,True,False,,0,0,
ff3475a1ac3f7a69,3,egress_walk,,46614.0,12:56:54,S2_exploratory_gps_overlay,panel_od_002,12:40:00,70022,174.33963515153317,,,,,,,,,,,,,
ff3475a1ac3f7a69,1,access_walk,70024,46178.69802309933,12:49:38,Srestore_overlay_off_recomputed,panel_od_002,12:40:00,,578.6980230993279,,,,,,,,,,,,,
ff3475a1ac3f7a69,2,ride,70022,46440.0,12:54:00,Srestore_overlay_off_recomputed,panel_od_002,12:40:00,70024,120.0,77798258,Orange,rapid_transit,0,12:52:00,12:54:00,141.30197690067143,True,False,,0,0,
ff3475a1ac3f7a69,3,egress_walk,,46614.0,12:56:54,Srestore_overlay_off_recomputed,panel_od_002,12:40:00,70022,174.33963515153317,,,,,,,,,,,,,
576d3f85720ac87f,1,access_walk,70043,46887.54470944567,13:01:27,S1_planned_service,panel_od_002,12:50:00,,687.5447094456673,,,,,,,,,,,,,
576d3f85720ac87f,2,ride,70041,47100.0,13:05:00,S1_planned_service,panel_od_002,12:50:00,70043,60.0,78879138,Blue,rapid_transit,0,13:04:00,13:05:00,152.45529055433144,True,False,,0,0,
576d3f85720ac87f,3,egress_walk,,47274.0,13:07:54,S1_planned_service,panel_od_002,12:50:00,70041,174.33963515153317,,,,,,,,,,,,,
576d3f85720ac87f,1,access_walk,70043,46887.54470944567,13:01:27,S2_exploratory_gps_overlay,panel_od_002,12:50:00,,687.5447094456673,,,,,,,,,,,,,
576d3f85720ac87f,2,ride,70041,47100.0,13:05:00,S2_exploratory_gps_overlay,panel_od_002,12:50:00,70043,60.0,78879138,Blue,rapid_transit,0,13:04:00,13:05:00,152.45529055433144,True,False,,0,0,
576d3f85720ac87f,3,egress_walk,,47274.0,13:07:54,S2_exploratory_gps_overlay,panel_od_002,12:50:00,70041,174.33963515153317,,,,,,,,,,,,,
576d3f85720ac87f,1,access_walk,70043,46887.54470944567,13:01:27,Srestore_overlay_off_recomputed,panel_od_002,12:50:00,,687.5447094456673,,,,,,,,,,,,,
576d3f85720ac87f,2,ride,70041,47100.0,13:05:00,Srestore_overlay_off_recomputed,panel_od_002,12:50:00,70043,60.0,78879138,Blue,rapid_transit,0,13:04:00,13:05:00,152.45529055433144,True,False,,0,0,
576d3f85720ac87f,3,egress_walk,,47274.0,13:07:54,Srestore_overlay_off_recomputed,panel_od_002,12:50:00,70041,174.33963515153317,,,,,,,,,,,,,
5e01af38135ebebf,1,access_walk,70038,45348.308807493246,12:35:48,S1_planned_service,panel_od_003,12:30:00,,348.3088074932444,,,,,,,,,,,,,
5e01af38135ebebf,2,ride,70040,45720.0,12:42:00,S1_planned_service,panel_od_003,12:30:00,70038,60.0,78879161,Blue,rapid_transit,1,12:41:00,12:42:00,311.6911925067543,True,False,,0,0,
5e01af38135ebebf,3,ride,70042,45780.0,12:43:00,S1_planned_service,panel_od_003,12:30:00,70040,60.0,78879161,Blue,rapid_transit,1,12:42:00,12:43:00,0.0,False,True,,0,0,
5e01af38135ebebf,4,egress_walk,,45954.0,12:45:54,S1_planned_service,panel_od_003,12:30:00,70042,174.33963515153317,,,,,,,,,,,,,
5e01af38135ebebf,1,access_walk,70038,45348.308807493246,12:35:48,S2_exploratory_gps_overlay,panel_od_003,12:30:00,,348.3088074932444,,,,,,,,,,,,,
5e01af38135ebebf,2,ride,70040,45720.0,12:42:00,S2_exploratory_gps_overlay,panel_od_003,12:30:00,70038,60.0,78879161,Blue,rapid_transit,1,12:41:00,12:42:00,311.6911925067543,True,False,,0,0,
5e01af38135ebebf,3,ride,70042,45780.0,12:43:00,S2_exploratory_gps_overlay,panel_od_003,12:30:00,70040,60.0,78879161,Blue,rapid_transit,1,12:42:00,12:43:00,0.0,False,True,,0,0,
5e01af38135ebebf,4,egress_walk,,45954.0,12:45:54,S2_exploratory_gps_overlay,panel_od_003,12:30:00,70042,174.33963515153317,,,,,,,,,,,,,
5e01af38135ebebf,1,access_walk,70038,45348.308807493246,12:35:48,Srestore_overlay_off_recomputed,panel_od_003,12:30:00,,348.3088074932444,,,,,,,,,,,,,
5e01af38135ebebf,2,ride,70040,45720.0,12:42:00,Srestore_overlay_off_recomputed,panel_od_003,12:30:00,70038,60.0,78879161,Blue,rapid_transit,1,12:41:00,12:42:00,311.6911925067543,True,False,,0,0,
5e01af38135ebebf,3,ride,70042,45780.0,12:43:00,Srestore_overlay_off_recomputed,panel_od_003,12:30:00,70040,60.0,78879161,Blue,rapid_transit,1,12:42:00,12:43:00,0.0,False,True,,0,0,
5e01af38135ebebf,4,egress_walk,,45954.0,12:45:54,Srestore_overlay_off_recomputed,panel_od_003,12:30:00,70042,174.33963515153317,,,,,,,,,,,,,
939487a904f81275,1,access_walk,70038,45948.308807493246,12:45:48,S1_planned_service,panel_od_003,12:40:00,,348.3088074932444,,,,,,,,,,,,,
939487a904f81275,2,ride,70040,46140.0,12:49:00,S1_planned_service,panel_od_003,12:40:00,70038,60.0,78879121,Blue,rapid_transit,1,12:48:00,12:49:00,131.6911925067543,True,False,,0,0,
939487a904f81275,3,ride,70042,46200.0,12:50:00,S1_planned_service,panel_od_003,12:40:00,70040,60.0,78879121,Blue,rapid_transit,1,12:49:00,12:50:00,0.0,False,True,,0,0,
939487a904f81275,4,egress_walk,,46374.0,12:52:54,S1_planned_service,panel_od_003,12:40:00,70042,174.33963515153317,,,,,,,,,,,,,
939487a904f81275,1,access_walk,70038,45948.308807493246,12:45:48,S2_exploratory_gps_overlay,panel_od_003,12:40:00,,348.3088074932444,,,,,,,,,,,,,
939487a904f81275,2,ride,70040,46140.0,12:49:00,S2_exploratory_gps_overlay,panel_od_003,12:40:00,70038,60.0,78879121,Blue,rapid_transit,1,12:48:00,12:49:00,131.6911925067543,True,False,,0,0,
939487a904f81275,3,ride,70042,46200.0,12:50:00,S2_exploratory_gps_overlay,panel_od_003,12:40:00,70040,60.0,78879121,Blue,rapid_transit,1,12:49:00,12:50:00,0.0,False,True,,0,0,
939487a904f81275,4,egress_walk,,46374.0,12:52:54,S2_exploratory_gps_overlay,panel_od_003,12:40:00,70042,174.33963515153317,,,,,,,,,,,,,
939487a904f81275,1,access_walk,70038,45948.308807493246,12:45:48,Srestore_overlay_off_recomputed,panel_od_003,12:40:00,,348.3088074932444,,,,,,,,,,,,,
939487a904f81275,2,ride,70040,46140.0,12:49:00,Srestore_overlay_off_recomputed,panel_od_003,12:40:00,70038,60.0,78879121,Blue,rapid_transit,1,12:48:00,12:49:00,131.6911925067543,True,False,,0,0,
939487a904f81275,3,ride,70042,46200.0,12:50:00,Srestore_overlay_off_recomputed,panel_od_003,12:40:00,70040,60.0,78879121,Blue,rapid_transit,1,12:49:00,12:50:00,0.0,False,True,,0,0,
939487a904f81275,4,egress_walk,,46374.0,12:52:54,Srestore_overlay_off_recomputed,panel_od_003,12:40:00,70042,174.33963515153317,,,,,,,,,,,,,
c8fa0ab9381b0886,1,access_walk,70038,46548.308807493246,12:55:48,S1_planned_service,panel_od_003,12:50:00,,348.3088074932444,,,,,,,,,,,,,
c8fa0ab9381b0886,2,ride,70040,46920.0,13:02:00,S1_planned_service,panel_od_003,12:50:00,70038,60.0,78879112,Blue,rapid_transit,1,13:01:00,13:02:00,311.6911925067543,True,False,,0,0,
c8fa0ab9381b0886,3,ride,70042,46980.0,13:03:00,S1_planned_service,panel_od_003,12:50:00,70040,60.0,78879112,Blue,rapid_transit,1,13:02:00,13:03:00,0.0,False,True,,0,0,
c8fa0ab9381b0886,4,egress_walk,,47154.0,13:05:54,S1_planned_service,panel_od_003,12:50:00,70042,174.33963515153317,,,,,,,,,,,,,
c8fa0ab9381b0886,1,access_walk,70038,46548.308807493246,12:55:48,S2_exploratory_gps_overlay,panel_od_003,12:50:00,,348.3088074932444,,,,,,,,,,,,,
c8fa0ab9381b0886,2,ride,70040,46920.0,13:02:00,S2_exploratory_gps_overlay,panel_od_003,12:50:00,70038,60.0,78879112,Blue,rapid_transit,1,13:01:00,13:02:00,311.6911925067543,True,False,,0,0,
c8fa0ab9381b0886,3,ride,70042,46980.0,13:03:00,S2_exploratory_gps_overlay,panel_od_003,12:50:00,70040,60.0,78879112,Blue,rapid_transit,1,13:02:00,13:03:00,0.0,False,True,,0,0,
c8fa0ab9381b0886,4,egress_walk,,47154.0,13:05:54,S2_exploratory_gps_overlay,panel_od_003,12:50:00,70042,174.33963515153317,,,,,,,,,,,,,
c8fa0ab9381b0886,1,access_walk,70038,46548.308807493246,12:55:48,Srestore_overlay_off_recomputed,panel_od_003,12:50:00,,348.3088074932444,,,,,,,,,,,,,
c8fa0ab9381b0886,2,ride,70040,46920.0,13:02:00,Srestore_overlay_off_recomputed,panel_od_003,12:50:00,70038,60.0,78879112,Blue,rapid_transit,1,13:01:00,13:02:00,311.6911925067543,True,False,,0,0,
c8fa0ab9381b0886,3,ride,70042,46980.0,13:03:00,Srestore_overlay_off_recomputed,panel_od_003,12:50:00,70040,60.0,78879112,Blue,rapid_transit,1,13:02:00,13:03:00,0.0,False,True,,0,0,
c8fa0ab9381b0886,4,egress_walk,,47154.0,13:05:54,Srestore_overlay_off_recomputed,panel_od_003,12:50:00,70042,174.33963515153317,,,,,,,,,,,,,
70a61caf424863a3,1,access_walk,70024,45237.281857021495,12:33:57,S1_planned_service,panel_od_004,12:30:00,,237.28185702149375,,,,,,,,,,,,,
70a61caf424863a3,2,ride,70022,45360.0,12:36:00,S1_planned_service,panel_od_004,12:30:00,70024,120.0,77798318,Orange,rapid_transit,0,12:34:00,12:36:00,2.718142978505057,True,False,,0,0,
70a61caf424863a3,3,egress_walk,,45813.0,12:43:33,S1_planned_service,panel_od_004,12:30:00,70022,452.5002028794065,,,,,,,,,,,,,
70a61caf424863a3,1,access_walk,70024,45237.281857021495,12:33:57,S2_exploratory_gps_overlay,panel_od_004,12:30:00,,237.28185702149375,,,,,,,,,,,,,
70a61caf424863a3,2,ride,70022,45360.0,12:36:00,S2_exploratory_gps_overlay,panel_od_004,12:30:00,70024,120.0,77798318,Orange,rapid_transit,0,12:34:00,12:36:00,2.718142978505057,True,False,,0,0,
70a61caf424863a3,3,egress_walk,,45813.0,12:43:33,S2_exploratory_gps_overlay,panel_od_004,12:30:00,70022,452.5002028794065,,,,,,,,,,,,,
70a61caf424863a3,1,access_walk,70024,45237.281857021495,12:33:57,Srestore_overlay_off_recomputed,panel_od_004,12:30:00,,237.28185702149375,,,,,,,,,,,,,
70a61caf424863a3,2,ride,70022,45360.0,12:36:00,Srestore_overlay_off_recomputed,panel_od_004,12:30:00,70024,120.0,77798318,Orange,rapid_transit,0,12:34:00,12:36:00,2.718142978505057,True,False,,0,0,
70a61caf424863a3,3,egress_walk,,45813.0,12:43:33,Srestore_overlay_off_recomputed,panel_od_004,12:30:00,70022,452.5002028794065,,,,,,,,,,,,,
93be1494b179f56f,1,access_walk,70024,45837.281857021495,12:43:57,S1_planned_service,panel_od_004,12:40:00,,237.28185702149375,,,,,,,,,,,,,
93be1494b179f56f,2,ride,70022,46020.0,12:47:00,S1_planned_service,panel_od_004,12:40:00,70024,120.0,77798330,Orange,rapid_transit,0,12:45:00,12:47:00,62.71814297850506,True,False,,0,0,
93be1494b179f56f,3,egress_walk,,46473.0,12:54:33,S1_planned_service,panel_od_004,12:40:00,70022,452.5002028794065,,,,,,,,,,,,,
93be1494b179f56f,1,access_walk,70024,45837.281857021495,12:43:57,S2_exploratory_gps_overlay,panel_od_004,12:40:00,,237.28185702149375,,,,,,,,,,,,,
93be1494b179f56f,2,ride,70022,46020.0,12:47:00,S2_exploratory_gps_overlay,panel_od_004,12:40:00,70024,120.0,77798330,Orange,rapid_transit,0,12:45:00,12:47:00,62.71814297850506,True,False,,0,0,
93be1494b179f56f,3,egress_walk,,46473.0,12:54:33,S2_exploratory_gps_overlay,panel_od_004,12:40:00,70022,452.5002028794065,,,,,,,,,,,,,
93be1494b179f56f,1,access_walk,70024,45837.281857021495,12:43:57,Srestore_overlay_off_recomputed,panel_od_004,12:40:00,,237.28185702149375,,,,,,,,,,,,,
93be1494b179f56f,2,ride,70022,46020.0,12:47:00,Srestore_overlay_off_recomputed,panel_od_004,12:40:00,70024,120.0,77798330,Orange,rapid_transit,0,12:45:00,12:47:00,62.71814297850506,True,False,,0,0,
93be1494b179f56f,3,egress_walk,,46473.0,12:54:33,Srestore_overlay_off_recomputed,panel_od_004,12:40:00,70022,452.5002028794065,,,,,,,,,,,,,
3c449377fd827a2c,1,access_walk,70024,46437.281857021495,12:53:57,S1_planned_service,panel_od_004,12:50:00,,237.28185702149375,,,,,,,,,,,,,
3c449377fd827a2c,2,ride,70022,46800.0,13:00:00,S1_planned_service,panel_od_004,12:50:00,70024,120.0,77798266,Orange,rapid_transit,0,12:58:00,13:00:00,242.71814297850506,True,False,,0,0,
3c449377fd827a2c,3,egress_walk,,47253.0,13:07:33,S1_planned_service,panel_od_004,12:50:00,70022,452.5002028794065,,,,,,,,,,,,,
3c449377fd827a2c,1,access_walk,70024,46437.281857021495,12:53:57,S2_exploratory_gps_overlay,panel_od_004,12:50:00,,237.28185702149375,,,,,,,,,,,,,
3c449377fd827a2c,2,ride,70022,46800.0,13:00:00,S2_exploratory_gps_overlay,panel_od_004,12:50:00,70024,120.0,77798266,Orange,rapid_transit,0,12:58:00,13:00:00,242.71814297850506,True,False,,0,0,
3c449377fd827a2c,3,egress_walk,,47253.0,13:07:33,S2_exploratory_gps_overlay,panel_od_004,12:50:00,70022,452.5002028794065,,,,,,,,,,,,,
3c449377fd827a2c,1,access_walk,70024,46437.281857021495,12:53:57,Srestore_overlay_off_recomputed,panel_od_004,12:50:00,,237.28185702149375,,,,,,,,,,,,,
3c449377fd827a2c,2,ride,70022,46800.0,13:00:00,Srestore_overlay_off_recomputed,panel_od_004,12:50:00,70024,120.0,77798266,Orange,rapid_transit,0,12:58:00,13:00:00,242.71814297850506,True,False,,0,0,
3c449377fd827a2c,3,egress_walk,,47253.0,13:07:33,Srestore_overlay_off_recomputed,panel_od_004,12:50:00,70022,452.5002028794065,,,,,,,,,,,,,
ac55d668ea9f08ab,1,access_walk,190,45071.07078607474,12:31:11,S1_planned_service,panel_od_005,12:30:00,,71.07078607474197,,,,,,,,,,,,,
ac55d668ea9f08ab,2,ride,191,45180.0,12:33:00,S1_planned_service,panel_od_005,12:30:00,190,60.0,78265958,93,local_bus,0,12:32:00,12:33:00,48.9292139252575,True,False,,0,0,
ac55d668ea9f08ab,3,ride,11170,45240.0,12:34:00,S1_planned_service,panel_od_005,12:30:00,191,60.0,78265958,93,local_bus,0,12:33:00,12:34:00,0.0,False,True,,0,0,
ac55d668ea9f08ab,4,egress_walk,,45473.0,12:37:53,S1_planned_service,panel_od_005,12:30:00,11170,232.6490369700416,,,,,,,,,,,,,
ac55d668ea9f08ab,1,access_walk,190,45071.07078607474,12:31:11,S2_exploratory_gps_overlay,panel_od_005,12:30:00,,71.07078607474197,,,,,,,,,,,,,
ac55d668ea9f08ab,2,ride,191,45180.0,12:33:00,S2_exploratory_gps_overlay,panel_od_005,12:30:00,190,60.0,78265958,93,local_bus,0,12:32:00,12:33:00,48.9292139252575,True,False,,0,0,
ac55d668ea9f08ab,3,ride,11170,45240.0,12:34:00,S2_exploratory_gps_overlay,panel_od_005,12:30:00,191,60.0,78265958,93,local_bus,0,12:33:00,12:34:00,0.0,False,True,,0,0,
ac55d668ea9f08ab,4,egress_walk,,45473.0,12:37:53,S2_exploratory_gps_overlay,panel_od_005,12:30:00,11170,232.6490369700416,,,,,,,,,,,,,
ac55d668ea9f08ab,1,access_walk,190,45071.07078607474,12:31:11,Srestore_overlay_off_recomputed,panel_od_005,12:30:00,,71.07078607474197,,,,,,,,,,,,,
ac55d668ea9f08ab,2,ride,191,45180.0,12:33:00,Srestore_overlay_off_recomputed,panel_od_005,12:30:00,190,60.0,78265958,93,local_bus,0,12:32:00,12:33:00,48.9292139252575,True,False,,0,0,
ac55d668ea9f08ab,3,ride,11170,45240.0,12:34:00,Srestore_overlay_off_recomputed,panel_od_005,12:30:00,191,60.0,78265958,93,local_bus,0,12:33:00,12:34:00,0.0,False,True,,0,0,
ac55d668ea9f08ab,4,egress_walk,,45473.0,12:37:53,Srestore_overlay_off_recomputed,panel_od_005,12:30:00,11170,232.6490369700416,,,,,,,,,,,,,
2f66edb68c4206d0,1,access_walk,70201,45948.81225032895,12:45:48,S1_planned_service,panel_od_005,12:40:00,,348.81225032894906,,,,,,,,,,,,,
2f66edb68c4206d0,2,ride,70203,46080.0,12:48:00,S1_planned_service,panel_od_005,12:40:00,70201,120.0,77745480,Green-E,rapid_transit,1,12:46:00,12:48:00,11.187749671051279,True,False,,0,0,
2f66edb68c4206d0,3,egress_walk,,46317.0,12:51:57,S1_planned_service,panel_od_005,12:40:00,70203,237.28185702149375,,,,,,,,,,,,,
2f66edb68c4206d0,1,access_walk,70201,45948.81225032895,12:45:48,S2_exploratory_gps_overlay,panel_od_005,12:40:00,,348.81225032894906,,,,,,,,,,,,,
2f66edb68c4206d0,2,ride,70203,46080.0,12:48:00,S2_exploratory_gps_overlay,panel_od_005,12:40:00,70201,120.0,77745480,Green-E,rapid_transit,1,12:46:00,12:48:00,11.187749671051279,True,False,,0,0,
2f66edb68c4206d0,3,egress_walk,,46317.0,12:51:57,S2_exploratory_gps_overlay,panel_od_005,12:40:00,70203,237.28185702149375,,,,,,,,,,,,,
2f66edb68c4206d0,1,access_walk,70201,45948.81225032895,12:45:48,Srestore_overlay_off_recomputed,panel_od_005,12:40:00,,348.81225032894906,,,,,,,,,,,,,
2f66edb68c4206d0,2,ride,70203,46080.0,12:48:00,Srestore_overlay_off_recomputed,panel_od_005,12:40:00,70201,120.0,77745480,Green-E,rapid_transit,1,12:46:00,12:48:00,11.187749671051279,True,False,,0,0,
2f66edb68c4206d0,3,egress_walk,,46317.0,12:51:57,Srestore_overlay_off_recomputed,panel_od_005,12:40:00,70203,237.28185702149375,,,,,,,,,,,,,
a4d2e85c8243ff82,1,access_walk,70023,46374.33963515153,12:52:54,S1_planned_service,panel_od_005,12:50:00,,174.33963515153317,,,,,,,,,,,,,
a4d2e85c8243ff82,2,ride,70025,46500.0,12:55:00,S1_planned_service,panel_od_005,12:50:00,70023,60.0,77798295,Orange,rapid_transit,1,12:54:00,12:55:00,65.660364848467,True,False,,0,0,
a4d2e85c8243ff82,3,egress_walk,,46737.0,12:58:57,S1_planned_service,panel_od_005,12:50:00,70025,237.28185702149375,,,,,,,,,,,,,
a4d2e85c8243ff82,1,access_walk,70023,46374.33963515153,12:52:54,S2_exploratory_gps_overlay,panel_od_005,12:50:00,,174.33963515153317,,,,,,,,,,,,,
a4d2e85c8243ff82,2,ride,70025,46500.0,12:55:00,S2_exploratory_gps_overlay,panel_od_005,12:50:00,70023,60.0,77798295,Orange,rapid_transit,1,12:54:00,12:55:00,65.660364848467,True,False,,0,0,
a4d2e85c8243ff82,3,egress_walk,,46737.0,12:58:57,S2_exploratory_gps_overlay,panel_od_005,12:50:00,70025,237.28185702149375,,,,,,,,,,,,,
a4d2e85c8243ff82,1,access_walk,70023,46374.33963515153,12:52:54,Srestore_overlay_off_recomputed,panel_od_005,12:50:00,,174.33963515153317,,,,,,,,,,,,,
a4d2e85c8243ff82,2,ride,70025,46500.0,12:55:00,Srestore_overlay_off_recomputed,panel_od_005,12:50:00,70023,60.0,77798295,Orange,rapid_transit,1,12:54:00,12:55:00,65.660364848467,True,False,,0,0,
a4d2e85c8243ff82,3,egress_walk,,46737.0,12:58:57,Srestore_overlay_off_recomputed,panel_od_005,12:50:00,70025,237.28185702149375,,,,,,,,,,,,,
335761c1340ad61a,1,access_walk,70024,45237.281857021495,12:33:57,S1_planned_service,panel_od_006,12:30:00,,237.28185702149375,,,,,,,,,,,,,
335761c1340ad61a,2,ride,70022,45360.0,12:36:00,S1_planned_service,panel_od_006,12:30:00,70024,120.0,77798318,Orange,rapid_transit,0,12:34:00,12:36:00,2.718142978505057,True,False,,0,0,
335761c1340ad61a,3,ride,70020,45480.0,12:38:00,S1_planned_service,panel_od_006,12:30:00,70022,120.0,77798318,Orange,rapid_transit,0,12:36:00,12:38:00,0.0,False,True,,0,0,
335761c1340ad61a,4,egress_walk,,45681.0,12:41:21,S1_planned_service,panel_od_006,12:30:00,70020,201.41683546478257,,,,,,,,,,,,,
335761c1340ad61a,1,access_walk,70024,45237.281857021495,12:33:57,S2_exploratory_gps_overlay,panel_od_006,12:30:00,,237.28185702149375,,,,,,,,,,,,,
335761c1340ad61a,2,ride,70022,45360.0,12:36:00,S2_exploratory_gps_overlay,panel_od_006,12:30:00,70024,120.0,77798318,Orange,rapid_transit,0,12:34:00,12:36:00,2.718142978505057,True,False,,0,0,
335761c1340ad61a,3,ride,70020,45480.0,12:38:00,S2_exploratory_gps_overlay,panel_od_006,12:30:00,70022,120.0,77798318,Orange,rapid_transit,0,12:36:00,12:38:00,0.0,False,True,,0,0,
335761c1340ad61a,4,egress_walk,,45681.0,12:41:21,S2_exploratory_gps_overlay,panel_od_006,12:30:00,70020,201.41683546478257,,,,,,,,,,,,,
335761c1340ad61a,1,access_walk,70024,45237.281857021495,12:33:57,Srestore_overlay_off_recomputed,panel_od_006,12:30:00,,237.28185702149375,,,,,,,,,,,,,
335761c1340ad61a,2,ride,70022,45360.0,12:36:00,Srestore_overlay_off_recomputed,panel_od_006,12:30:00,70024,120.0,77798318,Orange,rapid_transit,0,12:34:00,12:36:00,2.718142978505057,True,False,,0,0,
335761c1340ad61a,3,ride,70020,45480.0,12:38:00,Srestore_overlay_off_recomputed,panel_od_006,12:30:00,70022,120.0,77798318,Orange,rapid_transit,0,12:36:00,12:38:00,0.0,False,True,,0,0,
335761c1340ad61a,4,egress_walk,,45681.0,12:41:21,Srestore_overlay_off_recomputed,panel_od_006,12:30:00,70020,201.41683546478257,,,,,,,,,,,,,
83d7ab58124a85e6,1,access_walk,70024,45837.281857021495,12:43:57,S1_planned_service,panel_od_006,12:40:00,,237.28185702149375,,,,,,,,,,,,,
83d7ab58124a85e6,2,ride,70022,46020.0,12:47:00,S1_planned_service,panel_od_006,12:40:00,70024,120.0,77798330,Orange,rapid_transit,0,12:45:00,12:47:00,62.71814297850506,True,False,,0,0,
83d7ab58124a85e6,3,ride,70020,46140.0,12:49:00,S1_planned_service,panel_od_006,12:40:00,70022,120.0,77798330,Orange,rapid_transit,0,12:47:00,12:49:00,0.0,False,True,,0,0,
83d7ab58124a85e6,4,egress_walk,,46341.0,12:52:21,S1_planned_service,panel_od_006,12:40:00,70020,201.41683546478257,,,,,,,,,,,,,
83d7ab58124a85e6,1,access_walk,70024,45837.281857021495,12:43:57,S2_exploratory_gps_overlay,panel_od_006,12:40:00,,237.28185702149375,,,,,,,,,,,,,
83d7ab58124a85e6,2,ride,70022,46020.0,12:47:00,S2_exploratory_gps_overlay,panel_od_006,12:40:00,70024,120.0,77798330,Orange,rapid_transit,0,12:45:00,12:47:00,62.71814297850506,True,False,,0,0,
83d7ab58124a85e6,3,ride,70020,46140.0,12:49:00,S2_exploratory_gps_overlay,panel_od_006,12:40:00,70022,120.0,77798330,Orange,rapid_transit,0,12:47:00,12:49:00,0.0,False,True,,0,0,
83d7ab58124a85e6,4,egress_walk,,46341.0,12:52:21,S2_exploratory_gps_overlay,panel_od_006,12:40:00,70020,201.41683546478257,,,,,,,,,,,,,
83d7ab58124a85e6,1,access_walk,70024,45837.281857021495,12:43:57,Srestore_overlay_off_recomputed,panel_od_006,12:40:00,,237.28185702149375,,,,,,,,,,,,,
83d7ab58124a85e6,2,ride,70022,46020.0,12:47:00,Srestore_overlay_off_recomputed,panel_od_006,12:40:00,70024,120.0,77798330,Orange,rapid_transit,0,12:45:00,12:47:00,62.71814297850506,True,False,,0,0,
83d7ab58124a85e6,3,ride,70020,46140.0,12:49:00,Srestore_overlay_off_recomputed,panel_od_006,12:40:00,70022,120.0,77798330,Orange,rapid_transit,0,12:47:00,12:49:00,0.0,False,True,,0,0,
83d7ab58124a85e6,4,egress_walk,,46341.0,12:52:21,Srestore_overlay_off_recomputed,panel_od_006,12:40:00,70020,201.41683546478257,,,,,,,,,,,,,
f9dce14fc47dc270,1,access_walk,70024,46437.281857021495,12:53:57,S1_planned_service,panel_od_006,12:50:00,,237.28185702149375,,,,,,,,,,,,,
f9dce14fc47dc270,2,ride,70022,46800.0,13:00:00,S1_planned_service,panel_od_006,12:50:00,70024,120.0,77798266,Orange,rapid_transit,0,12:58:00,13:00:00,242.71814297850506,True,False,,0,0,
f9dce14fc47dc270,3,ride,70020,46920.0,13:02:00,S1_planned_service,panel_od_006,12:50:00,70022,120.0,77798266,Orange,rapid_transit,0,13:00:00,13:02:00,0.0,False,True,,0,0,
f9dce14fc47dc270,4,egress_walk,,47121.0,13:05:21,S1_planned_service,panel_od_006,12:50:00,70020,201.41683546478257,,,,,,,,,,,,,
f9dce14fc47dc270,1,access_walk,70024,46437.281857021495,12:53:57,S2_exploratory_gps_overlay,panel_od_006,12:50:00,,237.28185702149375,,,,,,,,,,,,,
f9dce14fc47dc270,2,ride,70022,46800.0,13:00:00,S2_exploratory_gps_overlay,panel_od_006,12:50:00,70024,120.0,77798266,Orange,rapid_transit,0,12:58:00,13:00:00,242.71814297850506,True,False,,0,0,
f9dce14fc47dc270,3,ride,70020,46920.0,13:02:00,S2_exploratory_gps_overlay,panel_od_006,12:50:00,70022,120.0,77798266,Orange,rapid_transit,0,13:00:00,13:02:00,0.0,False,True,,0,0,
f9dce14fc47dc270,4,egress_walk,,47121.0,13:05:21,S2_exploratory_gps_overlay,panel_od_006,12:50:00,70020,201.41683546478257,,,,,,,,,,,,,
f9dce14fc47dc270,1,access_walk,70024,46437.281857021495,12:53:57,Srestore_overlay_off_recomputed,panel_od_006,12:50:00,,237.28185702149375,,,,,,,,,,,,,
f9dce14fc47dc270,2,ride,70022,46800.0,13:00:00,Srestore_overlay_off_recomputed,panel_od_006,12:50:00,70024,120.0,77798266,Orange,rapid_transit,0,12:58:00,13:00:00,242.71814297850506,True,False,,0,0,
f9dce14fc47dc270,3,ride,70020,46920.0,13:02:00,Srestore_overlay_off_recomputed,panel_od_006,12:50:00,70022,120.0,77798266,Orange,rapid_transit,0,13:00:00,13:02:00,0.0,False,True,,0,0,
f9dce14fc47dc270,4,egress_walk,,47121.0,13:05:21,Srestore_overlay_off_recomputed,panel_od_006,12:50:00,70020,201.41683546478257,,,,,,,,,,,,,
b44335dadf65e33e,1,access_walk,70043,45687.54470944567,12:41:27,S1_planned_service,panel_od_007,12:30:00,,687.5447094456673,,,,,,,,,,,,,
b44335dadf65e33e,2,ride,70041,45900.0,12:45:00,S1_planned_service,panel_od_007,12:30:00,70043,60.0,78879104,Blue,rapid_transit,0,12:44:00,12:45:00,152.45529055433144,True,False,,0,0,
b44335dadf65e33e,3,egress_walk,,46353.0,12:52:33,S1_planned_service,panel_od_007,12:30:00,70041,452.5002028794065,,,,,,,,,,,,,
b44335dadf65e33e,1,access_walk,70043,45687.54470944567,12:41:27,S2_exploratory_gps_overlay,panel_od_007,12:30:00,,687.5447094456673,,,,,,,,,,,,,
b44335dadf65e33e,2,ride,70041,45900.0,12:45:00,S2_exploratory_gps_overlay,panel_od_007,12:30:00,70043,60.0,78879104,Blue,rapid_transit,0,12:44:00,12:45:00,152.45529055433144,True,False,,0,0,
b44335dadf65e33e,3,egress_walk,,46353.0,12:52:33,S2_exploratory_gps_overlay,panel_od_007,12:30:00,70041,452.5002028794065,,,,,,,,,,,,,
b44335dadf65e33e,1,access_walk,70043,45687.54470944567,12:41:27,Srestore_overlay_off_recomputed,panel_od_007,12:30:00,,687.5447094456673,,,,,,,,,,,,,
b44335dadf65e33e,2,ride,70041,45900.0,12:45:00,Srestore_overlay_off_recomputed,panel_od_007,12:30:00,70043,60.0,78879104,Blue,rapid_transit,0,12:44:00,12:45:00,152.45529055433144,True,False,,0,0,
b44335dadf65e33e,3,egress_walk,,46353.0,12:52:33,Srestore_overlay_off_recomputed,panel_od_007,12:30:00,70041,452.5002028794065,,,,,,,,,,,,,
b389e51346cfb31d,1,access_walk,70024,46178.69802309933,12:49:38,S1_planned_service,panel_od_007,12:40:00,,578.6980230993279,,,,,,,,,,,,,
b389e51346cfb31d,2,ride,70022,46440.0,12:54:00,S1_planned_service,panel_od_007,12:40:00,70024,120.0,77798258,Orange,rapid_transit,0,12:52:00,12:54:00,141.30197690067143,True,False,,0,0,
b389e51346cfb31d,3,egress_walk,,46893.0,13:01:33,S1_planned_service,panel_od_007,12:40:00,70022,452.5002028794065,,,,,,,,,,,,,
b389e51346cfb31d,1,access_walk,70024,46178.69802309933,12:49:38,S2_exploratory_gps_overlay,panel_od_007,12:40:00,,578.6980230993279,,,,,,,,,,,,,
b389e51346cfb31d,2,ride,70022,46440.0,12:54:00,S2_exploratory_gps_overlay,panel_od_007,12:40:00,70024,120.0,77798258,Orange,rapid_transit,0,12:52:00,12:54:00,141.30197690067143,True,False,,0,0,
b389e51346cfb31d,3,egress_walk,,46893.0,13:01:33,S2_exploratory_gps_overlay,panel_od_007,12:40:00,70022,452.5002028794065,,,,,,,,,,,,,
b389e51346cfb31d,1,access_walk,70024,46178.69802309933,12:49:38,Srestore_overlay_off_recomputed,panel_od_007,12:40:00,,578.6980230993279,,,,,,,,,,,,,
b389e51346cfb31d,2,ride,70022,46440.0,12:54:00,Srestore_overlay_off_recomputed,panel_od_007,12:40:00,70024,120.0,77798258,Orange,rapid_transit,0,12:52:00,12:54:00,141.30197690067143,True,False,,0,0,
b389e51346cfb31d,3,egress_walk,,46893.0,13:01:33,Srestore_overlay_off_recomputed,panel_od_007,12:40:00,70022,452.5002028794065,,,,,,,,,,,,,
e66126a1d15c6765,1,access_walk,70043,46887.54470944567,13:01:27,S1_planned_service,panel_od_007,12:50:00,,687.5447094456673,,,,,,,,,,,,,
e66126a1d15c6765,2,ride,70041,47100.0,13:05:00,S1_planned_service,panel_od_007,12:50:00,70043,60.0,78879138,Blue,rapid_transit,0,13:04:00,13:05:00,152.45529055433144,True,False,,0,0,
e66126a1d15c6765,3,egress_walk,,47553.0,13:12:33,S1_planned_service,panel_od_007,12:50:00,70041,452.5002028794065,,,,,,,,,,,,,
e66126a1d15c6765,1,access_walk,70043,46887.54470944567,13:01:27,S2_exploratory_gps_overlay,panel_od_007,12:50:00,,687.5447094456673,,,,,,,,,,,,,
e66126a1d15c6765,2,ride,70041,47100.0,13:05:00,S2_exploratory_gps_overlay,panel_od_007,12:50:00,70043,60.0,78879138,Blue,rapid_transit,0,13:04:00,13:05:00,152.45529055433144,True,False,,0,0,
e66126a1d15c6765,3,egress_walk,,47553.0,13:12:33,S2_exploratory_gps_overlay,panel_od_007,12:50:00,70041,452.5002028794065,,,,,,,,,,,,,
e66126a1d15c6765,1,access_walk,70043,46887.54470944567,13:01:27,Srestore_overlay_off_recomputed,panel_od_007,12:50:00,,687.5447094456673,,,,,,,,,,,,,
e66126a1d15c6765,2,ride,70041,47100.0,13:05:00,Srestore_overlay_off_recomputed,panel_od_007,12:50:00,70043,60.0,78879138,Blue,rapid_transit,0,13:04:00,13:05:00,152.45529055433144,True,False,,0,0,
e66126a1d15c6765,3,egress_walk,,47553.0,13:12:33,Srestore_overlay_off_recomputed,panel_od_007,12:50:00,70041,452.5002028794065,,,,,,,,,,,,,
6e129cd187269b1a,1,access_walk,70026,45280.92113919544,12:34:40,S1_planned_service,panel_od_008,12:30:00,,280.92113919543965,,,,,,,,,,,,,
6e129cd187269b1a,2,ride,70024,45540.0,12:39:00,S1_planned_service,panel_od_008,12:30:00,70026,60.0,77798324,Orange,rapid_transit,0,12:38:00,12:39:00,199.07886080456228,True,False,,0,0,
6e129cd187269b1a,3,ride,70022,45660.0,12:41:00,S1_planned_service,panel_od_008,12:30:00,70024,120.0,77798324,Orange,rapid_transit,0,12:39:00,12:41:00,0.0,False,True,,0,0,
6e129cd187269b1a,4,egress_walk,,45834.0,12:43:54,S1_planned_service,panel_od_008,12:30:00,70022,174.33963515153317,,,,,,,,,,,,,
6e129cd187269b1a,1,access_walk,70026,45280.92113919544,12:34:40,S2_exploratory_gps_overlay,panel_od_008,12:30:00,,280.92113919543965,,,,,,,,,,,,,
6e129cd187269b1a,2,ride,70024,45540.0,12:39:00,S2_exploratory_gps_overlay,panel_od_008,12:30:00,70026,60.0,77798324,Orange,rapid_transit,0,12:38:00,12:39:00,199.07886080456228,True,False,,0,0,
6e129cd187269b1a,3,ride,70022,45660.0,12:41:00,S2_exploratory_gps_overlay,panel_od_008,12:30:00,70024,120.0,77798324,Orange,rapid_transit,0,12:39:00,12:41:00,0.0,False,True,,0,0,
6e129cd187269b1a,4,egress_walk,,45834.0,12:43:54,S2_exploratory_gps_overlay,panel_od_008,12:30:00,70022,174.33963515153317,,,,,,,,,,,,,
6e129cd187269b1a,1,access_walk,70026,45280.92113919544,12:34:40,Srestore_overlay_off_recomputed,panel_od_008,12:30:00,,280.92113919543965,,,,,,,,,,,,,
6e129cd187269b1a,2,ride,70024,45540.0,12:39:00,Srestore_overlay_off_recomputed,panel_od_008,12:30:00,70026,60.0,77798324,Orange,rapid_transit,0,12:38:00,12:39:00,199.07886080456228,True,False,,0,0,
6e129cd187269b1a,3,ride,70022,45660.0,12:41:00,Srestore_overlay_off_recomputed,panel_od_008,12:30:00,70024,120.0,77798324,Orange,rapid_transit,0,12:39:00,12:41:00,0.0,False,True,,0,0,
6e129cd187269b1a,4,egress_walk,,45834.0,12:43:54,Srestore_overlay_off_recomputed,panel_od_008,12:30:00,70022,174.33963515153317,,,,,,,,,,,,,
675f0bd45633c27c,1,access_walk,2829,45778.954952914064,12:42:58,S1_planned_service,panel_od_008,12:40:00,,178.9549529140613,,,,,,,,,,,,,
675f0bd45633c27c,2,ride,30203,45960.0,12:46:00,S1_planned_service,panel_od_008,12:40:00,2829,180.0,78259525,93,local_bus,1,12:43:00,12:46:00,1.0450470859359484,True,False,,0,0,
675f0bd45633c27c,3,egress_walk,,46391.0,12:53:11,S1_planned_service,panel_od_008,12:40:00,30203,431.0727064917897,,,,,,,,,,,,,
675f0bd45633c27c,1,access_walk,2829,45778.954952914064,12:42:58,S2_exploratory_gps_overlay,panel_od_008,12:40:00,,178.9549529140613,,,,,,,,,,,,,
675f0bd45633c27c,2,ride,30203,45960.0,12:46:00,S2_exploratory_gps_overlay,panel_od_008,12:40:00,2829,180.0,78259525,93,local_bus,1,12:43:00,12:46:00,1.0450470859359484,True,False,,0,0,
675f0bd45633c27c,3,egress_walk,,46391.0,12:53:11,S2_exploratory_gps_overlay,panel_od_008,12:40:00,30203,431.0727064917897,,,,,,,,,,,,,
675f0bd45633c27c,1,access_walk,2829,45778.954952914064,12:42:58,Srestore_overlay_off_recomputed,panel_od_008,12:40:00,,178.9549529140613,,,,,,,,,,,,,
675f0bd45633c27c,2,ride,30203,45960.0,12:46:00,Srestore_overlay_off_recomputed,panel_od_008,12:40:00,2829,180.0,78259525,93,local_bus,1,12:43:00,12:46:00,1.0450470859359484,True,False,,0,0,
675f0bd45633c27c,3,egress_walk,,46391.0,12:53:11,Srestore_overlay_off_recomputed,panel_od_008,12:40:00,30203,431.0727064917897,,,,,,,,,,,,,
3cbbb012caeb07b7,1,access_walk,70026,46480.92113919544,12:54:40,S1_planned_service,panel_od_008,12:50:00,,280.92113919543965,,,,,,,,,,,,,
3cbbb012caeb07b7,2,ride,70024,46680.0,12:58:00,S1_planned_service,panel_od_008,12:50:00,70026,60.0,77798266,Orange,rapid_transit,0,12:57:00,12:58:00,139.07886080456228,True,False,,0,0,
3cbbb012caeb07b7,3,ride,70022,46800.0,13:00:00,S1_planned_service,panel_od_008,12:50:00,70024,120.0,77798266,Orange,rapid_transit,0,12:58:00,13:00:00,0.0,False,True,,0,0,
3cbbb012caeb07b7,4,egress_walk,,46974.0,13:02:54,S1_planned_service,panel_od_008,12:50:00,70022,174.33963515153317,,,,,,,,,,,,,
3cbbb012caeb07b7,1,access_walk,70026,46480.92113919544,12:54:40,S2_exploratory_gps_overlay,panel_od_008,12:50:00,,280.92113919543965,,,,,,,,,,,,,
3cbbb012caeb07b7,2,ride,70024,46680.0,12:58:00,S2_exploratory_gps_overlay,panel_od_008,12:50:00,70026,60.0,77798266,Orange,rapid_transit,0,12:57:00,12:58:00,139.07886080456228,True,False,,0,0,
3cbbb012caeb07b7,3,ride,70022,46800.0,13:00:00,S2_exploratory_gps_overlay,panel_od_008,12:50:00,70024,120.0,77798266,Orange,rapid_transit,0,12:58:00,13:00:00,0.0,False,True,,0,0,
3cbbb012caeb07b7,4,egress_walk,,46974.0,13:02:54,S2_exploratory_gps_overlay,panel_od_008,12:50:00,70022,174.33963515153317,,,,,,,,,,,,,
3cbbb012caeb07b7,1,access_walk,70026,46480.92113919544,12:54:40,Srestore_overlay_off_recomputed,panel_od_008,12:50:00,,280.92113919543965,,,,,,,,,,,,,
3cbbb012caeb07b7,2,ride,70024,46680.0,12:58:00,Srestore_overlay_off_recomputed,panel_od_008,12:50:00,70026,60.0,77798266,Orange,rapid_transit,0,12:57:00,12:58:00,139.07886080456228,True,False,,0,0,
3cbbb012caeb07b7,3,ride,70022,46800.0,13:00:00,Srestore_overlay_off_recomputed,panel_od_008,12:50:00,70024,120.0,77798266,Orange,rapid_transit,0,12:58:00,13:00:00,0.0,False,True,,0,0,
3cbbb012caeb07b7,4,egress_walk,,46974.0,13:02:54,Srestore_overlay_off_recomputed,panel_od_008,12:50:00,70022,174.33963515153317,,,,,,,,,,,,,
164cb36dc158f9b6,1,access_walk,70073,45316.093630489966,12:35:16,S1_planned_service,panel_od_009,12:30:00,,316.09363048996306,,,,,,,,,,,,,
164cb36dc158f9b6,2,ride,70075,45600.0,12:40:00,S1_planned_service,panel_od_009,12:30:00,70073,120.0,77871416,Red,rapid_transit,0,12:38:00,12:40:00,163.90636951003398,True,False,,0,0,
164cb36dc158f9b6,3,ride,70077,45720.0,12:42:00,S1_planned_service,panel_od_009,12:30:00,70075,120.0,77871416,Red,rapid_transit,0,12:40:00,12:42:00,0.0,False,True,,0,0,
164cb36dc158f9b6,4,ride,70079,45780.0,12:43:00,S1_planned_service,panel_od_009,12:30:00,70077,60.0,77871416,Red,rapid_transit,0,12:42:00,12:43:00,0.0,False,True,,0,0,
164cb36dc158f9b6,5,egress_walk,,46151.0,12:49:11,S1_planned_service,panel_od_009,12:30:00,70079,370.9118238184286,,,,,,,,,,,,,
164cb36dc158f9b6,1,access_walk,70073,45316.093630489966,12:35:16,S2_exploratory_gps_overlay,panel_od_009,12:30:00,,316.09363048996306,,,,,,,,,,,,,
164cb36dc158f9b6,2,ride,70075,45600.0,12:40:00,S2_exploratory_gps_overlay,panel_od_009,12:30:00,70073,120.0,77871416,Red,rapid_transit,0,12:38:00,12:40:00,163.90636951003398,True,False,,0,0,
164cb36dc158f9b6,3,ride,70077,45720.0,12:42:00,S2_exploratory_gps_overlay,panel_od_009,12:30:00,70075,120.0,77871416,Red,rapid_transit,0,12:40:00,12:42:00,0.0,False,True,,0,0,
164cb36dc158f9b6,4,ride,70079,45780.0,12:43:00,S2_exploratory_gps_overlay,panel_od_009,12:30:00,70077,60.0,77871416,Red,rapid_transit,0,12:42:00,12:43:00,0.0,False,True,,0,0,
164cb36dc158f9b6,5,egress_walk,,46151.0,12:49:11,S2_exploratory_gps_overlay,panel_od_009,12:30:00,70079,370.9118238184286,,,,,,,,,,,,,
164cb36dc158f9b6,1,access_walk,70073,45316.093630489966,12:35:16,Srestore_overlay_off_recomputed,panel_od_009,12:30:00,,316.09363048996306,,,,,,,,,,,,,
164cb36dc158f9b6,2,ride,70075,45600.0,12:40:00,Srestore_overlay_off_recomputed,panel_od_009,12:30:00,70073,120.0,77871416,Red,rapid_transit,0,12:38:00,12:40:00,163.90636951003398,True,False,,0,0,
164cb36dc158f9b6,3,ride,70077,45720.0,12:42:00,Srestore_overlay_off_recomputed,panel_od_009,12:30:00,70075,120.0,77871416,Red,rapid_transit,0,12:40:00,12:42:00,0.0,False,True,,0,0,
164cb36dc158f9b6,4,ride,70079,45780.0,12:43:00,Srestore_overlay_off_recomputed,panel_od_009,12:30:00,70077,60.0,77871416,Red,rapid_transit,0,12:42:00,12:43:00,0.0,False,True,,0,0,
164cb36dc158f9b6,5,egress_walk,,46151.0,12:49:11,Srestore_overlay_off_recomputed,panel_od_009,12:30:00,70079,370.9118238184286,,,,,,,,,,,,,
48ebddb982245df2,1,access_walk,70038,45948.308807493246,12:45:48,S1_planned_service,panel_od_009,12:40:00,,348.3088074932444,,,,,,,,,,,,,
48ebddb982245df2,2,ride,70040,46140.0,12:49:00,S1_planned_service,panel_od_009,12:40:00,70038,60.0,78879121,Blue,rapid_transit,1,12:48:00,12:49:00,131.6911925067543,True,False,,0,0,
48ebddb982245df2,3,ride,70042,46200.0,12:50:00,S1_planned_service,panel_od_009,12:40:00,70040,60.0,78879121,Blue,rapid_transit,1,12:49:00,12:50:00,0.0,False,True,,0,0,
48ebddb982245df2,4,egress_walk,,46653.0,12:57:33,S1_planned_service,panel_od_009,12:40:00,70042,452.5002028794065,,,,,,,,,,,,,
48ebddb982245df2,1,access_walk,70038,45948.308807493246,12:45:48,S2_exploratory_gps_overlay,panel_od_009,12:40:00,,348.3088074932444,,,,,,,,,,,,,
48ebddb982245df2,2,ride,70040,46140.0,12:49:00,S2_exploratory_gps_overlay,panel_od_009,12:40:00,70038,60.0,78879121,Blue,rapid_transit,1,12:48:00,12:49:00,131.6911925067543,True,False,,0,0,
48ebddb982245df2,3,ride,70042,46200.0,12:50:00,S2_exploratory_gps_overlay,panel_od_009,12:40:00,70040,60.0,78879121,Blue,rapid_transit,1,12:49:00,12:50:00,0.0,False,True,,0,0,
48ebddb982245df2,4,egress_walk,,46653.0,12:57:33,S2_exploratory_gps_overlay,panel_od_009,12:40:00,70042,452.5002028794065,,,,,,,,,,,,,
48ebddb982245df2,1,access_walk,70038,45948.308807493246,12:45:48,Srestore_overlay_off_recomputed,panel_od_009,12:40:00,,348.3088074932444,,,,,,,,,,,,,
48ebddb982245df2,2,ride,70040,46140.0,12:49:00,Srestore_overlay_off_recomputed,panel_od_009,12:40:00,70038,60.0,78879121,Blue,rapid_transit,1,12:48:00,12:49:00,131.6911925067543,True,False,,0,0,
48ebddb982245df2,3,ride,70042,46200.0,12:50:00,Srestore_overlay_off_recomputed,panel_od_009,12:40:00,70040,60.0,78879121,Blue,rapid_transit,1,12:49:00,12:50:00,0.0,False,True,,0,0,
48ebddb982245df2,4,egress_walk,,46653.0,12:57:33,Srestore_overlay_off_recomputed,panel_od_009,12:40:00,70042,452.5002028794065,,,,,,,,,,,,,
936196755ffd5a9f,1,access_walk,70073,46516.093630489966,12:55:16,S1_planned_service,panel_od_009,12:50:00,,316.09363048996306,,,,,,,,,,,,,
936196755ffd5a9f,2,ride,70075,46860.0,13:01:00,S1_planned_service,panel_od_009,12:50:00,70073,120.0,77871418,Red,rapid_transit,0,12:59:00,13:01:00,223.90636951003398,True,False,,0,0,
936196755ffd5a9f,3,ride,70077,46980.0,13:03:00,S1_planned_service,panel_od_009,12:50:00,70075,120.0,77871418,Red,rapid_transit,0,13:01:00,13:03:00,0.0,False,True,,0,0,
936196755ffd5a9f,4,ride,70079,47040.0,13:04:00,S1_planned_service,panel_od_009,12:50:00,70077,60.0,77871418,Red,rapid_transit,0,13:03:00,13:04:00,0.0,False,True,,0,0,
936196755ffd5a9f,5,egress_walk,,47411.0,13:10:11,S1_planned_service,panel_od_009,12:50:00,70079,370.9118238184286,,,,,,,,,,,,,
936196755ffd5a9f,1,access_walk,70073,46516.093630489966,12:55:16,S2_exploratory_gps_overlay,panel_od_009,12:50:00,,316.09363048996306,,,,,,,,,,,,,
936196755ffd5a9f,2,ride,70075,46860.0,13:01:00,S2_exploratory_gps_overlay,panel_od_009,12:50:00,70073,120.0,77871418,Red,rapid_transit,0,12:59:00,13:01:00,223.90636951003398,True,False,,0,0,
936196755ffd5a9f,3,ride,70077,46980.0,13:03:00,S2_exploratory_gps_overlay,panel_od_009,12:50:00,70075,120.0,77871418,Red,rapid_transit,0,13:01:00,13:03:00,0.0,False,True,,0,0,
936196755ffd5a9f,4,ride,70079,47040.0,13:04:00,S2_exploratory_gps_overlay,panel_od_009,12:50:00,70077,60.0,77871418,Red,rapid_transit,0,13:03:00,13:04:00,0.0,False,True,,0,0,
936196755ffd5a9f,5,egress_walk,,47411.0,13:10:11,S2_exploratory_gps_overlay,panel_od_009,12:50:00,70079,370.9118238184286,,,,,,,,,,,,,
936196755ffd5a9f,1,access_walk,70073,46516.093630489966,12:55:16,Srestore_overlay_off_recomputed,panel_od_009,12:50:00,,316.09363048996306,,,,,,,,,,,,,
936196755ffd5a9f,2,ride,70075,46860.0,13:01:00,Srestore_overlay_off_recomputed,panel_od_009,12:50:00,70073,120.0,77871418,Red,rapid_transit,0,12:59:00,13:01:00,223.90636951003398,True,False,,0,0,
936196755ffd5a9f,3,ride,70077,46980.0,13:03:00,Srestore_overlay_off_recomputed,panel_od_009,12:50:00,70075,120.0,77871418,Red,rapid_transit,0,13:01:00,13:03:00,0.0,False,True,,0,0,
936196755ffd5a9f,4,ride,70079,47040.0,13:04:00,Srestore_overlay_off_recomputed,panel_od_009,12:50:00,70077,60.0,77871418,Red,rapid_transit,0,13:03:00,13:04:00,0.0,False,True,,0,0,
936196755ffd5a9f,5,egress_walk,,47411.0,13:10:11,Srestore_overlay_off_recomputed,panel_od_009,12:50:00,70079,370.9118238184286,,,,,,,,,,,,,
7e961fc6836176a1,1,access_walk,190,45071.07078607474,12:31:11,S1_planned_service,panel_od_010,12:30:00,,71.07078607474197,,,,,,,,,,,,,
7e961fc6836176a1,2,ride,191,45180.0,12:33:00,S1_planned_service,panel_od_010,12:30:00,190,60.0,78265958,93,local_bus,0,12:32:00,12:33:00,48.9292139252575,True,False,,0,0,
7e961fc6836176a1,3,ride,11170,45240.0,12:34:00,S1_planned_service,panel_od_010,12:30:00,191,60.0,78265958,93,local_bus,0,12:33:00,12:34:00,0.0,False,True,,0,0,
7e961fc6836176a1,4,egress_walk,,45814.0,12:43:34,S1_planned_service,panel_od_010,12:30:00,11170,574.0652030478758,,,,,,,,,,,,,
7e961fc6836176a1,1,access_walk,190,45071.07078607474,12:31:11,S2_exploratory_gps_overlay,panel_od_010,12:30:00,,71.07078607474197,,,,,,,,,,,,,
7e961fc6836176a1,2,ride,191,45180.0,12:33:00,S2_exploratory_gps_overlay,panel_od_010,12:30:00,190,60.0,78265958,93,local_bus,0,12:32:00,12:33:00,48.9292139252575,True,False,,0,0,
7e961fc6836176a1,3,ride,11170,45240.0,12:34:00,S2_exploratory_gps_overlay,panel_od_010,12:30:00,191,60.0,78265958,93,local_bus,0,12:33:00,12:34:00,0.0,False,True,,0,0,
7e961fc6836176a1,4,egress_walk,,45814.0,12:43:34,S2_exploratory_gps_overlay,panel_od_010,12:30:00,11170,574.0652030478758,,,,,,,,,,,,,
7e961fc6836176a1,1,access_walk,190,45071.07078607474,12:31:11,Srestore_overlay_off_recomputed,panel_od_010,12:30:00,,71.07078607474197,,,,,,,,,,,,,
7e961fc6836176a1,2,ride,191,45180.0,12:33:00,Srestore_overlay_off_recomputed,panel_od_010,12:30:00,190,60.0,78265958,93,local_bus,0,12:32:00,12:33:00,48.9292139252575,True,False,,0,0,
7e961fc6836176a1,3,ride,11170,45240.0,12:34:00,Srestore_overlay_off_recomputed,panel_od_010,12:30:00,191,60.0,78265958,93,local_bus,0,12:33:00,12:34:00,0.0,False,True,,0,0,
7e961fc6836176a1,4,egress_walk,,45814.0,12:43:34,Srestore_overlay_off_recomputed,panel_od_010,12:30:00,11170,574.0652030478758,,,,,,,,,,,,,
26e95909b7ef2a5c,1,access_walk,70042,45774.33963515153,12:42:54,S1_planned_service,panel_od_010,12:40:00,,174.33963515153317,,,,,,,,,,,,,
26e95909b7ef2a5c,2,ride,70044,45840.0,12:44:00,S1_planned_service,panel_od_010,12:40:00,70042,60.0,78879161,Blue,rapid_transit,1,12:43:00,12:44:00,5.6603648484669975,True,False,,0,0,
26e95909b7ef2a5c,3,egress_walk,,46528.0,12:55:28,S1_planned_service,panel_od_010,12:40:00,70044,687.5447094456673,,,,,,,,,,,,,
26e95909b7ef2a5c,1,access_walk,70042,45774.33963515153,12:42:54,S2_exploratory_gps_overlay,panel_od_010,12:40:00,,174.33963515153317,,,,,,,,,,,,,
26e95909b7ef2a5c,2,ride,70044,45840.0,12:44:00,S2_exploratory_gps_overlay,panel_od_010,12:40:00,70042,60.0,78879161,Blue,rapid_transit,1,12:43:00,12:44:00,5.6603648484669975,True,False,,0,0,
26e95909b7ef2a5c,3,egress_walk,,46528.0,12:55:28,S2_exploratory_gps_overlay,panel_od_010,12:40:00,70044,687.5447094456673,,,,,,,,,,,,,
26e95909b7ef2a5c,1,access_walk,70042,45774.33963515153,12:42:54,Srestore_overlay_off_recomputed,panel_od_010,12:40:00,,174.33963515153317,,,,,,,,,,,,,
26e95909b7ef2a5c,2,ride,70044,45840.0,12:44:00,Srestore_overlay_off_recomputed,panel_od_010,12:40:00,70042,60.0,78879161,Blue,rapid_transit,1,12:43:00,12:44:00,5.6603648484669975,True,False,,0,0,
26e95909b7ef2a5c,3,egress_walk,,46528.0,12:55:28,Srestore_overlay_off_recomputed,panel_od_010,12:40:00,70044,687.5447094456673,,,,,,,,,,,,,
9bd8861f2bf130e1,1,access_walk,70023,46374.33963515153,12:52:54,S1_planned_service,panel_od_010,12:50:00,,174.33963515153317,,,,,,,,,,,,,
9bd8861f2bf130e1,2,ride,70025,46500.0,12:55:00,S1_planned_service,panel_od_010,12:50:00,70023,60.0,77798295,Orange,rapid_transit,1,12:54:00,12:55:00,65.660364848467,True,False,,0,0,
9bd8861f2bf130e1,3,egress_walk,,47079.0,13:04:39,S1_planned_service,panel_od_010,12:50:00,70025,578.6980230993279,,,,,,,,,,,,,
9bd8861f2bf130e1,1,access_walk,70023,46374.33963515153,12:52:54,S2_exploratory_gps_overlay,panel_od_010,12:50:00,,174.33963515153317,,,,,,,,,,,,,
9bd8861f2bf130e1,2,ride,70025,46500.0,12:55:00,S2_exploratory_gps_overlay,panel_od_010,12:50:00,70023,60.0,77798295,Orange,rapid_transit,1,12:54:00,12:55:00,65.660364848467,True,False,,0,0,
9bd8861f2bf130e1,3,egress_walk,,47079.0,13:04:39,S2_exploratory_gps_overlay,panel_od_010,12:50:00,70025,578.6980230993279,,,,,,,,,,,,,
9bd8861f2bf130e1,1,access_walk,70023,46374.33963515153,12:52:54,Srestore_overlay_off_recomputed,panel_od_010,12:50:00,,174.33963515153317,,,,,,,,,,,,,
9bd8861f2bf130e1,2,ride,70025,46500.0,12:55:00,Srestore_overlay_off_recomputed,panel_od_010,12:50:00,70023,60.0,77798295,Orange,rapid_transit,1,12:54:00,12:55:00,65.660364848467,True,False,,0,0,
9bd8861f2bf130e1,3,egress_walk,,47079.0,13:04:39,Srestore_overlay_off_recomputed,panel_od_010,12:50:00,70025,578.6980230993279,,,,,,,,,,,,,
55a089b174b4fc90,1,access_walk,70073,45316.093630489966,12:35:16,S1_planned_service,panel_od_011,12:30:00,,316.09363048996306,,,,,,,,,,,,,
55a089b174b4fc90,2,ride,70075,45600.0,12:40:00,S1_planned_service,panel_od_011,12:30:00,70073,120.0,77871416,Red,rapid_transit,0,12:38:00,12:40:00,163.90636951003398,True,False,,0,0,
55a089b174b4fc90,3,ride,70077,45720.0,12:42:00,S1_planned_service,panel_od_011,12:30:00,70075,120.0,77871416,Red,rapid_transit,0,12:40:00,12:42:00,0.0,False,True,,0,0,
55a089b174b4fc90,4,egress_walk,,45921.0,12:45:21,S1_planned_service,panel_od_011,12:30:00,70077,201.41683546478257,,,,,,,,,,,,,
55a089b174b4fc90,1,access_walk,70073,45316.093630489966,12:35:16,S2_exploratory_gps_overlay,panel_od_011,12:30:00,,316.09363048996306,,,,,,,,,,,,,
55a089b174b4fc90,2,ride,70075,45600.0,12:40:00,S2_exploratory_gps_overlay,panel_od_011,12:30:00,70073,120.0,77871416,Red,rapid_transit,0,12:38:00,12:40:00,163.90636951003398,True,False,,0,0,
55a089b174b4fc90,3,ride,70077,45720.0,12:42:00,S2_exploratory_gps_overlay,panel_od_011,12:30:00,70075,120.0,77871416,Red,rapid_transit,0,12:40:00,12:42:00,0.0,False,True,,0,0,
55a089b174b4fc90,4,egress_walk,,45921.0,12:45:21,S2_exploratory_gps_overlay,panel_od_011,12:30:00,70077,201.41683546478257,,,,,,,,,,,,,
55a089b174b4fc90,1,access_walk,70073,45316.093630489966,12:35:16,Srestore_overlay_off_recomputed,panel_od_011,12:30:00,,316.09363048996306,,,,,,,,,,,,,
55a089b174b4fc90,2,ride,70075,45600.0,12:40:00,Srestore_overlay_off_recomputed,panel_od_011,12:30:00,70073,120.0,77871416,Red,rapid_transit,0,12:38:00,12:40:00,163.90636951003398,True,False,,0,0,
55a089b174b4fc90,3,ride,70077,45720.0,12:42:00,Srestore_overlay_off_recomputed,panel_od_011,12:30:00,70075,120.0,77871416,Red,rapid_transit,0,12:40:00,12:42:00,0.0,False,True,,0,0,
55a089b174b4fc90,4,egress_walk,,45921.0,12:45:21,Srestore_overlay_off_recomputed,panel_od_011,12:30:00,70077,201.41683546478257,,,,,,,,,,,,,
5dda751590f116d1,1,access_walk,70038,45948.308807493246,12:45:48,S1_planned_service,panel_od_011,12:40:00,,348.3088074932444,,,,,,,,,,,,,
5dda751590f116d1,2,ride,70040,46140.0,12:49:00,S1_planned_service,panel_od_011,12:40:00,70038,60.0,78879121,Blue,rapid_transit,1,12:48:00,12:49:00,131.6911925067543,True,False,,0,0,
5dda751590f116d1,3,ride,70042,46200.0,12:50:00,S1_planned_service,panel_od_011,12:40:00,70040,60.0,78879121,Blue,rapid_transit,1,12:49:00,12:50:00,0.0,False,True,,0,0,
5dda751590f116d1,4,egress_walk,,46551.0,12:55:51,S1_planned_service,panel_od_011,12:40:00,70042,350.94016353389713,,,,,,,,,,,,,
5dda751590f116d1,1,access_walk,70038,45948.308807493246,12:45:48,S2_exploratory_gps_overlay,panel_od_011,12:40:00,,348.3088074932444,,,,,,,,,,,,,
5dda751590f116d1,2,ride,70040,46140.0,12:49:00,S2_exploratory_gps_overlay,panel_od_011,12:40:00,70038,60.0,78879121,Blue,rapid_transit,1,12:48:00,12:49:00,131.6911925067543,True,False,,0,0,
5dda751590f116d1,3,ride,70042,46200.0,12:50:00,S2_exploratory_gps_overlay,panel_od_011,12:40:00,70040,60.0,78879121,Blue,rapid_transit,1,12:49:00,12:50:00,0.0,False,True,,0,0,
5dda751590f116d1,4,egress_walk,,46551.0,12:55:51,S2_exploratory_gps_overlay,panel_od_011,12:40:00,70042,350.94016353389713,,,,,,,,,,,,,
5dda751590f116d1,1,access_walk,70038,45948.308807493246,12:45:48,Srestore_overlay_off_recomputed,panel_od_011,12:40:00,,348.3088074932444,,,,,,,,,,,,,
5dda751590f116d1,2,ride,70040,46140.0,12:49:00,Srestore_overlay_off_recomputed,panel_od_011,12:40:00,70038,60.0,78879121,Blue,rapid_transit,1,12:48:00,12:49:00,131.6911925067543,True,False,,0,0,
5dda751590f116d1,3,ride,70042,46200.0,12:50:00,Srestore_overlay_off_recomputed,panel_od_011,12:40:00,70040,60.0,78879121,Blue,rapid_transit,1,12:49:00,12:50:00,0.0,False,True,,0,0,
5dda751590f116d1,4,egress_walk,,46551.0,12:55:51,Srestore_overlay_off_recomputed,panel_od_011,12:40:00,70042,350.94016353389713,,,,,,,,,,,,,
58353999b88c3aa5,1,access_walk,70073,46516.093630489966,12:55:16,S1_planned_service,panel_od_011,12:50:00,,316.09363048996306,,,,,,,,,,,,,
58353999b88c3aa5,2,ride,70075,46860.0,13:01:00,S1_planned_service,panel_od_011,12:50:00,70073,120.0,77871418,Red,rapid_transit,0,12:59:00,13:01:00,223.90636951003398,True,False,,0,0,
58353999b88c3aa5,3,ride,70077,46980.0,13:03:00,S1_planned_service,panel_od_011,12:50:00,70075,120.0,77871418,Red,rapid_transit,0,13:01:00,13:03:00,0.0,False,True,,0,0,
58353999b88c3aa5,4,egress_walk,,47181.0,13:06:21,S1_planned_service,panel_od_011,12:50:00,70077,201.41683546478257,,,,,,,,,,,,,
58353999b88c3aa5,1,access_walk,70073,46516.093630489966,12:55:16,S2_exploratory_gps_overlay,panel_od_011,12:50:00,,316.09363048996306,,,,,,,,,,,,,
58353999b88c3aa5,2,ride,70075,46860.0,13:01:00,S2_exploratory_gps_overlay,panel_od_011,12:50:00,70073,120.0,77871418,Red,rapid_transit,0,12:59:00,13:01:00,223.90636951003398,True,False,,0,0,
58353999b88c3aa5,3,ride,70077,46980.0,13:03:00,S2_exploratory_gps_overlay,panel_od_011,12:50:00,70075,120.0,77871418,Red,rapid_transit,0,13:01:00,13:03:00,0.0,False,True,,0,0,
58353999b88c3aa5,4,egress_walk,,47181.0,13:06:21,S2_exploratory_gps_overlay,panel_od_011,12:50:00,70077,201.41683546478257,,,,,,,,,,,,,
58353999b88c3aa5,1,access_walk,70073,46516.093630489966,12:55:16,Srestore_overlay_off_recomputed,panel_od_011,12:50:00,,316.09363048996306,,,,,,,,,,,,,
58353999b88c3aa5,2,ride,70075,46860.0,13:01:00,Srestore_overlay_off_recomputed,panel_od_011,12:50:00,70073,120.0,77871418,Red,rapid_transit,0,12:59:00,13:01:00,223.90636951003398,True,False,,0,0,
58353999b88c3aa5,3,ride,70077,46980.0,13:03:00,Srestore_overlay_off_recomputed,panel_od_011,12:50:00,70075,120.0,77871418,Red,rapid_transit,0,13:01:00,13:03:00,0.0,False,True,,0,0,
58353999b88c3aa5,4,egress_walk,,47181.0,13:06:21,Srestore_overlay_off_recomputed,panel_od_011,12:50:00,70077,201.41683546478257,,,,,,,,,,,,,
a8e117364f985d5f,1,access_walk,70043,45687.54470944567,12:41:27,S1_planned_service,panel_od_012,12:30:00,,687.5447094456673,,,,,,,,,,,,,
a8e117364f985d5f,2,ride,70041,45900.0,12:45:00,S1_planned_service,panel_od_012,12:30:00,70043,60.0,78879104,Blue,rapid_transit,0,12:44:00,12:45:00,152.45529055433144,True,False,,0,0,
a8e117364f985d5f,3,egress_walk,,46251.0,12:50:51,S1_planned_service,panel_od_012,12:30:00,70041,350.94016353389713,,,,,,,,,,,,,
a8e117364f985d5f,1,access_walk,70043,45687.54470944567,12:41:27,S2_exploratory_gps_overlay,panel_od_012,12:30:00,,687.5447094456673,,,,,,,,,,,,,
a8e117364f985d5f,2,ride,70041,45900.0,12:45:00,S2_exploratory_gps_overlay,panel_od_012,12:30:00,70043,60.0,78879104,Blue,rapid_transit,0,12:44:00,12:45:00,152.45529055433144,True,False,,0,0,
a8e117364f985d5f,3,egress_walk,,46251.0,12:50:51,S2_exploratory_gps_overlay,panel_od_012,12:30:00,70041,350.94016353389713,,,,,,,,,,,,,
a8e117364f985d5f,1,access_walk,70043,45687.54470944567,12:41:27,Srestore_overlay_off_recomputed,panel_od_012,12:30:00,,687.5447094456673,,,,,,,,,,,,,
a8e117364f985d5f,2,ride,70041,45900.0,12:45:00,Srestore_overlay_off_recomputed,panel_od_012,12:30:00,70043,60.0,78879104,Blue,rapid_transit,0,12:44:00,12:45:00,152.45529055433144,True,False,,0,0,
a8e117364f985d5f,3,egress_walk,,46251.0,12:50:51,Srestore_overlay_off_recomputed,panel_od_012,12:30:00,70041,350.94016353389713,,,,,,,,,,,,,
9aa42b8619ffe68c,1,access_walk,70024,46178.69802309933,12:49:38,S1_planned_service,panel_od_012,12:40:00,,578.6980230993279,,,,,,,,,,,,,
9aa42b8619ffe68c,2,ride,70022,46440.0,12:54:00,S1_planned_service,panel_od_012,12:40:00,70024,120.0,77798258,Orange,rapid_transit,0,12:52:00,12:54:00,141.30197690067143,True,False,,0,0,
9aa42b8619ffe68c,3,ride,70020,46560.0,12:56:00,S1_planned_service,panel_od_012,12:40:00,70022,120.0,77798258,Orange,rapid_transit,0,12:54:00,12:56:00,0.0,False,True,,0,0,
9aa42b8619ffe68c,4,egress_walk,,46761.0,12:59:21,S1_planned_service,panel_od_012,12:40:00,70020,201.41683546478257,,,,,,,,,,,,,
9aa42b8619ffe68c,1,access_walk,70024,46178.69802309933,12:49:38,S2_exploratory_gps_overlay,panel_od_012,12:40:00,,578.6980230993279,,,,,,,,,,,,,
9aa42b8619ffe68c,2,ride,70022,46440.0,12:54:00,S2_exploratory_gps_overlay,panel_od_012,12:40:00,70024,120.0,77798258,Orange,rapid_transit,0,12:52:00,12:54:00,141.30197690067143,True,False,,0,0,
9aa42b8619ffe68c,3,ride,70020,46560.0,12:56:00,S2_exploratory_gps_overlay,panel_od_012,12:40:00,70022,120.0,77798258,Orange,rapid_transit,0,12:54:00,12:56:00,0.0,False,True,,0,0,
9aa42b8619ffe68c,4,egress_walk,,46761.0,12:59:21,S2_exploratory_gps_overlay,panel_od_012,12:40:00,70020,201.41683546478257,,,,,,,,,,,,,
9aa42b8619ffe68c,1,access_walk,70024,46178.69802309933,12:49:38,Srestore_overlay_off_recomputed,panel_od_012,12:40:00,,578.6980230993279,,,,,,,,,,,,,
9aa42b8619ffe68c,2,ride,70022,46440.0,12:54:00,Srestore_overlay_off_recomputed,panel_od_012,12:40:00,70024,120.0,77798258,Orange,rapid_transit,0,12:52:00,12:54:00,141.30197690067143,True,False,,0,0,
9aa42b8619ffe68c,3,ride,70020,46560.0,12:56:00,Srestore_overlay_off_recomputed,panel_od_012,12:40:00,70022,120.0,77798258,Orange,rapid_transit,0,12:54:00,12:56:00,0.0,False,True,,0,0,
9aa42b8619ffe68c,4,egress_walk,,46761.0,12:59:21,Srestore_overlay_off_recomputed,panel_od_012,12:40:00,70020,201.41683546478257,,,,,,,,,,,,,
f7a2cf21868b8692,1,access_walk,70043,46887.54470944567,13:01:27,S1_planned_service,panel_od_012,12:50:00,,687.5447094456673,,,,,,,,,,,,,
f7a2cf21868b8692,2,ride,70041,47100.0,13:05:00,S1_planned_service,panel_od_012,12:50:00,70043,60.0,78879138,Blue,rapid_transit,0,13:04:00,13:05:00,152.45529055433144,True,False,,0,0,
f7a2cf21868b8692,3,egress_walk,,47451.0,13:10:51,S1_planned_service,panel_od_012,12:50:00,70041,350.94016353389713,,,,,,,,,,,,,
f7a2cf21868b8692,1,access_walk,70043,46887.54470944567,13:01:27,S2_exploratory_gps_overlay,panel_od_012,12:50:00,,687.5447094456673,,,,,,,,,,,,,
f7a2cf21868b8692,2,ride,70041,47100.0,13:05:00,S2_exploratory_gps_overlay,panel_od_012,12:50:00,70043,60.0,78879138,Blue,rapid_transit,0,13:04:00,13:05:00,152.45529055433144,True,False,,0,0,
f7a2cf21868b8692,3,egress_walk,,47451.0,13:10:51,S2_exploratory_gps_overlay,panel_od_012,12:50:00,70041,350.94016353389713,,,,,,,,,,,,,
f7a2cf21868b8692,1,access_walk,70043,46887.54470944567,13:01:27,Srestore_overlay_off_recomputed,panel_od_012,12:50:00,,687.5447094456673,,,,,,,,,,,,,
f7a2cf21868b8692,2,ride,70041,47100.0,13:05:00,Srestore_overlay_off_recomputed,panel_od_012,12:50:00,70043,60.0,78879138,Blue,rapid_transit,0,13:04:00,13:05:00,152.45529055433144,True,False,,0,0,
f7a2cf21868b8692,3,egress_walk,,47451.0,13:10:51,Srestore_overlay_off_recomputed,panel_od_012,12:50:00,70041,350.94016353389713,,,,,,,,,,,,,
9a2ef19a972cda1f,1,access_walk,70015,45790.709011998326,12:43:10,S1_planned_service,panel_od_018,12:30:00,,790.709011998326,,,,,,,,,,,,,
9a2ef19a972cda1f,2,ride,70017,46200.0,12:50:00,S1_planned_service,panel_od_018,12:30:00,70015,120.0,77798295,Orange,rapid_transit,1,12:48:00,12:50:00,289.2909880016741,True,False,,0,0,
9a2ef19a972cda1f,3,ride,70019,46260.0,12:51:00,S1_planned_service,panel_od_018,12:30:00,70017,60.0,77798295,Orange,rapid_transit,1,12:50:00,12:51:00,0.0,False,True,,0,0,
9a2ef19a972cda1f,4,ride,70021,46320.0,12:52:00,S1_planned_service,panel_od_018,12:30:00,70019,60.0,77798295,Orange,rapid_transit,1,12:51:00,12:52:00,0.0,False,True,,0,0,
9a2ef19a972cda1f,5,ride,70023,46440.0,12:54:00,S1_planned_service,panel_od_018,12:30:00,70021,120.0,77798295,Orange,rapid_transit,1,12:52:00,12:54:00,0.0,False,True,,0,0,
9a2ef19a972cda1f,6,egress_walk,,46614.0,12:56:54,S1_planned_service,panel_od_018,12:30:00,70023,174.33963515153317,,,,,,,,,,,,,
9a2ef19a972cda1f,1,access_walk,70015,45790.709011998326,12:43:10,S2_exploratory_gps_overlay,panel_od_018,12:30:00,,790.709011998326,,,,,,,,,,,,,
9a2ef19a972cda1f,2,ride,70017,46200.0,12:50:00,S2_exploratory_gps_overlay,panel_od_018,12:30:00,70015,120.0,77798295,Orange,rapid_transit,1,12:48:00,12:50:00,289.2909880016741,True,False,,0,0,
9a2ef19a972cda1f,3,ride,70019,46260.0,12:51:00,S2_exploratory_gps_overlay,panel_od_018,12:30:00,70017,60.0,77798295,Orange,rapid_transit,1,12:50:00,12:51:00,0.0,False,True,,0,0,
9a2ef19a972cda1f,4,ride,70021,46320.0,12:52:00,S2_exploratory_gps_overlay,panel_od_018,12:30:00,70019,60.0,77798295,Orange,rapid_transit,1,12:51:00,12:52:00,0.0,False,True,,0,0,
9a2ef19a972cda1f,5,ride,70023,46440.0,12:54:00,S2_exploratory_gps_overlay,panel_od_018,12:30:00,70021,120.0,77798295,Orange,rapid_transit,1,12:52:00,12:54:00,0.0,False,True,,0,0,
9a2ef19a972cda1f,6,egress_walk,,46614.0,12:56:54,S2_exploratory_gps_overlay,panel_od_018,12:30:00,70023,174.33963515153317,,,,,,,,,,,,,
9a2ef19a972cda1f,1,access_walk,70015,45790.709011998326,12:43:10,Srestore_overlay_off_recomputed,panel_od_018,12:30:00,,790.709011998326,,,,,,,,,,,,,
9a2ef19a972cda1f,2,ride,70017,46200.0,12:50:00,Srestore_overlay_off_recomputed,panel_od_018,12:30:00,70015,120.0,77798295,Orange,rapid_transit,1,12:48:00,12:50:00,289.2909880016741,True,False,,0,0,
9a2ef19a972cda1f,3,ride,70019,46260.0,12:51:00,Srestore_overlay_off_recomputed,panel_od_018,12:30:00,70017,60.0,77798295,Orange,rapid_transit,1,12:50:00,12:51:00,0.0,False,True,,0,0,
9a2ef19a972cda1f,4,ride,70021,46320.0,12:52:00,Srestore_overlay_off_recomputed,panel_od_018,12:30:00,70019,60.0,77798295,Orange,rapid_transit,1,12:51:00,12:52:00,0.0,False,True,,0,0,
9a2ef19a972cda1f,5,ride,70023,46440.0,12:54:00,Srestore_overlay_off_recomputed,panel_od_018,12:30:00,70021,120.0,77798295,Orange,rapid_transit,1,12:52:00,12:54:00,0.0,False,True,,0,0,
9a2ef19a972cda1f,6,egress_walk,,46614.0,12:56:54,Srestore_overlay_off_recomputed,panel_od_018,12:30:00,70023,174.33963515153317,,,,,,,,,,,,,
6e3bc3cf285a1db1,1,access_walk,70015,46390.709011998326,12:53:10,S1_planned_service,panel_od_018,12:40:00,,790.709011998326,,,,,,,,,,,,,
6e3bc3cf285a1db1,2,ride,70017,46560.0,12:56:00,S1_planned_service,panel_od_018,12:40:00,70015,120.0,77798301,Orange,rapid_transit,1,12:54:00,12:56:00,49.29098800167412,True,False,,0,0,
6e3bc3cf285a1db1,3,ride,70019,46620.0,12:57:00,S1_planned_service,panel_od_018,12:40:00,70017,60.0,77798301,Orange,rapid_transit,1,12:56:00,12:57:00,0.0,False,True,,0,0,
6e3bc3cf285a1db1,4,ride,70021,46680.0,12:58:00,S1_planned_service,panel_od_018,12:40:00,70019,60.0,77798301,Orange,rapid_transit,1,12:57:00,12:58:00,0.0,False,True,,0,0,
6e3bc3cf285a1db1,5,ride,70023,46800.0,13:00:00,S1_planned_service,panel_od_018,12:40:00,70021,120.0,77798301,Orange,rapid_transit,1,12:58:00,13:00:00,0.0,False,True,,0,0,
6e3bc3cf285a1db1,6,egress_walk,,46974.0,13:02:54,S1_planned_service,panel_od_018,12:40:00,70023,174.33963515153317,,,,,,,,,,,,,
6e3bc3cf285a1db1,1,access_walk,70015,46390.709011998326,12:53:10,S2_exploratory_gps_overlay,panel_od_018,12:40:00,,790.709011998326,,,,,,,,,,,,,
6e3bc3cf285a1db1,2,ride,70017,46560.0,12:56:00,S2_exploratory_gps_overlay,panel_od_018,12:40:00,70015,120.0,77798301,Orange,rapid_transit,1,12:54:00,12:56:00,49.29098800167412,True,False,,0,0,
6e3bc3cf285a1db1,3,ride,70019,46620.0,12:57:00,S2_exploratory_gps_overlay,panel_od_018,12:40:00,70017,60.0,77798301,Orange,rapid_transit,1,12:56:00,12:57:00,0.0,False,True,,0,0,
6e3bc3cf285a1db1,4,ride,70021,46680.0,12:58:00,S2_exploratory_gps_overlay,panel_od_018,12:40:00,70019,60.0,77798301,Orange,rapid_transit,1,12:57:00,12:58:00,0.0,False,True,,0,0,
6e3bc3cf285a1db1,5,ride,70023,46800.0,13:00:00,S2_exploratory_gps_overlay,panel_od_018,12:40:00,70021,120.0,77798301,Orange,rapid_transit,1,12:58:00,13:00:00,0.0,False,True,,0,0,
6e3bc3cf285a1db1,6,egress_walk,,46974.0,13:02:54,S2_exploratory_gps_overlay,panel_od_018,12:40:00,70023,174.33963515153317,,,,,,,,,,,,,
6e3bc3cf285a1db1,1,access_walk,70015,46390.709011998326,12:53:10,Srestore_overlay_off_recomputed,panel_od_018,12:40:00,,790.709011998326,,,,,,,,,,,,,
6e3bc3cf285a1db1,2,ride,70017,46560.0,12:56:00,Srestore_overlay_off_recomputed,panel_od_018,12:40:00,70015,120.0,77798301,Orange,rapid_transit,1,12:54:00,12:56:00,49.29098800167412,True,False,,0,0,
6e3bc3cf285a1db1,3,ride,70019,46620.0,12:57:00,Srestore_overlay_off_recomputed,panel_od_018,12:40:00,70017,60.0,77798301,Orange,rapid_transit,1,12:56:00,12:57:00,0.0,False,True,,0,0,
6e3bc3cf285a1db1,4,ride,70021,46680.0,12:58:00,Srestore_overlay_off_recomputed,panel_od_018,12:40:00,70019,60.0,77798301,Orange,rapid_transit,1,12:57:00,12:58:00,0.0,False,True,,0,0,
6e3bc3cf285a1db1,5,ride,70023,46800.0,13:00:00,Srestore_overlay_off_recomputed,panel_od_018,12:40:00,70021,120.0,77798301,Orange,rapid_transit,1,12:58:00,13:00:00,0.0,False,True,,0,0,
6e3bc3cf285a1db1,6,egress_walk,,46974.0,13:02:54,Srestore_overlay_off_recomputed,panel_od_018,12:40:00,70023,174.33963515153317,,,,,,,,,,,,,
4f18839a680b8672,1,access_walk,70015,46990.709011998326,13:03:10,S1_planned_service,panel_od_018,12:50:00,,790.709011998326,,,,,,,,,,,,,
4f18839a680b8672,2,ride,70017,47220.0,13:07:00,S1_planned_service,panel_od_018,12:50:00,70015,120.0,77798313,Orange,rapid_transit,1,13:05:00,13:07:00,109.29098800167412,True,False,,0,0,
4f18839a680b8672,3,ride,70019,47280.0,13:08:00,S1_planned_service,panel_od_018,12:50:00,70017,60.0,77798313,Orange,rapid_transit,1,13:07:00,13:08:00,0.0,False,True,,0,0,
4f18839a680b8672,4,ride,70021,47340.0,13:09:00,S1_planned_service,panel_od_018,12:50:00,70019,60.0,77798313,Orange,rapid_transit,1,13:08:00,13:09:00,0.0,False,True,,0,0,
4f18839a680b8672,5,ride,70023,47460.0,13:11:00,S1_planned_service,panel_od_018,12:50:00,70021,120.0,77798313,Orange,rapid_transit,1,13:09:00,13:11:00,0.0,False,True,,0,0,
4f18839a680b8672,6,egress_walk,,47634.0,13:13:54,S1_planned_service,panel_od_018,12:50:00,70023,174.33963515153317,,,,,,,,,,,,,
4f18839a680b8672,1,access_walk,70015,46990.709011998326,13:03:10,S2_exploratory_gps_overlay,panel_od_018,12:50:00,,790.709011998326,,,,,,,,,,,,,
4f18839a680b8672,2,ride,70017,47220.0,13:07:00,S2_exploratory_gps_overlay,panel_od_018,12:50:00,70015,120.0,77798313,Orange,rapid_transit,1,13:05:00,13:07:00,109.29098800167412,True,False,,0,0,
4f18839a680b8672,3,ride,70019,47280.0,13:08:00,S2_exploratory_gps_overlay,panel_od_018,12:50:00,70017,60.0,77798313,Orange,rapid_transit,1,13:07:00,13:08:00,0.0,False,True,,0,0,
4f18839a680b8672,4,ride,70021,47340.0,13:09:00,S2_exploratory_gps_overlay,panel_od_018,12:50:00,70019,60.0,77798313,Orange,rapid_transit,1,13:08:00,13:09:00,0.0,False,True,,0,0,
4f18839a680b8672,5,ride,70023,47460.0,13:11:00,S2_exploratory_gps_overlay,panel_od_018,12:50:00,70021,120.0,77798313,Orange,rapid_transit,1,13:09:00,13:11:00,0.0,False,True,,0,0,
4f18839a680b8672,6,egress_walk,,47634.0,13:13:54,S2_exploratory_gps_overlay,panel_od_018,12:50:00,70023,174.33963515153317,,,,,,,,,,,,,
4f18839a680b8672,1,access_walk,70015,46990.709011998326,13:03:10,Srestore_overlay_off_recomputed,panel_od_018,12:50:00,,790.709011998326,,,,,,,,,,,,,
4f18839a680b8672,2,ride,70017,47220.0,13:07:00,Srestore_overlay_off_recomputed,panel_od_018,12:50:00,70015,120.0,77798313,Orange,rapid_transit,1,13:05:00,13:07:00,109.29098800167412,True,False,,0,0,
4f18839a680b8672,3,ride,70019,47280.0,13:08:00,Srestore_overlay_off_recomputed,panel_od_018,12:50:00,70017,60.0,77798313,Orange,rapid_transit,1,13:07:00,13:08:00,0.0,False,True,,0,0,
4f18839a680b8672,4,ride,70021,47340.0,13:09:00,Srestore_overlay_off_recomputed,panel_od_018,12:50:00,70019,60.0,77798313,Orange,rapid_transit,1,13:08:00,13:09:00,0.0,False,True,,0,0,
4f18839a680b8672,5,ride,70023,47460.0,13:11:00,Srestore_overlay_off_recomputed,panel_od_018,12:50:00,70021,120.0,77798313,Orange,rapid_transit,1,13:09:00,13:11:00,0.0,False,True,,0,0,
4f18839a680b8672,6,egress_walk,,47634.0,13:13:54,Srestore_overlay_off_recomputed,panel_od_018,12:50:00,70023,174.33963515153317,,,,,,,,,,,,,
7bb3b3e61591634b,1,access_walk,1788,45235.95317570382,12:33:55,S1_planned_service,panel_od_019,12:30:00,,235.95317570381988,,,,,,,,,,,,,
7bb3b3e61591634b,2,ride,5093,45480.0,12:38:00,S1_planned_service,panel_od_019,12:30:00,1788,180.0,78591008,749,local_bus,1,12:35:00,12:38:00,64.0468242961797,True,False,,0,0,
7bb3b3e61591634b,3,ride,5095,45600.0,12:40:00,S1_planned_service,panel_od_019,12:30:00,5093,120.0,78591008,749,local_bus,1,12:38:00,12:40:00,0.0,False,True,,0,0,
7bb3b3e61591634b,4,ride,15095,45660.0,12:41:00,S1_planned_service,panel_od_019,12:30:00,5095,60.0,78591008,749,local_bus,1,12:40:00,12:41:00,0.0,False,True,,0,0,
7bb3b3e61591634b,5,ride,6565,45840.0,12:44:00,S1_planned_service,panel_od_019,12:30:00,15095,180.0,78591008,749,local_bus,1,12:41:00,12:44:00,0.0,False,True,,0,0,
7bb3b3e61591634b,6,egress_walk,,46743.0,12:59:03,S1_planned_service,panel_od_019,12:30:00,6565,903.1428314381519,,,,,,,,,,,,,
39a7473f07ece140,1,access_walk,1788,45235.95317570382,12:33:55,S2_exploratory_gps_overlay,panel_od_019,12:30:00,,235.95317570381988,,,,,,,,,,,,,
39a7473f07ece140,2,ride,5093,45386.0,12:36:26,S2_exploratory_gps_overlay,panel_od_019,12:30:00,1788,86.0,78591008,749,local_bus,1,12:35:00,12:36:26,64.0468242961797,True,False,,0,0,gps_midday_stop_pair_09
39a7473f07ece140,3,ride,5095,45506.0,12:38:26,S2_exploratory_gps_overlay,panel_od_019,12:30:00,5093,120.0,78591008,749,local_bus,1,12:36:26,12:38:26,0.0,False,True,,0,0,gps_midday_stop_pair_09
39a7473f07ece140,4,ride,15095,45566.0,12:39:26,S2_exploratory_gps_overlay,panel_od_019,12:30:00,5095,60.0,78591008,749,local_bus,1,12:38:26,12:39:26,0.0,False,True,,0,0,gps_midday_stop_pair_09
39a7473f07ece140,5,ride,6565,45746.0,12:42:26,S2_exploratory_gps_overlay,panel_od_019,12:30:00,15095,180.0,78591008,749,local_bus,1,12:39:26,12:42:26,0.0,False,True,,0,0,gps_midday_stop_pair_09
39a7473f07ece140,6,egress_walk,,46649.0,12:57:29,S2_exploratory_gps_overlay,panel_od_019,12:30:00,6565,903.1428314381519,,,,,,,,,,,,,
7bb3b3e61591634b,1,access_walk,1788,45235.95317570382,12:33:55,Srestore_overlay_off_recomputed,panel_od_019,12:30:00,,235.95317570381988,,,,,,,,,,,,,
7bb3b3e61591634b,2,ride,5093,45480.0,12:38:00,Srestore_overlay_off_recomputed,panel_od_019,12:30:00,1788,180.0,78591008,749,local_bus,1,12:35:00,12:38:00,64.0468242961797,True,False,,0,0,
7bb3b3e61591634b,3,ride,5095,45600.0,12:40:00,Srestore_overlay_off_recomputed,panel_od_019,12:30:00,5093,120.0,78591008,749,local_bus,1,12:38:00,12:40:00,0.0,False,True,,0,0,
7bb3b3e61591634b,4,ride,15095,45660.0,12:41:00,Srestore_overlay_off_recomputed,panel_od_019,12:30:00,5095,60.0,78591008,749,local_bus,1,12:40:00,12:41:00,0.0,False,True,,0,0,
7bb3b3e61591634b,5,ride,6565,45840.0,12:44:00,Srestore_overlay_off_recomputed,panel_od_019,12:30:00,15095,180.0,78591008,749,local_bus,1,12:41:00,12:44:00,0.0,False,True,,0,0,
7bb3b3e61591634b,6,egress_walk,,46743.0,12:59:03,Srestore_overlay_off_recomputed,panel_od_019,12:30:00,6565,903.1428314381519,,,,,,,,,,,,,
7ff800d75fa105e6,1,access_walk,70015,46390.709011998326,12:53:10,S1_planned_service,panel_od_019,12:40:00,,790.709011998326,,,,,,,,,,,,,
7ff800d75fa105e6,2,ride,70017,46560.0,12:56:00,S1_planned_service,panel_od_019,12:40:00,70015,120.0,77798301,Orange,rapid_transit,1,12:54:00,12:56:00,49.29098800167412,True,False,,0,0,
7ff800d75fa105e6,3,ride,70019,46620.0,12:57:00,S1_planned_service,panel_od_019,12:40:00,70017,60.0,77798301,Orange,rapid_transit,1,12:56:00,12:57:00,0.0,False,True,,0,0,
7ff800d75fa105e6,4,ride,70021,46680.0,12:58:00,S1_planned_service,panel_od_019,12:40:00,70019,60.0,77798301,Orange,rapid_transit,1,12:57:00,12:58:00,0.0,False,True,,0,0,
7ff800d75fa105e6,5,egress_walk,,47213.0,13:06:53,S1_planned_service,panel_od_019,12:40:00,70021,533.1198700298758,,,,,,,,,,,,,
7ff800d75fa105e6,1,access_walk,70015,46390.709011998326,12:53:10,S2_exploratory_gps_overlay,panel_od_019,12:40:00,,790.709011998326,,,,,,,,,,,,,
7ff800d75fa105e6,2,ride,70017,46560.0,12:56:00,S2_exploratory_gps_overlay,panel_od_019,12:40:00,70015,120.0,77798301,Orange,rapid_transit,1,12:54:00,12:56:00,49.29098800167412,True,False,,0,0,
7ff800d75fa105e6,3,ride,70019,46620.0,12:57:00,S2_exploratory_gps_overlay,panel_od_019,12:40:00,70017,60.0,77798301,Orange,rapid_transit,1,12:56:00,12:57:00,0.0,False,True,,0,0,
7ff800d75fa105e6,4,ride,70021,46680.0,12:58:00,S2_exploratory_gps_overlay,panel_od_019,12:40:00,70019,60.0,77798301,Orange,rapid_transit,1,12:57:00,12:58:00,0.0,False,True,,0,0,
7ff800d75fa105e6,5,egress_walk,,47213.0,13:06:53,S2_exploratory_gps_overlay,panel_od_019,12:40:00,70021,533.1198700298758,,,,,,,,,,,,,
7ff800d75fa105e6,1,access_walk,70015,46390.709011998326,12:53:10,Srestore_overlay_off_recomputed,panel_od_019,12:40:00,,790.709011998326,,,,,,,,,,,,,
7ff800d75fa105e6,2,ride,70017,46560.0,12:56:00,Srestore_overlay_off_recomputed,panel_od_019,12:40:00,70015,120.0,77798301,Orange,rapid_transit,1,12:54:00,12:56:00,49.29098800167412,True,False,,0,0,
7ff800d75fa105e6,3,ride,70019,46620.0,12:57:00,Srestore_overlay_off_recomputed,panel_od_019,12:40:00,70017,60.0,77798301,Orange,rapid_transit,1,12:56:00,12:57:00,0.0,False,True,,0,0,
7ff800d75fa105e6,4,ride,70021,46680.0,12:58:00,Srestore_overlay_off_recomputed,panel_od_019,12:40:00,70019,60.0,77798301,Orange,rapid_transit,1,12:57:00,12:58:00,0.0,False,True,,0,0,
7ff800d75fa105e6,5,egress_walk,,47213.0,13:06:53,Srestore_overlay_off_recomputed,panel_od_019,12:40:00,70021,533.1198700298758,,,,,,,,,,,,,
322464a8a3a9e6b1,1,access_walk,5093,46474.40596002108,12:54:34,S1_planned_service,panel_od_019,12:50:00,,274.40596002107895,,,,,,,,,,,,,
322464a8a3a9e6b1,2,ride,5095,46620.0,12:57:00,S1_planned_service,panel_od_019,12:50:00,5093,120.0,78591835,751,local_bus,1,12:55:00,12:57:00,25.594039978917863,True,False,,0,0,
322464a8a3a9e6b1,3,ride,15095,46680.0,12:58:00,S1_planned_service,panel_od_019,12:50:00,5095,60.0,78591835,751,local_bus,1,12:57:00,12:58:00,0.0,False,True,,0,0,
322464a8a3a9e6b1,4,ride,6565,46800.0,13:00:00,S1_planned_service,panel_od_019,12:50:00,15095,120.0,78591835,751,local_bus,1,12:58:00,13:00:00,0.0,False,True,,0,0,
322464a8a3a9e6b1,5,egress_walk,,47703.0,13:15:03,S1_planned_service,panel_od_019,12:50:00,6565,903.1428314381519,,,,,,,,,,,,,
ce6c20eebc14eac7,1,access_walk,5093,46474.40596002108,12:54:34,S2_exploratory_gps_overlay,panel_od_019,12:50:00,,274.40596002107895,,,,,,,,,,,,,
ce6c20eebc14eac7,2,ride,5095,46620.0,12:57:00,S2_exploratory_gps_overlay,panel_od_019,12:50:00,5093,120.0,78591835,751,local_bus,1,12:55:00,12:57:00,25.594039978917863,True,False,,0,0,
ce6c20eebc14eac7,3,ride,15095,46653.0,12:57:33,S2_exploratory_gps_overlay,panel_od_019,12:50:00,5095,33.0,78591835,751,local_bus,1,12:57:00,12:57:33,0.0,False,True,,0,0,gps_midday_stop_pair_13
ce6c20eebc14eac7,4,ride,6565,46781.0,12:59:41,S2_exploratory_gps_overlay,panel_od_019,12:50:00,15095,128.0,78591835,751,local_bus,1,12:57:33,12:59:41,0.0,False,True,,0,0,gps_midday_stop_pair_13;gps_midday_stop_pair_12
ce6c20eebc14eac7,5,egress_walk,,47684.0,13:14:44,S2_exploratory_gps_overlay,panel_od_019,12:50:00,6565,903.1428314381519,,,,,,,,,,,,,
322464a8a3a9e6b1,1,access_walk,5093,46474.40596002108,12:54:34,Srestore_overlay_off_recomputed,panel_od_019,12:50:00,,274.40596002107895,,,,,,,,,,,,,
322464a8a3a9e6b1,2,ride,5095,46620.0,12:57:00,Srestore_overlay_off_recomputed,panel_od_019,12:50:00,5093,120.0,78591835,751,local_bus,1,12:55:00,12:57:00,25.594039978917863,True,False,,0,0,
322464a8a3a9e6b1,3,ride,15095,46680.0,12:58:00,Srestore_overlay_off_recomputed,panel_od_019,12:50:00,5095,60.0,78591835,751,local_bus,1,12:57:00,12:58:00,0.0,False,True,,0,0,
322464a8a3a9e6b1,4,ride,6565,46800.0,13:00:00,Srestore_overlay_off_recomputed,panel_od_019,12:50:00,15095,120.0,78591835,751,local_bus,1,12:58:00,13:00:00,0.0,False,True,,0,0,
322464a8a3a9e6b1,5,egress_walk,,47703.0,13:15:03,Srestore_overlay_off_recomputed,panel_od_019,12:50:00,6565,903.1428314381519,,,,,,,,,,,,,
2d6b3c4b90b01897,1,access_walk,70015,45692.745273254004,12:41:32,S1_planned_service,panel_od_021,12:30:00,,692.7452732540025,,,,,,,,,,,,,
2d6b3c4b90b01897,2,ride,70017,45840.0,12:44:00,S1_planned_service,panel_od_021,12:30:00,70015,120.0,77798289,Orange,rapid_transit,1,12:42:00,12:44:00,27.254726745995868,True,False,,0,0,
2d6b3c4b90b01897,3,ride,70019,45900.0,12:45:00,S1_planned_service,panel_od_021,12:30:00,70017,60.0,77798289,Orange,rapid_transit,1,12:44:00,12:45:00,0.0,False,True,,0,0,
2d6b3c4b90b01897,4,ride,70021,45960.0,12:46:00,S1_planned_service,panel_od_021,12:30:00,70019,60.0,77798289,Orange,rapid_transit,1,12:45:00,12:46:00,0.0,False,True,,0,0,
2d6b3c4b90b01897,5,ride,70023,46080.0,12:48:00,S1_planned_service,panel_od_021,12:30:00,70021,120.0,77798289,Orange,rapid_transit,1,12:46:00,12:48:00,0.0,False,True,,0,0,
2d6b3c4b90b01897,6,egress_walk,,46254.0,12:50:54,S1_planned_service,panel_od_021,12:30:00,70023,174.33963515153317,,,,,,,,,,,,,
2d6b3c4b90b01897,1,access_walk,70015,45692.745273254004,12:41:32,S2_exploratory_gps_overlay,panel_od_021,12:30:00,,692.7452732540025,,,,,,,,,,,,,
2d6b3c4b90b01897,2,ride,70017,45840.0,12:44:00,S2_exploratory_gps_overlay,panel_od_021,12:30:00,70015,120.0,77798289,Orange,rapid_transit,1,12:42:00,12:44:00,27.254726745995868,True,False,,0,0,
2d6b3c4b90b01897,3,ride,70019,45900.0,12:45:00,S2_exploratory_gps_overlay,panel_od_021,12:30:00,70017,60.0,77798289,Orange,rapid_transit,1,12:44:00,12:45:00,0.0,False,True,,0,0,
2d6b3c4b90b01897,4,ride,70021,45960.0,12:46:00,S2_exploratory_gps_overlay,panel_od_021,12:30:00,70019,60.0,77798289,Orange,rapid_transit,1,12:45:00,12:46:00,0.0,False,True,,0,0,
2d6b3c4b90b01897,5,ride,70023,46080.0,12:48:00,S2_exploratory_gps_overlay,panel_od_021,12:30:00,70021,120.0,77798289,Orange,rapid_transit,1,12:46:00,12:48:00,0.0,False,True,,0,0,
2d6b3c4b90b01897,6,egress_walk,,46254.0,12:50:54,S2_exploratory_gps_overlay,panel_od_021,12:30:00,70023,174.33963515153317,,,,,,,,,,,,,
2d6b3c4b90b01897,1,access_walk,70015,45692.745273254004,12:41:32,Srestore_overlay_off_recomputed,panel_od_021,12:30:00,,692.7452732540025,,,,,,,,,,,,,
2d6b3c4b90b01897,2,ride,70017,45840.0,12:44:00,Srestore_overlay_off_recomputed,panel_od_021,12:30:00,70015,120.0,77798289,Orange,rapid_transit,1,12:42:00,12:44:00,27.254726745995868,True,False,,0,0,
2d6b3c4b90b01897,3,ride,70019,45900.0,12:45:00,Srestore_overlay_off_recomputed,panel_od_021,12:30:00,70017,60.0,77798289,Orange,rapid_transit,1,12:44:00,12:45:00,0.0,False,True,,0,0,
2d6b3c4b90b01897,4,ride,70021,45960.0,12:46:00,Srestore_overlay_off_recomputed,panel_od_021,12:30:00,70019,60.0,77798289,Orange,rapid_transit,1,12:45:00,12:46:00,0.0,False,True,,0,0,
2d6b3c4b90b01897,5,ride,70023,46080.0,12:48:00,Srestore_overlay_off_recomputed,panel_od_021,12:30:00,70021,120.0,77798289,Orange,rapid_transit,1,12:46:00,12:48:00,0.0,False,True,,0,0,
2d6b3c4b90b01897,6,egress_walk,,46254.0,12:50:54,Srestore_overlay_off_recomputed,panel_od_021,12:30:00,70023,174.33963515153317,,,,,,,,,,,,,
5297ee6a9246a0b0,1,access_walk,70015,46292.745273254004,12:51:32,S1_planned_service,panel_od_021,12:40:00,,692.7452732540025,,,,,,,,,,,,,
5297ee6a9246a0b0,2,ride,70017,46560.0,12:56:00,S1_planned_service,panel_od_021,12:40:00,70015,120.0,77798301,Orange,rapid_transit,1,12:54:00,12:56:00,147.25472674599587,True,False,,0,0,
5297ee6a9246a0b0,3,ride,70019,46620.0,12:57:00,S1_planned_service,panel_od_021,12:40:00,70017,60.0,77798301,Orange,rapid_transit,1,12:56:00,12:57:00,0.0,False,True,,0,0,
5297ee6a9246a0b0,4,ride,70021,46680.0,12:58:00,S1_planned_service,panel_od_021,12:40:00,70019,60.0,77798301,Orange,rapid_transit,1,12:57:00,12:58:00,0.0,False,True,,0,0,
5297ee6a9246a0b0,5,ride,70023,46800.0,13:00:00,S1_planned_service,panel_od_021,12:40:00,70021,120.0,77798301,Orange,rapid_transit,1,12:58:00,13:00:00,0.0,False,True,,0,0,
5297ee6a9246a0b0,6,egress_walk,,46974.0,13:02:54,S1_planned_service,panel_od_021,12:40:00,70023,174.33963515153317,,,,,,,,,,,,,
5297ee6a9246a0b0,1,access_walk,70015,46292.745273254004,12:51:32,S2_exploratory_gps_overlay,panel_od_021,12:40:00,,692.7452732540025,,,,,,,,,,,,,
5297ee6a9246a0b0,2,ride,70017,46560.0,12:56:00,S2_exploratory_gps_overlay,panel_od_021,12:40:00,70015,120.0,77798301,Orange,rapid_transit,1,12:54:00,12:56:00,147.25472674599587,True,False,,0,0,
5297ee6a9246a0b0,3,ride,70019,46620.0,12:57:00,S2_exploratory_gps_overlay,panel_od_021,12:40:00,70017,60.0,77798301,Orange,rapid_transit,1,12:56:00,12:57:00,0.0,False,True,,0,0,
5297ee6a9246a0b0,4,ride,70021,46680.0,12:58:00,S2_exploratory_gps_overlay,panel_od_021,12:40:00,70019,60.0,77798301,Orange,rapid_transit,1,12:57:00,12:58:00,0.0,False,True,,0,0,
5297ee6a9246a0b0,5,ride,70023,46800.0,13:00:00,S2_exploratory_gps_overlay,panel_od_021,12:40:00,70021,120.0,77798301,Orange,rapid_transit,1,12:58:00,13:00:00,0.0,False,True,,0,0,
5297ee6a9246a0b0,6,egress_walk,,46974.0,13:02:54,S2_exploratory_gps_overlay,panel_od_021,12:40:00,70023,174.33963515153317,,,,,,,,,,,,,
5297ee6a9246a0b0,1,access_walk,70015,46292.745273254004,12:51:32,Srestore_overlay_off_recomputed,panel_od_021,12:40:00,,692.7452732540025,,,,,,,,,,,,,
5297ee6a9246a0b0,2,ride,70017,46560.0,12:56:00,Srestore_overlay_off_recomputed,panel_od_021,12:40:00,70015,120.0,77798301,Orange,rapid_transit,1,12:54:00,12:56:00,147.25472674599587,True,False,,0,0,
5297ee6a9246a0b0,3,ride,70019,46620.0,12:57:00,Srestore_overlay_off_recomputed,panel_od_021,12:40:00,70017,60.0,77798301,Orange,rapid_transit,1,12:56:00,12:57:00,0.0,False,True,,0,0,
5297ee6a9246a0b0,4,ride,70021,46680.0,12:58:00,Srestore_overlay_off_recomputed,panel_od_021,12:40:00,70019,60.0,77798301,Orange,rapid_transit,1,12:57:00,12:58:00,0.0,False,True,,0,0,
5297ee6a9246a0b0,5,ride,70023,46800.0,13:00:00,Srestore_overlay_off_recomputed,panel_od_021,12:40:00,70021,120.0,77798301,Orange,rapid_transit,1,12:58:00,13:00:00,0.0,False,True,,0,0,
5297ee6a9246a0b0,6,egress_walk,,46974.0,13:02:54,Srestore_overlay_off_recomputed,panel_od_021,12:40:00,70023,174.33963515153317,,,,,,,,,,,,,
872e29a863f2305e,1,access_walk,70015,46892.745273254004,13:01:32,S1_planned_service,panel_od_021,12:50:00,,692.7452732540025,,,,,,,,,,,,,
872e29a863f2305e,2,ride,70017,47220.0,13:07:00,S1_planned_service,panel_od_021,12:50:00,70015,120.0,77798313,Orange,rapid_transit,1,13:05:00,13:07:00,207.25472674599587,True,False,,0,0,
872e29a863f2305e,3,ride,70019,47280.0,13:08:00,S1_planned_service,panel_od_021,12:50:00,70017,60.0,77798313,Orange,rapid_transit,1,13:07:00,13:08:00,0.0,False,True,,0,0,
872e29a863f2305e,4,ride,70021,47340.0,13:09:00,S1_planned_service,panel_od_021,12:50:00,70019,60.0,77798313,Orange,rapid_transit,1,13:08:00,13:09:00,0.0,False,True,,0,0,
872e29a863f2305e,5,ride,70023,47460.0,13:11:00,S1_planned_service,panel_od_021,12:50:00,70021,120.0,77798313,Orange,rapid_transit,1,13:09:00,13:11:00,0.0,False,True,,0,0,
872e29a863f2305e,6,egress_walk,,47634.0,13:13:54,S1_planned_service,panel_od_021,12:50:00,70023,174.33963515153317,,,,,,,,,,,,,
872e29a863f2305e,1,access_walk,70015,46892.745273254004,13:01:32,S2_exploratory_gps_overlay,panel_od_021,12:50:00,,692.7452732540025,,,,,,,,,,,,,
872e29a863f2305e,2,ride,70017,47220.0,13:07:00,S2_exploratory_gps_overlay,panel_od_021,12:50:00,70015,120.0,77798313,Orange,rapid_transit,1,13:05:00,13:07:00,207.25472674599587,True,False,,0,0,
872e29a863f2305e,3,ride,70019,47280.0,13:08:00,S2_exploratory_gps_overlay,panel_od_021,12:50:00,70017,60.0,77798313,Orange,rapid_transit,1,13:07:00,13:08:00,0.0,False,True,,0,0,
872e29a863f2305e,4,ride,70021,47340.0,13:09:00,S2_exploratory_gps_overlay,panel_od_021,12:50:00,70019,60.0,77798313,Orange,rapid_transit,1,13:08:00,13:09:00,0.0,False,True,,0,0,
872e29a863f2305e,5,ride,70023,47460.0,13:11:00,S2_exploratory_gps_overlay,panel_od_021,12:50:00,70021,120.0,77798313,Orange,rapid_transit,1,13:09:00,13:11:00,0.0,False,True,,0,0,
872e29a863f2305e,6,egress_walk,,47634.0,13:13:54,S2_exploratory_gps_overlay,panel_od_021,12:50:00,70023,174.33963515153317,,,,,,,,,,,,,
872e29a863f2305e,1,access_walk,70015,46892.745273254004,13:01:32,Srestore_overlay_off_recomputed,panel_od_021,12:50:00,,692.7452732540025,,,,,,,,,,,,,
872e29a863f2305e,2,ride,70017,47220.0,13:07:00,Srestore_overlay_off_recomputed,panel_od_021,12:50:00,70015,120.0,77798313,Orange,rapid_transit,1,13:05:00,13:07:00,207.25472674599587,True,False,,0,0,
872e29a863f2305e,3,ride,70019,47280.0,13:08:00,Srestore_overlay_off_recomputed,panel_od_021,12:50:00,70017,60.0,77798313,Orange,rapid_transit,1,13:07:00,13:08:00,0.0,False,True,,0,0,
872e29a863f2305e,4,ride,70021,47340.0,13:09:00,Srestore_overlay_off_recomputed,panel_od_021,12:50:00,70019,60.0,77798313,Orange,rapid_transit,1,13:08:00,13:09:00,0.0,False,True,,0,0,
872e29a863f2305e,5,ride,70023,47460.0,13:11:00,Srestore_overlay_off_recomputed,panel_od_021,12:50:00,70021,120.0,77798313,Orange,rapid_transit,1,13:09:00,13:11:00,0.0,False,True,,0,0,
872e29a863f2305e,6,egress_walk,,47634.0,13:13:54,Srestore_overlay_off_recomputed,panel_od_021,12:50:00,70023,174.33963515153317,,,,,,,,,,,,,
c459376cfb31f21d,1,access_walk,1788,45235.95317570382,12:33:55,S1_planned_service,panel_od_022,12:30:00,,235.95317570381988,,,,,,,,,,,,,
c459376cfb31f21d,2,ride,5093,45480.0,12:38:00,S1_planned_service,panel_od_022,12:30:00,1788,180.0,78591008,749,local_bus,1,12:35:00,12:38:00,64.0468242961797,True,False,,0,0,
c459376cfb31f21d,3,ride,5095,45600.0,12:40:00,S1_planned_service,panel_od_022,12:30:00,5093,120.0,78591008,749,local_bus,1,12:38:00,12:40:00,0.0,False,True,,0,0,
c459376cfb31f21d,4,ride,15095,45660.0,12:41:00,S1_planned_service,panel_od_022,12:30:00,5095,60.0,78591008,749,local_bus,1,12:40:00,12:41:00,0.0,False,True,,0,0,
c459376cfb31f21d,5,ride,6565,45840.0,12:44:00,S1_planned_service,panel_od_022,12:30:00,15095,180.0,78591008,749,local_bus,1,12:41:00,12:44:00,0.0,False,True,,0,0,
c459376cfb31f21d,6,egress_walk,,46472.0,12:54:32,S1_planned_service,panel_od_022,12:30:00,6565,632.1961403589293,,,,,,,,,,,,,
9aab3911f93c700f,1,access_walk,1788,45235.95317570382,12:33:55,S2_exploratory_gps_overlay,panel_od_022,12:30:00,,235.95317570381988,,,,,,,,,,,,,
9aab3911f93c700f,2,ride,5093,45386.0,12:36:26,S2_exploratory_gps_overlay,panel_od_022,12:30:00,1788,86.0,78591008,749,local_bus,1,12:35:00,12:36:26,64.0468242961797,True,False,,0,0,gps_midday_stop_pair_09
9aab3911f93c700f,3,ride,5095,45506.0,12:38:26,S2_exploratory_gps_overlay,panel_od_022,12:30:00,5093,120.0,78591008,749,local_bus,1,12:36:26,12:38:26,0.0,False,True,,0,0,gps_midday_stop_pair_09
9aab3911f93c700f,4,ride,15095,45566.0,12:39:26,S2_exploratory_gps_overlay,panel_od_022,12:30:00,5095,60.0,78591008,749,local_bus,1,12:38:26,12:39:26,0.0,False,True,,0,0,gps_midday_stop_pair_09
9aab3911f93c700f,5,ride,6565,45746.0,12:42:26,S2_exploratory_gps_overlay,panel_od_022,12:30:00,15095,180.0,78591008,749,local_bus,1,12:39:26,12:42:26,0.0,False,True,,0,0,gps_midday_stop_pair_09
9aab3911f93c700f,6,egress_walk,,46378.0,12:52:58,S2_exploratory_gps_overlay,panel_od_022,12:30:00,6565,632.1961403589293,,,,,,,,,,,,,
c459376cfb31f21d,1,access_walk,1788,45235.95317570382,12:33:55,Srestore_overlay_off_recomputed,panel_od_022,12:30:00,,235.95317570381988,,,,,,,,,,,,,
c459376cfb31f21d,2,ride,5093,45480.0,12:38:00,Srestore_overlay_off_recomputed,panel_od_022,12:30:00,1788,180.0,78591008,749,local_bus,1,12:35:00,12:38:00,64.0468242961797,True,False,,0,0,
c459376cfb31f21d,3,ride,5095,45600.0,12:40:00,Srestore_overlay_off_recomputed,panel_od_022,12:30:00,5093,120.0,78591008,749,local_bus,1,12:38:00,12:40:00,0.0,False,True,,0,0,
c459376cfb31f21d,4,ride,15095,45660.0,12:41:00,Srestore_overlay_off_recomputed,panel_od_022,12:30:00,5095,60.0,78591008,749,local_bus,1,12:40:00,12:41:00,0.0,False,True,,0,0,
c459376cfb31f21d,5,ride,6565,45840.0,12:44:00,Srestore_overlay_off_recomputed,panel_od_022,12:30:00,15095,180.0,78591008,749,local_bus,1,12:41:00,12:44:00,0.0,False,True,,0,0,
c459376cfb31f21d,6,egress_walk,,46472.0,12:54:32,Srestore_overlay_off_recomputed,panel_od_022,12:30:00,6565,632.1961403589293,,,,,,,,,,,,,
3874cbab7af362db,1,access_walk,70015,46390.709011998326,12:53:10,S1_planned_service,panel_od_022,12:40:00,,790.709011998326,,,,,,,,,,,,,
3874cbab7af362db,2,ride,70017,46560.0,12:56:00,S1_planned_service,panel_od_022,12:40:00,70015,120.0,77798301,Orange,rapid_transit,1,12:54:00,12:56:00,49.29098800167412,True,False,,0,0,
3874cbab7af362db,3,ride,70019,46620.0,12:57:00,S1_planned_service,panel_od_022,12:40:00,70017,60.0,77798301,Orange,rapid_transit,1,12:56:00,12:57:00,0.0,False,True,,0,0,
3874cbab7af362db,4,ride,70021,46680.0,12:58:00,S1_planned_service,panel_od_022,12:40:00,70019,60.0,77798301,Orange,rapid_transit,1,12:57:00,12:58:00,0.0,False,True,,0,0,
3874cbab7af362db,5,egress_walk,,46881.0,13:01:21,S1_planned_service,panel_od_022,12:40:00,70021,201.41683546478257,,,,,,,,,,,,,
3874cbab7af362db,1,access_walk,70015,46390.709011998326,12:53:10,S2_exploratory_gps_overlay,panel_od_022,12:40:00,,790.709011998326,,,,,,,,,,,,,
3874cbab7af362db,2,ride,70017,46560.0,12:56:00,S2_exploratory_gps_overlay,panel_od_022,12:40:00,70015,120.0,77798301,Orange,rapid_transit,1,12:54:00,12:56:00,49.29098800167412,True,False,,0,0,
3874cbab7af362db,3,ride,70019,46620.0,12:57:00,S2_exploratory_gps_overlay,panel_od_022,12:40:00,70017,60.0,77798301,Orange,rapid_transit,1,12:56:00,12:57:00,0.0,False,True,,0,0,
3874cbab7af362db,4,ride,70021,46680.0,12:58:00,S2_exploratory_gps_overlay,panel_od_022,12:40:00,70019,60.0,77798301,Orange,rapid_transit,1,12:57:00,12:58:00,0.0,False,True,,0,0,
3874cbab7af362db,5,egress_walk,,46881.0,13:01:21,S2_exploratory_gps_overlay,panel_od_022,12:40:00,70021,201.41683546478257,,,,,,,,,,,,,
3874cbab7af362db,1,access_walk,70015,46390.709011998326,12:53:10,Srestore_overlay_off_recomputed,panel_od_022,12:40:00,,790.709011998326,,,,,,,,,,,,,
3874cbab7af362db,2,ride,70017,46560.0,12:56:00,Srestore_overlay_off_recomputed,panel_od_022,12:40:00,70015,120.0,77798301,Orange,rapid_transit,1,12:54:00,12:56:00,49.29098800167412,True,False,,0,0,
3874cbab7af362db,3,ride,70019,46620.0,12:57:00,Srestore_overlay_off_recomputed,panel_od_022,12:40:00,70017,60.0,77798301,Orange,rapid_transit,1,12:56:00,12:57:00,0.0,False,True,,0,0,
3874cbab7af362db,4,ride,70021,46680.0,12:58:00,Srestore_overlay_off_recomputed,panel_od_022,12:40:00,70019,60.0,77798301,Orange,rapid_transit,1,12:57:00,12:58:00,0.0,False,True,,0,0,
3874cbab7af362db,5,egress_walk,,46881.0,13:01:21,Srestore_overlay_off_recomputed,panel_od_022,12:40:00,70021,201.41683546478257,,,,,,,,,,,,,
09fcbda1ce90c7df,1,access_walk,5093,46474.40596002108,12:54:34,S1_planned_service,panel_od_022,12:50:00,,274.40596002107895,,,,,,,,,,,,,
09fcbda1ce90c7df,2,ride,5095,46620.0,12:57:00,S1_planned_service,panel_od_022,12:50:00,5093,120.0,78591835,751,local_bus,1,12:55:00,12:57:00,25.594039978917863,True,False,,0,0,
09fcbda1ce90c7df,3,ride,15095,46680.0,12:58:00,S1_planned_service,panel_od_022,12:50:00,5095,60.0,78591835,751,local_bus,1,12:57:00,12:58:00,0.0,False,True,,0,0,
09fcbda1ce90c7df,4,ride,6565,46800.0,13:00:00,S1_planned_service,panel_od_022,12:50:00,15095,120.0,78591835,751,local_bus,1,12:58:00,13:00:00,0.0,False,True,,0,0,
09fcbda1ce90c7df,5,egress_walk,,47432.0,13:10:32,S1_planned_service,panel_od_022,12:50:00,6565,632.1961403589293,,,,,,,,,,,,,
93482db6f5d06c10,1,access_walk,5093,46474.40596002108,12:54:34,S2_exploratory_gps_overlay,panel_od_022,12:50:00,,274.40596002107895,,,,,,,,,,,,,
93482db6f5d06c10,2,ride,5095,46620.0,12:57:00,S2_exploratory_gps_overlay,panel_od_022,12:50:00,5093,120.0,78591835,751,local_bus,1,12:55:00,12:57:00,25.594039978917863,True,False,,0,0,
93482db6f5d06c10,3,ride,15095,46653.0,12:57:33,S2_exploratory_gps_overlay,panel_od_022,12:50:00,5095,33.0,78591835,751,local_bus,1,12:57:00,12:57:33,0.0,False,True,,0,0,gps_midday_stop_pair_13
93482db6f5d06c10,4,ride,6565,46781.0,12:59:41,S2_exploratory_gps_overlay,panel_od_022,12:50:00,15095,128.0,78591835,751,local_bus,1,12:57:33,12:59:41,0.0,False,True,,0,0,gps_midday_stop_pair_13;gps_midday_stop_pair_12
93482db6f5d06c10,5,egress_walk,,47413.0,13:10:13,S2_exploratory_gps_overlay,panel_od_022,12:50:00,6565,632.1961403589293,,,,,,,,,,,,,
09fcbda1ce90c7df,1,access_walk,5093,46474.40596002108,12:54:34,Srestore_overlay_off_recomputed,panel_od_022,12:50:00,,274.40596002107895,,,,,,,,,,,,,
09fcbda1ce90c7df,2,ride,5095,46620.0,12:57:00,Srestore_overlay_off_recomputed,panel_od_022,12:50:00,5093,120.0,78591835,751,local_bus,1,12:55:00,12:57:00,25.594039978917863,True,False,,0,0,
09fcbda1ce90c7df,3,ride,15095,46680.0,12:58:00,Srestore_overlay_off_recomputed,panel_od_022,12:50:00,5095,60.0,78591835,751,local_bus,1,12:57:00,12:58:00,0.0,False,True,,0,0,
09fcbda1ce90c7df,4,ride,6565,46800.0,13:00:00,Srestore_overlay_off_recomputed,panel_od_022,12:50:00,15095,120.0,78591835,751,local_bus,1,12:58:00,13:00:00,0.0,False,True,,0,0,
09fcbda1ce90c7df,5,egress_walk,,47432.0,13:10:32,Srestore_overlay_off_recomputed,panel_od_022,12:50:00,6565,632.1961403589293,,,,,,,,,,,,,
eb953a9a3ae478aa,1,access_walk,5093,45093.04743698797,12:31:33,S1_planned_service,panel_od_024,12:30:00,,93.04743698796338,,,,,,,,,,,,,
eb953a9a3ae478aa,2,ride,5095,45300.0,12:35:00,S1_planned_service,panel_od_024,12:30:00,5093,120.0,78591748,751,local_bus,1,12:33:00,12:35:00,86.95256301203335,True,False,,0,0,
eb953a9a3ae478aa,3,ride,15095,45360.0,12:36:00,S1_planned_service,panel_od_024,12:30:00,5095,60.0,78591748,751,local_bus,1,12:35:00,12:36:00,0.0,False,True,,0,0,
eb953a9a3ae478aa,4,ride,6565,45480.0,12:38:00,S1_planned_service,panel_od_024,12:30:00,15095,120.0,78591748,751,local_bus,1,12:36:00,12:38:00,0.0,False,True,,0,0,
eb953a9a3ae478aa,5,egress_walk,,46383.0,12:53:03,S1_planned_service,panel_od_024,12:30:00,6565,903.1428314381519,,,,,,,,,,,,,
ee0c499e281e2073,1,access_walk,5093,45093.04743698797,12:31:33,S2_exploratory_gps_overlay,panel_od_024,12:30:00,,93.04743698796338,,,,,,,,,,,,,
ee0c499e281e2073,2,ride,5095,45300.0,12:35:00,S2_exploratory_gps_overlay,panel_od_024,12:30:00,5093,120.0,78591748,751,local_bus,1,12:33:00,12:35:00,86.95256301203335,True,False,,0,0,
ee0c499e281e2073,3,ride,15095,45333.0,12:35:33,S2_exploratory_gps_overlay,panel_od_024,12:30:00,5095,33.0,78591748,751,local_bus,1,12:35:00,12:35:33,0.0,False,True,,0,0,gps_midday_stop_pair_13
ee0c499e281e2073,4,ride,6565,45461.0,12:37:41,S2_exploratory_gps_overlay,panel_od_024,12:30:00,15095,128.0,78591748,751,local_bus,1,12:35:33,12:37:41,0.0,False,True,,0,0,gps_midday_stop_pair_13;gps_midday_stop_pair_12
ee0c499e281e2073,5,egress_walk,,46364.0,12:52:44,S2_exploratory_gps_overlay,panel_od_024,12:30:00,6565,903.1428314381519,,,,,,,,,,,,,
eb953a9a3ae478aa,1,access_walk,5093,45093.04743698797,12:31:33,Srestore_overlay_off_recomputed,panel_od_024,12:30:00,,93.04743698796338,,,,,,,,,,,,,
eb953a9a3ae478aa,2,ride,5095,45300.0,12:35:00,Srestore_overlay_off_recomputed,panel_od_024,12:30:00,5093,120.0,78591748,751,local_bus,1,12:33:00,12:35:00,86.95256301203335,True,False,,0,0,
eb953a9a3ae478aa,3,ride,15095,45360.0,12:36:00,Srestore_overlay_off_recomputed,panel_od_024,12:30:00,5095,60.0,78591748,751,local_bus,1,12:35:00,12:36:00,0.0,False,True,,0,0,
eb953a9a3ae478aa,4,ride,6565,45480.0,12:38:00,Srestore_overlay_off_recomputed,panel_od_024,12:30:00,15095,120.0,78591748,751,local_bus,1,12:36:00,12:38:00,0.0,False,True,,0,0,
eb953a9a3ae478aa,5,egress_walk,,46383.0,12:53:03,Srestore_overlay_off_recomputed,panel_od_024,12:30:00,6565,903.1428314381519,,,,,,,,,,,,,
b14b93354a3fa735,1,access_walk,70015,46292.745273254004,12:51:32,S1_planned_service,panel_od_024,12:40:00,,692.7452732540025,,,,,,,,,,,,,
b14b93354a3fa735,2,ride,70017,46560.0,12:56:00,S1_planned_service,panel_od_024,12:40:00,70015,120.0,77798301,Orange,rapid_transit,1,12:54:00,12:56:00,147.25472674599587,True,False,,0,0,
b14b93354a3fa735,3,ride,70019,46620.0,12:57:00,S1_planned_service,panel_od_024,12:40:00,70017,60.0,77798301,Orange,rapid_transit,1,12:56:00,12:57:00,0.0,False,True,,0,0,
b14b93354a3fa735,4,ride,70021,46680.0,12:58:00,S1_planned_service,panel_od_024,12:40:00,70019,60.0,77798301,Orange,rapid_transit,1,12:57:00,12:58:00,0.0,False,True,,0,0,
b14b93354a3fa735,5,egress_walk,,47213.0,13:06:53,S1_planned_service,panel_od_024,12:40:00,70021,533.1198700298758,,,,,,,,,,,,,
b14b93354a3fa735,1,access_walk,70015,46292.745273254004,12:51:32,S2_exploratory_gps_overlay,panel_od_024,12:40:00,,692.7452732540025,,,,,,,,,,,,,
b14b93354a3fa735,2,ride,70017,46560.0,12:56:00,S2_exploratory_gps_overlay,panel_od_024,12:40:00,70015,120.0,77798301,Orange,rapid_transit,1,12:54:00,12:56:00,147.25472674599587,True,False,,0,0,
b14b93354a3fa735,3,ride,70019,46620.0,12:57:00,S2_exploratory_gps_overlay,panel_od_024,12:40:00,70017,60.0,77798301,Orange,rapid_transit,1,12:56:00,12:57:00,0.0,False,True,,0,0,
b14b93354a3fa735,4,ride,70021,46680.0,12:58:00,S2_exploratory_gps_overlay,panel_od_024,12:40:00,70019,60.0,77798301,Orange,rapid_transit,1,12:57:00,12:58:00,0.0,False,True,,0,0,
b14b93354a3fa735,5,egress_walk,,47213.0,13:06:53,S2_exploratory_gps_overlay,panel_od_024,12:40:00,70021,533.1198700298758,,,,,,,,,,,,,
b14b93354a3fa735,1,access_walk,70015,46292.745273254004,12:51:32,Srestore_overlay_off_recomputed,panel_od_024,12:40:00,,692.7452732540025,,,,,,,,,,,,,
b14b93354a3fa735,2,ride,70017,46560.0,12:56:00,Srestore_overlay_off_recomputed,panel_od_024,12:40:00,70015,120.0,77798301,Orange,rapid_transit,1,12:54:00,12:56:00,147.25472674599587,True,False,,0,0,
b14b93354a3fa735,3,ride,70019,46620.0,12:57:00,Srestore_overlay_off_recomputed,panel_od_024,12:40:00,70017,60.0,77798301,Orange,rapid_transit,1,12:56:00,12:57:00,0.0,False,True,,0,0,
b14b93354a3fa735,4,ride,70021,46680.0,12:58:00,Srestore_overlay_off_recomputed,panel_od_024,12:40:00,70019,60.0,77798301,Orange,rapid_transit,1,12:57:00,12:58:00,0.0,False,True,,0,0,
b14b93354a3fa735,5,egress_walk,,47213.0,13:06:53,Srestore_overlay_off_recomputed,panel_od_024,12:40:00,70021,533.1198700298758,,,,,,,,,,,,,
4ed606cde06a2c11,1,access_walk,5093,46293.04743698797,12:51:33,S1_planned_service,panel_od_024,12:50:00,,93.04743698796338,,,,,,,,,,,,,
4ed606cde06a2c11,2,ride,5095,46620.0,12:57:00,S1_planned_service,panel_od_024,12:50:00,5093,120.0,78591835,751,local_bus,1,12:55:00,12:57:00,206.95256301203335,True,False,,0,0,
4ed606cde06a2c11,3,ride,15095,46680.0,12:58:00,S1_planned_service,panel_od_024,12:50:00,5095,60.0,78591835,751,local_bus,1,12:57:00,12:58:00,0.0,False,True,,0,0,
4ed606cde06a2c11,4,ride,6565,46800.0,13:00:00,S1_planned_service,panel_od_024,12:50:00,15095,120.0,78591835,751,local_bus,1,12:58:00,13:00:00,0.0,False,True,,0,0,
4ed606cde06a2c11,5,egress_walk,,47703.0,13:15:03,S1_planned_service,panel_od_024,12:50:00,6565,903.1428314381519,,,,,,,,,,,,,
51816c0f8d7bd6da,1,access_walk,5093,46293.04743698797,12:51:33,S2_exploratory_gps_overlay,panel_od_024,12:50:00,,93.04743698796338,,,,,,,,,,,,,
51816c0f8d7bd6da,2,ride,5095,46620.0,12:57:00,S2_exploratory_gps_overlay,panel_od_024,12:50:00,5093,120.0,78591835,751,local_bus,1,12:55:00,12:57:00,206.95256301203335,True,False,,0,0,
51816c0f8d7bd6da,3,ride,15095,46653.0,12:57:33,S2_exploratory_gps_overlay,panel_od_024,12:50:00,5095,33.0,78591835,751,local_bus,1,12:57:00,12:57:33,0.0,False,True,,0,0,gps_midday_stop_pair_13
51816c0f8d7bd6da,4,ride,6565,46781.0,12:59:41,S2_exploratory_gps_overlay,panel_od_024,12:50:00,15095,128.0,78591835,751,local_bus,1,12:57:33,12:59:41,0.0,False,True,,0,0,gps_midday_stop_pair_13;gps_midday_stop_pair_12
51816c0f8d7bd6da,5,egress_walk,,47684.0,13:14:44,S2_exploratory_gps_overlay,panel_od_024,12:50:00,6565,903.1428314381519,,,,,,,,,,,,,
4ed606cde06a2c11,1,access_walk,5093,46293.04743698797,12:51:33,Srestore_overlay_off_recomputed,panel_od_024,12:50:00,,93.04743698796338,,,,,,,,,,,,,
4ed606cde06a2c11,2,ride,5095,46620.0,12:57:00,Srestore_overlay_off_recomputed,panel_od_024,12:50:00,5093,120.0,78591835,751,local_bus,1,12:55:00,12:57:00,206.95256301203335,True,False,,0,0,
4ed606cde06a2c11,3,ride,15095,46680.0,12:58:00,Srestore_overlay_off_recomputed,panel_od_024,12:50:00,5095,60.0,78591835,751,local_bus,1,12:57:00,12:58:00,0.0,False,True,,0,0,
4ed606cde06a2c11,4,ride,6565,46800.0,13:00:00,Srestore_overlay_off_recomputed,panel_od_024,12:50:00,15095,120.0,78591835,751,local_bus,1,12:58:00,13:00:00,0.0,False,True,,0,0,
4ed606cde06a2c11,5,egress_walk,,47703.0,13:15:03,Srestore_overlay_off_recomputed,panel_od_024,12:50:00,6565,903.1428314381519,,,,,,,,,,,,,
69eeb031621d2e4b,1,access_walk,73,45457.69588797754,12:37:37,S1_planned_service,panel_od_025,12:30:00,,457.6958879775427,,,,,,,,,,,,,
69eeb031621d2e4b,2,ride,74,45900.0,12:45:00,S1_planned_service,panel_od_025,12:30:00,73,120.0,78182066,1,local_bus,1,12:43:00,12:45:00,322.30411202245887,True,False,,0,0,
69eeb031621d2e4b,3,ride,75,45960.0,12:46:00,S1_planned_service,panel_od_025,12:30:00,74,60.0,78182066,1,local_bus,1,12:45:00,12:46:00,0.0,False,True,,0,0,
69eeb031621d2e4b,4,ride,77,46320.0,12:52:00,S1_planned_service,panel_od_025,12:30:00,75,360.0,78182066,1,local_bus,1,12:46:00,12:52:00,0.0,False,True,,0,0,
69eeb031621d2e4b,5,ride,79,46440.0,12:54:00,S1_planned_service,panel_od_025,12:30:00,77,120.0,78182066,1,local_bus,1,12:52:00,12:54:00,0.0,False,True,,0,0,
69eeb031621d2e4b,6,egress_walk,,46906.0,13:01:46,S1_planned_service,panel_od_025,12:30:00,79,465.62872168235947,,,,,,,,,,,,,
69eeb031621d2e4b,1,access_walk,73,45457.69588797754,12:37:37,S2_exploratory_gps_overlay,panel_od_025,12:30:00,,457.6958879775427,,,,,,,,,,,,,
69eeb031621d2e4b,2,ride,74,45900.0,12:45:00,S2_exploratory_gps_overlay,panel_od_025,12:30:00,73,120.0,78182066,1,local_bus,1,12:43:00,12:45:00,322.30411202245887,True,False,,0,0,
69eeb031621d2e4b,3,ride,75,45960.0,12:46:00,S2_exploratory_gps_overlay,panel_od_025,12:30:00,74,60.0,78182066,1,local_bus,1,12:45:00,12:46:00,0.0,False,True,,0,0,
69eeb031621d2e4b,4,ride,77,46320.0,12:52:00,S2_exploratory_gps_overlay,panel_od_025,12:30:00,75,360.0,78182066,1,local_bus,1,12:46:00,12:52:00,0.0,False,True,,0,0,
69eeb031621d2e4b,5,ride,79,46440.0,12:54:00,S2_exploratory_gps_overlay,panel_od_025,12:30:00,77,120.0,78182066,1,local_bus,1,12:52:00,12:54:00,0.0,False,True,,0,0,
69eeb031621d2e4b,6,egress_walk,,46906.0,13:01:46,S2_exploratory_gps_overlay,panel_od_025,12:30:00,79,465.62872168235947,,,,,,,,,,,,,
69eeb031621d2e4b,1,access_walk,73,45457.69588797754,12:37:37,Srestore_overlay_off_recomputed,panel_od_025,12:30:00,,457.6958879775427,,,,,,,,,,,,,
69eeb031621d2e4b,2,ride,74,45900.0,12:45:00,Srestore_overlay_off_recomputed,panel_od_025,12:30:00,73,120.0,78182066,1,local_bus,1,12:43:00,12:45:00,322.30411202245887,True,False,,0,0,
69eeb031621d2e4b,3,ride,75,45960.0,12:46:00,Srestore_overlay_off_recomputed,panel_od_025,12:30:00,74,60.0,78182066,1,local_bus,1,12:45:00,12:46:00,0.0,False,True,,0,0,
69eeb031621d2e4b,4,ride,77,46320.0,12:52:00,Srestore_overlay_off_recomputed,panel_od_025,12:30:00,75,360.0,78182066,1,local_bus,1,12:46:00,12:52:00,0.0,False,True,,0,0,
69eeb031621d2e4b,5,ride,79,46440.0,12:54:00,Srestore_overlay_off_recomputed,panel_od_025,12:30:00,77,120.0,78182066,1,local_bus,1,12:52:00,12:54:00,0.0,False,True,,0,0,
69eeb031621d2e4b,6,egress_walk,,46906.0,13:01:46,Srestore_overlay_off_recomputed,panel_od_025,12:30:00,79,465.62872168235947,,,,,,,,,,,,,
d1cd5453f60f26b3,1,access_walk,73,46057.69588797754,12:47:37,S1_planned_service,panel_od_025,12:40:00,,457.6958879775427,,,,,,,,,,,,,
d1cd5453f60f26b3,2,ride,74,46620.0,12:57:00,S1_planned_service,panel_od_025,12:40:00,73,120.0,78182102,1,local_bus,1,12:55:00,12:57:00,442.30411202245887,True,False,,0,0,
d1cd5453f60f26b3,3,ride,75,46680.0,12:58:00,S1_planned_service,panel_od_025,12:40:00,74,60.0,78182102,1,local_bus,1,12:57:00,12:58:00,0.0,False,True,,0,0,
d1cd5453f60f26b3,4,ride,77,47040.0,13:04:00,S1_planned_service,panel_od_025,12:40:00,75,360.0,78182102,1,local_bus,1,12:58:00,13:04:00,0.0,False,True,,0,0,
d1cd5453f60f26b3,5,ride,79,47160.0,13:06:00,S1_planned_service,panel_od_025,12:40:00,77,120.0,78182102,1,local_bus,1,13:04:00,13:06:00,0.0,False,True,,0,0,
d1cd5453f60f26b3,6,egress_walk,,47626.0,13:13:46,S1_planned_service,panel_od_025,12:40:00,79,465.62872168235947,,,,,,,,,,,,,
d1cd5453f60f26b3,1,access_walk,73,46057.69588797754,12:47:37,S2_exploratory_gps_overlay,panel_od_025,12:40:00,,457.6958879775427,,,,,,,,,,,,,
d1cd5453f60f26b3,2,ride,74,46620.0,12:57:00,S2_exploratory_gps_overlay,panel_od_025,12:40:00,73,120.0,78182102,1,local_bus,1,12:55:00,12:57:00,442.30411202245887,True,False,,0,0,
d1cd5453f60f26b3,3,ride,75,46680.0,12:58:00,S2_exploratory_gps_overlay,panel_od_025,12:40:00,74,60.0,78182102,1,local_bus,1,12:57:00,12:58:00,0.0,False,True,,0,0,
d1cd5453f60f26b3,4,ride,77,47040.0,13:04:00,S2_exploratory_gps_overlay,panel_od_025,12:40:00,75,360.0,78182102,1,local_bus,1,12:58:00,13:04:00,0.0,False,True,,0,0,
d1cd5453f60f26b3,5,ride,79,47160.0,13:06:00,S2_exploratory_gps_overlay,panel_od_025,12:40:00,77,120.0,78182102,1,local_bus,1,13:04:00,13:06:00,0.0,False,True,,0,0,
d1cd5453f60f26b3,6,egress_walk,,47626.0,13:13:46,S2_exploratory_gps_overlay,panel_od_025,12:40:00,79,465.62872168235947,,,,,,,,,,,,,
d1cd5453f60f26b3,1,access_walk,73,46057.69588797754,12:47:37,Srestore_overlay_off_recomputed,panel_od_025,12:40:00,,457.6958879775427,,,,,,,,,,,,,
d1cd5453f60f26b3,2,ride,74,46620.0,12:57:00,Srestore_overlay_off_recomputed,panel_od_025,12:40:00,73,120.0,78182102,1,local_bus,1,12:55:00,12:57:00,442.30411202245887,True,False,,0,0,
d1cd5453f60f26b3,3,ride,75,46680.0,12:58:00,Srestore_overlay_off_recomputed,panel_od_025,12:40:00,74,60.0,78182102,1,local_bus,1,12:57:00,12:58:00,0.0,False,True,,0,0,
d1cd5453f60f26b3,4,ride,77,47040.0,13:04:00,Srestore_overlay_off_recomputed,panel_od_025,12:40:00,75,360.0,78182102,1,local_bus,1,12:58:00,13:04:00,0.0,False,True,,0,0,
d1cd5453f60f26b3,5,ride,79,47160.0,13:06:00,Srestore_overlay_off_recomputed,panel_od_025,12:40:00,77,120.0,78182102,1,local_bus,1,13:04:00,13:06:00,0.0,False,True,,0,0,
d1cd5453f60f26b3,6,egress_walk,,47626.0,13:13:46,Srestore_overlay_off_recomputed,panel_od_025,12:40:00,79,465.62872168235947,,,,,,,,,,,,,
a1a81397024c728e,1,access_walk,70069,46792.92803090463,12:59:52,S1_planned_service,panel_od_025,12:50:00,,592.9280309046294,,,,,,,,,,,,,
a1a81397024c728e,2,ride,70071,46920.0,13:02:00,S1_planned_service,panel_od_025,12:50:00,70069,120.0,77871112,Red,rapid_transit,0,13:00:00,13:02:00,7.07196909537015,True,False,,0,0,
a1a81397024c728e,3,ride,70073,47040.0,13:04:00,S1_planned_service,panel_od_025,12:50:00,70071,120.0,77871112,Red,rapid_transit,0,13:02:00,13:04:00,0.0,False,True,,0,0,
a1a81397024c728e,4,ride,70075,47160.0,13:06:00,S1_planned_service,panel_od_025,12:50:00,70073,120.0,77871112,Red,rapid_transit,0,13:04:00,13:06:00,0.0,False,True,,0,0,
a1a81397024c728e,5,transfer_walk,70196,47222.0,13:07:02,S1_planned_service,panel_od_025,12:50:00,70075,62.0,,,,,,,,,,,,,
a1a81397024c728e,6,ride,70159,47580.0,13:13:00,S1_planned_service,panel_od_025,12:50:00,70196,120.0,77745825,Green-B,rapid_transit,0,13:11:00,13:13:00,238.0,True,False,771.0,0,0,
a1a81397024c728e,7,ride,70157,47700.0,13:15:00,S1_planned_service,panel_od_025,12:50:00,70159,120.0,77745825,Green-B,rapid_transit,0,13:13:00,13:15:00,0.0,False,True,,0,0,
a1a81397024c728e,8,ride,70155,47820.0,13:17:00,S1_planned_service,panel_od_025,12:50:00,70157,120.0,77745825,Green-B,rapid_transit,0,13:15:00,13:17:00,0.0,False,True,,0,0,
a1a81397024c728e,9,egress_walk,,48334.0,13:25:34,S1_planned_service,panel_od_025,12:50:00,70155,514.4592732337676,,,,,,,,,,,,,
a1a81397024c728e,1,access_walk,70069,46792.92803090463,12:59:52,S2_exploratory_gps_overlay,panel_od_025,12:50:00,,592.9280309046294,,,,,,,,,,,,,
a1a81397024c728e,2,ride,70071,46920.0,13:02:00,S2_exploratory_gps_overlay,panel_od_025,12:50:00,70069,120.0,77871112,Red,rapid_transit,0,13:00:00,13:02:00,7.07196909537015,True,False,,0,0,
a1a81397024c728e,3,ride,70073,47040.0,13:04:00,S2_exploratory_gps_overlay,panel_od_025,12:50:00,70071,120.0,77871112,Red,rapid_transit,0,13:02:00,13:04:00,0.0,False,True,,0,0,
a1a81397024c728e,4,ride,70075,47160.0,13:06:00,S2_exploratory_gps_overlay,panel_od_025,12:50:00,70073,120.0,77871112,Red,rapid_transit,0,13:04:00,13:06:00,0.0,False,True,,0,0,
a1a81397024c728e,5,transfer_walk,70196,47222.0,13:07:02,S2_exploratory_gps_overlay,panel_od_025,12:50:00,70075,62.0,,,,,,,,,,,,,
a1a81397024c728e,6,ride,70159,47580.0,13:13:00,S2_exploratory_gps_overlay,panel_od_025,12:50:00,70196,120.0,77745825,Green-B,rapid_transit,0,13:11:00,13:13:00,238.0,True,False,771.0,0,0,
a1a81397024c728e,7,ride,70157,47700.0,13:15:00,S2_exploratory_gps_overlay,panel_od_025,12:50:00,70159,120.0,77745825,Green-B,rapid_transit,0,13:13:00,13:15:00,0.0,False,True,,0,0,
a1a81397024c728e,8,ride,70155,47820.0,13:17:00,S2_exploratory_gps_overlay,panel_od_025,12:50:00,70157,120.0,77745825,Green-B,rapid_transit,0,13:15:00,13:17:00,0.0,False,True,,0,0,
a1a81397024c728e,9,egress_walk,,48334.0,13:25:34,S2_exploratory_gps_overlay,panel_od_025,12:50:00,70155,514.4592732337676,,,,,,,,,,,,,
a1a81397024c728e,1,access_walk,70069,46792.92803090463,12:59:52,Srestore_overlay_off_recomputed,panel_od_025,12:50:00,,592.9280309046294,,,,,,,,,,,,,
a1a81397024c728e,2,ride,70071,46920.0,13:02:00,Srestore_overlay_off_recomputed,panel_od_025,12:50:00,70069,120.0,77871112,Red,rapid_transit,0,13:00:00,13:02:00,7.07196909537015,True,False,,0,0,
a1a81397024c728e,3,ride,70073,47040.0,13:04:00,Srestore_overlay_off_recomputed,panel_od_025,12:50:00,70071,120.0,77871112,Red,rapid_transit,0,13:02:00,13:04:00,0.0,False,True,,0,0,
a1a81397024c728e,4,ride,70075,47160.0,13:06:00,Srestore_overlay_off_recomputed,panel_od_025,12:50:00,70073,120.0,77871112,Red,rapid_transit,0,13:04:00,13:06:00,0.0,False,True,,0,0,
a1a81397024c728e,5,transfer_walk,70196,47222.0,13:07:02,Srestore_overlay_off_recomputed,panel_od_025,12:50:00,70075,62.0,,,,,,,,,,,,,
a1a81397024c728e,6,ride,70159,47580.0,13:13:00,Srestore_overlay_off_recomputed,panel_od_025,12:50:00,70196,120.0,77745825,Green-B,rapid_transit,0,13:11:00,13:13:00,238.0,True,False,771.0,0,0,
a1a81397024c728e,7,ride,70157,47700.0,13:15:00,Srestore_overlay_off_recomputed,panel_od_025,12:50:00,70159,120.0,77745825,Green-B,rapid_transit,0,13:13:00,13:15:00,0.0,False,True,,0,0,
a1a81397024c728e,8,ride,70155,47820.0,13:17:00,Srestore_overlay_off_recomputed,panel_od_025,12:50:00,70157,120.0,77745825,Green-B,rapid_transit,0,13:15:00,13:17:00,0.0,False,True,,0,0,
a1a81397024c728e,9,egress_walk,,48334.0,13:25:34,Srestore_overlay_off_recomputed,panel_od_025,12:50:00,70155,514.4592732337676,,,,,,,,,,,,,
728a76eddba3bfea,1,access_walk,70069,45592.92803090463,12:39:52,S1_planned_service,panel_od_026,12:30:00,,592.9280309046294,,,,,,,,,,,,,
728a76eddba3bfea,2,ride,70071,45720.0,12:42:00,S1_planned_service,panel_od_026,12:30:00,70069,120.0,77871100,Red,rapid_transit,0,12:40:00,12:42:00,7.07196909537015,True,False,,0,0,
728a76eddba3bfea,3,ride,70073,45840.0,12:44:00,S1_planned_service,panel_od_026,12:30:00,70071,120.0,77871100,Red,rapid_transit,0,12:42:00,12:44:00,0.0,False,True,,0,0,
728a76eddba3bfea,4,ride,70075,45960.0,12:46:00,S1_planned_service,panel_od_026,12:30:00,70073,120.0,77871100,Red,rapid_transit,0,12:44:00,12:46:00,0.0,False,True,,0,0,
728a76eddba3bfea,5,ride,70077,46080.0,12:48:00,S1_planned_service,panel_od_026,12:30:00,70075,120.0,77871100,Red,rapid_transit,0,12:46:00,12:48:00,0.0,False,True,,0,0,
728a76eddba3bfea,6,egress_walk,,46518.0,12:55:18,S1_planned_service,panel_od_026,12:30:00,70077,437.85292198042964,,,,,,,,,,,,,
728a76eddba3bfea,1,access_walk,70069,45592.92803090463,12:39:52,S2_exploratory_gps_overlay,panel_od_026,12:30:00,,592.9280309046294,,,,,,,,,,,,,
728a76eddba3bfea,2,ride,70071,45720.0,12:42:00,S2_exploratory_gps_overlay,panel_od_026,12:30:00,70069,120.0,77871100,Red,rapid_transit,0,12:40:00,12:42:00,7.07196909537015,True,False,,0,0,
728a76eddba3bfea,3,ride,70073,45840.0,12:44:00,S2_exploratory_gps_overlay,panel_od_026,12:30:00,70071,120.0,77871100,Red,rapid_transit,0,12:42:00,12:44:00,0.0,False,True,,0,0,
728a76eddba3bfea,4,ride,70075,45960.0,12:46:00,S2_exploratory_gps_overlay,panel_od_026,12:30:00,70073,120.0,77871100,Red,rapid_transit,0,12:44:00,12:46:00,0.0,False,True,,0,0,
728a76eddba3bfea,5,ride,70077,46080.0,12:48:00,S2_exploratory_gps_overlay,panel_od_026,12:30:00,70075,120.0,77871100,Red,rapid_transit,0,12:46:00,12:48:00,0.0,False,True,,0,0,
728a76eddba3bfea,6,egress_walk,,46518.0,12:55:18,S2_exploratory_gps_overlay,panel_od_026,12:30:00,70077,437.85292198042964,,,,,,,,,,,,,
728a76eddba3bfea,1,access_walk,70069,45592.92803090463,12:39:52,Srestore_overlay_off_recomputed,panel_od_026,12:30:00,,592.9280309046294,,,,,,,,,,,,,
728a76eddba3bfea,2,ride,70071,45720.0,12:42:00,Srestore_overlay_off_recomputed,panel_od_026,12:30:00,70069,120.0,77871100,Red,rapid_transit,0,12:40:00,12:42:00,7.07196909537015,True,False,,0,0,
728a76eddba3bfea,3,ride,70073,45840.0,12:44:00,Srestore_overlay_off_recomputed,panel_od_026,12:30:00,70071,120.0,77871100,Red,rapid_transit,0,12:42:00,12:44:00,0.0,False,True,,0,0,
728a76eddba3bfea,4,ride,70075,45960.0,12:46:00,Srestore_overlay_off_recomputed,panel_od_026,12:30:00,70073,120.0,77871100,Red,rapid_transit,0,12:44:00,12:46:00,0.0,False,True,,0,0,
728a76eddba3bfea,5,ride,70077,46080.0,12:48:00,Srestore_overlay_off_recomputed,panel_od_026,12:30:00,70075,120.0,77871100,Red,rapid_transit,0,12:46:00,12:48:00,0.0,False,True,,0,0,
728a76eddba3bfea,6,egress_walk,,46518.0,12:55:18,Srestore_overlay_off_recomputed,panel_od_026,12:30:00,70077,437.85292198042964,,,,,,,,,,,,,
379bfded43c88fd7,1,access_walk,70069,46192.92803090463,12:49:52,S1_planned_service,panel_od_026,12:40:00,,592.9280309046294,,,,,,,,,,,,,
379bfded43c88fd7,2,ride,70071,46320.0,12:52:00,S1_planned_service,panel_od_026,12:40:00,70069,120.0,77871106,Red,rapid_transit,0,12:50:00,12:52:00,7.07196909537015,True,False,,0,0,
379bfded43c88fd7,3,ride,70073,46440.0,12:54:00,S1_planned_service,panel_od_026,12:40:00,70071,120.0,77871106,Red,rapid_transit,0,12:52:00,12:54:00,0.0,False,True,,0,0,
379bfded43c88fd7,4,ride,70075,46560.0,12:56:00,S1_planned_service,panel_od_026,12:40:00,70073,120.0,77871106,Red,rapid_transit,0,12:54:00,12:56:00,0.0,False,True,,0,0,
379bfded43c88fd7,5,ride,70077,46680.0,12:58:00,S1_planned_service,panel_od_026,12:40:00,70075,120.0,77871106,Red,rapid_transit,0,12:56:00,12:58:00,0.0,False,True,,0,0,
379bfded43c88fd7,6,egress_walk,,47118.0,13:05:18,S1_planned_service,panel_od_026,12:40:00,70077,437.85292198042964,,,,,,,,,,,,,
379bfded43c88fd7,1,access_walk,70069,46192.92803090463,12:49:52,S2_exploratory_gps_overlay,panel_od_026,12:40:00,,592.9280309046294,,,,,,,,,,,,,
379bfded43c88fd7,2,ride,70071,46320.0,12:52:00,S2_exploratory_gps_overlay,panel_od_026,12:40:00,70069,120.0,77871106,Red,rapid_transit,0,12:50:00,12:52:00,7.07196909537015,True,False,,0,0,
379bfded43c88fd7,3,ride,70073,46440.0,12:54:00,S2_exploratory_gps_overlay,panel_od_026,12:40:00,70071,120.0,77871106,Red,rapid_transit,0,12:52:00,12:54:00,0.0,False,True,,0,0,
379bfded43c88fd7,4,ride,70075,46560.0,12:56:00,S2_exploratory_gps_overlay,panel_od_026,12:40:00,70073,120.0,77871106,Red,rapid_transit,0,12:54:00,12:56:00,0.0,False,True,,0,0,
379bfded43c88fd7,5,ride,70077,46680.0,12:58:00,S2_exploratory_gps_overlay,panel_od_026,12:40:00,70075,120.0,77871106,Red,rapid_transit,0,12:56:00,12:58:00,0.0,False,True,,0,0,
379bfded43c88fd7,6,egress_walk,,47118.0,13:05:18,S2_exploratory_gps_overlay,panel_od_026,12:40:00,70077,437.85292198042964,,,,,,,,,,,,,
379bfded43c88fd7,1,access_walk,70069,46192.92803090463,12:49:52,Srestore_overlay_off_recomputed,panel_od_026,12:40:00,,592.9280309046294,,,,,,,,,,,,,
379bfded43c88fd7,2,ride,70071,46320.0,12:52:00,Srestore_overlay_off_recomputed,panel_od_026,12:40:00,70069,120.0,77871106,Red,rapid_transit,0,12:50:00,12:52:00,7.07196909537015,True,False,,0,0,
379bfded43c88fd7,3,ride,70073,46440.0,12:54:00,Srestore_overlay_off_recomputed,panel_od_026,12:40:00,70071,120.0,77871106,Red,rapid_transit,0,12:52:00,12:54:00,0.0,False,True,,0,0,
379bfded43c88fd7,4,ride,70075,46560.0,12:56:00,Srestore_overlay_off_recomputed,panel_od_026,12:40:00,70073,120.0,77871106,Red,rapid_transit,0,12:54:00,12:56:00,0.0,False,True,,0,0,
379bfded43c88fd7,5,ride,70077,46680.0,12:58:00,Srestore_overlay_off_recomputed,panel_od_026,12:40:00,70075,120.0,77871106,Red,rapid_transit,0,12:56:00,12:58:00,0.0,False,True,,0,0,
379bfded43c88fd7,6,egress_walk,,47118.0,13:05:18,Srestore_overlay_off_recomputed,panel_od_026,12:40:00,70077,437.85292198042964,,,,,,,,,,,,,
24aa43b36213d9e4,1,access_walk,70069,46792.92803090463,12:59:52,S1_planned_service,panel_od_026,12:50:00,,592.9280309046294,,,,,,,,,,,,,
24aa43b36213d9e4,2,ride,70071,46920.0,13:02:00,S1_planned_service,panel_od_026,12:50:00,70069,120.0,77871112,Red,rapid_transit,0,13:00:00,13:02:00,7.07196909537015,True,False,,0,0,
24aa43b36213d9e4,3,ride,70073,47040.0,13:04:00,S1_planned_service,panel_od_026,12:50:00,70071,120.0,77871112,Red,rapid_transit,0,13:02:00,13:04:00,0.0,False,True,,0,0,
24aa43b36213d9e4,4,ride,70075,47160.0,13:06:00,S1_planned_service,panel_od_026,12:50:00,70073,120.0,77871112,Red,rapid_transit,0,13:04:00,13:06:00,0.0,False,True,,0,0,
24aa43b36213d9e4,5,ride,70077,47280.0,13:08:00,S1_planned_service,panel_od_026,12:50:00,70075,120.0,77871112,Red,rapid_transit,0,13:06:00,13:08:00,0.0,False,True,,0,0,
24aa43b36213d9e4,6,egress_walk,,47718.0,13:15:18,S1_planned_service,panel_od_026,12:50:00,70077,437.85292198042964,,,,,,,,,,,,,
24aa43b36213d9e4,1,access_walk,70069,46792.92803090463,12:59:52,S2_exploratory_gps_overlay,panel_od_026,12:50:00,,592.9280309046294,,,,,,,,,,,,,
24aa43b36213d9e4,2,ride,70071,46920.0,13:02:00,S2_exploratory_gps_overlay,panel_od_026,12:50:00,70069,120.0,77871112,Red,rapid_transit,0,13:00:00,13:02:00,7.07196909537015,True,False,,0,0,
24aa43b36213d9e4,3,ride,70073,47040.0,13:04:00,S2_exploratory_gps_overlay,panel_od_026,12:50:00,70071,120.0,77871112,Red,rapid_transit,0,13:02:00,13:04:00,0.0,False,True,,0,0,
24aa43b36213d9e4,4,ride,70075,47160.0,13:06:00,S2_exploratory_gps_overlay,panel_od_026,12:50:00,70073,120.0,77871112,Red,rapid_transit,0,13:04:00,13:06:00,0.0,False,True,,0,0,
24aa43b36213d9e4,5,ride,70077,47280.0,13:08:00,S2_exploratory_gps_overlay,panel_od_026,12:50:00,70075,120.0,77871112,Red,rapid_transit,0,13:06:00,13:08:00,0.0,False,True,,0,0,
24aa43b36213d9e4,6,egress_walk,,47718.0,13:15:18,S2_exploratory_gps_overlay,panel_od_026,12:50:00,70077,437.85292198042964,,,,,,,,,,,,,
24aa43b36213d9e4,1,access_walk,70069,46792.92803090463,12:59:52,Srestore_overlay_off_recomputed,panel_od_026,12:50:00,,592.9280309046294,,,,,,,,,,,,,
24aa43b36213d9e4,2,ride,70071,46920.0,13:02:00,Srestore_overlay_off_recomputed,panel_od_026,12:50:00,70069,120.0,77871112,Red,rapid_transit,0,13:00:00,13:02:00,7.07196909537015,True,False,,0,0,
24aa43b36213d9e4,3,ride,70073,47040.0,13:04:00,Srestore_overlay_off_recomputed,panel_od_026,12:50:00,70071,120.0,77871112,Red,rapid_transit,0,13:02:00,13:04:00,0.0,False,True,,0,0,
24aa43b36213d9e4,4,ride,70075,47160.0,13:06:00,Srestore_overlay_off_recomputed,panel_od_026,12:50:00,70073,120.0,77871112,Red,rapid_transit,0,13:04:00,13:06:00,0.0,False,True,,0,0,
24aa43b36213d9e4,5,ride,70077,47280.0,13:08:00,Srestore_overlay_off_recomputed,panel_od_026,12:50:00,70075,120.0,77871112,Red,rapid_transit,0,13:06:00,13:08:00,0.0,False,True,,0,0,
24aa43b36213d9e4,6,egress_walk,,47718.0,13:15:18,Srestore_overlay_off_recomputed,panel_od_026,12:50:00,70077,437.85292198042964,,,,,,,,,,,,,
c39d4de9c3e7224e,1,access_walk,70069,45873.158127817725,12:44:33,S1_planned_service,panel_od_027,12:30:00,,873.158127817728,,,,,,,,,,,,,
c39d4de9c3e7224e,2,ride,70071,46020.0,12:47:00,S1_planned_service,panel_od_027,12:30:00,70069,120.0,77871417,Red,rapid_transit,0,12:45:00,12:47:00,26.84187218227453,True,False,,0,0,
c39d4de9c3e7224e,3,ride,70073,46140.0,12:49:00,S1_planned_service,panel_od_027,12:30:00,70071,120.0,77871417,Red,rapid_transit,0,12:47:00,12:49:00,0.0,False,True,,0,0,
c39d4de9c3e7224e,4,ride,70075,46260.0,12:51:00,S1_planned_service,panel_od_027,12:30:00,70073,120.0,77871417,Red,rapid_transit,0,12:49:00,12:51:00,0.0,False,True,,0,0,
c39d4de9c3e7224e,5,ride,70077,46380.0,12:53:00,S1_planned_service,panel_od_027,12:30:00,70075,120.0,77871417,Red,rapid_transit,0,12:51:00,12:53:00,0.0,False,True,,0,0,
c39d4de9c3e7224e,6,egress_walk,,46818.0,13:00:18,S1_planned_service,panel_od_027,12:30:00,70077,437.85292198042964,,,,,,,,,,,,,
c39d4de9c3e7224e,1,access_walk,70069,45873.158127817725,12:44:33,S2_exploratory_gps_overlay,panel_od_027,12:30:00,,873.158127817728,,,,,,,,,,,,,
c39d4de9c3e7224e,2,ride,70071,46020.0,12:47:00,S2_exploratory_gps_overlay,panel_od_027,12:30:00,70069,120.0,77871417,Red,rapid_transit,0,12:45:00,12:47:00,26.84187218227453,True,False,,0,0,
c39d4de9c3e7224e,3,ride,70073,46140.0,12:49:00,S2_exploratory_gps_overlay,panel_od_027,12:30:00,70071,120.0,77871417,Red,rapid_transit,0,12:47:00,12:49:00,0.0,False,True,,0,0,
c39d4de9c3e7224e,4,ride,70075,46260.0,12:51:00,S2_exploratory_gps_overlay,panel_od_027,12:30:00,70073,120.0,77871417,Red,rapid_transit,0,12:49:00,12:51:00,0.0,False,True,,0,0,
c39d4de9c3e7224e,5,ride,70077,46380.0,12:53:00,S2_exploratory_gps_overlay,panel_od_027,12:30:00,70075,120.0,77871417,Red,rapid_transit,0,12:51:00,12:53:00,0.0,False,True,,0,0,
c39d4de9c3e7224e,6,egress_walk,,46818.0,13:00:18,S2_exploratory_gps_overlay,panel_od_027,12:30:00,70077,437.85292198042964,,,,,,,,,,,,,
c39d4de9c3e7224e,1,access_walk,70069,45873.158127817725,12:44:33,Srestore_overlay_off_recomputed,panel_od_027,12:30:00,,873.158127817728,,,,,,,,,,,,,
c39d4de9c3e7224e,2,ride,70071,46020.0,12:47:00,Srestore_overlay_off_recomputed,panel_od_027,12:30:00,70069,120.0,77871417,Red,rapid_transit,0,12:45:00,12:47:00,26.84187218227453,True,False,,0,0,
c39d4de9c3e7224e,3,ride,70073,46140.0,12:49:00,Srestore_overlay_off_recomputed,panel_od_027,12:30:00,70071,120.0,77871417,Red,rapid_transit,0,12:47:00,12:49:00,0.0,False,True,,0,0,
c39d4de9c3e7224e,4,ride,70075,46260.0,12:51:00,Srestore_overlay_off_recomputed,panel_od_027,12:30:00,70073,120.0,77871417,Red,rapid_transit,0,12:49:00,12:51:00,0.0,False,True,,0,0,
c39d4de9c3e7224e,5,ride,70077,46380.0,12:53:00,Srestore_overlay_off_recomputed,panel_od_027,12:30:00,70075,120.0,77871417,Red,rapid_transit,0,12:51:00,12:53:00,0.0,False,True,,0,0,
c39d4de9c3e7224e,6,egress_walk,,46818.0,13:00:18,Srestore_overlay_off_recomputed,panel_od_027,12:30:00,70077,437.85292198042964,,,,,,,,,,,,,
6c9bd5228f3a9d3b,1,access_walk,2524,45658.66513719536,12:40:58,S1_planned_service,panel_od_027,12:40:00,,58.665137195361595,,,,,,,,,,,,,
6c9bd5228f3a9d3b,2,ride,2525,45900.0,12:45:00,S1_planned_service,panel_od_027,12:40:00,2524,120.0,78174219,85,local_bus,0,12:43:00,12:45:00,121.33486280463694,True,False,,0,0,
6c9bd5228f3a9d3b,3,ride,2528,45960.0,12:46:00,S1_planned_service,panel_od_027,12:40:00,2525,60.0,78174219,85,local_bus,0,12:45:00,12:46:00,0.0,False,True,,0,0,
6c9bd5228f3a9d3b,4,ride,2531,46020.0,12:47:00,S1_planned_service,panel_od_027,12:40:00,2528,60.0,78174219,85,local_bus,0,12:46:00,12:47:00,0.0,False,True,,0,0,
6c9bd5228f3a9d3b,5,ride,2774,46140.0,12:49:00,S1_planned_service,panel_od_027,12:40:00,2531,120.0,78174219,85,local_bus,0,12:47:00,12:49:00,0.0,False,True,,0,0,
6c9bd5228f3a9d3b,6,ride,2776,46260.0,12:51:00,S1_planned_service,panel_od_027,12:40:00,2774,120.0,78174219,85,local_bus,0,12:49:00,12:51:00,0.0,False,True,,0,0,
6c9bd5228f3a9d3b,7,ride,2778,46260.0,12:51:00,S1_planned_service,panel_od_027,12:40:00,2776,0.0,78174219,85,local_bus,0,12:51:00,12:51:00,0.0,False,True,,0,0,
6c9bd5228f3a9d3b,8,ride,2777,46320.0,12:52:00,S1_planned_service,panel_od_027,12:40:00,2778,60.0,78174219,85,local_bus,0,12:51:00,12:52:00,0.0,False,True,,0,0,
6c9bd5228f3a9d3b,9,ride,2779,46380.0,12:53:00,S1_planned_service,panel_od_027,12:40:00,2777,60.0,78174219,85,local_bus,0,12:52:00,12:53:00,0.0,False,True,,0,0,
6c9bd5228f3a9d3b,10,ride,29003,46560.0,12:56:00,S1_planned_service,panel_od_027,12:40:00,2779,180.0,78266432,109,local_bus,0,12:53:00,12:56:00,0.0,True,False,,0,0,
6c9bd5228f3a9d3b,11,transfer_walk,70030,46631.0,12:57:11,S1_planned_service,panel_od_027,12:40:00,29003,71.0,,,,,,,,,,,,,
6c9bd5228f3a9d3b,12,ride,70028,46860.0,13:01:00,S1_planned_service,panel_od_027,12:40:00,70030,120.0,77798272,Orange,rapid_transit,0,12:59:00,13:01:00,109.0,True,False,344.0,0,0,
6c9bd5228f3a9d3b,13,ride,70026,46980.0,13:03:00,S1_planned_service,panel_od_027,12:40:00,70028,120.0,77798272,Orange,rapid_transit,0,13:01:00,13:03:00,0.0,False,True,,0,0,
6c9bd5228f3a9d3b,14,ride,70024,47040.0,13:04:00,S1_planned_service,panel_od_027,12:40:00,70026,60.0,77798272,Orange,rapid_transit,0,13:03:00,13:04:00,0.0,False,True,,0,0,
6c9bd5228f3a9d3b,15,ride,70022,47160.0,13:06:00,S1_planned_service,panel_od_027,12:40:00,70024,120.0,77798272,Orange,rapid_transit,0,13:04:00,13:06:00,0.0,False,True,,0,0,
6c9bd5228f3a9d3b,16,egress_walk,,47334.0,13:08:54,S1_planned_service,panel_od_027,12:40:00,70022,174.33963515153317,,,,,,,,,,,,,
6c9bd5228f3a9d3b,1,access_walk,2524,45658.66513719536,12:40:58,S2_exploratory_gps_overlay,panel_od_027,12:40:00,,58.665137195361595,,,,,,,,,,,,,
6c9bd5228f3a9d3b,2,ride,2525,45900.0,12:45:00,S2_exploratory_gps_overlay,panel_od_027,12:40:00,2524,120.0,78174219,85,local_bus,0,12:43:00,12:45:00,121.33486280463694,True,False,,0,0,
6c9bd5228f3a9d3b,3,ride,2528,45960.0,12:46:00,S2_exploratory_gps_overlay,panel_od_027,12:40:00,2525,60.0,78174219,85,local_bus,0,12:45:00,12:46:00,0.0,False,True,,0,0,
6c9bd5228f3a9d3b,4,ride,2531,46020.0,12:47:00,S2_exploratory_gps_overlay,panel_od_027,12:40:00,2528,60.0,78174219,85,local_bus,0,12:46:00,12:47:00,0.0,False,True,,0,0,
6c9bd5228f3a9d3b,5,ride,2774,46140.0,12:49:00,S2_exploratory_gps_overlay,panel_od_027,12:40:00,2531,120.0,78174219,85,local_bus,0,12:47:00,12:49:00,0.0,False,True,,0,0,
6c9bd5228f3a9d3b,6,ride,2776,46260.0,12:51:00,S2_exploratory_gps_overlay,panel_od_027,12:40:00,2774,120.0,78174219,85,local_bus,0,12:49:00,12:51:00,0.0,False,True,,0,0,
6c9bd5228f3a9d3b,7,ride,2778,46260.0,12:51:00,S2_exploratory_gps_overlay,panel_od_027,12:40:00,2776,0.0,78174219,85,local_bus,0,12:51:00,12:51:00,0.0,False,True,,0,0,
6c9bd5228f3a9d3b,8,ride,2777,46320.0,12:52:00,S2_exploratory_gps_overlay,panel_od_027,12:40:00,2778,60.0,78174219,85,local_bus,0,12:51:00,12:52:00,0.0,False,True,,0,0,
6c9bd5228f3a9d3b,9,ride,2779,46380.0,12:53:00,S2_exploratory_gps_overlay,panel_od_027,12:40:00,2777,60.0,78174219,85,local_bus,0,12:52:00,12:53:00,0.0,False,True,,0,0,
6c9bd5228f3a9d3b,10,ride,29003,46560.0,12:56:00,S2_exploratory_gps_overlay,panel_od_027,12:40:00,2779,180.0,78266432,109,local_bus,0,12:53:00,12:56:00,0.0,True,False,,0,0,
6c9bd5228f3a9d3b,11,transfer_walk,70030,46631.0,12:57:11,S2_exploratory_gps_overlay,panel_od_027,12:40:00,29003,71.0,,,,,,,,,,,,,
6c9bd5228f3a9d3b,12,ride,70028,46860.0,13:01:00,S2_exploratory_gps_overlay,panel_od_027,12:40:00,70030,120.0,77798272,Orange,rapid_transit,0,12:59:00,13:01:00,109.0,True,False,344.0,0,0,
6c9bd5228f3a9d3b,13,ride,70026,46980.0,13:03:00,S2_exploratory_gps_overlay,panel_od_027,12:40:00,70028,120.0,77798272,Orange,rapid_transit,0,13:01:00,13:03:00,0.0,False,True,,0,0,
6c9bd5228f3a9d3b,14,ride,70024,47040.0,13:04:00,S2_exploratory_gps_overlay,panel_od_027,12:40:00,70026,60.0,77798272,Orange,rapid_transit,0,13:03:00,13:04:00,0.0,False,True,,0,0,
6c9bd5228f3a9d3b,15,ride,70022,47160.0,13:06:00,S2_exploratory_gps_overlay,panel_od_027,12:40:00,70024,120.0,77798272,Orange,rapid_transit,0,13:04:00,13:06:00,0.0,False,True,,0,0,
6c9bd5228f3a9d3b,16,egress_walk,,47334.0,13:08:54,S2_exploratory_gps_overlay,panel_od_027,12:40:00,70022,174.33963515153317,,,,,,,,,,,,,
6c9bd5228f3a9d3b,1,access_walk,2524,45658.66513719536,12:40:58,Srestore_overlay_off_recomputed,panel_od_027,12:40:00,,58.665137195361595,,,,,,,,,,,,,
6c9bd5228f3a9d3b,2,ride,2525,45900.0,12:45:00,Srestore_overlay_off_recomputed,panel_od_027,12:40:00,2524,120.0,78174219,85,local_bus,0,12:43:00,12:45:00,121.33486280463694,True,False,,0,0,
6c9bd5228f3a9d3b,3,ride,2528,45960.0,12:46:00,Srestore_overlay_off_recomputed,panel_od_027,12:40:00,2525,60.0,78174219,85,local_bus,0,12:45:00,12:46:00,0.0,False,True,,0,0,
6c9bd5228f3a9d3b,4,ride,2531,46020.0,12:47:00,Srestore_overlay_off_recomputed,panel_od_027,12:40:00,2528,60.0,78174219,85,local_bus,0,12:46:00,12:47:00,0.0,False,True,,0,0,
6c9bd5228f3a9d3b,5,ride,2774,46140.0,12:49:00,Srestore_overlay_off_recomputed,panel_od_027,12:40:00,2531,120.0,78174219,85,local_bus,0,12:47:00,12:49:00,0.0,False,True,,0,0,
6c9bd5228f3a9d3b,6,ride,2776,46260.0,12:51:00,Srestore_overlay_off_recomputed,panel_od_027,12:40:00,2774,120.0,78174219,85,local_bus,0,12:49:00,12:51:00,0.0,False,True,,0,0,
6c9bd5228f3a9d3b,7,ride,2778,46260.0,12:51:00,Srestore_overlay_off_recomputed,panel_od_027,12:40:00,2776,0.0,78174219,85,local_bus,0,12:51:00,12:51:00,0.0,False,True,,0,0,
6c9bd5228f3a9d3b,8,ride,2777,46320.0,12:52:00,Srestore_overlay_off_recomputed,panel_od_027,12:40:00,2778,60.0,78174219,85,local_bus,0,12:51:00,12:52:00,0.0,False,True,,0,0,
6c9bd5228f3a9d3b,9,ride,2779,46380.0,12:53:00,Srestore_overlay_off_recomputed,panel_od_027,12:40:00,2777,60.0,78174219,85,local_bus,0,12:52:00,12:53:00,0.0,False,True,,0,0,
6c9bd5228f3a9d3b,10,ride,29003,46560.0,12:56:00,Srestore_overlay_off_recomputed,panel_od_027,12:40:00,2779,180.0,78266432,109,local_bus,0,12:53:00,12:56:00,0.0,True,False,,0,0,
6c9bd5228f3a9d3b,11,transfer_walk,70030,46631.0,12:57:11,Srestore_overlay_off_recomputed,panel_od_027,12:40:00,29003,71.0,,,,,,,,,,,,,
6c9bd5228f3a9d3b,12,ride,70028,46860.0,13:01:00,Srestore_overlay_off_recomputed,panel_od_027,12:40:00,70030,120.0,77798272,Orange,rapid_transit,0,12:59:00,13:01:00,109.0,True,False,344.0,0,0,
6c9bd5228f3a9d3b,13,ride,70026,46980.0,13:03:00,Srestore_overlay_off_recomputed,panel_od_027,12:40:00,70028,120.0,77798272,Orange,rapid_transit,0,13:01:00,13:03:00,0.0,False,True,,0,0,
6c9bd5228f3a9d3b,14,ride,70024,47040.0,13:04:00,Srestore_overlay_off_recomputed,panel_od_027,12:40:00,70026,60.0,77798272,Orange,rapid_transit,0,13:03:00,13:04:00,0.0,False,True,,0,0,
6c9bd5228f3a9d3b,15,ride,70022,47160.0,13:06:00,Srestore_overlay_off_recomputed,panel_od_027,12:40:00,70024,120.0,77798272,Orange,rapid_transit,0,13:04:00,13:06:00,0.0,False,True,,0,0,
6c9bd5228f3a9d3b,16,egress_walk,,47334.0,13:08:54,Srestore_overlay_off_recomputed,panel_od_027,12:40:00,70022,174.33963515153317,,,,,,,,,,,,,
4d3459878fb9523f,1,access_walk,70069,47073.158127817725,13:04:33,S1_planned_service,panel_od_027,12:50:00,,873.158127817728,,,,,,,,,,,,,
4d3459878fb9523f,2,ride,70071,47220.0,13:07:00,S1_planned_service,panel_od_027,12:50:00,70069,120.0,77871419,Red,rapid_transit,0,13:05:00,13:07:00,26.84187218227453,True,False,,0,0,
4d3459878fb9523f,3,ride,70073,47340.0,13:09:00,S1_planned_service,panel_od_027,12:50:00,70071,120.0,77871419,Red,rapid_transit,0,13:07:00,13:09:00,0.0,False,True,,0,0,
4d3459878fb9523f,4,ride,70075,47460.0,13:11:00,S1_planned_service,panel_od_027,12:50:00,70073,120.0,77871419,Red,rapid_transit,0,13:09:00,13:11:00,0.0,False,True,,0,0,
4d3459878fb9523f,5,ride,70077,47580.0,13:13:00,S1_planned_service,panel_od_027,12:50:00,70075,120.0,77871419,Red,rapid_transit,0,13:11:00,13:13:00,0.0,False,True,,0,0,
4d3459878fb9523f,6,egress_walk,,48018.0,13:20:18,S1_planned_service,panel_od_027,12:50:00,70077,437.85292198042964,,,,,,,,,,,,,
4d3459878fb9523f,1,access_walk,70069,47073.158127817725,13:04:33,S2_exploratory_gps_overlay,panel_od_027,12:50:00,,873.158127817728,,,,,,,,,,,,,
4d3459878fb9523f,2,ride,70071,47220.0,13:07:00,S2_exploratory_gps_overlay,panel_od_027,12:50:00,70069,120.0,77871419,Red,rapid_transit,0,13:05:00,13:07:00,26.84187218227453,True,False,,0,0,
4d3459878fb9523f,3,ride,70073,47340.0,13:09:00,S2_exploratory_gps_overlay,panel_od_027,12:50:00,70071,120.0,77871419,Red,rapid_transit,0,13:07:00,13:09:00,0.0,False,True,,0,0,
4d3459878fb9523f,4,ride,70075,47460.0,13:11:00,S2_exploratory_gps_overlay,panel_od_027,12:50:00,70073,120.0,77871419,Red,rapid_transit,0,13:09:00,13:11:00,0.0,False,True,,0,0,
4d3459878fb9523f,5,ride,70077,47580.0,13:13:00,S2_exploratory_gps_overlay,panel_od_027,12:50:00,70075,120.0,77871419,Red,rapid_transit,0,13:11:00,13:13:00,0.0,False,True,,0,0,
4d3459878fb9523f,6,egress_walk,,48018.0,13:20:18,S2_exploratory_gps_overlay,panel_od_027,12:50:00,70077,437.85292198042964,,,,,,,,,,,,,
4d3459878fb9523f,1,access_walk,70069,47073.158127817725,13:04:33,Srestore_overlay_off_recomputed,panel_od_027,12:50:00,,873.158127817728,,,,,,,,,,,,,
4d3459878fb9523f,2,ride,70071,47220.0,13:07:00,Srestore_overlay_off_recomputed,panel_od_027,12:50:00,70069,120.0,77871419,Red,rapid_transit,0,13:05:00,13:07:00,26.84187218227453,True,False,,0,0,
4d3459878fb9523f,3,ride,70073,47340.0,13:09:00,Srestore_overlay_off_recomputed,panel_od_027,12:50:00,70071,120.0,77871419,Red,rapid_transit,0,13:07:00,13:09:00,0.0,False,True,,0,0,
4d3459878fb9523f,4,ride,70075,47460.0,13:11:00,Srestore_overlay_off_recomputed,panel_od_027,12:50:00,70073,120.0,77871419,Red,rapid_transit,0,13:09:00,13:11:00,0.0,False,True,,0,0,
4d3459878fb9523f,5,ride,70077,47580.0,13:13:00,Srestore_overlay_off_recomputed,panel_od_027,12:50:00,70075,120.0,77871419,Red,rapid_transit,0,13:11:00,13:13:00,0.0,False,True,,0,0,
4d3459878fb9523f,6,egress_walk,,48018.0,13:20:18,Srestore_overlay_off_recomputed,panel_od_027,12:50:00,70077,437.85292198042964,,,,,,,,,,,,,
cf716b3bdf661d17,1,access_walk,70069,45592.92803090463,12:39:52,S1_planned_service,panel_od_028,12:30:00,,592.9280309046294,,,,,,,,,,,,,
cf716b3bdf661d17,2,ride,70071,45720.0,12:42:00,S1_planned_service,panel_od_028,12:30:00,70069,120.0,77871100,Red,rapid_transit,0,12:40:00,12:42:00,7.07196909537015,True,False,,0,0,
cf716b3bdf661d17,3,ride,70073,45840.0,12:44:00,S1_planned_service,panel_od_028,12:30:00,70071,120.0,77871100,Red,rapid_transit,0,12:42:00,12:44:00,0.0,False,True,,0,0,
cf716b3bdf661d17,4,ride,70075,45960.0,12:46:00,S1_planned_service,panel_od_028,12:30:00,70073,120.0,77871100,Red,rapid_transit,0,12:44:00,12:46:00,0.0,False,True,,0,0,
cf716b3bdf661d17,5,ride,70077,46080.0,12:48:00,S1_planned_service,panel_od_028,12:30:00,70075,120.0,77871100,Red,rapid_transit,0,12:46:00,12:48:00,0.0,False,True,,0,0,
cf716b3bdf661d17,6,ride,70079,46140.0,12:49:00,S1_planned_service,panel_od_028,12:30:00,70077,60.0,77871100,Red,rapid_transit,0,12:48:00,12:49:00,0.0,False,True,,0,0,
cf716b3bdf661d17,7,egress_walk,,46511.0,12:55:11,S1_planned_service,panel_od_028,12:30:00,70079,370.9118238184286,,,,,,,,,,,,,
cf716b3bdf661d17,1,access_walk,70069,45592.92803090463,12:39:52,S2_exploratory_gps_overlay,panel_od_028,12:30:00,,592.9280309046294,,,,,,,,,,,,,
cf716b3bdf661d17,2,ride,70071,45720.0,12:42:00,S2_exploratory_gps_overlay,panel_od_028,12:30:00,70069,120.0,77871100,Red,rapid_transit,0,12:40:00,12:42:00,7.07196909537015,True,False,,0,0,
cf716b3bdf661d17,3,ride,70073,45840.0,12:44:00,S2_exploratory_gps_overlay,panel_od_028,12:30:00,70071,120.0,77871100,Red,rapid_transit,0,12:42:00,12:44:00,0.0,False,True,,0,0,
cf716b3bdf661d17,4,ride,70075,45960.0,12:46:00,S2_exploratory_gps_overlay,panel_od_028,12:30:00,70073,120.0,77871100,Red,rapid_transit,0,12:44:00,12:46:00,0.0,False,True,,0,0,
cf716b3bdf661d17,5,ride,70077,46080.0,12:48:00,S2_exploratory_gps_overlay,panel_od_028,12:30:00,70075,120.0,77871100,Red,rapid_transit,0,12:46:00,12:48:00,0.0,False,True,,0,0,
cf716b3bdf661d17,6,ride,70079,46140.0,12:49:00,S2_exploratory_gps_overlay,panel_od_028,12:30:00,70077,60.0,77871100,Red,rapid_transit,0,12:48:00,12:49:00,0.0,False,True,,0,0,
cf716b3bdf661d17,7,egress_walk,,46511.0,12:55:11,S2_exploratory_gps_overlay,panel_od_028,12:30:00,70079,370.9118238184286,,,,,,,,,,,,,
cf716b3bdf661d17,1,access_walk,70069,45592.92803090463,12:39:52,Srestore_overlay_off_recomputed,panel_od_028,12:30:00,,592.9280309046294,,,,,,,,,,,,,
cf716b3bdf661d17,2,ride,70071,45720.0,12:42:00,Srestore_overlay_off_recomputed,panel_od_028,12:30:00,70069,120.0,77871100,Red,rapid_transit,0,12:40:00,12:42:00,7.07196909537015,True,False,,0,0,
cf716b3bdf661d17,3,ride,70073,45840.0,12:44:00,Srestore_overlay_off_recomputed,panel_od_028,12:30:00,70071,120.0,77871100,Red,rapid_transit,0,12:42:00,12:44:00,0.0,False,True,,0,0,
cf716b3bdf661d17,4,ride,70075,45960.0,12:46:00,Srestore_overlay_off_recomputed,panel_od_028,12:30:00,70073,120.0,77871100,Red,rapid_transit,0,12:44:00,12:46:00,0.0,False,True,,0,0,
cf716b3bdf661d17,5,ride,70077,46080.0,12:48:00,Srestore_overlay_off_recomputed,panel_od_028,12:30:00,70075,120.0,77871100,Red,rapid_transit,0,12:46:00,12:48:00,0.0,False,True,,0,0,
cf716b3bdf661d17,6,ride,70079,46140.0,12:49:00,Srestore_overlay_off_recomputed,panel_od_028,12:30:00,70077,60.0,77871100,Red,rapid_transit,0,12:48:00,12:49:00,0.0,False,True,,0,0,
cf716b3bdf661d17,7,egress_walk,,46511.0,12:55:11,Srestore_overlay_off_recomputed,panel_od_028,12:30:00,70079,370.9118238184286,,,,,,,,,,,,,
84aee03e62e2603c,1,access_walk,70069,46192.92803090463,12:49:52,S1_planned_service,panel_od_028,12:40:00,,592.9280309046294,,,,,,,,,,,,,
84aee03e62e2603c,2,ride,70071,46320.0,12:52:00,S1_planned_service,panel_od_028,12:40:00,70069,120.0,77871106,Red,rapid_transit,0,12:50:00,12:52:00,7.07196909537015,True,False,,0,0,
84aee03e62e2603c,3,ride,70073,46440.0,12:54:00,S1_planned_service,panel_od_028,12:40:00,70071,120.0,77871106,Red,rapid_transit,0,12:52:00,12:54:00,0.0,False,True,,0,0,
84aee03e62e2603c,4,ride,70075,46560.0,12:56:00,S1_planned_service,panel_od_028,12:40:00,70073,120.0,77871106,Red,rapid_transit,0,12:54:00,12:56:00,0.0,False,True,,0,0,
84aee03e62e2603c,5,ride,70077,46680.0,12:58:00,S1_planned_service,panel_od_028,12:40:00,70075,120.0,77871106,Red,rapid_transit,0,12:56:00,12:58:00,0.0,False,True,,0,0,
84aee03e62e2603c,6,ride,70079,46740.0,12:59:00,S1_planned_service,panel_od_028,12:40:00,70077,60.0,77871106,Red,rapid_transit,0,12:58:00,12:59:00,0.0,False,True,,0,0,
84aee03e62e2603c,7,egress_walk,,47111.0,13:05:11,S1_planned_service,panel_od_028,12:40:00,70079,370.9118238184286,,,,,,,,,,,,,
84aee03e62e2603c,1,access_walk,70069,46192.92803090463,12:49:52,S2_exploratory_gps_overlay,panel_od_028,12:40:00,,592.9280309046294,,,,,,,,,,,,,
84aee03e62e2603c,2,ride,70071,46320.0,12:52:00,S2_exploratory_gps_overlay,panel_od_028,12:40:00,70069,120.0,77871106,Red,rapid_transit,0,12:50:00,12:52:00,7.07196909537015,True,False,,0,0,
84aee03e62e2603c,3,ride,70073,46440.0,12:54:00,S2_exploratory_gps_overlay,panel_od_028,12:40:00,70071,120.0,77871106,Red,rapid_transit,0,12:52:00,12:54:00,0.0,False,True,,0,0,
84aee03e62e2603c,4,ride,70075,46560.0,12:56:00,S2_exploratory_gps_overlay,panel_od_028,12:40:00,70073,120.0,77871106,Red,rapid_transit,0,12:54:00,12:56:00,0.0,False,True,,0,0,
84aee03e62e2603c,5,ride,70077,46680.0,12:58:00,S2_exploratory_gps_overlay,panel_od_028,12:40:00,70075,120.0,77871106,Red,rapid_transit,0,12:56:00,12:58:00,0.0,False,True,,0,0,
84aee03e62e2603c,6,ride,70079,46740.0,12:59:00,S2_exploratory_gps_overlay,panel_od_028,12:40:00,70077,60.0,77871106,Red,rapid_transit,0,12:58:00,12:59:00,0.0,False,True,,0,0,
84aee03e62e2603c,7,egress_walk,,47111.0,13:05:11,S2_exploratory_gps_overlay,panel_od_028,12:40:00,70079,370.9118238184286,,,,,,,,,,,,,
84aee03e62e2603c,1,access_walk,70069,46192.92803090463,12:49:52,Srestore_overlay_off_recomputed,panel_od_028,12:40:00,,592.9280309046294,,,,,,,,,,,,,
84aee03e62e2603c,2,ride,70071,46320.0,12:52:00,Srestore_overlay_off_recomputed,panel_od_028,12:40:00,70069,120.0,77871106,Red,rapid_transit,0,12:50:00,12:52:00,7.07196909537015,True,False,,0,0,
84aee03e62e2603c,3,ride,70073,46440.0,12:54:00,Srestore_overlay_off_recomputed,panel_od_028,12:40:00,70071,120.0,77871106,Red,rapid_transit,0,12:52:00,12:54:00,0.0,False,True,,0,0,
84aee03e62e2603c,4,ride,70075,46560.0,12:56:00,Srestore_overlay_off_recomputed,panel_od_028,12:40:00,70073,120.0,77871106,Red,rapid_transit,0,12:54:00,12:56:00,0.0,False,True,,0,0,
84aee03e62e2603c,5,ride,70077,46680.0,12:58:00,Srestore_overlay_off_recomputed,panel_od_028,12:40:00,70075,120.0,77871106,Red,rapid_transit,0,12:56:00,12:58:00,0.0,False,True,,0,0,
84aee03e62e2603c,6,ride,70079,46740.0,12:59:00,Srestore_overlay_off_recomputed,panel_od_028,12:40:00,70077,60.0,77871106,Red,rapid_transit,0,12:58:00,12:59:00,0.0,False,True,,0,0,
84aee03e62e2603c,7,egress_walk,,47111.0,13:05:11,Srestore_overlay_off_recomputed,panel_od_028,12:40:00,70079,370.9118238184286,,,,,,,,,,,,,
492dc33f72be0984,1,access_walk,70069,46792.92803090463,12:59:52,S1_planned_service,panel_od_028,12:50:00,,592.9280309046294,,,,,,,,,,,,,
492dc33f72be0984,2,ride,70071,46920.0,13:02:00,S1_planned_service,panel_od_028,12:50:00,70069,120.0,77871112,Red,rapid_transit,0,13:00:00,13:02:00,7.07196909537015,True,False,,0,0,
492dc33f72be0984,3,ride,70073,47040.0,13:04:00,S1_planned_service,panel_od_028,12:50:00,70071,120.0,77871112,Red,rapid_transit,0,13:02:00,13:04:00,0.0,False,True,,0,0,
492dc33f72be0984,4,ride,70075,47160.0,13:06:00,S1_planned_service,panel_od_028,12:50:00,70073,120.0,77871112,Red,rapid_transit,0,13:04:00,13:06:00,0.0,False,True,,0,0,
492dc33f72be0984,5,ride,70077,47280.0,13:08:00,S1_planned_service,panel_od_028,12:50:00,70075,120.0,77871112,Red,rapid_transit,0,13:06:00,13:08:00,0.0,False,True,,0,0,
492dc33f72be0984,6,ride,70079,47340.0,13:09:00,S1_planned_service,panel_od_028,12:50:00,70077,60.0,77871112,Red,rapid_transit,0,13:08:00,13:09:00,0.0,False,True,,0,0,
492dc33f72be0984,7,egress_walk,,47711.0,13:15:11,S1_planned_service,panel_od_028,12:50:00,70079,370.9118238184286,,,,,,,,,,,,,
492dc33f72be0984,1,access_walk,70069,46792.92803090463,12:59:52,S2_exploratory_gps_overlay,panel_od_028,12:50:00,,592.9280309046294,,,,,,,,,,,,,
492dc33f72be0984,2,ride,70071,46920.0,13:02:00,S2_exploratory_gps_overlay,panel_od_028,12:50:00,70069,120.0,77871112,Red,rapid_transit,0,13:00:00,13:02:00,7.07196909537015,True,False,,0,0,
492dc33f72be0984,3,ride,70073,47040.0,13:04:00,S2_exploratory_gps_overlay,panel_od_028,12:50:00,70071,120.0,77871112,Red,rapid_transit,0,13:02:00,13:04:00,0.0,False,True,,0,0,
492dc33f72be0984,4,ride,70075,47160.0,13:06:00,S2_exploratory_gps_overlay,panel_od_028,12:50:00,70073,120.0,77871112,Red,rapid_transit,0,13:04:00,13:06:00,0.0,False,True,,0,0,
492dc33f72be0984,5,ride,70077,47280.0,13:08:00,S2_exploratory_gps_overlay,panel_od_028,12:50:00,70075,120.0,77871112,Red,rapid_transit,0,13:06:00,13:08:00,0.0,False,True,,0,0,
492dc33f72be0984,6,ride,70079,47340.0,13:09:00,S2_exploratory_gps_overlay,panel_od_028,12:50:00,70077,60.0,77871112,Red,rapid_transit,0,13:08:00,13:09:00,0.0,False,True,,0,0,
492dc33f72be0984,7,egress_walk,,47711.0,13:15:11,S2_exploratory_gps_overlay,panel_od_028,12:50:00,70079,370.9118238184286,,,,,,,,,,,,,
492dc33f72be0984,1,access_walk,70069,46792.92803090463,12:59:52,Srestore_overlay_off_recomputed,panel_od_028,12:50:00,,592.9280309046294,,,,,,,,,,,,,
492dc33f72be0984,2,ride,70071,46920.0,13:02:00,Srestore_overlay_off_recomputed,panel_od_028,12:50:00,70069,120.0,77871112,Red,rapid_transit,0,13:00:00,13:02:00,7.07196909537015,True,False,,0,0,
492dc33f72be0984,3,ride,70073,47040.0,13:04:00,Srestore_overlay_off_recomputed,panel_od_028,12:50:00,70071,120.0,77871112,Red,rapid_transit,0,13:02:00,13:04:00,0.0,False,True,,0,0,
492dc33f72be0984,4,ride,70075,47160.0,13:06:00,Srestore_overlay_off_recomputed,panel_od_028,12:50:00,70073,120.0,77871112,Red,rapid_transit,0,13:04:00,13:06:00,0.0,False,True,,0,0,
492dc33f72be0984,5,ride,70077,47280.0,13:08:00,Srestore_overlay_off_recomputed,panel_od_028,12:50:00,70075,120.0,77871112,Red,rapid_transit,0,13:06:00,13:08:00,0.0,False,True,,0,0,
492dc33f72be0984,6,ride,70079,47340.0,13:09:00,Srestore_overlay_off_recomputed,panel_od_028,12:50:00,70077,60.0,77871112,Red,rapid_transit,0,13:08:00,13:09:00,0.0,False,True,,0,0,
492dc33f72be0984,7,egress_walk,,47711.0,13:15:11,Srestore_overlay_off_recomputed,panel_od_028,12:50:00,70079,370.9118238184286,,,,,,,,,,,,,
8ef9381f1eb945ba,1,access_walk,70069,45873.158127817725,12:44:33,S1_planned_service,panel_od_029,12:30:00,,873.158127817728,,,,,,,,,,,,,
8ef9381f1eb945ba,2,ride,70071,46020.0,12:47:00,S1_planned_service,panel_od_029,12:30:00,70069,120.0,77871417,Red,rapid_transit,0,12:45:00,12:47:00,26.84187218227453,True,False,,0,0,
8ef9381f1eb945ba,3,ride,70073,46140.0,12:49:00,S1_planned_service,panel_od_029,12:30:00,70071,120.0,77871417,Red,rapid_transit,0,12:47:00,12:49:00,0.0,False,True,,0,0,
8ef9381f1eb945ba,4,ride,70075,46260.0,12:51:00,S1_planned_service,panel_od_029,12:30:00,70073,120.0,77871417,Red,rapid_transit,0,12:49:00,12:51:00,0.0,False,True,,0,0,
8ef9381f1eb945ba,5,ride,70077,46380.0,12:53:00,S1_planned_service,panel_od_029,12:30:00,70075,120.0,77871417,Red,rapid_transit,0,12:51:00,12:53:00,0.0,False,True,,0,0,
8ef9381f1eb945ba,6,ride,70079,46440.0,12:54:00,S1_planned_service,panel_od_029,12:30:00,70077,60.0,77871417,Red,rapid_transit,0,12:53:00,12:54:00,0.0,False,True,,0,0,
8ef9381f1eb945ba,7,egress_walk,,46811.0,13:00:11,S1_planned_service,panel_od_029,12:30:00,70079,370.9118238184286,,,,,,,,,,,,,
8ef9381f1eb945ba,1,access_walk,70069,45873.158127817725,12:44:33,S2_exploratory_gps_overlay,panel_od_029,12:30:00,,873.158127817728,,,,,,,,,,,,,
8ef9381f1eb945ba,2,ride,70071,46020.0,12:47:00,S2_exploratory_gps_overlay,panel_od_029,12:30:00,70069,120.0,77871417,Red,rapid_transit,0,12:45:00,12:47:00,26.84187218227453,True,False,,0,0,
8ef9381f1eb945ba,3,ride,70073,46140.0,12:49:00,S2_exploratory_gps_overlay,panel_od_029,12:30:00,70071,120.0,77871417,Red,rapid_transit,0,12:47:00,12:49:00,0.0,False,True,,0,0,
8ef9381f1eb945ba,4,ride,70075,46260.0,12:51:00,S2_exploratory_gps_overlay,panel_od_029,12:30:00,70073,120.0,77871417,Red,rapid_transit,0,12:49:00,12:51:00,0.0,False,True,,0,0,
8ef9381f1eb945ba,5,ride,70077,46380.0,12:53:00,S2_exploratory_gps_overlay,panel_od_029,12:30:00,70075,120.0,77871417,Red,rapid_transit,0,12:51:00,12:53:00,0.0,False,True,,0,0,
8ef9381f1eb945ba,6,ride,70079,46440.0,12:54:00,S2_exploratory_gps_overlay,panel_od_029,12:30:00,70077,60.0,77871417,Red,rapid_transit,0,12:53:00,12:54:00,0.0,False,True,,0,0,
8ef9381f1eb945ba,7,egress_walk,,46811.0,13:00:11,S2_exploratory_gps_overlay,panel_od_029,12:30:00,70079,370.9118238184286,,,,,,,,,,,,,
8ef9381f1eb945ba,1,access_walk,70069,45873.158127817725,12:44:33,Srestore_overlay_off_recomputed,panel_od_029,12:30:00,,873.158127817728,,,,,,,,,,,,,
8ef9381f1eb945ba,2,ride,70071,46020.0,12:47:00,Srestore_overlay_off_recomputed,panel_od_029,12:30:00,70069,120.0,77871417,Red,rapid_transit,0,12:45:00,12:47:00,26.84187218227453,True,False,,0,0,
8ef9381f1eb945ba,3,ride,70073,46140.0,12:49:00,Srestore_overlay_off_recomputed,panel_od_029,12:30:00,70071,120.0,77871417,Red,rapid_transit,0,12:47:00,12:49:00,0.0,False,True,,0,0,
8ef9381f1eb945ba,4,ride,70075,46260.0,12:51:00,Srestore_overlay_off_recomputed,panel_od_029,12:30:00,70073,120.0,77871417,Red,rapid_transit,0,12:49:00,12:51:00,0.0,False,True,,0,0,
8ef9381f1eb945ba,5,ride,70077,46380.0,12:53:00,Srestore_overlay_off_recomputed,panel_od_029,12:30:00,70075,120.0,77871417,Red,rapid_transit,0,12:51:00,12:53:00,0.0,False,True,,0,0,
8ef9381f1eb945ba,6,ride,70079,46440.0,12:54:00,Srestore_overlay_off_recomputed,panel_od_029,12:30:00,70077,60.0,77871417,Red,rapid_transit,0,12:53:00,12:54:00,0.0,False,True,,0,0,
8ef9381f1eb945ba,7,egress_walk,,46811.0,13:00:11,Srestore_overlay_off_recomputed,panel_od_029,12:30:00,70079,370.9118238184286,,,,,,,,,,,,,
75ffc9c42cbb75c6,1,access_walk,70069,46473.158127817725,12:54:33,S1_planned_service,panel_od_029,12:40:00,,873.158127817728,,,,,,,,,,,,,
75ffc9c42cbb75c6,2,ride,70071,46620.0,12:57:00,S1_planned_service,panel_od_029,12:40:00,70069,120.0,77871418,Red,rapid_transit,0,12:55:00,12:57:00,26.84187218227453,True,False,,0,0,
75ffc9c42cbb75c6,3,ride,70073,46740.0,12:59:00,S1_planned_service,panel_od_029,12:40:00,70071,120.0,77871418,Red,rapid_transit,0,12:57:00,12:59:00,0.0,False,True,,0,0,
75ffc9c42cbb75c6,4,ride,70075,46860.0,13:01:00,S1_planned_service,panel_od_029,12:40:00,70073,120.0,77871418,Red,rapid_transit,0,12:59:00,13:01:00,0.0,False,True,,0,0,
75ffc9c42cbb75c6,5,ride,70077,46980.0,13:03:00,S1_planned_service,panel_od_029,12:40:00,70075,120.0,77871418,Red,rapid_transit,0,13:01:00,13:03:00,0.0,False,True,,0,0,
75ffc9c42cbb75c6,6,ride,70079,47040.0,13:04:00,S1_planned_service,panel_od_029,12:40:00,70077,60.0,77871418,Red,rapid_transit,0,13:03:00,13:04:00,0.0,False,True,,0,0,
75ffc9c42cbb75c6,7,egress_walk,,47411.0,13:10:11,S1_planned_service,panel_od_029,12:40:00,70079,370.9118238184286,,,,,,,,,,,,,
75ffc9c42cbb75c6,1,access_walk,70069,46473.158127817725,12:54:33,S2_exploratory_gps_overlay,panel_od_029,12:40:00,,873.158127817728,,,,,,,,,,,,,
75ffc9c42cbb75c6,2,ride,70071,46620.0,12:57:00,S2_exploratory_gps_overlay,panel_od_029,12:40:00,70069,120.0,77871418,Red,rapid_transit,0,12:55:00,12:57:00,26.84187218227453,True,False,,0,0,
75ffc9c42cbb75c6,3,ride,70073,46740.0,12:59:00,S2_exploratory_gps_overlay,panel_od_029,12:40:00,70071,120.0,77871418,Red,rapid_transit,0,12:57:00,12:59:00,0.0,False,True,,0,0,
75ffc9c42cbb75c6,4,ride,70075,46860.0,13:01:00,S2_exploratory_gps_overlay,panel_od_029,12:40:00,70073,120.0,77871418,Red,rapid_transit,0,12:59:00,13:01:00,0.0,False,True,,0,0,
75ffc9c42cbb75c6,5,ride,70077,46980.0,13:03:00,S2_exploratory_gps_overlay,panel_od_029,12:40:00,70075,120.0,77871418,Red,rapid_transit,0,13:01:00,13:03:00,0.0,False,True,,0,0,
75ffc9c42cbb75c6,6,ride,70079,47040.0,13:04:00,S2_exploratory_gps_overlay,panel_od_029,12:40:00,70077,60.0,77871418,Red,rapid_transit,0,13:03:00,13:04:00,0.0,False,True,,0,0,
75ffc9c42cbb75c6,7,egress_walk,,47411.0,13:10:11,S2_exploratory_gps_overlay,panel_od_029,12:40:00,70079,370.9118238184286,,,,,,,,,,,,,
75ffc9c42cbb75c6,1,access_walk,70069,46473.158127817725,12:54:33,Srestore_overlay_off_recomputed,panel_od_029,12:40:00,,873.158127817728,,,,,,,,,,,,,
75ffc9c42cbb75c6,2,ride,70071,46620.0,12:57:00,Srestore_overlay_off_recomputed,panel_od_029,12:40:00,70069,120.0,77871418,Red,rapid_transit,0,12:55:00,12:57:00,26.84187218227453,True,False,,0,0,
75ffc9c42cbb75c6,3,ride,70073,46740.0,12:59:00,Srestore_overlay_off_recomputed,panel_od_029,12:40:00,70071,120.0,77871418,Red,rapid_transit,0,12:57:00,12:59:00,0.0,False,True,,0,0,
75ffc9c42cbb75c6,4,ride,70075,46860.0,13:01:00,Srestore_overlay_off_recomputed,panel_od_029,12:40:00,70073,120.0,77871418,Red,rapid_transit,0,12:59:00,13:01:00,0.0,False,True,,0,0,
75ffc9c42cbb75c6,5,ride,70077,46980.0,13:03:00,Srestore_overlay_off_recomputed,panel_od_029,12:40:00,70075,120.0,77871418,Red,rapid_transit,0,13:01:00,13:03:00,0.0,False,True,,0,0,
75ffc9c42cbb75c6,6,ride,70079,47040.0,13:04:00,Srestore_overlay_off_recomputed,panel_od_029,12:40:00,70077,60.0,77871418,Red,rapid_transit,0,13:03:00,13:04:00,0.0,False,True,,0,0,
75ffc9c42cbb75c6,7,egress_walk,,47411.0,13:10:11,Srestore_overlay_off_recomputed,panel_od_029,12:40:00,70079,370.9118238184286,,,,,,,,,,,,,
670c5aafcb79f80d,1,access_walk,70069,47073.158127817725,13:04:33,S1_planned_service,panel_od_029,12:50:00,,873.158127817728,,,,,,,,,,,,,
670c5aafcb79f80d,2,ride,70071,47220.0,13:07:00,S1_planned_service,panel_od_029,12:50:00,70069,120.0,77871419,Red,rapid_transit,0,13:05:00,13:07:00,26.84187218227453,True,False,,0,0,
670c5aafcb79f80d,3,ride,70073,47340.0,13:09:00,S1_planned_service,panel_od_029,12:50:00,70071,120.0,77871419,Red,rapid_transit,0,13:07:00,13:09:00,0.0,False,True,,0,0,
670c5aafcb79f80d,4,ride,70075,47460.0,13:11:00,S1_planned_service,panel_od_029,12:50:00,70073,120.0,77871419,Red,rapid_transit,0,13:09:00,13:11:00,0.0,False,True,,0,0,
670c5aafcb79f80d,5,ride,70077,47580.0,13:13:00,S1_planned_service,panel_od_029,12:50:00,70075,120.0,77871419,Red,rapid_transit,0,13:11:00,13:13:00,0.0,False,True,,0,0,
670c5aafcb79f80d,6,ride,70079,47640.0,13:14:00,S1_planned_service,panel_od_029,12:50:00,70077,60.0,77871419,Red,rapid_transit,0,13:13:00,13:14:00,0.0,False,True,,0,0,
670c5aafcb79f80d,7,egress_walk,,48011.0,13:20:11,S1_planned_service,panel_od_029,12:50:00,70079,370.9118238184286,,,,,,,,,,,,,
670c5aafcb79f80d,1,access_walk,70069,47073.158127817725,13:04:33,S2_exploratory_gps_overlay,panel_od_029,12:50:00,,873.158127817728,,,,,,,,,,,,,
670c5aafcb79f80d,2,ride,70071,47220.0,13:07:00,S2_exploratory_gps_overlay,panel_od_029,12:50:00,70069,120.0,77871419,Red,rapid_transit,0,13:05:00,13:07:00,26.84187218227453,True,False,,0,0,
670c5aafcb79f80d,3,ride,70073,47340.0,13:09:00,S2_exploratory_gps_overlay,panel_od_029,12:50:00,70071,120.0,77871419,Red,rapid_transit,0,13:07:00,13:09:00,0.0,False,True,,0,0,
670c5aafcb79f80d,4,ride,70075,47460.0,13:11:00,S2_exploratory_gps_overlay,panel_od_029,12:50:00,70073,120.0,77871419,Red,rapid_transit,0,13:09:00,13:11:00,0.0,False,True,,0,0,
670c5aafcb79f80d,5,ride,70077,47580.0,13:13:00,S2_exploratory_gps_overlay,panel_od_029,12:50:00,70075,120.0,77871419,Red,rapid_transit,0,13:11:00,13:13:00,0.0,False,True,,0,0,
670c5aafcb79f80d,6,ride,70079,47640.0,13:14:00,S2_exploratory_gps_overlay,panel_od_029,12:50:00,70077,60.0,77871419,Red,rapid_transit,0,13:13:00,13:14:00,0.0,False,True,,0,0,
670c5aafcb79f80d,7,egress_walk,,48011.0,13:20:11,S2_exploratory_gps_overlay,panel_od_029,12:50:00,70079,370.9118238184286,,,,,,,,,,,,,
670c5aafcb79f80d,1,access_walk,70069,47073.158127817725,13:04:33,Srestore_overlay_off_recomputed,panel_od_029,12:50:00,,873.158127817728,,,,,,,,,,,,,
670c5aafcb79f80d,2,ride,70071,47220.0,13:07:00,Srestore_overlay_off_recomputed,panel_od_029,12:50:00,70069,120.0,77871419,Red,rapid_transit,0,13:05:00,13:07:00,26.84187218227453,True,False,,0,0,
670c5aafcb79f80d,3,ride,70073,47340.0,13:09:00,Srestore_overlay_off_recomputed,panel_od_029,12:50:00,70071,120.0,77871419,Red,rapid_transit,0,13:07:00,13:09:00,0.0,False,True,,0,0,
670c5aafcb79f80d,4,ride,70075,47460.0,13:11:00,Srestore_overlay_off_recomputed,panel_od_029,12:50:00,70073,120.0,77871419,Red,rapid_transit,0,13:09:00,13:11:00,0.0,False,True,,0,0,
670c5aafcb79f80d,5,ride,70077,47580.0,13:13:00,Srestore_overlay_off_recomputed,panel_od_029,12:50:00,70075,120.0,77871419,Red,rapid_transit,0,13:11:00,13:13:00,0.0,False,True,,0,0,
670c5aafcb79f80d,6,ride,70079,47640.0,13:14:00,Srestore_overlay_off_recomputed,panel_od_029,12:50:00,70077,60.0,77871419,Red,rapid_transit,0,13:13:00,13:14:00,0.0,False,True,,0,0,
670c5aafcb79f80d,7,egress_walk,,48011.0,13:20:11,Srestore_overlay_off_recomputed,panel_od_029,12:50:00,70079,370.9118238184286,,,,,,,,,,,,,
66818f0cede577eb,1,access_walk,70069,45592.92803090463,12:39:52,S1_planned_service,panel_od_030,12:30:00,,592.9280309046294,,,,,,,,,,,,,
66818f0cede577eb,2,ride,70071,45720.0,12:42:00,S1_planned_service,panel_od_030,12:30:00,70069,120.0,77871100,Red,rapid_transit,0,12:40:00,12:42:00,7.07196909537015,True,False,,0,0,
66818f0cede577eb,3,ride,70073,45840.0,12:44:00,S1_planned_service,panel_od_030,12:30:00,70071,120.0,77871100,Red,rapid_transit,0,12:42:00,12:44:00,0.0,False,True,,0,0,
66818f0cede577eb,4,ride,70075,45960.0,12:46:00,S1_planned_service,panel_od_030,12:30:00,70073,120.0,77871100,Red,rapid_transit,0,12:44:00,12:46:00,0.0,False,True,,0,0,
66818f0cede577eb,5,ride,70077,46080.0,12:48:00,S1_planned_service,panel_od_030,12:30:00,70075,120.0,77871100,Red,rapid_transit,0,12:46:00,12:48:00,0.0,False,True,,0,0,
66818f0cede577eb,6,egress_walk,,46281.0,12:51:21,S1_planned_service,panel_od_030,12:30:00,70077,201.41683546478257,,,,,,,,,,,,,
66818f0cede577eb,1,access_walk,70069,45592.92803090463,12:39:52,S2_exploratory_gps_overlay,panel_od_030,12:30:00,,592.9280309046294,,,,,,,,,,,,,
66818f0cede577eb,2,ride,70071,45720.0,12:42:00,S2_exploratory_gps_overlay,panel_od_030,12:30:00,70069,120.0,77871100,Red,rapid_transit,0,12:40:00,12:42:00,7.07196909537015,True,False,,0,0,
66818f0cede577eb,3,ride,70073,45840.0,12:44:00,S2_exploratory_gps_overlay,panel_od_030,12:30:00,70071,120.0,77871100,Red,rapid_transit,0,12:42:00,12:44:00,0.0,False,True,,0,0,
66818f0cede577eb,4,ride,70075,45960.0,12:46:00,S2_exploratory_gps_overlay,panel_od_030,12:30:00,70073,120.0,77871100,Red,rapid_transit,0,12:44:00,12:46:00,0.0,False,True,,0,0,
66818f0cede577eb,5,ride,70077,46080.0,12:48:00,S2_exploratory_gps_overlay,panel_od_030,12:30:00,70075,120.0,77871100,Red,rapid_transit,0,12:46:00,12:48:00,0.0,False,True,,0,0,
66818f0cede577eb,6,egress_walk,,46281.0,12:51:21,S2_exploratory_gps_overlay,panel_od_030,12:30:00,70077,201.41683546478257,,,,,,,,,,,,,
66818f0cede577eb,1,access_walk,70069,45592.92803090463,12:39:52,Srestore_overlay_off_recomputed,panel_od_030,12:30:00,,592.9280309046294,,,,,,,,,,,,,
66818f0cede577eb,2,ride,70071,45720.0,12:42:00,Srestore_overlay_off_recomputed,panel_od_030,12:30:00,70069,120.0,77871100,Red,rapid_transit,0,12:40:00,12:42:00,7.07196909537015,True,False,,0,0,
66818f0cede577eb,3,ride,70073,45840.0,12:44:00,Srestore_overlay_off_recomputed,panel_od_030,12:30:00,70071,120.0,77871100,Red,rapid_transit,0,12:42:00,12:44:00,0.0,False,True,,0,0,
66818f0cede577eb,4,ride,70075,45960.0,12:46:00,Srestore_overlay_off_recomputed,panel_od_030,12:30:00,70073,120.0,77871100,Red,rapid_transit,0,12:44:00,12:46:00,0.0,False,True,,0,0,
66818f0cede577eb,5,ride,70077,46080.0,12:48:00,Srestore_overlay_off_recomputed,panel_od_030,12:30:00,70075,120.0,77871100,Red,rapid_transit,0,12:46:00,12:48:00,0.0,False,True,,0,0,
66818f0cede577eb,6,egress_walk,,46281.0,12:51:21,Srestore_overlay_off_recomputed,panel_od_030,12:30:00,70077,201.41683546478257,,,,,,,,,,,,,
8e5d0e2c18fd4dcb,1,access_walk,70069,46192.92803090463,12:49:52,S1_planned_service,panel_od_030,12:40:00,,592.9280309046294,,,,,,,,,,,,,
8e5d0e2c18fd4dcb,2,ride,70071,46320.0,12:52:00,S1_planned_service,panel_od_030,12:40:00,70069,120.0,77871106,Red,rapid_transit,0,12:50:00,12:52:00,7.07196909537015,True,False,,0,0,
8e5d0e2c18fd4dcb,3,ride,70073,46440.0,12:54:00,S1_planned_service,panel_od_030,12:40:00,70071,120.0,77871106,Red,rapid_transit,0,12:52:00,12:54:00,0.0,False,True,,0,0,
8e5d0e2c18fd4dcb,4,ride,70075,46560.0,12:56:00,S1_planned_service,panel_od_030,12:40:00,70073,120.0,77871106,Red,rapid_transit,0,12:54:00,12:56:00,0.0,False,True,,0,0,
8e5d0e2c18fd4dcb,5,ride,70077,46680.0,12:58:00,S1_planned_service,panel_od_030,12:40:00,70075,120.0,77871106,Red,rapid_transit,0,12:56:00,12:58:00,0.0,False,True,,0,0,
8e5d0e2c18fd4dcb,6,egress_walk,,46881.0,13:01:21,S1_planned_service,panel_od_030,12:40:00,70077,201.41683546478257,,,,,,,,,,,,,
8e5d0e2c18fd4dcb,1,access_walk,70069,46192.92803090463,12:49:52,S2_exploratory_gps_overlay,panel_od_030,12:40:00,,592.9280309046294,,,,,,,,,,,,,
8e5d0e2c18fd4dcb,2,ride,70071,46320.0,12:52:00,S2_exploratory_gps_overlay,panel_od_030,12:40:00,70069,120.0,77871106,Red,rapid_transit,0,12:50:00,12:52:00,7.07196909537015,True,False,,0,0,
8e5d0e2c18fd4dcb,3,ride,70073,46440.0,12:54:00,S2_exploratory_gps_overlay,panel_od_030,12:40:00,70071,120.0,77871106,Red,rapid_transit,0,12:52:00,12:54:00,0.0,False,True,,0,0,
8e5d0e2c18fd4dcb,4,ride,70075,46560.0,12:56:00,S2_exploratory_gps_overlay,panel_od_030,12:40:00,70073,120.0,77871106,Red,rapid_transit,0,12:54:00,12:56:00,0.0,False,True,,0,0,
8e5d0e2c18fd4dcb,5,ride,70077,46680.0,12:58:00,S2_exploratory_gps_overlay,panel_od_030,12:40:00,70075,120.0,77871106,Red,rapid_transit,0,12:56:00,12:58:00,0.0,False,True,,0,0,
8e5d0e2c18fd4dcb,6,egress_walk,,46881.0,13:01:21,S2_exploratory_gps_overlay,panel_od_030,12:40:00,70077,201.41683546478257,,,,,,,,,,,,,
8e5d0e2c18fd4dcb,1,access_walk,70069,46192.92803090463,12:49:52,Srestore_overlay_off_recomputed,panel_od_030,12:40:00,,592.9280309046294,,,,,,,,,,,,,
8e5d0e2c18fd4dcb,2,ride,70071,46320.0,12:52:00,Srestore_overlay_off_recomputed,panel_od_030,12:40:00,70069,120.0,77871106,Red,rapid_transit,0,12:50:00,12:52:00,7.07196909537015,True,False,,0,0,
8e5d0e2c18fd4dcb,3,ride,70073,46440.0,12:54:00,Srestore_overlay_off_recomputed,panel_od_030,12:40:00,70071,120.0,77871106,Red,rapid_transit,0,12:52:00,12:54:00,0.0,False,True,,0,0,
8e5d0e2c18fd4dcb,4,ride,70075,46560.0,12:56:00,Srestore_overlay_off_recomputed,panel_od_030,12:40:00,70073,120.0,77871106,Red,rapid_transit,0,12:54:00,12:56:00,0.0,False,True,,0,0,
8e5d0e2c18fd4dcb,5,ride,70077,46680.0,12:58:00,Srestore_overlay_off_recomputed,panel_od_030,12:40:00,70075,120.0,77871106,Red,rapid_transit,0,12:56:00,12:58:00,0.0,False,True,,0,0,
8e5d0e2c18fd4dcb,6,egress_walk,,46881.0,13:01:21,Srestore_overlay_off_recomputed,panel_od_030,12:40:00,70077,201.41683546478257,,,,,,,,,,,,,
ce82860b5a00270f,1,access_walk,70069,46792.92803090463,12:59:52,S1_planned_service,panel_od_030,12:50:00,,592.9280309046294,,,,,,,,,,,,,
ce82860b5a00270f,2,ride,70071,46920.0,13:02:00,S1_planned_service,panel_od_030,12:50:00,70069,120.0,77871112,Red,rapid_transit,0,13:00:00,13:02:00,7.07196909537015,True,False,,0,0,
ce82860b5a00270f,3,ride,70073,47040.0,13:04:00,S1_planned_service,panel_od_030,12:50:00,70071,120.0,77871112,Red,rapid_transit,0,13:02:00,13:04:00,0.0,False,True,,0,0,
ce82860b5a00270f,4,ride,70075,47160.0,13:06:00,S1_planned_service,panel_od_030,12:50:00,70073,120.0,77871112,Red,rapid_transit,0,13:04:00,13:06:00,0.0,False,True,,0,0,
ce82860b5a00270f,5,ride,70077,47280.0,13:08:00,S1_planned_service,panel_od_030,12:50:00,70075,120.0,77871112,Red,rapid_transit,0,13:06:00,13:08:00,0.0,False,True,,0,0,
ce82860b5a00270f,6,egress_walk,,47481.0,13:11:21,S1_planned_service,panel_od_030,12:50:00,70077,201.41683546478257,,,,,,,,,,,,,
ce82860b5a00270f,1,access_walk,70069,46792.92803090463,12:59:52,S2_exploratory_gps_overlay,panel_od_030,12:50:00,,592.9280309046294,,,,,,,,,,,,,
ce82860b5a00270f,2,ride,70071,46920.0,13:02:00,S2_exploratory_gps_overlay,panel_od_030,12:50:00,70069,120.0,77871112,Red,rapid_transit,0,13:00:00,13:02:00,7.07196909537015,True,False,,0,0,
ce82860b5a00270f,3,ride,70073,47040.0,13:04:00,S2_exploratory_gps_overlay,panel_od_030,12:50:00,70071,120.0,77871112,Red,rapid_transit,0,13:02:00,13:04:00,0.0,False,True,,0,0,
ce82860b5a00270f,4,ride,70075,47160.0,13:06:00,S2_exploratory_gps_overlay,panel_od_030,12:50:00,70073,120.0,77871112,Red,rapid_transit,0,13:04:00,13:06:00,0.0,False,True,,0,0,
ce82860b5a00270f,5,ride,70077,47280.0,13:08:00,S2_exploratory_gps_overlay,panel_od_030,12:50:00,70075,120.0,77871112,Red,rapid_transit,0,13:06:00,13:08:00,0.0,False,True,,0,0,
ce82860b5a00270f,6,egress_walk,,47481.0,13:11:21,S2_exploratory_gps_overlay,panel_od_030,12:50:00,70077,201.41683546478257,,,,,,,,,,,,,
ce82860b5a00270f,1,access_walk,70069,46792.92803090463,12:59:52,Srestore_overlay_off_recomputed,panel_od_030,12:50:00,,592.9280309046294,,,,,,,,,,,,,
ce82860b5a00270f,2,ride,70071,46920.0,13:02:00,Srestore_overlay_off_recomputed,panel_od_030,12:50:00,70069,120.0,77871112,Red,rapid_transit,0,13:00:00,13:02:00,7.07196909537015,True,False,,0,0,
ce82860b5a00270f,3,ride,70073,47040.0,13:04:00,Srestore_overlay_off_recomputed,panel_od_030,12:50:00,70071,120.0,77871112,Red,rapid_transit,0,13:02:00,13:04:00,0.0,False,True,,0,0,
ce82860b5a00270f,4,ride,70075,47160.0,13:06:00,Srestore_overlay_off_recomputed,panel_od_030,12:50:00,70073,120.0,77871112,Red,rapid_transit,0,13:04:00,13:06:00,0.0,False,True,,0,0,
ce82860b5a00270f,5,ride,70077,47280.0,13:08:00,Srestore_overlay_off_recomputed,panel_od_030,12:50:00,70075,120.0,77871112,Red,rapid_transit,0,13:06:00,13:08:00,0.0,False,True,,0,0,
ce82860b5a00270f,6,egress_walk,,47481.0,13:11:21,Srestore_overlay_off_recomputed,panel_od_030,12:50:00,70077,201.41683546478257,,,,,,,,,,,,,
73df702c4609c1ca,1,access_walk,70240,45231.700821123544,12:33:51,S1_planned_service,panel_od_031,12:30:00,,231.700821123544,,,,,,,,,,,,,
73df702c4609c1ca,2,ride,70154,45360.0,12:36:00,S1_planned_service,panel_od_031,12:30:00,70240,120.0,77745480,Green-E,rapid_transit,1,12:34:00,12:36:00,8.299178876455699,True,False,,0,0,
73df702c4609c1ca,3,ride,70156,45480.0,12:38:00,S1_planned_service,panel_od_031,12:30:00,70154,120.0,77745480,Green-E,rapid_transit,1,12:36:00,12:38:00,0.0,False,True,,0,0,
73df702c4609c1ca,4,ride,70158,45660.0,12:41:00,S1_planned_service,panel_od_031,12:30:00,70156,180.0,77745480,Green-E,rapid_transit,1,12:38:00,12:41:00,0.0,False,True,,0,0,
73df702c4609c1ca,5,ride,70200,45780.0,12:43:00,S1_planned_service,panel_od_031,12:30:00,70158,120.0,77745480,Green-E,rapid_transit,1,12:41:00,12:43:00,0.0,False,True,,0,0,
73df702c4609c1ca,6,transfer_walk,70076,45823.0,12:43:43,S1_planned_service,panel_od_031,12:30:00,70200,43.0,,,,,,,,,,,,,
73df702c4609c1ca,7,ride,70074,46080.0,12:48:00,S1_planned_service,panel_od_031,12:30:00,70076,120.0,77871123,Red,rapid_transit,1,12:46:00,12:48:00,137.0,True,False,957.0,0,0,
73df702c4609c1ca,8,ride,70072,46200.0,12:50:00,S1_planned_service,panel_od_031,12:30:00,70074,120.0,77871123,Red,rapid_transit,1,12:48:00,12:50:00,0.0,False,True,,0,0,
73df702c4609c1ca,9,ride,70070,46320.0,12:52:00,S1_planned_service,panel_od_031,12:30:00,70072,120.0,77871123,Red,rapid_transit,1,12:50:00,12:52:00,0.0,False,True,,0,0,
73df702c4609c1ca,10,egress_walk,,46896.0,13:01:36,S1_planned_service,panel_od_031,12:30:00,70070,576.1723565847817,,,,,,,,,,,,,
73df702c4609c1ca,1,access_walk,70240,45231.700821123544,12:33:51,S2_exploratory_gps_overlay,panel_od_031,12:30:00,,231.700821123544,,,,,,,,,,,,,
73df702c4609c1ca,2,ride,70154,45360.0,12:36:00,S2_exploratory_gps_overlay,panel_od_031,12:30:00,70240,120.0,77745480,Green-E,rapid_transit,1,12:34:00,12:36:00,8.299178876455699,True,False,,0,0,
73df702c4609c1ca,3,ride,70156,45480.0,12:38:00,S2_exploratory_gps_overlay,panel_od_031,12:30:00,70154,120.0,77745480,Green-E,rapid_transit,1,12:36:00,12:38:00,0.0,False,True,,0,0,
73df702c4609c1ca,4,ride,70158,45660.0,12:41:00,S2_exploratory_gps_overlay,panel_od_031,12:30:00,70156,180.0,77745480,Green-E,rapid_transit,1,12:38:00,12:41:00,0.0,False,True,,0,0,
73df702c4609c1ca,5,ride,70200,45780.0,12:43:00,S2_exploratory_gps_overlay,panel_od_031,12:30:00,70158,120.0,77745480,Green-E,rapid_transit,1,12:41:00,12:43:00,0.0,False,True,,0,0,
73df702c4609c1ca,6,transfer_walk,70076,45823.0,12:43:43,S2_exploratory_gps_overlay,panel_od_031,12:30:00,70200,43.0,,,,,,,,,,,,,
73df702c4609c1ca,7,ride,70074,46080.0,12:48:00,S2_exploratory_gps_overlay,panel_od_031,12:30:00,70076,120.0,77871123,Red,rapid_transit,1,12:46:00,12:48:00,137.0,True,False,957.0,0,0,
73df702c4609c1ca,8,ride,70072,46200.0,12:50:00,S2_exploratory_gps_overlay,panel_od_031,12:30:00,70074,120.0,77871123,Red,rapid_transit,1,12:48:00,12:50:00,0.0,False,True,,0,0,
73df702c4609c1ca,9,ride,70070,46320.0,12:52:00,S2_exploratory_gps_overlay,panel_od_031,12:30:00,70072,120.0,77871123,Red,rapid_transit,1,12:50:00,12:52:00,0.0,False,True,,0,0,
73df702c4609c1ca,10,egress_walk,,46896.0,13:01:36,S2_exploratory_gps_overlay,panel_od_031,12:30:00,70070,576.1723565847817,,,,,,,,,,,,,
73df702c4609c1ca,1,access_walk,70240,45231.700821123544,12:33:51,Srestore_overlay_off_recomputed,panel_od_031,12:30:00,,231.700821123544,,,,,,,,,,,,,
73df702c4609c1ca,2,ride,70154,45360.0,12:36:00,Srestore_overlay_off_recomputed,panel_od_031,12:30:00,70240,120.0,77745480,Green-E,rapid_transit,1,12:34:00,12:36:00,8.299178876455699,True,False,,0,0,
73df702c4609c1ca,3,ride,70156,45480.0,12:38:00,Srestore_overlay_off_recomputed,panel_od_031,12:30:00,70154,120.0,77745480,Green-E,rapid_transit,1,12:36:00,12:38:00,0.0,False,True,,0,0,
73df702c4609c1ca,4,ride,70158,45660.0,12:41:00,Srestore_overlay_off_recomputed,panel_od_031,12:30:00,70156,180.0,77745480,Green-E,rapid_transit,1,12:38:00,12:41:00,0.0,False,True,,0,0,
73df702c4609c1ca,5,ride,70200,45780.0,12:43:00,Srestore_overlay_off_recomputed,panel_od_031,12:30:00,70158,120.0,77745480,Green-E,rapid_transit,1,12:41:00,12:43:00,0.0,False,True,,0,0,
73df702c4609c1ca,6,transfer_walk,70076,45823.0,12:43:43,Srestore_overlay_off_recomputed,panel_od_031,12:30:00,70200,43.0,,,,,,,,,,,,,
73df702c4609c1ca,7,ride,70074,46080.0,12:48:00,Srestore_overlay_off_recomputed,panel_od_031,12:30:00,70076,120.0,77871123,Red,rapid_transit,1,12:46:00,12:48:00,137.0,True,False,957.0,0,0,
73df702c4609c1ca,8,ride,70072,46200.0,12:50:00,Srestore_overlay_off_recomputed,panel_od_031,12:30:00,70074,120.0,77871123,Red,rapid_transit,1,12:48:00,12:50:00,0.0,False,True,,0,0,
73df702c4609c1ca,9,ride,70070,46320.0,12:52:00,Srestore_overlay_off_recomputed,panel_od_031,12:30:00,70072,120.0,77871123,Red,rapid_transit,1,12:50:00,12:52:00,0.0,False,True,,0,0,
73df702c4609c1ca,10,egress_walk,,46896.0,13:01:36,Srestore_overlay_off_recomputed,panel_od_031,12:30:00,70070,576.1723565847817,,,,,,,,,,,,,
9ddd896aa6954f22,1,access_walk,93,46075.95458978345,12:47:55,S1_planned_service,panel_od_031,12:40:00,,475.95458978344743,,,,,,,,,,,,,
9ddd896aa6954f22,2,ride,95,46740.0,12:59:00,S1_planned_service,panel_od_031,12:40:00,93,60.0,78182084,1,local_bus,0,12:58:00,12:59:00,604.0454102165531,True,False,,0,0,
9ddd896aa6954f22,3,ride,97,47040.0,13:04:00,S1_planned_service,panel_od_031,12:40:00,95,300.0,78182084,1,local_bus,0,12:59:00,13:04:00,0.0,False,True,,0,0,
9ddd896aa6954f22,4,ride,99,47100.0,13:05:00,S1_planned_service,panel_od_031,12:40:00,97,60.0,78182084,1,local_bus,0,13:04:00,13:05:00,0.0,False,True,,0,0,
9ddd896aa6954f22,5,ride,101,47280.0,13:08:00,S1_planned_service,panel_od_031,12:40:00,99,180.0,78182084,1,local_bus,0,13:05:00,13:08:00,0.0,False,True,,0,0,
9ddd896aa6954f22,6,egress_walk,,47718.0,13:15:18,S1_planned_service,panel_od_031,12:40:00,101,437.8360876293257,,,,,,,,,,,,,
9ddd896aa6954f22,1,access_walk,93,46075.95458978345,12:47:55,S2_exploratory_gps_overlay,panel_od_031,12:40:00,,475.95458978344743,,,,,,,,,,,,,
9ddd896aa6954f22,2,ride,95,46740.0,12:59:00,S2_exploratory_gps_overlay,panel_od_031,12:40:00,93,60.0,78182084,1,local_bus,0,12:58:00,12:59:00,604.0454102165531,True,False,,0,0,
9ddd896aa6954f22,3,ride,97,47040.0,13:04:00,S2_exploratory_gps_overlay,panel_od_031,12:40:00,95,300.0,78182084,1,local_bus,0,12:59:00,13:04:00,0.0,False,True,,0,0,
9ddd896aa6954f22,4,ride,99,47100.0,13:05:00,S2_exploratory_gps_overlay,panel_od_031,12:40:00,97,60.0,78182084,1,local_bus,0,13:04:00,13:05:00,0.0,False,True,,0,0,
9ddd896aa6954f22,5,ride,101,47280.0,13:08:00,S2_exploratory_gps_overlay,panel_od_031,12:40:00,99,180.0,78182084,1,local_bus,0,13:05:00,13:08:00,0.0,False,True,,0,0,
9ddd896aa6954f22,6,egress_walk,,47718.0,13:15:18,S2_exploratory_gps_overlay,panel_od_031,12:40:00,101,437.8360876293257,,,,,,,,,,,,,
9ddd896aa6954f22,1,access_walk,93,46075.95458978345,12:47:55,Srestore_overlay_off_recomputed,panel_od_031,12:40:00,,475.95458978344743,,,,,,,,,,,,,
9ddd896aa6954f22,2,ride,95,46740.0,12:59:00,Srestore_overlay_off_recomputed,panel_od_031,12:40:00,93,60.0,78182084,1,local_bus,0,12:58:00,12:59:00,604.0454102165531,True,False,,0,0,
9ddd896aa6954f22,3,ride,97,47040.0,13:04:00,Srestore_overlay_off_recomputed,panel_od_031,12:40:00,95,300.0,78182084,1,local_bus,0,12:59:00,13:04:00,0.0,False,True,,0,0,
9ddd896aa6954f22,4,ride,99,47100.0,13:05:00,Srestore_overlay_off_recomputed,panel_od_031,12:40:00,97,60.0,78182084,1,local_bus,0,13:04:00,13:05:00,0.0,False,True,,0,0,
9ddd896aa6954f22,5,ride,101,47280.0,13:08:00,Srestore_overlay_off_recomputed,panel_od_031,12:40:00,99,180.0,78182084,1,local_bus,0,13:05:00,13:08:00,0.0,False,True,,0,0,
9ddd896aa6954f22,6,egress_walk,,47718.0,13:15:18,Srestore_overlay_off_recomputed,panel_od_031,12:40:00,101,437.8360876293257,,,,,,,,,,,,,
a3ddba7084d1bc53,1,access_walk,93,46675.95458978345,12:57:55,S1_planned_service,panel_od_031,12:50:00,,475.95458978344743,,,,,,,,,,,,,
a3ddba7084d1bc53,2,ride,95,46740.0,12:59:00,S1_planned_service,panel_od_031,12:50:00,93,60.0,78182084,1,local_bus,0,12:58:00,12:59:00,4.045410216553137,True,False,,0,0,
a3ddba7084d1bc53,3,ride,97,47040.0,13:04:00,S1_planned_service,panel_od_031,12:50:00,95,300.0,78182084,1,local_bus,0,12:59:00,13:04:00,0.0,False,True,,0,0,
a3ddba7084d1bc53,4,ride,99,47100.0,13:05:00,S1_planned_service,panel_od_031,12:50:00,97,60.0,78182084,1,local_bus,0,13:04:00,13:05:00,0.0,False,True,,0,0,
a3ddba7084d1bc53,5,ride,101,47280.0,13:08:00,S1_planned_service,panel_od_031,12:50:00,99,180.0,78182084,1,local_bus,0,13:05:00,13:08:00,0.0,False,True,,0,0,
a3ddba7084d1bc53,6,egress_walk,,47718.0,13:15:18,S1_planned_service,panel_od_031,12:50:00,101,437.8360876293257,,,,,,,,,,,,,
a3ddba7084d1bc53,1,access_walk,93,46675.95458978345,12:57:55,S2_exploratory_gps_overlay,panel_od_031,12:50:00,,475.95458978344743,,,,,,,,,,,,,
a3ddba7084d1bc53,2,ride,95,46740.0,12:59:00,S2_exploratory_gps_overlay,panel_od_031,12:50:00,93,60.0,78182084,1,local_bus,0,12:58:00,12:59:00,4.045410216553137,True,False,,0,0,
a3ddba7084d1bc53,3,ride,97,47040.0,13:04:00,S2_exploratory_gps_overlay,panel_od_031,12:50:00,95,300.0,78182084,1,local_bus,0,12:59:00,13:04:00,0.0,False,True,,0,0,
a3ddba7084d1bc53,4,ride,99,47100.0,13:05:00,S2_exploratory_gps_overlay,panel_od_031,12:50:00,97,60.0,78182084,1,local_bus,0,13:04:00,13:05:00,0.0,False,True,,0,0,
a3ddba7084d1bc53,5,ride,101,47280.0,13:08:00,S2_exploratory_gps_overlay,panel_od_031,12:50:00,99,180.0,78182084,1,local_bus,0,13:05:00,13:08:00,0.0,False,True,,0,0,
a3ddba7084d1bc53,6,egress_walk,,47718.0,13:15:18,S2_exploratory_gps_overlay,panel_od_031,12:50:00,101,437.8360876293257,,,,,,,,,,,,,
a3ddba7084d1bc53,1,access_walk,93,46675.95458978345,12:57:55,Srestore_overlay_off_recomputed,panel_od_031,12:50:00,,475.95458978344743,,,,,,,,,,,,,
a3ddba7084d1bc53,2,ride,95,46740.0,12:59:00,Srestore_overlay_off_recomputed,panel_od_031,12:50:00,93,60.0,78182084,1,local_bus,0,12:58:00,12:59:00,4.045410216553137,True,False,,0,0,
a3ddba7084d1bc53,3,ride,97,47040.0,13:04:00,Srestore_overlay_off_recomputed,panel_od_031,12:50:00,95,300.0,78182084,1,local_bus,0,12:59:00,13:04:00,0.0,False,True,,0,0,
a3ddba7084d1bc53,4,ride,99,47100.0,13:05:00,Srestore_overlay_off_recomputed,panel_od_031,12:50:00,97,60.0,78182084,1,local_bus,0,13:04:00,13:05:00,0.0,False,True,,0,0,
a3ddba7084d1bc53,5,ride,101,47280.0,13:08:00,Srestore_overlay_off_recomputed,panel_od_031,12:50:00,99,180.0,78182084,1,local_bus,0,13:05:00,13:08:00,0.0,False,True,,0,0,
a3ddba7084d1bc53,6,egress_walk,,47718.0,13:15:18,Srestore_overlay_off_recomputed,panel_od_031,12:50:00,101,437.8360876293257,,,,,,,,,,,,,
0cbf826161265707,1,access_walk,70078,45437.85292198043,12:37:17,S1_planned_service,panel_od_032,12:30:00,,437.85292198042964,,,,,,,,,,,,,
0cbf826161265707,2,ride,70076,45600.0,12:40:00,S1_planned_service,panel_od_032,12:30:00,70078,120.0,77871303,Red,rapid_transit,1,12:38:00,12:40:00,42.147078019566834,True,False,,0,0,
0cbf826161265707,3,ride,70074,45720.0,12:42:00,S1_planned_service,panel_od_032,12:30:00,70076,120.0,77871303,Red,rapid_transit,1,12:40:00,12:42:00,0.0,False,True,,0,0,
0cbf826161265707,4,ride,70072,45840.0,12:44:00,S1_planned_service,panel_od_032,12:30:00,70074,120.0,77871303,Red,rapid_transit,1,12:42:00,12:44:00,0.0,False,True,,0,0,
0cbf826161265707,5,ride,70070,45960.0,12:46:00,S1_planned_service,panel_od_032,12:30:00,70072,120.0,77871303,Red,rapid_transit,1,12:44:00,12:46:00,0.0,False,True,,0,0,
0cbf826161265707,6,egress_walk,,46536.0,12:55:36,S1_planned_service,panel_od_032,12:30:00,70070,576.1723565847817,,,,,,,,,,,,,
0cbf826161265707,1,access_walk,70078,45437.85292198043,12:37:17,S2_exploratory_gps_overlay,panel_od_032,12:30:00,,437.85292198042964,,,,,,,,,,,,,
0cbf826161265707,2,ride,70076,45600.0,12:40:00,S2_exploratory_gps_overlay,panel_od_032,12:30:00,70078,120.0,77871303,Red,rapid_transit,1,12:38:00,12:40:00,42.147078019566834,True,False,,0,0,
0cbf826161265707,3,ride,70074,45720.0,12:42:00,S2_exploratory_gps_overlay,panel_od_032,12:30:00,70076,120.0,77871303,Red,rapid_transit,1,12:40:00,12:42:00,0.0,False,True,,0,0,
0cbf826161265707,4,ride,70072,45840.0,12:44:00,S2_exploratory_gps_overlay,panel_od_032,12:30:00,70074,120.0,77871303,Red,rapid_transit,1,12:42:00,12:44:00,0.0,False,True,,0,0,
0cbf826161265707,5,ride,70070,45960.0,12:46:00,S2_exploratory_gps_overlay,panel_od_032,12:30:00,70072,120.0,77871303,Red,rapid_transit,1,12:44:00,12:46:00,0.0,False,True,,0,0,
0cbf826161265707,6,egress_walk,,46536.0,12:55:36,S2_exploratory_gps_overlay,panel_od_032,12:30:00,70070,576.1723565847817,,,,,,,,,,,,,
0cbf826161265707,1,access_walk,70078,45437.85292198043,12:37:17,Srestore_overlay_off_recomputed,panel_od_032,12:30:00,,437.85292198042964,,,,,,,,,,,,,
0cbf826161265707,2,ride,70076,45600.0,12:40:00,Srestore_overlay_off_recomputed,panel_od_032,12:30:00,70078,120.0,77871303,Red,rapid_transit,1,12:38:00,12:40:00,42.147078019566834,True,False,,0,0,
0cbf826161265707,3,ride,70074,45720.0,12:42:00,Srestore_overlay_off_recomputed,panel_od_032,12:30:00,70076,120.0,77871303,Red,rapid_transit,1,12:40:00,12:42:00,0.0,False,True,,0,0,
0cbf826161265707,4,ride,70072,45840.0,12:44:00,Srestore_overlay_off_recomputed,panel_od_032,12:30:00,70074,120.0,77871303,Red,rapid_transit,1,12:42:00,12:44:00,0.0,False,True,,0,0,
0cbf826161265707,5,ride,70070,45960.0,12:46:00,Srestore_overlay_off_recomputed,panel_od_032,12:30:00,70072,120.0,77871303,Red,rapid_transit,1,12:44:00,12:46:00,0.0,False,True,,0,0,
0cbf826161265707,6,egress_walk,,46536.0,12:55:36,Srestore_overlay_off_recomputed,panel_od_032,12:30:00,70070,576.1723565847817,,,,,,,,,,,,,
0d8724a6424bbd4a,1,access_walk,70078,46037.85292198043,12:47:17,S1_planned_service,panel_od_032,12:40:00,,437.85292198042964,,,,,,,,,,,,,
0d8724a6424bbd4a,2,ride,70076,46200.0,12:50:00,S1_planned_service,panel_od_032,12:40:00,70078,120.0,77871304,Red,rapid_transit,1,12:48:00,12:50:00,42.147078019566834,True,False,,0,0,
0d8724a6424bbd4a,3,ride,70074,46320.0,12:52:00,S1_planned_service,panel_od_032,12:40:00,70076,120.0,77871304,Red,rapid_transit,1,12:50:00,12:52:00,0.0,False,True,,0,0,
0d8724a6424bbd4a,4,ride,70072,46440.0,12:54:00,S1_planned_service,panel_od_032,12:40:00,70074,120.0,77871304,Red,rapid_transit,1,12:52:00,12:54:00,0.0,False,True,,0,0,
0d8724a6424bbd4a,5,ride,70070,46560.0,12:56:00,S1_planned_service,panel_od_032,12:40:00,70072,120.0,77871304,Red,rapid_transit,1,12:54:00,12:56:00,0.0,False,True,,0,0,
0d8724a6424bbd4a,6,egress_walk,,47136.0,13:05:36,S1_planned_service,panel_od_032,12:40:00,70070,576.1723565847817,,,,,,,,,,,,,
0d8724a6424bbd4a,1,access_walk,70078,46037.85292198043,12:47:17,S2_exploratory_gps_overlay,panel_od_032,12:40:00,,437.85292198042964,,,,,,,,,,,,,
0d8724a6424bbd4a,2,ride,70076,46200.0,12:50:00,S2_exploratory_gps_overlay,panel_od_032,12:40:00,70078,120.0,77871304,Red,rapid_transit,1,12:48:00,12:50:00,42.147078019566834,True,False,,0,0,
0d8724a6424bbd4a,3,ride,70074,46320.0,12:52:00,S2_exploratory_gps_overlay,panel_od_032,12:40:00,70076,120.0,77871304,Red,rapid_transit,1,12:50:00,12:52:00,0.0,False,True,,0,0,
0d8724a6424bbd4a,4,ride,70072,46440.0,12:54:00,S2_exploratory_gps_overlay,panel_od_032,12:40:00,70074,120.0,77871304,Red,rapid_transit,1,12:52:00,12:54:00,0.0,False,True,,0,0,
0d8724a6424bbd4a,5,ride,70070,46560.0,12:56:00,S2_exploratory_gps_overlay,panel_od_032,12:40:00,70072,120.0,77871304,Red,rapid_transit,1,12:54:00,12:56:00,0.0,False,True,,0,0,
0d8724a6424bbd4a,6,egress_walk,,47136.0,13:05:36,S2_exploratory_gps_overlay,panel_od_032,12:40:00,70070,576.1723565847817,,,,,,,,,,,,,
0d8724a6424bbd4a,1,access_walk,70078,46037.85292198043,12:47:17,Srestore_overlay_off_recomputed,panel_od_032,12:40:00,,437.85292198042964,,,,,,,,,,,,,
0d8724a6424bbd4a,2,ride,70076,46200.0,12:50:00,Srestore_overlay_off_recomputed,panel_od_032,12:40:00,70078,120.0,77871304,Red,rapid_transit,1,12:48:00,12:50:00,42.147078019566834,True,False,,0,0,
0d8724a6424bbd4a,3,ride,70074,46320.0,12:52:00,Srestore_overlay_off_recomputed,panel_od_032,12:40:00,70076,120.0,77871304,Red,rapid_transit,1,12:50:00,12:52:00,0.0,False,True,,0,0,
0d8724a6424bbd4a,4,ride,70072,46440.0,12:54:00,Srestore_overlay_off_recomputed,panel_od_032,12:40:00,70074,120.0,77871304,Red,rapid_transit,1,12:52:00,12:54:00,0.0,False,True,,0,0,
0d8724a6424bbd4a,5,ride,70070,46560.0,12:56:00,Srestore_overlay_off_recomputed,panel_od_032,12:40:00,70072,120.0,77871304,Red,rapid_transit,1,12:54:00,12:56:00,0.0,False,True,,0,0,
0d8724a6424bbd4a,6,egress_walk,,47136.0,13:05:36,Srestore_overlay_off_recomputed,panel_od_032,12:40:00,70070,576.1723565847817,,,,,,,,,,,,,
e2dbcfd6e2d3a78f,1,access_walk,70078,46637.85292198043,12:57:17,S1_planned_service,panel_od_032,12:50:00,,437.85292198042964,,,,,,,,,,,,,
e2dbcfd6e2d3a78f,2,ride,70076,46800.0,13:00:00,S1_planned_service,panel_od_032,12:50:00,70078,120.0,77871305,Red,rapid_transit,1,12:58:00,13:00:00,42.147078019566834,True,False,,0,0,
e2dbcfd6e2d3a78f,3,ride,70074,46920.0,13:02:00,S1_planned_service,panel_od_032,12:50:00,70076,120.0,77871305,Red,rapid_transit,1,13:00:00,13:02:00,0.0,False,True,,0,0,
e2dbcfd6e2d3a78f,4,ride,70072,47040.0,13:04:00,S1_planned_service,panel_od_032,12:50:00,70074,120.0,77871305,Red,rapid_transit,1,13:02:00,13:04:00,0.0,False,True,,0,0,
e2dbcfd6e2d3a78f,5,ride,70070,47160.0,13:06:00,S1_planned_service,panel_od_032,12:50:00,70072,120.0,77871305,Red,rapid_transit,1,13:04:00,13:06:00,0.0,False,True,,0,0,
e2dbcfd6e2d3a78f,6,egress_walk,,47736.0,13:15:36,S1_planned_service,panel_od_032,12:50:00,70070,576.1723565847817,,,,,,,,,,,,,
e2dbcfd6e2d3a78f,1,access_walk,70078,46637.85292198043,12:57:17,S2_exploratory_gps_overlay,panel_od_032,12:50:00,,437.85292198042964,,,,,,,,,,,,,
e2dbcfd6e2d3a78f,2,ride,70076,46800.0,13:00:00,S2_exploratory_gps_overlay,panel_od_032,12:50:00,70078,120.0,77871305,Red,rapid_transit,1,12:58:00,13:00:00,42.147078019566834,True,False,,0,0,
e2dbcfd6e2d3a78f,3,ride,70074,46920.0,13:02:00,S2_exploratory_gps_overlay,panel_od_032,12:50:00,70076,120.0,77871305,Red,rapid_transit,1,13:00:00,13:02:00,0.0,False,True,,0,0,
e2dbcfd6e2d3a78f,4,ride,70072,47040.0,13:04:00,S2_exploratory_gps_overlay,panel_od_032,12:50:00,70074,120.0,77871305,Red,rapid_transit,1,13:02:00,13:04:00,0.0,False,True,,0,0,
e2dbcfd6e2d3a78f,5,ride,70070,47160.0,13:06:00,S2_exploratory_gps_overlay,panel_od_032,12:50:00,70072,120.0,77871305,Red,rapid_transit,1,13:04:00,13:06:00,0.0,False,True,,0,0,
e2dbcfd6e2d3a78f,6,egress_walk,,47736.0,13:15:36,S2_exploratory_gps_overlay,panel_od_032,12:50:00,70070,576.1723565847817,,,,,,,,,,,,,
e2dbcfd6e2d3a78f,1,access_walk,70078,46637.85292198043,12:57:17,Srestore_overlay_off_recomputed,panel_od_032,12:50:00,,437.85292198042964,,,,,,,,,,,,,
e2dbcfd6e2d3a78f,2,ride,70076,46800.0,13:00:00,Srestore_overlay_off_recomputed,panel_od_032,12:50:00,70078,120.0,77871305,Red,rapid_transit,1,12:58:00,13:00:00,42.147078019566834,True,False,,0,0,
e2dbcfd6e2d3a78f,3,ride,70074,46920.0,13:02:00,Srestore_overlay_off_recomputed,panel_od_032,12:50:00,70076,120.0,77871305,Red,rapid_transit,1,13:00:00,13:02:00,0.0,False,True,,0,0,
e2dbcfd6e2d3a78f,4,ride,70072,47040.0,13:04:00,Srestore_overlay_off_recomputed,panel_od_032,12:50:00,70074,120.0,77871305,Red,rapid_transit,1,13:02:00,13:04:00,0.0,False,True,,0,0,
e2dbcfd6e2d3a78f,5,ride,70070,47160.0,13:06:00,Srestore_overlay_off_recomputed,panel_od_032,12:50:00,70072,120.0,77871305,Red,rapid_transit,1,13:04:00,13:06:00,0.0,False,True,,0,0,
e2dbcfd6e2d3a78f,6,egress_walk,,47736.0,13:15:36,Srestore_overlay_off_recomputed,panel_od_032,12:50:00,70070,576.1723565847817,,,,,,,,,,,,,
d1bddf146962c7eb,1,access_walk,70071,45883.37040337296,12:44:43,S1_planned_service,panel_od_033,12:30:00,,883.3704033729558,,,,,,,,,,,,,
d1bddf146962c7eb,2,ride,70073,46140.0,12:49:00,S1_planned_service,panel_od_033,12:30:00,70071,120.0,77871417,Red,rapid_transit,0,12:47:00,12:49:00,136.62959662704088,True,False,,0,0,
d1bddf146962c7eb,3,ride,70075,46260.0,12:51:00,S1_planned_service,panel_od_033,12:30:00,70073,120.0,77871417,Red,rapid_transit,0,12:49:00,12:51:00,0.0,False,True,,0,0,
d1bddf146962c7eb,4,ride,70077,46380.0,12:53:00,S1_planned_service,panel_od_033,12:30:00,70075,120.0,77871417,Red,rapid_transit,0,12:51:00,12:53:00,0.0,False,True,,0,0,
d1bddf146962c7eb,5,egress_walk,,46818.0,13:00:18,S1_planned_service,panel_od_033,12:30:00,70077,437.85292198042964,,,,,,,,,,,,,
d1bddf146962c7eb,1,access_walk,70071,45883.37040337296,12:44:43,S2_exploratory_gps_overlay,panel_od_033,12:30:00,,883.3704033729558,,,,,,,,,,,,,
d1bddf146962c7eb,2,ride,70073,46140.0,12:49:00,S2_exploratory_gps_overlay,panel_od_033,12:30:00,70071,120.0,77871417,Red,rapid_transit,0,12:47:00,12:49:00,136.62959662704088,True,False,,0,0,
d1bddf146962c7eb,3,ride,70075,46260.0,12:51:00,S2_exploratory_gps_overlay,panel_od_033,12:30:00,70073,120.0,77871417,Red,rapid_transit,0,12:49:00,12:51:00,0.0,False,True,,0,0,
d1bddf146962c7eb,4,ride,70077,46380.0,12:53:00,S2_exploratory_gps_overlay,panel_od_033,12:30:00,70075,120.0,77871417,Red,rapid_transit,0,12:51:00,12:53:00,0.0,False,True,,0,0,
d1bddf146962c7eb,5,egress_walk,,46818.0,13:00:18,S2_exploratory_gps_overlay,panel_od_033,12:30:00,70077,437.85292198042964,,,,,,,,,,,,,
d1bddf146962c7eb,1,access_walk,70071,45883.37040337296,12:44:43,Srestore_overlay_off_recomputed,panel_od_033,12:30:00,,883.3704033729558,,,,,,,,,,,,,
d1bddf146962c7eb,2,ride,70073,46140.0,12:49:00,Srestore_overlay_off_recomputed,panel_od_033,12:30:00,70071,120.0,77871417,Red,rapid_transit,0,12:47:00,12:49:00,136.62959662704088,True,False,,0,0,
d1bddf146962c7eb,3,ride,70075,46260.0,12:51:00,Srestore_overlay_off_recomputed,panel_od_033,12:30:00,70073,120.0,77871417,Red,rapid_transit,0,12:49:00,12:51:00,0.0,False,True,,0,0,
d1bddf146962c7eb,4,ride,70077,46380.0,12:53:00,Srestore_overlay_off_recomputed,panel_od_033,12:30:00,70075,120.0,77871417,Red,rapid_transit,0,12:51:00,12:53:00,0.0,False,True,,0,0,
d1bddf146962c7eb,5,egress_walk,,46818.0,13:00:18,Srestore_overlay_off_recomputed,panel_od_033,12:30:00,70077,437.85292198042964,,,,,,,,,,,,,
d79a8b12c1e4510b,1,access_walk,70071,46483.37040337296,12:54:43,S1_planned_service,panel_od_033,12:40:00,,883.3704033729558,,,,,,,,,,,,,
d79a8b12c1e4510b,2,ride,70073,46740.0,12:59:00,S1_planned_service,panel_od_033,12:40:00,70071,120.0,77871418,Red,rapid_transit,0,12:57:00,12:59:00,136.62959662704088,True,False,,0,0,
d79a8b12c1e4510b,3,ride,70075,46860.0,13:01:00,S1_planned_service,panel_od_033,12:40:00,70073,120.0,77871418,Red,rapid_transit,0,12:59:00,13:01:00,0.0,False,True,,0,0,
d79a8b12c1e4510b,4,ride,70077,46980.0,13:03:00,S1_planned_service,panel_od_033,12:40:00,70075,120.0,77871418,Red,rapid_transit,0,13:01:00,13:03:00,0.0,False,True,,0,0,
d79a8b12c1e4510b,5,egress_walk,,47418.0,13:10:18,S1_planned_service,panel_od_033,12:40:00,70077,437.85292198042964,,,,,,,,,,,,,
d79a8b12c1e4510b,1,access_walk,70071,46483.37040337296,12:54:43,S2_exploratory_gps_overlay,panel_od_033,12:40:00,,883.3704033729558,,,,,,,,,,,,,
d79a8b12c1e4510b,2,ride,70073,46740.0,12:59:00,S2_exploratory_gps_overlay,panel_od_033,12:40:00,70071,120.0,77871418,Red,rapid_transit,0,12:57:00,12:59:00,136.62959662704088,True,False,,0,0,
d79a8b12c1e4510b,3,ride,70075,46860.0,13:01:00,S2_exploratory_gps_overlay,panel_od_033,12:40:00,70073,120.0,77871418,Red,rapid_transit,0,12:59:00,13:01:00,0.0,False,True,,0,0,
d79a8b12c1e4510b,4,ride,70077,46980.0,13:03:00,S2_exploratory_gps_overlay,panel_od_033,12:40:00,70075,120.0,77871418,Red,rapid_transit,0,13:01:00,13:03:00,0.0,False,True,,0,0,
d79a8b12c1e4510b,5,egress_walk,,47418.0,13:10:18,S2_exploratory_gps_overlay,panel_od_033,12:40:00,70077,437.85292198042964,,,,,,,,,,,,,
d79a8b12c1e4510b,1,access_walk,70071,46483.37040337296,12:54:43,Srestore_overlay_off_recomputed,panel_od_033,12:40:00,,883.3704033729558,,,,,,,,,,,,,
d79a8b12c1e4510b,2,ride,70073,46740.0,12:59:00,Srestore_overlay_off_recomputed,panel_od_033,12:40:00,70071,120.0,77871418,Red,rapid_transit,0,12:57:00,12:59:00,136.62959662704088,True,False,,0,0,
d79a8b12c1e4510b,3,ride,70075,46860.0,13:01:00,Srestore_overlay_off_recomputed,panel_od_033,12:40:00,70073,120.0,77871418,Red,rapid_transit,0,12:59:00,13:01:00,0.0,False,True,,0,0,
d79a8b12c1e4510b,4,ride,70077,46980.0,13:03:00,Srestore_overlay_off_recomputed,panel_od_033,12:40:00,70075,120.0,77871418,Red,rapid_transit,0,13:01:00,13:03:00,0.0,False,True,,0,0,
d79a8b12c1e4510b,5,egress_walk,,47418.0,13:10:18,Srestore_overlay_off_recomputed,panel_od_033,12:40:00,70077,437.85292198042964,,,,,,,,,,,,,
c7a440360b95de87,1,access_walk,70071,47083.37040337296,13:04:43,S1_planned_service,panel_od_033,12:50:00,,883.3704033729558,,,,,,,,,,,,,
c7a440360b95de87,2,ride,70073,47340.0,13:09:00,S1_planned_service,panel_od_033,12:50:00,70071,120.0,77871419,Red,rapid_transit,0,13:07:00,13:09:00,136.62959662704088,True,False,,0,0,
c7a440360b95de87,3,ride,70075,47460.0,13:11:00,S1_planned_service,panel_od_033,12:50:00,70073,120.0,77871419,Red,rapid_transit,0,13:09:00,13:11:00,0.0,False,True,,0,0,
c7a440360b95de87,4,ride,70077,47580.0,13:13:00,S1_planned_service,panel_od_033,12:50:00,70075,120.0,77871419,Red,rapid_transit,0,13:11:00,13:13:00,0.0,False,True,,0,0,
c7a440360b95de87,5,egress_walk,,48018.0,13:20:18,S1_planned_service,panel_od_033,12:50:00,70077,437.85292198042964,,,,,,,,,,,,,
c7a440360b95de87,1,access_walk,70071,47083.37040337296,13:04:43,S2_exploratory_gps_overlay,panel_od_033,12:50:00,,883.3704033729558,,,,,,,,,,,,,
c7a440360b95de87,2,ride,70073,47340.0,13:09:00,S2_exploratory_gps_overlay,panel_od_033,12:50:00,70071,120.0,77871419,Red,rapid_transit,0,13:07:00,13:09:00,136.62959662704088,True,False,,0,0,
c7a440360b95de87,3,ride,70075,47460.0,13:11:00,S2_exploratory_gps_overlay,panel_od_033,12:50:00,70073,120.0,77871419,Red,rapid_transit,0,13:09:00,13:11:00,0.0,False,True,,0,0,
c7a440360b95de87,4,ride,70077,47580.0,13:13:00,S2_exploratory_gps_overlay,panel_od_033,12:50:00,70075,120.0,77871419,Red,rapid_transit,0,13:11:00,13:13:00,0.0,False,True,,0,0,
c7a440360b95de87,5,egress_walk,,48018.0,13:20:18,S2_exploratory_gps_overlay,panel_od_033,12:50:00,70077,437.85292198042964,,,,,,,,,,,,,
c7a440360b95de87,1,access_walk,70071,47083.37040337296,13:04:43,Srestore_overlay_off_recomputed,panel_od_033,12:50:00,,883.3704033729558,,,,,,,,,,,,,
c7a440360b95de87,2,ride,70073,47340.0,13:09:00,Srestore_overlay_off_recomputed,panel_od_033,12:50:00,70071,120.0,77871419,Red,rapid_transit,0,13:07:00,13:09:00,136.62959662704088,True,False,,0,0,
c7a440360b95de87,3,ride,70075,47460.0,13:11:00,Srestore_overlay_off_recomputed,panel_od_033,12:50:00,70073,120.0,77871419,Red,rapid_transit,0,13:09:00,13:11:00,0.0,False,True,,0,0,
c7a440360b95de87,4,ride,70077,47580.0,13:13:00,Srestore_overlay_off_recomputed,panel_od_033,12:50:00,70075,120.0,77871419,Red,rapid_transit,0,13:11:00,13:13:00,0.0,False,True,,0,0,
c7a440360b95de87,5,egress_walk,,48018.0,13:20:18,Srestore_overlay_off_recomputed,panel_od_033,12:50:00,70077,437.85292198042964,,,,,,,,,,,,,
dfe5eb934c3d109d,1,access_walk,70069,45184.99018323254,12:33:04,S1_planned_service,panel_od_034,12:30:00,,184.9901832325379,,,,,,,,,,,,,
dfe5eb934c3d109d,2,ride,70071,45360.0,12:36:00,S1_planned_service,panel_od_034,12:30:00,70069,120.0,77871416,Red,rapid_transit,0,12:34:00,12:36:00,55.00981676745869,True,False,,0,0,
dfe5eb934c3d109d,3,ride,70073,45480.0,12:38:00,S1_planned_service,panel_od_034,12:30:00,70071,120.0,77871416,Red,rapid_transit,0,12:36:00,12:38:00,0.0,False,True,,0,0,
dfe5eb934c3d109d,4,ride,70075,45600.0,12:40:00,S1_planned_service,panel_od_034,12:30:00,70073,120.0,77871416,Red,rapid_transit,0,12:38:00,12:40:00,0.0,False,True,,0,0,
dfe5eb934c3d109d,5,ride,70077,45720.0,12:42:00,S1_planned_service,panel_od_034,12:30:00,70075,120.0,77871416,Red,rapid_transit,0,12:40:00,12:42:00,0.0,False,True,,0,0,
dfe5eb934c3d109d,6,transfer_walk,70020,45834.0,12:43:54,S1_planned_service,panel_od_034,12:30:00,70077,114.0,,,,,,,,,,,,,
dfe5eb934c3d109d,7,ride,70018,46200.0,12:50:00,S1_planned_service,panel_od_034,12:30:00,70020,60.0,77798330,Orange,rapid_transit,0,12:49:00,12:50:00,306.0,True,False,786.0,0,0,
dfe5eb934c3d109d,8,ride,70016,46260.0,12:51:00,S1_planned_service,panel_od_034,12:30:00,70018,60.0,77798330,Orange,rapid_transit,0,12:50:00,12:51:00,0.0,False,True,,0,0,
dfe5eb934c3d109d,9,ride,70014,46380.0,12:53:00,S1_planned_service,panel_od_034,12:30:00,70016,120.0,77798330,Orange,rapid_transit,0,12:51:00,12:53:00,0.0,False,True,,0,0,
dfe5eb934c3d109d,10,egress_walk,,46885.0,13:01:25,S1_planned_service,panel_od_034,12:30:00,70014,504.91352425816257,,,,,,,,,,,,,
dfe5eb934c3d109d,1,access_walk,70069,45184.99018323254,12:33:04,S2_exploratory_gps_overlay,panel_od_034,12:30:00,,184.9901832325379,,,,,,,,,,,,,
dfe5eb934c3d109d,2,ride,70071,45360.0,12:36:00,S2_exploratory_gps_overlay,panel_od_034,12:30:00,70069,120.0,77871416,Red,rapid_transit,0,12:34:00,12:36:00,55.00981676745869,True,False,,0,0,
dfe5eb934c3d109d,3,ride,70073,45480.0,12:38:00,S2_exploratory_gps_overlay,panel_od_034,12:30:00,70071,120.0,77871416,Red,rapid_transit,0,12:36:00,12:38:00,0.0,False,True,,0,0,
dfe5eb934c3d109d,4,ride,70075,45600.0,12:40:00,S2_exploratory_gps_overlay,panel_od_034,12:30:00,70073,120.0,77871416,Red,rapid_transit,0,12:38:00,12:40:00,0.0,False,True,,0,0,
dfe5eb934c3d109d,5,ride,70077,45720.0,12:42:00,S2_exploratory_gps_overlay,panel_od_034,12:30:00,70075,120.0,77871416,Red,rapid_transit,0,12:40:00,12:42:00,0.0,False,True,,0,0,
dfe5eb934c3d109d,6,transfer_walk,70020,45834.0,12:43:54,S2_exploratory_gps_overlay,panel_od_034,12:30:00,70077,114.0,,,,,,,,,,,,,
dfe5eb934c3d109d,7,ride,70018,46200.0,12:50:00,S2_exploratory_gps_overlay,panel_od_034,12:30:00,70020,60.0,77798330,Orange,rapid_transit,0,12:49:00,12:50:00,306.0,True,False,786.0,0,0,
dfe5eb934c3d109d,8,ride,70016,46260.0,12:51:00,S2_exploratory_gps_overlay,panel_od_034,12:30:00,70018,60.0,77798330,Orange,rapid_transit,0,12:50:00,12:51:00,0.0,False,True,,0,0,
dfe5eb934c3d109d,9,ride,70014,46380.0,12:53:00,S2_exploratory_gps_overlay,panel_od_034,12:30:00,70016,120.0,77798330,Orange,rapid_transit,0,12:51:00,12:53:00,0.0,False,True,,0,0,
dfe5eb934c3d109d,10,egress_walk,,46885.0,13:01:25,S2_exploratory_gps_overlay,panel_od_034,12:30:00,70014,504.91352425816257,,,,,,,,,,,,,
dfe5eb934c3d109d,1,access_walk,70069,45184.99018323254,12:33:04,Srestore_overlay_off_recomputed,panel_od_034,12:30:00,,184.9901832325379,,,,,,,,,,,,,
dfe5eb934c3d109d,2,ride,70071,45360.0,12:36:00,Srestore_overlay_off_recomputed,panel_od_034,12:30:00,70069,120.0,77871416,Red,rapid_transit,0,12:34:00,12:36:00,55.00981676745869,True,False,,0,0,
dfe5eb934c3d109d,3,ride,70073,45480.0,12:38:00,Srestore_overlay_off_recomputed,panel_od_034,12:30:00,70071,120.0,77871416,Red,rapid_transit,0,12:36:00,12:38:00,0.0,False,True,,0,0,
dfe5eb934c3d109d,4,ride,70075,45600.0,12:40:00,Srestore_overlay_off_recomputed,panel_od_034,12:30:00,70073,120.0,77871416,Red,rapid_transit,0,12:38:00,12:40:00,0.0,False,True,,0,0,
dfe5eb934c3d109d,5,ride,70077,45720.0,12:42:00,Srestore_overlay_off_recomputed,panel_od_034,12:30:00,70075,120.0,77871416,Red,rapid_transit,0,12:40:00,12:42:00,0.0,False,True,,0,0,
dfe5eb934c3d109d,6,transfer_walk,70020,45834.0,12:43:54,Srestore_overlay_off_recomputed,panel_od_034,12:30:00,70077,114.0,,,,,,,,,,,,,
dfe5eb934c3d109d,7,ride,70018,46200.0,12:50:00,Srestore_overlay_off_recomputed,panel_od_034,12:30:00,70020,60.0,77798330,Orange,rapid_transit,0,12:49:00,12:50:00,306.0,True,False,786.0,0,0,
dfe5eb934c3d109d,8,ride,70016,46260.0,12:51:00,Srestore_overlay_off_recomputed,panel_od_034,12:30:00,70018,60.0,77798330,Orange,rapid_transit,0,12:50:00,12:51:00,0.0,False,True,,0,0,
dfe5eb934c3d109d,9,ride,70014,46380.0,12:53:00,Srestore_overlay_off_recomputed,panel_od_034,12:30:00,70016,120.0,77798330,Orange,rapid_transit,0,12:51:00,12:53:00,0.0,False,True,,0,0,
dfe5eb934c3d109d,10,egress_walk,,46885.0,13:01:25,Srestore_overlay_off_recomputed,panel_od_034,12:30:00,70014,504.91352425816257,,,,,,,,,,,,,
67de43af327538fd,1,access_walk,70069,45784.99018323254,12:43:04,S1_planned_service,panel_od_034,12:40:00,,184.9901832325379,,,,,,,,,,,,,
67de43af327538fd,2,ride,70071,46020.0,12:47:00,S1_planned_service,panel_od_034,12:40:00,70069,120.0,77871417,Red,rapid_transit,0,12:45:00,12:47:00,115.00981676745869,True,False,,0,0,
67de43af327538fd,3,ride,70073,46140.0,12:49:00,S1_planned_service,panel_od_034,12:40:00,70071,120.0,77871417,Red,rapid_transit,0,12:47:00,12:49:00,0.0,False,True,,0,0,
67de43af327538fd,4,ride,70075,46260.0,12:51:00,S1_planned_service,panel_od_034,12:40:00,70073,120.0,77871417,Red,rapid_transit,0,12:49:00,12:51:00,0.0,False,True,,0,0,
67de43af327538fd,5,ride,70077,46380.0,12:53:00,S1_planned_service,panel_od_034,12:40:00,70075,120.0,77871417,Red,rapid_transit,0,12:51:00,12:53:00,0.0,False,True,,0,0,
67de43af327538fd,6,transfer_walk,70020,46494.0,12:54:54,S1_planned_service,panel_od_034,12:40:00,70077,114.0,,,,,,,,,,,,,
67de43af327538fd,7,ride,70018,46620.0,12:57:00,S1_planned_service,panel_od_034,12:40:00,70020,60.0,77798258,Orange,rapid_transit,0,12:56:00,12:57:00,66.0,True,False,786.0,0,0,
67de43af327538fd,8,ride,70016,46680.0,12:58:00,S1_planned_service,panel_od_034,12:40:00,70018,60.0,77798258,Orange,rapid_transit,0,12:57:00,12:58:00,0.0,False,True,,0,0,
67de43af327538fd,9,ride,70014,46800.0,13:00:00,S1_planned_service,panel_od_034,12:40:00,70016,120.0,77798258,Orange,rapid_transit,0,12:58:00,13:00:00,0.0,False,True,,0,0,
67de43af327538fd,10,egress_walk,,47305.0,13:08:25,S1_planned_service,panel_od_034,12:40:00,70014,504.91352425816257,,,,,,,,,,,,,
67de43af327538fd,1,access_walk,70069,45784.99018323254,12:43:04,S2_exploratory_gps_overlay,panel_od_034,12:40:00,,184.9901832325379,,,,,,,,,,,,,
67de43af327538fd,2,ride,70071,46020.0,12:47:00,S2_exploratory_gps_overlay,panel_od_034,12:40:00,70069,120.0,77871417,Red,rapid_transit,0,12:45:00,12:47:00,115.00981676745869,True,False,,0,0,
67de43af327538fd,3,ride,70073,46140.0,12:49:00,S2_exploratory_gps_overlay,panel_od_034,12:40:00,70071,120.0,77871417,Red,rapid_transit,0,12:47:00,12:49:00,0.0,False,True,,0,0,
67de43af327538fd,4,ride,70075,46260.0,12:51:00,S2_exploratory_gps_overlay,panel_od_034,12:40:00,70073,120.0,77871417,Red,rapid_transit,0,12:49:00,12:51:00,0.0,False,True,,0,0,
67de43af327538fd,5,ride,70077,46380.0,12:53:00,S2_exploratory_gps_overlay,panel_od_034,12:40:00,70075,120.0,77871417,Red,rapid_transit,0,12:51:00,12:53:00,0.0,False,True,,0,0,
67de43af327538fd,6,transfer_walk,70020,46494.0,12:54:54,S2_exploratory_gps_overlay,panel_od_034,12:40:00,70077,114.0,,,,,,,,,,,,,
67de43af327538fd,7,ride,70018,46620.0,12:57:00,S2_exploratory_gps_overlay,panel_od_034,12:40:00,70020,60.0,77798258,Orange,rapid_transit,0,12:56:00,12:57:00,66.0,True,False,786.0,0,0,
67de43af327538fd,8,ride,70016,46680.0,12:58:00,S2_exploratory_gps_overlay,panel_od_034,12:40:00,70018,60.0,77798258,Orange,rapid_transit,0,12:57:00,12:58:00,0.0,False,True,,0,0,
67de43af327538fd,9,ride,70014,46800.0,13:00:00,S2_exploratory_gps_overlay,panel_od_034,12:40:00,70016,120.0,77798258,Orange,rapid_transit,0,12:58:00,13:00:00,0.0,False,True,,0,0,
67de43af327538fd,10,egress_walk,,47305.0,13:08:25,S2_exploratory_gps_overlay,panel_od_034,12:40:00,70014,504.91352425816257,,,,,,,,,,,,,
67de43af327538fd,1,access_walk,70069,45784.99018323254,12:43:04,Srestore_overlay_off_recomputed,panel_od_034,12:40:00,,184.9901832325379,,,,,,,,,,,,,
67de43af327538fd,2,ride,70071,46020.0,12:47:00,Srestore_overlay_off_recomputed,panel_od_034,12:40:00,70069,120.0,77871417,Red,rapid_transit,0,12:45:00,12:47:00,115.00981676745869,True,False,,0,0,
67de43af327538fd,3,ride,70073,46140.0,12:49:00,Srestore_overlay_off_recomputed,panel_od_034,12:40:00,70071,120.0,77871417,Red,rapid_transit,0,12:47:00,12:49:00,0.0,False,True,,0,0,
67de43af327538fd,4,ride,70075,46260.0,12:51:00,Srestore_overlay_off_recomputed,panel_od_034,12:40:00,70073,120.0,77871417,Red,rapid_transit,0,12:49:00,12:51:00,0.0,False,True,,0,0,
67de43af327538fd,5,ride,70077,46380.0,12:53:00,Srestore_overlay_off_recomputed,panel_od_034,12:40:00,70075,120.0,77871417,Red,rapid_transit,0,12:51:00,12:53:00,0.0,False,True,,0,0,
67de43af327538fd,6,transfer_walk,70020,46494.0,12:54:54,Srestore_overlay_off_recomputed,panel_od_034,12:40:00,70077,114.0,,,,,,,,,,,,,
67de43af327538fd,7,ride,70018,46620.0,12:57:00,Srestore_overlay_off_recomputed,panel_od_034,12:40:00,70020,60.0,77798258,Orange,rapid_transit,0,12:56:00,12:57:00,66.0,True,False,786.0,0,0,
67de43af327538fd,8,ride,70016,46680.0,12:58:00,Srestore_overlay_off_recomputed,panel_od_034,12:40:00,70018,60.0,77798258,Orange,rapid_transit,0,12:57:00,12:58:00,0.0,False,True,,0,0,
67de43af327538fd,9,ride,70014,46800.0,13:00:00,Srestore_overlay_off_recomputed,panel_od_034,12:40:00,70016,120.0,77798258,Orange,rapid_transit,0,12:58:00,13:00:00,0.0,False,True,,0,0,
67de43af327538fd,10,egress_walk,,47305.0,13:08:25,Srestore_overlay_off_recomputed,panel_od_034,12:40:00,70014,504.91352425816257,,,,,,,,,,,,,
9c7ac630b9309bbb,1,access_walk,70069,46384.99018323254,12:53:04,S1_planned_service,panel_od_034,12:50:00,,184.9901832325379,,,,,,,,,,,,,
9c7ac630b9309bbb,2,ride,70071,46620.0,12:57:00,S1_planned_service,panel_od_034,12:50:00,70069,120.0,77871418,Red,rapid_transit,0,12:55:00,12:57:00,115.00981676745869,True,False,,0,0,
9c7ac630b9309bbb,3,ride,70073,46740.0,12:59:00,S1_planned_service,panel_od_034,12:50:00,70071,120.0,77871418,Red,rapid_transit,0,12:57:00,12:59:00,0.0,False,True,,0,0,
9c7ac630b9309bbb,4,ride,70075,46860.0,13:01:00,S1_planned_service,panel_od_034,12:50:00,70073,120.0,77871418,Red,rapid_transit,0,12:59:00,13:01:00,0.0,False,True,,0,0,
9c7ac630b9309bbb,5,ride,70077,46980.0,13:03:00,S1_planned_service,panel_od_034,12:50:00,70075,120.0,77871418,Red,rapid_transit,0,13:01:00,13:03:00,0.0,False,True,,0,0,
9c7ac630b9309bbb,6,transfer_walk,70020,47094.0,13:04:54,S1_planned_service,panel_od_034,12:50:00,70077,114.0,,,,,,,,,,,,,
9c7ac630b9309bbb,7,ride,70018,47340.0,13:09:00,S1_planned_service,panel_od_034,12:50:00,70020,60.0,77798272,Orange,rapid_transit,0,13:08:00,13:09:00,186.0,True,False,786.0,0,0,
9c7ac630b9309bbb,8,ride,70016,47400.0,13:10:00,S1_planned_service,panel_od_034,12:50:00,70018,60.0,77798272,Orange,rapid_transit,0,13:09:00,13:10:00,0.0,False,True,,0,0,
9c7ac630b9309bbb,9,ride,70014,47520.0,13:12:00,S1_planned_service,panel_od_034,12:50:00,70016,120.0,77798272,Orange,rapid_transit,0,13:10:00,13:12:00,0.0,False,True,,0,0,
9c7ac630b9309bbb,10,egress_walk,,48025.0,13:20:25,S1_planned_service,panel_od_034,12:50:00,70014,504.91352425816257,,,,,,,,,,,,,
9c7ac630b9309bbb,1,access_walk,70069,46384.99018323254,12:53:04,S2_exploratory_gps_overlay,panel_od_034,12:50:00,,184.9901832325379,,,,,,,,,,,,,
9c7ac630b9309bbb,2,ride,70071,46620.0,12:57:00,S2_exploratory_gps_overlay,panel_od_034,12:50:00,70069,120.0,77871418,Red,rapid_transit,0,12:55:00,12:57:00,115.00981676745869,True,False,,0,0,
9c7ac630b9309bbb,3,ride,70073,46740.0,12:59:00,S2_exploratory_gps_overlay,panel_od_034,12:50:00,70071,120.0,77871418,Red,rapid_transit,0,12:57:00,12:59:00,0.0,False,True,,0,0,
9c7ac630b9309bbb,4,ride,70075,46860.0,13:01:00,S2_exploratory_gps_overlay,panel_od_034,12:50:00,70073,120.0,77871418,Red,rapid_transit,0,12:59:00,13:01:00,0.0,False,True,,0,0,
9c7ac630b9309bbb,5,ride,70077,46980.0,13:03:00,S2_exploratory_gps_overlay,panel_od_034,12:50:00,70075,120.0,77871418,Red,rapid_transit,0,13:01:00,13:03:00,0.0,False,True,,0,0,
9c7ac630b9309bbb,6,transfer_walk,70020,47094.0,13:04:54,S2_exploratory_gps_overlay,panel_od_034,12:50:00,70077,114.0,,,,,,,,,,,,,
9c7ac630b9309bbb,7,ride,70018,47340.0,13:09:00,S2_exploratory_gps_overlay,panel_od_034,12:50:00,70020,60.0,77798272,Orange,rapid_transit,0,13:08:00,13:09:00,186.0,True,False,786.0,0,0,
9c7ac630b9309bbb,8,ride,70016,47400.0,13:10:00,S2_exploratory_gps_overlay,panel_od_034,12:50:00,70018,60.0,77798272,Orange,rapid_transit,0,13:09:00,13:10:00,0.0,False,True,,0,0,
9c7ac630b9309bbb,9,ride,70014,47520.0,13:12:00,S2_exploratory_gps_overlay,panel_od_034,12:50:00,70016,120.0,77798272,Orange,rapid_transit,0,13:10:00,13:12:00,0.0,False,True,,0,0,
9c7ac630b9309bbb,10,egress_walk,,48025.0,13:20:25,S2_exploratory_gps_overlay,panel_od_034,12:50:00,70014,504.91352425816257,,,,,,,,,,,,,
9c7ac630b9309bbb,1,access_walk,70069,46384.99018323254,12:53:04,Srestore_overlay_off_recomputed,panel_od_034,12:50:00,,184.9901832325379,,,,,,,,,,,,,
9c7ac630b9309bbb,2,ride,70071,46620.0,12:57:00,Srestore_overlay_off_recomputed,panel_od_034,12:50:00,70069,120.0,77871418,Red,rapid_transit,0,12:55:00,12:57:00,115.00981676745869,True,False,,0,0,
9c7ac630b9309bbb,3,ride,70073,46740.0,12:59:00,Srestore_overlay_off_recomputed,panel_od_034,12:50:00,70071,120.0,77871418,Red,rapid_transit,0,12:57:00,12:59:00,0.0,False,True,,0,0,
9c7ac630b9309bbb,4,ride,70075,46860.0,13:01:00,Srestore_overlay_off_recomputed,panel_od_034,12:50:00,70073,120.0,77871418,Red,rapid_transit,0,12:59:00,13:01:00,0.0,False,True,,0,0,
9c7ac630b9309bbb,5,ride,70077,46980.0,13:03:00,Srestore_overlay_off_recomputed,panel_od_034,12:50:00,70075,120.0,77871418,Red,rapid_transit,0,13:01:00,13:03:00,0.0,False,True,,0,0,
9c7ac630b9309bbb,6,transfer_walk,70020,47094.0,13:04:54,Srestore_overlay_off_recomputed,panel_od_034,12:50:00,70077,114.0,,,,,,,,,,,,,
9c7ac630b9309bbb,7,ride,70018,47340.0,13:09:00,Srestore_overlay_off_recomputed,panel_od_034,12:50:00,70020,60.0,77798272,Orange,rapid_transit,0,13:08:00,13:09:00,186.0,True,False,786.0,0,0,
9c7ac630b9309bbb,8,ride,70016,47400.0,13:10:00,Srestore_overlay_off_recomputed,panel_od_034,12:50:00,70018,60.0,77798272,Orange,rapid_transit,0,13:09:00,13:10:00,0.0,False,True,,0,0,
9c7ac630b9309bbb,9,ride,70014,47520.0,13:12:00,Srestore_overlay_off_recomputed,panel_od_034,12:50:00,70016,120.0,77798272,Orange,rapid_transit,0,13:10:00,13:12:00,0.0,False,True,,0,0,
9c7ac630b9309bbb,10,egress_walk,,48025.0,13:20:25,Srestore_overlay_off_recomputed,panel_od_034,12:50:00,70014,504.91352425816257,,,,,,,,,,,,,
44b8ba4fa2c48997,1,access_walk,70078,45437.85292198043,12:37:17,S1_planned_service,panel_od_035,12:30:00,,437.85292198042964,,,,,,,,,,,,,
44b8ba4fa2c48997,2,ride,70076,45600.0,12:40:00,S1_planned_service,panel_od_035,12:30:00,70078,120.0,77871303,Red,rapid_transit,1,12:38:00,12:40:00,42.147078019566834,True,False,,0,0,
44b8ba4fa2c48997,3,ride,70074,45720.0,12:42:00,S1_planned_service,panel_od_035,12:30:00,70076,120.0,77871303,Red,rapid_transit,1,12:40:00,12:42:00,0.0,False,True,,0,0,
44b8ba4fa2c48997,4,ride,70072,45840.0,12:44:00,S1_planned_service,panel_od_035,12:30:00,70074,120.0,77871303,Red,rapid_transit,1,12:42:00,12:44:00,0.0,False,True,,0,0,
44b8ba4fa2c48997,5,egress_walk,,46761.0,12:59:21,S1_planned_service,panel_od_035,12:30:00,70072,921.0323835986352,,,,,,,,,,,,,
44b8ba4fa2c48997,1,access_walk,70078,45437.85292198043,12:37:17,S2_exploratory_gps_overlay,panel_od_035,12:30:00,,437.85292198042964,,,,,,,,,,,,,
44b8ba4fa2c48997,2,ride,70076,45600.0,12:40:00,S2_exploratory_gps_overlay,panel_od_035,12:30:00,70078,120.0,77871303,Red,rapid_transit,1,12:38:00,12:40:00,42.147078019566834,True,False,,0,0,
44b8ba4fa2c48997,3,ride,70074,45720.0,12:42:00,S2_exploratory_gps_overlay,panel_od_035,12:30:00,70076,120.0,77871303,Red,rapid_transit,1,12:40:00,12:42:00,0.0,False,True,,0,0,
44b8ba4fa2c48997,4,ride,70072,45840.0,12:44:00,S2_exploratory_gps_overlay,panel_od_035,12:30:00,70074,120.0,77871303,Red,rapid_transit,1,12:42:00,12:44:00,0.0,False,True,,0,0,
44b8ba4fa2c48997,5,egress_walk,,46761.0,12:59:21,S2_exploratory_gps_overlay,panel_od_035,12:30:00,70072,921.0323835986352,,,,,,,,,,,,,
44b8ba4fa2c48997,1,access_walk,70078,45437.85292198043,12:37:17,Srestore_overlay_off_recomputed,panel_od_035,12:30:00,,437.85292198042964,,,,,,,,,,,,,
44b8ba4fa2c48997,2,ride,70076,45600.0,12:40:00,Srestore_overlay_off_recomputed,panel_od_035,12:30:00,70078,120.0,77871303,Red,rapid_transit,1,12:38:00,12:40:00,42.147078019566834,True,False,,0,0,
44b8ba4fa2c48997,3,ride,70074,45720.0,12:42:00,Srestore_overlay_off_recomputed,panel_od_035,12:30:00,70076,120.0,77871303,Red,rapid_transit,1,12:40:00,12:42:00,0.0,False,True,,0,0,
44b8ba4fa2c48997,4,ride,70072,45840.0,12:44:00,Srestore_overlay_off_recomputed,panel_od_035,12:30:00,70074,120.0,77871303,Red,rapid_transit,1,12:42:00,12:44:00,0.0,False,True,,0,0,
44b8ba4fa2c48997,5,egress_walk,,46761.0,12:59:21,Srestore_overlay_off_recomputed,panel_od_035,12:30:00,70072,921.0323835986352,,,,,,,,,,,,,
ae710efb8d844281,1,access_walk,70078,46037.85292198043,12:47:17,S1_planned_service,panel_od_035,12:40:00,,437.85292198042964,,,,,,,,,,,,,
ae710efb8d844281,2,ride,70076,46200.0,12:50:00,S1_planned_service,panel_od_035,12:40:00,70078,120.0,77871304,Red,rapid_transit,1,12:48:00,12:50:00,42.147078019566834,True,False,,0,0,
ae710efb8d844281,3,ride,70074,46320.0,12:52:00,S1_planned_service,panel_od_035,12:40:00,70076,120.0,77871304,Red,rapid_transit,1,12:50:00,12:52:00,0.0,False,True,,0,0,
ae710efb8d844281,4,ride,70072,46440.0,12:54:00,S1_planned_service,panel_od_035,12:40:00,70074,120.0,77871304,Red,rapid_transit,1,12:52:00,12:54:00,0.0,False,True,,0,0,
ae710efb8d844281,5,egress_walk,,47361.0,13:09:21,S1_planned_service,panel_od_035,12:40:00,70072,921.0323835986352,,,,,,,,,,,,,
ae710efb8d844281,1,access_walk,70078,46037.85292198043,12:47:17,S2_exploratory_gps_overlay,panel_od_035,12:40:00,,437.85292198042964,,,,,,,,,,,,,
ae710efb8d844281,2,ride,70076,46200.0,12:50:00,S2_exploratory_gps_overlay,panel_od_035,12:40:00,70078,120.0,77871304,Red,rapid_transit,1,12:48:00,12:50:00,42.147078019566834,True,False,,0,0,
ae710efb8d844281,3,ride,70074,46320.0,12:52:00,S2_exploratory_gps_overlay,panel_od_035,12:40:00,70076,120.0,77871304,Red,rapid_transit,1,12:50:00,12:52:00,0.0,False,True,,0,0,
ae710efb8d844281,4,ride,70072,46440.0,12:54:00,S2_exploratory_gps_overlay,panel_od_035,12:40:00,70074,120.0,77871304,Red,rapid_transit,1,12:52:00,12:54:00,0.0,False,True,,0,0,
ae710efb8d844281,5,egress_walk,,47361.0,13:09:21,S2_exploratory_gps_overlay,panel_od_035,12:40:00,70072,921.0323835986352,,,,,,,,,,,,,
ae710efb8d844281,1,access_walk,70078,46037.85292198043,12:47:17,Srestore_overlay_off_recomputed,panel_od_035,12:40:00,,437.85292198042964,,,,,,,,,,,,,
ae710efb8d844281,2,ride,70076,46200.0,12:50:00,Srestore_overlay_off_recomputed,panel_od_035,12:40:00,70078,120.0,77871304,Red,rapid_transit,1,12:48:00,12:50:00,42.147078019566834,True,False,,0,0,
ae710efb8d844281,3,ride,70074,46320.0,12:52:00,Srestore_overlay_off_recomputed,panel_od_035,12:40:00,70076,120.0,77871304,Red,rapid_transit,1,12:50:00,12:52:00,0.0,False,True,,0,0,
ae710efb8d844281,4,ride,70072,46440.0,12:54:00,Srestore_overlay_off_recomputed,panel_od_035,12:40:00,70074,120.0,77871304,Red,rapid_transit,1,12:52:00,12:54:00,0.0,False,True,,0,0,
ae710efb8d844281,5,egress_walk,,47361.0,13:09:21,Srestore_overlay_off_recomputed,panel_od_035,12:40:00,70072,921.0323835986352,,,,,,,,,,,,,
7b846c185232aa7c,1,access_walk,70078,46637.85292198043,12:57:17,S1_planned_service,panel_od_035,12:50:00,,437.85292198042964,,,,,,,,,,,,,
7b846c185232aa7c,2,ride,70076,46800.0,13:00:00,S1_planned_service,panel_od_035,12:50:00,70078,120.0,77871305,Red,rapid_transit,1,12:58:00,13:00:00,42.147078019566834,True,False,,0,0,
7b846c185232aa7c,3,ride,70074,46920.0,13:02:00,S1_planned_service,panel_od_035,12:50:00,70076,120.0,77871305,Red,rapid_transit,1,13:00:00,13:02:00,0.0,False,True,,0,0,
7b846c185232aa7c,4,ride,70072,47040.0,13:04:00,S1_planned_service,panel_od_035,12:50:00,70074,120.0,77871305,Red,rapid_transit,1,13:02:00,13:04:00,0.0,False,True,,0,0,
7b846c185232aa7c,5,egress_walk,,47961.0,13:19:21,S1_planned_service,panel_od_035,12:50:00,70072,921.0323835986352,,,,,,,,,,,,,
7b846c185232aa7c,1,access_walk,70078,46637.85292198043,12:57:17,S2_exploratory_gps_overlay,panel_od_035,12:50:00,,437.85292198042964,,,,,,,,,,,,,
7b846c185232aa7c,2,ride,70076,46800.0,13:00:00,S2_exploratory_gps_overlay,panel_od_035,12:50:00,70078,120.0,77871305,Red,rapid_transit,1,12:58:00,13:00:00,42.147078019566834,True,False,,0,0,
7b846c185232aa7c,3,ride,70074,46920.0,13:02:00,S2_exploratory_gps_overlay,panel_od_035,12:50:00,70076,120.0,77871305,Red,rapid_transit,1,13:00:00,13:02:00,0.0,False,True,,0,0,
7b846c185232aa7c,4,ride,70072,47040.0,13:04:00,S2_exploratory_gps_overlay,panel_od_035,12:50:00,70074,120.0,77871305,Red,rapid_transit,1,13:02:00,13:04:00,0.0,False,True,,0,0,
7b846c185232aa7c,5,egress_walk,,47961.0,13:19:21,S2_exploratory_gps_overlay,panel_od_035,12:50:00,70072,921.0323835986352,,,,,,,,,,,,,
7b846c185232aa7c,1,access_walk,70078,46637.85292198043,12:57:17,Srestore_overlay_off_recomputed,panel_od_035,12:50:00,,437.85292198042964,,,,,,,,,,,,,
7b846c185232aa7c,2,ride,70076,46800.0,13:00:00,Srestore_overlay_off_recomputed,panel_od_035,12:50:00,70078,120.0,77871305,Red,rapid_transit,1,12:58:00,13:00:00,42.147078019566834,True,False,,0,0,
7b846c185232aa7c,3,ride,70074,46920.0,13:02:00,Srestore_overlay_off_recomputed,panel_od_035,12:50:00,70076,120.0,77871305,Red,rapid_transit,1,13:00:00,13:02:00,0.0,False,True,,0,0,
7b846c185232aa7c,4,ride,70072,47040.0,13:04:00,Srestore_overlay_off_recomputed,panel_od_035,12:50:00,70074,120.0,77871305,Red,rapid_transit,1,13:02:00,13:04:00,0.0,False,True,,0,0,
7b846c185232aa7c,5,egress_walk,,47961.0,13:19:21,Srestore_overlay_off_recomputed,panel_od_035,12:50:00,70072,921.0323835986352,,,,,,,,,,,,,
d7418db11bf72b1d,1,access_walk,70069,45873.158127817725,12:44:33,S1_planned_service,panel_od_036,12:30:00,,873.158127817728,,,,,,,,,,,,,
d7418db11bf72b1d,2,ride,70071,46020.0,12:47:00,S1_planned_service,panel_od_036,12:30:00,70069,120.0,77871417,Red,rapid_transit,0,12:45:00,12:47:00,26.84187218227453,True,False,,0,0,
d7418db11bf72b1d,3,ride,70073,46140.0,12:49:00,S1_planned_service,panel_od_036,12:30:00,70071,120.0,77871417,Red,rapid_transit,0,12:47:00,12:49:00,0.0,False,True,,0,0,
d7418db11bf72b1d,4,ride,70075,46260.0,12:51:00,S1_planned_service,panel_od_036,12:30:00,70073,120.0,77871417,Red,rapid_transit,0,12:49:00,12:51:00,0.0,False,True,,0,0,
d7418db11bf72b1d,5,ride,70077,46380.0,12:53:00,S1_planned_service,panel_od_036,12:30:00,70075,120.0,77871417,Red,rapid_transit,0,12:51:00,12:53:00,0.0,False,True,,0,0,
d7418db11bf72b1d,6,egress_walk,,46581.0,12:56:21,S1_planned_service,panel_od_036,12:30:00,70077,201.41683546478257,,,,,,,,,,,,,
d7418db11bf72b1d,1,access_walk,70069,45873.158127817725,12:44:33,S2_exploratory_gps_overlay,panel_od_036,12:30:00,,873.158127817728,,,,,,,,,,,,,
d7418db11bf72b1d,2,ride,70071,46020.0,12:47:00,S2_exploratory_gps_overlay,panel_od_036,12:30:00,70069,120.0,77871417,Red,rapid_transit,0,12:45:00,12:47:00,26.84187218227453,True,False,,0,0,
d7418db11bf72b1d,3,ride,70073,46140.0,12:49:00,S2_exploratory_gps_overlay,panel_od_036,12:30:00,70071,120.0,77871417,Red,rapid_transit,0,12:47:00,12:49:00,0.0,False,True,,0,0,
d7418db11bf72b1d,4,ride,70075,46260.0,12:51:00,S2_exploratory_gps_overlay,panel_od_036,12:30:00,70073,120.0,77871417,Red,rapid_transit,0,12:49:00,12:51:00,0.0,False,True,,0,0,
d7418db11bf72b1d,5,ride,70077,46380.0,12:53:00,S2_exploratory_gps_overlay,panel_od_036,12:30:00,70075,120.0,77871417,Red,rapid_transit,0,12:51:00,12:53:00,0.0,False,True,,0,0,
d7418db11bf72b1d,6,egress_walk,,46581.0,12:56:21,S2_exploratory_gps_overlay,panel_od_036,12:30:00,70077,201.41683546478257,,,,,,,,,,,,,
d7418db11bf72b1d,1,access_walk,70069,45873.158127817725,12:44:33,Srestore_overlay_off_recomputed,panel_od_036,12:30:00,,873.158127817728,,,,,,,,,,,,,
d7418db11bf72b1d,2,ride,70071,46020.0,12:47:00,Srestore_overlay_off_recomputed,panel_od_036,12:30:00,70069,120.0,77871417,Red,rapid_transit,0,12:45:00,12:47:00,26.84187218227453,True,False,,0,0,
d7418db11bf72b1d,3,ride,70073,46140.0,12:49:00,Srestore_overlay_off_recomputed,panel_od_036,12:30:00,70071,120.0,77871417,Red,rapid_transit,0,12:47:00,12:49:00,0.0,False,True,,0,0,
d7418db11bf72b1d,4,ride,70075,46260.0,12:51:00,Srestore_overlay_off_recomputed,panel_od_036,12:30:00,70073,120.0,77871417,Red,rapid_transit,0,12:49:00,12:51:00,0.0,False,True,,0,0,
d7418db11bf72b1d,5,ride,70077,46380.0,12:53:00,Srestore_overlay_off_recomputed,panel_od_036,12:30:00,70075,120.0,77871417,Red,rapid_transit,0,12:51:00,12:53:00,0.0,False,True,,0,0,
d7418db11bf72b1d,6,egress_walk,,46581.0,12:56:21,Srestore_overlay_off_recomputed,panel_od_036,12:30:00,70077,201.41683546478257,,,,,,,,,,,,,
7b3b2ae29dd4af0d,1,access_walk,70069,46473.158127817725,12:54:33,S1_planned_service,panel_od_036,12:40:00,,873.158127817728,,,,,,,,,,,,,
7b3b2ae29dd4af0d,2,ride,70071,46620.0,12:57:00,S1_planned_service,panel_od_036,12:40:00,70069,120.0,77871418,Red,rapid_transit,0,12:55:00,12:57:00,26.84187218227453,True,False,,0,0,
7b3b2ae29dd4af0d,3,ride,70073,46740.0,12:59:00,S1_planned_service,panel_od_036,12:40:00,70071,120.0,77871418,Red,rapid_transit,0,12:57:00,12:59:00,0.0,False,True,,0,0,
7b3b2ae29dd4af0d,4,ride,70075,46860.0,13:01:00,S1_planned_service,panel_od_036,12:40:00,70073,120.0,77871418,Red,rapid_transit,0,12:59:00,13:01:00,0.0,False,True,,0,0,
7b3b2ae29dd4af0d,5,ride,70077,46980.0,13:03:00,S1_planned_service,panel_od_036,12:40:00,70075,120.0,77871418,Red,rapid_transit,0,13:01:00,13:03:00,0.0,False,True,,0,0,
7b3b2ae29dd4af0d,6,egress_walk,,47181.0,13:06:21,S1_planned_service,panel_od_036,12:40:00,70077,201.41683546478257,,,,,,,,,,,,,
7b3b2ae29dd4af0d,1,access_walk,70069,46473.158127817725,12:54:33,S2_exploratory_gps_overlay,panel_od_036,12:40:00,,873.158127817728,,,,,,,,,,,,,
7b3b2ae29dd4af0d,2,ride,70071,46620.0,12:57:00,S2_exploratory_gps_overlay,panel_od_036,12:40:00,70069,120.0,77871418,Red,rapid_transit,0,12:55:00,12:57:00,26.84187218227453,True,False,,0,0,
7b3b2ae29dd4af0d,3,ride,70073,46740.0,12:59:00,S2_exploratory_gps_overlay,panel_od_036,12:40:00,70071,120.0,77871418,Red,rapid_transit,0,12:57:00,12:59:00,0.0,False,True,,0,0,
7b3b2ae29dd4af0d,4,ride,70075,46860.0,13:01:00,S2_exploratory_gps_overlay,panel_od_036,12:40:00,70073,120.0,77871418,Red,rapid_transit,0,12:59:00,13:01:00,0.0,False,True,,0,0,
7b3b2ae29dd4af0d,5,ride,70077,46980.0,13:03:00,S2_exploratory_gps_overlay,panel_od_036,12:40:00,70075,120.0,77871418,Red,rapid_transit,0,13:01:00,13:03:00,0.0,False,True,,0,0,
7b3b2ae29dd4af0d,6,egress_walk,,47181.0,13:06:21,S2_exploratory_gps_overlay,panel_od_036,12:40:00,70077,201.41683546478257,,,,,,,,,,,,,
7b3b2ae29dd4af0d,1,access_walk,70069,46473.158127817725,12:54:33,Srestore_overlay_off_recomputed,panel_od_036,12:40:00,,873.158127817728,,,,,,,,,,,,,
7b3b2ae29dd4af0d,2,ride,70071,46620.0,12:57:00,Srestore_overlay_off_recomputed,panel_od_036,12:40:00,70069,120.0,77871418,Red,rapid_transit,0,12:55:00,12:57:00,26.84187218227453,True,False,,0,0,
7b3b2ae29dd4af0d,3,ride,70073,46740.0,12:59:00,Srestore_overlay_off_recomputed,panel_od_036,12:40:00,70071,120.0,77871418,Red,rapid_transit,0,12:57:00,12:59:00,0.0,False,True,,0,0,
7b3b2ae29dd4af0d,4,ride,70075,46860.0,13:01:00,Srestore_overlay_off_recomputed,panel_od_036,12:40:00,70073,120.0,77871418,Red,rapid_transit,0,12:59:00,13:01:00,0.0,False,True,,0,0,
7b3b2ae29dd4af0d,5,ride,70077,46980.0,13:03:00,Srestore_overlay_off_recomputed,panel_od_036,12:40:00,70075,120.0,77871418,Red,rapid_transit,0,13:01:00,13:03:00,0.0,False,True,,0,0,
7b3b2ae29dd4af0d,6,egress_walk,,47181.0,13:06:21,Srestore_overlay_off_recomputed,panel_od_036,12:40:00,70077,201.41683546478257,,,,,,,,,,,,,
b87ee8ff29799061,1,access_walk,70069,47073.158127817725,13:04:33,S1_planned_service,panel_od_036,12:50:00,,873.158127817728,,,,,,,,,,,,,
b87ee8ff29799061,2,ride,70071,47220.0,13:07:00,S1_planned_service,panel_od_036,12:50:00,70069,120.0,77871419,Red,rapid_transit,0,13:05:00,13:07:00,26.84187218227453,True,False,,0,0,
b87ee8ff29799061,3,ride,70073,47340.0,13:09:00,S1_planned_service,panel_od_036,12:50:00,70071,120.0,77871419,Red,rapid_transit,0,13:07:00,13:09:00,0.0,False,True,,0,0,
b87ee8ff29799061,4,ride,70075,47460.0,13:11:00,S1_planned_service,panel_od_036,12:50:00,70073,120.0,77871419,Red,rapid_transit,0,13:09:00,13:11:00,0.0,False,True,,0,0,
b87ee8ff29799061,5,ride,70077,47580.0,13:13:00,S1_planned_service,panel_od_036,12:50:00,70075,120.0,77871419,Red,rapid_transit,0,13:11:00,13:13:00,0.0,False,True,,0,0,
b87ee8ff29799061,6,egress_walk,,47781.0,13:16:21,S1_planned_service,panel_od_036,12:50:00,70077,201.41683546478257,,,,,,,,,,,,,
b87ee8ff29799061,1,access_walk,70069,47073.158127817725,13:04:33,S2_exploratory_gps_overlay,panel_od_036,12:50:00,,873.158127817728,,,,,,,,,,,,,
b87ee8ff29799061,2,ride,70071,47220.0,13:07:00,S2_exploratory_gps_overlay,panel_od_036,12:50:00,70069,120.0,77871419,Red,rapid_transit,0,13:05:00,13:07:00,26.84187218227453,True,False,,0,0,
b87ee8ff29799061,3,ride,70073,47340.0,13:09:00,S2_exploratory_gps_overlay,panel_od_036,12:50:00,70071,120.0,77871419,Red,rapid_transit,0,13:07:00,13:09:00,0.0,False,True,,0,0,
b87ee8ff29799061,4,ride,70075,47460.0,13:11:00,S2_exploratory_gps_overlay,panel_od_036,12:50:00,70073,120.0,77871419,Red,rapid_transit,0,13:09:00,13:11:00,0.0,False,True,,0,0,
b87ee8ff29799061,5,ride,70077,47580.0,13:13:00,S2_exploratory_gps_overlay,panel_od_036,12:50:00,70075,120.0,77871419,Red,rapid_transit,0,13:11:00,13:13:00,0.0,False,True,,0,0,
b87ee8ff29799061,6,egress_walk,,47781.0,13:16:21,S2_exploratory_gps_overlay,panel_od_036,12:50:00,70077,201.41683546478257,,,,,,,,,,,,,
b87ee8ff29799061,1,access_walk,70069,47073.158127817725,13:04:33,Srestore_overlay_off_recomputed,panel_od_036,12:50:00,,873.158127817728,,,,,,,,,,,,,
b87ee8ff29799061,2,ride,70071,47220.0,13:07:00,Srestore_overlay_off_recomputed,panel_od_036,12:50:00,70069,120.0,77871419,Red,rapid_transit,0,13:05:00,13:07:00,26.84187218227453,True,False,,0,0,
b87ee8ff29799061,3,ride,70073,47340.0,13:09:00,Srestore_overlay_off_recomputed,panel_od_036,12:50:00,70071,120.0,77871419,Red,rapid_transit,0,13:07:00,13:09:00,0.0,False,True,,0,0,
b87ee8ff29799061,4,ride,70075,47460.0,13:11:00,Srestore_overlay_off_recomputed,panel_od_036,12:50:00,70073,120.0,77871419,Red,rapid_transit,0,13:09:00,13:11:00,0.0,False,True,,0,0,
b87ee8ff29799061,5,ride,70077,47580.0,13:13:00,Srestore_overlay_off_recomputed,panel_od_036,12:50:00,70075,120.0,77871419,Red,rapid_transit,0,13:11:00,13:13:00,0.0,False,True,,0,0,
b87ee8ff29799061,6,egress_walk,,47781.0,13:16:21,Srestore_overlay_off_recomputed,panel_od_036,12:50:00,70077,201.41683546478257,,,,,,,,,,,,,
