link_id,from_node_id,to_node_id,source_link_id,geometry,is_physical,is_centroid_connector,fw_volume,full_path_volume,rank26_v_from_paths,rank52_v_from_paths,rank26_minus_fw,rank52_minus_fw,full_path_minus_fw
1,1147,1148,1,"LINESTRING (-71.0414097 42.3468047, -71.0406347 42.3474949)",True,False,0.0,0.0,0.0,0.0,0.0,0.0,0.0
2,1152,1154,2,"LINESTRING (-71.0403575 42.3481142, -71.0415174 42.3485907)",True,False,0.0,0.0,0.0,0.0,0.0,0.0,0.0
3,1615,1616,3,"LINESTRING (-71.0412457 42.3695343, -71.0409124 42.3693893)",True,False,0.0,0.0,0.0,0.0,0.0,0.0,0.0
4,1616,1615,4,"LINESTRING (-71.0409124 42.3693893, -71.0412457 42.3695343)",True,False,0.0,0.0,0.0,0.0,0.0,0.0,0.0
5,2423,2425,5,"LINESTRING (-71.0395891 42.3445602, -71.0414383 42.3445493)",True,False,0.0,0.0,0.0,0.0,0.0,0.0,0.0
6,2425,2423,6,"LINESTRING (-71.0414383 42.3445493, -71.0395891 42.3445602)",True,False,0.0,0.0,0.0,0.0,0.0,0.0,0.0
7,3070,3071,7,"LINESTRING (-71.0541935 42.3624099, -71.0382432 42.3732085)",True,False,0.0,0.0,0.0,0.0,0.0,0.0,0.0
8,2152,3072,8,"LINESTRING (-71.0378771 42.3467748, -71.0428079 42.3480812)",True,False,0.0,0.0,0.0,0.0,0.0,0.0,0.0
9,2152,3041,9,"LINESTRING (-71.0378771 42.3467748, -71.0483372 42.3482859)",True,False,0.0,0.0,0.0,0.0,0.0,0.0,0.0
10,3061,3078,10,"LINESTRING (-71.0396679 42.3458705, -71.0422018 42.3471875)",True,False,0.0,0.0,0.0,0.0,0.0,0.0,0.0
11,3078,3061,11,"LINESTRING (-71.0422018 42.3471875, -71.0396679 42.3458705)",True,False,0.0,0.0,0.0,0.0,0.0,0.0,0.0
12,3103,3104,12,"LINESTRING (-71.0421481 42.3462013, -71.0404256 42.3451068)",True,False,0.0,0.0,0.0,0.0,0.0,0.0,0.0
13,3113,2154,13,"LINESTRING (-71.0455325 42.3480999, -71.0408255 42.3470253)",True,False,0.0,0.0,0.0,0.0,0.0,0.0,0.0
14,3435,3436,14,"LINESTRING (-71.0411764 42.3730157, -71.0399733 42.3745401)",True,False,0.0,0.0,0.0,0.0,0.0,0.0,0.0
15,3436,3435,15,"LINESTRING (-71.0399733 42.3745401, -71.0411764 42.3730157)",True,False,0.0,0.0,0.0,0.0,0.0,0.0,0.0
16,3138,3488,16,"LINESTRING (-71.0597721 42.3456668, -71.0373009 42.3466531)",True,False,0.0,0.0,0.0,0.0,0.0,0.0,0.0
17,3077,3514,17,"LINESTRING (-71.0403375 42.3451854, -71.0415499 42.3459636)",True,False,0.0,0.0,0.0,0.0,0.0,0.0,0.0
18,4156,1149,18,"LINESTRING (-71.0407793 42.3475534, -71.0414371 42.3469701)",True,False,0.0,0.0,0.0,0.0,0.0,0.0,0.0
19,4260,4261,19,"LINESTRING (-71.03827 42.3734242, -71.05492 42.3627517)",True,False,0.0,0.0,0.0,0.0,0.0,0.0,0.0
20,3111,1153,20,"LINESTRING (-71.0416072 42.3485053, -71.0404263 42.3480241)",True,False,0.0,0.0,0.0,0.0,0.0,0.0,0.0
21,4436,4433,21,"LINESTRING (-71.0396716 42.3169482, -71.0418096 42.3143345)",True,False,0.0,0.0,0.0,0.0,0.0,0.0,0.0
22,4433,4436,22,"LINESTRING (-71.0418096 42.3143345, -71.0396716 42.3169482)",True,False,0.0,0.0,0.0,0.0,0.0,0.0,0.0
23,3127,3515,23,"LINESTRING (-71.0427775 42.3503988, -71.0407608 42.349561)",True,False,0.0,0.0,0.0,0.0,0.0,0.0,0.0
24,2422,4483,24,"LINESTRING (-71.0407042 42.3496339, -71.0427253 42.3504696)",True,False,0.0,0.0,0.0,0.0,0.0,0.0,0.0
25,4496,4495,25,"LINESTRING (-71.0409525 42.3710321, -71.0416248 42.3713258)",True,False,0.0,0.0,0.0,0.0,0.0,0.0,0.0
26,3100,2154,26,"LINESTRING (-71.0449788 42.3482728, -71.0408255 42.3470253)",True,False,0.0,0.0,0.0,0.0,0.0,0.0,0.0
27,4757,4759,27,"LINESTRING (-71.0401488 42.3355631, -71.0415568 42.3355395)",True,False,0.0,0.0,0.0,0.0,0.0,0.0,0.0
28,4759,4757,28,"LINESTRING (-71.0415568 42.3355395, -71.0401488 42.3355631)",True,False,0.0,0.0,0.0,0.0,0.0,0.0,0.0
29,5033,4925,29,"LINESTRING (-71.0416087 42.3380522, -71.0399947 42.3380769)",True,False,0.0,0.0,0.0,0.0,0.0,0.0,0.0
30,4925,5033,30,"LINESTRING (-71.0399947 42.3380769, -71.0416087 42.3380522)",True,False,0.0,0.0,0.0,0.0,0.0,0.0,0.0
31,5082,3322,31,"LINESTRING (-71.0433788 42.3302284, -71.0398078 42.3301016)",True,False,0.0,0.0,0.0,0.0,0.0,0.0,0.0
32,3322,5082,32,"LINESTRING (-71.0398078 42.3301016, -71.0433788 42.3302284)",True,False,0.0,0.0,0.0,0.0,0.0,0.0,0.0
33,4437,4251,33,"LINESTRING (-71.0400751 42.3170928, -71.044076 42.318477)",True,False,0.0,0.0,0.0,0.0,0.0,0.0,0.0
34,4251,4437,34,"LINESTRING (-71.044076 42.318477, -71.0400751 42.3170928)",True,False,0.0,0.0,0.0,0.0,0.0,0.0,0.0
128,805,807,128,"LINESTRING (-71.069023 42.33669, -71.0700895 42.3359237)",True,False,0.0,0.0,0.0,0.0,0.0,0.0,0.0
129,807,805,129,"LINESTRING (-71.0700895 42.3359237, -71.069023 42.33669)",True,False,0.0,0.0,0.0,0.0,0.0,0.0,0.0
132,1023,1024,132,"LINESTRING (-71.0864085 42.3360172, -71.0859214 42.3362828)",True,False,0.0,0.0,0.0,0.0,0.0,0.0,0.0
133,1024,1023,133,"LINESTRING (-71.0859214 42.3362828, -71.0864085 42.3360172)",True,False,0.0,0.0,0.0,0.0,0.0,0.0,0.0
134,1182,1183,134,"LINESTRING (-71.108227 42.336287, -71.1074535 42.3358216)",True,False,0.0,0.0,0.0,0.0,0.0,0.0,0.0
135,1183,1182,135,"LINESTRING (-71.1074535 42.3358216, -71.108227 42.336287)",True,False,0.0,0.0,0.0,0.0,0.0,0.0,0.0
136,1312,410,136,"LINESTRING (-71.077632 42.336009, -71.0781233 42.3364065)",True,False,0.0,0.0,0.0,0.0,0.0,0.0,0.0
137,1312,1314,137,"LINESTRING (-71.077632 42.336009, -71.0770365 42.336457)",True,False,0.0,0.0,0.0,0.0,0.0,0.0,0.0
138,1314,1312,138,"LINESTRING (-71.0770365 42.336457, -71.077632 42.336009)",True,False,0.0,0.0,0.0,0.0,0.0,0.0,0.0
139,807,1386,139,"LINESTRING (-71.0700895 42.3359237, -71.0710941 42.3367555)",True,False,0.0,0.0,0.0,0.0,0.0,0.0,0.0
140,1405,1409,140,"LINESTRING (-71.0625134 42.3341804, -71.0514276 42.3437056)",True,False,0.0,0.0,0.0,0.0,0.0,0.0,0.0
141,1409,1405,141,"LINESTRING (-71.0514276 42.3437056, -71.0625134 42.3341804)",True,False,0.0,0.0,0.0,0.0,0.0,0.0,0.0
142,1626,1627,142,"LINESTRING (-71.0562383 42.3365829, -71.0553044 42.335052)",True,False,0.0,0.0,0.0,0.0,0.0,0.0,0.0
143,1831,1832,143,"LINESTRING (-71.045691 42.3354859, -71.0477495 42.3368233)",True,False,0.0,0.0,0.0,0.0,0.0,0.0,0.0
144,1832,1831,144,"LINESTRING (-71.0477495 42.3368233, -71.045691 42.3354859)",True,False,0.0,0.0,0.0,0.0,0.0,0.0,0.0
145,1793,1797,145,"LINESTRING (-71.0643447 42.3394863, -71.0658879 42.3357962)",True,False,0.0,0.0,0.0,0.0,0.0,0.0,0.0
146,1845,1624,146,"LINESTRING (-71.0552188 42.3351226, -71.0561501 42.3366145)",True,False,0.0,0.0,0.0,0.0,0.0,0.0,0.0
147,2195,2196,147,"LINESTRING (-71.0929939 42.336711, -71.0913272 42.3360604)",True,False,0.0,0.0,0.0,0.0,0.0,0.0,0.0
148,2196,2195,148,"LINESTRING (-71.0913272 42.3360604, -71.0929939 42.336711)",True,False,0.0,0.0,0.0,0.0,0.0,0.0,0.0
149,2274,2284,149,"LINESTRING (-71.0648784 42.335841, -71.0631585 42.3403832)",True,False,0.0,0.0,0.0,0.0,0.0,0.0,0.0
150,2274,1794,150,"LINESTRING (-71.0648784 42.335841, -71.0630664 42.3401881)",True,False,0.0,0.0,0.0,0.0,0.0,0.0,0.0
151,2475,2478,151,"LINESTRING (-71.1009841 42.336183, -71.1030584 42.3369802)",True,False,0.0,0.0,0.0,0.0,0.0,0.0,0.0
152,2478,2475,152,"LINESTRING (-71.1030584 42.3369802, -71.1009841 42.336183)",True,False,0.0,0.0,0.0,0.0,0.0,0.0,0.0
154,2770,2772,154,"LINESTRING (-71.057091 42.3372917, -71.0570314 42.3337231)",True,False,0.0,0.0,0.0,0.0,0.0,0.0,0.0
155,2772,2770,155,"LINESTRING (-71.0570314 42.3337231, -71.057091 42.3372917)",True,False,0.0,0.0,0.0,0.0,0.0,0.0,0.0
156,2822,2824,156,"LINESTRING (-71.0750961 42.3349908, -71.0769468 42.3365215)",True,False,0.0,0.0,0.0,0.0,0.0,0.0,0.0
157,2868,2869,157,"LINESTRING (-71.044377 42.336374, -71.0446256 42.3361827)",True,False,0.0,0.0,0.0,0.0,0.0,0.0,0.0
158,2869,2868,158,"LINESTRING (-71.0446256 42.3361827, -71.044377 42.336374)",True,False,0.0,0.0,0.0,0.0,0.0,0.0,0.0
159,2765,3167,159,"LINESTRING (-71.063936 42.333618, -71.0633021 42.3391754)",True,False,0.0,0.0,0.0,0.0,0.0,0.0,0.0
161,3286,1957,161,"LINESTRING (-71.0947738 42.3351533, -71.0936618 42.3369657)",True,False,0.0,0.0,0.0,0.0,0.0,0.0,0.0
162,1957,3286,162,"LINESTRING (-71.0936618 42.3369657, -71.0947738 42.3351533)",True,False,0.0,0.0,0.0,0.0,0.0,0.0,0.0
163,3578,3579,163,"LINESTRING (-71.0738555 42.3359798, -71.0732289 42.3364813)",True,False,0.0,0.0,0.0,0.0,0.0,0.0,0.0
164,3579,3578,164,"LINESTRING (-71.0732289 42.3364813, -71.0738555 42.3359798)",True,False,0.0,0.0,0.0,0.0,0.0,0.0,0.0
166,441,2109,166,"LINESTRING (-71.0981427 42.336789, -71.1003223 42.3359287)",True,False,0.0,0.0,0.0,0.0,0.0,0.0,0.0
168,3934,4015,168,"LINESTRING (-71.1098673 42.3353693, -71.1100303 42.3363081)",True,False,0.0,0.0,0.0,0.0,0.0,0.0,0.0
169,4015,3934,169,"LINESTRING (-71.1100303 42.3363081, -71.1098673 42.3353693)",True,False,0.0,0.0,0.0,0.0,0.0,0.0,0.0
170,3497,1797,170,"LINESTRING (-71.0641837 42.3393046, -71.0658879 42.3357962)",True,False,0.0,0.0,0.0,0.0,0.0,0.0,0.0
171,3497,4148,171,"LINESTRING (-71.0641837 42.3393046, -71.0589621 42.32775)",True,False,0.0,0.0,0.0,0.0,0.0,0.0,0.0
172,1314,4236,172,"LINESTRING (-71.0770365 42.336457, -71.076536 42.3360423)",True,False,0.0,0.0,0.0,0.0,0.0,0.0,0.0
174,4184,1028,174,"LINESTRING (-71.0870223 42.335769, -71.0877109 42.3364255)",True,False,0.0,0.0,0.0,0.0,0.0,0.0,0.0
176,3169,3487,176,"LINESTRING (-71.0647452 42.3346675, -71.0621278 42.3425587)",True,False,0.0,0.0,0.0,0.0,0.0,0.0,0.0
177,3169,2284,177,"LINESTRING (-71.0647452 42.3346675, -71.0631585 42.3403832)",True,False,0.0,0.0,0.0,0.0,0.0,0.0,0.0
178,4943,4945,178,"LINESTRING (-71.0538704 42.3362486, -71.0531217 42.336884)",True,False,0.0,0.0,0.0,0.0,0.0,0.0,0.0
179,4945,4943,179,"LINESTRING (-71.0531217 42.336884, -71.0538704 42.3362486)",True,False,0.0,0.0,0.0,0.0,0.0,0.0,0.0
180,5028,4947,180,"LINESTRING (-71.0515702 42.3358666, -71.0508441 42.3364855)",True,False,0.0,0.0,0.0,0.0,0.0,0.0,0.0
181,5029,2868,181,"LINESTRING (-71.044269 42.3354899, -71.044377 42.336374)",True,False,0.0,0.0,0.0,0.0,0.0,0.0,0.0
182,5036,846,182,"LINESTRING (-71.0792629 42.3365467, -71.0798317 42.3361439)",True,False,0.0,0.0,0.0,0.0,0.0,0.0,0.0
183,1028,4676,183,"LINESTRING (-71.0877109 42.3364255, -71.0871441 42.3357092)",True,False,0.0,0.0,0.0,0.0,0.0,0.0,0.0
184,2110,1425,184,"LINESTRING (-71.0993119 42.3361549, -71.0980664 42.3366262)",True,False,0.0,0.0,0.0,0.0,0.0,0.0,0.0
445,589,592,445,"LINESTRING (-71.1056307 42.3126416, -71.1070045 42.3104761)",True,False,0.0,0.0,0.0,0.0,0.0,0.0,0.0
446,592,589,446,"LINESTRING (-71.1070045 42.3104761, -71.1056307 42.3126416)",True,False,0.0,0.0,0.0,0.0,0.0,0.0,0.0
459,2453,2455,459,"LINESTRING (-71.108501 42.330597, -71.10229 42.328857)",True,False,0.0,0.0,0.0,0.0,0.0,0.0,0.0
460,2455,2453,460,"LINESTRING (-71.10229 42.328857, -71.108501 42.330597)",True,False,0.0,0.0,0.0,0.0,0.0,0.0,0.0
461,2464,2466,461,"LINESTRING (-71.1070744 42.3332557, -71.106223 42.3334514)",True,False,0.0,0.0,0.0,0.0,0.0,0.0,0.0
462,2466,2464,462,"LINESTRING (-71.106223 42.3334514, -71.1070744 42.3332557)",True,False,0.0,0.0,0.0,0.0,0.0,0.0,0.0
466,3383,3384,466,"LINESTRING (-71.108333 42.327318, -71.105211 42.3261083)",True,False,0.0,0.0,0.0,0.0,0.0,0.0,0.0
467,3384,3383,467,"LINESTRING (-71.105211 42.3261083, -71.108333 42.327318)",True,False,0.0,0.0,0.0,0.0,0.0,0.0,0.0
486,1830,1183,486,"LINESTRING (-71.1060859 42.3349524, -71.1074535 42.3358216)",True,False,0.0,0.0,0.0,0.0,0.0,0.0,0.0
487,1183,1830,487,"LINESTRING (-71.1074535 42.3358216, -71.1060859 42.3349524)",True,False,0.0,0.0,0.0,0.0,0.0,0.0,0.0
488,5175,3678,488,"LINESTRING (-71.10656 42.3225639, -71.1068177 42.3225385)",True,False,0.0,0.0,0.0,0.0,0.0,0.0,0.0
489,3678,5175,489,"LINESTRING (-71.1068177 42.3225385, -71.10656 42.3225639)",True,False,0.0,0.0,0.0,0.0,0.0,0.0,0.0
4153,1769,1770,4153,"LINESTRING (-71.1116246 42.3195904, -71.1117076 42.3199571)",True,False,0.0,0.0,0.0,0.0,0.0,0.0,0.0
4154,1770,1769,4154,"LINESTRING (-71.1117076 42.3199571, -71.1116246 42.3195904)",True,False,0.0,0.0,0.0,0.0,0.0,0.0,0.0
4155,1769,1771,4155,"LINESTRING (-71.1116246 42.3195904, -71.1114011 42.3199208)",True,False,0.0,0.0,0.0,0.0,0.0,0.0,0.0
4156,1771,1769,4156,"LINESTRING (-71.1114011 42.3199208, -71.1116246 42.3195904)",True,False,0.0,0.0,0.0,0.0,0.0,0.0,0.0
4157,1779,1780,4157,"LINESTRING (-71.123918 42.318957, -71.1222351 42.3138311)",True,False,0.0,0.0,0.0,0.0,0.0,0.0,0.0
4158,1780,1779,4158,"LINESTRING (-71.1222351 42.3138311, -71.123918 42.318957)",True,False,0.0,0.0,0.0,0.0,0.0,0.0,0.0
4162,2307,5219,4162,"LINESTRING (-71.116972 42.320179, -71.116468 42.318583)",True,False,0.0,0.0,0.0,0.0,0.0,0.0,0.0
4163,5219,2307,4163,"LINESTRING (-71.116468 42.318583, -71.116972 42.320179)",True,False,0.0,0.0,0.0,0.0,0.0,0.0,0.0
4164,4916,5221,4164,"LINESTRING (-71.120214 42.321477, -71.1228758 42.3198262)",True,False,0.0,0.0,0.0,0.0,0.0,0.0,0.0
4165,5221,4916,4165,"LINESTRING (-71.1228758 42.3198262, -71.120214 42.321477)",True,False,0.0,0.0,0.0,0.0,0.0,0.0,0.0
4167,5322,3426,4167,"LINESTRING (-71.1229373 42.3197956, -71.1237963 42.3193922)",True,False,0.0,0.0,0.0,0.0,0.0,0.0,0.0
4168,1781,5322,4168,"LINESTRING (-71.1239641 42.3192358, -71.1229373 42.3197956)",True,False,0.0,0.0,0.0,0.0,0.0,0.0,0.0
4282,3191,2113,4282,"LINESTRING (-71.1240065 42.319304, -71.1258495 42.3187098)",True,False,0.0,0.0,0.0,0.0,0.0,0.0,0.0
4283,2118,1781,4283,"LINESTRING (-71.125844 42.318605, -71.1239641 42.3192358)",True,False,0.0,0.0,0.0,0.0,0.0,0.0,0.0
4284,2113,2114,4284,"LINESTRING (-71.1258495 42.3187098, -71.12636 42.318642)",True,False,0.0,0.0,0.0,0.0,0.0,0.0,0.0
4286,3191,1781,4286,"LINESTRING (-71.1240065 42.319304, -71.1239641 42.3192358)",True,False,0.0,0.0,0.0,0.0,0.0,0.0,0.0
4287,1781,3191,4287,"LINESTRING (-71.1239641 42.3192358, -71.1240065 42.319304)",True,False,0.0,0.0,0.0,0.0,0.0,0.0,0.0
4288,3426,3191,4288,"LINESTRING (-71.1237963 42.3193922, -71.1240065 42.319304)",True,False,0.0,0.0,0.0,0.0,0.0,0.0,0.0
4289,1779,1781,4289,"LINESTRING (-71.123918 42.318957, -71.1239641 42.3192358)",True,False,0.0,0.0,0.0,0.0,0.0,0.0,0.0
4290,1781,1779,4290,"LINESTRING (-71.1239641 42.3192358, -71.123918 42.318957)",True,False,0.0,0.0,0.0,0.0,0.0,0.0,0.0
4487,5220,5238,4487,"LINESTRING (-71.116739 42.317075, -71.1170211 42.3155892)",True,False,0.0,0.0,0.0,0.0,0.0,0.0,0.0
4488,5238,5220,4488,"LINESTRING (-71.1170211 42.3155892, -71.116739 42.317075)",True,False,0.0,0.0,0.0,0.0,0.0,0.0,0.0
4512,5322,5221,4512,"LINESTRING (-71.1229373 42.3197956, -71.1228758 42.3198262)",True,False,0.0,0.0,0.0,0.0,0.0,0.0,0.0
4513,5221,5322,4513,"LINESTRING (-71.1228758 42.3198262, -71.1229373 42.3197956)",True,False,0.0,0.0,0.0,0.0,0.0,0.0,0.0
4514,5238,1762,4514,"LINESTRING (-71.1170211 42.3155892, -71.1185179 42.3145289)",True,False,0.0,0.0,0.0,0.0,0.0,0.0,0.0
4515,1762,5238,4515,"LINESTRING (-71.1185179 42.3145289, -71.1170211 42.3155892)",True,False,0.0,0.0,0.0,0.0,0.0,0.0,0.0
4516,5219,5220,4516,"LINESTRING (-71.116468 42.318583, -71.116739 42.317075)",True,False,0.0,0.0,0.0,0.0,0.0,0.0,0.0
4517,5220,5219,4517,"LINESTRING (-71.116739 42.317075, -71.116468 42.318583)",True,False,0.0,0.0,0.0,0.0,0.0,0.0,0.0
4554,5236,3832,4554,"LINESTRING (-71.114019 42.3160113, -71.114091 42.315499)",True,False,0.0,0.0,0.0,0.0,0.0,0.0,0.0
4555,3832,5236,4555,"LINESTRING (-71.114091 42.315499, -71.114019 42.3160113)",True,False,0.0,0.0,0.0,0.0,0.0,0.0,0.0
4578,3456,3458,4578,"LINESTRING (-71.114113 42.314136, -71.1141027 42.3136689)",True,False,0.0,0.0,0.0,0.0,0.0,0.0,0.0
4579,3458,3456,4579,"LINESTRING (-71.1141027 42.3136689, -71.114113 42.314136)",True,False,0.0,0.0,0.0,0.0,0.0,0.0,0.0
4602,3453,3458,4602,"LINESTRING (-71.114093 42.313444, -71.1141027 42.3136689)",True,False,0.0,0.0,0.0,0.0,0.0,0.0,0.0
4603,3458,3453,4603,"LINESTRING (-71.1141027 42.3136689, -71.114093 42.313444)",True,False,0.0,0.0,0.0,0.0,0.0,0.0,0.0
4606,3831,3457,4606,"LINESTRING (-71.114092 42.31532, -71.114116 42.314638)",True,False,0.0,0.0,0.0,0.0,0.0,0.0,0.0
4607,3457,3831,4607,"LINESTRING (-71.114116 42.314638, -71.114092 42.31532)",True,False,0.0,0.0,0.0,0.0,0.0,0.0,0.0
4608,3456,3457,4608,"LINESTRING (-71.114113 42.314136, -71.114116 42.314638)",True,False,0.0,0.0,0.0,0.0,0.0,0.0,0.0
4609,3457,3456,4609,"LINESTRING (-71.114116 42.314638, -71.114113 42.314136)",True,False,0.0,0.0,0.0,0.0,0.0,0.0,0.0
4610,3831,3832,4610,"LINESTRING (-71.114092 42.31532, -71.114091 42.315499)",True,False,0.0,0.0,0.0,0.0,0.0,0.0,0.0
4611,3832,3831,4611,"LINESTRING (-71.114091 42.315499, -71.114092 42.31532)",True,False,0.0,0.0,0.0,0.0,0.0,0.0,0.0
4612,1363,1364,4612,"LINESTRING (-71.1127772 42.3179221, -71.112394 42.3184668)",True,False,0.0,0.0,0.0,0.0,0.0,0.0,0.0
4613,1364,1363,4613,"LINESTRING (-71.112394 42.3184668, -71.1127772 42.3179221)",True,False,0.0,0.0,0.0,0.0,0.0,0.0,0.0
4614,1363,1382,4614,"LINESTRING (-71.1127772 42.3179221, -71.1130765 42.3174967)",True,False,0.0,0.0,0.0,0.0,0.0,0.0,0.0
4615,1382,1363,4615,"LINESTRING (-71.1130765 42.3174967, -71.1127772 42.3179221)",True,False,0.0,0.0,0.0,0.0,0.0,0.0,0.0
4616,3939,5226,4616,"LINESTRING (-71.1133686 42.317055, -71.1137526 42.316477)",True,False,0.0,0.0,0.0,0.0,0.0,0.0,0.0
4617,5226,3939,4617,"LINESTRING (-71.1137526 42.316477, -71.1133686 42.317055)",True,False,0.0,0.0,0.0,0.0,0.0,0.0,0.0
4618,5236,5226,4618,"LINESTRING (-71.114019 42.3160113, -71.1137526 42.316477)",True,False,0.0,0.0,0.0,0.0,0.0,0.0,0.0
4619,5226,5236,4619,"LINESTRING (-71.1137526 42.316477, -71.114019 42.3160113)",True,False,0.0,0.0,0.0,0.0,0.0,0.0,0.0
4620,1382,3412,4620,"LINESTRING (-71.1130765 42.3174967, -71.1132387 42.3172505)",True,False,0.0,0.0,0.0,0.0,0.0,0.0,0.0
4621,3412,1382,4621,"LINESTRING (-71.1132387 42.3172505, -71.1130765 42.3174967)",True,False,0.0,0.0,0.0,0.0,0.0,0.0,0.0
4622,3412,3939,4622,"LINESTRING (-71.1132387 42.3172505, -71.1133686 42.317055)",True,False,0.0,0.0,0.0,0.0,0.0,0.0,0.0
4623,3939,3412,4623,"LINESTRING (-71.1133686 42.317055, -71.1132387 42.3172505)",True,False,0.0,0.0,0.0,0.0,0.0,0.0,0.0
4624,192,193,4624,"LINESTRING (-71.1119486 42.3191115, -71.1116591 42.3195394)",True,False,0.0,0.0,0.0,0.0,0.0,0.0,0.0
4625,193,192,4625,"LINESTRING (-71.1116591 42.3195394, -71.1119486 42.3191115)",True,False,0.0,0.0,0.0,0.0,0.0,0.0,0.0
4626,192,627,4626,"LINESTRING (-71.1119486 42.3191115, -71.1121539 42.318808)",True,False,0.0,0.0,0.0,0.0,0.0,0.0,0.0
4627,627,192,4627,"LINESTRING (-71.1121539 42.318808, -71.1119486 42.3191115)",True,False,0.0,0.0,0.0,0.0,0.0,0.0,0.0
4628,1364,627,4628,"LINESTRING (-71.112394 42.3184668, -71.1121539 42.318808)",True,False,0.0,0.0,0.0,0.0,0.0,0.0,0.0
4629,627,1364,4629,"LINESTRING (-71.1121539 42.318808, -71.112394 42.3184668)",True,False,0.0,0.0,0.0,0.0,0.0,0.0,0.0
4630,1769,193,4630,"LINESTRING (-71.1116246 42.3195904, -71.1116591 42.3195394)",True,False,0.0,0.0,0.0,0.0,0.0,0.0,0.0
4631,193,1769,4631,"LINESTRING (-71.1116591 42.3195394, -71.1116246 42.3195904)",True,False,0.0,0.0,0.0,0.0,0.0,0.0,0.0
4632,1038,1040,4632,"LINESTRING (-71.1145025 42.3212407, -71.1148497 42.3211916)",True,False,0.0,0.0,0.0,0.0,0.0,0.0,0.0
4633,1040,1038,4633,"LINESTRING (-71.1148497 42.3211916, -71.1145025 42.3212407)",True,False,0.0,0.0,0.0,0.0,0.0,0.0,0.0
4634,1897,2360,4634,"LINESTRING (-71.1122561 42.3245715, -71.1107244 42.3286746)",True,False,0.0,0.0,0.0,0.0,0.0,0.0,0.0
4635,2360,1897,4635,"LINESTRING (-71.1107244 42.3286746, -71.1122561 42.3245715)",True,False,0.0,0.0,0.0,0.0,0.0,0.0,0.0
4636,2506,2508,4636,"LINESTRING (-71.1099245 42.3283943, -71.1093833 42.3280167)",True,False,0.0,0.0,0.0,0.0,0.0,0.0,0.0
4637,2508,2506,4637,"LINESTRING (-71.1093833 42.3280167, -71.1099245 42.3283943)",True,False,0.0,0.0,0.0,0.0,0.0,0.0,0.0
4638,5165,2227,4638,"LINESTRING (-71.11466 42.324394, -71.1119653 42.3293228)",True,False,0.0,0.0,0.0,0.0,0.0,0.0,0.0
4639,2227,5165,4639,"LINESTRING (-71.1119653 42.3293228, -71.11466 42.324394)",True,False,0.0,0.0,0.0,0.0,0.0,0.0,0.0
4640,5165,5166,4640,"LINESTRING (-71.11466 42.324394, -71.1150956 42.3235499)",True,False,0.0,0.0,0.0,0.0,0.0,0.0,0.0
4641,5166,5165,4641,"LINESTRING (-71.1150956 42.3235499, -71.11466 42.324394)",True,False,0.0,0.0,0.0,0.0,0.0,0.0,0.0
4700,2306,2308,4700,"LINESTRING (-71.1165693 42.321021, -71.1189082 42.321339)",True,False,0.0,0.0,0.0,0.0,0.0,0.0,0.0
4701,2308,2306,4701,"LINESTRING (-71.1189082 42.321339, -71.1165693 42.321021)",True,False,0.0,0.0,0.0,0.0,0.0,0.0,0.0
4708,4120,4121,4708,"LINESTRING (-71.1196405 42.3226672, -71.1195403 42.321822)",True,False,0.0,0.0,0.0,0.0,0.0,0.0,0.0
4709,4121,4120,4709,"LINESTRING (-71.1195403 42.321822, -71.1196405 42.3226672)",True,False,0.0,0.0,0.0,0.0,0.0,0.0,0.0
4710,4915,4916,4710,"LINESTRING (-71.1195888 42.3217497, -71.120214 42.321477)",True,False,0.0,0.0,0.0,0.0,0.0,0.0,0.0
4711,4916,3448,4711,"LINESTRING (-71.120214 42.321477, -71.1196404 42.3214565)",True,False,0.0,0.0,0.0,0.0,0.0,0.0,0.0
4712,3448,4916,4712,"LINESTRING (-71.1196404 42.3214565, -71.120214 42.321477)",True,False,0.0,0.0,0.0,0.0,0.0,0.0,0.0
4713,2308,3447,4713,"LINESTRING (-71.1189082 42.321339, -71.1195183 42.3217503)",True,False,0.0,0.0,0.0,0.0,0.0,0.0,0.0
4714,2308,3448,4714,"LINESTRING (-71.1189082 42.321339, -71.1196404 42.3214565)",True,False,0.0,0.0,0.0,0.0,0.0,0.0,0.0
4715,3448,2308,4715,"LINESTRING (-71.1196404 42.3214565, -71.1189082 42.321339)",True,False,0.0,0.0,0.0,0.0,0.0,0.0,0.0
4716,4915,3448,4716,"LINESTRING (-71.1195888 42.3217497, -71.1196404 42.3214565)",True,False,0.0,0.0,0.0,0.0,0.0,0.0,0.0
4717,3448,3447,4717,"LINESTRING (-71.1196404 42.3214565, -71.1195183 42.3217503)",True,False,0.0,0.0,0.0,0.0,0.0,0.0,0.0
4718,3447,4121,4718,"LINESTRING (-71.1195183 42.3217503, -71.1195403 42.321822)",True,False,0.0,0.0,0.0,0.0,0.0,0.0,0.0
4719,4121,4915,4719,"LINESTRING (-71.1195403 42.321822, -71.1195888 42.3217497)",True,False,0.0,0.0,0.0,0.0,0.0,0.0,0.0
4720,4119,4120,4720,"LINESTRING (-71.1198722 42.3227654, -71.1196405 42.3226672)",True,False,0.0,0.0,0.0,0.0,0.0,0.0,0.0
4721,2306,2307,4721,"LINESTRING (-71.1165693 42.321021, -71.116972 42.320179)",True,False,0.0,0.0,0.0,0.0,0.0,0.0,0.0
4722,2307,2306,4722,"LINESTRING (-71.116972 42.320179, -71.1165693 42.321021)",True,False,0.0,0.0,0.0,0.0,0.0,0.0,0.0
4723,2306,2310,4723,"LINESTRING (-71.1165693 42.321021, -71.115547 42.323216)",True,False,0.0,0.0,0.0,0.0,0.0,0.0,0.0
4724,2310,2306,4724,"LINESTRING (-71.115547 42.323216, -71.1165693 42.321021)",True,False,0.0,0.0,0.0,0.0,0.0,0.0,0.0
4725,2309,2316,4725,"LINESTRING (-71.115814 42.3210551, -71.1156703 42.3210754)",True,False,0.0,0.0,0.0,0.0,0.0,0.0,0.0
4726,2316,2309,4726,"LINESTRING (-71.1156703 42.3210754, -71.115814 42.3210551)",True,False,0.0,0.0,0.0,0.0,0.0,0.0,0.0
4727,2306,2309,4727,"LINESTRING (-71.1165693 42.321021, -71.115814 42.3210551)",True,False,0.0,0.0,0.0,0.0,0.0,0.0,0.0
4728,2309,2306,4728,"LINESTRING (-71.115814 42.3210551, -71.1165693 42.321021)",True,False,0.0,0.0,0.0,0.0,0.0,0.0,0.0
4729,1040,4622,4729,"LINESTRING (-71.1148497 42.3211916, -71.1156038 42.3210849)",True,False,0.0,0.0,0.0,0.0,0.0,0.0,0.0
4730,4622,1040,4730,"LINESTRING (-71.1156038 42.3210849, -71.1148497 42.3211916)",True,False,0.0,0.0,0.0,0.0,0.0,0.0,0.0
4731,2316,4622,4731,"LINESTRING (-71.1156703 42.3210754, -71.1156038 42.3210849)",True,False,0.0,0.0,0.0,0.0,0.0,0.0,0.0
4732,4622,2316,4732,"LINESTRING (-71.1156038 42.3210849, -71.1156703 42.3210754)",True,False,0.0,0.0,0.0,0.0,0.0,0.0,0.0
4733,5166,2310,4733,"LINESTRING (-71.1150956 42.3235499, -71.115547 42.323216)",True,False,0.0,0.0,0.0,0.0,0.0,0.0,0.0
4734,2310,5166,4734,"LINESTRING (-71.115547 42.323216, -71.1150956 42.3235499)",True,False,0.0,0.0,0.0,0.0,0.0,0.0,0.0
4735,1742,1897,4735,"LINESTRING (-71.1122502 42.3239236, -71.1122561 42.3245715)",True,False,0.0,0.0,0.0,0.0,0.0,0.0,0.0
4736,1897,1742,4736,"LINESTRING (-71.1122561 42.3245715, -71.1122502 42.3239236)",True,False,0.0,0.0,0.0,0.0,0.0,0.0,0.0
4737,2240,1743,4737,"LINESTRING (-71.1104431 42.3218853, -71.1120787 42.3216119)",True,False,0.0,0.0,0.0,0.0,0.0,0.0,0.0
4738,1743,2240,4738,"LINESTRING (-71.1120787 42.3216119, -71.1104431 42.3218853)",True,False,0.0,0.0,0.0,0.0,0.0,0.0,0.0
4739,3430,2236,4739,"LINESTRING (-71.1106883 42.320759, -71.1104925 42.3210242)",True,False,0.0,0.0,0.0,0.0,0.0,0.0,0.0
4740,2236,3430,4740,"LINESTRING (-71.1104925 42.3210242, -71.1106883 42.320759)",True,False,0.0,0.0,0.0,0.0,0.0,0.0,0.0
4761,1741,1743,4761,"LINESTRING (-71.1121928 42.3231254, -71.1120787 42.3216119)",True,False,0.0,0.0,0.0,0.0,0.0,0.0,0.0
4762,1743,1741,4762,"LINESTRING (-71.1120787 42.3216119, -71.1121928 42.3231254)",True,False,0.0,0.0,0.0,0.0,0.0,0.0,0.0
4763,1743,5215,4763,"LINESTRING (-71.1120787 42.3216119, -71.1128019 42.3214978)",True,False,0.0,0.0,0.0,0.0,0.0,0.0,0.0
4764,5215,1743,4764,"LINESTRING (-71.1128019 42.3214978, -71.1120787 42.3216119)",True,False,0.0,0.0,0.0,0.0,0.0,0.0,0.0
4775,5214,5215,4775,"LINESTRING (-71.1138728 42.3213297, -71.1128019 42.3214978)",True,False,0.0,0.0,0.0,0.0,0.0,0.0,0.0
4776,5215,5214,4776,"LINESTRING (-71.1128019 42.3214978, -71.1138728 42.3213297)",True,False,0.0,0.0,0.0,0.0,0.0,0.0,0.0
4777,1038,1039,4777,"LINESTRING (-71.1145025 42.3212407, -71.1141739 42.3212872)",True,False,0.0,0.0,0.0,0.0,0.0,0.0,0.0
4778,1039,1038,4778,"LINESTRING (-71.1141739 42.3212872, -71.1145025 42.3212407)",True,False,0.0,0.0,0.0,0.0,0.0,0.0,0.0
4779,5214,1039,4779,"LINESTRING (-71.1138728 42.3213297, -71.1141739 42.3212872)",True,False,0.0,0.0,0.0,0.0,0.0,0.0,0.0
4780,1039,5214,4780,"LINESTRING (-71.1141739 42.3212872, -71.1138728 42.3213297)",True,False,0.0,0.0,0.0,0.0,0.0,0.0,0.0
4781,1771,1770,4781,"LINESTRING (-71.1114011 42.3199208, -71.1117076 42.3199571)",True,False,0.0,0.0,0.0,0.0,0.0,0.0,0.0
4782,5204,4315,4782,"LINESTRING (-71.1119425 42.3210044, -71.1118505 42.3205942)",True,False,0.0,0.0,0.0,0.0,0.0,0.0,0.0
4783,4315,5204,4783,"LINESTRING (-71.1118505 42.3205942, -71.1119425 42.3210044)",True,False,0.0,0.0,0.0,0.0,0.0,0.0,0.0
4784,1770,4315,4784,"LINESTRING (-71.1117076 42.3199571, -71.1118505 42.3205942)",True,False,0.0,0.0,0.0,0.0,0.0,0.0,0.0
4785,4315,1770,4785,"LINESTRING (-71.1118505 42.3205942, -71.1117076 42.3199571)",True,False,0.0,0.0,0.0,0.0,0.0,0.0,0.0
4786,5204,1743,4786,"LINESTRING (-71.1119425 42.3210044, -71.1120787 42.3216119)",True,False,0.0,0.0,0.0,0.0,0.0,0.0,0.0
4787,1743,5204,4787,"LINESTRING (-71.1120787 42.3216119, -71.1119425 42.3210044)",True,False,0.0,0.0,0.0,0.0,0.0,0.0,0.0
4788,3429,3430,4788,"LINESTRING (-71.1110502 42.3203382, -71.1106883 42.320759)",True,False,0.0,0.0,0.0,0.0,0.0,0.0,0.0
4789,3430,3429,4789,"LINESTRING (-71.1106883 42.320759, -71.1110502 42.3203382)",True,False,0.0,0.0,0.0,0.0,0.0,0.0,0.0
4790,3429,1771,4790,"LINESTRING (-71.1110502 42.3203382, -71.1114011 42.3199208)",True,False,0.0,0.0,0.0,0.0,0.0,0.0,0.0
4791,1771,3429,4791,"LINESTRING (-71.1114011 42.3199208, -71.1110502 42.3203382)",True,False,0.0,0.0,0.0,0.0,0.0,0.0,0.0
4792,1741,1742,4792,"LINESTRING (-71.1121928 42.3231254, -71.1122502 42.3239236)",True,False,0.0,0.0,0.0,0.0,0.0,0.0,0.0
4793,1742,1741,4793,"LINESTRING (-71.1122502 42.3239236, -71.1121928 42.3231254)",True,False,0.0,0.0,0.0,0.0,0.0,0.0,0.0
4798,2801,2803,4798,"LINESTRING (-71.109264 42.32218, -71.1084653 42.322374)",True,False,0.0,0.0,0.0,0.0,0.0,0.0,0.0
4799,2803,2801,4799,"LINESTRING (-71.1084653 42.322374, -71.109264 42.32218)",True,False,0.0,0.0,0.0,0.0,0.0,0.0,0.0
4800,2800,2240,4800,"LINESTRING (-71.1100078 42.3219987, -71.1104431 42.3218853)",True,False,0.0,0.0,0.0,0.0,0.0,0.0,0.0
4801,2800,2241,4801,"LINESTRING (-71.1100078 42.3219987, -71.1100317 42.3218895)",True,False,0.0,0.0,0.0,0.0,0.0,0.0,0.0
4802,4867,2801,4802,"LINESTRING (-71.1097597 42.3218718, -71.109264 42.32218)",True,False,0.0,0.0,0.0,0.0,0.0,0.0,0.0
4803,4867,2802,4803,"LINESTRING (-71.1097597 42.3218718, -71.109885 42.3220399)",True,False,0.0,0.0,0.0,0.0,0.0,0.0,0.0
4804,2234,2235,4804,"LINESTRING (-71.1101744 42.321508, -71.1098397 42.3218227)",True,False,0.0,0.0,0.0,0.0,0.0,0.0,0.0
4805,2234,2236,4805,"LINESTRING (-71.1101744 42.321508, -71.1104925 42.3210242)",True,False,0.0,0.0,0.0,0.0,0.0,0.0,0.0
4806,2236,2234,4806,"LINESTRING (-71.1104925 42.3210242, -71.1101744 42.321508)",True,False,0.0,0.0,0.0,0.0,0.0,0.0,0.0
4807,2240,2241,4807,"LINESTRING (-71.1104431 42.3218853, -71.1100317 42.3218895)",True,False,0.0,0.0,0.0,0.0,0.0,0.0,0.0
4808,4590,2234,4808,"LINESTRING (-71.1100242 42.3218766, -71.1101744 42.321508)",True,False,0.0,0.0,0.0,0.0,0.0,0.0,0.0
4809,4590,2235,4809,"LINESTRING (-71.1100242 42.3218766, -71.1098397 42.3218227)",True,False,0.0,0.0,0.0,0.0,0.0,0.0,0.0
4810,2241,4590,4810,"LINESTRING (-71.1100317 42.3218895, -71.1100242 42.3218766)",True,False,0.0,0.0,0.0,0.0,0.0,0.0,0.0
4811,2235,4867,4811,"LINESTRING (-71.1098397 42.3218227, -71.1097597 42.3218718)",True,False,0.0,0.0,0.0,0.0,0.0,0.0,0.0
4812,2801,2802,4812,"LINESTRING (-71.109264 42.32218, -71.109885 42.3220399)",True,False,0.0,0.0,0.0,0.0,0.0,0.0,0.0
4813,2802,2799,4813,"LINESTRING (-71.109885 42.3220399, -71.1099354 42.3220348)",True,False,0.0,0.0,0.0,0.0,0.0,0.0,0.0
4814,2799,2800,4814,"LINESTRING (-71.1099354 42.3220348, -71.1100078 42.3219987)",True,False,0.0,0.0,0.0,0.0,0.0,0.0,0.0
4815,3368,3678,4815,"LINESTRING (-71.1083545 42.3223975, -71.1068177 42.3225385)",True,False,0.0,0.0,0.0,0.0,0.0,0.0,0.0
4816,3678,3368,4816,"LINESTRING (-71.1068177 42.3225385, -71.1083545 42.3223975)",True,False,0.0,0.0,0.0,0.0,0.0,0.0,0.0
4817,2803,3368,4817,"LINESTRING (-71.1084653 42.322374, -71.1083545 42.3223975)",True,False,0.0,0.0,0.0,0.0,0.0,0.0,0.0
4818,3368,2803,4818,"LINESTRING (-71.1083545 42.3223975, -71.1084653 42.322374)",True,False,0.0,0.0,0.0,0.0,0.0,0.0,0.0
4819,3383,2515,4819,"LINESTRING (-71.108333 42.327318, -71.1093082 42.3279658)",True,False,0.0,0.0,0.0,0.0,0.0,0.0,0.0
4820,2515,3383,4820,"LINESTRING (-71.1093082 42.3279658, -71.108333 42.327318)",True,False,0.0,0.0,0.0,0.0,0.0,0.0,0.0
4821,2508,2515,4821,"LINESTRING (-71.1093833 42.3280167, -71.1093082 42.3279658)",True,False,0.0,0.0,0.0,0.0,0.0,0.0,0.0
4822,2515,2508,4822,"LINESTRING (-71.1093082 42.3279658, -71.1093833 42.3280167)",True,False,0.0,0.0,0.0,0.0,0.0,0.0,0.0
4823,1166,1884,4823,"LINESTRING (-71.1127675 42.3306202, -71.112357 42.3329846)",True,False,0.0,0.0,0.0,0.0,0.0,0.0,0.0
4824,2730,2210,4824,"LINESTRING (-71.1124849 42.3330147, -71.1131136 42.331041)",True,False,0.0,0.0,0.0,0.0,0.0,0.0,0.0
4825,3933,3934,4825,"LINESTRING (-71.1111815 42.3341451, -71.1098673 42.3353693)",True,False,0.0,0.0,0.0,0.0,0.0,0.0,0.0
4826,3934,3933,4826,"LINESTRING (-71.1098673 42.3353693, -71.1111815 42.3341451)",True,False,0.0,0.0,0.0,0.0,0.0,0.0,0.0
4827,2360,2509,4827,"LINESTRING (-71.1107244 42.3286746, -71.1104736 42.3287573)",True,False,0.0,0.0,0.0,0.0,0.0,0.0,0.0
4828,2509,4897,4828,"LINESTRING (-71.1104736 42.3287573, -71.1107792 42.3289704)",True,False,0.0,0.0,0.0,0.0,0.0,0.0,0.0
4829,4897,2509,4829,"LINESTRING (-71.1107792 42.3289704, -71.1104736 42.3287573)",True,False,0.0,0.0,0.0,0.0,0.0,0.0,0.0
4830,5097,5227,4830,"LINESTRING (-71.1095705 42.3321594, -71.109587 42.3331913)",True,False,0.0,0.0,0.0,0.0,0.0,0.0,0.0
4831,5227,5097,4831,"LINESTRING (-71.109587 42.3331913, -71.1095705 42.3321594)",True,False,0.0,0.0,0.0,0.0,0.0,0.0,0.0
4832,5227,5229,4832,"LINESTRING (-71.109587 42.3331913, -71.1111824 42.3325473)",True,False,0.0,0.0,0.0,0.0,0.0,0.0,0.0
4833,5229,5227,4833,"LINESTRING (-71.1111824 42.3325473, -71.109587 42.3331913)",True,False,0.0,0.0,0.0,0.0,0.0,0.0,0.0
4834,5229,4178,4834,"LINESTRING (-71.1111824 42.3325473, -71.111858 42.3321152)",True,False,0.0,0.0,0.0,0.0,0.0,0.0,0.0
4835,4178,5229,4835,"LINESTRING (-71.111858 42.3321152, -71.1111824 42.3325473)",True,False,0.0,0.0,0.0,0.0,0.0,0.0,0.0
4860,1164,1165,4860,"LINESTRING (-71.1121732 42.3298613, -71.1125584 42.3307854)",True,False,0.0,0.0,0.0,0.0,0.0,0.0,0.0
4861,1164,1166,4861,"LINESTRING (-71.1121732 42.3298613, -71.1127675 42.3306202)",True,False,0.0,0.0,0.0,0.0,0.0,0.0,0.0
4862,1165,1166,4862,"LINESTRING (-71.1125584 42.3307854, -71.1127675 42.3306202)",True,False,0.0,0.0,0.0,0.0,0.0,0.0,0.0
4863,2211,2227,4863,"LINESTRING (-71.112891 42.330593, -71.1119653 42.3293228)",True,False,0.0,0.0,0.0,0.0,0.0,0.0,0.0
4864,5159,4179,4864,"LINESTRING (-71.111291 42.3300757, -71.1115961 42.3307906)",True,False,0.0,0.0,0.0,0.0,0.0,0.0,0.0
4865,4179,5159,4865,"LINESTRING (-71.1115961 42.3307906, -71.111291 42.3300757)",True,False,0.0,0.0,0.0,0.0,0.0,0.0,0.0
4866,5422,3195,4866,"LINESTRING (-71.1127324 42.3318382, -71.1120787 42.3319539)",True,False,0.0,0.0,0.0,0.0,0.0,0.0,0.0
4867,2210,2211,4867,"LINESTRING (-71.1131136 42.331041, -71.112891 42.330593)",True,False,0.0,0.0,0.0,0.0,0.0,0.0,0.0
4868,2210,2212,4868,"LINESTRING (-71.1131136 42.331041, -71.113479 42.33098)",True,False,0.0,0.0,0.0,0.0,0.0,0.0,0.0
4869,2212,2211,4869,"LINESTRING (-71.113479 42.33098, -71.112891 42.330593)",True,False,0.0,0.0,0.0,0.0,0.0,0.0,0.0
4870,4897,5159,4870,"LINESTRING (-71.1107792 42.3289704, -71.111291 42.3300757)",True,False,0.0,0.0,0.0,0.0,0.0,0.0,0.0
4871,5159,4897,4871,"LINESTRING (-71.111291 42.3300757, -71.1107792 42.3289704)",True,False,0.0,0.0,0.0,0.0,0.0,0.0,0.0
4872,2227,1164,4872,"LINESTRING (-71.1119653 42.3293228, -71.1121732 42.3298613)",True,False,0.0,0.0,0.0,0.0,0.0,0.0,0.0
4873,2360,4897,4873,"LINESTRING (-71.1107244 42.3286746, -71.1107792 42.3289704)",True,False,0.0,0.0,0.0,0.0,0.0,0.0,0.0
4874,4897,2360,4874,"LINESTRING (-71.1107792 42.3289704, -71.1107244 42.3286746)",True,False,0.0,0.0,0.0,0.0,0.0,0.0,0.0
4875,3195,4179,4875,"LINESTRING (-71.1120787 42.3319539, -71.1115961 42.3307906)",True,False,0.0,0.0,0.0,0.0,0.0,0.0,0.0
4876,4179,3195,4876,"LINESTRING (-71.1115961 42.3307906, -71.1120787 42.3319539)",True,False,0.0,0.0,0.0,0.0,0.0,0.0,0.0
4877,3194,3192,4877,"LINESTRING (-71.1119977 42.3320739, -71.1124249 42.3319779)",True,False,0.0,0.0,0.0,0.0,0.0,0.0,0.0
4878,3195,3192,4878,"LINESTRING (-71.1120787 42.3319539, -71.1124249 42.3319779)",True,False,0.0,0.0,0.0,0.0,0.0,0.0,0.0
4879,3192,3193,4879,"LINESTRING (-71.1124249 42.3319779, -71.1126977 42.3319495)",True,False,0.0,0.0,0.0,0.0,0.0,0.0,0.0
4880,3195,4178,4880,"LINESTRING (-71.1120787 42.3319539, -71.111858 42.3321152)",True,False,0.0,0.0,0.0,0.0,0.0,0.0,0.0
4881,4178,3194,4881,"LINESTRING (-71.111858 42.3321152, -71.1119977 42.3320739)",True,False,0.0,0.0,0.0,0.0,0.0,0.0,0.0
4882,3194,3195,4882,"LINESTRING (-71.1119977 42.3320739, -71.1120787 42.3319539)",True,False,0.0,0.0,0.0,0.0,0.0,0.0,0.0
4883,1884,2348,4883,"LINESTRING (-71.112357 42.3329846, -71.1114159 42.3339239)",True,False,0.0,0.0,0.0,0.0,0.0,0.0,0.0
4884,2349,2348,4884,"LINESTRING (-71.1121274 42.3328355, -71.1114159 42.3339239)",True,False,0.0,0.0,0.0,0.0,0.0,0.0,0.0
4885,3933,2730,4885,"LINESTRING (-71.1111815 42.3341451, -71.1124849 42.3330147)",True,False,0.0,0.0,0.0,0.0,0.0,0.0,0.0
4886,1884,2349,4886,"LINESTRING (-71.112357 42.3329846, -71.1121274 42.3328355)",True,False,0.0,0.0,0.0,0.0,0.0,0.0,0.0
4887,2348,3933,4887,"LINESTRING (-71.1114159 42.3339239, -71.1111815 42.3341451)",True,False,0.0,0.0,0.0,0.0,0.0,0.0,0.0
4888,2453,2454,4888,"LINESTRING (-71.108501 42.330597, -71.108901 42.330715)",True,False,0.0,0.0,0.0,0.0,0.0,0.0,0.0
4889,2454,2453,4889,"LINESTRING (-71.108901 42.330715, -71.108501 42.330597)",True,False,0.0,0.0,0.0,0.0,0.0,0.0,0.0
4902,2507,2509,4902,"LINESTRING (-71.110005 42.3284482, -71.1104736 42.3287573)",True,False,0.0,0.0,0.0,0.0,0.0,0.0,0.0
4903,2509,2507,4903,"LINESTRING (-71.1104736 42.3287573, -71.110005 42.3284482)",True,False,0.0,0.0,0.0,0.0,0.0,0.0,0.0
4904,2506,2507,4904,"LINESTRING (-71.1099245 42.3283943, -71.110005 42.3284482)",True,False,0.0,0.0,0.0,0.0,0.0,0.0,0.0
4905,2507,2506,4905,"LINESTRING (-71.110005 42.3284482, -71.1099245 42.3283943)",True,False,0.0,0.0,0.0,0.0,0.0,0.0,0.0
4906,2454,5081,4906,"LINESTRING (-71.108901 42.330715, -71.1095967 42.3315074)",True,False,0.0,0.0,0.0,0.0,0.0,0.0,0.0
4907,5081,2454,4907,"LINESTRING (-71.1095967 42.3315074, -71.108901 42.330715)",True,False,0.0,0.0,0.0,0.0,0.0,0.0,0.0
4908,5096,5081,4908,"LINESTRING (-71.109577 42.332006, -71.1095967 42.3315074)",True,False,0.0,0.0,0.0,0.0,0.0,0.0,0.0
4909,5081,5096,4909,"LINESTRING (-71.1095967 42.3315074, -71.109577 42.332006)",True,False,0.0,0.0,0.0,0.0,0.0,0.0,0.0
4910,5096,5097,4910,"LINESTRING (-71.109577 42.332006, -71.1095705 42.3321594)",True,False,0.0,0.0,0.0,0.0,0.0,0.0,0.0
4911,5097,5096,4911,"LINESTRING (-71.1095705 42.3321594, -71.109577 42.332006)",True,False,0.0,0.0,0.0,0.0,0.0,0.0,0.0
4912,5514,2465,4912,"LINESTRING (-71.1090719 42.3332337, -71.1079038 42.3332579)",True,False,0.0,0.0,0.0,0.0,0.0,0.0,0.0
4913,2465,5514,4913,"LINESTRING (-71.1079038 42.3332579, -71.1090719 42.3332337)",True,False,0.0,0.0,0.0,0.0,0.0,0.0,0.0
4926,5514,5228,4926,"LINESTRING (-71.1090719 42.3332337, -71.1093244 42.3332129)",True,False,0.0,0.0,0.0,0.0,0.0,0.0,0.0
4927,5228,5514,4927,"LINESTRING (-71.1093244 42.3332129, -71.1090719 42.3332337)",True,False,0.0,0.0,0.0,0.0,0.0,0.0,0.0
4928,5227,5228,4928,"LINESTRING (-71.109587 42.3331913, -71.1093244 42.3332129)",True,False,0.0,0.0,0.0,0.0,0.0,0.0,0.0
4929,5228,5227,4929,"LINESTRING (-71.1093244 42.3332129, -71.109587 42.3331913)",True,False,0.0,0.0,0.0,0.0,0.0,0.0,0.0
4930,2464,2465,4930,"LINESTRING (-71.1070744 42.3332557, -71.1079038 42.3332579)",True,False,0.0,0.0,0.0,0.0,0.0,0.0,0.0
4931,2465,2464,4931,"LINESTRING (-71.1079038 42.3332579, -71.1070744 42.3332557)",True,False,0.0,0.0,0.0,0.0,0.0,0.0,0.0
5041,269,279,5041,"LINESTRING (-71.0731913 42.3122312, -71.0746114 42.3128311)",True,False,0.0,0.0,0.0,0.0,0.0,0.0,0.0
5042,279,269,5042,"LINESTRING (-71.0746114 42.3128311, -71.0731913 42.3122312)",True,False,0.0,0.0,0.0,0.0,0.0,0.0,0.0
5053,1273,1275,5053,"LINESTRING (-71.0735722 42.3233642, -71.073922 42.323759)",True,False,0.0,0.0,0.0,0.0,0.0,0.0,0.0
5054,1275,1273,5054,"LINESTRING (-71.073922 42.323759, -71.0735722 42.3233642)",True,False,0.0,0.0,0.0,0.0,0.0,0.0,0.0
5057,1849,1850,5057,"LINESTRING (-71.0518528 42.3182806, -71.0494135 42.3012943)",True,False,0.0,0.0,0.0,0.0,0.0,0.0,0.0
5059,2016,2017,5059,"LINESTRING (-71.0480822 42.303178, -71.0464891 42.3130868)",True,False,0.0,0.0,0.0,0.0,0.0,0.0,0.0
5062,3365,3366,5062,"LINESTRING (-71.074056 42.320756, -71.072204 42.321359)",True,False,0.0,0.0,0.0,0.0,0.0,0.0,0.0
5063,3366,3365,5063,"LINESTRING (-71.072204 42.321359, -71.074056 42.320756)",True,False,0.0,0.0,0.0,0.0,0.0,0.0,0.0
5070,4230,4232,5070,"LINESTRING (-71.0734659 42.3335209, -71.0744072 42.3328771)",True,False,0.0,0.0,0.0,0.0,0.0,0.0,0.0
5071,2823,4230,5071,"LINESTRING (-71.0751814 42.3349159, -71.0734659 42.3335209)",True,False,0.0,0.0,0.0,0.0,0.0,0.0,0.0
5072,4229,4239,5072,"LINESTRING (-71.0730925 42.3320234, -71.0748651 42.3312302)",True,False,0.0,0.0,0.0,0.0,0.0,0.0,0.0
5073,4229,4240,5073,"LINESTRING (-71.0730925 42.3320234, -71.0743232 42.3328245)",True,False,0.0,0.0,0.0,0.0,0.0,0.0,0.0
5074,4240,4229,5074,"LINESTRING (-71.0743232 42.3328245, -71.0730925 42.3320234)",True,False,0.0,0.0,0.0,0.0,0.0,0.0,0.0
5075,4231,2822,5075,"LINESTRING (-71.073353 42.3336112, -71.0750961 42.3349908)",True,False,0.0,0.0,0.0,0.0,0.0,0.0,0.0
5076,4240,4230,5076,"LINESTRING (-71.0743232 42.3328245, -71.0734659 42.3335209)",True,False,0.0,0.0,0.0,0.0,0.0,0.0,0.0
5079,5188,1768,5079,"LINESTRING (-71.073206 42.325708, -71.0738987 42.3254448)",True,False,0.0,0.0,0.0,0.0,0.0,0.0,0.0
5080,1768,5188,5080,"LINESTRING (-71.0738987 42.3254448, -71.073206 42.325708)",True,False,0.0,0.0,0.0,0.0,0.0,0.0,0.0
5081,4239,4228,5081,"LINESTRING (-71.0748651 42.3312302, -71.0721512 42.3325406)",True,False,0.0,0.0,0.0,0.0,0.0,0.0,0.0
5082,5410,5406,5082,"LINESTRING (-71.0480094 42.2996921, -71.0517263 42.3184742)",True,False,0.0,0.0,0.0,0.0,0.0,0.0,0.0
6657,313,272,6657,"LINESTRING (-71.090221 42.329605, -71.088995 42.329439)",True,False,0.0,0.0,0.0,0.0,0.0,0.0,0.0
6658,411,413,6658,"LINESTRING (-71.099343 42.32009, -71.099569 42.319814)",True,False,0.0,0.0,0.0,0.0,0.0,0.0,0.0
6659,413,411,6659,"LINESTRING (-71.099569 42.319814, -71.099343 42.32009)",True,False,0.0,0.0,0.0,0.0,0.0,0.0,0.0
6660,1114,1131,6660,"LINESTRING (-71.1031566 42.319437, -71.1024353 42.3203371)",True,False,0.0,0.0,0.0,0.0,0.0,0.0,0.0
6661,1131,1114,6661,"LINESTRING (-71.1024353 42.3203371, -71.1031566 42.319437)",True,False,0.0,0.0,0.0,0.0,0.0,0.0,0.0
6662,1818,1819,6662,"LINESTRING (-71.0923294 42.3328739, -71.0894167 42.3344267)",True,False,0.0,0.0,0.0,0.0,0.0,0.0,0.0
6663,1894,1896,6663,"LINESTRING (-71.088396 42.320034, -71.091941 42.321692)",True,False,0.0,0.0,0.0,0.0,0.0,0.0,0.0
6664,1598,1929,6664,"LINESTRING (-71.0905088 42.311905, -71.08993 42.312629)",True,False,0.0,0.0,0.0,0.0,0.0,0.0,0.0
6665,1929,1598,6665,"LINESTRING (-71.08993 42.312629, -71.0905088 42.311905)",True,False,0.0,0.0,0.0,0.0,0.0,0.0,0.0
6666,2098,2009,6666,"LINESTRING (-71.088879 42.330371, -71.0911621 42.3300969)",True,False,0.0,0.0,0.0,0.0,0.0,0.0,0.0
6667,2535,1896,6667,"LINESTRING (-71.0896 42.323394, -71.091941 42.321692)",True,False,0.0,0.0,0.0,0.0,0.0,0.0,0.0
6668,1896,2535,6668,"LINESTRING (-71.091941 42.321692, -71.0896 42.323394)",True,False,0.0,0.0,0.0,0.0,0.0,0.0,0.0
6669,2541,2542,6669,"LINESTRING (-71.09404 42.320071, -71.095305 42.318825)",True,False,0.0,0.0,0.0,0.0,0.0,0.0,0.0
6670,2542,2541,6670,"LINESTRING (-71.095305 42.318825, -71.09404 42.320071)",True,False,0.0,0.0,0.0,0.0,0.0,0.0,0.0
6671,3288,3289,6671,"LINESTRING (-71.0895089 42.3345378, -71.090996 42.3359269)",True,False,0.0,0.0,0.0,0.0,0.0,0.0,0.0
6672,3289,3288,6672,"LINESTRING (-71.090996 42.3359269, -71.0895089 42.3345378)",True,False,0.0,0.0,0.0,0.0,0.0,0.0,0.0
6673,3288,2004,6673,"LINESTRING (-71.0895089 42.3345378, -71.0924022 42.3329474)",True,False,0.0,0.0,0.0,0.0,0.0,0.0,0.0
6674,3363,2611,6674,"LINESTRING (-71.08179 42.3207457, -71.081545 42.319456)",True,False,0.0,0.0,0.0,0.0,0.0,0.0,0.0
6676,2613,3886,6676,"LINESTRING (-71.081385 42.319802, -71.081621 42.320732)",True,False,0.0,0.0,0.0,0.0,0.0,0.0,0.0
6678,3892,4843,6678,"LINESTRING (-71.0984367 42.320623, -71.0984122 42.3195827)",True,False,0.0,0.0,0.0,0.0,0.0,0.0,0.0
6679,4896,2893,6679,"LINESTRING (-71.088887 42.3198798, -71.090238 42.319213)",True,False,0.0,0.0,0.0,0.0,0.0,0.0,0.0
6680,2893,4896,6680,"LINESTRING (-71.090238 42.319213, -71.088887 42.3198798)",True,False,0.0,0.0,0.0,0.0,0.0,0.0,0.0
6681,4751,5080,6681,"LINESTRING (-71.0882705 42.3306372, -71.0929137 42.3312857)",True,False,0.0,0.0,0.0,0.0,0.0,0.0,0.0
6682,5080,4751,6682,"LINESTRING (-71.0929137 42.3312857, -71.0882705 42.3306372)",True,False,0.0,0.0,0.0,0.0,0.0,0.0,0.0
6683,3380,5164,6683,"LINESTRING (-71.0908193 42.3249931, -71.0900598 42.324693)",True,False,0.0,0.0,0.0,0.0,0.0,0.0,0.0
6684,5164,3380,6684,"LINESTRING (-71.0900598 42.324693, -71.0908193 42.3249931)",True,False,0.0,0.0,0.0,0.0,0.0,0.0,0.0
6685,1336,4892,6685,"LINESTRING (-71.086017 42.319164, -71.0881314 42.3199203)",True,False,0.0,0.0,0.0,0.0,0.0,0.0,0.0
6686,5210,5202,6686,"LINESTRING (-71.0860292 42.320585, -71.085975 42.319831)",True,False,0.0,0.0,0.0,0.0,0.0,0.0,0.0
6687,5202,5210,6687,"LINESTRING (-71.085975 42.319831, -71.0860292 42.320585)",True,False,0.0,0.0,0.0,0.0,0.0,0.0,0.0
6688,1895,2809,6688,"LINESTRING (-71.088605 42.319974, -71.086042 42.319026)",True,False,0.0,0.0,0.0,0.0,0.0,0.0,0.0
6689,2537,4895,6689,"LINESTRING (-71.092089 42.321576, -71.0889217 42.3201306)",True,False,0.0,0.0,0.0,0.0,0.0,0.0,0.0
6690,5203,5123,6690,"LINESTRING (-71.077746 42.320431, -71.077758 42.319871)",True,False,0.0,0.0,0.0,0.0,0.0,0.0,0.0
6691,5123,5203,6691,"LINESTRING (-71.077758 42.319871, -71.077746 42.320431)",True,False,0.0,0.0,0.0,0.0,0.0,0.0,0.0
6692,895,5277,6692,"LINESTRING (-71.0983008 42.3195672, -71.098313 42.3206224)",True,False,0.0,0.0,0.0,0.0,0.0,0.0,0.0
6830,3468,3947,6830,"LINESTRING (-71.0984291 42.3156728, -71.0983086 42.3157941)",True,False,0.0,0.0,0.0,0.0,0.0,0.0,0.0
6831,3947,3468,6831,"LINESTRING (-71.0983086 42.3157941, -71.0984291 42.3156728)",True,False,0.0,0.0,0.0,0.0,0.0,0.0,0.0
6832,2618,3946,6832,"LINESTRING (-71.098369 42.318124, -71.098344 42.31688)",True,False,0.0,0.0,0.0,0.0,0.0,0.0,0.0
6960,5189,4265,6960,"LINESTRING (-71.1036029 42.3161045, -71.104818 42.314471)",True,False,0.0,0.0,0.0,0.0,0.0,0.0,0.0
6961,4265,5189,6961,"LINESTRING (-71.104818 42.314471, -71.1036029 42.3161045)",True,False,0.0,0.0,0.0,0.0,0.0,0.0,0.0
6962,5190,4866,6962,"LINESTRING (-71.1031183 42.3166106, -71.1017942 42.3177451)",True,False,0.0,0.0,0.0,0.0,0.0,0.0,0.0
6963,4866,5190,6963,"LINESTRING (-71.1017942 42.3177451, -71.1031183 42.3166106)",True,False,0.0,0.0,0.0,0.0,0.0,0.0,0.0
6976,4264,4265,6976,"LINESTRING (-71.1052296 42.3135854, -71.104818 42.314471)",True,False,0.0,0.0,0.0,0.0,0.0,0.0,0.0
6977,4265,4264,6977,"LINESTRING (-71.104818 42.314471, -71.1052296 42.3135854)",True,False,0.0,0.0,0.0,0.0,0.0,0.0,0.0
6978,589,590,6978,"LINESTRING (-71.1056307 42.3126416, -71.1054297 42.313061)",True,False,0.0,0.0,0.0,0.0,0.0,0.0,0.0
6979,590,589,6979,"LINESTRING (-71.1054297 42.313061, -71.1056307 42.3126416)",True,False,0.0,0.0,0.0,0.0,0.0,0.0,0.0
6980,4264,590,6980,"LINESTRING (-71.1052296 42.3135854, -71.1054297 42.313061)",True,False,0.0,0.0,0.0,0.0,0.0,0.0,0.0
6981,590,4264,6981,"LINESTRING (-71.1054297 42.313061, -71.1052296 42.3135854)",True,False,0.0,0.0,0.0,0.0,0.0,0.0,0.0
6982,1054,1086,6982,"LINESTRING (-71.1043571 42.3178957, -71.1048917 42.3170319)",True,False,0.0,0.0,0.0,0.0,0.0,0.0,0.0
6983,1086,1054,6983,"LINESTRING (-71.1048917 42.3170319, -71.1043571 42.3178957)",True,False,0.0,0.0,0.0,0.0,0.0,0.0,0.0
6984,5190,1086,6984,"LINESTRING (-71.1031183 42.3166106, -71.1048917 42.3170319)",True,False,0.0,0.0,0.0,0.0,0.0,0.0,0.0
6985,5189,5190,6985,"LINESTRING (-71.1036029 42.3161045, -71.1031183 42.3166106)",True,False,0.0,0.0,0.0,0.0,0.0,0.0,0.0
6986,5190,5189,6986,"LINESTRING (-71.1031183 42.3166106, -71.1036029 42.3161045)",True,False,0.0,0.0,0.0,0.0,0.0,0.0,0.0
6987,1054,1055,6987,"LINESTRING (-71.1043571 42.3178957, -71.103549 42.318985)",True,False,0.0,0.0,0.0,0.0,0.0,0.0,0.0
6988,1055,1054,6988,"LINESTRING (-71.103549 42.318985, -71.1043571 42.3178957)",True,False,0.0,0.0,0.0,0.0,0.0,0.0,0.0
6989,1055,1114,6989,"LINESTRING (-71.103549 42.318985, -71.1031566 42.319437)",True,False,0.0,0.0,0.0,0.0,0.0,0.0,0.0
6990,1114,1055,6990,"LINESTRING (-71.1031566 42.319437, -71.103549 42.318985)",True,False,0.0,0.0,0.0,0.0,0.0,0.0,0.0
6991,3469,1772,6991,"LINESTRING (-71.099481 42.314606, -71.100473 42.313594)",True,False,0.0,0.0,0.0,0.0,0.0,0.0,0.0
6992,1772,3469,6992,"LINESTRING (-71.100473 42.313594, -71.099481 42.314606)",True,False,0.0,0.0,0.0,0.0,0.0,0.0,0.0
6997,950,960,6997,"LINESTRING (-71.1015592 42.3124851, -71.101036 42.313038)",True,False,0.0,0.0,0.0,0.0,0.0,0.0,0.0
6998,960,950,6998,"LINESTRING (-71.101036 42.313038, -71.1015592 42.3124851)",True,False,0.0,0.0,0.0,0.0,0.0,0.0,0.0
7013,960,1772,7013,"LINESTRING (-71.101036 42.313038, -71.100473 42.313594)",True,False,0.0,0.0,0.0,0.0,0.0,0.0,0.0
7014,1772,960,7014,"LINESTRING (-71.100473 42.313594, -71.101036 42.313038)",True,False,0.0,0.0,0.0,0.0,0.0,0.0,0.0
7015,3467,3469,7015,"LINESTRING (-71.098966 42.315123, -71.099481 42.314606)",True,False,0.0,0.0,0.0,0.0,0.0,0.0,0.0
7016,3469,3467,7016,"LINESTRING (-71.099481 42.314606, -71.098966 42.315123)",True,False,0.0,0.0,0.0,0.0,0.0,0.0,0.0
7017,3467,3468,7017,"LINESTRING (-71.098966 42.315123, -71.0984291 42.3156728)",True,False,0.0,0.0,0.0,0.0,0.0,0.0,0.0
7018,3468,3467,7018,"LINESTRING (-71.0984291 42.3156728, -71.098966 42.315123)",True,False,0.0,0.0,0.0,0.0,0.0,0.0,0.0
7019,766,796,7019,"LINESTRING (-71.10125 42.31825, -71.1017633 42.3177688)",True,False,0.0,0.0,0.0,0.0,0.0,0.0,0.0
7020,796,766,7020,"LINESTRING (-71.1017633 42.3177688, -71.10125 42.31825)",True,False,0.0,0.0,0.0,0.0,0.0,0.0,0.0
7021,940,1271,7021,"LINESTRING (-71.100361 42.319446, -71.100941 42.318872)",True,False,0.0,0.0,0.0,0.0,0.0,0.0,0.0
7022,1271,940,7022,"LINESTRING (-71.100941 42.318872, -71.100361 42.319446)",True,False,0.0,0.0,0.0,0.0,0.0,0.0,0.0
7023,796,4866,7023,"LINESTRING (-71.1017633 42.3177688, -71.1017942 42.3177451)",True,False,0.0,0.0,0.0,0.0,0.0,0.0,0.0
7024,4866,796,7024,"LINESTRING (-71.1017942 42.3177451, -71.1017633 42.3177688)",True,False,0.0,0.0,0.0,0.0,0.0,0.0,0.0
7025,1271,767,7025,"LINESTRING (-71.100941 42.318872, -71.1009912 42.3188141)",True,False,0.0,0.0,0.0,0.0,0.0,0.0,0.0
7026,767,1271,7026,"LINESTRING (-71.1009912 42.3188141, -71.100941 42.318872)",True,False,0.0,0.0,0.0,0.0,0.0,0.0,0.0
7027,766,767,7027,"LINESTRING (-71.10125 42.31825, -71.1009912 42.3188141)",True,False,0.0,0.0,0.0,0.0,0.0,0.0,0.0
7028,767,766,7028,"LINESTRING (-71.1009912 42.3188141, -71.10125 42.31825)",True,False,0.0,0.0,0.0,0.0,0.0,0.0,0.0
7029,4843,2617,7029,"LINESTRING (-71.0984122 42.3195827, -71.098377 42.318405)",True,False,0.0,0.0,0.0,0.0,0.0,0.0,0.0
7030,940,413,7030,"LINESTRING (-71.100361 42.319446, -71.099569 42.319814)",True,False,0.0,0.0,0.0,0.0,0.0,0.0,0.0
7031,413,940,7031,"LINESTRING (-71.099569 42.319814, -71.100361 42.319446)",True,False,0.0,0.0,0.0,0.0,0.0,0.0,0.0
7032,2617,2618,7032,"LINESTRING (-71.098377 42.318405, -71.098369 42.318124)",True,False,0.0,0.0,0.0,0.0,0.0,0.0,0.0
7045,631,632,7045,"LINESTRING (-71.093483 42.312183, -71.094731 42.3131576)",True,False,0.0,0.0,0.0,0.0,0.0,0.0,0.0
7046,2753,2755,7046,"LINESTRING (-71.093333 42.316152, -71.093559 42.315515)",True,False,0.0,0.0,0.0,0.0,0.0,0.0,0.0
7047,2755,2753,7047,"LINESTRING (-71.093559 42.315515, -71.093333 42.316152)",True,False,0.0,0.0,0.0,0.0,0.0,0.0,0.0
7048,1176,3185,7048,"LINESTRING (-71.0951194 42.3133064, -71.0935847 42.3121664)",True,False,0.0,0.0,0.0,0.0,0.0,0.0,0.0
7049,4922,3304,7049,"LINESTRING (-71.0980436 42.3155262, -71.0981762 42.3159389)",True,False,0.0,0.0,0.0,0.0,0.0,0.0,0.0
7050,1390,2505,7050,"LINESTRING (-71.0944291 42.3138882, -71.0940715 42.3141689)",True,False,0.0,0.0,0.0,0.0,0.0,0.0,0.0
7051,2505,1390,7051,"LINESTRING (-71.0940715 42.3141689, -71.0944291 42.3138882)",True,False,0.0,0.0,0.0,0.0,0.0,0.0,0.0
7052,3947,4046,7052,"LINESTRING (-71.0983086 42.3157941, -71.0981651 42.3154539)",True,False,0.0,0.0,0.0,0.0,0.0,0.0,0.0
7071,966,993,7071,"LINESTRING (-71.0976395 42.3117119, -71.0962511 42.312501)",True,False,0.0,0.0,0.0,0.0,0.0,0.0,0.0
7072,993,966,7072,"LINESTRING (-71.0962511 42.312501, -71.0976395 42.3117119)",True,False,0.0,0.0,0.0,0.0,0.0,0.0,0.0
7073,1388,1390,7073,"LINESTRING (-71.0948088 42.3135836, -71.0944291 42.3138882)",True,False,0.0,0.0,0.0,0.0,0.0,0.0,0.0
7074,1390,1388,7074,"LINESTRING (-71.0944291 42.3138882, -71.0948088 42.3135836)",True,False,0.0,0.0,0.0,0.0,0.0,0.0,0.0
7075,3183,3184,7075,"LINESTRING (-71.0964177 42.3142176, -71.095946 42.3138866)",True,False,0.0,0.0,0.0,0.0,0.0,0.0,0.0
7076,3184,1176,7076,"LINESTRING (-71.095946 42.3138866, -71.0951194 42.3133064)",True,False,0.0,0.0,0.0,0.0,0.0,0.0,0.0
7077,4921,3190,7077,"LINESTRING (-71.0958755 42.3139404, -71.0965151 42.3143376)",True,False,0.0,0.0,0.0,0.0,0.0,0.0,0.0
7078,1389,4921,7078,"LINESTRING (-71.0950477 42.313373, -71.0958755 42.3139404)",True,False,0.0,0.0,0.0,0.0,0.0,0.0,0.0
7079,3186,3187,7079,"LINESTRING (-71.097336 42.3148093, -71.0969397 42.3146396)",True,False,0.0,0.0,0.0,0.0,0.0,0.0,0.0
7080,3454,3186,7080,"LINESTRING (-71.0978517 42.3151779, -71.097336 42.3148093)",True,False,0.0,0.0,0.0,0.0,0.0,0.0,0.0
7081,3187,4922,7081,"LINESTRING (-71.0969397 42.3146396, -71.0980436 42.3155262)",True,False,0.0,0.0,0.0,0.0,0.0,0.0,0.0
7082,4046,3454,7082,"LINESTRING (-71.0981651 42.3154539, -71.0978517 42.3151779)",True,False,0.0,0.0,0.0,0.0,0.0,0.0,0.0
7083,3189,3187,7083,"LINESTRING (-71.0967541 42.3145076, -71.0969397 42.3146396)",True,False,0.0,0.0,0.0,0.0,0.0,0.0,0.0
7084,3187,3189,7084,"LINESTRING (-71.0969397 42.3146396, -71.0967541 42.3145076)",True,False,0.0,0.0,0.0,0.0,0.0,0.0,0.0
7085,3190,3183,7085,"LINESTRING (-71.0965151 42.3143376, -71.0964177 42.3142176)",True,False,0.0,0.0,0.0,0.0,0.0,0.0,0.0
7086,3189,3190,7086,"LINESTRING (-71.0967541 42.3145076, -71.0965151 42.3143376)",True,False,0.0,0.0,0.0,0.0,0.0,0.0,0.0
7087,3190,3189,7087,"LINESTRING (-71.0965151 42.3143376, -71.0967541 42.3145076)",True,False,0.0,0.0,0.0,0.0,0.0,0.0,0.0
7088,993,1176,7088,"LINESTRING (-71.0962511 42.312501, -71.0951194 42.3133064)",True,False,0.0,0.0,0.0,0.0,0.0,0.0,0.0
7089,1176,993,7089,"LINESTRING (-71.0951194 42.3133064, -71.0962511 42.312501)",True,False,0.0,0.0,0.0,0.0,0.0,0.0,0.0
7090,632,1388,7090,"LINESTRING (-71.094731 42.3131576, -71.0948088 42.3135836)",True,False,0.0,0.0,0.0,0.0,0.0,0.0,0.0
7091,632,1389,7091,"LINESTRING (-71.094731 42.3131576, -71.0950477 42.313373)",True,False,0.0,0.0,0.0,0.0,0.0,0.0,0.0
7092,1388,1389,7092,"LINESTRING (-71.0948088 42.3135836, -71.0950477 42.313373)",True,False,0.0,0.0,0.0,0.0,0.0,0.0,0.0
7093,1389,1388,7093,"LINESTRING (-71.0950477 42.313373, -71.0948088 42.3135836)",True,False,0.0,0.0,0.0,0.0,0.0,0.0,0.0
7094,1176,1389,7094,"LINESTRING (-71.0951194 42.3133064, -71.0950477 42.313373)",True,False,0.0,0.0,0.0,0.0,0.0,0.0,0.0
7095,1389,1176,7095,"LINESTRING (-71.0950477 42.313373, -71.0951194 42.3133064)",True,False,0.0,0.0,0.0,0.0,0.0,0.0,0.0
7096,5462,5278,7096,"LINESTRING (-71.098221 42.3173504, -71.098248 42.3181594)",True,False,0.0,0.0,0.0,0.0,0.0,0.0,0.0
7097,5538,194,7097,"LINESTRING (-71.095913 42.318203, -71.096421 42.317687)",True,False,0.0,0.0,0.0,0.0,0.0,0.0,0.0
7098,194,5538,7098,"LINESTRING (-71.096421 42.317687, -71.095913 42.318203)",True,False,0.0,0.0,0.0,0.0,0.0,0.0,0.0
7121,3302,3303,7121,"LINESTRING (-71.097701 42.316419, -71.097086 42.317028)",True,False,0.0,0.0,0.0,0.0,0.0,0.0,0.0
7122,3303,3302,7122,"LINESTRING (-71.097086 42.317028, -71.097701 42.316419)",True,False,0.0,0.0,0.0,0.0,0.0,0.0,0.0
7123,3946,3947,7123,"LINESTRING (-71.098344 42.31688, -71.0983086 42.3157941)",True,False,0.0,0.0,0.0,0.0,0.0,0.0,0.0
7124,5387,5462,7124,"LINESTRING (-71.098219 42.3167814, -71.098221 42.3173504)",True,False,0.0,0.0,0.0,0.0,0.0,0.0,0.0
7125,3302,3304,7125,"LINESTRING (-71.097701 42.316419, -71.0981762 42.3159389)",True,False,0.0,0.0,0.0,0.0,0.0,0.0,0.0
7126,3304,3302,7126,"LINESTRING (-71.0981762 42.3159389, -71.097701 42.316419)",True,False,0.0,0.0,0.0,0.0,0.0,0.0,0.0
7127,3304,5387,7127,"LINESTRING (-71.0981762 42.3159389, -71.098219 42.3167814)",True,False,0.0,0.0,0.0,0.0,0.0,0.0,0.0
7128,3304,3947,7128,"LINESTRING (-71.0981762 42.3159389, -71.0983086 42.3157941)",True,False,0.0,0.0,0.0,0.0,0.0,0.0,0.0
7129,3947,3304,7129,"LINESTRING (-71.0983086 42.3157941, -71.0981762 42.3159389)",True,False,0.0,0.0,0.0,0.0,0.0,0.0,0.0
7130,195,3303,7130,"LINESTRING (-71.096799 42.317326, -71.097086 42.317028)",True,False,0.0,0.0,0.0,0.0,0.0,0.0,0.0
7131,3303,195,7131,"LINESTRING (-71.097086 42.317028, -71.096799 42.317326)",True,False,0.0,0.0,0.0,0.0,0.0,0.0,0.0
7132,194,195,7132,"LINESTRING (-71.096421 42.317687, -71.096799 42.317326)",True,False,0.0,0.0,0.0,0.0,0.0,0.0,0.0
7133,195,194,7133,"LINESTRING (-71.096799 42.317326, -71.096421 42.317687)",True,False,0.0,0.0,0.0,0.0,0.0,0.0,0.0
7134,894,895,7134,"LINESTRING (-71.098245 42.3183474, -71.0983008 42.3195672)",True,False,0.0,0.0,0.0,0.0,0.0,0.0,0.0
7137,5278,894,7137,"LINESTRING (-71.098248 42.3181594, -71.098245 42.3183474)",True,False,0.0,0.0,0.0,0.0,0.0,0.0,0.0
7142,2542,5538,7142,"LINESTRING (-71.095305 42.318825, -71.095913 42.318203)",True,False,0.0,0.0,0.0,0.0,0.0,0.0,0.0
7143,5538,2542,7143,"LINESTRING (-71.095913 42.318203, -71.095305 42.318825)",True,False,0.0,0.0,0.0,0.0,0.0,0.0,0.0
7144,2502,2504,7144,"LINESTRING (-71.0937025 42.3149704, -71.0938081 42.314554)",True,False,0.0,0.0,0.0,0.0,0.0,0.0,0.0
7145,2504,2502,7145,"LINESTRING (-71.0938081 42.314554, -71.0937025 42.3149704)",True,False,0.0,0.0,0.0,0.0,0.0,0.0,0.0
7146,2504,2505,7146,"LINESTRING (-71.0938081 42.314554, -71.0940715 42.3141689)",True,False,0.0,0.0,0.0,0.0,0.0,0.0,0.0
7147,2505,2504,7147,"LINESTRING (-71.0940715 42.3141689, -71.0938081 42.314554)",True,False,0.0,0.0,0.0,0.0,0.0,0.0,0.0
7148,2503,2755,7148,"LINESTRING (-71.093681 42.3150686, -71.093559 42.315515)",True,False,0.0,0.0,0.0,0.0,0.0,0.0,0.0
7149,2755,2503,7149,"LINESTRING (-71.093559 42.315515, -71.093681 42.3150686)",True,False,0.0,0.0,0.0,0.0,0.0,0.0,0.0
7150,2502,2503,7150,"LINESTRING (-71.0937025 42.3149704, -71.093681 42.3150686)",True,False,0.0,0.0,0.0,0.0,0.0,0.0,0.0
7151,2503,2502,7151,"LINESTRING (-71.093681 42.3150686, -71.0937025 42.3149704)",True,False,0.0,0.0,0.0,0.0,0.0,0.0,0.0
7152,2892,2935,7152,"LINESTRING (-71.091004 42.318268, -71.0912872 42.317601)",True,False,0.0,0.0,0.0,0.0,0.0,0.0,0.0
7153,2935,2892,7153,"LINESTRING (-71.0912872 42.317601, -71.091004 42.318268)",True,False,0.0,0.0,0.0,0.0,0.0,0.0,0.0
7154,3626,3645,7154,"LINESTRING (-71.0916219 42.3169959, -71.092293 42.316916)",True,False,0.0,0.0,0.0,0.0,0.0,0.0,0.0
7155,3645,3626,7155,"LINESTRING (-71.092293 42.316916, -71.0916219 42.3169959)",True,False,0.0,0.0,0.0,0.0,0.0,0.0,0.0
7156,2753,2754,7156,"LINESTRING (-71.093333 42.316152, -71.093183 42.316543)",True,False,0.0,0.0,0.0,0.0,0.0,0.0,0.0
7157,2754,2753,7157,"LINESTRING (-71.093183 42.316543, -71.093333 42.316152)",True,False,0.0,0.0,0.0,0.0,0.0,0.0,0.0
7158,3645,2754,7158,"LINESTRING (-71.092293 42.316916, -71.093183 42.316543)",True,False,0.0,0.0,0.0,0.0,0.0,0.0,0.0
7159,2754,3645,7159,"LINESTRING (-71.093183 42.316543, -71.092293 42.316916)",True,False,0.0,0.0,0.0,0.0,0.0,0.0,0.0
7160,3626,2935,7160,"LINESTRING (-71.0916219 42.3169959, -71.0912872 42.317601)",True,False,0.0,0.0,0.0,0.0,0.0,0.0,0.0
7161,2935,3626,7161,"LINESTRING (-71.0912872 42.317601, -71.0916219 42.3169959)",True,False,0.0,0.0,0.0,0.0,0.0,0.0,0.0
7162,2892,2893,7162,"LINESTRING (-71.091004 42.318268, -71.090238 42.319213)",True,False,0.0,0.0,0.0,0.0,0.0,0.0,0.0
7163,2893,2892,7163,"LINESTRING (-71.090238 42.319213, -71.091004 42.318268)",True,False,0.0,0.0,0.0,0.0,0.0,0.0,0.0
7164,707,708,7164,"LINESTRING (-71.0978007 42.3262952, -71.0969979 42.3281496)",True,False,0.0,0.0,0.0,0.0,0.0,0.0,0.0
7165,708,711,7165,"LINESTRING (-71.0969979 42.3281496, -71.096139 42.3278401)",True,False,0.0,0.0,0.0,0.0,0.0,0.0,0.0
7166,711,708,7166,"LINESTRING (-71.096139 42.3278401, -71.0969979 42.3281496)",True,False,0.0,0.0,0.0,0.0,0.0,0.0,0.0
7167,1342,1343,7167,"LINESTRING (-71.099319 42.332276, -71.097892 42.3319148)",True,False,0.0,0.0,0.0,0.0,0.0,0.0,0.0
7168,1343,1342,7168,"LINESTRING (-71.097892 42.3319148, -71.099319 42.332276)",True,False,0.0,0.0,0.0,0.0,0.0,0.0,0.0
7169,1401,1403,7169,"LINESTRING (-71.098392 42.32256, -71.0982675 42.3249235)",True,False,0.0,0.0,0.0,0.0,0.0,0.0,0.0
7170,1401,1404,7170,"LINESTRING (-71.098392 42.32256, -71.095782 42.321971)",True,False,0.0,0.0,0.0,0.0,0.0,0.0,0.0
7171,1404,1401,7171,"LINESTRING (-71.095782 42.321971, -71.098392 42.32256)",True,False,0.0,0.0,0.0,0.0,0.0,0.0,0.0
7172,709,2188,7172,"LINESTRING (-71.0971209 42.3281939, -71.0983942 42.3249434)",True,False,0.0,0.0,0.0,0.0,0.0,0.0,0.0
7173,2955,2957,7173,"LINESTRING (-71.094982 42.328687, -71.0956752 42.3276619)",True,False,0.0,0.0,0.0,0.0,0.0,0.0,0.0
7174,2957,2955,7174,"LINESTRING (-71.0956752 42.3276619, -71.094982 42.328687)",True,False,0.0,0.0,0.0,0.0,0.0,0.0,0.0
7175,4935,4936,7175,"LINESTRING (-71.100101 42.328206, -71.099368 42.327995)",True,False,0.0,0.0,0.0,0.0,0.0,0.0,0.0
7176,4936,4935,7176,"LINESTRING (-71.099368 42.327995, -71.100101 42.328206)",True,False,0.0,0.0,0.0,0.0,0.0,0.0,0.0
7177,5075,5090,7177,"LINESTRING (-71.0979713 42.3305067, -71.0984786 42.3300813)",True,False,0.0,0.0,0.0,0.0,0.0,0.0,0.0
7178,3798,4936,7178,"LINESTRING (-71.0989339 42.3291496, -71.099368 42.327995)",True,False,0.0,0.0,0.0,0.0,0.0,0.0,0.0
7179,2188,1403,7179,"LINESTRING (-71.0983942 42.3249434, -71.0982675 42.3249235)",True,False,0.0,0.0,0.0,0.0,0.0,0.0,0.0
7180,1403,2188,7180,"LINESTRING (-71.0982675 42.3249235, -71.0983942 42.3249434)",True,False,0.0,0.0,0.0,0.0,0.0,0.0,0.0
7181,5277,1401,7181,"LINESTRING (-71.098313 42.3206224, -71.098392 42.32256)",True,False,0.0,0.0,0.0,0.0,0.0,0.0,0.0
7232,435,436,7232,"LINESTRING (-71.1022834 42.326356, -71.1040589 42.3261419)",True,False,0.0,0.0,0.0,0.0,0.0,0.0,0.0
7233,436,435,7233,"LINESTRING (-71.1040589 42.3261419, -71.1022834 42.326356)",True,False,0.0,0.0,0.0,0.0,0.0,0.0,0.0
7234,3008,3009,7234,"LINESTRING (-71.1024889 42.3229244, -71.1017649 42.3228954)",True,False,0.0,0.0,0.0,0.0,0.0,0.0,0.0
7235,3009,3008,7235,"LINESTRING (-71.1017649 42.3228954, -71.1024889 42.3229244)",True,False,0.0,0.0,0.0,0.0,0.0,0.0,0.0
7236,2188,1402,7236,"LINESTRING (-71.0983942 42.3249434, -71.098535 42.322604)",True,False,0.0,0.0,0.0,0.0,0.0,0.0,0.0
7299,1611,5172,7299,"LINESTRING (-71.1040391 42.3228285, -71.1048854 42.3227312)",True,False,0.0,0.0,0.0,0.0,0.0,0.0,0.0
7300,5172,1611,7300,"LINESTRING (-71.1048854 42.3227312, -71.1040391 42.3228285)",True,False,0.0,0.0,0.0,0.0,0.0,0.0,0.0
7303,5173,5174,7303,"LINESTRING (-71.1051691 42.3227029, -71.1058347 42.3226364)",True,False,0.0,0.0,0.0,0.0,0.0,0.0,0.0
7304,5174,5173,7304,"LINESTRING (-71.1058347 42.3226364, -71.1051691 42.3227029)",True,False,0.0,0.0,0.0,0.0,0.0,0.0,0.0
7305,5174,5175,7305,"LINESTRING (-71.1058347 42.3226364, -71.10656 42.3225639)",True,False,0.0,0.0,0.0,0.0,0.0,0.0,0.0
7306,5175,5174,7306,"LINESTRING (-71.10656 42.3225639, -71.1058347 42.3226364)",True,False,0.0,0.0,0.0,0.0,0.0,0.0,0.0
7307,5172,5173,7307,"LINESTRING (-71.1048854 42.3227312, -71.1051691 42.3227029)",True,False,0.0,0.0,0.0,0.0,0.0,0.0,0.0
7308,5173,5172,7308,"LINESTRING (-71.1051691 42.3227029, -71.1048854 42.3227312)",True,False,0.0,0.0,0.0,0.0,0.0,0.0,0.0
7309,1609,1610,7309,"LINESTRING (-71.1036533 42.3228729, -71.1028922 42.322931)",True,False,0.0,0.0,0.0,0.0,0.0,0.0,0.0
7310,1610,1609,7310,"LINESTRING (-71.1028922 42.322931, -71.1036533 42.3228729)",True,False,0.0,0.0,0.0,0.0,0.0,0.0,0.0
7311,1609,1611,7311,"LINESTRING (-71.1036533 42.3228729, -71.1040391 42.3228285)",True,False,0.0,0.0,0.0,0.0,0.0,0.0,0.0
7312,1611,1609,7312,"LINESTRING (-71.1040391 42.3228285, -71.1036533 42.3228729)",True,False,0.0,0.0,0.0,0.0,0.0,0.0,0.0
7313,3008,1610,7313,"LINESTRING (-71.1024889 42.3229244, -71.1028922 42.322931)",True,False,0.0,0.0,0.0,0.0,0.0,0.0,0.0
7314,1610,3008,7314,"LINESTRING (-71.1028922 42.322931, -71.1024889 42.3229244)",True,False,0.0,0.0,0.0,0.0,0.0,0.0,0.0
7315,436,3385,7315,"LINESTRING (-71.1040589 42.3261419, -71.1046187 42.3260976)",True,False,0.0,0.0,0.0,0.0,0.0,0.0,0.0
7316,3385,436,7316,"LINESTRING (-71.1046187 42.3260976, -71.1040589 42.3261419)",True,False,0.0,0.0,0.0,0.0,0.0,0.0,0.0
7323,3384,3385,7323,"LINESTRING (-71.105211 42.3261083, -71.1046187 42.3260976)",True,False,0.0,0.0,0.0,0.0,0.0,0.0,0.0
7324,3385,3384,7324,"LINESTRING (-71.1046187 42.3260976, -71.105211 42.3261083)",True,False,0.0,0.0,0.0,0.0,0.0,0.0,0.0
7325,1402,1788,7325,"LINESTRING (-71.098535 42.322604, -71.098473 42.321726)",True,False,0.0,0.0,0.0,0.0,0.0,0.0,0.0
7326,1402,1789,7326,"LINESTRING (-71.098535 42.322604, -71.1005811 42.3228205)",True,False,0.0,0.0,0.0,0.0,0.0,0.0,0.0
7327,1789,1402,7327,"LINESTRING (-71.1005811 42.3228205, -71.098535 42.322604)",True,False,0.0,0.0,0.0,0.0,0.0,0.0,0.0
7328,1789,3011,7328,"LINESTRING (-71.1005811 42.3228205, -71.1014263 42.3215437)",True,False,0.0,0.0,0.0,0.0,0.0,0.0,0.0
7329,3011,1789,7329,"LINESTRING (-71.1014263 42.3215437, -71.1005811 42.3228205)",True,False,0.0,0.0,0.0,0.0,0.0,0.0,0.0
7330,3011,1131,7330,"LINESTRING (-71.1014263 42.3215437, -71.1024353 42.3203371)",True,False,0.0,0.0,0.0,0.0,0.0,0.0,0.0
7331,1131,3011,7331,"LINESTRING (-71.1024353 42.3203371, -71.1014263 42.3215437)",True,False,0.0,0.0,0.0,0.0,0.0,0.0,0.0
7332,3010,3009,7332,"LINESTRING (-71.101357 42.3228699, -71.1017649 42.3228954)",True,False,0.0,0.0,0.0,0.0,0.0,0.0,0.0
7333,3009,3010,7333,"LINESTRING (-71.1017649 42.3228954, -71.101357 42.3228699)",True,False,0.0,0.0,0.0,0.0,0.0,0.0,0.0
7334,3010,1789,7334,"LINESTRING (-71.101357 42.3228699, -71.1005811 42.3228205)",True,False,0.0,0.0,0.0,0.0,0.0,0.0,0.0
7335,1789,3010,7335,"LINESTRING (-71.1005811 42.3228205, -71.101357 42.3228699)",True,False,0.0,0.0,0.0,0.0,0.0,0.0,0.0
7336,412,3680,7336,"LINESTRING (-71.099309 42.320442, -71.099162 42.321642)",True,False,0.0,0.0,0.0,0.0,0.0,0.0,0.0
7337,3680,412,7337,"LINESTRING (-71.099162 42.321642, -71.099309 42.320442)",True,False,0.0,0.0,0.0,0.0,0.0,0.0,0.0
7338,1788,3892,7338,"LINESTRING (-71.098473 42.321726, -71.0984367 42.320623)",True,False,0.0,0.0,0.0,0.0,0.0,0.0,0.0
7339,411,412,7339,"LINESTRING (-71.099343 42.32009, -71.099309 42.320442)",True,False,0.0,0.0,0.0,0.0,0.0,0.0,0.0
7340,412,411,7340,"LINESTRING (-71.099309 42.320442, -71.099343 42.32009)",True,False,0.0,0.0,0.0,0.0,0.0,0.0,0.0
7341,3680,1788,7341,"LINESTRING (-71.099162 42.321642, -71.098473 42.321726)",True,False,0.0,0.0,0.0,0.0,0.0,0.0,0.0
7342,1788,3680,7342,"LINESTRING (-71.098473 42.321726, -71.099162 42.321642)",True,False,0.0,0.0,0.0,0.0,0.0,0.0,0.0
7343,1401,1402,7343,"LINESTRING (-71.098392 42.32256, -71.098535 42.322604)",True,False,0.0,0.0,0.0,0.0,0.0,0.0,0.0
7344,1402,1401,7344,"LINESTRING (-71.098535 42.322604, -71.098392 42.32256)",True,False,0.0,0.0,0.0,0.0,0.0,0.0,0.0
7345,4593,4472,7345,"LINESTRING (-71.1004547 42.3262084, -71.10025 42.3259855)",True,False,0.0,0.0,0.0,0.0,0.0,0.0,0.0
7346,4593,4591,7346,"LINESTRING (-71.1004547 42.3262084, -71.1002553 42.3262132)",True,False,0.0,0.0,0.0,0.0,0.0,0.0,0.0
7347,4474,4596,7347,"LINESTRING (-71.1003624 42.3264537, -71.1004608 42.3264305)",True,False,0.0,0.0,0.0,0.0,0.0,0.0,0.0
7348,4472,4591,7348,"LINESTRING (-71.10025 42.3259855, -71.1002553 42.3262132)",True,False,0.0,0.0,0.0,0.0,0.0,0.0,0.0
7349,435,437,7349,"LINESTRING (-71.1022834 42.326356, -71.1013445 42.326423)",True,False,0.0,0.0,0.0,0.0,0.0,0.0,0.0
7350,437,435,7350,"LINESTRING (-71.1013445 42.326423, -71.1022834 42.326356)",True,False,0.0,0.0,0.0,0.0,0.0,0.0,0.0
7351,4597,437,7351,"LINESTRING (-71.1009284 42.3264221, -71.1013445 42.326423)",True,False,0.0,0.0,0.0,0.0,0.0,0.0,0.0
7352,437,4597,7352,"LINESTRING (-71.1013445 42.326423, -71.1009284 42.3264221)",True,False,0.0,0.0,0.0,0.0,0.0,0.0,0.0
7353,4596,4597,7353,"LINESTRING (-71.1004608 42.3264305, -71.1009284 42.3264221)",True,False,0.0,0.0,0.0,0.0,0.0,0.0,0.0
7354,4596,4594,7354,"LINESTRING (-71.1004608 42.3264305, -71.1005236 42.3262669)",True,False,0.0,0.0,0.0,0.0,0.0,0.0,0.0
7355,4597,4594,7355,"LINESTRING (-71.1009284 42.3264221, -71.1005236 42.3262669)",True,False,0.0,0.0,0.0,0.0,0.0,0.0,0.0
7356,4594,4593,7356,"LINESTRING (-71.1005236 42.3262669, -71.1004547 42.3262084)",True,False,0.0,0.0,0.0,0.0,0.0,0.0,0.0
7357,4473,2188,7357,"LINESTRING (-71.0997036 42.325426, -71.0983942 42.3249434)",True,False,0.0,0.0,0.0,0.0,0.0,0.0,0.0
7358,2188,4473,7358,"LINESTRING (-71.0983942 42.3249434, -71.0997036 42.325426)",True,False,0.0,0.0,0.0,0.0,0.0,0.0,0.0
7359,4471,4473,7359,"LINESTRING (-71.1001458 42.3258738, -71.0997036 42.325426)",True,False,0.0,0.0,0.0,0.0,0.0,0.0,0.0
7360,4473,4471,7360,"LINESTRING (-71.0997036 42.325426, -71.1001458 42.3258738)",True,False,0.0,0.0,0.0,0.0,0.0,0.0,0.0
7361,4471,4472,7361,"LINESTRING (-71.1001458 42.3258738, -71.10025 42.3259855)",True,False,0.0,0.0,0.0,0.0,0.0,0.0,0.0
7362,4472,4471,7362,"LINESTRING (-71.10025 42.3259855, -71.1001458 42.3258738)",True,False,0.0,0.0,0.0,0.0,0.0,0.0,0.0
7363,2298,2299,7363,"LINESTRING (-71.0996559 42.3270882, -71.0999136 42.3265838)",True,False,0.0,0.0,0.0,0.0,0.0,0.0,0.0
7364,2299,2298,7364,"LINESTRING (-71.0999136 42.3265838, -71.0996559 42.3270882)",True,False,0.0,0.0,0.0,0.0,0.0,0.0,0.0
7365,4936,2298,7365,"LINESTRING (-71.099368 42.327995, -71.0996559 42.3270882)",True,False,0.0,0.0,0.0,0.0,0.0,0.0,0.0
7366,2299,2301,7366,"LINESTRING (-71.0999136 42.3265838, -71.1002098 42.3264023)",True,False,0.0,0.0,0.0,0.0,0.0,0.0,0.0
7367,2301,2299,7367,"LINESTRING (-71.1002098 42.3264023, -71.0999136 42.3265838)",True,False,0.0,0.0,0.0,0.0,0.0,0.0,0.0
7368,4869,2299,7368,"LINESTRING (-71.0998282 42.3263906, -71.0999136 42.3265838)",True,False,0.0,0.0,0.0,0.0,0.0,0.0,0.0
7369,4591,4592,7369,"LINESTRING (-71.1002553 42.3262132, -71.1002 42.3263863)",True,False,0.0,0.0,0.0,0.0,0.0,0.0,0.0
7370,2301,4474,7370,"LINESTRING (-71.1002098 42.3264023, -71.1003624 42.3264537)",True,False,0.0,0.0,0.0,0.0,0.0,0.0,0.0
7371,4592,2301,7371,"LINESTRING (-71.1002 42.3263863, -71.1002098 42.3264023)",True,False,0.0,0.0,0.0,0.0,0.0,0.0,0.0
7372,1456,1457,7372,"LINESTRING (-71.1019736 42.3332075, -71.1026688 42.3334575)",True,False,0.0,0.0,0.0,0.0,0.0,0.0,0.0
7373,1457,1456,7373,"LINESTRING (-71.1026688 42.3334575, -71.1019736 42.3332075)",True,False,0.0,0.0,0.0,0.0,0.0,0.0,0.0
7374,2711,2712,7374,"LINESTRING (-71.1024907 42.3349656, -71.1015327 42.3352879)",True,False,0.0,0.0,0.0,0.0,0.0,0.0,0.0
7375,2713,1457,7375,"LINESTRING (-71.1018622 42.3347576, -71.1026688 42.3334575)",True,False,0.0,0.0,0.0,0.0,0.0,0.0,0.0
7376,2476,1828,7376,"LINESTRING (-71.1013367 42.3355305, -71.10491 42.33419)",True,False,0.0,0.0,0.0,0.0,0.0,0.0,0.0
7391,1828,1830,7391,"LINESTRING (-71.10491 42.33419, -71.1060859 42.3349524)",True,False,0.0,0.0,0.0,0.0,0.0,0.0,0.0
7392,1830,1828,7392,"LINESTRING (-71.1060859 42.3349524, -71.10491 42.33419)",True,False,0.0,0.0,0.0,0.0,0.0,0.0,0.0
7393,1822,4841,7393,"LINESTRING (-71.1045465 42.3340079, -71.1042309 42.3339599)",True,False,0.0,0.0,0.0,0.0,0.0,0.0,0.0
7394,4841,1821,7394,"LINESTRING (-71.1042309 42.3339599, -71.1046447 42.334132)",True,False,0.0,0.0,0.0,0.0,0.0,0.0,0.0
7395,1821,2711,7395,"LINESTRING (-71.1046447 42.334132, -71.1024907 42.3349656)",True,False,0.0,0.0,0.0,0.0,0.0,0.0,0.0
7400,1828,1829,7400,"LINESTRING (-71.10491 42.33419, -71.1056194 42.3337762)",True,False,0.0,0.0,0.0,0.0,0.0,0.0,0.0
7401,1829,1820,7401,"LINESTRING (-71.1056194 42.3337762, -71.104863 42.334054)",True,False,0.0,0.0,0.0,0.0,0.0,0.0,0.0
7402,1829,2466,7402,"LINESTRING (-71.1056194 42.3337762, -71.106223 42.3334514)",True,False,0.0,0.0,0.0,0.0,0.0,0.0,0.0
7403,2466,1829,7403,"LINESTRING (-71.106223 42.3334514, -71.1056194 42.3337762)",True,False,0.0,0.0,0.0,0.0,0.0,0.0,0.0
7404,1820,1821,7404,"LINESTRING (-71.104863 42.334054, -71.1046447 42.334132)",True,False,0.0,0.0,0.0,0.0,0.0,0.0,0.0
7405,1820,1822,7405,"LINESTRING (-71.104863 42.334054, -71.1045465 42.3340079)",True,False,0.0,0.0,0.0,0.0,0.0,0.0,0.0
7406,1828,1821,7406,"LINESTRING (-71.10491 42.33419, -71.1046447 42.334132)",True,False,0.0,0.0,0.0,0.0,0.0,0.0,0.0
7407,1821,1828,7407,"LINESTRING (-71.1046447 42.334132, -71.10491 42.33419)",True,False,0.0,0.0,0.0,0.0,0.0,0.0,0.0
7410,4841,4873,7410,"LINESTRING (-71.1042309 42.3339599, -71.103327 42.333676)",True,False,0.0,0.0,0.0,0.0,0.0,0.0,0.0
7411,4873,4841,7411,"LINESTRING (-71.103327 42.333676, -71.1042309 42.3339599)",True,False,0.0,0.0,0.0,0.0,0.0,0.0,0.0
7412,1457,4873,7412,"LINESTRING (-71.1026688 42.3334575, -71.103327 42.333676)",True,False,0.0,0.0,0.0,0.0,0.0,0.0,0.0
7413,4873,1457,7413,"LINESTRING (-71.103327 42.333676, -71.1026688 42.3334575)",True,False,0.0,0.0,0.0,0.0,0.0,0.0,0.0
7414,4935,2455,7414,"LINESTRING (-71.100101 42.328206, -71.10229 42.328857)",True,False,0.0,0.0,0.0,0.0,0.0,0.0,0.0
7415,2455,4935,7415,"LINESTRING (-71.10229 42.328857, -71.100101 42.328206)",True,False,0.0,0.0,0.0,0.0,0.0,0.0,0.0
7416,3797,3798,7416,"LINESTRING (-71.0987735 42.3296847, -71.0989339 42.3291496)",True,False,0.0,0.0,0.0,0.0,0.0,0.0,0.0
7417,5090,3797,7417,"LINESTRING (-71.0984786 42.3300813, -71.0987735 42.3296847)",True,False,0.0,0.0,0.0,0.0,0.0,0.0,0.0
7418,1340,1341,7418,"LINESTRING (-71.1000407 42.3324859, -71.1005832 42.3326889)",True,False,0.0,0.0,0.0,0.0,0.0,0.0,0.0
7419,1341,1340,7419,"LINESTRING (-71.1005832 42.3326889, -71.1000407 42.3324859)",True,False,0.0,0.0,0.0,0.0,0.0,0.0,0.0
7420,2474,2109,7420,"LINESTRING (-71.1009034 42.336152, -71.1003223 42.3359287)",True,False,0.0,0.0,0.0,0.0,0.0,0.0,0.0
7421,2109,2474,7421,"LINESTRING (-71.1003223 42.3359287, -71.1009034 42.336152)",True,False,0.0,0.0,0.0,0.0,0.0,0.0,0.0
7422,2109,2476,7422,"LINESTRING (-71.1003223 42.3359287, -71.1013367 42.3355305)",True,False,0.0,0.0,0.0,0.0,0.0,0.0,0.0
7423,4188,4190,7423,"LINESTRING (-71.1004273 42.3343746, -71.1000575 42.3349599)",True,False,0.0,0.0,0.0,0.0,0.0,0.0,0.0
7424,4190,4188,7424,"LINESTRING (-71.1000575 42.3349599, -71.1004273 42.3343746)",True,False,0.0,0.0,0.0,0.0,0.0,0.0,0.0
7425,2712,2107,7425,"LINESTRING (-71.1015327 42.3352879, -71.1000797 42.3358301)",True,False,0.0,0.0,0.0,0.0,0.0,0.0,0.0
7426,4189,1458,7426,"LINESTRING (-71.1004855 42.3342825, -71.1013195 42.3329762)",True,False,0.0,0.0,0.0,0.0,0.0,0.0,0.0
7427,1458,4189,7427,"LINESTRING (-71.1013195 42.3329762, -71.1004855 42.3342825)",True,False,0.0,0.0,0.0,0.0,0.0,0.0,0.0
7448,1456,1458,7448,"LINESTRING (-71.1019736 42.3332075, -71.1013195 42.3329762)",True,False,0.0,0.0,0.0,0.0,0.0,0.0,0.0
7449,1458,1456,7449,"LINESTRING (-71.1013195 42.3329762, -71.1019736 42.3332075)",True,False,0.0,0.0,0.0,0.0,0.0,0.0,0.0
7456,1458,1341,7456,"LINESTRING (-71.1013195 42.3329762, -71.1005832 42.3326889)",True,False,0.0,0.0,0.0,0.0,0.0,0.0,0.0
7457,1341,1458,7457,"LINESTRING (-71.1005832 42.3326889, -71.1013195 42.3329762)",True,False,0.0,0.0,0.0,0.0,0.0,0.0,0.0
7458,2713,2712,7458,"LINESTRING (-71.1018622 42.3347576, -71.1015327 42.3352879)",True,False,0.0,0.0,0.0,0.0,0.0,0.0,0.0
7459,4188,4189,7459,"LINESTRING (-71.1004273 42.3343746, -71.1004855 42.3342825)",True,False,0.0,0.0,0.0,0.0,0.0,0.0,0.0
7460,4189,4188,7460,"LINESTRING (-71.1004855 42.3342825, -71.1004273 42.3343746)",True,False,0.0,0.0,0.0,0.0,0.0,0.0,0.0
7461,2474,2475,7461,"LINESTRING (-71.1009034 42.336152, -71.1009841 42.336183)",True,False,0.0,0.0,0.0,0.0,0.0,0.0,0.0
7462,2475,2474,7462,"LINESTRING (-71.1009841 42.336183, -71.1009034 42.336152)",True,False,0.0,0.0,0.0,0.0,0.0,0.0,0.0
7463,1340,1342,7463,"LINESTRING (-71.1000407 42.3324859, -71.099319 42.332276)",True,False,0.0,0.0,0.0,0.0,0.0,0.0,0.0
7464,1342,1340,7464,"LINESTRING (-71.099319 42.332276, -71.1000407 42.3324859)",True,False,0.0,0.0,0.0,0.0,0.0,0.0,0.0
7465,2107,2110,7465,"LINESTRING (-71.1000797 42.3358301, -71.0993119 42.3361549)",True,False,0.0,0.0,0.0,0.0,0.0,0.0,0.0
7466,3339,3340,7466,"LINESTRING (-71.09982 42.3353816, -71.1000025 42.335047)",True,False,0.0,0.0,0.0,0.0,0.0,0.0,0.0
7467,3340,4447,7467,"LINESTRING (-71.1000025 42.335047, -71.0995572 42.3356035)",True,False,0.0,0.0,0.0,0.0,0.0,0.0,0.0
7468,4447,5313,7468,"LINESTRING (-71.0995572 42.3356035, -71.0992711 42.3360068)",True,False,0.0,0.0,0.0,0.0,0.0,0.0,0.0
7469,5313,4447,7469,"LINESTRING (-71.0992711 42.3360068, -71.0995572 42.3356035)",True,False,0.0,0.0,0.0,0.0,0.0,0.0,0.0
7470,3340,4190,7470,"LINESTRING (-71.1000025 42.335047, -71.1000575 42.3349599)",True,False,0.0,0.0,0.0,0.0,0.0,0.0,0.0
7471,4190,3340,7471,"LINESTRING (-71.1000575 42.3349599, -71.1000025 42.335047)",True,False,0.0,0.0,0.0,0.0,0.0,0.0,0.0
7472,2108,3339,7472,"LINESTRING (-71.0999755 42.3357813, -71.09982 42.3353816)",True,False,0.0,0.0,0.0,0.0,0.0,0.0,0.0
7473,2108,4447,7473,"LINESTRING (-71.0999755 42.3357813, -71.0995572 42.3356035)",True,False,0.0,0.0,0.0,0.0,0.0,0.0,0.0
7474,4447,2108,7474,"LINESTRING (-71.0995572 42.3356035, -71.0999755 42.3357813)",True,False,0.0,0.0,0.0,0.0,0.0,0.0,0.0
7475,2107,2109,7475,"LINESTRING (-71.1000797 42.3358301, -71.1003223 42.3359287)",True,False,0.0,0.0,0.0,0.0,0.0,0.0,0.0
7476,2109,2107,7476,"LINESTRING (-71.1003223 42.3359287, -71.1000797 42.3358301)",True,False,0.0,0.0,0.0,0.0,0.0,0.0,0.0
7477,2107,2108,7477,"LINESTRING (-71.1000797 42.3358301, -71.0999755 42.3357813)",True,False,0.0,0.0,0.0,0.0,0.0,0.0,0.0
7478,2108,2107,7478,"LINESTRING (-71.0999755 42.3357813, -71.1000797 42.3358301)",True,False,0.0,0.0,0.0,0.0,0.0,0.0,0.0
7479,4447,3339,7479,"LINESTRING (-71.0995572 42.3356035, -71.09982 42.3353816)",True,False,0.0,0.0,0.0,0.0,0.0,0.0,0.0
7480,5313,2110,7480,"LINESTRING (-71.0992711 42.3360068, -71.0993119 42.3361549)",True,False,0.0,0.0,0.0,0.0,0.0,0.0,0.0
7481,2539,5212,7481,"LINESTRING (-71.09391 42.321246, -71.095398 42.322054)",True,False,0.0,0.0,0.0,0.0,0.0,0.0,0.0
7482,5212,2539,7482,"LINESTRING (-71.095398 42.322054, -71.09391 42.321246)",True,False,0.0,0.0,0.0,0.0,0.0,0.0,0.0
7483,5389,5111,7483,"LINESTRING (-71.094628 42.3273496, -71.0936653 42.3270868)",True,False,0.0,0.0,0.0,0.0,0.0,0.0,0.0
7484,5111,5389,7484,"LINESTRING (-71.0936653 42.3270868, -71.094628 42.3273496)",True,False,0.0,0.0,0.0,0.0,0.0,0.0,0.0
7489,1404,5212,7489,"LINESTRING (-71.095782 42.321971, -71.095398 42.322054)",True,False,0.0,0.0,0.0,0.0,0.0,0.0,0.0
7490,5212,1404,7490,"LINESTRING (-71.095398 42.322054, -71.095782 42.321971)",True,False,0.0,0.0,0.0,0.0,0.0,0.0,0.0
7491,4444,4445,7491,"LINESTRING (-71.0966415 42.325982, -71.0965272 42.3262302)",True,False,0.0,0.0,0.0,0.0,0.0,0.0,0.0
7492,4445,4444,7492,"LINESTRING (-71.0965272 42.3262302, -71.0966415 42.325982)",True,False,0.0,0.0,0.0,0.0,0.0,0.0,0.0
7493,1403,707,7493,"LINESTRING (-71.0982675 42.3249235, -71.0978007 42.3262952)",True,False,0.0,0.0,0.0,0.0,0.0,0.0,0.0
7494,4445,2957,7494,"LINESTRING (-71.0965272 42.3262302, -71.0956752 42.3276619)",True,False,0.0,0.0,0.0,0.0,0.0,0.0,0.0
7495,2957,4445,7495,"LINESTRING (-71.0956752 42.3276619, -71.0965272 42.3262302)",True,False,0.0,0.0,0.0,0.0,0.0,0.0,0.0
7496,4446,5370,7496,"LINESTRING (-71.0969397 42.3254904, -71.0976989 42.3248504)",True,False,0.0,0.0,0.0,0.0,0.0,0.0,0.0
7497,5370,4446,7497,"LINESTRING (-71.0976989 42.3248504, -71.0969397 42.3254904)",True,False,0.0,0.0,0.0,0.0,0.0,0.0,0.0
7498,1403,5370,7498,"LINESTRING (-71.0982675 42.3249235, -71.0976989 42.3248504)",True,False,0.0,0.0,0.0,0.0,0.0,0.0,0.0
7499,5370,1403,7499,"LINESTRING (-71.0976989 42.3248504, -71.0982675 42.3249235)",True,False,0.0,0.0,0.0,0.0,0.0,0.0,0.0
7500,4444,4446,7500,"LINESTRING (-71.0966415 42.325982, -71.0969397 42.3254904)",True,False,0.0,0.0,0.0,0.0,0.0,0.0,0.0
7501,4446,4444,7501,"LINESTRING (-71.0969397 42.3254904, -71.0966415 42.325982)",True,False,0.0,0.0,0.0,0.0,0.0,0.0,0.0
7502,2957,5389,7502,"LINESTRING (-71.0956752 42.3276619, -71.094628 42.3273496)",True,False,0.0,0.0,0.0,0.0,0.0,0.0,0.0
7503,5389,2957,7503,"LINESTRING (-71.094628 42.3273496, -71.0956752 42.3276619)",True,False,0.0,0.0,0.0,0.0,0.0,0.0,0.0
7504,711,2957,7504,"LINESTRING (-71.096139 42.3278401, -71.0956752 42.3276619)",True,False,0.0,0.0,0.0,0.0,0.0,0.0,0.0
7505,2957,711,7505,"LINESTRING (-71.0956752 42.3276619, -71.096139 42.3278401)",True,False,0.0,0.0,0.0,0.0,0.0,0.0,0.0
7506,2540,2537,7506,"LINESTRING (-71.092476 42.321307, -71.092089 42.321576)",True,False,0.0,0.0,0.0,0.0,0.0,0.0,0.0
7507,2537,2540,7507,"LINESTRING (-71.092089 42.321576, -71.092476 42.321307)",True,False,0.0,0.0,0.0,0.0,0.0,0.0,0.0
7512,2538,2539,7512,"LINESTRING (-71.093146 42.3208, -71.09391 42.321246)",True,False,0.0,0.0,0.0,0.0,0.0,0.0,0.0
7513,2539,2538,7513,"LINESTRING (-71.09391 42.321246, -71.093146 42.3208)",True,False,0.0,0.0,0.0,0.0,0.0,0.0,0.0
7514,2538,2540,7514,"LINESTRING (-71.093146 42.3208, -71.092476 42.321307)",True,False,0.0,0.0,0.0,0.0,0.0,0.0,0.0
7515,2540,2538,7515,"LINESTRING (-71.092476 42.321307, -71.093146 42.3208)",True,False,0.0,0.0,0.0,0.0,0.0,0.0,0.0
7516,2538,2541,7516,"LINESTRING (-71.093146 42.3208, -71.09404 42.320071)",True,False,0.0,0.0,0.0,0.0,0.0,0.0,0.0
7517,2541,2538,7517,"LINESTRING (-71.09404 42.320071, -71.093146 42.3208)",True,False,0.0,0.0,0.0,0.0,0.0,0.0,0.0
7526,1896,2537,7526,"LINESTRING (-71.091941 42.321692, -71.092089 42.321576)",True,False,0.0,0.0,0.0,0.0,0.0,0.0,0.0
7527,2537,1896,7527,"LINESTRING (-71.092089 42.321576, -71.091941 42.321692)",True,False,0.0,0.0,0.0,0.0,0.0,0.0,0.0
7528,3377,3378,7528,"LINESTRING (-71.0918057 42.3260094, -71.0929177 42.3268717)",True,False,0.0,0.0,0.0,0.0,0.0,0.0,0.0
7529,3378,3377,7529,"LINESTRING (-71.0929177 42.3268717, -71.0918057 42.3260094)",True,False,0.0,0.0,0.0,0.0,0.0,0.0,0.0
7530,3378,5111,7530,"LINESTRING (-71.0929177 42.3268717, -71.0936653 42.3270868)",True,False,0.0,0.0,0.0,0.0,0.0,0.0,0.0
7531,5111,3378,7531,"LINESTRING (-71.0936653 42.3270868, -71.0929177 42.3268717)",True,False,0.0,0.0,0.0,0.0,0.0,0.0,0.0
7532,3377,3380,7532,"LINESTRING (-71.0918057 42.3260094, -71.0908193 42.3249931)",True,False,0.0,0.0,0.0,0.0,0.0,0.0,0.0
7533,3380,3377,7533,"LINESTRING (-71.0908193 42.3249931, -71.0918057 42.3260094)",True,False,0.0,0.0,0.0,0.0,0.0,0.0,0.0
7534,1817,1818,7534,"LINESTRING (-71.094082 42.331699, -71.0923294 42.3328739)",True,False,0.0,0.0,0.0,0.0,0.0,0.0,0.0
7535,2004,2005,7535,"LINESTRING (-71.0924022 42.3329474, -71.0945931 42.3314388)",True,False,0.0,0.0,0.0,0.0,0.0,0.0,0.0
7536,2703,4187,7536,"LINESTRING (-71.0971502 42.3317848, -71.0964253 42.3327761)",True,False,0.0,0.0,0.0,0.0,0.0,0.0,0.0
7537,4187,2703,7537,"LINESTRING (-71.0964253 42.3327761, -71.0971502 42.3317848)",True,False,0.0,0.0,0.0,0.0,0.0,0.0,0.0
7538,5087,710,7538,"LINESTRING (-71.093806 42.331331, -71.0943757 42.3314096)",True,False,0.0,0.0,0.0,0.0,0.0,0.0,0.0
7539,710,5087,7539,"LINESTRING (-71.0943757 42.3314096, -71.093806 42.331331)",True,False,0.0,0.0,0.0,0.0,0.0,0.0,0.0
7540,710,1817,7540,"LINESTRING (-71.0943757 42.3314096, -71.094082 42.331699)",True,False,0.0,0.0,0.0,0.0,0.0,0.0,0.0
7541,2956,5124,7541,"LINESTRING (-71.0945365 42.3290762, -71.093921 42.3294669)",True,False,0.0,0.0,0.0,0.0,0.0,0.0,0.0
7542,5124,2956,7542,"LINESTRING (-71.093921 42.3294669, -71.0945365 42.3290762)",True,False,0.0,0.0,0.0,0.0,0.0,0.0,0.0
7571,708,710,7571,"LINESTRING (-71.0969979 42.3281496, -71.0943757 42.3314096)",True,False,0.0,0.0,0.0,0.0,0.0,0.0,0.0
7572,2703,4185,7572,"LINESTRING (-71.0971502 42.3317848, -71.0961378 42.3316519)",True,False,0.0,0.0,0.0,0.0,0.0,0.0,0.0
7573,4185,2703,7573,"LINESTRING (-71.0961378 42.3316519, -71.0971502 42.3317848)",True,False,0.0,0.0,0.0,0.0,0.0,0.0,0.0
7574,2005,709,7574,"LINESTRING (-71.0945931 42.3314388, -71.0971209 42.3281939)",True,False,0.0,0.0,0.0,0.0,0.0,0.0,0.0
7575,708,709,7575,"LINESTRING (-71.0969979 42.3281496, -71.0971209 42.3281939)",True,False,0.0,0.0,0.0,0.0,0.0,0.0,0.0
7576,709,708,7576,"LINESTRING (-71.0971209 42.3281939, -71.0969979 42.3281496)",True,False,0.0,0.0,0.0,0.0,0.0,0.0,0.0
7577,1344,2703,7577,"LINESTRING (-71.0977288 42.3318812, -71.0971502 42.3317848)",True,False,0.0,0.0,0.0,0.0,0.0,0.0,0.0
7578,2703,1344,7578,"LINESTRING (-71.0971502 42.3317848, -71.0977288 42.3318812)",True,False,0.0,0.0,0.0,0.0,0.0,0.0,0.0
7579,2703,4186,7579,"LINESTRING (-71.0971502 42.3317848, -71.097501 42.330979)",True,False,0.0,0.0,0.0,0.0,0.0,0.0,0.0
7580,5074,5075,7580,"LINESTRING (-71.0976522 42.3307015, -71.0979713 42.3305067)",True,False,0.0,0.0,0.0,0.0,0.0,0.0,0.0
7581,4186,5074,7581,"LINESTRING (-71.097501 42.330979, -71.0976522 42.3307015)",True,False,0.0,0.0,0.0,0.0,0.0,0.0,0.0
7582,1343,1344,7582,"LINESTRING (-71.097892 42.3319148, -71.0977288 42.3318812)",True,False,0.0,0.0,0.0,0.0,0.0,0.0,0.0
7583,1344,1343,7583,"LINESTRING (-71.0977288 42.3318812, -71.097892 42.3319148)",True,False,0.0,0.0,0.0,0.0,0.0,0.0,0.0
7584,2955,2956,7584,"LINESTRING (-71.094982 42.328687, -71.0945365 42.3290762)",True,False,0.0,0.0,0.0,0.0,0.0,0.0,0.0
7585,2956,2955,7585,"LINESTRING (-71.0945365 42.3290762, -71.094982 42.328687)",True,False,0.0,0.0,0.0,0.0,0.0,0.0,0.0
7586,4185,2005,7586,"LINESTRING (-71.0961378 42.3316519, -71.0945931 42.3314388)",True,False,0.0,0.0,0.0,0.0,0.0,0.0,0.0
7587,2005,4185,7587,"LINESTRING (-71.0945931 42.3314388, -71.0961378 42.3316519)",True,False,0.0,0.0,0.0,0.0,0.0,0.0,0.0
7588,710,2005,7588,"LINESTRING (-71.0943757 42.3314096, -71.0945931 42.3314388)",True,False,0.0,0.0,0.0,0.0,0.0,0.0,0.0
7589,2005,710,7589,"LINESTRING (-71.0945931 42.3314388, -71.0943757 42.3314096)",True,False,0.0,0.0,0.0,0.0,0.0,0.0,0.0
7590,4191,4192,7590,"LINESTRING (-71.0963634 42.3328644, -71.0961036 42.3332331)",True,False,0.0,0.0,0.0,0.0,0.0,0.0,0.0
7591,4192,4191,7591,"LINESTRING (-71.0961036 42.3332331, -71.0963634 42.3328644)",True,False,0.0,0.0,0.0,0.0,0.0,0.0,0.0
7592,5067,5057,7592,"LINESTRING (-71.095301 42.334385, -71.095519 42.334084)",True,False,0.0,0.0,0.0,0.0,0.0,0.0,0.0
7593,5057,5067,7593,"LINESTRING (-71.095519 42.334084, -71.095301 42.334385)",True,False,0.0,0.0,0.0,0.0,0.0,0.0,0.0
7604,4191,4187,7604,"LINESTRING (-71.0963634 42.3328644, -71.0964253 42.3327761)",True,False,0.0,0.0,0.0,0.0,0.0,0.0,0.0
7605,4187,4191,7605,"LINESTRING (-71.0964253 42.3327761, -71.0963634 42.3328644)",True,False,0.0,0.0,0.0,0.0,0.0,0.0,0.0
7606,5056,5057,7606,"LINESTRING (-71.0959478 42.333465, -71.095519 42.334084)",True,False,0.0,0.0,0.0,0.0,0.0,0.0,0.0
7607,5057,5056,7607,"LINESTRING (-71.095519 42.334084, -71.0959478 42.333465)",True,False,0.0,0.0,0.0,0.0,0.0,0.0,0.0
7608,5056,4192,7608,"LINESTRING (-71.0959478 42.333465, -71.0961036 42.3332331)",True,False,0.0,0.0,0.0,0.0,0.0,0.0,0.0
7609,4192,5056,7609,"LINESTRING (-71.0961036 42.3332331, -71.0959478 42.333465)",True,False,0.0,0.0,0.0,0.0,0.0,0.0,0.0
7610,5067,3287,7610,"LINESTRING (-71.095301 42.334385, -71.095028 42.334786)",True,False,0.0,0.0,0.0,0.0,0.0,0.0,0.0
7611,3287,5067,7611,"LINESTRING (-71.095028 42.334786, -71.095301 42.334385)",True,False,0.0,0.0,0.0,0.0,0.0,0.0,0.0
7618,3286,3287,7618,"LINESTRING (-71.0947738 42.3351533, -71.095028 42.334786)",True,False,0.0,0.0,0.0,0.0,0.0,0.0,0.0
7619,3287,3286,7619,"LINESTRING (-71.095028 42.334786, -71.0947738 42.3351533)",True,False,0.0,0.0,0.0,0.0,0.0,0.0,0.0
7620,5092,5386,7620,"LINESTRING (-71.0919535 42.3299416, -71.0932195 42.3296652)",True,False,0.0,0.0,0.0,0.0,0.0,0.0,0.0
7621,5386,5092,7621,"LINESTRING (-71.0932195 42.3296652, -71.0919535 42.3299416)",True,False,0.0,0.0,0.0,0.0,0.0,0.0,0.0
7636,5386,5124,7636,"LINESTRING (-71.0932195 42.3296652, -71.093921 42.3294669)",True,False,0.0,0.0,0.0,0.0,0.0,0.0,0.0
7637,5124,5386,7637,"LINESTRING (-71.093921 42.3294669, -71.0932195 42.3296652)",True,False,0.0,0.0,0.0,0.0,0.0,0.0,0.0
7642,5080,5087,7642,"LINESTRING (-71.0929137 42.3312857, -71.093806 42.331331)",True,False,0.0,0.0,0.0,0.0,0.0,0.0,0.0
7643,5087,5080,7643,"LINESTRING (-71.093806 42.331331, -71.0929137 42.3312857)",True,False,0.0,0.0,0.0,0.0,0.0,0.0,0.0
7644,5087,1817,7644,"LINESTRING (-71.093806 42.331331, -71.094082 42.331699)",True,False,0.0,0.0,0.0,0.0,0.0,0.0,0.0
7645,2009,2010,7645,"LINESTRING (-71.0911621 42.3300969, -71.091441 42.330037)",True,False,0.0,0.0,0.0,0.0,0.0,0.0,0.0
7646,2009,2011,7646,"LINESTRING (-71.0911621 42.3300969, -71.091219 42.329933)",True,False,0.0,0.0,0.0,0.0,0.0,0.0,0.0
7647,2011,313,7647,"LINESTRING (-71.091219 42.329933, -71.090221 42.329605)",True,False,0.0,0.0,0.0,0.0,0.0,0.0,0.0
7648,2010,5092,7648,"LINESTRING (-71.091441 42.330037, -71.0919535 42.3299416)",True,False,0.0,0.0,0.0,0.0,0.0,0.0,0.0
7649,5092,2010,7649,"LINESTRING (-71.0919535 42.3299416, -71.091441 42.330037)",True,False,0.0,0.0,0.0,0.0,0.0,0.0,0.0
7650,2010,2011,7650,"LINESTRING (-71.091441 42.330037, -71.091219 42.329933)",True,False,0.0,0.0,0.0,0.0,0.0,0.0,0.0
7651,2196,3289,7651,"LINESTRING (-71.0913272 42.3360604, -71.090996 42.3359269)",True,False,0.0,0.0,0.0,0.0,0.0,0.0,0.0
7652,3289,2196,7652,"LINESTRING (-71.090996 42.3359269, -71.0913272 42.3360604)",True,False,0.0,0.0,0.0,0.0,0.0,0.0,0.0
7656,1333,1334,7656,"LINESTRING (-71.0819549 42.3180318, -71.082072 42.318065)",True,False,0.0,0.0,0.0,0.0,0.0,0.0,0.0
7659,2611,1334,7659,"LINESTRING (-71.081545 42.319456, -71.082072 42.318065)",True,False,0.0,0.0,0.0,0.0,0.0,0.0,0.0
7660,2991,1333,7660,"LINESTRING (-71.0820297 42.3178949, -71.0819549 42.3180318)",True,False,0.0,0.0,0.0,0.0,0.0,0.0,0.0
7668,3776,5243,7668,"LINESTRING (-71.08285 42.316362, -71.08181 42.316038)",True,False,0.0,0.0,0.0,0.0,0.0,0.0,0.0
7669,5243,3776,7669,"LINESTRING (-71.08181 42.316038, -71.08285 42.316362)",True,False,0.0,0.0,0.0,0.0,0.0,0.0,0.0
7821,2748,2809,7821,"LINESTRING (-71.086187 42.318414, -71.086042 42.319026)",True,False,0.0,0.0,0.0,0.0,0.0,0.0,0.0
7822,2809,2748,7822,"LINESTRING (-71.086042 42.319026, -71.086187 42.318414)",True,False,0.0,0.0,0.0,0.0,0.0,0.0,0.0
7823,3777,3914,7823,"LINESTRING (-71.083016 42.3160807, -71.083304 42.315349)",True,False,0.0,0.0,0.0,0.0,0.0,0.0,0.0
7824,3914,3777,7824,"LINESTRING (-71.083304 42.315349, -71.083016 42.3160807)",True,False,0.0,0.0,0.0,0.0,0.0,0.0,0.0
7825,1158,330,7825,"LINESTRING (-71.087343 42.315828, -71.088331 42.31461)",True,False,0.0,0.0,0.0,0.0,0.0,0.0,0.0
7826,330,1158,7826,"LINESTRING (-71.088331 42.31461, -71.087343 42.315828)",True,False,0.0,0.0,0.0,0.0,0.0,0.0,0.0
7843,329,334,7843,"LINESTRING (-71.088806 42.314009, -71.089402 42.3132681)",True,False,0.0,0.0,0.0,0.0,0.0,0.0,0.0
7844,334,329,7844,"LINESTRING (-71.089402 42.3132681, -71.088806 42.314009)",True,False,0.0,0.0,0.0,0.0,0.0,0.0,0.0
7849,1929,334,7849,"LINESTRING (-71.08993 42.312629, -71.089402 42.3132681)",True,False,0.0,0.0,0.0,0.0,0.0,0.0,0.0
7850,334,1929,7850,"LINESTRING (-71.089402 42.3132681, -71.08993 42.312629)",True,False,0.0,0.0,0.0,0.0,0.0,0.0,0.0
7855,329,330,7855,"LINESTRING (-71.088806 42.314009, -71.088331 42.31461)",True,False,0.0,0.0,0.0,0.0,0.0,0.0,0.0
7856,330,329,7856,"LINESTRING (-71.088331 42.31461, -71.088806 42.314009)",True,False,0.0,0.0,0.0,0.0,0.0,0.0,0.0
7857,2749,3420,7857,"LINESTRING (-71.086225 42.318237, -71.086361 42.317538)",True,False,0.0,0.0,0.0,0.0,0.0,0.0,0.0
7858,3420,2749,7858,"LINESTRING (-71.086361 42.317538, -71.086225 42.318237)",True,False,0.0,0.0,0.0,0.0,0.0,0.0,0.0
7859,1156,1157,7859,"LINESTRING (-71.0869087 42.3163836, -71.086508 42.317053)",True,False,0.0,0.0,0.0,0.0,0.0,0.0,0.0
7860,1157,1156,7860,"LINESTRING (-71.086508 42.317053, -71.0869087 42.3163836)",True,False,0.0,0.0,0.0,0.0,0.0,0.0,0.0
7861,1156,1158,7861,"LINESTRING (-71.0869087 42.3163836, -71.087343 42.315828)",True,False,0.0,0.0,0.0,0.0,0.0,0.0,0.0
7862,1158,1156,7862,"LINESTRING (-71.087343 42.315828, -71.0869087 42.3163836)",True,False,0.0,0.0,0.0,0.0,0.0,0.0,0.0
7863,3420,1157,7863,"LINESTRING (-71.086361 42.317538, -71.086508 42.317053)",True,False,0.0,0.0,0.0,0.0,0.0,0.0,0.0
7864,1157,3420,7864,"LINESTRING (-71.086508 42.317053, -71.086361 42.317538)",True,False,0.0,0.0,0.0,0.0,0.0,0.0,0.0
7865,2748,2749,7865,"LINESTRING (-71.086187 42.318414, -71.086225 42.318237)",True,False,0.0,0.0,0.0,0.0,0.0,0.0,0.0
7866,2749,2748,7866,"LINESTRING (-71.086225 42.318237, -71.086187 42.318414)",True,False,0.0,0.0,0.0,0.0,0.0,0.0,0.0
7867,4951,5512,7867,"LINESTRING (-71.083711 42.31406, -71.0836481 42.313545)",True,False,0.0,0.0,0.0,0.0,0.0,0.0,0.0
7868,5512,4951,7868,"LINESTRING (-71.0836481 42.313545, -71.083711 42.31406)",True,False,0.0,0.0,0.0,0.0,0.0,0.0,0.0
7877,639,641,7877,"LINESTRING (-71.083335 42.312794, -71.082972 42.312174)",True,False,0.0,0.0,0.0,0.0,0.0,0.0,0.0
7878,641,639,7878,"LINESTRING (-71.082972 42.312174, -71.083335 42.312794)",True,False,0.0,0.0,0.0,0.0,0.0,0.0,0.0
7883,639,640,7883,"LINESTRING (-71.083335 42.312794, -71.083553 42.313186)",True,False,0.0,0.0,0.0,0.0,0.0,0.0,0.0
7884,640,639,7884,"LINESTRING (-71.083553 42.313186, -71.083335 42.312794)",True,False,0.0,0.0,0.0,0.0,0.0,0.0,0.0
7885,640,5512,7885,"LINESTRING (-71.083553 42.313186, -71.0836481 42.313545)",True,False,0.0,0.0,0.0,0.0,0.0,0.0,0.0
7886,5512,640,7886,"LINESTRING (-71.0836481 42.313545, -71.083553 42.313186)",True,False,0.0,0.0,0.0,0.0,0.0,0.0,0.0
7895,4950,4952,7895,"LINESTRING (-71.083715 42.314213, -71.083543 42.314757)",True,False,0.0,0.0,0.0,0.0,0.0,0.0,0.0
7896,4952,4950,7896,"LINESTRING (-71.083543 42.314757, -71.083715 42.314213)",True,False,0.0,0.0,0.0,0.0,0.0,0.0,0.0
7897,4950,4951,7897,"LINESTRING (-71.083715 42.314213, -71.083711 42.31406)",True,False,0.0,0.0,0.0,0.0,0.0,0.0,0.0
7898,4951,4950,7898,"LINESTRING (-71.083711 42.31406, -71.083715 42.314213)",True,False,0.0,0.0,0.0,0.0,0.0,0.0,0.0
7899,4952,3914,7899,"LINESTRING (-71.083543 42.314757, -71.083304 42.315349)",True,False,0.0,0.0,0.0,0.0,0.0,0.0,0.0
7900,3914,4952,7900,"LINESTRING (-71.083304 42.315349, -71.083543 42.314757)",True,False,0.0,0.0,0.0,0.0,0.0,0.0,0.0
7901,1334,1336,7901,"LINESTRING (-71.082072 42.318065, -71.086017 42.319164)",True,False,0.0,0.0,0.0,0.0,0.0,0.0,0.0
7902,1335,2992,7902,"LINESTRING (-71.082134 42.317927, -71.082483 42.317292)",True,False,0.0,0.0,0.0,0.0,0.0,0.0,0.0
7903,3409,2991,7903,"LINESTRING (-71.0821821 42.3175685, -71.0820297 42.3178949)",True,False,0.0,0.0,0.0,0.0,0.0,0.0,0.0
7904,2809,1335,7904,"LINESTRING (-71.086042 42.319026, -71.082134 42.317927)",True,False,0.0,0.0,0.0,0.0,0.0,0.0,0.0
7905,1336,5202,7905,"LINESTRING (-71.086017 42.319164, -71.085975 42.319831)",True,False,0.0,0.0,0.0,0.0,0.0,0.0,0.0
7906,5202,1336,7906,"LINESTRING (-71.085975 42.319831, -71.086017 42.319164)",True,False,0.0,0.0,0.0,0.0,0.0,0.0,0.0
7907,2809,1336,7907,"LINESTRING (-71.086042 42.319026, -71.086017 42.319164)",True,False,0.0,0.0,0.0,0.0,0.0,0.0,0.0
7908,1336,2809,7908,"LINESTRING (-71.086017 42.319164, -71.086042 42.319026)",True,False,0.0,0.0,0.0,0.0,0.0,0.0,0.0
7909,2992,3291,7909,"LINESTRING (-71.082483 42.317292, -71.082952 42.316384)",True,False,0.0,0.0,0.0,0.0,0.0,0.0,0.0
7910,3291,3777,7910,"LINESTRING (-71.082952 42.316384, -71.083016 42.3160807)",True,False,0.0,0.0,0.0,0.0,0.0,0.0,0.0
7911,3777,3776,7911,"LINESTRING (-71.083016 42.3160807, -71.08285 42.316362)",True,False,0.0,0.0,0.0,0.0,0.0,0.0,0.0
7912,3776,3409,7912,"LINESTRING (-71.08285 42.316362, -71.0821821 42.3175685)",True,False,0.0,0.0,0.0,0.0,0.0,0.0,0.0
7913,3291,3776,7913,"LINESTRING (-71.082952 42.316384, -71.08285 42.316362)",True,False,0.0,0.0,0.0,0.0,0.0,0.0,0.0
7914,3776,3291,7914,"LINESTRING (-71.08285 42.316362, -71.082952 42.316384)",True,False,0.0,0.0,0.0,0.0,0.0,0.0,0.0
7915,1334,1335,7915,"LINESTRING (-71.082072 42.318065, -71.082134 42.317927)",True,False,0.0,0.0,0.0,0.0,0.0,0.0,0.0
7916,1335,2991,7916,"LINESTRING (-71.082134 42.317927, -71.0820297 42.3178949)",True,False,0.0,0.0,0.0,0.0,0.0,0.0,0.0
8003,3461,3463,8003,"LINESTRING (-71.077728 42.314062, -71.078823 42.314608)",True,False,0.0,0.0,0.0,0.0,0.0,0.0,0.0
8004,3463,3461,8004,"LINESTRING (-71.078823 42.314608, -71.077728 42.314062)",True,False,0.0,0.0,0.0,0.0,0.0,0.0,0.0
8005,4095,4096,8005,"LINESTRING (-71.0778271 42.3183122, -71.077905 42.3178375)",True,False,0.0,0.0,0.0,0.0,0.0,0.0,0.0
8006,4096,4095,8006,"LINESTRING (-71.077905 42.3178375, -71.0778271 42.3183122)",True,False,0.0,0.0,0.0,0.0,0.0,0.0,0.0
8007,3475,5241,8007,"LINESTRING (-71.080998 42.315755, -71.081443 42.315923)",True,False,0.0,0.0,0.0,0.0,0.0,0.0,0.0
8008,5241,3475,8008,"LINESTRING (-71.081443 42.315923, -71.080998 42.315755)",True,False,0.0,0.0,0.0,0.0,0.0,0.0,0.0
8009,3486,5213,8009,"LINESTRING (-71.078331 42.315547, -71.0782455 42.3158901)",True,False,0.0,0.0,0.0,0.0,0.0,0.0,0.0
8010,5213,3486,8010,"LINESTRING (-71.0782455 42.3158901, -71.078331 42.315547)",True,False,0.0,0.0,0.0,0.0,0.0,0.0,0.0
8029,394,395,8029,"LINESTRING (-71.080088 42.312691, -71.079683 42.313219)",True,False,0.0,0.0,0.0,0.0,0.0,0.0,0.0
8030,395,394,8030,"LINESTRING (-71.079683 42.313219, -71.080088 42.312691)",True,False,0.0,0.0,0.0,0.0,0.0,0.0,0.0
8031,3463,3475,8031,"LINESTRING (-71.078823 42.314608, -71.080998 42.315755)",True,False,0.0,0.0,0.0,0.0,0.0,0.0,0.0
8032,3475,3463,8032,"LINESTRING (-71.080998 42.315755, -71.078823 42.314608)",True,False,0.0,0.0,0.0,0.0,0.0,0.0,0.0
8033,3474,5507,8033,"LINESTRING (-71.079168 42.314048, -71.079401 42.313676)",True,False,0.0,0.0,0.0,0.0,0.0,0.0,0.0
8034,5507,3474,8034,"LINESTRING (-71.079401 42.313676, -71.079168 42.314048)",True,False,0.0,0.0,0.0,0.0,0.0,0.0,0.0
8037,394,403,8037,"LINESTRING (-71.080088 42.312691, -71.080312 42.312418)",True,False,0.0,0.0,0.0,0.0,0.0,0.0,0.0
8038,403,394,8038,"LINESTRING (-71.080312 42.312418, -71.080088 42.312691)",True,False,0.0,0.0,0.0,0.0,0.0,0.0,0.0
8039,5507,5513,8039,"LINESTRING (-71.079401 42.313676, -71.0795145 42.3134976)",True,False,0.0,0.0,0.0,0.0,0.0,0.0,0.0
8040,5513,5507,8040,"LINESTRING (-71.0795145 42.3134976, -71.079401 42.313676)",True,False,0.0,0.0,0.0,0.0,0.0,0.0,0.0
8041,395,5513,8041,"LINESTRING (-71.079683 42.313219, -71.0795145 42.3134976)",True,False,0.0,0.0,0.0,0.0,0.0,0.0,0.0
8042,5513,395,8042,"LINESTRING (-71.0795145 42.3134976, -71.079683 42.313219)",True,False,0.0,0.0,0.0,0.0,0.0,0.0,0.0
8043,3463,3473,8043,"LINESTRING (-71.078823 42.314608, -71.0784907 42.3152352)",True,False,0.0,0.0,0.0,0.0,0.0,0.0,0.0
8044,3473,3463,8044,"LINESTRING (-71.0784907 42.3152352, -71.078823 42.314608)",True,False,0.0,0.0,0.0,0.0,0.0,0.0,0.0
8045,3463,3474,8045,"LINESTRING (-71.078823 42.314608, -71.079168 42.314048)",True,False,0.0,0.0,0.0,0.0,0.0,0.0,0.0
8046,3474,3463,8046,"LINESTRING (-71.079168 42.314048, -71.078823 42.314608)",True,False,0.0,0.0,0.0,0.0,0.0,0.0,0.0
8047,3473,3486,8047,"LINESTRING (-71.0784907 42.3152352, -71.078331 42.315547)",True,False,0.0,0.0,0.0,0.0,0.0,0.0,0.0
8048,3486,3473,8048,"LINESTRING (-71.078331 42.315547, -71.0784907 42.3152352)",True,False,0.0,0.0,0.0,0.0,0.0,0.0,0.0
8049,4874,4096,8049,"LINESTRING (-71.0779201 42.3177394, -71.077905 42.3178375)",True,False,0.0,0.0,0.0,0.0,0.0,0.0,0.0
8050,4096,4874,8050,"LINESTRING (-71.077905 42.3178375, -71.0779201 42.3177394)",True,False,0.0,0.0,0.0,0.0,0.0,0.0,0.0
8051,5243,5241,8051,"LINESTRING (-71.08181 42.316038, -71.081443 42.315923)",True,False,0.0,0.0,0.0,0.0,0.0,0.0,0.0
8052,5241,5243,8052,"LINESTRING (-71.081443 42.315923, -71.08181 42.316038)",True,False,0.0,0.0,0.0,0.0,0.0,0.0,0.0
8053,1269,1270,8053,"LINESTRING (-71.0818191 42.3182861, -71.081478 42.319058)",True,False,0.0,0.0,0.0,0.0,0.0,0.0,0.0
8054,1333,1269,8054,"LINESTRING (-71.0819549 42.3180318, -71.0818191 42.3182861)",True,False,0.0,0.0,0.0,0.0,0.0,0.0,0.0
8055,1270,2612,8055,"LINESTRING (-71.081478 42.319058, -71.081392 42.31945)",True,False,0.0,0.0,0.0,0.0,0.0,0.0,0.0
8056,2612,2613,8056,"LINESTRING (-71.081392 42.31945, -71.081385 42.319802)",True,False,0.0,0.0,0.0,0.0,0.0,0.0,0.0
8057,2467,2469,8057,"LINESTRING (-71.0780617 42.3168974, -71.0781839 42.3162354)",True,False,0.0,0.0,0.0,0.0,0.0,0.0,0.0
8058,2469,2467,8058,"LINESTRING (-71.0781839 42.3162354, -71.0780617 42.3168974)",True,False,0.0,0.0,0.0,0.0,0.0,0.0,0.0
8059,2469,5213,8059,"LINESTRING (-71.0781839 42.3162354, -71.0782455 42.3158901)",True,False,0.0,0.0,0.0,0.0,0.0,0.0,0.0
8060,5213,2469,8060,"LINESTRING (-71.0782455 42.3158901, -71.0781839 42.3162354)",True,False,0.0,0.0,0.0,0.0,0.0,0.0,0.0
8061,2467,2468,8061,"LINESTRING (-71.0780617 42.3168974, -71.0779961 42.3173171)",True,False,0.0,0.0,0.0,0.0,0.0,0.0,0.0
8062,2468,2467,8062,"LINESTRING (-71.0779961 42.3173171, -71.0780617 42.3168974)",True,False,0.0,0.0,0.0,0.0,0.0,0.0,0.0
8063,4874,2498,8063,"LINESTRING (-71.0779201 42.3177394, -71.0779763 42.3174307)",True,False,0.0,0.0,0.0,0.0,0.0,0.0,0.0
8064,2498,4874,8064,"LINESTRING (-71.0779763 42.3174307, -71.0779201 42.3177394)",True,False,0.0,0.0,0.0,0.0,0.0,0.0,0.0
8065,2468,2498,8065,"LINESTRING (-71.0779961 42.3173171, -71.0779763 42.3174307)",True,False,0.0,0.0,0.0,0.0,0.0,0.0,0.0
8066,2498,2468,8066,"LINESTRING (-71.0779763 42.3174307, -71.0779961 42.3173171)",True,False,0.0,0.0,0.0,0.0,0.0,0.0,0.0
8067,3461,3462,8067,"LINESTRING (-71.077728 42.314062, -71.076185 42.313423)",True,False,0.0,0.0,0.0,0.0,0.0,0.0,0.0
8068,3462,3461,8068,"LINESTRING (-71.076185 42.313423, -71.077728 42.314062)",True,False,0.0,0.0,0.0,0.0,0.0,0.0,0.0
8069,3462,5528,8069,"LINESTRING (-71.076185 42.313423, -71.075668 42.313226)",True,False,0.0,0.0,0.0,0.0,0.0,0.0,0.0
8070,5528,3462,8070,"LINESTRING (-71.075668 42.313226, -71.076185 42.313423)",True,False,0.0,0.0,0.0,0.0,0.0,0.0,0.0
8071,3639,3640,8071,"LINESTRING (-71.0747093 42.3128725, -71.075358 42.313125)",True,False,0.0,0.0,0.0,0.0,0.0,0.0,0.0
8072,3640,3639,8072,"LINESTRING (-71.075358 42.313125, -71.0747093 42.3128725)",True,False,0.0,0.0,0.0,0.0,0.0,0.0,0.0
8073,3640,5528,8073,"LINESTRING (-71.075358 42.313125, -71.075668 42.313226)",True,False,0.0,0.0,0.0,0.0,0.0,0.0,0.0
8074,5528,3640,8074,"LINESTRING (-71.075668 42.313226, -71.075358 42.313125)",True,False,0.0,0.0,0.0,0.0,0.0,0.0,0.0
8075,3639,279,8075,"LINESTRING (-71.0747093 42.3128725, -71.0746114 42.3128311)",True,False,0.0,0.0,0.0,0.0,0.0,0.0,0.0
8076,279,3639,8076,"LINESTRING (-71.0746114 42.3128311, -71.0747093 42.3128725)",True,False,0.0,0.0,0.0,0.0,0.0,0.0,0.0
8079,5106,4097,8079,"LINESTRING (-71.077751 42.319059, -71.077748 42.318841)",True,False,0.0,0.0,0.0,0.0,0.0,0.0,0.0
8080,4097,5106,8080,"LINESTRING (-71.077748 42.318841, -71.077751 42.319059)",True,False,0.0,0.0,0.0,0.0,0.0,0.0,0.0
8081,4095,4097,8081,"LINESTRING (-71.0778271 42.3183122, -71.077748 42.318841)",True,False,0.0,0.0,0.0,0.0,0.0,0.0,0.0
8082,4097,4095,8082,"LINESTRING (-71.077748 42.318841, -71.0778271 42.3183122)",True,False,0.0,0.0,0.0,0.0,0.0,0.0,0.0
8083,5105,5123,8083,"LINESTRING (-71.077749 42.319284, -71.077758 42.319871)",True,False,0.0,0.0,0.0,0.0,0.0,0.0,0.0
8084,5123,5105,8084,"LINESTRING (-71.077758 42.319871, -71.077749 42.319284)",True,False,0.0,0.0,0.0,0.0,0.0,0.0,0.0
8085,5105,5106,8085,"LINESTRING (-71.077749 42.319284, -71.077751 42.319059)",True,False,0.0,0.0,0.0,0.0,0.0,0.0,0.0
8086,5106,5105,8086,"LINESTRING (-71.077751 42.319059, -71.077749 42.319284)",True,False,0.0,0.0,0.0,0.0,0.0,0.0,0.0
8087,281,282,8087,"LINESTRING (-71.0819081 42.3302529, -71.0821539 42.3299461)",True,False,0.0,0.0,0.0,0.0,0.0,0.0,0.0
8088,282,281,8088,"LINESTRING (-71.0821539 42.3299461, -71.0819081 42.3302529)",True,False,0.0,0.0,0.0,0.0,0.0,0.0,0.0
8089,1773,937,8089,"LINESTRING (-71.0779743 42.3280455, -71.0792794 42.3285303)",True,False,0.0,0.0,0.0,0.0,0.0,0.0,0.0
8090,937,1773,8090,"LINESTRING (-71.0792794 42.3285303, -71.0779743 42.3280455)",True,False,0.0,0.0,0.0,0.0,0.0,0.0,0.0
8091,1823,1826,8091,"LINESTRING (-71.0825494 42.3337747, -71.0810454 42.3329182)",True,False,0.0,0.0,0.0,0.0,0.0,0.0,0.0
8092,1826,1823,8092,"LINESTRING (-71.0810454 42.3329182, -71.0825494 42.3337747)",True,False,0.0,0.0,0.0,0.0,0.0,0.0,0.0
8093,1775,3396,8093,"LINESTRING (-71.0815371 42.328487, -71.0829258 42.3280082)",True,False,0.0,0.0,0.0,0.0,0.0,0.0,0.0
8094,3396,1775,8094,"LINESTRING (-71.0829258 42.3280082, -71.0815371 42.328487)",True,False,0.0,0.0,0.0,0.0,0.0,0.0,0.0
8095,1775,3397,8095,"LINESTRING (-71.0815371 42.328487, -71.082747 42.328606)",True,False,0.0,0.0,0.0,0.0,0.0,0.0,0.0
8096,3397,1775,8096,"LINESTRING (-71.082747 42.328606, -71.0815371 42.328487)",True,False,0.0,0.0,0.0,0.0,0.0,0.0,0.0
8097,3403,3888,8097,"LINESTRING (-71.0829074 42.3281774, -71.0830607 42.3279605)",True,False,0.0,0.0,0.0,0.0,0.0,0.0,0.0
8098,3396,3403,8098,"LINESTRING (-71.0829258 42.3280082, -71.0829074 42.3281774)",True,False,0.0,0.0,0.0,0.0,0.0,0.0,0.0
8099,3888,3404,8099,"LINESTRING (-71.0830607 42.3279605, -71.0834559 42.3286365)",True,False,0.0,0.0,0.0,0.0,0.0,0.0,0.0
8100,4549,2557,8100,"LINESTRING (-71.0819228 42.3344503, -71.0820425 42.3343212)",True,False,0.0,0.0,0.0,0.0,0.0,0.0,0.0
8101,3404,4055,8101,"LINESTRING (-71.0834559 42.3286365, -71.083206 42.327643)",True,False,0.0,0.0,0.0,0.0,0.0,0.0,0.0
8102,5100,5102,8102,"LINESTRING (-71.082714 42.331068, -71.0819385 42.3317532)",True,False,0.0,0.0,0.0,0.0,0.0,0.0,0.0
8103,5102,5100,8103,"LINESTRING (-71.0819385 42.3317532, -71.082714 42.331068)",True,False,0.0,0.0,0.0,0.0,0.0,0.0,0.0
8104,3375,2473,8104,"LINESTRING (-71.0751652 42.3277235, -71.0750893 42.3283071)",True,False,0.0,0.0,0.0,0.0,0.0,0.0,0.0
8105,2473,3375,8105,"LINESTRING (-71.0750893 42.3283071, -71.0751652 42.3277235)",True,False,0.0,0.0,0.0,0.0,0.0,0.0,0.0
8106,5110,3391,8106,"LINESTRING (-71.086996 42.327782, -71.0862445 42.3284313)",True,False,0.0,0.0,0.0,0.0,0.0,0.0,0.0
8107,3391,5110,8107,"LINESTRING (-71.0862445 42.3284313, -71.086996 42.327782)",True,False,0.0,0.0,0.0,0.0,0.0,0.0,0.0
8108,2483,3363,8108,"LINESTRING (-71.082071 42.321701, -71.08179 42.3207457)",True,False,0.0,0.0,0.0,0.0,0.0,0.0,0.0
8109,5098,5171,8109,"LINESTRING (-71.081923 42.321727, -71.0822433 42.3226789)",True,False,0.0,0.0,0.0,0.0,0.0,0.0,0.0
8224,2480,2483,8224,"LINESTRING (-71.0828494 42.3240305, -71.082071 42.321701)",True,False,0.0,0.0,0.0,0.0,0.0,0.0,0.0
8225,2480,2484,8225,"LINESTRING (-71.0828494 42.3240305, -71.0835615 42.323935)",True,False,0.0,0.0,0.0,0.0,0.0,0.0,0.0
8226,2484,2480,8226,"LINESTRING (-71.0835615 42.323935, -71.0828494 42.3240305)",True,False,0.0,0.0,0.0,0.0,0.0,0.0,0.0
8227,2535,2536,8227,"LINESTRING (-71.0896 42.323394, -71.088788 42.324218)",True,False,0.0,0.0,0.0,0.0,0.0,0.0,0.0
8228,2536,2535,8228,"LINESTRING (-71.088788 42.324218, -71.0896 42.323394)",True,False,0.0,0.0,0.0,0.0,0.0,0.0,0.0
8229,5167,2479,8229,"LINESTRING (-71.082453 42.32326, -71.0826987 42.3240064)",True,False,0.0,0.0,0.0,0.0,0.0,0.0,0.0
8262,4892,4894,8262,"LINESTRING (-71.0881314 42.3199203, -71.0880848 42.3201137)",True,False,0.0,0.0,0.0,0.0,0.0,0.0,0.0
8263,4895,1895,8263,"LINESTRING (-71.0889217 42.3201306, -71.088605 42.319974)",True,False,0.0,0.0,0.0,0.0,0.0,0.0,0.0
8264,4896,1895,8264,"LINESTRING (-71.088887 42.3198798, -71.088605 42.319974)",True,False,0.0,0.0,0.0,0.0,0.0,0.0,0.0
8265,1895,4896,8265,"LINESTRING (-71.088605 42.319974, -71.088887 42.3198798)",True,False,0.0,0.0,0.0,0.0,0.0,0.0,0.0
8266,4895,4896,8266,"LINESTRING (-71.0889217 42.3201306, -71.088887 42.3198798)",True,False,0.0,0.0,0.0,0.0,0.0,0.0,0.0
8267,4892,1894,8267,"LINESTRING (-71.0881314 42.3199203, -71.088396 42.320034)",True,False,0.0,0.0,0.0,0.0,0.0,0.0,0.0
8268,1894,1895,8268,"LINESTRING (-71.088396 42.320034, -71.088605 42.319974)",True,False,0.0,0.0,0.0,0.0,0.0,0.0,0.0
8269,1895,1894,8269,"LINESTRING (-71.088605 42.319974, -71.088396 42.320034)",True,False,0.0,0.0,0.0,0.0,0.0,0.0,0.0
8270,3386,3387,8270,"LINESTRING (-71.087695 42.326184, -71.08789 42.32571)",True,False,0.0,0.0,0.0,0.0,0.0,0.0,0.0
8271,3387,3386,8271,"LINESTRING (-71.08789 42.32571, -71.087695 42.326184)",True,False,0.0,0.0,0.0,0.0,0.0,0.0,0.0
8272,3896,3387,8272,"LINESTRING (-71.088138 42.3251732, -71.08789 42.32571)",True,False,0.0,0.0,0.0,0.0,0.0,0.0,0.0
8273,3387,3896,8273,"LINESTRING (-71.08789 42.32571, -71.088138 42.3251732)",True,False,0.0,0.0,0.0,0.0,0.0,0.0,0.0
8274,3896,2536,8274,"LINESTRING (-71.088138 42.3251732, -71.088788 42.324218)",True,False,0.0,0.0,0.0,0.0,0.0,0.0,0.0
8275,2536,3896,8275,"LINESTRING (-71.088788 42.324218, -71.088138 42.3251732)",True,False,0.0,0.0,0.0,0.0,0.0,0.0,0.0
8276,2536,5168,8276,"LINESTRING (-71.088788 42.324218, -71.089394 42.324439)",True,False,0.0,0.0,0.0,0.0,0.0,0.0,0.0
8277,5168,2536,8277,"LINESTRING (-71.089394 42.324439, -71.088788 42.324218)",True,False,0.0,0.0,0.0,0.0,0.0,0.0,0.0
8278,5164,5168,8278,"LINESTRING (-71.0900598 42.324693, -71.089394 42.324439)",True,False,0.0,0.0,0.0,0.0,0.0,0.0,0.0
8279,5168,5164,8279,"LINESTRING (-71.089394 42.324439, -71.0900598 42.324693)",True,False,0.0,0.0,0.0,0.0,0.0,0.0,0.0
8280,3386,3388,8280,"LINESTRING (-71.087695 42.326184, -71.0872861 42.3271328)",True,False,0.0,0.0,0.0,0.0,0.0,0.0,0.0
8281,3388,3386,8281,"LINESTRING (-71.0872861 42.3271328, -71.087695 42.326184)",True,False,0.0,0.0,0.0,0.0,0.0,0.0,0.0
8282,3388,5110,8282,"LINESTRING (-71.0872861 42.3271328, -71.086996 42.327782)",True,False,0.0,0.0,0.0,0.0,0.0,0.0,0.0
8283,5110,3388,8283,"LINESTRING (-71.086996 42.327782, -71.0872861 42.3271328)",True,False,0.0,0.0,0.0,0.0,0.0,0.0,0.0
8284,2484,2493,8284,"LINESTRING (-71.0835615 42.323935, -71.084097 42.323529)",True,False,0.0,0.0,0.0,0.0,0.0,0.0,0.0
8285,2493,2484,8285,"LINESTRING (-71.084097 42.323529, -71.0835615 42.323935)",True,False,0.0,0.0,0.0,0.0,0.0,0.0,0.0
8286,4787,5176,8286,"LINESTRING (-71.0848702 42.3224726, -71.08527 42.321906)",True,False,0.0,0.0,0.0,0.0,0.0,0.0,0.0
8287,5176,4787,8287,"LINESTRING (-71.08527 42.321906, -71.0848702 42.3224726)",True,False,0.0,0.0,0.0,0.0,0.0,0.0,0.0
8302,5210,5211,8302,"LINESTRING (-71.0860292 42.320585, -71.085664 42.321317)",True,False,0.0,0.0,0.0,0.0,0.0,0.0,0.0
8303,5211,5210,8303,"LINESTRING (-71.085664 42.321317, -71.0860292 42.320585)",True,False,0.0,0.0,0.0,0.0,0.0,0.0,0.0
8304,5211,5222,8304,"LINESTRING (-71.085664 42.321317, -71.085417 42.321687)",True,False,0.0,0.0,0.0,0.0,0.0,0.0,0.0
8305,5222,5211,8305,"LINESTRING (-71.085417 42.321687, -71.085664 42.321317)",True,False,0.0,0.0,0.0,0.0,0.0,0.0,0.0
8306,5222,5176,8306,"LINESTRING (-71.085417 42.321687, -71.08527 42.321906)",True,False,0.0,0.0,0.0,0.0,0.0,0.0,0.0
8307,5176,5222,8307,"LINESTRING (-71.08527 42.321906, -71.085417 42.321687)",True,False,0.0,0.0,0.0,0.0,0.0,0.0,0.0
8308,2491,2493,8308,"LINESTRING (-71.0845966 42.3228548, -71.084097 42.323529)",True,False,0.0,0.0,0.0,0.0,0.0,0.0,0.0
8309,2493,2491,8309,"LINESTRING (-71.084097 42.323529, -71.0845966 42.3228548)",True,False,0.0,0.0,0.0,0.0,0.0,0.0,0.0
8318,2492,4787,8318,"LINESTRING (-71.0846449 42.3227824, -71.0848702 42.3224726)",True,False,0.0,0.0,0.0,0.0,0.0,0.0,0.0
8319,4787,2492,8319,"LINESTRING (-71.0848702 42.3224726, -71.0846449 42.3227824)",True,False,0.0,0.0,0.0,0.0,0.0,0.0,0.0
8320,2491,2492,8320,"LINESTRING (-71.0845966 42.3228548, -71.0846449 42.3227824)",True,False,0.0,0.0,0.0,0.0,0.0,0.0,0.0
8321,2492,2491,8321,"LINESTRING (-71.0846449 42.3227824, -71.0845966 42.3228548)",True,False,0.0,0.0,0.0,0.0,0.0,0.0,0.0
8322,5171,5167,8322,"LINESTRING (-71.0822433 42.3226789, -71.082453 42.32326)",True,False,0.0,0.0,0.0,0.0,0.0,0.0,0.0
8323,4055,4056,8323,"LINESTRING (-71.083206 42.327643, -71.0834702 42.3259608)",True,False,0.0,0.0,0.0,0.0,0.0,0.0,0.0
8324,2482,5182,8324,"LINESTRING (-71.0833028 42.3259412, -71.083184 42.326607)",True,False,0.0,0.0,0.0,0.0,0.0,0.0,0.0
8325,2481,2482,8325,"LINESTRING (-71.0829297 42.3246902, -71.0833028 42.3259412)",True,False,0.0,0.0,0.0,0.0,0.0,0.0,0.0
8326,4079,2480,8326,"LINESTRING (-71.0834711 42.3258823, -71.0828494 42.3240305)",True,False,0.0,0.0,0.0,0.0,0.0,0.0,0.0
8327,4056,4079,8327,"LINESTRING (-71.0834702 42.3259608, -71.0834711 42.3258823)",True,False,0.0,0.0,0.0,0.0,0.0,0.0,0.0
8328,2479,2481,8328,"LINESTRING (-71.0826987 42.3240064, -71.0829297 42.3246902)",True,False,0.0,0.0,0.0,0.0,0.0,0.0,0.0
8329,2479,2480,8329,"LINESTRING (-71.0826987 42.3240064, -71.0828494 42.3240305)",True,False,0.0,0.0,0.0,0.0,0.0,0.0,0.0
8330,2480,2479,8330,"LINESTRING (-71.0828494 42.3240305, -71.0826987 42.3240064)",True,False,0.0,0.0,0.0,0.0,0.0,0.0,0.0
8331,3887,3396,8331,"LINESTRING (-71.083057 42.327506, -71.0829258 42.3280082)",True,False,0.0,0.0,0.0,0.0,0.0,0.0,0.0
8332,5182,3944,8332,"LINESTRING (-71.083184 42.326607, -71.083066 42.327449)",True,False,0.0,0.0,0.0,0.0,0.0,0.0,0.0
8333,3887,3888,8333,"LINESTRING (-71.083057 42.327506, -71.0830607 42.3279605)",True,False,0.0,0.0,0.0,0.0,0.0,0.0,0.0
8334,3944,3887,8334,"LINESTRING (-71.083066 42.327449, -71.083057 42.327506)",True,False,0.0,0.0,0.0,0.0,0.0,0.0,0.0
8335,3888,4055,8335,"LINESTRING (-71.0830607 42.3279605, -71.083206 42.327643)",True,False,0.0,0.0,0.0,0.0,0.0,0.0,0.0
8336,3389,3390,8336,"LINESTRING (-71.0861391 42.3287542, -71.086067 42.329009)",True,False,0.0,0.0,0.0,0.0,0.0,0.0,0.0
8337,3390,3389,8337,"LINESTRING (-71.086067 42.329009, -71.0861391 42.3287542)",True,False,0.0,0.0,0.0,0.0,0.0,0.0,0.0
8338,3499,3501,8338,"LINESTRING (-71.086021 42.329587, -71.0876974 42.3304313)",True,False,0.0,0.0,0.0,0.0,0.0,0.0,0.0
8339,4552,3170,8339,"LINESTRING (-71.087488 42.3354384, -71.0853601 42.3349701)",True,False,0.0,0.0,0.0,0.0,0.0,0.0,0.0
8340,3171,4183,8340,"LINESTRING (-71.0848433 42.3348679, -71.0869399 42.3357003)",True,False,0.0,0.0,0.0,0.0,0.0,0.0,0.0
8341,4553,3170,8341,"LINESTRING (-71.087067 42.3356382, -71.0853601 42.3349701)",True,False,0.0,0.0,0.0,0.0,0.0,0.0,0.0
8342,4770,3391,8342,"LINESTRING (-71.0860371 42.3285142, -71.0862445 42.3284313)",True,False,0.0,0.0,0.0,0.0,0.0,0.0,0.0
8343,3391,4770,8343,"LINESTRING (-71.0862445 42.3284313, -71.0860371 42.3285142)",True,False,0.0,0.0,0.0,0.0,0.0,0.0,0.0
8344,4770,3389,8344,"LINESTRING (-71.0860371 42.3285142, -71.0861391 42.3287542)",True,False,0.0,0.0,0.0,0.0,0.0,0.0,0.0
8345,5072,5073,8345,"LINESTRING (-71.0866497 42.333668, -71.0858409 42.3331954)",True,False,0.0,0.0,0.0,0.0,0.0,0.0,0.0
8346,5103,5099,8346,"LINESTRING (-71.0850282 42.3327206, -71.084035 42.332042)",True,False,0.0,0.0,0.0,0.0,0.0,0.0,0.0
8347,3972,3390,8347,"LINESTRING (-71.086738 42.329127, -71.086067 42.329009)",True,False,0.0,0.0,0.0,0.0,0.0,0.0,0.0
8348,5058,5099,8348,"LINESTRING (-71.083305 42.332942, -71.084035 42.332042)",True,False,0.0,0.0,0.0,0.0,0.0,0.0,0.0
8349,3501,3500,8349,"LINESTRING (-71.0876974 42.3304313, -71.085965 42.329426)",True,False,0.0,0.0,0.0,0.0,0.0,0.0,0.0
8368,4750,4751,8368,"LINESTRING (-71.0879661 42.3305298, -71.0882705 42.3306372)",True,False,0.0,0.0,0.0,0.0,0.0,0.0,0.0
8369,4751,4750,8369,"LINESTRING (-71.0882705 42.3306372, -71.0879661 42.3305298)",True,False,0.0,0.0,0.0,0.0,0.0,0.0,0.0
8370,273,3971,8370,"LINESTRING (-71.088537 42.329394, -71.087854 42.329297)",True,False,0.0,0.0,0.0,0.0,0.0,0.0,0.0
8371,272,273,8371,"LINESTRING (-71.088995 42.329439, -71.088537 42.329394)",True,False,0.0,0.0,0.0,0.0,0.0,0.0,0.0
8372,4751,2098,8372,"LINESTRING (-71.0882705 42.3306372, -71.088879 42.330371)",True,False,0.0,0.0,0.0,0.0,0.0,0.0,0.0
8373,3971,3972,8373,"LINESTRING (-71.087854 42.329297, -71.086738 42.329127)",True,False,0.0,0.0,0.0,0.0,0.0,0.0,0.0
8374,3389,3391,8374,"LINESTRING (-71.0861391 42.3287542, -71.0862445 42.3284313)",True,False,0.0,0.0,0.0,0.0,0.0,0.0,0.0
8375,4750,3501,8375,"LINESTRING (-71.0879661 42.3305298, -71.0876974 42.3304313)",True,False,0.0,0.0,0.0,0.0,0.0,0.0,0.0
8376,3501,4750,8376,"LINESTRING (-71.0876974 42.3304313, -71.0879661 42.3305298)",True,False,0.0,0.0,0.0,0.0,0.0,0.0,0.0
8377,4554,4555,8377,"LINESTRING (-71.0884934 42.3348931, -71.0874751 42.3341316)",True,False,0.0,0.0,0.0,0.0,0.0,0.0,0.0
8378,4554,4552,8378,"LINESTRING (-71.0884934 42.3348931, -71.087488 42.3354384)",True,False,0.0,0.0,0.0,0.0,0.0,0.0,0.0
8379,4676,3288,8379,"LINESTRING (-71.0871441 42.3357092, -71.0895089 42.3345378)",True,False,0.0,0.0,0.0,0.0,0.0,0.0,0.0
8400,1819,4554,8400,"LINESTRING (-71.0894167 42.3344267, -71.0884934 42.3348931)",True,False,0.0,0.0,0.0,0.0,0.0,0.0,0.0
8401,3288,1819,8401,"LINESTRING (-71.0895089 42.3345378, -71.0894167 42.3344267)",True,False,0.0,0.0,0.0,0.0,0.0,0.0,0.0
8402,1819,3288,8402,"LINESTRING (-71.0894167 42.3344267, -71.0895089 42.3345378)",True,False,0.0,0.0,0.0,0.0,0.0,0.0,0.0
8403,4555,5066,8403,"LINESTRING (-71.0874751 42.3341316, -71.0870115 42.3338794)",True,False,0.0,0.0,0.0,0.0,0.0,0.0,0.0
8410,5066,5072,8410,"LINESTRING (-71.0870115 42.3338794, -71.0866497 42.333668)",True,False,0.0,0.0,0.0,0.0,0.0,0.0,0.0
8411,4552,4553,8411,"LINESTRING (-71.087488 42.3354384, -71.087067 42.3356382)",True,False,0.0,0.0,0.0,0.0,0.0,0.0,0.0
8412,4676,4553,8412,"LINESTRING (-71.0871441 42.3357092, -71.087067 42.3356382)",True,False,0.0,0.0,0.0,0.0,0.0,0.0,0.0
8413,4184,4676,8413,"LINESTRING (-71.0870223 42.335769, -71.0871441 42.3357092)",True,False,0.0,0.0,0.0,0.0,0.0,0.0,0.0
8414,1023,1025,8414,"LINESTRING (-71.0864085 42.3360172, -71.0868597 42.3357713)",True,False,0.0,0.0,0.0,0.0,0.0,0.0,0.0
8415,1025,1023,8415,"LINESTRING (-71.0868597 42.3357713, -71.0864085 42.3360172)",True,False,0.0,0.0,0.0,0.0,0.0,0.0,0.0
8416,4183,1025,8416,"LINESTRING (-71.0869399 42.3357003, -71.0868597 42.3357713)",True,False,0.0,0.0,0.0,0.0,0.0,0.0,0.0
8417,4183,4184,8417,"LINESTRING (-71.0869399 42.3357003, -71.0870223 42.335769)",True,False,0.0,0.0,0.0,0.0,0.0,0.0,0.0
8418,4553,4183,8418,"LINESTRING (-71.087067 42.3356382, -71.0869399 42.3357003)",True,False,0.0,0.0,0.0,0.0,0.0,0.0,0.0
8419,1025,4184,8419,"LINESTRING (-71.0868597 42.3357713, -71.0870223 42.335769)",True,False,0.0,0.0,0.0,0.0,0.0,0.0,0.0
8420,3404,3703,8420,"LINESTRING (-71.0834559 42.3286365, -71.0850936 42.3289272)",True,False,0.0,0.0,0.0,0.0,0.0,0.0,0.0
8421,3703,3404,8421,"LINESTRING (-71.0850936 42.3289272, -71.0834559 42.3286365)",True,False,0.0,0.0,0.0,0.0,0.0,0.0,0.0
8422,4939,3499,8422,"LINESTRING (-71.0853973 42.3303749, -71.086021 42.329587)",True,False,0.0,0.0,0.0,0.0,0.0,0.0,0.0
8423,5076,4937,8423,"LINESTRING (-71.084051 42.330314, -71.0844509 42.3298924)",True,False,0.0,0.0,0.0,0.0,0.0,0.0,0.0
8424,5095,2948,8424,"LINESTRING (-71.083197 42.330103, -71.0831099 42.3304936)",True,False,0.0,0.0,0.0,0.0,0.0,0.0,0.0
8425,5099,5100,8425,"LINESTRING (-71.084035 42.332042, -71.082714 42.331068)",True,False,0.0,0.0,0.0,0.0,0.0,0.0,0.0
8426,5100,5099,8426,"LINESTRING (-71.082714 42.331068, -71.084035 42.332042)",True,False,0.0,0.0,0.0,0.0,0.0,0.0,0.0
8427,2950,5076,8427,"LINESTRING (-71.0833911 42.3305876, -71.084051 42.330314)",True,False,0.0,0.0,0.0,0.0,0.0,0.0,0.0
8428,3500,3390,8428,"LINESTRING (-71.085965 42.329426, -71.086067 42.329009)",True,False,0.0,0.0,0.0,0.0,0.0,0.0,0.0
8429,3390,3500,8429,"LINESTRING (-71.086067 42.329009, -71.085965 42.329426)",True,False,0.0,0.0,0.0,0.0,0.0,0.0,0.0
8430,3500,3703,8430,"LINESTRING (-71.085965 42.329426, -71.0850936 42.3289272)",True,False,0.0,0.0,0.0,0.0,0.0,0.0,0.0
8431,4938,3703,8431,"LINESTRING (-71.084625 42.329596, -71.0850936 42.3289272)",True,False,0.0,0.0,0.0,0.0,0.0,0.0,0.0
8432,3703,3502,8432,"LINESTRING (-71.0850936 42.3289272, -71.085749 42.329422)",True,False,0.0,0.0,0.0,0.0,0.0,0.0,0.0
8433,4770,3703,8433,"LINESTRING (-71.0860371 42.3285142, -71.0850936 42.3289272)",True,False,0.0,0.0,0.0,0.0,0.0,0.0,0.0
8434,3703,4770,8434,"LINESTRING (-71.0850936 42.3289272, -71.0860371 42.3285142)",True,False,0.0,0.0,0.0,0.0,0.0,0.0,0.0
8435,3502,3499,8435,"LINESTRING (-71.085749 42.329422, -71.086021 42.329587)",True,False,0.0,0.0,0.0,0.0,0.0,0.0,0.0
8436,3499,3500,8436,"LINESTRING (-71.086021 42.329587, -71.085965 42.329426)",True,False,0.0,0.0,0.0,0.0,0.0,0.0,0.0
8437,4937,4938,8437,"LINESTRING (-71.0844509 42.3298924, -71.084625 42.329596)",True,False,0.0,0.0,0.0,0.0,0.0,0.0,0.0
8438,3316,3317,8438,"LINESTRING (-71.084693 42.3312414, -71.0850124 42.3308534)",True,False,0.0,0.0,0.0,0.0,0.0,0.0,0.0
8439,3317,5079,8439,"LINESTRING (-71.0850124 42.3308534, -71.0852116 42.3306114)",True,False,0.0,0.0,0.0,0.0,0.0,0.0,0.0
8440,5079,4939,8440,"LINESTRING (-71.0852116 42.3306114, -71.0853973 42.3303749)",True,False,0.0,0.0,0.0,0.0,0.0,0.0,0.0
8441,3317,5076,8441,"LINESTRING (-71.0850124 42.3308534, -71.084051 42.330314)",True,False,0.0,0.0,0.0,0.0,0.0,0.0,0.0
8442,4460,3316,8442,"LINESTRING (-71.0842192 42.331818, -71.084693 42.3312414)",True,False,0.0,0.0,0.0,0.0,0.0,0.0,0.0
8443,5099,4460,8443,"LINESTRING (-71.084035 42.332042, -71.0842192 42.331818)",True,False,0.0,0.0,0.0,0.0,0.0,0.0,0.0
8444,3397,3404,8444,"LINESTRING (-71.082747 42.328606, -71.0834559 42.3286365)",True,False,0.0,0.0,0.0,0.0,0.0,0.0,0.0
8445,3404,3397,8445,"LINESTRING (-71.0834559 42.3286365, -71.082747 42.328606)",True,False,0.0,0.0,0.0,0.0,0.0,0.0,0.0
8446,3397,3405,8446,"LINESTRING (-71.082747 42.328606, -71.082495 42.3293059)",True,False,0.0,0.0,0.0,0.0,0.0,0.0,0.0
8447,3405,3397,8447,"LINESTRING (-71.082495 42.3293059, -71.082747 42.328606)",True,False,0.0,0.0,0.0,0.0,0.0,0.0,0.0
8448,3404,4642,8448,"LINESTRING (-71.0834559 42.3286365, -71.0833567 42.3293976)",True,False,0.0,0.0,0.0,0.0,0.0,0.0,0.0
8449,4642,5095,8449,"LINESTRING (-71.0833567 42.3293976, -71.083197 42.330103)",True,False,0.0,0.0,0.0,0.0,0.0,0.0,0.0
8450,3397,3403,8450,"LINESTRING (-71.082747 42.328606, -71.0829074 42.3281774)",True,False,0.0,0.0,0.0,0.0,0.0,0.0,0.0
8451,3403,3397,8451,"LINESTRING (-71.0829074 42.3281774, -71.082747 42.328606)",True,False,0.0,0.0,0.0,0.0,0.0,0.0,0.0
8452,282,3405,8452,"LINESTRING (-71.0821539 42.3299461, -71.082495 42.3293059)",True,False,0.0,0.0,0.0,0.0,0.0,0.0,0.0
8453,3405,282,8453,"LINESTRING (-71.082495 42.3293059, -71.0821539 42.3299461)",True,False,0.0,0.0,0.0,0.0,0.0,0.0,0.0
8454,2949,5101,8454,"LINESTRING (-71.083064 42.330657, -71.082986 42.330831)",True,False,0.0,0.0,0.0,0.0,0.0,0.0,0.0
8455,5101,2950,8455,"LINESTRING (-71.082986 42.330831, -71.0833911 42.3305876)",True,False,0.0,0.0,0.0,0.0,0.0,0.0,0.0
8456,2948,2949,8456,"LINESTRING (-71.0831099 42.3304936, -71.083064 42.330657)",True,False,0.0,0.0,0.0,0.0,0.0,0.0,0.0
8457,2948,2950,8457,"LINESTRING (-71.0831099 42.3304936, -71.0833911 42.3305876)",True,False,0.0,0.0,0.0,0.0,0.0,0.0,0.0
8458,5100,5101,8458,"LINESTRING (-71.082714 42.331068, -71.082986 42.330831)",True,False,0.0,0.0,0.0,0.0,0.0,0.0,0.0
8459,5101,5100,8459,"LINESTRING (-71.082986 42.330831, -71.082714 42.331068)",True,False,0.0,0.0,0.0,0.0,0.0,0.0,0.0
8460,1823,1824,8460,"LINESTRING (-71.0825494 42.3337747, -71.0845926 42.3347833)",True,False,0.0,0.0,0.0,0.0,0.0,0.0,0.0
8461,1824,1823,8461,"LINESTRING (-71.0845926 42.3347833, -71.0825494 42.3337747)",True,False,0.0,0.0,0.0,0.0,0.0,0.0,0.0
8462,2557,1858,8462,"LINESTRING (-71.0820425 42.3343212, -71.0822839 42.3340609)",True,False,0.0,0.0,0.0,0.0,0.0,0.0,0.0
8473,5073,5103,8473,"LINESTRING (-71.0858409 42.3331954, -71.0850282 42.3327206)",True,False,0.0,0.0,0.0,0.0,0.0,0.0,0.0
8474,3170,3171,8474,"LINESTRING (-71.0853601 42.3349701, -71.0848433 42.3348679)",True,False,0.0,0.0,0.0,0.0,0.0,0.0,0.0
8475,3171,1824,8475,"LINESTRING (-71.0848433 42.3348679, -71.0845926 42.3347833)",True,False,0.0,0.0,0.0,0.0,0.0,0.0,0.0
8476,1824,3171,8476,"LINESTRING (-71.0845926 42.3347833, -71.0848433 42.3348679)",True,False,0.0,0.0,0.0,0.0,0.0,0.0,0.0
8477,1827,5058,8477,"LINESTRING (-71.0827906 42.3335107, -71.083305 42.332942)",True,False,0.0,0.0,0.0,0.0,0.0,0.0,0.0
8478,1823,1827,8478,"LINESTRING (-71.0825494 42.3337747, -71.0827906 42.3335107)",True,False,0.0,0.0,0.0,0.0,0.0,0.0,0.0
8479,1858,1823,8479,"LINESTRING (-71.0822839 42.3340609, -71.0825494 42.3337747)",True,False,0.0,0.0,0.0,0.0,0.0,0.0,0.0
8482,1773,1774,8482,"LINESTRING (-71.0779743 42.3280455, -71.0775092 42.3277793)",True,False,0.0,0.0,0.0,0.0,0.0,0.0,0.0
8483,1774,1773,8483,"LINESTRING (-71.0775092 42.3277793, -71.0779743 42.3280455)",True,False,0.0,0.0,0.0,0.0,0.0,0.0,0.0
8484,2731,1275,8484,"LINESTRING (-71.0742425 42.3241414, -71.073922 42.323759)",True,False,0.0,0.0,0.0,0.0,0.0,0.0,0.0
8485,1275,2731,8485,"LINESTRING (-71.073922 42.323759, -71.0742425 42.3241414)",True,False,0.0,0.0,0.0,0.0,0.0,0.0,0.0
8486,4087,4088,8486,"LINESTRING (-71.0758414 42.3241176, -71.0761781 42.3236336)",True,False,0.0,0.0,0.0,0.0,0.0,0.0,0.0
8487,4088,4087,8487,"LINESTRING (-71.0761781 42.3236336, -71.0758414 42.3241176)",True,False,0.0,0.0,0.0,0.0,0.0,0.0,0.0
8512,3886,5098,8512,"LINESTRING (-71.081621 42.320732, -71.081923 42.321727)",True,False,0.0,0.0,0.0,0.0,0.0,0.0,0.0
8521,5200,5201,8521,"LINESTRING (-71.075522 42.320573, -71.076677 42.320479)",True,False,0.0,0.0,0.0,0.0,0.0,0.0,0.0
8522,5201,5200,8522,"LINESTRING (-71.076677 42.320479, -71.075522 42.320573)",True,False,0.0,0.0,0.0,0.0,0.0,0.0,0.0
8523,5217,5178,8523,"LINESTRING (-71.077282 42.321811, -71.0771097 42.322279)",True,False,0.0,0.0,0.0,0.0,0.0,0.0,0.0
8524,5178,5217,8524,"LINESTRING (-71.0771097 42.322279, -71.077282 42.321811)",True,False,0.0,0.0,0.0,0.0,0.0,0.0,0.0
8525,5201,5203,8525,"LINESTRING (-71.076677 42.320479, -71.077746 42.320431)",True,False,0.0,0.0,0.0,0.0,0.0,0.0,0.0
8526,5203,5201,8526,"LINESTRING (-71.077746 42.320431, -71.076677 42.320479)",True,False,0.0,0.0,0.0,0.0,0.0,0.0,0.0
8527,5208,5209,8527,"LINESTRING (-71.077709 42.32063, -71.077489 42.321268)",True,False,0.0,0.0,0.0,0.0,0.0,0.0,0.0
8528,5209,5208,8528,"LINESTRING (-71.077489 42.321268, -71.077709 42.32063)",True,False,0.0,0.0,0.0,0.0,0.0,0.0,0.0
8529,5208,5203,8529,"LINESTRING (-71.077709 42.32063, -71.077746 42.320431)",True,False,0.0,0.0,0.0,0.0,0.0,0.0,0.0
8530,5203,5208,8530,"LINESTRING (-71.077746 42.320431, -71.077709 42.32063)",True,False,0.0,0.0,0.0,0.0,0.0,0.0,0.0
8531,5209,5217,8531,"LINESTRING (-71.077489 42.321268, -71.077282 42.321811)",True,False,0.0,0.0,0.0,0.0,0.0,0.0,0.0
8532,5217,5209,8532,"LINESTRING (-71.077282 42.321811, -71.077489 42.321268)",True,False,0.0,0.0,0.0,0.0,0.0,0.0,0.0
8533,5177,4088,8533,"LINESTRING (-71.0766848 42.3228968, -71.0761781 42.3236336)",True,False,0.0,0.0,0.0,0.0,0.0,0.0,0.0
8534,4088,5177,8534,"LINESTRING (-71.0761781 42.3236336, -71.0766848 42.3228968)",True,False,0.0,0.0,0.0,0.0,0.0,0.0,0.0
8535,5177,5178,8535,"LINESTRING (-71.0766848 42.3228968, -71.0771097 42.322279)",True,False,0.0,0.0,0.0,0.0,0.0,0.0,0.0
8536,5178,5177,8536,"LINESTRING (-71.0771097 42.322279, -71.0766848 42.3228968)",True,False,0.0,0.0,0.0,0.0,0.0,0.0,0.0
8537,3365,3367,8537,"LINESTRING (-71.074056 42.320756, -71.0750257 42.320631)",True,False,0.0,0.0,0.0,0.0,0.0,0.0,0.0
8538,3367,3365,8538,"LINESTRING (-71.0750257 42.320631, -71.074056 42.320756)",True,False,0.0,0.0,0.0,0.0,0.0,0.0,0.0
8539,5200,3367,8539,"LINESTRING (-71.075522 42.320573, -71.0750257 42.320631)",True,False,0.0,0.0,0.0,0.0,0.0,0.0,0.0
8540,3367,5200,8540,"LINESTRING (-71.0750257 42.320631, -71.075522 42.320573)",True,False,0.0,0.0,0.0,0.0,0.0,0.0,0.0
8541,4087,4089,8541,"LINESTRING (-71.0758414 42.3241176, -71.0757785 42.3242147)",True,False,0.0,0.0,0.0,0.0,0.0,0.0,0.0
8542,4089,4087,8542,"LINESTRING (-71.0757785 42.3242147, -71.0758414 42.3241176)",True,False,0.0,0.0,0.0,0.0,0.0,0.0,0.0
8543,1767,3376,8543,"LINESTRING (-71.0749617 42.3252735, -71.0753662 42.3261192)",True,False,0.0,0.0,0.0,0.0,0.0,0.0,0.0
8544,3376,1767,8544,"LINESTRING (-71.0753662 42.3261192, -71.0749617 42.3252735)",True,False,0.0,0.0,0.0,0.0,0.0,0.0,0.0
8545,3624,3376,8545,"LINESTRING (-71.0766431 42.3271133, -71.0753662 42.3261192)",True,False,0.0,0.0,0.0,0.0,0.0,0.0,0.0
8546,3376,3624,8546,"LINESTRING (-71.0753662 42.3261192, -71.0766431 42.3271133)",True,False,0.0,0.0,0.0,0.0,0.0,0.0,0.0
8547,3623,3624,8547,"LINESTRING (-71.0774259 42.3277207, -71.0766431 42.3271133)",True,False,0.0,0.0,0.0,0.0,0.0,0.0,0.0
8548,3624,3623,8548,"LINESTRING (-71.0766431 42.3271133, -71.0774259 42.3277207)",True,False,0.0,0.0,0.0,0.0,0.0,0.0,0.0
8549,3623,1774,8549,"LINESTRING (-71.0774259 42.3277207, -71.0775092 42.3277793)",True,False,0.0,0.0,0.0,0.0,0.0,0.0,0.0
8550,1774,3623,8550,"LINESTRING (-71.0775092 42.3277793, -71.0774259 42.3277207)",True,False,0.0,0.0,0.0,0.0,0.0,0.0,0.0
8551,927,930,8551,"LINESTRING (-71.0745822 42.3245773, -71.0749335 42.3252094)",True,False,0.0,0.0,0.0,0.0,0.0,0.0,0.0
8552,930,927,8552,"LINESTRING (-71.0749335 42.3252094, -71.0745822 42.3245773)",True,False,0.0,0.0,0.0,0.0,0.0,0.0,0.0
8553,930,1768,8553,"LINESTRING (-71.0749335 42.3252094, -71.0738987 42.3254448)",True,False,0.0,0.0,0.0,0.0,0.0,0.0,0.0
8554,1768,930,8554,"LINESTRING (-71.0738987 42.3254448, -71.0749335 42.3252094)",True,False,0.0,0.0,0.0,0.0,0.0,0.0,0.0
8555,1767,4089,8555,"LINESTRING (-71.0749617 42.3252735, -71.0757785 42.3242147)",True,False,0.0,0.0,0.0,0.0,0.0,0.0,0.0
8556,4089,1767,8556,"LINESTRING (-71.0757785 42.3242147, -71.0749617 42.3252735)",True,False,0.0,0.0,0.0,0.0,0.0,0.0,0.0
8557,930,1767,8557,"LINESTRING (-71.0749335 42.3252094, -71.0749617 42.3252735)",True,False,0.0,0.0,0.0,0.0,0.0,0.0,0.0
8558,1767,930,8558,"LINESTRING (-71.0749617 42.3252735, -71.0749335 42.3252094)",True,False,0.0,0.0,0.0,0.0,0.0,0.0,0.0
8559,927,928,8559,"LINESTRING (-71.0745822 42.3245773, -71.0742746 42.3241825)",True,False,0.0,0.0,0.0,0.0,0.0,0.0,0.0
8560,928,927,8560,"LINESTRING (-71.0742746 42.3241825, -71.0745822 42.3245773)",True,False,0.0,0.0,0.0,0.0,0.0,0.0,0.0
8561,2731,928,8561,"LINESTRING (-71.0742425 42.3241414, -71.0742746 42.3241825)",True,False,0.0,0.0,0.0,0.0,0.0,0.0,0.0
8562,928,2731,8562,"LINESTRING (-71.0742746 42.3241825, -71.0742425 42.3241414)",True,False,0.0,0.0,0.0,0.0,0.0,0.0,0.0
8563,3374,3375,8563,"LINESTRING (-71.0752363 42.3270295, -71.0751652 42.3277235)",True,False,0.0,0.0,0.0,0.0,0.0,0.0,0.0
8564,3375,3374,8564,"LINESTRING (-71.0751652 42.3277235, -71.0752363 42.3270295)",True,False,0.0,0.0,0.0,0.0,0.0,0.0,0.0
8565,3374,3376,8565,"LINESTRING (-71.0752363 42.3270295, -71.0753662 42.3261192)",True,False,0.0,0.0,0.0,0.0,0.0,0.0,0.0
8566,3376,3374,8566,"LINESTRING (-71.0753662 42.3261192, -71.0752363 42.3270295)",True,False,0.0,0.0,0.0,0.0,0.0,0.0,0.0
8567,1312,1311,8567,"LINESTRING (-71.077632 42.336009, -71.0787954 42.3350615)",True,False,0.0,0.0,0.0,0.0,0.0,0.0,0.0
8568,1311,1312,8568,"LINESTRING (-71.0787954 42.3350615, -71.077632 42.336009)",True,False,0.0,0.0,0.0,0.0,0.0,0.0,0.0
8569,1826,2982,8569,"LINESTRING (-71.0810454 42.3329182, -71.0816905 42.3319694)",True,False,0.0,0.0,0.0,0.0,0.0,0.0,0.0
8570,2982,1826,8570,"LINESTRING (-71.0816905 42.3319694, -71.0810454 42.3329182)",True,False,0.0,0.0,0.0,0.0,0.0,0.0,0.0
8571,2983,4643,8571,"LINESTRING (-71.080569 42.3326601, -71.0794029 42.3320335)",True,False,0.0,0.0,0.0,0.0,0.0,0.0,0.0
8572,4656,2983,8572,"LINESTRING (-71.079307 42.332096, -71.080569 42.3326601)",True,False,0.0,0.0,0.0,0.0,0.0,0.0,0.0
8573,4656,4657,8573,"LINESTRING (-71.079307 42.332096, -71.0782044 42.3328314)",True,False,0.0,0.0,0.0,0.0,0.0,0.0,0.0
8574,4657,4656,8574,"LINESTRING (-71.0782044 42.3328314, -71.079307 42.332096)",True,False,0.0,0.0,0.0,0.0,0.0,0.0,0.0
8575,4232,3697,8575,"LINESTRING (-71.0744072 42.3328771, -71.0756735 42.3320021)",True,False,0.0,0.0,0.0,0.0,0.0,0.0,0.0
8576,5069,4657,8576,"LINESTRING (-71.07757 42.333247, -71.0782044 42.3328314)",True,False,0.0,0.0,0.0,0.0,0.0,0.0,0.0
8577,4657,5069,8577,"LINESTRING (-71.0782044 42.3328314, -71.07757 42.333247)",True,False,0.0,0.0,0.0,0.0,0.0,0.0,0.0
8578,5084,3698,8578,"LINESTRING (-71.078321 42.330371, -71.0769607 42.3312285)",True,False,0.0,0.0,0.0,0.0,0.0,0.0,0.0
8579,3698,5084,8579,"LINESTRING (-71.0769607 42.3312285, -71.078321 42.330371)",True,False,0.0,0.0,0.0,0.0,0.0,0.0,0.0
8580,3697,4240,8580,"LINESTRING (-71.0756735 42.3320021, -71.0743232 42.3328245)",True,False,0.0,0.0,0.0,0.0,0.0,0.0,0.0
8581,4643,3698,8581,"LINESTRING (-71.0794029 42.3320335, -71.0769607 42.3312285)",True,False,0.0,0.0,0.0,0.0,0.0,0.0,0.0
8582,3698,4656,8582,"LINESTRING (-71.0769607 42.3312285, -71.079307 42.332096)",True,False,0.0,0.0,0.0,0.0,0.0,0.0,0.0
8601,936,937,8601,"LINESTRING (-71.0799648 42.328526, -71.0792794 42.3285303)",True,False,0.0,0.0,0.0,0.0,0.0,0.0,0.0
8602,937,936,8602,"LINESTRING (-71.0792794 42.3285303, -71.0799648 42.328526)",True,False,0.0,0.0,0.0,0.0,0.0,0.0,0.0
8603,5085,5091,8603,"LINESTRING (-71.078675 42.330135, -71.07944 42.329674)",True,False,0.0,0.0,0.0,0.0,0.0,0.0,0.0
8604,5091,5085,8604,"LINESTRING (-71.07944 42.329674, -71.078675 42.330135)",True,False,0.0,0.0,0.0,0.0,0.0,0.0,0.0
8605,5120,5085,8605,"LINESTRING (-71.079016 42.32929, -71.078675 42.330135)",True,False,0.0,0.0,0.0,0.0,0.0,0.0,0.0
8606,4643,5230,8606,"LINESTRING (-71.0794029 42.3320335, -71.080888 42.331055)",True,False,0.0,0.0,0.0,0.0,0.0,0.0,0.0
8607,5230,4643,8607,"LINESTRING (-71.080888 42.331055, -71.0794029 42.3320335)",True,False,0.0,0.0,0.0,0.0,0.0,0.0,0.0
8614,938,1775,8614,"LINESTRING (-71.080891 42.328497, -71.0815371 42.328487)",True,False,0.0,0.0,0.0,0.0,0.0,0.0,0.0
8615,1775,938,8615,"LINESTRING (-71.0815371 42.328487, -71.080891 42.328497)",True,False,0.0,0.0,0.0,0.0,0.0,0.0,0.0
8616,936,938,8616,"LINESTRING (-71.0799648 42.328526, -71.080891 42.328497)",True,False,0.0,0.0,0.0,0.0,0.0,0.0,0.0
8617,938,936,8617,"LINESTRING (-71.080891 42.328497, -71.0799648 42.328526)",True,False,0.0,0.0,0.0,0.0,0.0,0.0,0.0
8618,5230,283,8618,"LINESTRING (-71.080888 42.331055, -71.0814341 42.3306879)",True,False,0.0,0.0,0.0,0.0,0.0,0.0,0.0
8619,283,5230,8619,"LINESTRING (-71.0814341 42.3306879, -71.080888 42.331055)",True,False,0.0,0.0,0.0,0.0,0.0,0.0,0.0
8626,281,283,8626,"LINESTRING (-71.0819081 42.3302529, -71.0814341 42.3306879)",True,False,0.0,0.0,0.0,0.0,0.0,0.0,0.0
8627,283,281,8627,"LINESTRING (-71.0814341 42.3306879, -71.0819081 42.3302529)",True,False,0.0,0.0,0.0,0.0,0.0,0.0,0.0
8628,2982,5102,8628,"LINESTRING (-71.0816905 42.3319694, -71.0819385 42.3317532)",True,False,0.0,0.0,0.0,0.0,0.0,0.0,0.0
8629,5102,2982,8629,"LINESTRING (-71.0819385 42.3317532, -71.0816905 42.3319694)",True,False,0.0,0.0,0.0,0.0,0.0,0.0,0.0
8634,5119,5120,8634,"LINESTRING (-71.0791401 42.328943, -71.079016 42.32929)",True,False,0.0,0.0,0.0,0.0,0.0,0.0,0.0
8635,5120,5119,8635,"LINESTRING (-71.079016 42.32929, -71.0791401 42.328943)",True,False,0.0,0.0,0.0,0.0,0.0,0.0,0.0
8636,5119,937,8636,"LINESTRING (-71.0791401 42.328943, -71.0792794 42.3285303)",True,False,0.0,0.0,0.0,0.0,0.0,0.0,0.0
8637,937,5119,8637,"LINESTRING (-71.0792794 42.3285303, -71.0791401 42.328943)",True,False,0.0,0.0,0.0,0.0,0.0,0.0,0.0
8638,5091,5120,8638,"LINESTRING (-71.07944 42.329674, -71.079016 42.32929)",True,False,0.0,0.0,0.0,0.0,0.0,0.0,0.0
8639,5120,5091,8639,"LINESTRING (-71.079016 42.32929, -71.07944 42.329674)",True,False,0.0,0.0,0.0,0.0,0.0,0.0,0.0
8640,4656,4643,8640,"LINESTRING (-71.079307 42.332096, -71.0794029 42.3320335)",True,False,0.0,0.0,0.0,0.0,0.0,0.0,0.0
8641,4643,4656,8641,"LINESTRING (-71.0794029 42.3320335, -71.079307 42.332096)",True,False,0.0,0.0,0.0,0.0,0.0,0.0,0.0
8642,5084,5085,8642,"LINESTRING (-71.078321 42.330371, -71.078675 42.330135)",True,False,0.0,0.0,0.0,0.0,0.0,0.0,0.0
8643,5085,5084,8643,"LINESTRING (-71.078675 42.330135, -71.078321 42.330371)",True,False,0.0,0.0,0.0,0.0,0.0,0.0,0.0
8644,846,847,8644,"LINESTRING (-71.0798317 42.3361439, -71.0801 42.335951)",True,False,0.0,0.0,0.0,0.0,0.0,0.0,0.0
8645,1308,1310,8645,"LINESTRING (-71.079362 42.334598, -71.079936 42.334196)",True,False,0.0,0.0,0.0,0.0,0.0,0.0,0.0
8646,1319,1308,8646,"LINESTRING (-71.079845 42.33412, -71.079362 42.334598)",True,False,0.0,0.0,0.0,0.0,0.0,0.0,0.0
8647,1310,2981,8647,"LINESTRING (-71.079936 42.334196, -71.0806353 42.3334892)",True,False,0.0,0.0,0.0,0.0,0.0,0.0,0.0
8648,2981,1319,8648,"LINESTRING (-71.0806353 42.3334892, -71.079845 42.33412)",True,False,0.0,0.0,0.0,0.0,0.0,0.0,0.0
8649,1826,2981,8649,"LINESTRING (-71.0810454 42.3329182, -71.0806353 42.3334892)",True,False,0.0,0.0,0.0,0.0,0.0,0.0,0.0
8650,2981,1826,8650,"LINESTRING (-71.0806353 42.3334892, -71.0810454 42.3329182)",True,False,0.0,0.0,0.0,0.0,0.0,0.0,0.0
8651,1826,2983,8651,"LINESTRING (-71.0810454 42.3329182, -71.080569 42.3326601)",True,False,0.0,0.0,0.0,0.0,0.0,0.0,0.0
8652,2983,1826,8652,"LINESTRING (-71.080569 42.3326601, -71.0810454 42.3329182)",True,False,0.0,0.0,0.0,0.0,0.0,0.0,0.0
8653,847,2430,8653,"LINESTRING (-71.0801 42.335951, -71.081457 42.334916)",True,False,0.0,0.0,0.0,0.0,0.0,0.0,0.0
8654,2430,4549,8654,"LINESTRING (-71.081457 42.334916, -71.0819228 42.3344503)",True,False,0.0,0.0,0.0,0.0,0.0,0.0,0.0
8655,1309,1311,8655,"LINESTRING (-71.079319 42.334638, -71.0787954 42.3350615)",True,False,0.0,0.0,0.0,0.0,0.0,0.0,0.0
8656,1311,1309,8656,"LINESTRING (-71.0787954 42.3350615, -71.079319 42.334638)",True,False,0.0,0.0,0.0,0.0,0.0,0.0,0.0
8657,1308,1309,8657,"LINESTRING (-71.079362 42.334598, -71.079319 42.334638)",True,False,0.0,0.0,0.0,0.0,0.0,0.0,0.0
8658,1309,1308,8658,"LINESTRING (-71.079319 42.334638, -71.079362 42.334598)",True,False,0.0,0.0,0.0,0.0,0.0,0.0,0.0
8659,2470,2471,8659,"LINESTRING (-71.0749488 42.3298365, -71.0748833 42.3304754)",True,False,0.0,0.0,0.0,0.0,0.0,0.0,0.0
8660,2471,2470,8660,"LINESTRING (-71.0748833 42.3304754, -71.0749488 42.3298365)",True,False,0.0,0.0,0.0,0.0,0.0,0.0,0.0
8661,3696,3697,8661,"LINESTRING (-71.076169 42.331703, -71.0756735 42.3320021)",True,False,0.0,0.0,0.0,0.0,0.0,0.0,0.0
8662,3697,3696,8662,"LINESTRING (-71.0756735 42.3320021, -71.076169 42.331703)",True,False,0.0,0.0,0.0,0.0,0.0,0.0,0.0
8663,4239,3698,8663,"LINESTRING (-71.0748651 42.3312302, -71.0769607 42.3312285)",True,False,0.0,0.0,0.0,0.0,0.0,0.0,0.0
8664,3698,4239,8664,"LINESTRING (-71.0769607 42.3312285, -71.0748651 42.3312302)",True,False,0.0,0.0,0.0,0.0,0.0,0.0,0.0
8665,3696,3698,8665,"LINESTRING (-71.076169 42.331703, -71.0769607 42.3312285)",True,False,0.0,0.0,0.0,0.0,0.0,0.0,0.0
8666,3698,3696,8666,"LINESTRING (-71.0769607 42.3312285, -71.076169 42.331703)",True,False,0.0,0.0,0.0,0.0,0.0,0.0,0.0
8667,2470,2472,8667,"LINESTRING (-71.0749488 42.3298365, -71.0750247 42.3290501)",True,False,0.0,0.0,0.0,0.0,0.0,0.0,0.0
8668,2472,2470,8668,"LINESTRING (-71.0750247 42.3290501, -71.0749488 42.3298365)",True,False,0.0,0.0,0.0,0.0,0.0,0.0,0.0
8669,2472,2473,8669,"LINESTRING (-71.0750247 42.3290501, -71.0750893 42.3283071)",True,False,0.0,0.0,0.0,0.0,0.0,0.0,0.0
8670,2473,2472,8670,"LINESTRING (-71.0750893 42.3283071, -71.0750247 42.3290501)",True,False,0.0,0.0,0.0,0.0,0.0,0.0,0.0
8671,4239,5276,8671,"LINESTRING (-71.0748651 42.3312302, -71.074843 42.3308698)",True,False,0.0,0.0,0.0,0.0,0.0,0.0,0.0
8672,5276,4239,8672,"LINESTRING (-71.074843 42.3308698, -71.0748651 42.3312302)",True,False,0.0,0.0,0.0,0.0,0.0,0.0,0.0
8673,5276,2471,8673,"LINESTRING (-71.074843 42.3308698, -71.0748833 42.3304754)",True,False,0.0,0.0,0.0,0.0,0.0,0.0,0.0
8674,2471,5276,8674,"LINESTRING (-71.0748833 42.3304754, -71.074843 42.3308698)",True,False,0.0,0.0,0.0,0.0,0.0,0.0,0.0
8675,3697,4239,8675,"LINESTRING (-71.0756735 42.3320021, -71.0748651 42.3312302)",True,False,0.0,0.0,0.0,0.0,0.0,0.0,0.0
8676,4239,3697,8676,"LINESTRING (-71.0748651 42.3312302, -71.0756735 42.3320021)",True,False,0.0,0.0,0.0,0.0,0.0,0.0,0.0
8677,4236,2823,8677,"LINESTRING (-71.076536 42.3360423, -71.0751814 42.3349159)",True,False,0.0,0.0,0.0,0.0,0.0,0.0,0.0
8678,4010,952,8678,"LINESTRING (-71.0757481 42.3344434, -71.076216 42.334829)",True,False,0.0,0.0,0.0,0.0,0.0,0.0,0.0
8679,4010,4678,8679,"LINESTRING (-71.0757481 42.3344434, -71.0750259 42.3334941)",True,False,0.0,0.0,0.0,0.0,0.0,0.0,0.0
8680,4678,4010,8680,"LINESTRING (-71.0750259 42.3334941, -71.0757481 42.3344434)",True,False,0.0,0.0,0.0,0.0,0.0,0.0,0.0
8681,4010,5070,8681,"LINESTRING (-71.0757481 42.3344434, -71.0770373 42.333601)",True,False,0.0,0.0,0.0,0.0,0.0,0.0,0.0
8682,5070,4010,8682,"LINESTRING (-71.0770373 42.333601, -71.0757481 42.3344434)",True,False,0.0,0.0,0.0,0.0,0.0,0.0,0.0
8683,5069,5070,8683,"LINESTRING (-71.07757 42.333247, -71.0770373 42.333601)",True,False,0.0,0.0,0.0,0.0,0.0,0.0,0.0
8684,5070,5069,8684,"LINESTRING (-71.0770373 42.333601, -71.07757 42.333247)",True,False,0.0,0.0,0.0,0.0,0.0,0.0,0.0
8685,953,4083,8685,"LINESTRING (-71.076384 42.33496, -71.0771043 42.3355447)",True,False,0.0,0.0,0.0,0.0,0.0,0.0,0.0
8686,4039,1312,8686,"LINESTRING (-71.0772013 42.3356289, -71.077632 42.336009)",True,False,0.0,0.0,0.0,0.0,0.0,0.0,0.0
8687,4083,4039,8687,"LINESTRING (-71.0771043 42.3355447, -71.0772013 42.3356289)",True,False,0.0,0.0,0.0,0.0,0.0,0.0,0.0
8688,952,953,8688,"LINESTRING (-71.076216 42.334829, -71.076384 42.33496)",True,False,0.0,0.0,0.0,0.0,0.0,0.0,0.0
8689,4232,4678,8689,"LINESTRING (-71.0744072 42.3328771, -71.0750259 42.3334941)",True,False,0.0,0.0,0.0,0.0,0.0,0.0,0.0
8690,4678,4232,8690,"LINESTRING (-71.0750259 42.3334941, -71.0744072 42.3328771)",True,False,0.0,0.0,0.0,0.0,0.0,0.0,0.0
8691,4232,4240,8691,"LINESTRING (-71.0744072 42.3328771, -71.0743232 42.3328245)",True,False,0.0,0.0,0.0,0.0,0.0,0.0,0.0
8692,4240,4232,8692,"LINESTRING (-71.0743232 42.3328245, -71.0744072 42.3328771)",True,False,0.0,0.0,0.0,0.0,0.0,0.0,0.0
8693,2822,2825,8693,"LINESTRING (-71.0750961 42.3349908, -71.0744876 42.3354723)",True,False,0.0,0.0,0.0,0.0,0.0,0.0,0.0
8694,2825,2822,8694,"LINESTRING (-71.0744876 42.3354723, -71.0750961 42.3349908)",True,False,0.0,0.0,0.0,0.0,0.0,0.0,0.0
8695,4009,2823,8695,"LINESTRING (-71.0754667 42.3346694, -71.0751814 42.3349159)",True,False,0.0,0.0,0.0,0.0,0.0,0.0,0.0
8696,2823,4009,8696,"LINESTRING (-71.0751814 42.3349159, -71.0754667 42.3346694)",True,False,0.0,0.0,0.0,0.0,0.0,0.0,0.0
8697,4009,4010,8697,"LINESTRING (-71.0754667 42.3346694, -71.0757481 42.3344434)",True,False,0.0,0.0,0.0,0.0,0.0,0.0,0.0
8698,4010,4009,8698,"LINESTRING (-71.0757481 42.3344434, -71.0754667 42.3346694)",True,False,0.0,0.0,0.0,0.0,0.0,0.0,0.0
8699,2822,2823,8699,"LINESTRING (-71.0750961 42.3349908, -71.0751814 42.3349159)",True,False,0.0,0.0,0.0,0.0,0.0,0.0,0.0
8700,2823,2822,8700,"LINESTRING (-71.0751814 42.3349159, -71.0750961 42.3349908)",True,False,0.0,0.0,0.0,0.0,0.0,0.0,0.0
8701,3578,2825,8701,"LINESTRING (-71.0738555 42.3359798, -71.0744876 42.3354723)",True,False,0.0,0.0,0.0,0.0,0.0,0.0,0.0
8702,2825,3578,8702,"LINESTRING (-71.0744876 42.3354723, -71.0738555 42.3359798)",True,False,0.0,0.0,0.0,0.0,0.0,0.0,0.0
10231,647,648,10231,"LINESTRING (-71.05742 42.312012, -71.057207 42.31296)",True,False,0.0,0.0,0.0,0.0,0.0,0.0,0.0
10232,648,647,10232,"LINESTRING (-71.057207 42.31296, -71.05742 42.312012)",True,False,0.0,0.0,0.0,0.0,0.0,0.0,0.0
10233,648,676,10233,"LINESTRING (-71.057207 42.31296, -71.058025 42.312863)",True,False,0.0,0.0,0.0,0.0,0.0,0.0,0.0
10234,676,648,10234,"LINESTRING (-71.058025 42.312863, -71.057207 42.31296)",True,False,0.0,0.0,0.0,0.0,0.0,0.0,0.0
10235,2022,2023,10235,"LINESTRING (-71.0491184 42.3178361, -71.0509422 42.3215359)",True,False,0.0,0.0,0.0,0.0,0.0,0.0,0.0
10236,2290,1677,10236,"LINESTRING (-71.0569716 42.329498, -71.0582716 42.3297413)",True,False,0.0,0.0,0.0,0.0,0.0,0.0,0.0
10237,1677,2290,10237,"LINESTRING (-71.0582716 42.3297413, -71.0569716 42.329498)",True,False,0.0,0.0,0.0,0.0,0.0,0.0,0.0
10238,2290,2294,10238,"LINESTRING (-71.0569716 42.329498, -71.0577596 42.3283731)",True,False,0.0,0.0,0.0,0.0,0.0,0.0,0.0
10239,2294,2290,10239,"LINESTRING (-71.0577596 42.3283731, -71.0569716 42.329498)",True,False,0.0,0.0,0.0,0.0,0.0,0.0,0.0
10240,2738,2657,10240,"LINESTRING (-71.0514029 42.3214363, -71.0497361 42.3186367)",True,False,0.0,0.0,0.0,0.0,0.0,0.0,0.0
10241,2477,2891,10241,"LINESTRING (-71.070666 42.319555, -71.0712903 42.3201791)",True,False,0.0,0.0,0.0,0.0,0.0,0.0,0.0
10242,2891,2477,10242,"LINESTRING (-71.0712903 42.3201791, -71.070666 42.319555)",True,False,0.0,0.0,0.0,0.0,0.0,0.0,0.0
10243,3314,1849,10243,"LINESTRING (-71.0554678 42.3240034, -71.0518528 42.3182806)",True,False,0.0,0.0,0.0,0.0,0.0,0.0,0.0
10244,3428,3425,10244,"LINESTRING (-71.0625301 42.3198849, -71.0631454 42.3191835)",True,False,0.0,0.0,0.0,0.0,0.0,0.0,0.0
10245,3431,3432,10245,"LINESTRING (-71.0575245 42.3203699, -71.056775 42.320652)",True,False,0.0,0.0,0.0,0.0,0.0,0.0,0.0
10246,3446,2303,10246,"LINESTRING (-71.0591817 42.3192751, -71.0596899 42.3200147)",True,False,0.0,0.0,0.0,0.0,0.0,0.0,0.0
10247,1784,1030,10247,"LINESTRING (-71.0624135 42.3198125, -71.0614864 42.3204917)",True,False,0.0,0.0,0.0,0.0,0.0,0.0,0.0
10248,4148,3314,10248,"LINESTRING (-71.0589621 42.32775, -71.0554678 42.3240034)",True,False,0.0,0.0,0.0,0.0,0.0,0.0,0.0
10249,4400,3431,10249,"LINESTRING (-71.0567783 42.3207917, -71.0575245 42.3203699)",True,False,0.0,0.0,0.0,0.0,0.0,0.0,0.0
10250,4405,4250,10250,"LINESTRING (-71.049714 42.3203849, -71.045809 42.3190836)",True,False,0.0,0.0,0.0,0.0,0.0,0.0,0.0
10251,2014,4408,10251,"LINESTRING (-71.0499095 42.319593, -71.0500353 42.3199306)",True,False,0.0,0.0,0.0,0.0,0.0,0.0,0.0
10252,3432,4686,10252,"LINESTRING (-71.056775 42.320652, -71.0567597 42.3198644)",True,False,0.0,0.0,0.0,0.0,0.0,0.0,0.0
10253,4686,3432,10253,"LINESTRING (-71.0567597 42.3198644, -71.056775 42.320652)",True,False,0.0,0.0,0.0,0.0,0.0,0.0,0.0
10254,1527,1849,10254,"LINESTRING (-71.0541033 42.3213795, -71.0518528 42.3182806)",True,False,0.0,0.0,0.0,0.0,0.0,0.0,0.0
10255,4242,5216,10255,"LINESTRING (-71.0608344 42.3198919, -71.0600941 42.3192921)",True,False,0.0,0.0,0.0,0.0,0.0,0.0,0.0
10256,4250,2962,10256,"LINESTRING (-71.045809 42.3190836, -71.0495219 42.3204292)",True,False,0.0,0.0,0.0,0.0,0.0,0.0,0.0
10257,2366,5287,10257,"LINESTRING (-71.0511481 42.3206934, -71.0497599 42.3182997)",True,False,0.0,0.0,0.0,0.0,0.0,0.0,0.0
10258,5287,2366,10258,"LINESTRING (-71.0497599 42.3182997, -71.0511481 42.3206934)",True,False,0.0,0.0,0.0,0.0,0.0,0.0,0.0
10259,4684,1613,10259,"LINESTRING (-71.0587525 42.3186922, -71.056731 42.3185162)",True,False,0.0,0.0,0.0,0.0,0.0,0.0,0.0
10260,4169,5405,10260,"LINESTRING (-71.0552901 42.3240773, -71.0587997 42.3279191)",True,False,0.0,0.0,0.0,0.0,0.0,0.0,0.0
10261,5406,4402,10261,"LINESTRING (-71.0517263 42.3184742, -71.0528518 42.321419)",True,False,0.0,0.0,0.0,0.0,0.0,0.0,0.0
10262,5406,4169,10262,"LINESTRING (-71.0517263 42.3184742, -71.0552901 42.3240773)",True,False,0.0,0.0,0.0,0.0,0.0,0.0,0.0
10427,3459,3455,10427,"LINESTRING (-71.06572 42.31447, -71.065465 42.31402)",True,False,0.0,0.0,0.0,0.0,0.0,0.0,0.0
10428,3455,3459,10428,"LINESTRING (-71.065465 42.31402, -71.06572 42.31447)",True,False,0.0,0.0,0.0,0.0,0.0,0.0,0.0
10429,2376,3688,10429,"LINESTRING (-71.066277 42.3175748, -71.0654467 42.317156)",True,False,0.0,0.0,0.0,0.0,0.0,0.0,0.0
10430,3688,2376,10430,"LINESTRING (-71.0654467 42.317156, -71.066277 42.3175748)",True,False,0.0,0.0,0.0,0.0,0.0,0.0,0.0
10431,3730,736,10431,"LINESTRING (-71.059379 42.311039, -71.058881 42.312771)",True,False,0.0,0.0,0.0,0.0,0.0,0.0,0.0
10432,736,3730,10432,"LINESTRING (-71.058881 42.312771, -71.059379 42.311039)",True,False,0.0,0.0,0.0,0.0,0.0,0.0,0.0
10436,1531,3648,10436,"LINESTRING (-71.06521 42.3170628, -71.066145 42.3161866)",True,False,0.0,0.0,0.0,0.0,0.0,0.0,0.0
10437,4637,5231,10437,"LINESTRING (-71.0663146 42.315805, -71.0655119 42.316733)",True,False,0.0,0.0,0.0,0.0,0.0,0.0,0.0
10438,1939,2603,10438,"LINESTRING (-71.070018 42.311275, -71.068362 42.312682)",True,False,0.0,0.0,0.0,0.0,0.0,0.0,0.0
10605,1528,1529,10605,"LINESTRING (-71.0664207 42.3158595, -71.0665037 42.3157599)",True,False,0.0,0.0,0.0,0.0,0.0,0.0,0.0
10606,2077,2078,10606,"LINESTRING (-71.069104 42.318728, -71.069698 42.318947)",True,False,0.0,0.0,0.0,0.0,0.0,0.0,0.0
10607,2078,2077,10607,"LINESTRING (-71.069698 42.318947, -71.069104 42.318728)",True,False,0.0,0.0,0.0,0.0,0.0,0.0,0.0
10608,4635,4637,10608,"LINESTRING (-71.0661287 42.3155283, -71.0663146 42.315805)",True,False,0.0,0.0,0.0,0.0,0.0,0.0,0.0
10609,1525,4637,10609,"LINESTRING (-71.0663741 42.3156936, -71.0663146 42.315805)",True,False,0.0,0.0,0.0,0.0,0.0,0.0,0.0
10636,2477,2078,10636,"LINESTRING (-71.070666 42.319555, -71.069698 42.318947)",True,False,0.0,0.0,0.0,0.0,0.0,0.0,0.0
10637,2078,2477,10637,"LINESTRING (-71.069698 42.318947, -71.070666 42.319555)",True,False,0.0,0.0,0.0,0.0,0.0,0.0,0.0
10638,1521,1522,10638,"LINESTRING (-71.067429 42.314603, -71.067907 42.313771)",True,False,0.0,0.0,0.0,0.0,0.0,0.0,0.0
10639,2603,1524,10639,"LINESTRING (-71.068362 42.312682, -71.0672333 42.3146207)",True,False,0.0,0.0,0.0,0.0,0.0,0.0,0.0
10640,1522,4949,10640,"LINESTRING (-71.067907 42.313771, -71.068499 42.312726)",True,False,0.0,0.0,0.0,0.0,0.0,0.0,0.0
10641,4949,3733,10641,"LINESTRING (-71.068499 42.312726, -71.069298 42.311985)",True,False,0.0,0.0,0.0,0.0,0.0,0.0,0.0
10642,1524,1525,10642,"LINESTRING (-71.0672333 42.3146207, -71.0663741 42.3156936)",True,False,0.0,0.0,0.0,0.0,0.0,0.0,0.0
10643,3459,3460,10643,"LINESTRING (-71.06572 42.31447, -71.0658862 42.3148353)",True,False,0.0,0.0,0.0,0.0,0.0,0.0,0.0
10644,3460,3459,10644,"LINESTRING (-71.0658862 42.3148353, -71.06572 42.31447)",True,False,0.0,0.0,0.0,0.0,0.0,0.0,0.0
10645,3630,1521,10645,"LINESTRING (-71.066597 42.315648, -71.067429 42.314603)",True,False,0.0,0.0,0.0,0.0,0.0,0.0,0.0
10646,4635,4636,10646,"LINESTRING (-71.0661287 42.3155283, -71.0660581 42.3153273)",True,False,0.0,0.0,0.0,0.0,0.0,0.0,0.0
10647,4636,4635,10647,"LINESTRING (-71.0660581 42.3153273, -71.0661287 42.3155283)",True,False,0.0,0.0,0.0,0.0,0.0,0.0,0.0
10648,4636,3460,10648,"LINESTRING (-71.0660581 42.3153273, -71.0658862 42.3148353)",True,False,0.0,0.0,0.0,0.0,0.0,0.0,0.0
10649,3460,4636,10649,"LINESTRING (-71.0658862 42.3148353, -71.0660581 42.3153273)",True,False,0.0,0.0,0.0,0.0,0.0,0.0,0.0
10650,1525,4635,10650,"LINESTRING (-71.0663741 42.3156936, -71.0661287 42.3155283)",True,False,0.0,0.0,0.0,0.0,0.0,0.0,0.0
10651,1529,1525,10651,"LINESTRING (-71.0665037 42.3157599, -71.0663741 42.3156936)",True,False,0.0,0.0,0.0,0.0,0.0,0.0,0.0
10652,1529,3630,10652,"LINESTRING (-71.0665037 42.3157599, -71.066597 42.315648)",True,False,0.0,0.0,0.0,0.0,0.0,0.0,0.0
10653,2317,2318,10653,"LINESTRING (-71.0668579 42.3178208, -71.0672422 42.3179756)",True,False,0.0,0.0,0.0,0.0,0.0,0.0,0.0
10654,2318,2317,10654,"LINESTRING (-71.0672422 42.3179756, -71.0668579 42.3178208)",True,False,0.0,0.0,0.0,0.0,0.0,0.0,0.0
10655,3418,2374,10655,"LINESTRING (-71.0679773 42.3182847, -71.067301 42.3179996)",True,False,0.0,0.0,0.0,0.0,0.0,0.0,0.0
10656,2374,3418,10656,"LINESTRING (-71.067301 42.3179996, -71.0679773 42.3182847)",True,False,0.0,0.0,0.0,0.0,0.0,0.0,0.0
10671,2127,3419,10671,"LINESTRING (-71.0690162 42.3186984, -71.0682494 42.3183975)",True,False,0.0,0.0,0.0,0.0,0.0,0.0,0.0
10672,3419,2127,10672,"LINESTRING (-71.0682494 42.3183975, -71.0690162 42.3186984)",True,False,0.0,0.0,0.0,0.0,0.0,0.0,0.0
10673,2077,2127,10673,"LINESTRING (-71.069104 42.318728, -71.0690162 42.3186984)",True,False,0.0,0.0,0.0,0.0,0.0,0.0,0.0
10674,2127,2077,10674,"LINESTRING (-71.0690162 42.3186984, -71.069104 42.318728)",True,False,0.0,0.0,0.0,0.0,0.0,0.0,0.0
10675,3418,3419,10675,"LINESTRING (-71.0679773 42.3182847, -71.0682494 42.3183975)",True,False,0.0,0.0,0.0,0.0,0.0,0.0,0.0
10676,3419,3418,10676,"LINESTRING (-71.0682494 42.3183975, -71.0679773 42.3182847)",True,False,0.0,0.0,0.0,0.0,0.0,0.0,0.0
10677,2317,2358,10677,"LINESTRING (-71.0668579 42.3178208, -71.0665228 42.3176806)",True,False,0.0,0.0,0.0,0.0,0.0,0.0,0.0
10678,2358,2317,10678,"LINESTRING (-71.0665228 42.3176806, -71.0668579 42.3178208)",True,False,0.0,0.0,0.0,0.0,0.0,0.0,0.0
10679,3648,1528,10679,"LINESTRING (-71.066145 42.3161866, -71.0664207 42.3158595)",True,False,0.0,0.0,0.0,0.0,0.0,0.0,0.0
10680,4637,1528,10680,"LINESTRING (-71.0663146 42.315805, -71.0664207 42.3158595)",True,False,0.0,0.0,0.0,0.0,0.0,0.0,0.0
10681,2358,2376,10681,"LINESTRING (-71.0665228 42.3176806, -71.066277 42.3175748)",True,False,0.0,0.0,0.0,0.0,0.0,0.0,0.0
10682,2376,2358,10682,"LINESTRING (-71.066277 42.3175748, -71.0665228 42.3176806)",True,False,0.0,0.0,0.0,0.0,0.0,0.0,0.0
10687,2318,2374,10687,"LINESTRING (-71.0672422 42.3179756, -71.067301 42.3179996)",True,False,0.0,0.0,0.0,0.0,0.0,0.0,0.0
10688,2374,2318,10688,"LINESTRING (-71.067301 42.3179996, -71.0672422 42.3179756)",True,False,0.0,0.0,0.0,0.0,0.0,0.0,0.0
10859,1776,1778,10859,"LINESTRING (-71.0619594 42.3156427, -71.0627326 42.3160094)",True,False,0.0,0.0,0.0,0.0,0.0,0.0,0.0
10860,1778,1776,10860,"LINESTRING (-71.0627326 42.3160094, -71.0619594 42.3156427)",True,False,0.0,0.0,0.0,0.0,0.0,0.0,0.0
10861,1777,4691,10861,"LINESTRING (-71.0619215 42.3156247, -71.0615013 42.3154207)",True,False,0.0,0.0,0.0,0.0,0.0,0.0,0.0
10862,4691,1777,10862,"LINESTRING (-71.0615013 42.3154207, -71.0619215 42.3156247)",True,False,0.0,0.0,0.0,0.0,0.0,0.0,0.0
10863,5233,5234,10863,"LINESTRING (-71.0597313 42.3156635, -71.0596251 42.3159991)",True,False,0.0,0.0,0.0,0.0,0.0,0.0,0.0
10864,5234,5233,10864,"LINESTRING (-71.0596251 42.3159991, -71.0597313 42.3156635)",True,False,0.0,0.0,0.0,0.0,0.0,0.0,0.0
10911,302,3455,10911,"LINESTRING (-71.065201 42.313558, -71.065465 42.31402)",True,False,0.0,0.0,0.0,0.0,0.0,0.0,0.0
10912,3455,302,10912,"LINESTRING (-71.065465 42.31402, -71.065201 42.313558)",True,False,0.0,0.0,0.0,0.0,0.0,0.0,0.0
10913,294,295,10913,"LINESTRING (-71.064776 42.3128539, -71.064413 42.312569)",True,False,0.0,0.0,0.0,0.0,0.0,0.0,0.0
10914,295,294,10914,"LINESTRING (-71.064413 42.312569, -71.064776 42.3128539)",True,False,0.0,0.0,0.0,0.0,0.0,0.0,0.0
10915,294,302,10915,"LINESTRING (-71.064776 42.3128539, -71.065201 42.313558)",True,False,0.0,0.0,0.0,0.0,0.0,0.0,0.0
10916,302,294,10916,"LINESTRING (-71.065201 42.313558, -71.064776 42.3128539)",True,False,0.0,0.0,0.0,0.0,0.0,0.0,0.0
10917,295,2529,10917,"LINESTRING (-71.064413 42.312569, -71.064267 42.312459)",True,False,0.0,0.0,0.0,0.0,0.0,0.0,0.0
10918,2529,295,10918,"LINESTRING (-71.064267 42.312459, -71.064413 42.312569)",True,False,0.0,0.0,0.0,0.0,0.0,0.0,0.0
10919,1776,1777,10919,"LINESTRING (-71.0619594 42.3156427, -71.0619215 42.3156247)",True,False,0.0,0.0,0.0,0.0,0.0,0.0,0.0
10920,1777,1776,10920,"LINESTRING (-71.0619215 42.3156247, -71.0619594 42.3156427)",True,False,0.0,0.0,0.0,0.0,0.0,0.0,0.0
10921,1530,1532,10921,"LINESTRING (-71.0650282 42.3169995, -71.0631547 42.3162061)",True,False,0.0,0.0,0.0,0.0,0.0,0.0,0.0
10922,1532,1530,10922,"LINESTRING (-71.0631547 42.3162061, -71.0650282 42.3169995)",True,False,0.0,0.0,0.0,0.0,0.0,0.0,0.0
10923,1530,1533,10923,"LINESTRING (-71.0650282 42.3169995, -71.0634537 42.3185672)",True,False,0.0,0.0,0.0,0.0,0.0,0.0,0.0
10924,1783,1531,10924,"LINESTRING (-71.0639807 42.3180435, -71.06521 42.3170628)",True,False,0.0,0.0,0.0,0.0,0.0,0.0,0.0
10925,3425,1782,10925,"LINESTRING (-71.0631454 42.3191835, -71.0635647 42.3186115)",True,False,0.0,0.0,0.0,0.0,0.0,0.0,0.0
10940,5231,1530,10940,"LINESTRING (-71.0655119 42.316733, -71.0650282 42.3169995)",True,False,0.0,0.0,0.0,0.0,0.0,0.0,0.0
10941,1530,1531,10941,"LINESTRING (-71.0650282 42.3169995, -71.06521 42.3170628)",True,False,0.0,0.0,0.0,0.0,0.0,0.0,0.0
10942,1531,1530,10942,"LINESTRING (-71.06521 42.3170628, -71.0650282 42.3169995)",True,False,0.0,0.0,0.0,0.0,0.0,0.0,0.0
10943,1531,3688,10943,"LINESTRING (-71.06521 42.3170628, -71.0654467 42.317156)",True,False,0.0,0.0,0.0,0.0,0.0,0.0,0.0
10944,3688,1531,10944,"LINESTRING (-71.0654467 42.317156, -71.06521 42.3170628)",True,False,0.0,0.0,0.0,0.0,0.0,0.0,0.0
10945,1782,1783,10945,"LINESTRING (-71.0635647 42.3186115, -71.0639807 42.3180435)",True,False,0.0,0.0,0.0,0.0,0.0,0.0,0.0
10946,1532,1778,10946,"LINESTRING (-71.0631547 42.3162061, -71.0627326 42.3160094)",True,False,0.0,0.0,0.0,0.0,0.0,0.0,0.0
10947,1778,1532,10947,"LINESTRING (-71.0627326 42.3160094, -71.0631547 42.3162061)",True,False,0.0,0.0,0.0,0.0,0.0,0.0,0.0
10952,1533,1784,10952,"LINESTRING (-71.0634537 42.3185672, -71.0624135 42.3198125)",True,False,0.0,0.0,0.0,0.0,0.0,0.0,0.0
10953,736,5018,10953,"LINESTRING (-71.058881 42.312771, -71.0598816 42.3141732)",True,False,0.0,0.0,0.0,0.0,0.0,0.0,0.0
10954,5018,736,10954,"LINESTRING (-71.0598816 42.3141732, -71.058881 42.312771)",True,False,0.0,0.0,0.0,0.0,0.0,0.0,0.0
10955,3465,5240,10955,"LINESTRING (-71.0600175 42.3147348, -71.0608956 42.3151305)",True,False,0.0,0.0,0.0,0.0,0.0,0.0,0.0
10956,5240,3465,10956,"LINESTRING (-71.0608956 42.3151305, -71.0600175 42.3147348)",True,False,0.0,0.0,0.0,0.0,0.0,0.0,0.0
10957,3465,5235,10957,"LINESTRING (-71.0600175 42.3147348, -71.0598694 42.3152274)",True,False,0.0,0.0,0.0,0.0,0.0,0.0,0.0
10958,5235,3465,10958,"LINESTRING (-71.0598694 42.3152274, -71.0600175 42.3147348)",True,False,0.0,0.0,0.0,0.0,0.0,0.0,0.0
10959,4691,5240,10959,"LINESTRING (-71.0615013 42.3154207, -71.0608956 42.3151305)",True,False,0.0,0.0,0.0,0.0,0.0,0.0,0.0
10960,5240,4691,10960,"LINESTRING (-71.0608956 42.3151305, -71.0615013 42.3154207)",True,False,0.0,0.0,0.0,0.0,0.0,0.0,0.0
10961,3466,5018,10961,"LINESTRING (-71.0600218 42.3143902, -71.0598816 42.3141732)",True,False,0.0,0.0,0.0,0.0,0.0,0.0,0.0
10962,5018,3466,10962,"LINESTRING (-71.0598816 42.3141732, -71.0600218 42.3143902)",True,False,0.0,0.0,0.0,0.0,0.0,0.0,0.0
10963,3464,3466,10963,"LINESTRING (-71.0600527 42.314554, -71.0600218 42.3143902)",True,False,0.0,0.0,0.0,0.0,0.0,0.0,0.0
10964,3466,3464,10964,"LINESTRING (-71.0600218 42.3143902, -71.0600527 42.314554)",True,False,0.0,0.0,0.0,0.0,0.0,0.0,0.0
10965,3464,3465,10965,"LINESTRING (-71.0600527 42.314554, -71.0600175 42.3147348)",True,False,0.0,0.0,0.0,0.0,0.0,0.0,0.0
10966,3465,3464,10966,"LINESTRING (-71.0600175 42.3147348, -71.0600527 42.314554)",True,False,0.0,0.0,0.0,0.0,0.0,0.0,0.0
10967,5233,5235,10967,"LINESTRING (-71.0597313 42.3156635, -71.0598694 42.3152274)",True,False,0.0,0.0,0.0,0.0,0.0,0.0,0.0
10968,5235,5233,10968,"LINESTRING (-71.0598694 42.3152274, -71.0597313 42.3156635)",True,False,0.0,0.0,0.0,0.0,0.0,0.0,0.0
10969,729,736,10969,"LINESTRING (-71.058098 42.312855, -71.058881 42.312771)",True,False,0.0,0.0,0.0,0.0,0.0,0.0,0.0
10970,736,729,10970,"LINESTRING (-71.058881 42.312771, -71.058098 42.312855)",True,False,0.0,0.0,0.0,0.0,0.0,0.0,0.0
10971,729,676,10971,"LINESTRING (-71.058098 42.312855, -71.058025 42.312863)",True,False,0.0,0.0,0.0,0.0,0.0,0.0,0.0
10972,676,729,10972,"LINESTRING (-71.058025 42.312863, -71.058098 42.312855)",True,False,0.0,0.0,0.0,0.0,0.0,0.0,0.0
10973,1514,1552,10973,"LINESTRING (-71.0589628 42.3181282, -71.0590553 42.3177993)",True,False,0.0,0.0,0.0,0.0,0.0,0.0,0.0
10974,1552,1514,10974,"LINESTRING (-71.0590553 42.3177993, -71.0589628 42.3181282)",True,False,0.0,0.0,0.0,0.0,0.0,0.0,0.0
10975,5104,1515,10975,"LINESTRING (-71.0595759 42.3188497, -71.0588511 42.3185479)",True,False,0.0,0.0,0.0,0.0,0.0,0.0,0.0
10976,3408,5237,10976,"LINESTRING (-71.0593927 42.3167334, -71.0595626 42.3161966)",True,False,0.0,0.0,0.0,0.0,0.0,0.0,0.0
10977,5237,3408,10977,"LINESTRING (-71.0595626 42.3161966, -71.0593927 42.3167334)",True,False,0.0,0.0,0.0,0.0,0.0,0.0,0.0
10978,5234,5237,10978,"LINESTRING (-71.0596251 42.3159991, -71.0595626 42.3161966)",True,False,0.0,0.0,0.0,0.0,0.0,0.0,0.0
10979,5237,5234,10979,"LINESTRING (-71.0595626 42.3161966, -71.0596251 42.3159991)",True,False,0.0,0.0,0.0,0.0,0.0,0.0,0.0
10980,5216,5104,10980,"LINESTRING (-71.0600941 42.3192921, -71.0595759 42.3188497)",True,False,0.0,0.0,0.0,0.0,0.0,0.0,0.0
10981,3406,3408,10981,"LINESTRING (-71.0592239 42.3172667, -71.0593927 42.3167334)",True,False,0.0,0.0,0.0,0.0,0.0,0.0,0.0
10982,3408,3406,10982,"LINESTRING (-71.0593927 42.3167334, -71.0592239 42.3172667)",True,False,0.0,0.0,0.0,0.0,0.0,0.0,0.0
10983,3406,3407,10983,"LINESTRING (-71.0592239 42.3172667, -71.0591248 42.3175798)",True,False,0.0,0.0,0.0,0.0,0.0,0.0,0.0
10984,3407,3406,10984,"LINESTRING (-71.0591248 42.3175798, -71.0592239 42.3172667)",True,False,0.0,0.0,0.0,0.0,0.0,0.0,0.0
10985,1552,3407,10985,"LINESTRING (-71.0590553 42.3177993, -71.0591248 42.3175798)",True,False,0.0,0.0,0.0,0.0,0.0,0.0,0.0
10986,3407,1552,10986,"LINESTRING (-71.0591248 42.3175798, -71.0590553 42.3177993)",True,False,0.0,0.0,0.0,0.0,0.0,0.0,0.0
10987,4684,3446,10987,"LINESTRING (-71.0587525 42.3186922, -71.0591817 42.3192751)",True,False,0.0,0.0,0.0,0.0,0.0,0.0,0.0
10988,1514,1515,10988,"LINESTRING (-71.0589628 42.3181282, -71.0588511 42.3185479)",True,False,0.0,0.0,0.0,0.0,0.0,0.0,0.0
10989,1515,1514,10989,"LINESTRING (-71.0588511 42.3185479, -71.0589628 42.3181282)",True,False,0.0,0.0,0.0,0.0,0.0,0.0,0.0
10990,1515,4684,10990,"LINESTRING (-71.0588511 42.3185479, -71.0587525 42.3186922)",True,False,0.0,0.0,0.0,0.0,0.0,0.0,0.0
10991,518,519,10991,"LINESTRING (-71.0659156 42.3312686, -71.064792 42.3310488)",True,False,0.0,0.0,0.0,0.0,0.0,0.0,0.0
10992,519,518,10992,"LINESTRING (-71.064792 42.3310488, -71.0659156 42.3312686)",True,False,0.0,0.0,0.0,0.0,0.0,0.0,0.0
10993,1791,1795,10993,"LINESTRING (-71.0690323 42.3346485, -71.0648253 42.3354028)",True,False,0.0,0.0,0.0,0.0,0.0,0.0,0.0
10994,1791,1796,10994,"LINESTRING (-71.0690323 42.3346485, -71.0654395 42.3348156)",True,False,0.0,0.0,0.0,0.0,0.0,0.0,0.0
10995,1797,1796,10995,"LINESTRING (-71.0658879 42.3357962, -71.0654395 42.3348156)",True,False,0.0,0.0,0.0,0.0,0.0,0.0,0.0
10996,2273,1798,10996,"LINESTRING (-71.0648421 42.335479, -71.0692518 42.3347268)",True,False,0.0,0.0,0.0,0.0,0.0,0.0,0.0
10997,2609,2610,10997,"LINESTRING (-71.0652089 42.3248256, -71.0668146 42.3267699)",True,False,0.0,0.0,0.0,0.0,0.0,0.0,0.0
10998,2610,2609,10998,"LINESTRING (-71.0668146 42.3267699, -71.0652089 42.3248256)",True,False,0.0,0.0,0.0,0.0,0.0,0.0,0.0
10999,4150,4148,10999,"LINESTRING (-71.0607879 42.3294147, -71.0589621 42.32775)",True,False,0.0,0.0,0.0,0.0,0.0,0.0,0.0
11000,4150,4151,11000,"LINESTRING (-71.0607879 42.3294147, -71.0588424 42.3259908)",True,False,0.0,0.0,0.0,0.0,0.0,0.0,0.0
11001,5122,2432,11001,"LINESTRING (-71.0688021 42.3290924, -71.0678955 42.3280331)",True,False,0.0,0.0,0.0,0.0,0.0,0.0,0.0
11002,2432,5122,11002,"LINESTRING (-71.0678955 42.3280331, -71.0688021 42.3290924)",True,False,0.0,0.0,0.0,0.0,0.0,0.0,0.0
11003,5158,5160,11003,"LINESTRING (-71.0578784 42.3281438, -71.0584917 42.3267702)",True,False,0.0,0.0,0.0,0.0,0.0,0.0,0.0
11004,5160,5158,11004,"LINESTRING (-71.0584917 42.3267702, -71.0578784 42.3281438)",True,False,0.0,0.0,0.0,0.0,0.0,0.0,0.0
11005,5232,5224,11005,"LINESTRING (-71.065383 42.321234, -71.06585 42.321431)",True,False,0.0,0.0,0.0,0.0,0.0,0.0,0.0
11006,5224,5232,11006,"LINESTRING (-71.06585 42.321431, -71.065383 42.321234)",True,False,0.0,0.0,0.0,0.0,0.0,0.0,0.0
11007,5405,1675,11007,"LINESTRING (-71.0587997 42.3279191, -71.0602562 42.330138)",True,False,0.0,0.0,0.0,0.0,0.0,0.0,0.0
11008,5405,2764,11008,"LINESTRING (-71.0587997 42.3279191, -71.0614771 42.330756)",True,False,0.0,0.0,0.0,0.0,0.0,0.0,0.0
11043,2431,2433,11043,"LINESTRING (-71.0691614 42.327546, -71.070729 42.326962)",True,False,0.0,0.0,0.0,0.0,0.0,0.0,0.0
11044,2433,2431,11044,"LINESTRING (-71.070729 42.326962, -71.0691614 42.327546)",True,False,0.0,0.0,0.0,0.0,0.0,0.0,0.0
11045,5205,5206,11045,"LINESTRING (-71.070115 42.3215741, -71.069199 42.321463)",True,False,0.0,0.0,0.0,0.0,0.0,0.0,0.0
11046,5206,5205,11046,"LINESTRING (-71.069199 42.321463, -71.070115 42.3215741)",True,False,0.0,0.0,0.0,0.0,0.0,0.0,0.0
11051,2891,5218,11051,"LINESTRING (-71.0712903 42.3201791, -71.071934 42.320752)",True,False,0.0,0.0,0.0,0.0,0.0,0.0,0.0
11052,5218,2891,11052,"LINESTRING (-71.071934 42.320752, -71.0712903 42.3201791)",True,False,0.0,0.0,0.0,0.0,0.0,0.0,0.0
11053,3366,5207,11053,"LINESTRING (-71.072204 42.321359, -71.071393 42.321431)",True,False,0.0,0.0,0.0,0.0,0.0,0.0,0.0
11054,5207,3366,11054,"LINESTRING (-71.071393 42.321431, -71.072204 42.321359)",True,False,0.0,0.0,0.0,0.0,0.0,0.0,0.0
11055,5225,5180,11055,"LINESTRING (-71.072338 42.321838, -71.0725207 42.3221133)",True,False,0.0,0.0,0.0,0.0,0.0,0.0,0.0
11056,5180,5225,11056,"LINESTRING (-71.0725207 42.3221133, -71.072338 42.321838)",True,False,0.0,0.0,0.0,0.0,0.0,0.0,0.0
11069,3366,5218,11069,"LINESTRING (-71.072204 42.321359, -71.071934 42.320752)",True,False,0.0,0.0,0.0,0.0,0.0,0.0,0.0
11070,5218,3366,11070,"LINESTRING (-71.071934 42.320752, -71.072204 42.321359)",True,False,0.0,0.0,0.0,0.0,0.0,0.0,0.0
11071,3366,5225,11071,"LINESTRING (-71.072204 42.321359, -71.072338 42.321838)",True,False,0.0,0.0,0.0,0.0,0.0,0.0,0.0
11072,5225,3366,11072,"LINESTRING (-71.072338 42.321838, -71.072204 42.321359)",True,False,0.0,0.0,0.0,0.0,0.0,0.0,0.0
11073,4908,1274,11073,"LINESTRING (-71.0730367 42.3228254, -71.073323 42.323134)",True,False,0.0,0.0,0.0,0.0,0.0,0.0,0.0
11074,1274,4908,11074,"LINESTRING (-71.073323 42.323134, -71.0730367 42.3228254)",True,False,0.0,0.0,0.0,0.0,0.0,0.0,0.0
11075,4909,5179,11075,"LINESTRING (-71.073005 42.322785, -71.072674 42.322374)",True,False,0.0,0.0,0.0,0.0,0.0,0.0,0.0
11076,5179,4909,11076,"LINESTRING (-71.072674 42.322374, -71.073005 42.322785)",True,False,0.0,0.0,0.0,0.0,0.0,0.0,0.0
11085,4908,4909,11085,"LINESTRING (-71.0730367 42.3228254, -71.073005 42.322785)",True,False,0.0,0.0,0.0,0.0,0.0,0.0,0.0
11086,4909,4908,11086,"LINESTRING (-71.073005 42.322785, -71.0730367 42.3228254)",True,False,0.0,0.0,0.0,0.0,0.0,0.0,0.0
11087,1273,1274,11087,"LINESTRING (-71.0735722 42.3233642, -71.073323 42.323134)",True,False,0.0,0.0,0.0,0.0,0.0,0.0,0.0
11088,1274,1273,11088,"LINESTRING (-71.073323 42.323134, -71.0735722 42.3233642)",True,False,0.0,0.0,0.0,0.0,0.0,0.0,0.0
11093,5179,5180,11093,"LINESTRING (-71.072674 42.322374, -71.0725207 42.3221133)",True,False,0.0,0.0,0.0,0.0,0.0,0.0,0.0
11094,5180,5179,11094,"LINESTRING (-71.0725207 42.3221133, -71.072674 42.322374)",True,False,0.0,0.0,0.0,0.0,0.0,0.0,0.0
11095,5205,5207,11095,"LINESTRING (-71.070115 42.3215741, -71.071393 42.321431)",True,False,0.0,0.0,0.0,0.0,0.0,0.0,0.0
11096,5207,5205,11096,"LINESTRING (-71.071393 42.321431, -71.070115 42.3215741)",True,False,0.0,0.0,0.0,0.0,0.0,0.0,0.0
11097,4955,4956,11097,"LINESTRING (-71.071479 42.326687, -71.0721601 42.3263422)",True,False,0.0,0.0,0.0,0.0,0.0,0.0,0.0
11098,4956,4955,11098,"LINESTRING (-71.0721601 42.3263422, -71.071479 42.326687)",True,False,0.0,0.0,0.0,0.0,0.0,0.0,0.0
11099,5188,5181,11099,"LINESTRING (-71.073206 42.325708, -71.0726823 42.3260431)",True,False,0.0,0.0,0.0,0.0,0.0,0.0,0.0
11100,5181,5188,11100,"LINESTRING (-71.0726823 42.3260431, -71.073206 42.325708)",True,False,0.0,0.0,0.0,0.0,0.0,0.0,0.0
11101,4956,5181,11101,"LINESTRING (-71.0721601 42.3263422, -71.0726823 42.3260431)",True,False,0.0,0.0,0.0,0.0,0.0,0.0,0.0
11102,5181,4956,11102,"LINESTRING (-71.0726823 42.3260431, -71.0721601 42.3263422)",True,False,0.0,0.0,0.0,0.0,0.0,0.0,0.0
11103,2433,4955,11103,"LINESTRING (-71.070729 42.326962, -71.071479 42.326687)",True,False,0.0,0.0,0.0,0.0,0.0,0.0,0.0
11104,4955,2433,11104,"LINESTRING (-71.071479 42.326687, -71.070729 42.326962)",True,False,0.0,0.0,0.0,0.0,0.0,0.0,0.0
11105,5223,5224,11105,"LINESTRING (-71.068544 42.321341, -71.06585 42.321431)",True,False,0.0,0.0,0.0,0.0,0.0,0.0,0.0
11106,5224,5223,11106,"LINESTRING (-71.06585 42.321431, -71.068544 42.321341)",True,False,0.0,0.0,0.0,0.0,0.0,0.0,0.0
11107,5223,5206,11107,"LINESTRING (-71.068544 42.321341, -71.069199 42.321463)",True,False,0.0,0.0,0.0,0.0,0.0,0.0,0.0
11108,5206,5223,11108,"LINESTRING (-71.069199 42.321463, -71.068544 42.321341)",True,False,0.0,0.0,0.0,0.0,0.0,0.0,0.0
11109,2665,2432,11109,"LINESTRING (-71.0675173 42.3275611, -71.0678955 42.3280331)",True,False,0.0,0.0,0.0,0.0,0.0,0.0,0.0
11110,2432,2665,11110,"LINESTRING (-71.0678955 42.3280331, -71.0675173 42.3275611)",True,False,0.0,0.0,0.0,0.0,0.0,0.0,0.0
11111,2431,2432,11111,"LINESTRING (-71.0691614 42.327546, -71.0678955 42.3280331)",True,False,0.0,0.0,0.0,0.0,0.0,0.0,0.0
11112,2432,2431,11112,"LINESTRING (-71.0678955 42.3280331, -71.0691614 42.327546)",True,False,0.0,0.0,0.0,0.0,0.0,0.0,0.0
11113,2664,2665,11113,"LINESTRING (-71.0669084 42.3268691, -71.0675173 42.3275611)",True,False,0.0,0.0,0.0,0.0,0.0,0.0,0.0
11114,2665,2664,11114,"LINESTRING (-71.0675173 42.3275611, -71.0669084 42.3268691)",True,False,0.0,0.0,0.0,0.0,0.0,0.0,0.0
11115,2664,2610,11115,"LINESTRING (-71.0669084 42.3268691, -71.0668146 42.3267699)",True,False,0.0,0.0,0.0,0.0,0.0,0.0,0.0
11116,2610,2664,11116,"LINESTRING (-71.0668146 42.3267699, -71.0669084 42.3268691)",True,False,0.0,0.0,0.0,0.0,0.0,0.0,0.0
11117,1451,1452,11117,"LINESTRING (-71.069847 42.3303048, -71.0696443 42.3300752)",True,False,0.0,0.0,0.0,0.0,0.0,0.0,0.0
11118,1451,1453,11118,"LINESTRING (-71.069847 42.3303048, -71.0694426 42.3303025)",True,False,0.0,0.0,0.0,0.0,0.0,0.0,0.0
11119,1790,1791,11119,"LINESTRING (-71.0711432 42.333304, -71.0690323 42.3346485)",True,False,0.0,0.0,0.0,0.0,0.0,0.0,0.0
11120,1798,2514,11120,"LINESTRING (-71.0692518 42.3347268, -71.0717519 42.3330624)",True,False,0.0,0.0,0.0,0.0,0.0,0.0,0.0
11121,4036,4229,11121,"LINESTRING (-71.072265 42.3326169, -71.0730925 42.3320234)",True,False,0.0,0.0,0.0,0.0,0.0,0.0,0.0
11122,4233,3956,11122,"LINESTRING (-71.0712385 42.3323127, -71.0711463 42.3318315)",True,False,0.0,0.0,0.0,0.0,0.0,0.0,0.0
11123,4235,3956,11123,"LINESTRING (-71.071714 42.332253, -71.0711463 42.3318315)",True,False,0.0,0.0,0.0,0.0,0.0,0.0,0.0
11124,1428,4233,11124,"LINESTRING (-71.0690914 42.3318854, -71.0712385 42.3323127)",True,False,0.0,0.0,0.0,0.0,0.0,0.0,0.0
11173,3956,3957,11173,"LINESTRING (-71.0711463 42.3318315, -71.0705218 42.3311294)",True,False,0.0,0.0,0.0,0.0,0.0,0.0,0.0
11174,3957,5078,11174,"LINESTRING (-71.0705218 42.3311294, -71.0700339 42.3305165)",True,False,0.0,0.0,0.0,0.0,0.0,0.0,0.0
11175,5078,1451,11175,"LINESTRING (-71.0700339 42.3305165, -71.069847 42.3303048)",True,False,0.0,0.0,0.0,0.0,0.0,0.0,0.0
11176,4013,1790,11176,"LINESTRING (-71.0720415 42.3326217, -71.0711432 42.333304)",True,False,0.0,0.0,0.0,0.0,0.0,0.0,0.0
11177,4228,4235,11177,"LINESTRING (-71.0721512 42.3325406, -71.071714 42.332253)",True,False,0.0,0.0,0.0,0.0,0.0,0.0,0.0
11178,4231,4257,11178,"LINESTRING (-71.073353 42.3336112, -71.0714409 42.3349769)",True,False,0.0,0.0,0.0,0.0,0.0,0.0,0.0
11179,4257,4231,11179,"LINESTRING (-71.0714409 42.3349769, -71.073353 42.3336112)",True,False,0.0,0.0,0.0,0.0,0.0,0.0,0.0
11180,4234,4013,11180,"LINESTRING (-71.0714205 42.3323566, -71.0720415 42.3326217)",True,False,0.0,0.0,0.0,0.0,0.0,0.0,0.0
11201,4230,4036,11201,"LINESTRING (-71.0734659 42.3335209, -71.072265 42.3326169)",True,False,0.0,0.0,0.0,0.0,0.0,0.0,0.0
11202,3224,4231,11202,"LINESTRING (-71.0726472 42.3330188, -71.073353 42.3336112)",True,False,0.0,0.0,0.0,0.0,0.0,0.0,0.0
11203,4230,4231,11203,"LINESTRING (-71.0734659 42.3335209, -71.073353 42.3336112)",True,False,0.0,0.0,0.0,0.0,0.0,0.0,0.0
11204,4231,4230,11204,"LINESTRING (-71.073353 42.3336112, -71.0734659 42.3335209)",True,False,0.0,0.0,0.0,0.0,0.0,0.0,0.0
11205,2514,3224,11205,"LINESTRING (-71.0717519 42.3330624, -71.0726472 42.3330188)",True,False,0.0,0.0,0.0,0.0,0.0,0.0,0.0
11206,4013,3225,11206,"LINESTRING (-71.0720415 42.3326217, -71.072166 42.3327018)",True,False,0.0,0.0,0.0,0.0,0.0,0.0,0.0
11207,3225,4036,11207,"LINESTRING (-71.072166 42.3327018, -71.072265 42.3326169)",True,False,0.0,0.0,0.0,0.0,0.0,0.0,0.0
11208,3225,3224,11208,"LINESTRING (-71.072166 42.3327018, -71.0726472 42.3330188)",True,False,0.0,0.0,0.0,0.0,0.0,0.0,0.0
11209,4036,4228,11209,"LINESTRING (-71.072265 42.3326169, -71.0721512 42.3325406)",True,False,0.0,0.0,0.0,0.0,0.0,0.0,0.0
11210,4228,4013,11210,"LINESTRING (-71.0721512 42.3325406, -71.0720415 42.3326217)",True,False,0.0,0.0,0.0,0.0,0.0,0.0,0.0
11211,2514,3225,11211,"LINESTRING (-71.0717519 42.3330624, -71.072166 42.3327018)",True,False,0.0,0.0,0.0,0.0,0.0,0.0,0.0
11212,4234,1790,11212,"LINESTRING (-71.0714205 42.3323566, -71.0711432 42.333304)",True,False,0.0,0.0,0.0,0.0,0.0,0.0,0.0
11213,4233,4234,11213,"LINESTRING (-71.0712385 42.3323127, -71.0714205 42.3323566)",True,False,0.0,0.0,0.0,0.0,0.0,0.0,0.0
11214,807,1385,11214,"LINESTRING (-71.0700895 42.3359237, -71.070782 42.335443)",True,False,0.0,0.0,0.0,0.0,0.0,0.0,0.0
11215,1385,807,11215,"LINESTRING (-71.070782 42.335443, -71.0700895 42.3359237)",True,False,0.0,0.0,0.0,0.0,0.0,0.0,0.0
11216,4257,1385,11216,"LINESTRING (-71.0714409 42.3349769, -71.070782 42.335443)",True,False,0.0,0.0,0.0,0.0,0.0,0.0,0.0
11217,1385,4257,11217,"LINESTRING (-71.070782 42.335443, -71.0714409 42.3349769)",True,False,0.0,0.0,0.0,0.0,0.0,0.0,0.0
11218,520,2837,11218,"LINESTRING (-71.0669882 42.3314859, -71.0679408 42.3316898)",True,False,0.0,0.0,0.0,0.0,0.0,0.0,0.0
11219,2837,520,11219,"LINESTRING (-71.0679408 42.3316898, -71.0669882 42.3314859)",True,False,0.0,0.0,0.0,0.0,0.0,0.0,0.0
11220,1452,1453,11220,"LINESTRING (-71.0696443 42.3300752, -71.0694426 42.3303025)",True,False,0.0,0.0,0.0,0.0,0.0,0.0,0.0
11221,5121,1452,11221,"LINESTRING (-71.0691764 42.3295299, -71.0696443 42.3300752)",True,False,0.0,0.0,0.0,0.0,0.0,0.0,0.0
11222,1452,5121,11222,"LINESTRING (-71.0696443 42.3300752, -71.0691764 42.3295299)",True,False,0.0,0.0,0.0,0.0,0.0,0.0,0.0
11223,5121,5122,11223,"LINESTRING (-71.0691764 42.3295299, -71.0688021 42.3290924)",True,False,0.0,0.0,0.0,0.0,0.0,0.0,0.0
11224,5122,5121,11224,"LINESTRING (-71.0688021 42.3290924, -71.0691764 42.3295299)",True,False,0.0,0.0,0.0,0.0,0.0,0.0,0.0
11225,932,933,11225,"LINESTRING (-71.068601 42.330792, -71.068105 42.3314457)",True,False,0.0,0.0,0.0,0.0,0.0,0.0,0.0
11226,1427,1428,11226,"LINESTRING (-71.0683171 42.3317548, -71.0690914 42.3318854)",True,False,0.0,0.0,0.0,0.0,0.0,0.0,0.0
11227,2097,932,11227,"LINESTRING (-71.0690832 42.3304844, -71.068601 42.330792)",True,False,0.0,0.0,0.0,0.0,0.0,0.0,0.0
11228,1453,2097,11228,"LINESTRING (-71.0694426 42.3303025, -71.0690832 42.3304844)",True,False,0.0,0.0,0.0,0.0,0.0,0.0,0.0
11229,933,2837,11229,"LINESTRING (-71.068105 42.3314457, -71.0679408 42.3316898)",True,False,0.0,0.0,0.0,0.0,0.0,0.0,0.0
11230,933,1427,11230,"LINESTRING (-71.068105 42.3314457, -71.0683171 42.3317548)",True,False,0.0,0.0,0.0,0.0,0.0,0.0,0.0
11231,2837,1427,11231,"LINESTRING (-71.0679408 42.3316898, -71.0683171 42.3317548)",True,False,0.0,0.0,0.0,0.0,0.0,0.0,0.0
11232,518,520,11232,"LINESTRING (-71.0659156 42.3312686, -71.0669882 42.3314859)",True,False,0.0,0.0,0.0,0.0,0.0,0.0,0.0
11233,520,518,11233,"LINESTRING (-71.0669882 42.3314859, -71.0659156 42.3312686)",True,False,0.0,0.0,0.0,0.0,0.0,0.0,0.0
11234,1797,1798,11234,"LINESTRING (-71.0658879 42.3357962, -71.0692518 42.3347268)",True,False,0.0,0.0,0.0,0.0,0.0,0.0,0.0
11235,1029,1030,11235,"LINESTRING (-71.0640964 42.3235134, -71.0614864 42.3204917)",True,False,0.0,0.0,0.0,0.0,0.0,0.0,0.0
11236,1030,1029,11236,"LINESTRING (-71.0614864 42.3204917, -71.0640964 42.3235134)",True,False,0.0,0.0,0.0,0.0,0.0,0.0,0.0
11237,1029,1031,11237,"LINESTRING (-71.0640964 42.3235134, -71.0651547 42.3247685)",True,False,0.0,0.0,0.0,0.0,0.0,0.0,0.0
11238,1031,1029,11238,"LINESTRING (-71.0651547 42.3247685, -71.0640964 42.3235134)",True,False,0.0,0.0,0.0,0.0,0.0,0.0,0.0
11239,2526,2528,11239,"LINESTRING (-71.059803 42.324207, -71.0602107 42.323654)",True,False,0.0,0.0,0.0,0.0,0.0,0.0,0.0
11240,2528,2526,11240,"LINESTRING (-71.0602107 42.323654, -71.059803 42.324207)",True,False,0.0,0.0,0.0,0.0,0.0,0.0,0.0
11241,1030,4682,11241,"LINESTRING (-71.0614864 42.3204917, -71.0616911 42.3204629)",True,False,0.0,0.0,0.0,0.0,0.0,0.0,0.0
11264,5232,4683,11264,"LINESTRING (-71.065383 42.321234, -71.0620655 42.3205396)",True,False,0.0,0.0,0.0,0.0,0.0,0.0,0.0
11265,4683,5232,11265,"LINESTRING (-71.0620655 42.3205396, -71.065383 42.321234)",True,False,0.0,0.0,0.0,0.0,0.0,0.0,0.0
11266,4669,3428,11266,"LINESTRING (-71.0619646 42.320293, -71.0625301 42.3198849)",True,False,0.0,0.0,0.0,0.0,0.0,0.0,0.0
11267,4682,4669,11267,"LINESTRING (-71.0616911 42.3204629, -71.0619646 42.320293)",True,False,0.0,0.0,0.0,0.0,0.0,0.0,0.0
11268,4682,4683,11268,"LINESTRING (-71.0616911 42.3204629, -71.0620655 42.3205396)",True,False,0.0,0.0,0.0,0.0,0.0,0.0,0.0
11269,4683,4669,11269,"LINESTRING (-71.0620655 42.3205396, -71.0619646 42.320293)",True,False,0.0,0.0,0.0,0.0,0.0,0.0,0.0
11270,1031,2609,11270,"LINESTRING (-71.0651547 42.3247685, -71.0652089 42.3248256)",True,False,0.0,0.0,0.0,0.0,0.0,0.0,0.0
11271,2609,1031,11271,"LINESTRING (-71.0652089 42.3248256, -71.0651547 42.3247685)",True,False,0.0,0.0,0.0,0.0,0.0,0.0,0.0
11272,2303,2305,11272,"LINESTRING (-71.0596899 42.3200147, -71.0586296 42.3200722)",True,False,0.0,0.0,0.0,0.0,0.0,0.0,0.0
11273,2305,2303,11273,"LINESTRING (-71.0586296 42.3200722, -71.0596899 42.3200147)",True,False,0.0,0.0,0.0,0.0,0.0,0.0,0.0
11274,2544,2826,11274,"LINESTRING (-71.0611707 42.3220203, -71.0613447 42.3210988)",True,False,0.0,0.0,0.0,0.0,0.0,0.0,0.0
11275,2826,2544,11275,"LINESTRING (-71.0613447 42.3210988, -71.0611707 42.3220203)",True,False,0.0,0.0,0.0,0.0,0.0,0.0,0.0
11298,2302,2303,11298,"LINESTRING (-71.0605483 42.3201266, -71.0596899 42.3200147)",True,False,0.0,0.0,0.0,0.0,0.0,0.0,0.0
11299,2303,2302,11299,"LINESTRING (-71.0596899 42.3200147, -71.0605483 42.3201266)",True,False,0.0,0.0,0.0,0.0,0.0,0.0,0.0
11300,1030,2826,11300,"LINESTRING (-71.0614864 42.3204917, -71.0613447 42.3210988)",True,False,0.0,0.0,0.0,0.0,0.0,0.0,0.0
11301,2826,1030,11301,"LINESTRING (-71.0613447 42.3210988, -71.0614864 42.3204917)",True,False,0.0,0.0,0.0,0.0,0.0,0.0,0.0
11302,2302,1030,11302,"LINESTRING (-71.0605483 42.3201266, -71.0614864 42.3204917)",True,False,0.0,0.0,0.0,0.0,0.0,0.0,0.0
11303,4241,4242,11303,"LINESTRING (-71.0611385 42.3202409, -71.0608344 42.3198919)",True,False,0.0,0.0,0.0,0.0,0.0,0.0,0.0
11304,4241,2302,11304,"LINESTRING (-71.0611385 42.3202409, -71.0605483 42.3201266)",True,False,0.0,0.0,0.0,0.0,0.0,0.0,0.0
11305,1030,4241,11305,"LINESTRING (-71.0614864 42.3204917, -71.0611385 42.3202409)",True,False,0.0,0.0,0.0,0.0,0.0,0.0,0.0
11306,2546,2547,11306,"LINESTRING (-71.0608695 42.3227584, -71.0606844 42.3230034)",True,False,0.0,0.0,0.0,0.0,0.0,0.0,0.0
11307,2547,2546,11307,"LINESTRING (-71.0606844 42.3230034, -71.0608695 42.3227584)",True,False,0.0,0.0,0.0,0.0,0.0,0.0,0.0
11308,2528,2547,11308,"LINESTRING (-71.0602107 42.323654, -71.0606844 42.3230034)",True,False,0.0,0.0,0.0,0.0,0.0,0.0,0.0
11309,2547,2528,11309,"LINESTRING (-71.0606844 42.3230034, -71.0602107 42.323654)",True,False,0.0,0.0,0.0,0.0,0.0,0.0,0.0
11310,2543,2546,11310,"LINESTRING (-71.0610415 42.3224151, -71.0608695 42.3227584)",True,False,0.0,0.0,0.0,0.0,0.0,0.0,0.0
11311,2546,2543,11311,"LINESTRING (-71.0608695 42.3227584, -71.0610415 42.3224151)",True,False,0.0,0.0,0.0,0.0,0.0,0.0,0.0
11312,2543,2544,11312,"LINESTRING (-71.0610415 42.3224151, -71.0611707 42.3220203)",True,False,0.0,0.0,0.0,0.0,0.0,0.0,0.0
11313,2544,2543,11313,"LINESTRING (-71.0611707 42.3220203, -71.0610415 42.3224151)",True,False,0.0,0.0,0.0,0.0,0.0,0.0,0.0
11314,3431,2305,11314,"LINESTRING (-71.0575245 42.3203699, -71.0586296 42.3200722)",True,False,0.0,0.0,0.0,0.0,0.0,0.0,0.0
11315,2305,3431,11315,"LINESTRING (-71.0586296 42.3200722, -71.0575245 42.3203699)",True,False,0.0,0.0,0.0,0.0,0.0,0.0,0.0
11316,2526,2527,11316,"LINESTRING (-71.059803 42.324207, -71.05945 42.3247046)",True,False,0.0,0.0,0.0,0.0,0.0,0.0,0.0
11317,2527,2526,11317,"LINESTRING (-71.05945 42.3247046, -71.059803 42.324207)",True,False,0.0,0.0,0.0,0.0,0.0,0.0,0.0
11318,4151,5183,11318,"LINESTRING (-71.0588424 42.3259908, -71.0586717 42.3263603)",True,False,0.0,0.0,0.0,0.0,0.0,0.0,0.0
11319,5183,4151,11319,"LINESTRING (-71.0586717 42.3263603, -71.0588424 42.3259908)",True,False,0.0,0.0,0.0,0.0,0.0,0.0,0.0
11320,2519,2521,11320,"LINESTRING (-71.0591495 42.3252854, -71.0593813 42.3248071)",True,False,0.0,0.0,0.0,0.0,0.0,0.0,0.0
11321,2521,2519,11321,"LINESTRING (-71.0593813 42.3248071, -71.0591495 42.3252854)",True,False,0.0,0.0,0.0,0.0,0.0,0.0,0.0
11322,2527,2521,11322,"LINESTRING (-71.05945 42.3247046, -71.0593813 42.3248071)",True,False,0.0,0.0,0.0,0.0,0.0,0.0,0.0
11323,2521,2527,11323,"LINESTRING (-71.0593813 42.3248071, -71.05945 42.3247046)",True,False,0.0,0.0,0.0,0.0,0.0,0.0,0.0
11324,2520,4151,11324,"LINESTRING (-71.0590942 42.3254173, -71.0588424 42.3259908)",True,False,0.0,0.0,0.0,0.0,0.0,0.0,0.0
11325,4151,2520,11325,"LINESTRING (-71.0588424 42.3259908, -71.0590942 42.3254173)",True,False,0.0,0.0,0.0,0.0,0.0,0.0,0.0
11326,2519,2520,11326,"LINESTRING (-71.0591495 42.3252854, -71.0590942 42.3254173)",True,False,0.0,0.0,0.0,0.0,0.0,0.0,0.0
11327,2520,2519,11327,"LINESTRING (-71.0590942 42.3254173, -71.0591495 42.3252854)",True,False,0.0,0.0,0.0,0.0,0.0,0.0,0.0
11328,5183,5160,11328,"LINESTRING (-71.0586717 42.3263603, -71.0584917 42.3267702)",True,False,0.0,0.0,0.0,0.0,0.0,0.0,0.0
11329,5160,5183,11329,"LINESTRING (-71.0584917 42.3267702, -71.0586717 42.3263603)",True,False,0.0,0.0,0.0,0.0,0.0,0.0,0.0
11330,1396,1398,11330,"LINESTRING (-71.0645804 42.3337276, -71.0609141 42.3295724)",True,False,0.0,0.0,0.0,0.0,0.0,0.0,0.0
11331,1672,1673,11331,"LINESTRING (-71.0618033 42.3314388, -71.062717 42.3325066)",True,False,0.0,0.0,0.0,0.0,0.0,0.0,0.0
11332,1672,1674,11332,"LINESTRING (-71.0618033 42.3314388, -71.0607923 42.3306487)",True,False,0.0,0.0,0.0,0.0,0.0,0.0,0.0
11333,1674,1672,11333,"LINESTRING (-71.0607923 42.3306487, -71.0618033 42.3314388)",True,False,0.0,0.0,0.0,0.0,0.0,0.0,0.0
11334,1799,1398,11334,"LINESTRING (-71.063099 42.3307063, -71.0609141 42.3295724)",True,False,0.0,0.0,0.0,0.0,0.0,0.0,0.0
11335,1799,1800,11335,"LINESTRING (-71.063099 42.3307063, -71.0608007 42.3302469)",True,False,0.0,0.0,0.0,0.0,0.0,0.0,0.0
11336,1800,1799,11336,"LINESTRING (-71.0608007 42.3302469, -71.063099 42.3307063)",True,False,0.0,0.0,0.0,0.0,0.0,0.0,0.0
11337,2764,1673,11337,"LINESTRING (-71.0614771 42.330756, -71.062717 42.3325066)",True,False,0.0,0.0,0.0,0.0,0.0,0.0,0.0
11338,2764,2765,11338,"LINESTRING (-71.0614771 42.330756, -71.063936 42.333618)",True,False,0.0,0.0,0.0,0.0,0.0,0.0,0.0
11339,1799,519,11339,"LINESTRING (-71.063099 42.3307063, -71.064792 42.3310488)",True,False,0.0,0.0,0.0,0.0,0.0,0.0,0.0
11340,519,1799,11340,"LINESTRING (-71.064792 42.3310488, -71.063099 42.3307063)",True,False,0.0,0.0,0.0,0.0,0.0,0.0,0.0
11341,1397,1405,11341,"LINESTRING (-71.0637654 42.3338844, -71.0625134 42.3341804)",True,False,0.0,0.0,0.0,0.0,0.0,0.0,0.0
11342,1405,1406,11342,"LINESTRING (-71.0625134 42.3341804, -71.0638258 42.333961)",True,False,0.0,0.0,0.0,0.0,0.0,0.0,0.0
11343,2765,3169,11343,"LINESTRING (-71.063936 42.333618, -71.0647452 42.3346675)",True,False,0.0,0.0,0.0,0.0,0.0,0.0,0.0
11344,1796,4149,11344,"LINESTRING (-71.0654395 42.3348156, -71.0646264 42.3337829)",True,False,0.0,0.0,0.0,0.0,0.0,0.0,0.0
11345,1803,1397,11345,"LINESTRING (-71.0633575 42.3333413, -71.0637654 42.3338844)",True,False,0.0,0.0,0.0,0.0,0.0,0.0,0.0
11346,1406,1795,11346,"LINESTRING (-71.0638258 42.333961, -71.0648253 42.3354028)",True,False,0.0,0.0,0.0,0.0,0.0,0.0,0.0
11347,1396,1397,11347,"LINESTRING (-71.0645804 42.3337276, -71.0637654 42.3338844)",True,False,0.0,0.0,0.0,0.0,0.0,0.0,0.0
11348,1406,4149,11348,"LINESTRING (-71.0638258 42.333961, -71.0646264 42.3337829)",True,False,0.0,0.0,0.0,0.0,0.0,0.0,0.0
11349,4149,1396,11349,"LINESTRING (-71.0646264 42.3337829, -71.0645804 42.3337276)",True,False,0.0,0.0,0.0,0.0,0.0,0.0,0.0
11350,1397,1406,11350,"LINESTRING (-71.0637654 42.3338844, -71.0638258 42.333961)",True,False,0.0,0.0,0.0,0.0,0.0,0.0,0.0
11351,2273,2274,11351,"LINESTRING (-71.0648421 42.335479, -71.0648784 42.335841)",True,False,0.0,0.0,0.0,0.0,0.0,0.0,0.0
11352,1795,2273,11352,"LINESTRING (-71.0648253 42.3354028, -71.0648421 42.335479)",True,False,0.0,0.0,0.0,0.0,0.0,0.0,0.0
11353,1679,1803,11353,"LINESTRING (-71.0630929 42.3329956, -71.0633575 42.3333413)",True,False,0.0,0.0,0.0,0.0,0.0,0.0,0.0
11354,1673,1679,11354,"LINESTRING (-71.062717 42.3325066, -71.0630929 42.3329956)",True,False,0.0,0.0,0.0,0.0,0.0,0.0,0.0
11355,1675,1677,11355,"LINESTRING (-71.0602562 42.330138, -71.0582716 42.3297413)",True,False,0.0,0.0,0.0,0.0,0.0,0.0,0.0
11356,1677,1675,11356,"LINESTRING (-71.0582716 42.3297413, -71.0602562 42.330138)",True,False,0.0,0.0,0.0,0.0,0.0,0.0,0.0
11357,1398,4150,11357,"LINESTRING (-71.0609141 42.3295724, -71.0607879 42.3294147)",True,False,0.0,0.0,0.0,0.0,0.0,0.0,0.0
11358,1675,1676,11358,"LINESTRING (-71.0602562 42.330138, -71.0606446 42.3305534)",True,False,0.0,0.0,0.0,0.0,0.0,0.0,0.0
11359,1675,1678,11359,"LINESTRING (-71.0602562 42.330138, -71.0606438 42.3302155)",True,False,0.0,0.0,0.0,0.0,0.0,0.0,0.0
11360,1678,1675,11360,"LINESTRING (-71.0606438 42.3302155, -71.0602562 42.330138)",True,False,0.0,0.0,0.0,0.0,0.0,0.0,0.0
11361,1676,1674,11361,"LINESTRING (-71.0606446 42.3305534, -71.0607923 42.3306487)",True,False,0.0,0.0,0.0,0.0,0.0,0.0,0.0
11362,1674,1800,11362,"LINESTRING (-71.0607923 42.3306487, -71.0608007 42.3302469)",True,False,0.0,0.0,0.0,0.0,0.0,0.0,0.0
11363,1678,1800,11363,"LINESTRING (-71.0606438 42.3302155, -71.0608007 42.3302469)",True,False,0.0,0.0,0.0,0.0,0.0,0.0,0.0
11364,1800,1678,11364,"LINESTRING (-71.0608007 42.3302469, -71.0606438 42.3302155)",True,False,0.0,0.0,0.0,0.0,0.0,0.0,0.0
11365,1678,1676,11365,"LINESTRING (-71.0606438 42.3302155, -71.0606446 42.3305534)",True,False,0.0,0.0,0.0,0.0,0.0,0.0,0.0
11366,2294,5158,11366,"LINESTRING (-71.0577596 42.3283731, -71.0578784 42.3281438)",True,False,0.0,0.0,0.0,0.0,0.0,0.0,0.0
11367,5158,2294,11367,"LINESTRING (-71.0578784 42.3281438, -71.0577596 42.3283731)",True,False,0.0,0.0,0.0,0.0,0.0,0.0,0.0
11370,233,220,11370,"LINESTRING (-71.0496244 42.3125736, -71.0471146 42.3121376)",True,False,0.0,0.0,0.0,0.0,0.0,0.0,0.0
11371,536,542,11371,"LINESTRING (-71.0513203 42.3126463, -71.0524112 42.3114733)",True,False,0.0,0.0,0.0,0.0,0.0,0.0,0.0
11372,542,536,11372,"LINESTRING (-71.0524112 42.3114733, -71.0513203 42.3126463)",True,False,0.0,0.0,0.0,0.0,0.0,0.0,0.0
11373,2013,2014,11373,"LINESTRING (-71.0468725 42.3141189, -71.0499095 42.319593)",True,False,0.0,0.0,0.0,0.0,0.0,0.0,0.0
11374,2022,2014,11374,"LINESTRING (-71.0491184 42.3178361, -71.0499095 42.319593)",True,False,0.0,0.0,0.0,0.0,0.0,0.0,0.0
11375,2657,2024,11375,"LINESTRING (-71.0497361 42.3186367, -71.0477479 42.3147419)",True,False,0.0,0.0,0.0,0.0,0.0,0.0,0.0
11379,2658,2737,11379,"LINESTRING (-71.0493382 42.3175825, -71.0469782 42.3135391)",True,False,0.0,0.0,0.0,0.0,0.0,0.0,0.0
11462,3235,5199,11462,"LINESTRING (-71.0567003 42.3163358, -71.0566837 42.3154244)",True,False,0.0,0.0,0.0,0.0,0.0,0.0,0.0
11463,5199,3235,11463,"LINESTRING (-71.0566837 42.3154244, -71.0567003 42.3163358)",True,False,0.0,0.0,0.0,0.0,0.0,0.0,0.0
11492,1317,1324,11492,"LINESTRING (-71.054983 42.312331, -71.055387 42.312569)",True,False,0.0,0.0,0.0,0.0,0.0,0.0,0.0
11493,1324,1317,11493,"LINESTRING (-71.055387 42.312569, -71.054983 42.312331)",True,False,0.0,0.0,0.0,0.0,0.0,0.0,0.0
11494,4957,665,11494,"LINESTRING (-71.0569922 42.3139461, -71.057087 42.313479)",True,False,0.0,0.0,0.0,0.0,0.0,0.0,0.0
11495,665,4957,11495,"LINESTRING (-71.057087 42.313479, -71.0569922 42.3139461)",True,False,0.0,0.0,0.0,0.0,0.0,0.0,0.0
11496,648,661,11496,"LINESTRING (-71.057207 42.31296, -71.0560426 42.3128665)",True,False,0.0,0.0,0.0,0.0,0.0,0.0,0.0
11497,661,648,11497,"LINESTRING (-71.0560426 42.3128665, -71.057207 42.31296)",True,False,0.0,0.0,0.0,0.0,0.0,0.0,0.0
11498,661,1324,11498,"LINESTRING (-71.0560426 42.3128665, -71.055387 42.312569)",True,False,0.0,0.0,0.0,0.0,0.0,0.0,0.0
11499,1324,661,11499,"LINESTRING (-71.055387 42.312569, -71.0560426 42.3128665)",True,False,0.0,0.0,0.0,0.0,0.0,0.0,0.0
11500,648,665,11500,"LINESTRING (-71.057207 42.31296, -71.057087 42.313479)",True,False,0.0,0.0,0.0,0.0,0.0,0.0,0.0
11501,665,648,11501,"LINESTRING (-71.057087 42.313479, -71.057207 42.31296)",True,False,0.0,0.0,0.0,0.0,0.0,0.0,0.0
11502,5242,5239,11502,"LINESTRING (-71.0568245 42.314659, -71.056755 42.314923)",True,False,0.0,0.0,0.0,0.0,0.0,0.0,0.0
11503,5239,5242,11503,"LINESTRING (-71.056755 42.314923, -71.0568245 42.314659)",True,False,0.0,0.0,0.0,0.0,0.0,0.0,0.0
11504,4957,4958,11504,"LINESTRING (-71.0569922 42.3139461, -71.056873 42.314438)",True,False,0.0,0.0,0.0,0.0,0.0,0.0,0.0
11505,4958,4957,11505,"LINESTRING (-71.056873 42.314438, -71.0569922 42.3139461)",True,False,0.0,0.0,0.0,0.0,0.0,0.0,0.0
11506,4958,5242,11506,"LINESTRING (-71.056873 42.314438, -71.0568245 42.314659)",True,False,0.0,0.0,0.0,0.0,0.0,0.0,0.0
11507,5242,4958,11507,"LINESTRING (-71.0568245 42.314659, -71.056873 42.314438)",True,False,0.0,0.0,0.0,0.0,0.0,0.0,0.0
11508,5199,5239,11508,"LINESTRING (-71.0566837 42.3154244, -71.056755 42.314923)",True,False,0.0,0.0,0.0,0.0,0.0,0.0,0.0
11509,5239,5199,11509,"LINESTRING (-71.056755 42.314923, -71.0566837 42.3154244)",True,False,0.0,0.0,0.0,0.0,0.0,0.0,0.0
11514,1612,1613,11514,"LINESTRING (-71.0567262 42.3177164, -71.056731 42.3185162)",True,False,0.0,0.0,0.0,0.0,0.0,0.0,0.0
11515,1613,1612,11515,"LINESTRING (-71.056731 42.3185162, -71.0567262 42.3177164)",True,False,0.0,0.0,0.0,0.0,0.0,0.0,0.0
11534,3172,3235,11534,"LINESTRING (-71.0567115 42.3169204, -71.0567003 42.3163358)",True,False,0.0,0.0,0.0,0.0,0.0,0.0,0.0
11535,3235,3172,11535,"LINESTRING (-71.0567003 42.3163358, -71.0567115 42.3169204)",True,False,0.0,0.0,0.0,0.0,0.0,0.0,0.0
11536,1651,3025,11536,"LINESTRING (-71.0567236 42.3175775, -71.056715 42.3171127)",True,False,0.0,0.0,0.0,0.0,0.0,0.0,0.0
11537,3025,1651,11537,"LINESTRING (-71.056715 42.3171127, -71.0567236 42.3175775)",True,False,0.0,0.0,0.0,0.0,0.0,0.0,0.0
11538,3172,3025,11538,"LINESTRING (-71.0567115 42.3169204, -71.056715 42.3171127)",True,False,0.0,0.0,0.0,0.0,0.0,0.0,0.0
11539,3025,3172,11539,"LINESTRING (-71.056715 42.3171127, -71.0567115 42.3169204)",True,False,0.0,0.0,0.0,0.0,0.0,0.0,0.0
11540,1612,1651,11540,"LINESTRING (-71.0567262 42.3177164, -71.0567236 42.3175775)",True,False,0.0,0.0,0.0,0.0,0.0,0.0,0.0
11541,1651,1612,11541,"LINESTRING (-71.0567236 42.3175775, -71.0567262 42.3177164)",True,False,0.0,0.0,0.0,0.0,0.0,0.0,0.0
11542,2056,2057,11542,"LINESTRING (-71.0567292 42.3186605, -71.0567451 42.3190836)",True,False,0.0,0.0,0.0,0.0,0.0,0.0,0.0
11543,2057,2056,11543,"LINESTRING (-71.0567451 42.3190836, -71.0567292 42.3186605)",True,False,0.0,0.0,0.0,0.0,0.0,0.0,0.0
11544,2056,1613,11544,"LINESTRING (-71.0567292 42.3186605, -71.056731 42.3185162)",True,False,0.0,0.0,0.0,0.0,0.0,0.0,0.0
11545,1613,2056,11545,"LINESTRING (-71.056731 42.3185162, -71.0567292 42.3186605)",True,False,0.0,0.0,0.0,0.0,0.0,0.0,0.0
11546,4685,2057,11546,"LINESTRING (-71.0567593 42.3198279, -71.0567451 42.3190836)",True,False,0.0,0.0,0.0,0.0,0.0,0.0,0.0
11547,2057,4685,11547,"LINESTRING (-71.0567451 42.3190836, -71.0567593 42.3198279)",True,False,0.0,0.0,0.0,0.0,0.0,0.0,0.0
11548,4685,4686,11548,"LINESTRING (-71.0567593 42.3198279, -71.0567597 42.3198644)",True,False,0.0,0.0,0.0,0.0,0.0,0.0,0.0
11549,4686,4685,11549,"LINESTRING (-71.0567597 42.3198644, -71.0567593 42.3198279)",True,False,0.0,0.0,0.0,0.0,0.0,0.0,0.0
11550,536,537,11550,"LINESTRING (-71.0513203 42.3126463, -71.0510555 42.3126601)",True,False,0.0,0.0,0.0,0.0,0.0,0.0,0.0
11551,537,536,11551,"LINESTRING (-71.0510555 42.3126601, -71.0513203 42.3126463)",True,False,0.0,0.0,0.0,0.0,0.0,0.0,0.0
11552,389,390,11552,"LINESTRING (-71.0506607 42.3126427, -71.0501777 42.3126106)",True,False,0.0,0.0,0.0,0.0,0.0,0.0,0.0
11553,537,389,11553,"LINESTRING (-71.0510555 42.3126601, -71.0506607 42.3126427)",True,False,0.0,0.0,0.0,0.0,0.0,0.0,0.0
11554,390,233,11554,"LINESTRING (-71.0501777 42.3126106, -71.0496244 42.3125736)",True,False,0.0,0.0,0.0,0.0,0.0,0.0,0.0
11555,2657,2658,11555,"LINESTRING (-71.0497361 42.3186367, -71.0493382 42.3175825)",True,False,0.0,0.0,0.0,0.0,0.0,0.0,0.0
11556,5287,2658,11556,"LINESTRING (-71.0497599 42.3182997, -71.0493382 42.3175825)",True,False,0.0,0.0,0.0,0.0,0.0,0.0,0.0
11563,2015,2022,11563,"LINESTRING (-71.0472633 42.314832, -71.0491184 42.3178361)",True,False,0.0,0.0,0.0,0.0,0.0,0.0,0.0
11564,4080,4082,11564,"LINESTRING (-71.042541 42.3141956, -71.0462487 42.313903)",True,False,0.0,0.0,0.0,0.0,0.0,0.0,0.0
11565,4249,4250,11565,"LINESTRING (-71.0447187 42.3186988, -71.045809 42.3190836)",True,False,0.0,0.0,0.0,0.0,0.0,0.0,0.0
11566,4250,4249,11566,"LINESTRING (-71.045809 42.3190836, -71.0447187 42.3186988)",True,False,0.0,0.0,0.0,0.0,0.0,0.0,0.0
11567,2018,4081,11567,"LINESTRING (-71.0461687 42.3138376, -71.0426767 42.3139975)",True,False,0.0,0.0,0.0,0.0,0.0,0.0,0.0
11600,2013,2015,11600,"LINESTRING (-71.0468725 42.3141189, -71.0472633 42.314832)",True,False,0.0,0.0,0.0,0.0,0.0,0.0,0.0
11601,2017,2018,11601,"LINESTRING (-71.0464891 42.3130868, -71.0461687 42.3138376)",True,False,0.0,0.0,0.0,0.0,0.0,0.0,0.0
11602,2024,2737,11602,"LINESTRING (-71.0477479 42.3147419, -71.0469782 42.3135391)",True,False,0.0,0.0,0.0,0.0,0.0,0.0,0.0
11603,2019,2018,11603,"LINESTRING (-71.0466856 42.3136049, -71.0461687 42.3138376)",True,False,0.0,0.0,0.0,0.0,0.0,0.0,0.0
11604,4082,4403,11604,"LINESTRING (-71.0462487 42.313903, -71.0467198 42.3137045)",True,False,0.0,0.0,0.0,0.0,0.0,0.0,0.0
11605,4403,2013,11605,"LINESTRING (-71.0467198 42.3137045, -71.0468725 42.3141189)",True,False,0.0,0.0,0.0,0.0,0.0,0.0,0.0
11606,2015,2024,11606,"LINESTRING (-71.0472633 42.314832, -71.0477479 42.3147419)",True,False,0.0,0.0,0.0,0.0,0.0,0.0,0.0
11607,2737,221,11607,"LINESTRING (-71.0469782 42.3135391, -71.0463781 42.3124438)",True,False,0.0,0.0,0.0,0.0,0.0,0.0,0.0
11610,2017,2019,11610,"LINESTRING (-71.0464891 42.3130868, -71.0466856 42.3136049)",True,False,0.0,0.0,0.0,0.0,0.0,0.0,0.0
11611,4403,2737,11611,"LINESTRING (-71.0467198 42.3137045, -71.0469782 42.3135391)",True,False,0.0,0.0,0.0,0.0,0.0,0.0,0.0
11612,2737,2019,11612,"LINESTRING (-71.0469782 42.3135391, -71.0466856 42.3136049)",True,False,0.0,0.0,0.0,0.0,0.0,0.0,0.0
11613,2019,4403,11613,"LINESTRING (-71.0466856 42.3136049, -71.0467198 42.3137045)",True,False,0.0,0.0,0.0,0.0,0.0,0.0,0.0
11614,4082,2013,11614,"LINESTRING (-71.0462487 42.313903, -71.0468725 42.3141189)",True,False,0.0,0.0,0.0,0.0,0.0,0.0,0.0
11615,4431,4433,11615,"LINESTRING (-71.0422443 42.3140061, -71.0418096 42.3143345)",True,False,0.0,0.0,0.0,0.0,0.0,0.0,0.0
11616,4433,4432,11616,"LINESTRING (-71.0418096 42.3143345, -71.0423526 42.3141851)",True,False,0.0,0.0,0.0,0.0,0.0,0.0,0.0
11617,4080,4081,11617,"LINESTRING (-71.042541 42.3141956, -71.0426767 42.3139975)",True,False,0.0,0.0,0.0,0.0,0.0,0.0,0.0
11618,4081,4434,11618,"LINESTRING (-71.0426767 42.3139975, -71.0424849 42.3138777)",True,False,0.0,0.0,0.0,0.0,0.0,0.0,0.0
11619,4431,4432,11619,"LINESTRING (-71.0422443 42.3140061, -71.0423526 42.3141851)",True,False,0.0,0.0,0.0,0.0,0.0,0.0,0.0
11620,4435,4431,11620,"LINESTRING (-71.0422591 42.3139734, -71.0422443 42.3140061)",True,False,0.0,0.0,0.0,0.0,0.0,0.0,0.0
11621,4434,4435,11621,"LINESTRING (-71.0424849 42.3138777, -71.0422591 42.3139734)",True,False,0.0,0.0,0.0,0.0,0.0,0.0,0.0
11622,4432,4080,11622,"LINESTRING (-71.0423526 42.3141851, -71.042541 42.3141956)",True,False,0.0,0.0,0.0,0.0,0.0,0.0,0.0
11627,4249,4251,11627,"LINESTRING (-71.0447187 42.3186988, -71.044076 42.318477)",True,False,0.0,0.0,0.0,0.0,0.0,0.0,0.0
11628,4251,4249,11628,"LINESTRING (-71.044076 42.318477, -71.0447187 42.3186988)",True,False,0.0,0.0,0.0,0.0,0.0,0.0,0.0
11629,2364,2365,11629,"LINESTRING (-71.052311 42.3270959, -71.0519816 42.3290794)",True,False,0.0,0.0,0.0,0.0,0.0,0.0,0.0
11630,2581,2583,11630,"LINESTRING (-71.0499398 42.3221842, -71.0469861 42.3287241)",True,False,0.0,0.0,0.0,0.0,0.0,0.0,0.0
11631,2583,2581,11631,"LINESTRING (-71.0469861 42.3287241, -71.0499398 42.3221842)",True,False,0.0,0.0,0.0,0.0,0.0,0.0,0.0
11632,4521,4522,11632,"LINESTRING (-71.049726 42.3335404, -71.0490884 42.3338368)",True,False,0.0,0.0,0.0,0.0,0.0,0.0,0.0
11633,4539,4527,11633,"LINESTRING (-71.0491384 42.3338988, -71.0497825 42.3335983)",True,False,0.0,0.0,0.0,0.0,0.0,0.0,0.0
11634,5086,4766,11634,"LINESTRING (-71.047953 42.3301386, -71.0508937 42.3298096)",True,False,0.0,0.0,0.0,0.0,0.0,0.0,0.0
11635,4766,5086,11635,"LINESTRING (-71.0508937 42.3298096, -71.047953 42.3301386)",True,False,0.0,0.0,0.0,0.0,0.0,0.0,0.0
11636,5117,2293,11636,"LINESTRING (-71.0569228 42.3280317, -71.0569268 42.3285805)",True,False,0.0,0.0,0.0,0.0,0.0,0.0,0.0
11637,2293,5117,11637,"LINESTRING (-71.0569268 42.3285805, -71.0569228 42.3280317)",True,False,0.0,0.0,0.0,0.0,0.0,0.0,0.0
11638,918,5118,11638,"LINESTRING (-71.0525617 42.3282516, -71.0525163 42.327094)",True,False,0.0,0.0,0.0,0.0,0.0,0.0,0.0
11713,3314,3315,11713,"LINESTRING (-71.0554678 42.3240034, -71.054339 42.321844)",True,False,0.0,0.0,0.0,0.0,0.0,0.0,0.0
11714,4168,4169,11714,"LINESTRING (-71.0529977 42.3215019, -71.0552901 42.3240773)",True,False,0.0,0.0,0.0,0.0,0.0,0.0,0.0
11715,4168,3355,11715,"LINESTRING (-71.0529977 42.3215019, -71.0541518 42.321504)",True,False,0.0,0.0,0.0,0.0,0.0,0.0,0.0
11716,4414,4412,11716,"LINESTRING (-71.0523964 42.3242171, -71.0522429 42.3235318)",True,False,0.0,0.0,0.0,0.0,0.0,0.0,0.0
11717,4414,1018,11717,"LINESTRING (-71.0523964 42.3242171, -71.0518982 42.3212464)",True,False,0.0,0.0,0.0,0.0,0.0,0.0,0.0
11718,4415,1534,11718,"LINESTRING (-71.0521516 42.3239523, -71.0522022 42.3243621)",True,False,0.0,0.0,0.0,0.0,0.0,0.0,0.0
11719,1527,4402,11719,"LINESTRING (-71.0541033 42.3213795, -71.0528518 42.321419)",True,False,0.0,0.0,0.0,0.0,0.0,0.0,0.0
11720,5170,4680,11720,"LINESTRING (-71.0568505 42.324129, -71.0568329 42.3234201)",True,False,0.0,0.0,0.0,0.0,0.0,0.0,0.0
11721,4680,5170,11721,"LINESTRING (-71.0568329 42.3234201, -71.0568505 42.324129)",True,False,0.0,0.0,0.0,0.0,0.0,0.0,0.0
11770,1526,1527,11770,"LINESTRING (-71.0558603 42.3211044, -71.0541033 42.3213795)",True,False,0.0,0.0,0.0,0.0,0.0,0.0,0.0
11771,3354,3560,11771,"LINESTRING (-71.0545375 42.3214968, -71.0558618 42.3212296)",True,False,0.0,0.0,0.0,0.0,0.0,0.0,0.0
11772,4681,4783,11772,"LINESTRING (-71.0568167 42.3225291, -71.0567984 42.3216201)",True,False,0.0,0.0,0.0,0.0,0.0,0.0,0.0
11773,4783,4681,11773,"LINESTRING (-71.0567984 42.3216201, -71.0568167 42.3225291)",True,False,0.0,0.0,0.0,0.0,0.0,0.0,0.0
11774,4400,4401,11774,"LINESTRING (-71.0567783 42.3207917, -71.0567805 42.3209937)",True,False,0.0,0.0,0.0,0.0,0.0,0.0,0.0
11775,4401,4400,11775,"LINESTRING (-71.0567805 42.3209937, -71.0567783 42.3207917)",True,False,0.0,0.0,0.0,0.0,0.0,0.0,0.0
11776,4782,4400,11776,"LINESTRING (-71.0565115 42.3209532, -71.0567783 42.3207917)",True,False,0.0,0.0,0.0,0.0,0.0,0.0,0.0
11777,3432,1526,11777,"LINESTRING (-71.056775 42.320652, -71.0558603 42.3211044)",True,False,0.0,0.0,0.0,0.0,0.0,0.0,0.0
11778,3560,4782,11778,"LINESTRING (-71.0558618 42.3212296, -71.0565115 42.3209532)",True,False,0.0,0.0,0.0,0.0,0.0,0.0,0.0
11779,4400,3432,11779,"LINESTRING (-71.0567783 42.3207917, -71.056775 42.320652)",True,False,0.0,0.0,0.0,0.0,0.0,0.0,0.0
11780,3432,4400,11780,"LINESTRING (-71.056775 42.320652, -71.0567783 42.3207917)",True,False,0.0,0.0,0.0,0.0,0.0,0.0,0.0
11781,4401,4783,11781,"LINESTRING (-71.0567805 42.3209937, -71.0567984 42.3216201)",True,False,0.0,0.0,0.0,0.0,0.0,0.0,0.0
11782,4783,4401,11782,"LINESTRING (-71.0567984 42.3216201, -71.0567805 42.3209937)",True,False,0.0,0.0,0.0,0.0,0.0,0.0,0.0
11783,4782,4401,11783,"LINESTRING (-71.0565115 42.3209532, -71.0567805 42.3209937)",True,False,0.0,0.0,0.0,0.0,0.0,0.0,0.0
11784,4679,4681,11784,"LINESTRING (-71.0568311 42.3233818, -71.0568167 42.3225291)",True,False,0.0,0.0,0.0,0.0,0.0,0.0,0.0
11785,4681,4679,11785,"LINESTRING (-71.0568167 42.3225291, -71.0568311 42.3233818)",True,False,0.0,0.0,0.0,0.0,0.0,0.0,0.0
11786,4679,4680,11786,"LINESTRING (-71.0568311 42.3233818, -71.0568329 42.3234201)",True,False,0.0,0.0,0.0,0.0,0.0,0.0,0.0
11787,4680,4679,11787,"LINESTRING (-71.0568329 42.3234201, -71.0568311 42.3233818)",True,False,0.0,0.0,0.0,0.0,0.0,0.0,0.0
11788,3315,3355,11788,"LINESTRING (-71.054339 42.321844, -71.0541518 42.321504)",True,False,0.0,0.0,0.0,0.0,0.0,0.0,0.0
11789,3355,3354,11789,"LINESTRING (-71.0541518 42.321504, -71.0545375 42.3214968)",True,False,0.0,0.0,0.0,0.0,0.0,0.0,0.0
11790,3315,3354,11790,"LINESTRING (-71.054339 42.321844, -71.0545375 42.3214968)",True,False,0.0,0.0,0.0,0.0,0.0,0.0,0.0
11791,3355,1527,11791,"LINESTRING (-71.0541518 42.321504, -71.0541033 42.3213795)",True,False,0.0,0.0,0.0,0.0,0.0,0.0,0.0
11798,5169,5170,11798,"LINESTRING (-71.0568578 42.3248279, -71.0568505 42.324129)",True,False,0.0,0.0,0.0,0.0,0.0,0.0,0.0
11799,5170,5169,11799,"LINESTRING (-71.0568505 42.324129, -71.0568578 42.3248279)",True,False,0.0,0.0,0.0,0.0,0.0,0.0,0.0
11800,5115,5117,11800,"LINESTRING (-71.0569005 42.3268472, -71.0569228 42.3280317)",True,False,0.0,0.0,0.0,0.0,0.0,0.0,0.0
11801,5117,5115,11801,"LINESTRING (-71.0569228 42.3280317, -71.0569005 42.3268472)",True,False,0.0,0.0,0.0,0.0,0.0,0.0,0.0
11802,5115,5116,11802,"LINESTRING (-71.0569005 42.3268472, -71.0568969 42.3266724)",True,False,0.0,0.0,0.0,0.0,0.0,0.0,0.0
11803,5116,5115,11803,"LINESTRING (-71.0568969 42.3266724, -71.0569005 42.3268472)",True,False,0.0,0.0,0.0,0.0,0.0,0.0,0.0
11804,1019,2366,11804,"LINESTRING (-71.0514431 42.3210528, -71.0511481 42.3206934)",True,False,0.0,0.0,0.0,0.0,0.0,0.0,0.0
11805,1019,2367,11805,"LINESTRING (-71.0514431 42.3210528, -71.051148 42.320934)",True,False,0.0,0.0,0.0,0.0,0.0,0.0,0.0
11806,2738,2023,11806,"LINESTRING (-71.0514029 42.3214363, -71.0509422 42.3215359)",True,False,0.0,0.0,0.0,0.0,0.0,0.0,0.0
11807,1538,2581,11807,"LINESTRING (-71.050201 42.3212248, -71.0499398 42.3221842)",True,False,0.0,0.0,0.0,0.0,0.0,0.0,0.0
11808,4416,3311,11808,"LINESTRING (-71.0512351 42.3220236, -71.0516365 42.3218501)",True,False,0.0,0.0,0.0,0.0,0.0,0.0,0.0
11809,4416,4415,11809,"LINESTRING (-71.0512351 42.3220236, -71.0521516 42.3239523)",True,False,0.0,0.0,0.0,0.0,0.0,0.0,0.0
11810,2582,4419,11810,"LINESTRING (-71.0501383 42.3220736, -71.0503146 42.3217339)",True,False,0.0,0.0,0.0,0.0,0.0,0.0,0.0
11811,4420,2582,11811,"LINESTRING (-71.0505702 42.3218345, -71.0501383 42.3220736)",True,False,0.0,0.0,0.0,0.0,0.0,0.0,0.0
11812,4423,4418,11812,"LINESTRING (-71.0508786 42.3216154, -71.0510377 42.3219745)",True,False,0.0,0.0,0.0,0.0,0.0,0.0,0.0
11813,4413,3311,11813,"LINESTRING (-71.0519498 42.3227962, -71.0516365 42.3218501)",True,False,0.0,0.0,0.0,0.0,0.0,0.0,0.0
11814,1018,4411,11814,"LINESTRING (-71.0518982 42.3212464, -71.0523015 42.3227765)",True,False,0.0,0.0,0.0,0.0,0.0,0.0,0.0
11815,4842,1017,11815,"LINESTRING (-71.0511114 42.320988, -71.0516483 42.3211534)",True,False,0.0,0.0,0.0,0.0,0.0,0.0,0.0
11816,4243,3309,11816,"LINESTRING (-71.0526794 42.3214608, -71.0522293 42.3214623)",True,False,0.0,0.0,0.0,0.0,0.0,0.0,0.0
11817,3309,4243,11817,"LINESTRING (-71.0522293 42.3214623, -71.0526794 42.3214608)",True,False,0.0,0.0,0.0,0.0,0.0,0.0,0.0
11818,4243,4168,11818,"LINESTRING (-71.0526794 42.3214608, -71.0529977 42.3215019)",True,False,0.0,0.0,0.0,0.0,0.0,0.0,0.0
11819,4402,4243,11819,"LINESTRING (-71.0528518 42.321419, -71.0526794 42.3214608)",True,False,0.0,0.0,0.0,0.0,0.0,0.0,0.0
11820,1017,1018,11820,"LINESTRING (-71.0516483 42.3211534, -71.0518982 42.3212464)",True,False,0.0,0.0,0.0,0.0,0.0,0.0,0.0
11821,1018,1017,11821,"LINESTRING (-71.0518982 42.3212464, -71.0516483 42.3211534)",True,False,0.0,0.0,0.0,0.0,0.0,0.0,0.0
11822,3308,3309,11822,"LINESTRING (-71.0516707 42.3217521, -71.0522293 42.3214623)",True,False,0.0,0.0,0.0,0.0,0.0,0.0,0.0
11823,3309,3310,11823,"LINESTRING (-71.0522293 42.3214623, -71.0514884 42.321468)",True,False,0.0,0.0,0.0,0.0,0.0,0.0,0.0
11824,1017,1019,11824,"LINESTRING (-71.0516483 42.3211534, -71.0514431 42.3210528)",True,False,0.0,0.0,0.0,0.0,0.0,0.0,0.0
11825,3308,3310,11825,"LINESTRING (-71.0516707 42.3217521, -71.0514884 42.321468)",True,False,0.0,0.0,0.0,0.0,0.0,0.0,0.0
11826,3311,3308,11826,"LINESTRING (-71.0516365 42.3218501, -71.0516707 42.3217521)",True,False,0.0,0.0,0.0,0.0,0.0,0.0,0.0
11827,3310,2738,11827,"LINESTRING (-71.0514884 42.321468, -71.0514029 42.3214363)",True,False,0.0,0.0,0.0,0.0,0.0,0.0,0.0
11828,4411,4412,11828,"LINESTRING (-71.0523015 42.3227765, -71.0522429 42.3235318)",True,False,0.0,0.0,0.0,0.0,0.0,0.0,0.0
11829,4411,4413,11829,"LINESTRING (-71.0523015 42.3227765, -71.0519498 42.3227962)",True,False,0.0,0.0,0.0,0.0,0.0,0.0,0.0
11830,4412,4413,11830,"LINESTRING (-71.0522429 42.3235318, -71.0519498 42.3227962)",True,False,0.0,0.0,0.0,0.0,0.0,0.0,0.0
11831,4412,4415,11831,"LINESTRING (-71.0522429 42.3235318, -71.0521516 42.3239523)",True,False,0.0,0.0,0.0,0.0,0.0,0.0,0.0
11832,1536,1538,11832,"LINESTRING (-71.0500122 42.320607, -71.050201 42.3212248)",True,False,0.0,0.0,0.0,0.0,0.0,0.0,0.0
11833,2962,1538,11833,"LINESTRING (-71.0495219 42.3204292, -71.050201 42.3212248)",True,False,0.0,0.0,0.0,0.0,0.0,0.0,0.0
11834,2367,3445,11834,"LINESTRING (-71.051148 42.320934, -71.0510476 42.3208944)",True,False,0.0,0.0,0.0,0.0,0.0,0.0,0.0
11835,2367,2366,11835,"LINESTRING (-71.051148 42.320934, -71.0511481 42.3206934)",True,False,0.0,0.0,0.0,0.0,0.0,0.0,0.0
11836,3445,4406,11836,"LINESTRING (-71.0510476 42.3208944, -71.0510098 42.3209497)",True,False,0.0,0.0,0.0,0.0,0.0,0.0,0.0
11837,3445,4407,11837,"LINESTRING (-71.0510476 42.3208944, -71.050158 42.3205716)",True,False,0.0,0.0,0.0,0.0,0.0,0.0,0.0
11838,4421,4422,11838,"LINESTRING (-71.0502273 42.3210645, -71.050597 42.3208073)",True,False,0.0,0.0,0.0,0.0,0.0,0.0,0.0
11839,4421,1537,11839,"LINESTRING (-71.0502273 42.3210645, -71.050133 42.3206518)",True,False,0.0,0.0,0.0,0.0,0.0,0.0,0.0
11840,4419,4421,11840,"LINESTRING (-71.0503146 42.3217339, -71.0502273 42.3210645)",True,False,0.0,0.0,0.0,0.0,0.0,0.0,0.0
11841,4417,4422,11841,"LINESTRING (-71.0502402 42.3206879, -71.050597 42.3208073)",True,False,0.0,0.0,0.0,0.0,0.0,0.0,0.0
11842,4422,4406,11842,"LINESTRING (-71.050597 42.3208073, -71.0510098 42.3209497)",True,False,0.0,0.0,0.0,0.0,0.0,0.0,0.0
11843,2366,3445,11843,"LINESTRING (-71.0511481 42.3206934, -71.0510476 42.3208944)",True,False,0.0,0.0,0.0,0.0,0.0,0.0,0.0
11844,4423,4420,11844,"LINESTRING (-71.0508786 42.3216154, -71.0505702 42.3218345)",True,False,0.0,0.0,0.0,0.0,0.0,0.0,0.0
11845,4842,2367,11845,"LINESTRING (-71.0511114 42.320988, -71.051148 42.320934)",True,False,0.0,0.0,0.0,0.0,0.0,0.0,0.0
11846,4406,4842,11846,"LINESTRING (-71.0510098 42.3209497, -71.0511114 42.320988)",True,False,0.0,0.0,0.0,0.0,0.0,0.0,0.0
11847,2023,4423,11847,"LINESTRING (-71.0509422 42.3215359, -71.0508786 42.3216154)",True,False,0.0,0.0,0.0,0.0,0.0,0.0,0.0
11848,4420,4419,11848,"LINESTRING (-71.0505702 42.3218345, -71.0503146 42.3217339)",True,False,0.0,0.0,0.0,0.0,0.0,0.0,0.0
11849,2962,1536,11849,"LINESTRING (-71.0495219 42.3204292, -71.0500122 42.320607)",True,False,0.0,0.0,0.0,0.0,0.0,0.0,0.0
11850,4404,4405,11850,"LINESTRING (-71.0500043 42.3205054, -71.049714 42.3203849)",True,False,0.0,0.0,0.0,0.0,0.0,0.0,0.0
11851,4408,4407,11851,"LINESTRING (-71.0500353 42.3199306, -71.050158 42.3205716)",True,False,0.0,0.0,0.0,0.0,0.0,0.0,0.0
11852,4409,4404,11852,"LINESTRING (-71.0500026 42.3202615, -71.0500043 42.3205054)",True,False,0.0,0.0,0.0,0.0,0.0,0.0,0.0
11853,4409,4405,11853,"LINESTRING (-71.0500026 42.3202615, -71.049714 42.3203849)",True,False,0.0,0.0,0.0,0.0,0.0,0.0,0.0
11854,4408,4409,11854,"LINESTRING (-71.0500353 42.3199306, -71.0500026 42.3202615)",True,False,0.0,0.0,0.0,0.0,0.0,0.0,0.0
11855,1536,1537,11855,"LINESTRING (-71.0500122 42.320607, -71.050133 42.3206518)",True,False,0.0,0.0,0.0,0.0,0.0,0.0,0.0
11856,1537,4404,11856,"LINESTRING (-71.050133 42.3206518, -71.0500043 42.3205054)",True,False,0.0,0.0,0.0,0.0,0.0,0.0,0.0
11857,4407,4417,11857,"LINESTRING (-71.050158 42.3205716, -71.0502402 42.3206879)",True,False,0.0,0.0,0.0,0.0,0.0,0.0,0.0
11858,4404,1536,11858,"LINESTRING (-71.0500043 42.3205054, -71.0500122 42.320607)",True,False,0.0,0.0,0.0,0.0,0.0,0.0,0.0
11859,4407,4404,11859,"LINESTRING (-71.050158 42.3205716, -71.0500043 42.3205054)",True,False,0.0,0.0,0.0,0.0,0.0,0.0,0.0
11860,1537,4417,11860,"LINESTRING (-71.050133 42.3206518, -71.0502402 42.3206879)",True,False,0.0,0.0,0.0,0.0,0.0,0.0,0.0
11861,2582,4418,11861,"LINESTRING (-71.0501383 42.3220736, -71.0510377 42.3219745)",True,False,0.0,0.0,0.0,0.0,0.0,0.0,0.0
11862,4418,4416,11862,"LINESTRING (-71.0510377 42.3219745, -71.0512351 42.3220236)",True,False,0.0,0.0,0.0,0.0,0.0,0.0,0.0
11863,2581,2582,11863,"LINESTRING (-71.0499398 42.3221842, -71.0501383 42.3220736)",True,False,0.0,0.0,0.0,0.0,0.0,0.0,0.0
11864,2582,2581,11864,"LINESTRING (-71.0501383 42.3220736, -71.0499398 42.3221842)",True,False,0.0,0.0,0.0,0.0,0.0,0.0,0.0
11865,1534,1535,11865,"LINESTRING (-71.0522022 42.3243621, -71.0522991 42.3268235)",True,False,0.0,0.0,0.0,0.0,0.0,0.0,0.0
11866,5113,5114,11866,"LINESTRING (-71.0525084 42.3268169, -71.0524035 42.32436)",True,False,0.0,0.0,0.0,0.0,0.0,0.0,0.0
11867,5114,4414,11867,"LINESTRING (-71.0524035 42.32436, -71.0523964 42.3242171)",True,False,0.0,0.0,0.0,0.0,0.0,0.0,0.0
11868,1535,2364,11868,"LINESTRING (-71.0522991 42.3268235, -71.052311 42.3270959)",True,False,0.0,0.0,0.0,0.0,0.0,0.0,0.0
11869,5118,5113,11869,"LINESTRING (-71.0525163 42.327094, -71.0525084 42.3268169)",True,False,0.0,0.0,0.0,0.0,0.0,0.0,0.0
11870,1429,1430,11870,"LINESTRING (-71.0536276 42.3323328, -71.0531912 42.3316156)",True,False,0.0,0.0,0.0,0.0,0.0,0.0,0.0
11871,1544,3827,11871,"LINESTRING (-71.053488 42.3292589, -71.0529068 42.3292796)",True,False,0.0,0.0,0.0,0.0,0.0,0.0,0.0
11872,3827,1544,11872,"LINESTRING (-71.0529068 42.3292796, -71.053488 42.3292589)",True,False,0.0,0.0,0.0,0.0,0.0,0.0,0.0
11873,1430,4534,11873,"LINESTRING (-71.0531912 42.3316156, -71.0535917 42.3313496)",True,False,0.0,0.0,0.0,0.0,0.0,0.0,0.0
11874,4532,4535,11874,"LINESTRING (-71.0516993 42.3325036, -71.0523966 42.3320949)",True,False,0.0,0.0,0.0,0.0,0.0,0.0,0.0
11875,4530,4536,11875,"LINESTRING (-71.052332 42.3320403, -71.0516551 42.3324353)",True,False,0.0,0.0,0.0,0.0,0.0,0.0,0.0
11876,4540,4525,11876,"LINESTRING (-71.0535265 42.3312976, -71.0531487 42.3315398)",True,False,0.0,0.0,0.0,0.0,0.0,0.0,0.0
11877,1844,5068,11877,"LINESTRING (-71.0536819 42.3341544, -71.05316 42.3345125)",True,False,0.0,0.0,0.0,0.0,0.0,0.0,0.0
11878,4255,5071,11878,"LINESTRING (-71.0569959 42.3318557, -71.0570058 42.3323802)",True,False,0.0,0.0,0.0,0.0,0.0,0.0,0.0
11879,5071,4255,11879,"LINESTRING (-71.0570058 42.3323802, -71.0569959 42.3318557)",True,False,0.0,0.0,0.0,0.0,0.0,0.0,0.0
11880,4533,1596,11880,"LINESTRING (-71.0533125 42.331996, -71.0535868 42.3324433)",True,False,0.0,0.0,0.0,0.0,0.0,0.0,0.0
11953,2361,2363,11953,"LINESTRING (-71.056967 42.3303341, -71.0569639 42.3300978)",True,False,0.0,0.0,0.0,0.0,0.0,0.0,0.0
11954,2363,2361,11954,"LINESTRING (-71.0569639 42.3300978, -71.056967 42.3303341)",True,False,0.0,0.0,0.0,0.0,0.0,0.0,0.0
11955,2297,3318,11955,"LINESTRING (-71.0556885 42.3293091, -71.0552535 42.3292576)",True,False,0.0,0.0,0.0,0.0,0.0,0.0,0.0
11956,3318,2297,11956,"LINESTRING (-71.0552535 42.3292576, -71.0556885 42.3293091)",True,False,0.0,0.0,0.0,0.0,0.0,0.0,0.0
11957,4629,4630,11957,"LINESTRING (-71.0559476 42.3301135, -71.0552699 42.3304278)",True,False,0.0,0.0,0.0,0.0,0.0,0.0,0.0
11958,4632,4633,11958,"LINESTRING (-71.0553017 42.3304983, -71.0569051 42.329727)",True,False,0.0,0.0,0.0,0.0,0.0,0.0,0.0
11959,2292,4629,11959,"LINESTRING (-71.0569035 42.3296877, -71.0559476 42.3301135)",True,False,0.0,0.0,0.0,0.0,0.0,0.0,0.0
11960,2290,2291,11960,"LINESTRING (-71.0569716 42.329498, -71.0563041 42.3294023)",True,False,0.0,0.0,0.0,0.0,0.0,0.0,0.0
11961,2291,2290,11961,"LINESTRING (-71.0563041 42.3294023, -71.0569716 42.329498)",True,False,0.0,0.0,0.0,0.0,0.0,0.0,0.0
11962,2290,2293,11962,"LINESTRING (-71.0569716 42.329498, -71.0569268 42.3285805)",True,False,0.0,0.0,0.0,0.0,0.0,0.0,0.0
11963,2293,2290,11963,"LINESTRING (-71.0569268 42.3285805, -71.0569716 42.329498)",True,False,0.0,0.0,0.0,0.0,0.0,0.0,0.0
11964,2290,2292,11964,"LINESTRING (-71.0569716 42.329498, -71.0569035 42.3296877)",True,False,0.0,0.0,0.0,0.0,0.0,0.0,0.0
11965,2296,2290,11965,"LINESTRING (-71.0570011 42.3296796, -71.0569716 42.329498)",True,False,0.0,0.0,0.0,0.0,0.0,0.0,0.0
11966,2295,2296,11966,"LINESTRING (-71.0570054 42.3299535, -71.0570011 42.3296796)",True,False,0.0,0.0,0.0,0.0,0.0,0.0,0.0
11967,4633,2363,11967,"LINESTRING (-71.0569051 42.329727, -71.0569639 42.3300978)",True,False,0.0,0.0,0.0,0.0,0.0,0.0,0.0
11968,2296,2292,11968,"LINESTRING (-71.0570011 42.3296796, -71.0569035 42.3296877)",True,False,0.0,0.0,0.0,0.0,0.0,0.0,0.0
11969,4633,2296,11969,"LINESTRING (-71.0569051 42.329727, -71.0570011 42.3296796)",True,False,0.0,0.0,0.0,0.0,0.0,0.0,0.0
11970,2292,4633,11970,"LINESTRING (-71.0569035 42.3296877, -71.0569051 42.329727)",True,False,0.0,0.0,0.0,0.0,0.0,0.0,0.0
11971,2363,2295,11971,"LINESTRING (-71.0569639 42.3300978, -71.0570054 42.3299535)",True,False,0.0,0.0,0.0,0.0,0.0,0.0,0.0
11972,2291,2297,11972,"LINESTRING (-71.0563041 42.3294023, -71.0556885 42.3293091)",True,False,0.0,0.0,0.0,0.0,0.0,0.0,0.0
11973,2297,2291,11973,"LINESTRING (-71.0556885 42.3293091, -71.0563041 42.3294023)",True,False,0.0,0.0,0.0,0.0,0.0,0.0,0.0
11974,2362,4255,11974,"LINESTRING (-71.0569682 42.3303981, -71.0569959 42.3318557)",True,False,0.0,0.0,0.0,0.0,0.0,0.0,0.0
11975,4255,2362,11975,"LINESTRING (-71.0569959 42.3318557, -71.0569682 42.3303981)",True,False,0.0,0.0,0.0,0.0,0.0,0.0,0.0
11976,2361,2362,11976,"LINESTRING (-71.056967 42.3303341, -71.0569682 42.3303981)",True,False,0.0,0.0,0.0,0.0,0.0,0.0,0.0
11977,2362,2361,11977,"LINESTRING (-71.0569682 42.3303981, -71.056967 42.3303341)",True,False,0.0,0.0,0.0,0.0,0.0,0.0,0.0
11978,1545,4765,11978,"LINESTRING (-71.0542614 42.3292358, -71.0547309 42.3292326)",True,False,0.0,0.0,0.0,0.0,0.0,0.0,0.0
11979,4765,1545,11979,"LINESTRING (-71.0547309 42.3292326, -71.0542614 42.3292358)",True,False,0.0,0.0,0.0,0.0,0.0,0.0,0.0
11980,3695,4765,11980,"LINESTRING (-71.0551804 42.3292509, -71.0547309 42.3292326)",True,False,0.0,0.0,0.0,0.0,0.0,0.0,0.0
11981,4765,3695,11981,"LINESTRING (-71.0547309 42.3292326, -71.0551804 42.3292509)",True,False,0.0,0.0,0.0,0.0,0.0,0.0,0.0
11982,3318,3695,11982,"LINESTRING (-71.0552535 42.3292576, -71.0551804 42.3292509)",True,False,0.0,0.0,0.0,0.0,0.0,0.0,0.0
11983,3695,3318,11983,"LINESTRING (-71.0551804 42.3292509, -71.0552535 42.3292576)",True,False,0.0,0.0,0.0,0.0,0.0,0.0,0.0
11984,1543,1545,11984,"LINESTRING (-71.0537944 42.329251, -71.0542614 42.3292358)",True,False,0.0,0.0,0.0,0.0,0.0,0.0,0.0
11985,1545,1543,11985,"LINESTRING (-71.0542614 42.3292358, -71.0537944 42.329251)",True,False,0.0,0.0,0.0,0.0,0.0,0.0,0.0
11986,1543,1544,11986,"LINESTRING (-71.0537944 42.329251, -71.053488 42.3292589)",True,False,0.0,0.0,0.0,0.0,0.0,0.0,0.0
11987,1544,1543,11987,"LINESTRING (-71.053488 42.3292589, -71.0537944 42.329251)",True,False,0.0,0.0,0.0,0.0,0.0,0.0,0.0
11988,4534,4541,11988,"LINESTRING (-71.0535917 42.3313496, -71.0540467 42.3310667)",True,False,0.0,0.0,0.0,0.0,0.0,0.0,0.0
11989,4541,4542,11989,"LINESTRING (-71.0540467 42.3310667, -71.0545105 42.3308485)",True,False,0.0,0.0,0.0,0.0,0.0,0.0,0.0
11990,4631,4634,11990,"LINESTRING (-71.05444 42.3307948, -71.0539091 42.3310569)",True,False,0.0,0.0,0.0,0.0,0.0,0.0,0.0
11991,4634,4540,11991,"LINESTRING (-71.0539091 42.3310569, -71.0535265 42.3312976)",True,False,0.0,0.0,0.0,0.0,0.0,0.0,0.0
11992,4630,4631,11992,"LINESTRING (-71.0552699 42.3304278, -71.05444 42.3307948)",True,False,0.0,0.0,0.0,0.0,0.0,0.0,0.0
11993,4542,4632,11993,"LINESTRING (-71.0545105 42.3308485, -71.0553017 42.3304983)",True,False,0.0,0.0,0.0,0.0,0.0,0.0,0.0
11994,4534,4540,11994,"LINESTRING (-71.0535917 42.3313496, -71.0535265 42.3312976)",True,False,0.0,0.0,0.0,0.0,0.0,0.0,0.0
11995,4540,4534,11995,"LINESTRING (-71.0535265 42.3312976, -71.0535917 42.3313496)",True,False,0.0,0.0,0.0,0.0,0.0,0.0,0.0
11996,1840,1841,11996,"LINESTRING (-71.0545527 42.3340315, -71.0547325 42.3343225)",True,False,0.0,0.0,0.0,0.0,0.0,0.0,0.0
11997,2772,1627,11997,"LINESTRING (-71.0570314 42.3337231, -71.0553044 42.335052)",True,False,0.0,0.0,0.0,0.0,0.0,0.0,0.0
11998,1627,2772,11998,"LINESTRING (-71.0553044 42.335052, -71.0570314 42.3337231)",True,False,0.0,0.0,0.0,0.0,0.0,0.0,0.0
11999,1627,1843,11999,"LINESTRING (-71.0553044 42.335052, -71.0544475 42.3336763)",True,False,0.0,0.0,0.0,0.0,0.0,0.0,0.0
12000,3751,4543,12000,"LINESTRING (-71.057026 42.3334433, -71.0570152 42.3328732)",True,False,0.0,0.0,0.0,0.0,0.0,0.0,0.0
12001,4543,3751,12001,"LINESTRING (-71.0570152 42.3328732, -71.057026 42.3334433)",True,False,0.0,0.0,0.0,0.0,0.0,0.0,0.0
12002,4764,5071,12002,"LINESTRING (-71.0570144 42.3328323, -71.0570058 42.3323802)",True,False,0.0,0.0,0.0,0.0,0.0,0.0,0.0
12003,5071,4764,12003,"LINESTRING (-71.0570058 42.3323802, -71.0570144 42.3328323)",True,False,0.0,0.0,0.0,0.0,0.0,0.0,0.0
12004,4543,4764,12004,"LINESTRING (-71.0570152 42.3328732, -71.0570144 42.3328323)",True,False,0.0,0.0,0.0,0.0,0.0,0.0,0.0
12005,4764,4543,12005,"LINESTRING (-71.0570144 42.3328323, -71.0570152 42.3328732)",True,False,0.0,0.0,0.0,0.0,0.0,0.0,0.0
12006,2772,3751,12006,"LINESTRING (-71.0570314 42.3337231, -71.057026 42.3334433)",True,False,0.0,0.0,0.0,0.0,0.0,0.0,0.0
12007,3751,2772,12007,"LINESTRING (-71.057026 42.3334433, -71.0570314 42.3337231)",True,False,0.0,0.0,0.0,0.0,0.0,0.0,0.0
12008,1597,1645,12008,"LINESTRING (-71.0538231 42.3328318, -71.0541196 42.333316)",True,False,0.0,0.0,0.0,0.0,0.0,0.0,0.0
12009,1842,1844,12009,"LINESTRING (-71.0543586 42.3337109, -71.0536819 42.3341544)",True,False,0.0,0.0,0.0,0.0,0.0,0.0,0.0
12010,1843,1429,12010,"LINESTRING (-71.0544475 42.3336763, -71.0536276 42.3323328)",True,False,0.0,0.0,0.0,0.0,0.0,0.0,0.0
12011,1645,1842,12011,"LINESTRING (-71.0541196 42.333316, -71.0543586 42.3337109)",True,False,0.0,0.0,0.0,0.0,0.0,0.0,0.0
12012,1842,1843,12012,"LINESTRING (-71.0543586 42.3337109, -71.0544475 42.3336763)",True,False,0.0,0.0,0.0,0.0,0.0,0.0,0.0
12013,1843,1842,12013,"LINESTRING (-71.0544475 42.3336763, -71.0543586 42.3337109)",True,False,0.0,0.0,0.0,0.0,0.0,0.0,0.0
12014,1842,1840,12014,"LINESTRING (-71.0543586 42.3337109, -71.0545527 42.3340315)",True,False,0.0,0.0,0.0,0.0,0.0,0.0,0.0
12015,1596,1597,12015,"LINESTRING (-71.0535868 42.3324433, -71.0538231 42.3328318)",True,False,0.0,0.0,0.0,0.0,0.0,0.0,0.0
12016,4057,1845,12016,"LINESTRING (-71.0550568 42.33526, -71.0552188 42.3351226)",True,False,0.0,0.0,0.0,0.0,0.0,0.0,0.0
12017,4944,4058,12017,"LINESTRING (-71.0543133 42.3358856, -71.0546691 42.3355833)",True,False,0.0,0.0,0.0,0.0,0.0,0.0,0.0
12018,4058,4944,12018,"LINESTRING (-71.0546691 42.3355833, -71.0543133 42.3358856)",True,False,0.0,0.0,0.0,0.0,0.0,0.0,0.0
12019,1841,1845,12019,"LINESTRING (-71.0547325 42.3343225, -71.0552188 42.3351226)",True,False,0.0,0.0,0.0,0.0,0.0,0.0,0.0
12020,1845,1627,12020,"LINESTRING (-71.0552188 42.3351226, -71.0553044 42.335052)",True,False,0.0,0.0,0.0,0.0,0.0,0.0,0.0
12021,1627,1845,12021,"LINESTRING (-71.0553044 42.335052, -71.0552188 42.3351226)",True,False,0.0,0.0,0.0,0.0,0.0,0.0,0.0
12022,4057,4058,12022,"LINESTRING (-71.0550568 42.33526, -71.0546691 42.3355833)",True,False,0.0,0.0,0.0,0.0,0.0,0.0,0.0
12023,4058,4057,12023,"LINESTRING (-71.0546691 42.3355833, -71.0550568 42.33526)",True,False,0.0,0.0,0.0,0.0,0.0,0.0,0.0
12024,4943,4944,12024,"LINESTRING (-71.0538704 42.3362486, -71.0543133 42.3358856)",True,False,0.0,0.0,0.0,0.0,0.0,0.0,0.0
12025,4944,4943,12025,"LINESTRING (-71.0543133 42.3358856, -71.0538704 42.3362486)",True,False,0.0,0.0,0.0,0.0,0.0,0.0,0.0
12026,3312,1848,12026,"LINESTRING (-71.0522181 42.3296592, -71.0526175 42.3302575)",True,False,0.0,0.0,0.0,0.0,0.0,0.0,0.0
12027,4526,2228,12027,"LINESTRING (-71.0527229 42.3302392, -71.0527012 42.3300099)",True,False,0.0,0.0,0.0,0.0,0.0,0.0,0.0
12028,4586,4766,12028,"LINESTRING (-71.0518553 42.3291768, -71.0508937 42.3298096)",True,False,0.0,0.0,0.0,0.0,0.0,0.0,0.0
12029,4766,3200,12029,"LINESTRING (-71.0508937 42.3298096, -71.0515782 42.3296895)",True,False,0.0,0.0,0.0,0.0,0.0,0.0,0.0
12068,3312,2229,12068,"LINESTRING (-71.0522181 42.3296592, -71.0526309 42.3294446)",True,False,0.0,0.0,0.0,0.0,0.0,0.0,0.0
12069,2365,4586,12069,"LINESTRING (-71.0519816 42.3290794, -71.0518553 42.3291768)",True,False,0.0,0.0,0.0,0.0,0.0,0.0,0.0
12070,4619,917,12070,"LINESTRING (-71.0526027 42.329191, -71.0525738 42.3286158)",True,False,0.0,0.0,0.0,0.0,0.0,0.0,0.0
12071,4619,2365,12071,"LINESTRING (-71.0526027 42.329191, -71.0519816 42.3290794)",True,False,0.0,0.0,0.0,0.0,0.0,0.0,0.0
12072,917,918,12072,"LINESTRING (-71.0525738 42.3286158, -71.0525617 42.3282516)",True,False,0.0,0.0,0.0,0.0,0.0,0.0,0.0
12073,2228,2229,12073,"LINESTRING (-71.0527012 42.3300099, -71.0526309 42.3294446)",True,False,0.0,0.0,0.0,0.0,0.0,0.0,0.0
12074,3827,4256,12074,"LINESTRING (-71.0529068 42.3292796, -71.0526212 42.329226)",True,False,0.0,0.0,0.0,0.0,0.0,0.0,0.0
12075,4620,3827,12075,"LINESTRING (-71.0526384 42.329418, -71.0529068 42.3292796)",True,False,0.0,0.0,0.0,0.0,0.0,0.0,0.0
12076,4620,4256,12076,"LINESTRING (-71.0526384 42.329418, -71.0526212 42.329226)",True,False,0.0,0.0,0.0,0.0,0.0,0.0,0.0
12077,4256,4619,12077,"LINESTRING (-71.0526212 42.329226, -71.0526027 42.329191)",True,False,0.0,0.0,0.0,0.0,0.0,0.0,0.0
12078,2229,4620,12078,"LINESTRING (-71.0526309 42.3294446, -71.0526384 42.329418)",True,False,0.0,0.0,0.0,0.0,0.0,0.0,0.0
12079,3200,3201,12079,"LINESTRING (-71.0515782 42.3296895, -71.0519319 42.3295757)",True,False,0.0,0.0,0.0,0.0,0.0,0.0,0.0
12080,3201,3312,12080,"LINESTRING (-71.0519319 42.3295757, -71.0522181 42.3296592)",True,False,0.0,0.0,0.0,0.0,0.0,0.0,0.0
12081,4586,3201,12081,"LINESTRING (-71.0518553 42.3291768, -71.0519319 42.3295757)",True,False,0.0,0.0,0.0,0.0,0.0,0.0,0.0
12082,1846,1847,12082,"LINESTRING (-71.0527994 42.3310037, -71.0530636 42.3315997)",True,False,0.0,0.0,0.0,0.0,0.0,0.0,0.0
12083,4525,4526,12083,"LINESTRING (-71.0531487 42.3315398, -71.0527229 42.3302392)",True,False,0.0,0.0,0.0,0.0,0.0,0.0,0.0
12084,1848,1846,12084,"LINESTRING (-71.0526175 42.3302575, -71.0527994 42.3310037)",True,False,0.0,0.0,0.0,0.0,0.0,0.0,0.0
12085,1847,4529,12085,"LINESTRING (-71.0530636 42.3315997, -71.0531059 42.3316715)",True,False,0.0,0.0,0.0,0.0,0.0,0.0,0.0
12086,1847,4530,12086,"LINESTRING (-71.0530636 42.3315997, -71.052332 42.3320403)",True,False,0.0,0.0,0.0,0.0,0.0,0.0,0.0
12087,4529,1430,12087,"LINESTRING (-71.0531059 42.3316715, -71.0531912 42.3316156)",True,False,0.0,0.0,0.0,0.0,0.0,0.0,0.0
12088,4535,4529,12088,"LINESTRING (-71.0523966 42.3320949, -71.0531059 42.3316715)",True,False,0.0,0.0,0.0,0.0,0.0,0.0,0.0
12089,1430,4525,12089,"LINESTRING (-71.0531912 42.3316156, -71.0531487 42.3315398)",True,False,0.0,0.0,0.0,0.0,0.0,0.0,0.0
12090,4525,1847,12090,"LINESTRING (-71.0531487 42.3315398, -71.0530636 42.3315997)",True,False,0.0,0.0,0.0,0.0,0.0,0.0,0.0
12091,4529,4533,12091,"LINESTRING (-71.0531059 42.3316715, -71.0533125 42.331996)",True,False,0.0,0.0,0.0,0.0,0.0,0.0,0.0
12092,4531,4532,12092,"LINESTRING (-71.0511345 42.3328531, -71.0516993 42.3325036)",True,False,0.0,0.0,0.0,0.0,0.0,0.0,0.0
12093,4536,4524,12093,"LINESTRING (-71.0516551 42.3324353, -71.0510654 42.3327978)",True,False,0.0,0.0,0.0,0.0,0.0,0.0,0.0
12096,5026,5027,12096,"LINESTRING (-71.0527524 42.3348674, -71.0523049 42.3352457)",True,False,0.0,0.0,0.0,0.0,0.0,0.0,0.0
12097,5027,5028,12097,"LINESTRING (-71.0523049 42.3352457, -71.0515702 42.3358666)",True,False,0.0,0.0,0.0,0.0,0.0,0.0,0.0
12106,5068,5026,12106,"LINESTRING (-71.05316 42.3345125, -71.0527524 42.3348674)",True,False,0.0,0.0,0.0,0.0,0.0,0.0,0.0
12107,4523,4521,12107,"LINESTRING (-71.0507967 42.3329795, -71.049726 42.3335404)",True,False,0.0,0.0,0.0,0.0,0.0,0.0,0.0
12108,4527,4528,12108,"LINESTRING (-71.0497825 42.3335983, -71.0508608 42.3330342)",True,False,0.0,0.0,0.0,0.0,0.0,0.0,0.0
12109,4524,4523,12109,"LINESTRING (-71.0510654 42.3327978, -71.0507967 42.3329795)",True,False,0.0,0.0,0.0,0.0,0.0,0.0,0.0
12110,4528,4531,12110,"LINESTRING (-71.0508608 42.3330342, -71.0511345 42.3328531)",True,False,0.0,0.0,0.0,0.0,0.0,0.0,0.0
12111,4427,4429,12111,"LINESTRING (-71.0452657 42.3301946, -71.044871 42.3301714)",True,False,0.0,0.0,0.0,0.0,0.0,0.0,0.0
12112,2767,2583,12112,"LINESTRING (-71.0450232 42.32987, -71.0469861 42.3287241)",True,False,0.0,0.0,0.0,0.0,0.0,0.0,0.0
12113,2583,2767,12113,"LINESTRING (-71.0469861 42.3287241, -71.0450232 42.32987)",True,False,0.0,0.0,0.0,0.0,0.0,0.0,0.0
12114,4425,4427,12114,"LINESTRING (-71.0441089 42.3302462, -71.0452657 42.3301946)",True,False,0.0,0.0,0.0,0.0,0.0,0.0,0.0
12115,3335,3331,12115,"LINESTRING (-71.044164 42.332673, -71.0441426 42.3321524)",True,False,0.0,0.0,0.0,0.0,0.0,0.0,0.0
12116,2869,1834,12116,"LINESTRING (-71.0446256 42.3361827, -71.0453404 42.3354628)",True,False,0.0,0.0,0.0,0.0,0.0,0.0,0.0
12117,1834,2869,12117,"LINESTRING (-71.0453404 42.3354628, -71.0446256 42.3361827)",True,False,0.0,0.0,0.0,0.0,0.0,0.0,0.0
12118,1834,5029,12118,"LINESTRING (-71.0453404 42.3354628, -71.044269 42.3354899)",True,False,0.0,0.0,0.0,0.0,0.0,0.0,0.0
12119,5029,1834,12119,"LINESTRING (-71.044269 42.3354899, -71.0453404 42.3354628)",True,False,0.0,0.0,0.0,0.0,0.0,0.0,0.0
12120,3345,5094,12120,"LINESTRING (-71.0474549 42.332965, -71.0474258 42.3317436)",True,False,0.0,0.0,0.0,0.0,0.0,0.0,0.0
12153,4427,4428,12153,"LINESTRING (-71.0452657 42.3301946, -71.0473907 42.3301554)",True,False,0.0,0.0,0.0,0.0,0.0,0.0,0.0
12154,4428,4427,12154,"LINESTRING (-71.0473907 42.3301554, -71.0452657 42.3301946)",True,False,0.0,0.0,0.0,0.0,0.0,0.0,0.0
12155,5086,2583,12155,"LINESTRING (-71.047953 42.3301386, -71.0469861 42.3287241)",True,False,0.0,0.0,0.0,0.0,0.0,0.0,0.0
12156,2583,5086,12156,"LINESTRING (-71.0469861 42.3287241, -71.047953 42.3301386)",True,False,0.0,0.0,0.0,0.0,0.0,0.0,0.0
12157,5093,5083,12157,"LINESTRING (-71.0474137 42.3312614, -71.0473964 42.3304306)",True,False,0.0,0.0,0.0,0.0,0.0,0.0,0.0
12158,4428,5086,12158,"LINESTRING (-71.0473907 42.3301554, -71.047953 42.3301386)",True,False,0.0,0.0,0.0,0.0,0.0,0.0,0.0
12159,5086,4428,12159,"LINESTRING (-71.047953 42.3301386, -71.0473907 42.3301554)",True,False,0.0,0.0,0.0,0.0,0.0,0.0,0.0
12160,5083,4428,12160,"LINESTRING (-71.0473964 42.3304306, -71.0473907 42.3301554)",True,False,0.0,0.0,0.0,0.0,0.0,0.0,0.0
12161,4428,5083,12161,"LINESTRING (-71.0473907 42.3301554, -71.0473964 42.3304306)",True,False,0.0,0.0,0.0,0.0,0.0,0.0,0.0
12162,5094,5093,12162,"LINESTRING (-71.0474258 42.3317436, -71.0474137 42.3312614)",True,False,0.0,0.0,0.0,0.0,0.0,0.0,0.0
12163,3342,3344,12163,"LINESTRING (-71.0477808 42.3345025, -71.0488073 42.3340572)",True,False,0.0,0.0,0.0,0.0,0.0,0.0,0.0
12164,3343,3345,12164,"LINESTRING (-71.0475423 42.3346042, -71.0474549 42.332965)",True,False,0.0,0.0,0.0,0.0,0.0,0.0,0.0
12165,3343,1833,12165,"LINESTRING (-71.0475423 42.3346042, -71.0467887 42.3349578)",True,False,0.0,0.0,0.0,0.0,0.0,0.0,0.0
12166,1833,3343,12166,"LINESTRING (-71.0467887 42.3349578, -71.0475423 42.3346042)",True,False,0.0,0.0,0.0,0.0,0.0,0.0,0.0
12167,4537,4538,12167,"LINESTRING (-71.0487524 42.3339978, -71.0482972 42.3342076)",True,False,0.0,0.0,0.0,0.0,0.0,0.0,0.0
12168,3344,4539,12168,"LINESTRING (-71.0488073 42.3340572, -71.0491384 42.3338988)",True,False,0.0,0.0,0.0,0.0,0.0,0.0,0.0
12169,4522,4537,12169,"LINESTRING (-71.0490884 42.3338368, -71.0487524 42.3339978)",True,False,0.0,0.0,0.0,0.0,0.0,0.0,0.0
12170,4538,3342,12170,"LINESTRING (-71.0482972 42.3342076, -71.0477808 42.3345025)",True,False,0.0,0.0,0.0,0.0,0.0,0.0,0.0
12171,3342,3343,12171,"LINESTRING (-71.0477808 42.3345025, -71.0475423 42.3346042)",True,False,0.0,0.0,0.0,0.0,0.0,0.0,0.0
12172,3343,3342,12172,"LINESTRING (-71.0475423 42.3346042, -71.0477808 42.3345025)",True,False,0.0,0.0,0.0,0.0,0.0,0.0,0.0
12173,1831,1833,12173,"LINESTRING (-71.045691 42.3354859, -71.0467887 42.3349578)",True,False,0.0,0.0,0.0,0.0,0.0,0.0,0.0
12174,1833,1831,12174,"LINESTRING (-71.0467887 42.3349578, -71.045691 42.3354859)",True,False,0.0,0.0,0.0,0.0,0.0,0.0,0.0
12175,1831,1834,12175,"LINESTRING (-71.045691 42.3354859, -71.0453404 42.3354628)",True,False,0.0,0.0,0.0,0.0,0.0,0.0,0.0
12176,1834,1831,12176,"LINESTRING (-71.0453404 42.3354628, -71.045691 42.3354859)",True,False,0.0,0.0,0.0,0.0,0.0,0.0,0.0
12177,4426,2766,12177,"LINESTRING (-71.0441182 42.3301841, -71.0447703 42.3299886)",True,False,0.0,0.0,0.0,0.0,0.0,0.0,0.0
12178,2767,4430,12178,"LINESTRING (-71.0450232 42.32987, -71.0437672 42.3301873)",True,False,0.0,0.0,0.0,0.0,0.0,0.0,0.0
12179,4429,2766,12179,"LINESTRING (-71.044871 42.3301714, -71.0447703 42.3299886)",True,False,0.0,0.0,0.0,0.0,0.0,0.0,0.0
12180,2766,2767,12180,"LINESTRING (-71.0447703 42.3299886, -71.0450232 42.32987)",True,False,0.0,0.0,0.0,0.0,0.0,0.0,0.0
12181,4424,4425,12181,"LINESTRING (-71.0439612 42.3302437, -71.0441089 42.3302462)",True,False,0.0,0.0,0.0,0.0,0.0,0.0,0.0
12182,4424,4426,12182,"LINESTRING (-71.0439612 42.3302437, -71.0441182 42.3301841)",True,False,0.0,0.0,0.0,0.0,0.0,0.0,0.0
12183,4426,4430,12183,"LINESTRING (-71.0441182 42.3301841, -71.0437672 42.3301873)",True,False,0.0,0.0,0.0,0.0,0.0,0.0,0.0
12184,3875,5077,12184,"LINESTRING (-71.0441145 42.3313296, -71.0441013 42.3304905)",True,False,0.0,0.0,0.0,0.0,0.0,0.0,0.0
12185,4429,4426,12185,"LINESTRING (-71.044871 42.3301714, -71.0441182 42.3301841)",True,False,0.0,0.0,0.0,0.0,0.0,0.0,0.0
12186,5077,4425,12186,"LINESTRING (-71.0441013 42.3304905, -71.0441089 42.3302462)",True,False,0.0,0.0,0.0,0.0,0.0,0.0,0.0
12187,4425,4426,12187,"LINESTRING (-71.0441089 42.3302462, -71.0441182 42.3301841)",True,False,0.0,0.0,0.0,0.0,0.0,0.0,0.0
12188,3332,3875,12188,"LINESTRING (-71.0441252 42.3316791, -71.0441145 42.3313296)",True,False,0.0,0.0,0.0,0.0,0.0,0.0,0.0
12189,3331,3332,12189,"LINESTRING (-71.0441426 42.3321524, -71.0441252 42.3316791)",True,False,0.0,0.0,0.0,0.0,0.0,0.0,0.0
12190,5082,4424,12190,"LINESTRING (-71.0433788 42.3302284, -71.0439612 42.3302437)",True,False,0.0,0.0,0.0,0.0,0.0,0.0,0.0
12191,4430,5082,12191,"LINESTRING (-71.0437672 42.3301873, -71.0433788 42.3302284)",True,False,0.0,0.0,0.0,0.0,0.0,0.0,0.0
12192,3347,3348,12192,"LINESTRING (-71.0442352 42.334593, -71.0442039 42.3337959)",True,False,0.0,0.0,0.0,0.0,0.0,0.0,0.0
12193,4759,5029,12193,"LINESTRING (-71.0415568 42.3355395, -71.044269 42.3354899)",True,False,0.0,0.0,0.0,0.0,0.0,0.0,0.0
12194,5029,4759,12194,"LINESTRING (-71.044269 42.3354899, -71.0415568 42.3355395)",True,False,0.0,0.0,0.0,0.0,0.0,0.0,0.0
12209,5059,3336,12209,"LINESTRING (-71.0441911 42.3333854, -71.044192 42.3331833)",True,False,0.0,0.0,0.0,0.0,0.0,0.0,0.0
12210,3334,3335,12210,"LINESTRING (-71.0441734 42.3329651, -71.044164 42.332673)",True,False,0.0,0.0,0.0,0.0,0.0,0.0,0.0
12211,3334,3336,12211,"LINESTRING (-71.0441734 42.3329651, -71.044192 42.3331833)",True,False,0.0,0.0,0.0,0.0,0.0,0.0,0.0
12212,3336,3334,12212,"LINESTRING (-71.044192 42.3331833, -71.0441734 42.3329651)",True,False,0.0,0.0,0.0,0.0,0.0,0.0,0.0
12213,3348,5059,12213,"LINESTRING (-71.0442039 42.3337959, -71.0441911 42.3333854)",True,False,0.0,0.0,0.0,0.0,0.0,0.0,0.0
12214,5029,3347,12214,"LINESTRING (-71.044269 42.3354899, -71.0442352 42.334593)",True,False,0.0,0.0,0.0,0.0,0.0,0.0,0.0
12215,1618,1619,12215,"LINESTRING (-71.1065953 42.3499108, -71.1065493 42.3501181)",True,False,0.0,0.0,0.0,0.0,0.0,0.0,0.0
12216,1619,1618,12216,"LINESTRING (-71.1065493 42.3501181, -71.1065953 42.3499108)",True,False,0.0,0.0,0.0,0.0,0.0,0.0,0.0
12217,1618,1620,12217,"LINESTRING (-71.1065953 42.3499108, -71.1036622 42.3495564)",True,False,0.0,0.0,0.0,0.0,0.0,0.0,0.0
12218,1619,1641,12218,"LINESTRING (-71.1065493 42.3501181, -71.109692 42.350494)",True,False,0.0,0.0,0.0,0.0,0.0,0.0,0.0
12219,1963,1964,12219,"LINESTRING (-71.10757 42.3515097, -71.0956631 42.3505672)",True,False,7.863386006391787,7.863386006391786,7.863385483380191,7.863385484596179,-5.230115958099191e-07,-5.217956076108976e-07,-8.881784197001252e-16
12220,2193,2194,12220,"LINESTRING (-71.0964543 42.3507099, -71.1178702 42.3580452)",True,False,3.4843078114273083,3.4843078114273083,3.4843077970528933,3.4843077976949575,-1.4374414991635831e-08,-1.373235081203461e-08,0.0
12221,2153,2688,12221,"LINESTRING (-71.0911696 42.347925, -71.1180575 42.3546053)",True,False,0.0,0.0,0.0,0.0,0.0,0.0,0.0
12222,4606,3685,12222,"LINESTRING (-71.1034591 42.3425563, -71.107283 42.338917)",True,False,0.0,0.0,0.0,0.0,0.0,0.0,0.0
12223,3685,4606,12223,"LINESTRING (-71.107283 42.338917, -71.1034591 42.3425563)",True,False,0.0,0.0,0.0,0.0,0.0,0.0,0.0
12224,4976,2846,12224,"LINESTRING (-71.1075162 42.3414124, -71.105817 42.3429634)",True,False,0.0,0.0,0.0,0.0,0.0,0.0,0.0
12225,2846,4976,12225,"LINESTRING (-71.105817 42.3429634, -71.1075162 42.3414124)",True,False,0.0,0.0,0.0,0.0,0.0,0.0,0.0
12226,4989,3685,12226,"LINESTRING (-71.106161 42.3382665, -71.107283 42.338917)",True,False,0.0,0.0,0.0,0.0,0.0,0.0,0.0
12227,3685,4989,12227,"LINESTRING (-71.107283 42.338917, -71.106161 42.3382665)",True,False,0.0,0.0,0.0,0.0,0.0,0.0,0.0
12228,3313,2173,12228,"LINESTRING (-71.1183219 42.3546758, -71.0810451 42.3476739)",True,False,3.826407327875154,3.826407327875154,3.8264070363719394,3.826407036838526,-2.915032144557017e-07,-2.9103662768648064e-07,0.0
12253,835,837,12253,"LINESTRING (-71.1236104 42.3684495, -71.1258804 42.3692547)",True,False,0.0,0.0,0.0,0.0,0.0,0.0,0.0
12255,2220,2221,12255,"LINESTRING (-71.1303209 42.3708957, -71.1340368 42.3654535)",True,False,0.0,0.0,0.0,0.0,0.0,0.0,0.0
12269,2323,2020,12269,"LINESTRING (-71.1354283 42.3647424, -71.1301392 42.3714323)",True,False,0.0,0.0,0.0,0.0,0.0,0.0,0.0
12272,1417,836,12272,"LINESTRING (-71.12595 42.3691522, -71.1237913 42.3682518)",True,False,0.0,0.0,0.0,0.0,0.0,0.0,0.0
12273,1417,4175,12273,"LINESTRING (-71.12595 42.3691522, -71.1215162 42.3677715)",True,False,0.0,0.0,0.0,0.0,0.0,0.0,0.0
12277,3246,837,12277,"LINESTRING (-71.1213035 42.3678659, -71.1258804 42.3692547)",True,False,0.0,0.0,0.0,0.0,0.0,0.0,0.0
13474,1664,1440,13474,"LINESTRING (-71.1234233 42.3519534, -71.1223753 42.3518267)",True,False,0.0,0.0,0.0,0.0,0.0,0.0,0.0
13475,2197,2199,13475,"LINESTRING (-71.1207699 42.3601612, -71.1242308 42.3578781)",True,False,0.0,0.0,0.0,0.0,0.0,0.0,0.0
13476,2202,2199,13476,"LINESTRING (-71.1226699 42.358962, -71.1242308 42.3578781)",True,False,0.0,0.0,0.0,0.0,0.0,0.0,0.0
13477,2573,2574,13477,"LINESTRING (-71.1201792 42.3604805, -71.1232058 42.3591229)",True,False,0.0,0.0,0.0,0.0,0.0,0.0,0.0
13478,2688,2203,13478,"LINESTRING (-71.1180575 42.3546053, -71.1274643 42.3568879)",True,False,0.0,0.0,0.0,0.0,0.0,0.0,0.0
13479,2964,2965,13479,"LINESTRING (-71.1283587 42.3526175, -71.1301804 42.3528361)",True,False,0.0,0.0,0.0,0.0,0.0,0.0,0.0
13480,4128,3208,13480,"LINESTRING (-71.1286497 42.3564477, -71.1205902 42.3588697)",True,False,0.0,0.0,0.0,0.0,0.0,0.0,0.0
13481,4128,3313,13481,"LINESTRING (-71.1286497 42.3564477, -71.1183219 42.3546758)",True,False,0.0,0.0,0.0,0.0,0.0,0.0,0.0
13482,4466,4145,13482,"LINESTRING (-71.1231288 42.3590259, -71.1184363 42.3607367)",True,False,0.0,0.0,0.0,0.0,0.0,0.0,0.0
13483,4559,2774,13483,"LINESTRING (-71.1212587 42.3518853, -71.1232075 42.3520972)",True,False,0.0,0.0,0.0,0.0,0.0,0.0,0.0
13484,4917,2202,13484,"LINESTRING (-71.1246529 42.3584599, -71.1226699 42.358962)",True,False,0.0,0.0,0.0,0.0,0.0,0.0,0.0
13485,4574,4812,13485,"LINESTRING (-71.1207359 42.3639507, -71.1230032 42.3637675)",True,False,0.0,0.0,0.0,0.0,0.0,0.0,0.0
13486,4812,4574,13486,"LINESTRING (-71.1230032 42.3637675, -71.1207359 42.3639507)",True,False,0.0,0.0,0.0,0.0,0.0,0.0,0.0
13487,803,3484,13487,"LINESTRING (-71.1344212 42.3532372, -71.1351061 42.3523824)",True,False,0.0,0.0,0.0,0.0,0.0,0.0,0.0
13488,3484,803,13488,"LINESTRING (-71.1351061 42.3523824, -71.1344212 42.3532372)",True,False,0.0,0.0,0.0,0.0,0.0,0.0,0.0
13489,836,4175,13489,"LINESTRING (-71.1237913 42.3682518, -71.1215162 42.3677715)",True,False,11.689793334266941,11.68979333426694,11.68979251975213,11.689792521434706,-8.145148111537992e-07,-8.128322352973782e-07,-1.7763568394002505e-15
13490,2144,1967,13490,"LINESTRING (-71.1177699 42.3586698, -71.110614 42.3518165)",True,False,7.863386006391787,7.863386006391786,7.863385483380191,7.863385484596179,-5.230115958099191e-07,-5.217956076108976e-07,-8.881784197001252e-16
13491,3246,835,13491,"LINESTRING (-71.1213035 42.3678659, -71.1236104 42.3684495)",True,False,11.689793334266941,11.68979333426694,11.68979251975213,11.689792521434706,-8.145148111537992e-07,-8.128322352973782e-07,-1.7763568394002505e-15
13492,3654,887,13492,"LINESTRING (-71.1314436 42.3511654, -71.132081 42.35294)",True,False,0.0,0.0,0.0,0.0,0.0,0.0,0.0
13493,887,3654,13493,"LINESTRING (-71.132081 42.35294, -71.1314436 42.3511654)",True,False,0.0,0.0,0.0,0.0,0.0,0.0,0.0
13494,5542,5506,13494,"LINESTRING (-71.130205 42.352725, -71.1292851 42.35262)",True,False,0.0,0.0,0.0,0.0,0.0,0.0,0.0
13543,3256,3259,13543,"LINESTRING (-71.1309826 42.3503566, -71.1342252 42.3488155)",True,False,0.0,0.0,0.0,0.0,0.0,0.0,0.0
13546,3258,3654,13546,"LINESTRING (-71.1310643 42.3505011, -71.1314436 42.3511654)",True,False,0.0,0.0,0.0,0.0,0.0,0.0,0.0
13547,3654,3258,13547,"LINESTRING (-71.1314436 42.3511654, -71.1310643 42.3505011)",True,False,0.0,0.0,0.0,0.0,0.0,0.0,0.0
13548,3879,2417,13548,"LINESTRING (-71.1311582 42.3486705, -71.130817 42.3488327)",True,False,0.0,0.0,0.0,0.0,0.0,0.0,0.0
13549,2417,3879,13549,"LINESTRING (-71.130817 42.3488327, -71.1311582 42.3486705)",True,False,0.0,0.0,0.0,0.0,0.0,0.0,0.0
13550,5306,3257,13550,"LINESTRING (-71.133109 42.3492425, -71.1309363 42.3502748)",True,False,0.0,0.0,0.0,0.0,0.0,0.0,0.0
13571,3259,3248,13571,"LINESTRING (-71.1342252 42.3488155, -71.1365346 42.3482007)",True,False,0.0,0.0,0.0,0.0,0.0,0.0,0.0
13572,3483,3484,13572,"LINESTRING (-71.1361476 42.3508024, -71.1351061 42.3523824)",True,False,0.0,0.0,0.0,0.0,0.0,0.0,0.0
13573,3484,3483,13573,"LINESTRING (-71.1351061 42.3523824, -71.1361476 42.3508024)",True,False,0.0,0.0,0.0,0.0,0.0,0.0,0.0
13574,3879,3881,13574,"LINESTRING (-71.1311582 42.3486705, -71.1315699 42.3484747)",True,False,0.0,0.0,0.0,0.0,0.0,0.0,0.0
13575,3881,3879,13575,"LINESTRING (-71.1315699 42.3484747, -71.1311582 42.3486705)",True,False,0.0,0.0,0.0,0.0,0.0,0.0,0.0
13576,3918,3916,13576,"LINESTRING (-71.1356137 42.3462448, -71.134674 42.34685)",True,False,0.0,0.0,0.0,0.0,0.0,0.0,0.0
13579,5309,5310,13579,"LINESTRING (-71.1365595 42.3481191, -71.135159 42.348275)",True,False,0.0,0.0,0.0,0.0,0.0,0.0,0.0
13580,5310,5305,13580,"LINESTRING (-71.135159 42.348275, -71.134159 42.3487386)",True,False,0.0,0.0,0.0,0.0,0.0,0.0,0.0
13669,2485,2487,13669,"LINESTRING (-71.1323163 42.3481198, -71.1332528 42.3476775)",True,False,0.0,0.0,0.0,0.0,0.0,0.0,0.0
13670,2487,2485,13670,"LINESTRING (-71.1332528 42.3476775, -71.1323163 42.3481198)",True,False,0.0,0.0,0.0,0.0,0.0,0.0,0.0
13671,3916,3917,13671,"LINESTRING (-71.134674 42.34685, -71.1340225 42.3472772)",True,False,0.0,0.0,0.0,0.0,0.0,0.0,0.0
13672,3917,3916,13672,"LINESTRING (-71.1340225 42.3472772, -71.134674 42.34685)",True,False,0.0,0.0,0.0,0.0,0.0,0.0,0.0
13673,3917,2487,13673,"LINESTRING (-71.1340225 42.3472772, -71.1332528 42.3476775)",True,False,0.0,0.0,0.0,0.0,0.0,0.0,0.0
13674,2487,3917,13674,"LINESTRING (-71.1332528 42.3476775, -71.1340225 42.3472772)",True,False,0.0,0.0,0.0,0.0,0.0,0.0,0.0
13675,2486,3881,13675,"LINESTRING (-71.13219 42.3481799, -71.1315699 42.3484747)",True,False,0.0,0.0,0.0,0.0,0.0,0.0,0.0
13676,3881,2486,13676,"LINESTRING (-71.1315699 42.3484747, -71.13219 42.3481799)",True,False,0.0,0.0,0.0,0.0,0.0,0.0,0.0
13677,2485,2486,13677,"LINESTRING (-71.1323163 42.3481198, -71.13219 42.3481799)",True,False,0.0,0.0,0.0,0.0,0.0,0.0,0.0
13678,2486,2485,13678,"LINESTRING (-71.13219 42.3481799, -71.1323163 42.3481198)",True,False,0.0,0.0,0.0,0.0,0.0,0.0,0.0
13679,5305,5306,13679,"LINESTRING (-71.134159 42.3487386, -71.133109 42.3492425)",True,False,0.0,0.0,0.0,0.0,0.0,0.0,0.0
13692,3222,3255,13692,"LINESTRING (-71.1246729 42.3520858, -71.1298325 42.3506087)",True,False,0.0,0.0,0.0,0.0,0.0,0.0,0.0
13693,3736,3632,13693,"LINESTRING (-71.1277153 42.3524281, -71.1269241 42.3523332)",True,False,0.0,0.0,0.0,0.0,0.0,0.0,0.0
13694,3722,4071,13694,"LINESTRING (-71.1268996 42.3524423, -71.1276918 42.3525353)",True,False,0.0,0.0,0.0,0.0,0.0,0.0,0.0
13695,4441,4442,13695,"LINESTRING (-71.1298323 42.3505183, -71.1265561 42.3507811)",True,False,0.0,0.0,0.0,0.0,0.0,0.0,0.0
13728,3255,3256,13728,"LINESTRING (-71.1298325 42.3506087, -71.1309826 42.3503566)",True,False,0.0,0.0,0.0,0.0,0.0,0.0,0.0
13729,5506,3735,13729,"LINESTRING (-71.1292851 42.35262, -71.1283929 42.3525149)",True,False,0.0,0.0,0.0,0.0,0.0,0.0,0.0
13736,2415,2416,13736,"LINESTRING (-71.1300262 42.3492087, -71.1308691 42.3501559)",True,False,0.0,0.0,0.0,0.0,0.0,0.0,0.0
13737,2416,2415,13737,"LINESTRING (-71.1308691 42.3501559, -71.1300262 42.3492087)",True,False,0.0,0.0,0.0,0.0,0.0,0.0,0.0
13738,2415,2417,13738,"LINESTRING (-71.1300262 42.3492087, -71.130817 42.3488327)",True,False,0.0,0.0,0.0,0.0,0.0,0.0,0.0
13739,2417,2415,13739,"LINESTRING (-71.130817 42.3488327, -71.1300262 42.3492087)",True,False,0.0,0.0,0.0,0.0,0.0,0.0,0.0
13740,3257,4441,13740,"LINESTRING (-71.1309363 42.3502748, -71.1298323 42.3505183)",True,False,0.0,0.0,0.0,0.0,0.0,0.0,0.0
13741,3256,3257,13741,"LINESTRING (-71.1309826 42.3503566, -71.1309363 42.3502748)",True,False,0.0,0.0,0.0,0.0,0.0,0.0,0.0
13742,3257,3256,13742,"LINESTRING (-71.1309363 42.3502748, -71.1309826 42.3503566)",True,False,0.0,0.0,0.0,0.0,0.0,0.0,0.0
13743,2416,3257,13743,"LINESTRING (-71.1308691 42.3501559, -71.1309363 42.3502748)",True,False,0.0,0.0,0.0,0.0,0.0,0.0,0.0
13744,3257,2416,13744,"LINESTRING (-71.1309363 42.3502748, -71.1308691 42.3501559)",True,False,0.0,0.0,0.0,0.0,0.0,0.0,0.0
13745,3256,3258,13745,"LINESTRING (-71.1309826 42.3503566, -71.1310643 42.3505011)",True,False,0.0,0.0,0.0,0.0,0.0,0.0,0.0
13746,3258,3256,13746,"LINESTRING (-71.1310643 42.3505011, -71.1309826 42.3503566)",True,False,0.0,0.0,0.0,0.0,0.0,0.0,0.0
13747,3735,3736,13747,"LINESTRING (-71.1283929 42.3525149, -71.1277153 42.3524281)",True,False,0.0,0.0,0.0,0.0,0.0,0.0,0.0
13748,4071,2964,13748,"LINESTRING (-71.1276918 42.3525353, -71.1283587 42.3526175)",True,False,0.0,0.0,0.0,0.0,0.0,0.0,0.0
13757,2775,3223,13757,"LINESTRING (-71.1240785 42.3521936, -71.1250714 42.3522284)",True,False,0.0,0.0,0.0,0.0,0.0,0.0,0.0
13758,3222,3223,13758,"LINESTRING (-71.1246729 42.3520858, -71.1250714 42.3522284)",True,False,0.0,0.0,0.0,0.0,0.0,0.0,0.0
13759,4919,4052,13759,"LINESTRING (-71.125229 42.3521297, -71.1249796 42.3521067)",True,False,0.0,0.0,0.0,0.0,0.0,0.0,0.0
13760,3743,3222,13760,"LINESTRING (-71.1251602 42.3516248, -71.1246729 42.3520858)",True,False,0.0,0.0,0.0,0.0,0.0,0.0,0.0
13761,3632,3633,13761,"LINESTRING (-71.1269241 42.3523332, -71.1252642 42.352134)",True,False,0.0,0.0,0.0,0.0,0.0,0.0,0.0
13762,3721,3722,13762,"LINESTRING (-71.1251858 42.3522387, -71.1268996 42.3524423)",True,False,0.0,0.0,0.0,0.0,0.0,0.0,0.0
13763,3742,3743,13763,"LINESTRING (-71.1250322 42.3515339, -71.1251602 42.3516248)",True,False,0.0,0.0,0.0,0.0,0.0,0.0,0.0
13764,3743,3742,13764,"LINESTRING (-71.1251602 42.3516248, -71.1250322 42.3515339)",True,False,0.0,0.0,0.0,0.0,0.0,0.0,0.0
13765,4442,3743,13765,"LINESTRING (-71.1265561 42.3507811, -71.1251602 42.3516248)",True,False,0.0,0.0,0.0,0.0,0.0,0.0,0.0
13766,3633,4920,13766,"LINESTRING (-71.1252642 42.352134, -71.1252016 42.3519416)",True,False,0.0,0.0,0.0,0.0,0.0,0.0,0.0
13767,3633,4919,13767,"LINESTRING (-71.1252642 42.352134, -71.125229 42.3521297)",True,False,0.0,0.0,0.0,0.0,0.0,0.0,0.0
13768,3223,3721,13768,"LINESTRING (-71.1250714 42.3522284, -71.1251858 42.3522387)",True,False,0.0,0.0,0.0,0.0,0.0,0.0,0.0
13769,4919,3721,13769,"LINESTRING (-71.125229 42.3521297, -71.1251858 42.3522387)",True,False,0.0,0.0,0.0,0.0,0.0,0.0,0.0
13770,1663,1664,13770,"LINESTRING (-71.124057 42.3520317, -71.1234233 42.3519534)",True,False,0.0,0.0,0.0,0.0,0.0,0.0,0.0
13771,2774,2775,13771,"LINESTRING (-71.1232075 42.3520972, -71.1240785 42.3521936)",True,False,0.0,0.0,0.0,0.0,0.0,0.0,0.0
13772,2775,3222,13772,"LINESTRING (-71.1240785 42.3521936, -71.1246729 42.3520858)",True,False,0.0,0.0,0.0,0.0,0.0,0.0,0.0
13773,3222,1663,13773,"LINESTRING (-71.1246729 42.3520858, -71.124057 42.3520317)",True,False,0.0,0.0,0.0,0.0,0.0,0.0,0.0
13774,4052,3222,13774,"LINESTRING (-71.1249796 42.3521067, -71.1246729 42.3520858)",True,False,0.0,0.0,0.0,0.0,0.0,0.0,0.0
13775,809,810,13775,"LINESTRING (-71.1329497 42.3569686, -71.130339 42.356846)",True,False,0.0,0.0,0.0,0.0,0.0,0.0,0.0
13776,810,809,13776,"LINESTRING (-71.130339 42.356846, -71.1329497 42.3569686)",True,False,0.0,0.0,0.0,0.0,0.0,0.0,0.0
13777,2488,2490,13777,"LINESTRING (-71.1297038 42.3610355, -71.1292996 42.3607172)",True,False,0.0,0.0,0.0,0.0,0.0,0.0,0.0
13778,2490,2488,13778,"LINESTRING (-71.1292996 42.3607172, -71.1297038 42.3610355)",True,False,0.0,0.0,0.0,0.0,0.0,0.0,0.0
13779,2669,2671,13779,"LINESTRING (-71.1281742 42.3573576, -71.1321474 42.3558133)",True,False,0.0,0.0,0.0,0.0,0.0,0.0,0.0
13780,3274,3275,13780,"LINESTRING (-71.1310457 42.3630954, -71.1312346 42.3630854)",True,False,0.0,0.0,0.0,0.0,0.0,0.0,0.0
13781,3275,3274,13781,"LINESTRING (-71.1312346 42.3630854, -71.1310457 42.3630954)",True,False,0.0,0.0,0.0,0.0,0.0,0.0,0.0
13782,3452,2670,13782,"LINESTRING (-71.1313391 42.3560592, -71.1280201 42.3572733)",True,False,0.0,0.0,0.0,0.0,0.0,0.0,0.0
13783,2965,2723,13783,"LINESTRING (-71.1301804 42.3528361, -71.132106 42.353061)",True,False,0.0,0.0,0.0,0.0,0.0,0.0,0.0
13786,887,5542,13786,"LINESTRING (-71.132081 42.35294, -71.130205 42.352725)",True,False,0.0,0.0,0.0,0.0,0.0,0.0,0.0
13839,802,803,13839,"LINESTRING (-71.1356485 42.3533801, -71.1344212 42.3532372)",True,False,0.0,0.0,0.0,0.0,0.0,0.0,0.0
13840,814,867,13840,"LINESTRING (-71.1345527 42.357168, -71.1376941 42.3575703)",True,False,0.0,0.0,0.0,0.0,0.0,0.0,0.0
13841,867,814,13841,"LINESTRING (-71.1376941 42.3575703, -71.1345527 42.357168)",True,False,0.0,0.0,0.0,0.0,0.0,0.0,0.0
13842,1983,1411,13842,"LINESTRING (-71.1363065 42.3540306, -71.1350807 42.3545452)",True,False,0.0,0.0,0.0,0.0,0.0,0.0,0.0
13843,1411,1983,13843,"LINESTRING (-71.1350807 42.3545452, -71.1363065 42.3540306)",True,False,0.0,0.0,0.0,0.0,0.0,0.0,0.0
13846,2732,2986,13846,"LINESTRING (-71.1343901 42.3533367, -71.1366563 42.3535524)",True,False,0.0,0.0,0.0,0.0,0.0,0.0,0.0
13875,1407,1411,13875,"LINESTRING (-71.1343962 42.3548375, -71.1350807 42.3545452)",True,False,0.0,0.0,0.0,0.0,0.0,0.0,0.0
13876,1411,1407,13876,"LINESTRING (-71.1350807 42.3545452, -71.1343962 42.3548375)",True,False,0.0,0.0,0.0,0.0,0.0,0.0,0.0
13877,2723,2732,13877,"LINESTRING (-71.132106 42.353061, -71.1343901 42.3533367)",True,False,0.0,0.0,0.0,0.0,0.0,0.0,0.0
13878,3204,3205,13878,"LINESTRING (-71.1323914 42.3542164, -71.1327626 42.355535)",True,False,0.0,0.0,0.0,0.0,0.0,0.0,0.0
13879,3205,3204,13879,"LINESTRING (-71.1327626 42.355535, -71.1323914 42.3542164)",True,False,0.0,0.0,0.0,0.0,0.0,0.0,0.0
13880,3205,1408,13880,"LINESTRING (-71.1327626 42.355535, -71.1332721 42.3553174)",True,False,0.0,0.0,0.0,0.0,0.0,0.0,0.0
13881,1408,3205,13881,"LINESTRING (-71.1332721 42.3553174, -71.1327626 42.355535)",True,False,0.0,0.0,0.0,0.0,0.0,0.0,0.0
13882,3664,886,13882,"LINESTRING (-71.134039 42.353187, -71.1331572 42.353075)",True,False,0.0,0.0,0.0,0.0,0.0,0.0,0.0
13883,803,3664,13883,"LINESTRING (-71.1344212 42.3532372, -71.134039 42.353187)",True,False,0.0,0.0,0.0,0.0,0.0,0.0,0.0
13884,2732,803,13884,"LINESTRING (-71.1343901 42.3533367, -71.1344212 42.3532372)",True,False,0.0,0.0,0.0,0.0,0.0,0.0,0.0
13885,803,2732,13885,"LINESTRING (-71.1344212 42.3532372, -71.1343901 42.3533367)",True,False,0.0,0.0,0.0,0.0,0.0,0.0,0.0
13886,1407,1408,13886,"LINESTRING (-71.1343962 42.3548375, -71.1332721 42.3553174)",True,False,0.0,0.0,0.0,0.0,0.0,0.0,0.0
13887,1408,1407,13887,"LINESTRING (-71.1332721 42.3553174, -71.1343962 42.3548375)",True,False,0.0,0.0,0.0,0.0,0.0,0.0,0.0
13888,886,887,13888,"LINESTRING (-71.1331572 42.353075, -71.132081 42.35294)",True,False,0.0,0.0,0.0,0.0,0.0,0.0,0.0
13889,2723,2725,13889,"LINESTRING (-71.132106 42.353061, -71.132186 42.3534612)",True,False,0.0,0.0,0.0,0.0,0.0,0.0,0.0
13890,2725,2723,13890,"LINESTRING (-71.132186 42.3534612, -71.132106 42.353061)",True,False,0.0,0.0,0.0,0.0,0.0,0.0,0.0
13891,2725,2750,13891,"LINESTRING (-71.132186 42.3534612, -71.132344 42.3540651)",True,False,0.0,0.0,0.0,0.0,0.0,0.0,0.0
13892,2750,2725,13892,"LINESTRING (-71.132344 42.3540651, -71.132186 42.3534612)",True,False,0.0,0.0,0.0,0.0,0.0,0.0,0.0
13893,3204,2750,13893,"LINESTRING (-71.1323914 42.3542164, -71.132344 42.3540651)",True,False,0.0,0.0,0.0,0.0,0.0,0.0,0.0
13894,2750,3204,13894,"LINESTRING (-71.132344 42.3540651, -71.1323914 42.3542164)",True,False,0.0,0.0,0.0,0.0,0.0,0.0,0.0
13895,2723,887,13895,"LINESTRING (-71.132106 42.353061, -71.132081 42.35294)",True,False,0.0,0.0,0.0,0.0,0.0,0.0,0.0
13896,887,2723,13896,"LINESTRING (-71.132081 42.35294, -71.132106 42.353061)",True,False,0.0,0.0,0.0,0.0,0.0,0.0,0.0
13897,3205,2671,13897,"LINESTRING (-71.1327626 42.355535, -71.1321474 42.3558133)",True,False,0.0,0.0,0.0,0.0,0.0,0.0,0.0
13898,2671,3205,13898,"LINESTRING (-71.1321474 42.3558133, -71.1327626 42.355535)",True,False,0.0,0.0,0.0,0.0,0.0,0.0,0.0
13899,2671,3452,13899,"LINESTRING (-71.1321474 42.3558133, -71.1313391 42.3560592)",True,False,0.0,0.0,0.0,0.0,0.0,0.0,0.0
13900,809,814,13900,"LINESTRING (-71.1329497 42.3569686, -71.1345527 42.357168)",True,False,0.0,0.0,0.0,0.0,0.0,0.0,0.0
13901,814,809,13901,"LINESTRING (-71.1345527 42.357168, -71.1329497 42.3569686)",True,False,0.0,0.0,0.0,0.0,0.0,0.0,0.0
13902,737,739,13902,"LINESTRING (-71.1336009 42.3633857, -71.135331 42.363175)",True,False,0.0,0.0,0.0,0.0,0.0,0.0,0.0
13903,739,737,13903,"LINESTRING (-71.135331 42.363175, -71.1336009 42.3633857)",True,False,0.0,0.0,0.0,0.0,0.0,0.0,0.0
13904,2221,2322,13904,"LINESTRING (-71.1340368 42.3654535, -71.1354932 42.3648359)",True,False,0.0,0.0,0.0,0.0,0.0,0.0,0.0
13907,3277,739,13907,"LINESTRING (-71.1373758 42.3629148, -71.135331 42.363175)",True,False,0.0,0.0,0.0,0.0,0.0,0.0,0.0
13908,739,3277,13908,"LINESTRING (-71.135331 42.363175, -71.1373758 42.3629148)",True,False,0.0,0.0,0.0,0.0,0.0,0.0,0.0
13909,739,4942,13909,"LINESTRING (-71.135331 42.363175, -71.1358387 42.3619364)",True,False,0.0,0.0,0.0,0.0,0.0,0.0,0.0
13910,4942,739,13910,"LINESTRING (-71.1358387 42.3619364, -71.135331 42.363175)",True,False,0.0,0.0,0.0,0.0,0.0,0.0,0.0
13915,739,4940,13915,"LINESTRING (-71.135331 42.363175, -71.1353583 42.3641164)",True,False,0.0,0.0,0.0,0.0,0.0,0.0,0.0
13916,4940,739,13916,"LINESTRING (-71.1353583 42.3641164, -71.135331 42.363175)",True,False,0.0,0.0,0.0,0.0,0.0,0.0,0.0
13921,737,738,13921,"LINESTRING (-71.1336009 42.3633857, -71.1322209 42.3632635)",True,False,0.0,0.0,0.0,0.0,0.0,0.0,0.0
13922,738,737,13922,"LINESTRING (-71.1322209 42.3632635, -71.1336009 42.3633857)",True,False,0.0,0.0,0.0,0.0,0.0,0.0,0.0
13923,738,3275,13923,"LINESTRING (-71.1322209 42.3632635, -71.1312346 42.3630854)",True,False,0.0,0.0,0.0,0.0,0.0,0.0,0.0
13924,3275,738,13924,"LINESTRING (-71.1312346 42.3630854, -71.1322209 42.3632635)",True,False,0.0,0.0,0.0,0.0,0.0,0.0,0.0
13925,1006,1008,13925,"LINESTRING (-71.1270489 42.358913, -71.1267735 42.3584463)",True,False,0.0,0.0,0.0,0.0,0.0,0.0,0.0
13926,1008,1006,13926,"LINESTRING (-71.1267735 42.3584463, -71.1270489 42.358913)",True,False,0.0,0.0,0.0,0.0,0.0,0.0,0.0
13927,2199,2203,13927,"LINESTRING (-71.1242308 42.3578781, -71.1274643 42.3568879)",True,False,0.0,0.0,0.0,0.0,0.0,0.0,0.0
13928,1729,2866,13928,"LINESTRING (-71.1264951 42.3579745, -71.128082 42.3573921)",True,False,0.0,0.0,0.0,0.0,0.0,0.0,0.0
13929,2670,2867,13929,"LINESTRING (-71.1280201 42.3572733, -71.1264235 42.3578532)",True,False,0.0,0.0,0.0,0.0,0.0,0.0,0.0
13966,1727,845,13966,"LINESTRING (-71.12875 42.3576769, -71.1296951 42.3570837)",True,False,0.0,0.0,0.0,0.0,0.0,0.0,0.0
13967,845,1727,13967,"LINESTRING (-71.1296951 42.3570837, -71.12875 42.3576769)",True,False,0.0,0.0,0.0,0.0,0.0,0.0,0.0
13968,2490,2501,13968,"LINESTRING (-71.1292996 42.3607172, -71.1288231 42.360342)",True,False,0.0,0.0,0.0,0.0,0.0,0.0,0.0
13969,2501,2490,13969,"LINESTRING (-71.1288231 42.360342, -71.1292996 42.3607172)",True,False,0.0,0.0,0.0,0.0,0.0,0.0,0.0
13970,810,845,13970,"LINESTRING (-71.130339 42.356846, -71.1296951 42.3570837)",True,False,0.0,0.0,0.0,0.0,0.0,0.0,0.0
13971,845,810,13971,"LINESTRING (-71.1296951 42.3570837, -71.130339 42.356846)",True,False,0.0,0.0,0.0,0.0,0.0,0.0,0.0
13972,1730,1727,13972,"LINESTRING (-71.1283949 42.3577614, -71.12875 42.3576769)",True,False,0.0,0.0,0.0,0.0,0.0,0.0,0.0
13973,2669,2670,13973,"LINESTRING (-71.1281742 42.3573576, -71.1280201 42.3572733)",True,False,0.0,0.0,0.0,0.0,0.0,0.0,0.0
13974,2866,1730,13974,"LINESTRING (-71.128082 42.3573921, -71.1283949 42.3577614)",True,False,0.0,0.0,0.0,0.0,0.0,0.0,0.0
13975,2670,2866,13975,"LINESTRING (-71.1280201 42.3572733, -71.128082 42.3573921)",True,False,0.0,0.0,0.0,0.0,0.0,0.0,0.0
13976,1727,1728,13976,"LINESTRING (-71.12875 42.3576769, -71.1284071 42.3577058)",True,False,0.0,0.0,0.0,0.0,0.0,0.0,0.0
13977,1728,2669,13977,"LINESTRING (-71.1284071 42.3577058, -71.1281742 42.3573576)",True,False,0.0,0.0,0.0,0.0,0.0,0.0,0.0
13978,2866,2669,13978,"LINESTRING (-71.128082 42.3573921, -71.1281742 42.3573576)",True,False,0.0,0.0,0.0,0.0,0.0,0.0,0.0
13979,2501,5030,13979,"LINESTRING (-71.1288231 42.360342, -71.1279871 42.3596838)",True,False,0.0,0.0,0.0,0.0,0.0,0.0,0.0
13980,5030,2501,13980,"LINESTRING (-71.1279871 42.3596838, -71.1288231 42.360342)",True,False,0.0,0.0,0.0,0.0,0.0,0.0,0.0
13981,1006,1007,13981,"LINESTRING (-71.1270489 42.358913, -71.1275021 42.3593019)",True,False,0.0,0.0,0.0,0.0,0.0,0.0,0.0
13982,1007,1006,13982,"LINESTRING (-71.1275021 42.3593019, -71.1270489 42.358913)",True,False,0.0,0.0,0.0,0.0,0.0,0.0,0.0
13983,1007,5030,13983,"LINESTRING (-71.1275021 42.3593019, -71.1279871 42.3596838)",True,False,0.0,0.0,0.0,0.0,0.0,0.0,0.0
13984,5030,1007,13984,"LINESTRING (-71.1279871 42.3596838, -71.1275021 42.3593019)",True,False,0.0,0.0,0.0,0.0,0.0,0.0,0.0
13985,2861,1729,13985,"LINESTRING (-71.1247041 42.3585745, -71.1264951 42.3579745)",True,False,0.0,0.0,0.0,0.0,0.0,0.0,0.0
13986,3595,2861,13986,"LINESTRING (-71.123953 42.3588283, -71.1247041 42.3585745)",True,False,0.0,0.0,0.0,0.0,0.0,0.0,0.0
13987,4917,4468,13987,"LINESTRING (-71.1246529 42.3584599, -71.1232172 42.3589818)",True,False,0.0,0.0,0.0,0.0,0.0,0.0,0.0
13988,2867,4917,13988,"LINESTRING (-71.1264235 42.3578532, -71.1246529 42.3584599)",True,False,0.0,0.0,0.0,0.0,0.0,0.0,0.0
13989,1008,1729,13989,"LINESTRING (-71.1267735 42.3584463, -71.1264951 42.3579745)",True,False,0.0,0.0,0.0,0.0,0.0,0.0,0.0
13990,1729,1008,13990,"LINESTRING (-71.1264951 42.3579745, -71.1267735 42.3584463)",True,False,0.0,0.0,0.0,0.0,0.0,0.0,0.0
13991,1729,2867,13991,"LINESTRING (-71.1264951 42.3579745, -71.1264235 42.3578532)",True,False,0.0,0.0,0.0,0.0,0.0,0.0,0.0
13992,2867,1729,13992,"LINESTRING (-71.1264235 42.3578532, -71.1264951 42.3579745)",True,False,0.0,0.0,0.0,0.0,0.0,0.0,0.0
13993,4467,3595,13993,"LINESTRING (-71.1232988 42.3590808, -71.123953 42.3588283)",True,False,0.0,0.0,0.0,0.0,0.0,0.0,0.0
13994,4468,4466,13994,"LINESTRING (-71.1232172 42.3589818, -71.1231288 42.3590259)",True,False,0.0,0.0,0.0,0.0,0.0,0.0,0.0
13995,2574,4467,13995,"LINESTRING (-71.1232058 42.3591229, -71.1232988 42.3590808)",True,False,0.0,0.0,0.0,0.0,0.0,0.0,0.0
13996,4545,4546,13996,"LINESTRING (-71.1276188 42.3633865, -71.1255404 42.3635617)",True,False,0.0,0.0,0.0,0.0,0.0,0.0,0.0
13997,4546,4545,13997,"LINESTRING (-71.1255404 42.3635617, -71.1276188 42.3633865)",True,False,0.0,0.0,0.0,0.0,0.0,0.0,0.0
13998,4752,836,13998,"LINESTRING (-71.1282118 42.364333, -71.1237913 42.3682518)",True,False,0.0,0.0,0.0,0.0,0.0,0.0,0.0
13999,836,4752,13999,"LINESTRING (-71.1237913 42.3682518, -71.1282118 42.364333)",True,False,0.0,0.0,0.0,0.0,0.0,0.0,0.0
14000,2888,2889,14000,"LINESTRING (-71.1301775 42.3627601, -71.129761 42.363201)",True,False,0.0,0.0,0.0,0.0,0.0,0.0,0.0
14001,2889,2888,14001,"LINESTRING (-71.129761 42.363201, -71.1301775 42.3627601)",True,False,0.0,0.0,0.0,0.0,0.0,0.0,0.0
14002,4579,4547,14002,"LINESTRING (-71.1291987 42.3632459, -71.1287682 42.3632857)",True,False,0.0,0.0,0.0,0.0,0.0,0.0,0.0
14003,4547,4579,14003,"LINESTRING (-71.1287682 42.3632857, -71.1291987 42.3632459)",True,False,0.0,0.0,0.0,0.0,0.0,0.0,0.0
14004,4581,4752,14004,"LINESTRING (-71.1292077 42.3636103, -71.1282118 42.364333)",True,False,0.0,0.0,0.0,0.0,0.0,0.0,0.0
14005,4752,4581,14005,"LINESTRING (-71.1282118 42.364333, -71.1292077 42.3636103)",True,False,0.0,0.0,0.0,0.0,0.0,0.0,0.0
14006,2489,4037,14006,"LINESTRING (-71.1298315 42.361136, -71.1304093 42.3619829)",True,False,0.0,0.0,0.0,0.0,0.0,0.0,0.0
14007,4037,2489,14007,"LINESTRING (-71.1304093 42.3619829, -71.1298315 42.361136)",True,False,0.0,0.0,0.0,0.0,0.0,0.0,0.0
14008,2890,4037,14008,"LINESTRING (-71.1302406 42.3626562, -71.1304093 42.3619829)",True,False,0.0,0.0,0.0,0.0,0.0,0.0,0.0
14009,4037,2890,14009,"LINESTRING (-71.1304093 42.3619829, -71.1302406 42.3626562)",True,False,0.0,0.0,0.0,0.0,0.0,0.0,0.0
14010,2888,2890,14010,"LINESTRING (-71.1301775 42.3627601, -71.1302406 42.3626562)",True,False,0.0,0.0,0.0,0.0,0.0,0.0,0.0
14011,2890,2888,14011,"LINESTRING (-71.1302406 42.3626562, -71.1301775 42.3627601)",True,False,0.0,0.0,0.0,0.0,0.0,0.0,0.0
14012,2488,2489,14012,"LINESTRING (-71.1297038 42.3610355, -71.1298315 42.361136)",True,False,0.0,0.0,0.0,0.0,0.0,0.0,0.0
14013,2489,2488,14013,"LINESTRING (-71.1298315 42.361136, -71.1297038 42.3610355)",True,False,0.0,0.0,0.0,0.0,0.0,0.0,0.0
14014,3274,2889,14014,"LINESTRING (-71.1310457 42.3630954, -71.129761 42.363201)",True,False,0.0,0.0,0.0,0.0,0.0,0.0,0.0
14015,2889,3274,14015,"LINESTRING (-71.129761 42.363201, -71.1310457 42.3630954)",True,False,0.0,0.0,0.0,0.0,0.0,0.0,0.0
14016,4579,4580,14016,"LINESTRING (-71.1291987 42.3632459, -71.1293769 42.3634869)",True,False,0.0,0.0,0.0,0.0,0.0,0.0,0.0
14017,4579,2889,14017,"LINESTRING (-71.1291987 42.3632459, -71.129761 42.363201)",True,False,0.0,0.0,0.0,0.0,0.0,0.0,0.0
14018,2889,4579,14018,"LINESTRING (-71.129761 42.363201, -71.1291987 42.3632459)",True,False,0.0,0.0,0.0,0.0,0.0,0.0,0.0
14019,4580,2889,14019,"LINESTRING (-71.1293769 42.3634869, -71.129761 42.363201)",True,False,0.0,0.0,0.0,0.0,0.0,0.0,0.0
14020,2889,4580,14020,"LINESTRING (-71.129761 42.363201, -71.1293769 42.3634869)",True,False,0.0,0.0,0.0,0.0,0.0,0.0,0.0
14021,4580,4581,14021,"LINESTRING (-71.1293769 42.3634869, -71.1292077 42.3636103)",True,False,0.0,0.0,0.0,0.0,0.0,0.0,0.0
14022,4581,4580,14022,"LINESTRING (-71.1292077 42.3636103, -71.1293769 42.3634869)",True,False,0.0,0.0,0.0,0.0,0.0,0.0,0.0
14023,4545,4547,14023,"LINESTRING (-71.1276188 42.3633865, -71.1287682 42.3632857)",True,False,0.0,0.0,0.0,0.0,0.0,0.0,0.0
14024,4547,4545,14024,"LINESTRING (-71.1287682 42.3632857, -71.1276188 42.3633865)",True,False,0.0,0.0,0.0,0.0,0.0,0.0,0.0
14025,4546,4812,14025,"LINESTRING (-71.1255404 42.3635617, -71.1230032 42.3637675)",True,False,0.0,0.0,0.0,0.0,0.0,0.0,0.0
14026,4812,4546,14026,"LINESTRING (-71.1230032 42.3637675, -71.1255404 42.3635617)",True,False,0.0,0.0,0.0,0.0,0.0,0.0,0.0
14027,835,836,14027,"LINESTRING (-71.1236104 42.3684495, -71.1237913 42.3682518)",True,False,11.689793334266941,11.68979333426694,11.68979251975213,11.689792521434706,-8.145148111537992e-07,-8.128322352973782e-07,-1.7763568394002505e-15
14028,836,835,14028,"LINESTRING (-71.1237913 42.3682518, -71.1236104 42.3684495)",True,False,0.0,0.0,0.0,0.0,0.0,0.0,0.0
14029,1438,1436,14029,"LINESTRING (-71.115804 42.3510348, -71.1137668 42.3507822)",True,False,0.0,0.0,0.0,0.0,0.0,0.0,0.0
14030,2263,1439,14030,"LINESTRING (-71.1109194 42.3506323, -71.1157647 42.3512265)",True,False,0.0,0.0,0.0,0.0,0.0,0.0,0.0
14033,1442,1443,14033,"LINESTRING (-71.1202755 42.3515673, -71.1185719 42.3513435)",True,False,0.0,0.0,0.0,0.0,0.0,0.0,0.0
14034,4443,4559,14034,"LINESTRING (-71.1185306 42.351539, -71.1212587 42.3518853)",True,False,0.0,0.0,0.0,0.0,0.0,0.0,0.0
14045,1441,1442,14045,"LINESTRING (-71.1212992 42.3516984, -71.1202755 42.3515673)",True,False,0.0,0.0,0.0,0.0,0.0,0.0,0.0
14046,1440,1441,14046,"LINESTRING (-71.1223753 42.3518267, -71.1212992 42.3516984)",True,False,0.0,0.0,0.0,0.0,0.0,0.0,0.0
14047,4559,1441,14047,"LINESTRING (-71.1212587 42.3518853, -71.1212992 42.3516984)",True,False,0.0,0.0,0.0,0.0,0.0,0.0,0.0
14048,1441,4559,14048,"LINESTRING (-71.1212992 42.3516984, -71.1212587 42.3518853)",True,False,0.0,0.0,0.0,0.0,0.0,0.0,0.0
14049,1921,1438,14049,"LINESTRING (-71.1182935 42.3513268, -71.115804 42.3510348)",True,False,0.0,0.0,0.0,0.0,0.0,0.0,0.0
14050,1439,1922,14050,"LINESTRING (-71.1157647 42.3512265, -71.1182623 42.3515068)",True,False,0.0,0.0,0.0,0.0,0.0,0.0,0.0
14051,1443,1921,14051,"LINESTRING (-71.1185719 42.3513435, -71.1182935 42.3513268)",True,False,0.0,0.0,0.0,0.0,0.0,0.0,0.0
14052,1922,4443,14052,"LINESTRING (-71.1182623 42.3515068, -71.1185306 42.351539)",True,False,0.0,0.0,0.0,0.0,0.0,0.0,0.0
14053,1921,1922,14053,"LINESTRING (-71.1182935 42.3513268, -71.1182623 42.3515068)",True,False,0.0,0.0,0.0,0.0,0.0,0.0,0.0
14054,1922,1921,14054,"LINESTRING (-71.1182623 42.3515068, -71.1182935 42.3513268)",True,False,0.0,0.0,0.0,0.0,0.0,0.0,0.0
14055,1438,1439,14055,"LINESTRING (-71.115804 42.3510348, -71.1157647 42.3512265)",True,False,0.0,0.0,0.0,0.0,0.0,0.0,0.0
14056,1439,1438,14056,"LINESTRING (-71.1157647 42.3512265, -71.115804 42.3510348)",True,False,0.0,0.0,0.0,0.0,0.0,0.0,0.0
14057,3583,3584,14057,"LINESTRING (-71.11025 42.337612, -71.1107049 42.3375295)",True,False,0.0,0.0,0.0,0.0,0.0,0.0,0.0
14058,3584,3583,14058,"LINESTRING (-71.1107049 42.3375295, -71.11025 42.337612)",True,False,0.0,0.0,0.0,0.0,0.0,0.0,0.0
14059,4015,3584,14059,"LINESTRING (-71.1100303 42.3363081, -71.1107049 42.3375295)",True,False,0.0,0.0,0.0,0.0,0.0,0.0,0.0
14060,3584,4015,14060,"LINESTRING (-71.1107049 42.3375295, -71.1100303 42.3363081)",True,False,0.0,0.0,0.0,0.0,0.0,0.0,0.0
14061,3584,5505,14061,"LINESTRING (-71.1107049 42.3375295, -71.1103985 42.3391398)",True,False,0.0,0.0,0.0,0.0,0.0,0.0,0.0
14062,5505,3584,14062,"LINESTRING (-71.1103985 42.3391398, -71.1107049 42.3375295)",True,False,0.0,0.0,0.0,0.0,0.0,0.0,0.0
14063,4977,3299,14063,"LINESTRING (-71.1083503 42.3411338, -71.1099347 42.3403136)",True,False,0.0,0.0,0.0,0.0,0.0,0.0,0.0
14064,3299,4977,14064,"LINESTRING (-71.1099347 42.3403136, -71.1083503 42.3411338)",True,False,0.0,0.0,0.0,0.0,0.0,0.0,0.0
14065,1182,1186,14065,"LINESTRING (-71.108227 42.336287, -71.1092949 42.3370049)",True,False,0.0,0.0,0.0,0.0,0.0,0.0,0.0
14066,1186,1182,14066,"LINESTRING (-71.1092949 42.3370049, -71.108227 42.336287)",True,False,0.0,0.0,0.0,0.0,0.0,0.0,0.0
14067,3297,3298,14067,"LINESTRING (-71.109248 42.34006, -71.108284 42.339516)",True,False,0.0,0.0,0.0,0.0,0.0,0.0,0.0
14068,3298,3297,14068,"LINESTRING (-71.108284 42.339516, -71.109248 42.34006)",True,False,0.0,0.0,0.0,0.0,0.0,0.0,0.0
14069,3683,3685,14069,"LINESTRING (-71.1081 42.338146, -71.107283 42.338917)",True,False,0.0,0.0,0.0,0.0,0.0,0.0,0.0
14070,3685,3683,14070,"LINESTRING (-71.107283 42.338917, -71.1081 42.338146)",True,False,0.0,0.0,0.0,0.0,0.0,0.0,0.0
14071,1186,3684,14071,"LINESTRING (-71.1092949 42.3370049, -71.10831 42.337956)",True,False,0.0,0.0,0.0,0.0,0.0,0.0,0.0
14072,3684,1186,14072,"LINESTRING (-71.10831 42.337956, -71.1092949 42.3370049)",True,False,0.0,0.0,0.0,0.0,0.0,0.0,0.0
14073,3583,1186,14073,"LINESTRING (-71.11025 42.337612, -71.1092949 42.3370049)",True,False,0.0,0.0,0.0,0.0,0.0,0.0,0.0
14074,1186,3583,14074,"LINESTRING (-71.1092949 42.3370049, -71.11025 42.337612)",True,False,0.0,0.0,0.0,0.0,0.0,0.0,0.0
14075,1186,4015,14075,"LINESTRING (-71.1092949 42.3370049, -71.1100303 42.3363081)",True,False,0.0,0.0,0.0,0.0,0.0,0.0,0.0
14076,4946,1186,14076,"LINESTRING (-71.1097786 42.3364702, -71.1092949 42.3370049)",True,False,0.0,0.0,0.0,0.0,0.0,0.0,0.0
14077,4015,4946,14077,"LINESTRING (-71.1100303 42.3363081, -71.1097786 42.3364702)",True,False,0.0,0.0,0.0,0.0,0.0,0.0,0.0
14078,3297,3299,14078,"LINESTRING (-71.109248 42.34006, -71.1099347 42.3403136)",True,False,0.0,0.0,0.0,0.0,0.0,0.0,0.0
14079,3299,3297,14079,"LINESTRING (-71.1099347 42.3403136, -71.109248 42.34006)",True,False,0.0,0.0,0.0,0.0,0.0,0.0,0.0
14080,5505,3299,14080,"LINESTRING (-71.1103985 42.3391398, -71.1099347 42.3403136)",True,False,0.0,0.0,0.0,0.0,0.0,0.0,0.0
14081,3299,5505,14081,"LINESTRING (-71.1099347 42.3403136, -71.1103985 42.3391398)",True,False,0.0,0.0,0.0,0.0,0.0,0.0,0.0
14082,3683,3684,14082,"LINESTRING (-71.1081 42.338146, -71.10831 42.337956)",True,False,0.0,0.0,0.0,0.0,0.0,0.0,0.0
14083,3684,3683,14083,"LINESTRING (-71.10831 42.337956, -71.1081 42.338146)",True,False,0.0,0.0,0.0,0.0,0.0,0.0,0.0
14084,3685,3298,14084,"LINESTRING (-71.107283 42.338917, -71.108284 42.339516)",True,False,0.0,0.0,0.0,0.0,0.0,0.0,0.0
14085,3298,3685,14085,"LINESTRING (-71.108284 42.339516, -71.107283 42.338917)",True,False,0.0,0.0,0.0,0.0,0.0,0.0,0.0
14086,4976,4977,14086,"LINESTRING (-71.1075162 42.3414124, -71.1083503 42.3411338)",True,False,0.0,0.0,0.0,0.0,0.0,0.0,0.0
14087,4977,4976,14087,"LINESTRING (-71.1083503 42.3411338, -71.1075162 42.3414124)",True,False,0.0,0.0,0.0,0.0,0.0,0.0,0.0
14088,1641,2263,14088,"LINESTRING (-71.109692 42.350494, -71.1109194 42.3506323)",True,False,0.0,0.0,0.0,0.0,0.0,0.0,0.0
14089,4137,4138,14089,"LINESTRING (-71.1108926 42.3504399, -71.1096453 42.3502828)",True,False,0.0,0.0,0.0,0.0,0.0,0.0,0.0
14090,4138,4137,14090,"LINESTRING (-71.1096453 42.3502828, -71.1108926 42.3504399)",True,False,0.0,0.0,0.0,0.0,0.0,0.0,0.0
14099,1436,1437,14099,"LINESTRING (-71.1137668 42.3507822, -71.1110043 42.3504531)",True,False,0.0,0.0,0.0,0.0,0.0,0.0,0.0
14100,2263,1437,14100,"LINESTRING (-71.1109194 42.3506323, -71.1110043 42.3504531)",True,False,0.0,0.0,0.0,0.0,0.0,0.0,0.0
14101,4137,2263,14101,"LINESTRING (-71.1108926 42.3504399, -71.1109194 42.3506323)",True,False,0.0,0.0,0.0,0.0,0.0,0.0,0.0
14102,1437,4137,14102,"LINESTRING (-71.1110043 42.3504531, -71.1108926 42.3504399)",True,False,0.0,0.0,0.0,0.0,0.0,0.0,0.0
14103,1967,1963,14103,"LINESTRING (-71.110614 42.3518165, -71.10757 42.3515097)",True,False,7.863386006391787,7.863386006391786,7.8633854776782774,7.863385473397162,-5.287135094178552e-07,-5.329946244359007e-07,-8.881784197001252e-16
14104,2165,1963,14104,"LINESTRING (-71.1093246 42.3515025, -71.10757 42.3515097)",True,False,0.0,0.0,5.701914749684733e-09,1.1199017150741114e-08,5.701914749684733e-09,1.1199017150741114e-08,0.0
14105,1641,2167,14105,"LINESTRING (-71.109692 42.350494, -71.1094759 42.3514153)",True,False,0.0,0.0,0.0,0.0,0.0,0.0,0.0
14106,2167,1641,14106,"LINESTRING (-71.1094759 42.3514153, -71.109692 42.350494)",True,False,0.0,0.0,0.0,0.0,0.0,0.0,0.0
14107,4118,1618,14107,"LINESTRING (-71.1094235 42.3502525, -71.1065953 42.3499108)",True,False,0.0,0.0,0.0,0.0,0.0,0.0,0.0
14108,4118,1641,14108,"LINESTRING (-71.1094235 42.3502525, -71.109692 42.350494)",True,False,0.0,0.0,0.0,0.0,0.0,0.0,0.0
14109,4138,4118,14109,"LINESTRING (-71.1096453 42.3502828, -71.1094235 42.3502525)",True,False,0.0,0.0,0.0,0.0,0.0,0.0,0.0
14110,1967,1968,14110,"LINESTRING (-71.110614 42.3518165, -71.1096462 42.3516085)",True,False,0.0,0.0,5.701914749684733e-09,1.1199017150741114e-08,5.701914749684733e-09,1.1199017150741114e-08,0.0
14111,1968,2165,14111,"LINESTRING (-71.1096462 42.3516085, -71.1093246 42.3515025)",True,False,0.0,0.0,3.809884313840318e-09,8.073438160970483e-09,3.809884313840318e-09,8.073438160970483e-09,0.0
14112,1968,2167,14112,"LINESTRING (-71.1096462 42.3516085, -71.1094759 42.3514153)",True,False,0.0,0.0,1.8920304358444146e-09,3.1255789897706296e-09,1.8920304358444146e-09,3.1255789897706296e-09,0.0
14113,2167,2165,14113,"LINESTRING (-71.1094759 42.3514153, -71.1093246 42.3515025)",True,False,0.0,0.0,1.8920304358444146e-09,3.1255789897706296e-09,1.8920304358444146e-09,3.1255789897706296e-09,0.0
14114,2142,2144,14114,"LINESTRING (-71.1177877 42.3609272, -71.1177699 42.3586698)",True,False,0.0,0.0,0.0,0.0,0.0,0.0,0.0
14115,2584,2144,14115,"LINESTRING (-71.1180666 42.3661836, -71.1177699 42.3586698)",True,False,7.863386006391787,7.863386006391786,7.863385483380191,7.863385484596179,-5.230115958099191e-07,-5.217956076108976e-07,-8.881784197001252e-16
14116,2194,2681,14116,"LINESTRING (-71.1178702 42.3580452, -71.1174659 42.3610255)",True,False,0.0,0.0,1.200426987534938e-10,1.1384513509169729e-10,1.200426987534938e-10,1.1384513509169729e-10,0.0
14117,2194,2682,14117,"LINESTRING (-71.1178702 42.3580452, -71.1179538 42.3664161)",True,False,3.4843078114273083,3.4843078114273083,3.4843077969328506,3.4843077975811125,-1.4494457634128821e-08,-1.3846195745514933e-08,0.0
14118,2143,2573,14118,"LINESTRING (-71.1184663 42.360834, -71.1201792 42.3604805)",True,False,0.0,0.0,0.0,0.0,0.0,0.0,0.0
14119,3208,3209,14119,"LINESTRING (-71.1205902 42.3588697, -71.1203234 42.3611355)",True,False,0.0,0.0,0.0,0.0,0.0,0.0,0.0
14120,3196,2197,14120,"LINESTRING (-71.1189829 42.3616273, -71.1207699 42.3601612)",True,False,3.826407327875154,3.826407327875154,3.8264070363719394,3.826407036838526,-2.915032144557017e-07,-2.9103662768648064e-07,0.0
14121,4145,2143,14121,"LINESTRING (-71.1184363 42.3607367, -71.1184663 42.360834)",True,False,0.0,0.0,0.0,0.0,0.0,0.0,0.0
14122,2147,2142,14122,"LINESTRING (-71.1181673 42.360796, -71.1177877 42.3609272)",True,False,0.0,0.0,0.0,0.0,0.0,0.0,0.0
14123,2761,3209,14123,"LINESTRING (-71.120214 42.3576576, -71.1203234 42.3611355)",True,False,0.0,0.0,0.0,0.0,0.0,0.0,0.0
14124,3209,2573,14124,"LINESTRING (-71.1203234 42.3611355, -71.1201792 42.3604805)",True,False,0.0,0.0,0.0,0.0,0.0,0.0,0.0
14147,2146,2147,14147,"LINESTRING (-71.1195029 42.3603008, -71.1181673 42.360796)",True,False,0.0,0.0,0.0,0.0,0.0,0.0,0.0
14148,2759,2760,14148,"LINESTRING (-71.1192965 42.3567513, -71.1202727 42.3566355)",True,False,0.0,0.0,0.0,0.0,0.0,0.0,0.0
14149,2688,2759,14149,"LINESTRING (-71.1180575 42.3546053, -71.1192965 42.3567513)",True,False,0.0,0.0,0.0,0.0,0.0,0.0,0.0
14150,2198,2760,14150,"LINESTRING (-71.1207608 42.3576872, -71.1202727 42.3566355)",True,False,3.826407327875154,3.826407327875154,3.8264070363719394,3.826407036838526,-2.915032144557017e-07,-2.9103662768648064e-07,0.0
14151,2760,3313,14151,"LINESTRING (-71.1202727 42.3566355, -71.1183219 42.3546758)",True,False,3.826407327875154,3.826407327875154,3.8264070363719394,3.826407036838526,-2.915032144557017e-07,-2.9103662768648064e-07,0.0
14166,2197,2198,14166,"LINESTRING (-71.1207699 42.3601612, -71.1207608 42.3576872)",True,False,3.826407327875154,3.826407327875154,3.8264070363719394,3.826407036838526,-2.915032144557017e-07,-2.9103662768648064e-07,0.0
14167,2202,2198,14167,"LINESTRING (-71.1226699 42.358962, -71.1207608 42.3576872)",True,False,0.0,0.0,0.0,0.0,0.0,0.0,0.0
14168,2761,2146,14168,"LINESTRING (-71.120214 42.3576576, -71.1195029 42.3603008)",True,False,0.0,0.0,0.0,0.0,0.0,0.0,0.0
14179,2759,2761,14179,"LINESTRING (-71.1192965 42.3567513, -71.120214 42.3576576)",True,False,0.0,0.0,0.0,0.0,0.0,0.0,0.0
14186,3208,2146,14186,"LINESTRING (-71.1205902 42.3588697, -71.1195029 42.3603008)",True,False,0.0,0.0,0.0,0.0,0.0,0.0,0.0
14187,4145,2147,14187,"LINESTRING (-71.1184363 42.3607367, -71.1181673 42.360796)",True,False,0.0,0.0,0.0,0.0,0.0,0.0,0.0
14188,2584,2585,14188,"LINESTRING (-71.1180666 42.3661836, -71.1181752 42.3641617)",True,False,3.826407327875154,3.826407327875154,3.8264070363719394,3.826407036838526,-2.915032144557017e-07,-2.9103662768648064e-07,0.0
14189,2143,3196,14189,"LINESTRING (-71.1184663 42.360834, -71.1189829 42.3616273)",True,False,0.0,0.0,1.1213109867825599e-10,1.3094922957780537e-10,1.1213109867825599e-10,1.3094922957780537e-10,0.0
14190,2682,3246,14190,"LINESTRING (-71.1179538 42.3664161, -71.1213035 42.3678659)",True,False,11.689793334266941,11.68979333426694,11.68979251975213,11.689792521434706,-8.145148111537992e-07,-8.128322352973782e-07,-1.7763568394002505e-15
14191,4175,2584,14191,"LINESTRING (-71.1215162 42.3677715, -71.1180666 42.3661836)",True,False,11.689793334266941,11.68979333426694,11.68979251975213,11.689792521434706,-8.145148111537992e-07,-8.128322352973782e-07,-1.7763568394002505e-15
14192,4572,4573,14192,"LINESTRING (-71.1189073 42.3640984, -71.1181748 42.3636406)",True,False,0.0,0.0,1.1372229383387875e-10,2.530157379810105e-10,1.1372229383387875e-10,2.530157379810105e-10,0.0
14193,4003,2682,14193,"LINESTRING (-71.1178307 42.3641803, -71.1179538 42.3664161)",True,False,0.0,0.0,1.200426987534938e-10,1.1384513509169729e-10,1.200426987534938e-10,1.1384513509169729e-10,0.0
14194,2585,4572,14194,"LINESTRING (-71.1181752 42.3641617, -71.1189073 42.3640984)",True,False,0.0,0.0,1.1372229383387875e-10,2.530157379810105e-10,1.1372229383387875e-10,2.530157379810105e-10,0.0
14195,5007,3196,14195,"LINESTRING (-71.1179366 42.3619017, -71.1189829 42.3616273)",True,False,3.826407327875154,3.826407327875154,3.826407036259808,3.826407036707577,-2.916153456489212e-07,-2.9116757671587834e-07,0.0
14196,4572,4574,14196,"LINESTRING (-71.1189073 42.3640984, -71.1207359 42.3639507)",True,False,0.0,0.0,0.0,0.0,0.0,0.0,0.0
14197,4574,4572,14197,"LINESTRING (-71.1207359 42.3639507, -71.1189073 42.3640984)",True,False,0.0,0.0,0.0,0.0,0.0,0.0,0.0
14198,2681,4003,14198,"LINESTRING (-71.1174659 42.3610255, -71.1178307 42.3641803)",True,False,0.0,0.0,1.200426987534938e-10,1.1384513509169729e-10,1.200426987534938e-10,1.1384513509169729e-10,0.0
14199,4573,5007,14199,"LINESTRING (-71.1181748 42.3636406, -71.1179366 42.3619017)",True,False,3.826407327875154,3.826407327875154,3.8264070363719394,3.826407036838526,-2.915032144557017e-07,-2.9103662768648064e-07,0.0
14200,2142,2143,14200,"LINESTRING (-71.1177877 42.3609272, -71.1184663 42.360834)",True,False,0.0,0.0,1.1213109867825599e-10,1.3094922957780537e-10,1.1213109867825599e-10,1.3094922957780537e-10,0.0
14201,5007,2142,14201,"LINESTRING (-71.1179366 42.3619017, -71.1177877 42.3609272)",True,False,0.0,0.0,1.1213109867825599e-10,1.3094922957780537e-10,1.1213109867825599e-10,1.3094922957780537e-10,0.0
14202,2142,2145,14202,"LINESTRING (-71.1177877 42.3609272, -71.1175127 42.3610112)",True,False,0.0,0.0,0.0,0.0,0.0,0.0,0.0
14203,2681,2145,14203,"LINESTRING (-71.1174659 42.3610255, -71.1175127 42.3610112)",True,False,0.0,0.0,0.0,0.0,0.0,0.0,0.0
14204,2145,2681,14204,"LINESTRING (-71.1175127 42.3610112, -71.1174659 42.3610255)",True,False,0.0,0.0,0.0,0.0,0.0,0.0,0.0
14205,2585,4573,14205,"LINESTRING (-71.1181752 42.3641617, -71.1181748 42.3636406)",True,False,3.826407327875154,3.826407327875154,3.826407036258217,3.8264070365855103,-2.916169368205601e-07,-2.9128964351698983e-07,0.0
14206,4003,2585,14206,"LINESTRING (-71.1178307 42.3641803, -71.1181752 42.3641617)",True,False,0.0,0.0,0.0,0.0,0.0,0.0,0.0
14207,5471,2220,14207,"LINESTRING (-71.1319999 42.3721031, -71.1303209 42.3708957)",True,False,0.0,0.0,0.0,0.0,0.0,0.0,0.0
14208,5471,2405,14208,"LINESTRING (-71.1319999 42.3721031, -71.1299554 42.3726906)",True,False,0.0,0.0,0.0,0.0,0.0,0.0,0.0
14211,2020,1416,14211,"LINESTRING (-71.1301392 42.3714323, -71.1268337 42.3702509)",True,False,0.0,0.0,0.0,0.0,0.0,0.0,0.0
14212,837,2222,14212,"LINESTRING (-71.1258804 42.3692547, -71.1281556 42.3728963)",True,False,0.0,0.0,0.0,0.0,0.0,0.0,0.0
14213,2405,1416,14213,"LINESTRING (-71.1299554 42.3726906, -71.1268337 42.3702509)",True,False,0.0,0.0,0.0,0.0,0.0,0.0,0.0
14234,2223,2220,14234,"LINESTRING (-71.1302948 42.3720144, -71.1303209 42.3708957)",True,False,0.0,0.0,0.0,0.0,0.0,0.0,0.0
14235,2222,2404,14235,"LINESTRING (-71.1281556 42.3728963, -71.1311251 42.3726764)",True,False,0.0,0.0,0.0,0.0,0.0,0.0,0.0
14236,2222,2405,14236,"LINESTRING (-71.1281556 42.3728963, -71.1299554 42.3726906)",True,False,0.0,0.0,0.0,0.0,0.0,0.0,0.0
14237,2020,2021,14237,"LINESTRING (-71.1301392 42.3714323, -71.1300891 42.3718533)",True,False,0.0,0.0,0.0,0.0,0.0,0.0,0.0
14238,2021,2223,14238,"LINESTRING (-71.1300891 42.3718533, -71.1302948 42.3720144)",True,False,0.0,0.0,0.0,0.0,0.0,0.0,0.0
14239,2021,2405,14239,"LINESTRING (-71.1300891 42.3718533, -71.1299554 42.3726906)",True,False,0.0,0.0,0.0,0.0,0.0,0.0,0.0
14240,2405,2223,14240,"LINESTRING (-71.1299554 42.3726906, -71.1302948 42.3720144)",True,False,0.0,0.0,0.0,0.0,0.0,0.0,0.0
14241,2405,2404,14241,"LINESTRING (-71.1299554 42.3726906, -71.1311251 42.3726764)",True,False,0.0,0.0,0.0,0.0,0.0,0.0,0.0
14242,1416,1417,14242,"LINESTRING (-71.1268337 42.3702509, -71.12595 42.3691522)",True,False,0.0,0.0,0.0,0.0,0.0,0.0,0.0
14243,1635,1636,14243,"LINESTRING (-71.0586959 42.3673032, -71.0615051 42.3707943)",True,False,3.393024862908005,3.393024862908005,3.3930247615176516,3.3930247627925256,-1.0139035344636227e-07,-1.001154794622039e-07,0.0
14244,1948,1952,14244,"LINESTRING (-71.0743726 42.3489614, -71.0722126 42.3495298)",True,False,0.0,0.0,0.0,0.0,0.0,0.0,0.0
14245,2173,2170,14245,"LINESTRING (-71.0810451 42.3476739, -71.0627832 42.3466799)",True,False,3.826407327875154,3.826407327875154,3.8264070363719394,3.826407036838526,-2.915032144557017e-07,-2.9103662768648064e-07,0.0
14246,2225,2226,14246,"LINESTRING (-71.0642021 42.3694566, -71.060619 42.3662248)",True,False,0.0,0.0,0.0,0.0,0.0,0.0,0.0
14247,2276,2278,14247,"LINESTRING (-71.0737733 42.342828, -71.074601 42.342392)",True,False,0.0,0.0,0.0,0.0,0.0,0.0,0.0
14248,2278,2276,14248,"LINESTRING (-71.074601 42.342392, -71.0737733 42.342828)",True,False,0.0,0.0,0.0,0.0,0.0,0.0,0.0
14249,2276,2280,14249,"LINESTRING (-71.0737733 42.342828, -71.074108 42.343558)",True,False,0.0,0.0,0.0,0.0,0.0,0.0,0.0
14250,2280,2276,14250,"LINESTRING (-71.074108 42.343558, -71.0737733 42.342828)",True,False,0.0,0.0,0.0,0.0,0.0,0.0,0.0
14251,2450,2039,14251,"LINESTRING (-71.0750529 42.3553333, -71.0727299 42.3574018)",True,False,0.0,0.0,0.0,0.0,0.0,0.0,0.0
14252,3018,3037,14252,"LINESTRING (-71.0584049 42.3645361, -71.0723757 42.374894)",True,False,0.0,0.0,0.0,0.0,0.0,0.0,0.0
14253,3038,3039,14253,"LINESTRING (-71.0760917 42.3552779, -71.0732902 42.3558058)",True,False,3.672305889785703,3.6723058897857026,3.672305723191004,3.672305723859928,-1.6659469892488232e-07,-1.6592577489760174e-07,-4.440892098500626e-16
14254,3038,2039,14254,"LINESTRING (-71.0760917 42.3552779, -71.0727299 42.3574018)",True,False,4.191080116606083,4.191080116606083,4.191079760189187,4.191079760736251,-3.5641689599685833e-07,-3.5586983226920665e-07,0.0
14255,2882,3054,14255,"LINESTRING (-71.073844 42.3528677, -71.0714973 42.3535025)",True,False,0.0,0.0,0.0,0.0,0.0,0.0,0.0
14256,3128,3130,14256,"LINESTRING (-71.0582568 42.3642133, -71.067064 42.371874)",True,False,0.0,0.0,0.0,0.0,0.0,0.0,0.0
14257,3176,2451,14257,"LINESTRING (-71.0732291 42.3566563, -71.0773323 42.3550278)",True,False,3.4843078114273083,3.4843078114273083,3.4843077967139,3.48430779743365,-1.4713408269528827e-08,-1.3993658232180906e-08,0.0
14258,2830,527,14258,"LINESTRING (-71.0620655 42.3709833, -71.0585445 42.3668962)",True,False,11.121942726217497,11.121942726217496,11.121941023426476,11.121941024342483,-1.7027910210742903e-06,-1.701875014248344e-06,-1.7763568394002505e-15
14259,3602,3604,14259,"LINESTRING (-71.074288 42.338421, -71.07363 42.338869)",True,False,0.0,0.0,0.0,0.0,0.0,0.0,0.0
14260,3604,3602,14260,"LINESTRING (-71.07363 42.338869, -71.074288 42.338421)",True,False,0.0,0.0,0.0,0.0,0.0,0.0,0.0
14261,3181,3032,14261,"LINESTRING (-71.0716699 42.3538475, -71.0740146 42.3532141)",True,False,0.0,0.0,0.0,0.0,0.0,0.0,0.0
14262,2616,1814,14262,"LINESTRING (-71.0731211 42.3479619, -71.0810576 42.3478053)",True,False,0.0,0.0,0.0,0.0,0.0,0.0,0.0
14263,1953,2266,14263,"LINESTRING (-71.0741214 42.3484576, -71.0735381 42.347251)",True,False,0.0,0.0,0.0,0.0,0.0,0.0,0.0
14264,4133,2266,14264,"LINESTRING (-71.0750007 42.3460542, -71.0735381 42.347251)",True,False,0.0,0.0,0.0,0.0,0.0,0.0,0.0
14265,2266,4133,14265,"LINESTRING (-71.0735381 42.347251, -71.0750007 42.3460542)",True,False,0.0,0.0,0.0,0.0,0.0,0.0,0.0
14266,2654,1947,14266,"LINESTRING (-71.0726609 42.3504312, -71.0748082 42.349859)",True,False,0.0,0.0,0.0,0.0,0.0,0.0,0.0
14267,4001,4195,14267,"LINESTRING (-71.0736888 42.3850981, -71.073839 42.3847426)",True,False,3.393024862908005,3.393024862908005,3.3930247615176516,3.3930247627925256,-1.0139035344636227e-07,-1.001154794622039e-07,0.0
14268,4223,3188,14268,"LINESTRING (-71.073173 42.3552413, -71.0747905 42.3548037)",True,False,0.0,0.0,3.389931270861755e-10,2.6130743105227417e-10,3.389931270861755e-10,2.6130743105227417e-10,0.0
14269,4663,4171,14269,"LINESTRING (-71.0738144 42.3839193, -71.0731346 42.3828838)",True,False,11.121942726217497,11.121942726217496,11.121941023426476,11.121941024342483,-1.7027910210742903e-06,-1.701875014248344e-06,-1.7763568394002505e-15
14270,4663,4665,14270,"LINESTRING (-71.0738144 42.3839193, -71.0731579 42.3839433)",True,False,0.0,0.0,0.0,0.0,0.0,0.0,0.0
14271,1209,4069,14271,"LINESTRING (-71.0752018 42.3506693, -71.0730624 42.3512497)",True,False,0.0,0.0,0.0,0.0,0.0,0.0,0.0
14272,4960,4961,14272,"LINESTRING (-71.073434 42.340396, -71.074006 42.340042)",True,False,0.0,0.0,0.0,0.0,0.0,0.0,0.0
14273,3739,2882,14273,"LINESTRING (-71.0734488 42.35206, -71.073844 42.3528677)",True,False,0.0,0.0,0.0,0.0,0.0,0.0,0.0
14274,3739,2881,14274,"LINESTRING (-71.0734488 42.35206, -71.0755997 42.3514778)",True,False,0.0,0.0,0.0,0.0,0.0,0.0,0.0
14335,255,256,14335,"LINESTRING (-71.0904871 42.3441257, -71.0899095 42.3439575)",True,False,0.0,0.0,0.0,0.0,0.0,0.0,0.0
14336,256,255,14336,"LINESTRING (-71.0899095 42.3439575, -71.0904871 42.3441257)",True,False,0.0,0.0,0.0,0.0,0.0,0.0,0.0
14337,533,290,14337,"LINESTRING (-71.086934 42.3497273, -71.0906475 42.3492218)",True,False,0.0,0.0,0.0,0.0,0.0,0.0,0.0
14338,1090,1091,14338,"LINESTRING (-71.0881408 42.3521874, -71.0903199 42.3519474)",True,False,3.4843078114273083,3.4843078114273083,3.4843077969330896,3.484307797530904,-1.4494218714133922e-08,-1.3896404471580581e-08,0.0
14339,1814,2153,14339,"LINESTRING (-71.0810576 42.3478053, -71.0911696 42.347925)",True,False,0.0,0.0,0.0,0.0,0.0,0.0,0.0
14340,2856,2857,14340,"LINESTRING (-71.0889292 42.3404465, -71.0906494 42.3397762)",True,False,0.0,0.0,0.0,0.0,0.0,0.0,0.0
14341,2855,2871,14341,"LINESTRING (-71.0783103 42.352057, -71.0787292 42.3528633)",True,False,0.0,0.0,0.0,0.0,0.0,0.0,0.0
14342,2863,2882,14342,"LINESTRING (-71.0759979 42.3522852, -71.073844 42.3528677)",True,False,0.0,0.0,0.0,0.0,0.0,0.0,0.0
14343,2995,2996,14343,"LINESTRING (-71.0765683 42.3534421, -71.0761697 42.3526346)",True,False,0.0,0.0,0.0,0.0,0.0,0.0,0.0
14344,3032,2996,14344,"LINESTRING (-71.0740146 42.3532141, -71.0761697 42.3526346)",True,False,0.0,0.0,0.0,0.0,0.0,0.0,0.0
14345,972,1076,14345,"LINESTRING (-71.0812627 42.3530596, -71.0808635 42.352282)",True,False,0.0,0.0,0.0,0.0,0.0,0.0,0.0
14346,972,339,14346,"LINESTRING (-71.0812627 42.3530596, -71.0835361 42.3524479)",True,False,0.0,0.0,0.0,0.0,0.0,0.0,0.0
14347,3542,3901,14347,"LINESTRING (-71.089227 42.3469063, -71.0915324 42.3475212)",True,False,0.0,0.0,0.0,0.0,0.0,0.0,0.0
14348,3901,3542,14348,"LINESTRING (-71.0915324 42.3475212, -71.089227 42.3469063)",True,False,0.0,0.0,0.0,0.0,0.0,0.0,0.0
14349,3542,3942,14349,"LINESTRING (-71.089227 42.3469063, -71.090384 42.3465947)",True,False,0.0,0.0,0.0,0.0,0.0,0.0,0.0
14350,3942,3542,14350,"LINESTRING (-71.090384 42.3465947, -71.089227 42.3469063)",True,False,0.0,0.0,0.0,0.0,0.0,0.0,0.0
14351,534,290,14351,"LINESTRING (-71.0887028 42.3492706, -71.0906475 42.3492218)",True,False,0.0,0.0,0.0,0.0,0.0,0.0,0.0
14352,2894,2607,14352,"LINESTRING (-71.0901085 42.3432309, -71.0902649 42.3426412)",True,False,0.0,0.0,0.0,0.0,0.0,0.0,0.0
14353,2607,2894,14353,"LINESTRING (-71.0902649 42.3426412, -71.0901085 42.3432309)",True,False,0.0,0.0,0.0,0.0,0.0,0.0,0.0
14354,2451,1090,14354,"LINESTRING (-71.0773323 42.3550278, -71.0881408 42.3521874)",True,False,3.4843078114273083,3.4843078114273083,3.4843077970528933,3.4843077976949575,-1.4374414991635831e-08,-1.373235081203461e-08,0.0
14355,1966,4440,14355,"LINESTRING (-71.0944625 42.3506592, -71.0874689 42.3521068)",True,False,7.863386006391787,7.863386006391786,7.863385483380191,7.863385484596179,-5.230115958099191e-07,-5.217956076108976e-07,-8.881784197001252e-16
14356,1958,4773,14356,"LINESTRING (-71.0905582 42.3395905, -71.0864587 42.3414317)",True,False,0.0,0.0,0.0,0.0,0.0,0.0,0.0
14357,4840,2153,14357,"LINESTRING (-71.088705 42.3481022, -71.0911696 42.347925)",True,False,0.0,0.0,0.0,0.0,0.0,0.0,0.0
14358,5328,4093,14358,"LINESTRING (-71.0906329 42.348859, -71.088524 42.3489067)",True,False,0.0,0.0,0.0,0.0,0.0,0.0,0.0
14359,5328,4146,14359,"LINESTRING (-71.0906329 42.348859, -71.086815 42.349368)",True,False,0.0,0.0,0.0,0.0,0.0,0.0,0.0
14360,4440,3043,14360,"LINESTRING (-71.0874689 42.3521068, -71.079818 42.3541717)",True,False,7.863386006391787,7.863386006391786,7.863385483380191,7.863385484596179,-5.230115958099191e-07,-5.217956076108976e-07,-8.881784197001252e-16
14361,2028,4440,14361,"LINESTRING (-71.090403 42.351299, -71.0874689 42.3521068)",True,False,0.0,0.0,0.0,0.0,0.0,0.0,0.0
14362,4463,2704,14362,"LINESTRING (-71.0894765 42.3508438, -71.0916291 42.3502651)",True,False,0.0,0.0,1.19803526712609e-10,1.6405345914552126e-10,1.19803526712609e-10,1.6405345914552126e-10,0.0
14415,967,968,14415,"LINESTRING (-71.0981914 42.3387763, -71.0989438 42.3391054)",True,False,0.0,0.0,0.0,0.0,0.0,0.0,0.0
14416,968,967,14416,"LINESTRING (-71.0989438 42.3391054, -71.0981914 42.3387763)",True,False,0.0,0.0,0.0,0.0,0.0,0.0,0.0
14417,1304,1306,14417,"LINESTRING (-71.1034619 42.3439995, -71.1038295 42.3444659)",True,False,0.0,0.0,0.0,0.0,0.0,0.0,0.0
14418,2132,2133,14418,"LINESTRING (-71.0983213 42.3485077, -71.0995067 42.3481848)",True,False,0.0,0.0,0.0,0.0,0.0,0.0,0.0
14419,2133,2132,14419,"LINESTRING (-71.0995067 42.3481848, -71.0983213 42.3485077)",True,False,0.0,0.0,0.0,0.0,0.0,0.0,0.0
14420,2350,2351,14420,"LINESTRING (-71.0981266 42.3490933, -71.1005718 42.349384)",True,False,0.0,0.0,0.0,0.0,0.0,0.0,0.0
14421,1305,1306,14421,"LINESTRING (-71.1041953 42.3441348, -71.1038295 42.3444659)",True,False,0.0,0.0,0.0,0.0,0.0,0.0,0.0
14422,257,4182,14422,"LINESTRING (-71.0907186 42.3443636, -71.0907011 42.3459507)",True,False,0.0,0.0,0.0,0.0,0.0,0.0,0.0
14423,4182,257,14423,"LINESTRING (-71.0907011 42.3459507, -71.0907186 42.3443636)",True,False,0.0,0.0,0.0,0.0,0.0,0.0,0.0
14424,3273,2352,14424,"LINESTRING (-71.1006099 42.3491875, -71.0981269 42.3489038)",True,False,0.0,0.0,0.0,0.0,0.0,0.0,0.0
14425,4381,4386,14425,"LINESTRING (-71.0946685 42.3445192, -71.0945989 42.3434801)",True,False,0.0,0.0,0.0,0.0,0.0,0.0,0.0
14426,4410,3551,14426,"LINESTRING (-71.0978168 42.3445583, -71.0988 42.3442962)",True,False,0.0,0.0,0.0,0.0,0.0,0.0,0.0
14427,3551,4410,14427,"LINESTRING (-71.0988 42.3442962, -71.0978168 42.3445583)",True,False,0.0,0.0,0.0,0.0,0.0,0.0,0.0
14428,3550,4600,14428,"LINESTRING (-71.1026264 42.3433136, -71.1009777 42.3448901)",True,False,0.0,0.0,0.0,0.0,0.0,0.0,0.0
14429,4600,3550,14429,"LINESTRING (-71.1009777 42.3448901, -71.1026264 42.3433136)",True,False,0.0,0.0,0.0,0.0,0.0,0.0,0.0
14430,3904,5326,14430,"LINESTRING (-71.096491 42.341845, -71.0984135 42.3407795)",True,False,0.0,0.0,0.0,0.0,0.0,0.0,0.0
14431,4801,5329,14431,"LINESTRING (-71.0985371 42.3472317, -71.0974373 42.3482768)",True,False,0.0,0.0,0.0,0.0,0.0,0.0,0.0
14432,5329,4801,14432,"LINESTRING (-71.0974373 42.3482768, -71.0985371 42.3472317)",True,False,0.0,0.0,0.0,0.0,0.0,0.0,0.0
14433,1307,1305,14433,"LINESTRING (-71.1046291 42.3456904, -71.1041953 42.3441348)",True,False,0.0,0.0,0.0,0.0,0.0,0.0,0.0
14464,314,315,14464,"LINESTRING (-71.1010569 42.3401642, -71.1030281 42.3373464)",True,False,0.0,0.0,0.0,0.0,0.0,0.0,0.0
14465,315,314,14465,"LINESTRING (-71.1030281 42.3373464, -71.1010569 42.3401642)",True,False,0.0,0.0,0.0,0.0,0.0,0.0,0.0
14466,317,314,14466,"LINESTRING (-71.1008219 42.3403759, -71.1010569 42.3401642)",True,False,0.0,0.0,0.0,0.0,0.0,0.0,0.0
14467,317,316,14467,"LINESTRING (-71.1008219 42.3403759, -71.1006695 42.3402376)",True,False,0.0,0.0,0.0,0.0,0.0,0.0,0.0
14468,3549,3550,14468,"LINESTRING (-71.1000102 42.3439728, -71.1026264 42.3433136)",True,False,0.0,0.0,0.0,0.0,0.0,0.0,0.0
14469,3550,3549,14469,"LINESTRING (-71.1026264 42.3433136, -71.1000102 42.3439728)",True,False,0.0,0.0,0.0,0.0,0.0,0.0,0.0
14470,1126,3753,14470,"LINESTRING (-71.1000324 42.3398101, -71.0998955 42.3405641)",True,False,0.0,0.0,0.0,0.0,0.0,0.0,0.0
14471,1126,317,14471,"LINESTRING (-71.1000324 42.3398101, -71.1008219 42.3403759)",True,False,0.0,0.0,0.0,0.0,0.0,0.0,0.0
14472,4595,3550,14472,"LINESTRING (-71.1018005 42.3424955, -71.1026264 42.3433136)",True,False,0.0,0.0,0.0,0.0,0.0,0.0,0.0
14473,4599,3752,14473,"LINESTRING (-71.1032566 42.3427452, -71.1009873 42.3405408)",True,False,0.0,0.0,0.0,0.0,0.0,0.0,0.0
14496,4649,5035,14496,"LINESTRING (-71.1051413 42.337783, -71.1033983 42.3371146)",True,False,0.0,0.0,0.0,0.0,0.0,0.0,0.0
14497,5035,4649,14497,"LINESTRING (-71.1033983 42.3371146, -71.1051413 42.337783)",True,False,0.0,0.0,0.0,0.0,0.0,0.0,0.0
14498,4989,4649,14498,"LINESTRING (-71.106161 42.3382665, -71.1051413 42.337783)",True,False,0.0,0.0,0.0,0.0,0.0,0.0,0.0
14499,4649,4989,14499,"LINESTRING (-71.1051413 42.337783, -71.106161 42.3382665)",True,False,0.0,0.0,0.0,0.0,0.0,0.0,0.0
14500,4648,4649,14500,"LINESTRING (-71.104937 42.3379613, -71.1051413 42.337783)",True,False,0.0,0.0,0.0,0.0,0.0,0.0,0.0
14501,4649,4648,14501,"LINESTRING (-71.1051413 42.337783, -71.104937 42.3379613)",True,False,0.0,0.0,0.0,0.0,0.0,0.0,0.0
14502,315,5035,14502,"LINESTRING (-71.1030281 42.3373464, -71.1033983 42.3371146)",True,False,0.0,0.0,0.0,0.0,0.0,0.0,0.0
14503,2478,315,14503,"LINESTRING (-71.1030584 42.3369802, -71.1030281 42.3373464)",True,False,0.0,0.0,0.0,0.0,0.0,0.0,0.0
14504,2478,5035,14504,"LINESTRING (-71.1030584 42.3369802, -71.1033983 42.3371146)",True,False,0.0,0.0,0.0,0.0,0.0,0.0,0.0
14505,5035,2478,14505,"LINESTRING (-71.1033983 42.3371146, -71.1030584 42.3369802)",True,False,0.0,0.0,0.0,0.0,0.0,0.0,0.0
14506,1305,2846,14506,"LINESTRING (-71.1041953 42.3441348, -71.105817 42.3429634)",True,False,0.0,0.0,0.0,0.0,0.0,0.0,0.0
14507,4180,1305,14507,"LINESTRING (-71.1054764 42.3431863, -71.1041953 42.3441348)",True,False,0.0,0.0,0.0,0.0,0.0,0.0,0.0
14508,4180,2845,14508,"LINESTRING (-71.1054764 42.3431863, -71.103822 42.3431679)",True,False,0.0,0.0,0.0,0.0,0.0,0.0,0.0
14509,2846,4180,14509,"LINESTRING (-71.105817 42.3429634, -71.1054764 42.3431863)",True,False,0.0,0.0,0.0,0.0,0.0,0.0,0.0
14510,1304,1305,14510,"LINESTRING (-71.1034619 42.3439995, -71.1041953 42.3441348)",True,False,0.0,0.0,0.0,0.0,0.0,0.0,0.0
14511,1305,2845,14511,"LINESTRING (-71.1041953 42.3441348, -71.103822 42.3431679)",True,False,0.0,0.0,0.0,0.0,0.0,0.0,0.0
14512,3550,1304,14512,"LINESTRING (-71.1026264 42.3433136, -71.1034619 42.3439995)",True,False,0.0,0.0,0.0,0.0,0.0,0.0,0.0
14513,2845,4599,14513,"LINESTRING (-71.103822 42.3431679, -71.1032566 42.3427452)",True,False,0.0,0.0,0.0,0.0,0.0,0.0,0.0
14514,3550,4599,14514,"LINESTRING (-71.1026264 42.3433136, -71.1032566 42.3427452)",True,False,0.0,0.0,0.0,0.0,0.0,0.0,0.0
14515,4599,3550,14515,"LINESTRING (-71.1032566 42.3427452, -71.1026264 42.3433136)",True,False,0.0,0.0,0.0,0.0,0.0,0.0,0.0
14516,4599,4606,14516,"LINESTRING (-71.1032566 42.3427452, -71.1034591 42.3425563)",True,False,0.0,0.0,0.0,0.0,0.0,0.0,0.0
14517,4606,4599,14517,"LINESTRING (-71.1034591 42.3425563, -71.1032566 42.3427452)",True,False,0.0,0.0,0.0,0.0,0.0,0.0,0.0
14518,316,970,14518,"LINESTRING (-71.1006695 42.3402376, -71.0998742 42.3396511)",True,False,0.0,0.0,0.0,0.0,0.0,0.0,0.0
14529,314,316,14529,"LINESTRING (-71.1010569 42.3401642, -71.1006695 42.3402376)",True,False,0.0,0.0,0.0,0.0,0.0,0.0,0.0
14530,968,970,14530,"LINESTRING (-71.0989438 42.3391054, -71.0998742 42.3396511)",True,False,0.0,0.0,0.0,0.0,0.0,0.0,0.0
14531,970,968,14531,"LINESTRING (-71.0998742 42.3396511, -71.0989438 42.3391054)",True,False,0.0,0.0,0.0,0.0,0.0,0.0,0.0
14532,970,1126,14532,"LINESTRING (-71.0998742 42.3396511, -71.1000324 42.3398101)",True,False,0.0,0.0,0.0,0.0,0.0,0.0,0.0
14533,3752,3753,14533,"LINESTRING (-71.1009873 42.3405408, -71.0998955 42.3405641)",True,False,0.0,0.0,0.0,0.0,0.0,0.0,0.0
14534,4890,4891,14534,"LINESTRING (-71.0999727 42.3408777, -71.101055 42.341742)",True,False,0.0,0.0,0.0,0.0,0.0,0.0,0.0
14535,4891,4595,14535,"LINESTRING (-71.101055 42.341742, -71.1018005 42.3424955)",True,False,0.0,0.0,0.0,0.0,0.0,0.0,0.0
14536,3752,317,14536,"LINESTRING (-71.1009873 42.3405408, -71.1008219 42.3403759)",True,False,0.0,0.0,0.0,0.0,0.0,0.0,0.0
14537,5326,5327,14537,"LINESTRING (-71.0984135 42.3407795, -71.0994589 42.3406724)",True,False,0.0,0.0,0.0,0.0,0.0,0.0,0.0
14538,3753,4890,14538,"LINESTRING (-71.0998955 42.3405641, -71.0999727 42.3408777)",True,False,0.0,0.0,0.0,0.0,0.0,0.0,0.0
14539,5327,4890,14539,"LINESTRING (-71.0994589 42.3406724, -71.0999727 42.3408777)",True,False,0.0,0.0,0.0,0.0,0.0,0.0,0.0
14540,3549,3551,14540,"LINESTRING (-71.1000102 42.3439728, -71.0988 42.3442962)",True,False,0.0,0.0,0.0,0.0,0.0,0.0,0.0
14541,3551,3549,14541,"LINESTRING (-71.0988 42.3442962, -71.1000102 42.3439728)",True,False,0.0,0.0,0.0,0.0,0.0,0.0,0.0
14542,2351,3218,14542,"LINESTRING (-71.1005718 42.349384, -71.1036179 42.349754)",True,False,0.0,0.0,0.0,0.0,0.0,0.0,0.0
14543,1620,3273,14543,"LINESTRING (-71.1036622 42.3495564, -71.1006099 42.3491875)",True,False,0.0,0.0,0.0,0.0,0.0,0.0,0.0
14544,3909,3910,14544,"LINESTRING (-71.1033076 42.3471023, -71.10178 42.3475157)",True,False,0.0,0.0,0.0,0.0,0.0,0.0,0.0
14545,4314,2105,14545,"LINESTRING (-71.1018919 42.3475694, -71.1033424 42.3471693)",True,False,0.0,0.0,0.0,0.0,0.0,0.0,0.0
14562,1306,1307,14562,"LINESTRING (-71.1038295 42.3444659, -71.1046291 42.3456904)",True,False,0.0,0.0,0.0,0.0,0.0,0.0,0.0
14563,2106,2101,14563,"LINESTRING (-71.104119 42.3469564, -71.1051252 42.3466808)",True,False,0.0,0.0,0.0,0.0,0.0,0.0,0.0
14564,4452,4453,14564,"LINESTRING (-71.1054452 42.3464172, -71.105533 42.3465818)",True,False,0.0,0.0,0.0,0.0,0.0,0.0,0.0
14565,4452,4454,14565,"LINESTRING (-71.1054452 42.3464172, -71.1050712 42.3465625)",True,False,0.0,0.0,0.0,0.0,0.0,0.0,0.0
14566,4454,1307,14566,"LINESTRING (-71.1050712 42.3465625, -71.1046291 42.3456904)",True,False,0.0,0.0,0.0,0.0,0.0,0.0,0.0
14567,1307,4454,14567,"LINESTRING (-71.1046291 42.3456904, -71.1050712 42.3465625)",True,False,0.0,0.0,0.0,0.0,0.0,0.0,0.0
14568,4454,3992,14568,"LINESTRING (-71.1050712 42.3465625, -71.1040807 42.3468794)",True,False,0.0,0.0,0.0,0.0,0.0,0.0,0.0
14585,5275,4452,14585,"LINESTRING (-71.105994 42.3462603, -71.1054452 42.3464172)",True,False,0.0,0.0,0.0,0.0,0.0,0.0,0.0
14586,2099,2101,14586,"LINESTRING (-71.1055481 42.3475333, -71.1051252 42.3466808)",True,False,0.0,0.0,0.0,0.0,0.0,0.0,0.0
14587,2101,2099,14587,"LINESTRING (-71.1051252 42.3466808, -71.1055481 42.3475333)",True,False,0.0,0.0,0.0,0.0,0.0,0.0,0.0
14588,2099,2100,14588,"LINESTRING (-71.1055481 42.3475333, -71.1059855 42.3483808)",True,False,0.0,0.0,0.0,0.0,0.0,0.0,0.0
14589,2100,2099,14589,"LINESTRING (-71.1059855 42.3483808, -71.1055481 42.3475333)",True,False,0.0,0.0,0.0,0.0,0.0,0.0,0.0
14590,2101,4453,14590,"LINESTRING (-71.1051252 42.3466808, -71.105533 42.3465818)",True,False,0.0,0.0,0.0,0.0,0.0,0.0,0.0
14591,4454,2101,14591,"LINESTRING (-71.1050712 42.3465625, -71.1051252 42.3466808)",True,False,0.0,0.0,0.0,0.0,0.0,0.0,0.0
14592,2101,4454,14592,"LINESTRING (-71.1051252 42.3466808, -71.1050712 42.3465625)",True,False,0.0,0.0,0.0,0.0,0.0,0.0,0.0
14593,2105,2106,14593,"LINESTRING (-71.1033424 42.3471693, -71.104119 42.3469564)",True,False,0.0,0.0,0.0,0.0,0.0,0.0,0.0
14594,3992,3909,14594,"LINESTRING (-71.1040807 42.3468794, -71.1033076 42.3471023)",True,False,0.0,0.0,0.0,0.0,0.0,0.0,0.0
14603,3218,1619,14603,"LINESTRING (-71.1036179 42.349754, -71.1065493 42.3501181)",True,False,0.0,0.0,0.0,0.0,0.0,0.0,0.0
14610,3910,2133,14610,"LINESTRING (-71.10178 42.3475157, -71.0995067 42.3481848)",True,False,0.0,0.0,0.0,0.0,0.0,0.0,0.0
14611,2133,4314,14611,"LINESTRING (-71.0995067 42.3481848, -71.1018919 42.3475694)",True,False,0.0,0.0,0.0,0.0,0.0,0.0,0.0
14612,4794,4795,14612,"LINESTRING (-71.0989721 42.3468135, -71.0997481 42.3460691)",True,False,0.0,0.0,0.0,0.0,0.0,0.0,0.0
14613,4795,4794,14613,"LINESTRING (-71.0997481 42.3460691, -71.0989721 42.3468135)",True,False,0.0,0.0,0.0,0.0,0.0,0.0,0.0
14614,4847,4600,14614,"LINESTRING (-71.1003525 42.3454764, -71.1009777 42.3448901)",True,False,0.0,0.0,0.0,0.0,0.0,0.0,0.0
14615,4600,4847,14615,"LINESTRING (-71.1009777 42.3448901, -71.1003525 42.3454764)",True,False,0.0,0.0,0.0,0.0,0.0,0.0,0.0
14616,4847,4795,14616,"LINESTRING (-71.1003525 42.3454764, -71.0997481 42.3460691)",True,False,0.0,0.0,0.0,0.0,0.0,0.0,0.0
14617,4795,4847,14617,"LINESTRING (-71.0997481 42.3460691, -71.1003525 42.3454764)",True,False,0.0,0.0,0.0,0.0,0.0,0.0,0.0
14618,4794,4801,14618,"LINESTRING (-71.0989721 42.3468135, -71.0985371 42.3472317)",True,False,0.0,0.0,0.0,0.0,0.0,0.0,0.0
14619,4801,4794,14619,"LINESTRING (-71.0985371 42.3472317, -71.0989721 42.3468135)",True,False,0.0,0.0,0.0,0.0,0.0,0.0,0.0
14620,1959,2285,14620,"LINESTRING (-71.0923807 42.3390815, -71.0947479 42.3381364)",True,False,0.0,0.0,0.0,0.0,0.0,0.0,0.0
14621,3507,2608,14621,"LINESTRING (-71.0925673 42.339528, -71.0912876 42.3407442)",True,False,0.0,0.0,0.0,0.0,0.0,0.0,0.0
14622,2608,3507,14622,"LINESTRING (-71.0912876 42.3407442, -71.0925673 42.339528)",True,False,0.0,0.0,0.0,0.0,0.0,0.0,0.0
14623,4047,3508,14623,"LINESTRING (-71.0931537 42.3403563, -71.0929868 42.340125)",True,False,0.0,0.0,0.0,0.0,0.0,0.0,0.0
14624,3508,4047,14624,"LINESTRING (-71.0929868 42.340125, -71.0931537 42.3403563)",True,False,0.0,0.0,0.0,0.0,0.0,0.0,0.0
14625,1957,4769,14625,"LINESTRING (-71.0936618 42.3369657, -71.0954392 42.3376439)",True,False,0.0,0.0,0.0,0.0,0.0,0.0,0.0
14626,4769,1957,14626,"LINESTRING (-71.0954392 42.3376439, -71.0936618 42.3369657)",True,False,0.0,0.0,0.0,0.0,0.0,0.0,0.0
14627,3607,4139,14627,"LINESTRING (-71.0968427 42.3390677, -71.0937093 42.3407811)",True,False,0.0,0.0,0.0,0.0,0.0,0.0,0.0
14628,4769,1956,14628,"LINESTRING (-71.0954392 42.3376439, -71.092478 42.338841)",True,False,0.0,0.0,0.0,0.0,0.0,0.0,0.0
14631,4550,440,14631,"LINESTRING (-71.0962953 42.3375219, -71.096947 42.33726)",True,False,0.0,0.0,0.0,0.0,0.0,0.0,0.0
14632,3606,4997,14632,"LINESTRING (-71.0973211 42.3384581, -71.0964247 42.3380479)",True,False,0.0,0.0,0.0,0.0,0.0,0.0,0.0
14633,4997,3606,14633,"LINESTRING (-71.0964247 42.3380479, -71.0973211 42.3384581)",True,False,0.0,0.0,0.0,0.0,0.0,0.0,0.0
14634,2851,4997,14634,"LINESTRING (-71.095735 42.3377545, -71.0964247 42.3380479)",True,False,0.0,0.0,0.0,0.0,0.0,0.0,0.0
14635,4997,2851,14635,"LINESTRING (-71.0964247 42.3380479, -71.095735 42.3377545)",True,False,0.0,0.0,0.0,0.0,0.0,0.0,0.0
14636,1426,4551,14636,"LINESTRING (-71.097117 42.33702, -71.0961076 42.3373844)",True,False,0.0,0.0,0.0,0.0,0.0,0.0,0.0
14637,440,441,14637,"LINESTRING (-71.096947 42.33726, -71.0981427 42.336789)",True,False,0.0,0.0,0.0,0.0,0.0,0.0,0.0
14638,1425,1426,14638,"LINESTRING (-71.0980664 42.3366262, -71.097117 42.33702)",True,False,0.0,0.0,0.0,0.0,0.0,0.0,0.0
14639,969,3606,14639,"LINESTRING (-71.0976832 42.3386938, -71.0973211 42.3384581)",True,False,0.0,0.0,0.0,0.0,0.0,0.0,0.0
14640,3606,969,14640,"LINESTRING (-71.0973211 42.3384581, -71.0976832 42.3386938)",True,False,0.0,0.0,0.0,0.0,0.0,0.0,0.0
14641,969,3607,14641,"LINESTRING (-71.0976832 42.3386938, -71.0968427 42.3390677)",True,False,0.0,0.0,0.0,0.0,0.0,0.0,0.0
14642,967,969,14642,"LINESTRING (-71.0981914 42.3387763, -71.0976832 42.3386938)",True,False,0.0,0.0,0.0,0.0,0.0,0.0,0.0
14643,969,967,14643,"LINESTRING (-71.0976832 42.3386938, -71.0981914 42.3387763)",True,False,0.0,0.0,0.0,0.0,0.0,0.0,0.0
14644,3606,3607,14644,"LINESTRING (-71.0973211 42.3384581, -71.0968427 42.3390677)",True,False,0.0,0.0,0.0,0.0,0.0,0.0,0.0
14645,2285,2851,14645,"LINESTRING (-71.0947479 42.3381364, -71.095735 42.3377545)",True,False,0.0,0.0,0.0,0.0,0.0,0.0,0.0
14646,4551,4769,14646,"LINESTRING (-71.0961076 42.3373844, -71.0954392 42.3376439)",True,False,0.0,0.0,0.0,0.0,0.0,0.0,0.0
14647,2851,4550,14647,"LINESTRING (-71.095735 42.3377545, -71.0962953 42.3375219)",True,False,0.0,0.0,0.0,0.0,0.0,0.0,0.0
14648,4550,4551,14648,"LINESTRING (-71.0962953 42.3375219, -71.0961076 42.3373844)",True,False,0.0,0.0,0.0,0.0,0.0,0.0,0.0
14649,4551,4550,14649,"LINESTRING (-71.0961076 42.3373844, -71.0962953 42.3375219)",True,False,0.0,0.0,0.0,0.0,0.0,0.0,0.0
14650,2851,4769,14650,"LINESTRING (-71.095735 42.3377545, -71.0954392 42.3376439)",True,False,0.0,0.0,0.0,0.0,0.0,0.0,0.0
14651,4769,2851,14651,"LINESTRING (-71.0954392 42.3376439, -71.095735 42.3377545)",True,False,0.0,0.0,0.0,0.0,0.0,0.0,0.0
14652,3903,3904,14652,"LINESTRING (-71.0945703 42.3432947, -71.096491 42.341845)",True,False,0.0,0.0,0.0,0.0,0.0,0.0,0.0
14655,4386,3903,14655,"LINESTRING (-71.0945989 42.3434801, -71.0945703 42.3432947)",True,False,0.0,0.0,0.0,0.0,0.0,0.0,0.0
14660,1956,1957,14660,"LINESTRING (-71.092478 42.338841, -71.0936618 42.3369657)",True,False,0.0,0.0,0.0,0.0,0.0,0.0,0.0
14661,1957,1956,14661,"LINESTRING (-71.0936618 42.3369657, -71.092478 42.338841)",True,False,0.0,0.0,0.0,0.0,0.0,0.0,0.0
14662,1956,1958,14662,"LINESTRING (-71.092478 42.338841, -71.0905582 42.3395905)",True,False,0.0,0.0,0.0,0.0,0.0,0.0,0.0
14663,2857,1959,14663,"LINESTRING (-71.0906494 42.3397762, -71.0923807 42.3390815)",True,False,0.0,0.0,0.0,0.0,0.0,0.0,0.0
14664,2195,1957,14664,"LINESTRING (-71.0929939 42.336711, -71.0936618 42.3369657)",True,False,0.0,0.0,0.0,0.0,0.0,0.0,0.0
14665,1957,2195,14665,"LINESTRING (-71.0936618 42.3369657, -71.0929939 42.336711)",True,False,0.0,0.0,0.0,0.0,0.0,0.0,0.0
14666,2286,3509,14666,"LINESTRING (-71.0923814 42.3391724, -71.0925147 42.3394526)",True,False,0.0,0.0,0.0,0.0,0.0,0.0,0.0
14667,3509,2286,14667,"LINESTRING (-71.0925147 42.3394526, -71.0923814 42.3391724)",True,False,0.0,0.0,0.0,0.0,0.0,0.0,0.0
14668,1956,1959,14668,"LINESTRING (-71.092478 42.338841, -71.0923807 42.3390815)",True,False,0.0,0.0,0.0,0.0,0.0,0.0,0.0
14669,1959,1956,14669,"LINESTRING (-71.0923807 42.3390815, -71.092478 42.338841)",True,False,0.0,0.0,0.0,0.0,0.0,0.0,0.0
14670,1959,2286,14670,"LINESTRING (-71.0923807 42.3390815, -71.0923814 42.3391724)",True,False,0.0,0.0,0.0,0.0,0.0,0.0,0.0
14671,2286,1959,14671,"LINESTRING (-71.0923814 42.3391724, -71.0923807 42.3390815)",True,False,0.0,0.0,0.0,0.0,0.0,0.0,0.0
14672,3507,3508,14672,"LINESTRING (-71.0925673 42.339528, -71.0929868 42.340125)",True,False,0.0,0.0,0.0,0.0,0.0,0.0,0.0
14673,3508,3507,14673,"LINESTRING (-71.0929868 42.340125, -71.0925673 42.339528)",True,False,0.0,0.0,0.0,0.0,0.0,0.0,0.0
14674,3507,3509,14674,"LINESTRING (-71.0925673 42.339528, -71.0925147 42.3394526)",True,False,0.0,0.0,0.0,0.0,0.0,0.0,0.0
14675,3509,3507,14675,"LINESTRING (-71.0925147 42.3394526, -71.0925673 42.339528)",True,False,0.0,0.0,0.0,0.0,0.0,0.0,0.0
14676,2606,2607,14676,"LINESTRING (-71.0912255 42.3408367, -71.0902649 42.3426412)",True,False,0.0,0.0,0.0,0.0,0.0,0.0,0.0
14677,2607,2606,14677,"LINESTRING (-71.0902649 42.3426412, -71.0912255 42.3408367)",True,False,0.0,0.0,0.0,0.0,0.0,0.0,0.0
14678,4031,4032,14678,"LINESTRING (-71.0921531 42.3414011, -71.0913432 42.3433267)",True,False,0.0,0.0,0.0,0.0,0.0,0.0,0.0
14679,4048,4031,14679,"LINESTRING (-71.0931748 42.3409075, -71.0921531 42.3414011)",True,False,0.0,0.0,0.0,0.0,0.0,0.0,0.0
14680,4139,4047,14680,"LINESTRING (-71.0937093 42.3407811, -71.0931537 42.3403563)",True,False,0.0,0.0,0.0,0.0,0.0,0.0,0.0
14681,4139,4048,14681,"LINESTRING (-71.0937093 42.3407811, -71.0931748 42.3409075)",True,False,0.0,0.0,0.0,0.0,0.0,0.0,0.0
14682,4047,4048,14682,"LINESTRING (-71.0931537 42.3403563, -71.0931748 42.3409075)",True,False,0.0,0.0,0.0,0.0,0.0,0.0,0.0
14683,2606,2608,14683,"LINESTRING (-71.0912255 42.3408367, -71.0912876 42.3407442)",True,False,0.0,0.0,0.0,0.0,0.0,0.0,0.0
14684,2608,2606,14684,"LINESTRING (-71.0912876 42.3407442, -71.0912255 42.3408367)",True,False,0.0,0.0,0.0,0.0,0.0,0.0,0.0
14685,4032,5024,14685,"LINESTRING (-71.0913432 42.3433267, -71.0908411 42.3440568)",True,False,0.0,0.0,0.0,0.0,0.0,0.0,0.0
14686,255,257,14686,"LINESTRING (-71.0904871 42.3441257, -71.0907186 42.3443636)",True,False,0.0,0.0,0.0,0.0,0.0,0.0,0.0
14687,257,255,14687,"LINESTRING (-71.0907186 42.3443636, -71.0904871 42.3441257)",True,False,0.0,0.0,0.0,0.0,0.0,0.0,0.0
14688,5024,255,14688,"LINESTRING (-71.0908411 42.3440568, -71.0904871 42.3441257)",True,False,0.0,0.0,0.0,0.0,0.0,0.0,0.0
14689,5024,257,14689,"LINESTRING (-71.0908411 42.3440568, -71.0907186 42.3443636)",True,False,0.0,0.0,0.0,0.0,0.0,0.0,0.0
14690,1964,1965,14690,"LINESTRING (-71.0956631 42.3505672, -71.0929903 42.35051)",True,False,0.0,0.0,0.0,0.0,0.0,0.0,0.0
14691,2132,288,14691,"LINESTRING (-71.0983213 42.3485077, -71.097164 42.3487816)",True,False,0.0,0.0,0.0,0.0,0.0,0.0,0.0
14692,1091,2193,14692,"LINESTRING (-71.0903199 42.3519474, -71.0964543 42.3507099)",True,False,3.4843078114273083,3.4843078114273083,3.4843077969330896,3.484307797530904,-1.4494218714133922e-08,-1.3896404471580581e-08,0.0
14693,2679,2680,14693,"LINESTRING (-71.0923957 42.3494372, -71.0923992 42.347601)",True,False,0.0,0.0,0.0,0.0,0.0,0.0,0.0
14694,3860,3861,14694,"LINESTRING (-71.094975 42.3488064, -71.0928427 42.3488325)",True,False,0.0,0.0,0.0,0.0,0.0,0.0,0.0
14695,3900,3901,14695,"LINESTRING (-71.0944549 42.3470859, -71.0915324 42.3475212)",True,False,0.0,0.0,0.0,0.0,0.0,0.0,0.0
14696,3901,3900,14696,"LINESTRING (-71.0915324 42.3475212, -71.0944549 42.3470859)",True,False,0.0,0.0,0.0,0.0,0.0,0.0,0.0
14697,4177,2193,14697,"LINESTRING (-71.0931982 42.3514051, -71.0964543 42.3507099)",True,False,0.0,0.0,1.19803526712609e-10,1.6405345914552126e-10,1.19803526712609e-10,1.6405345914552126e-10,0.0
14698,2677,2208,14698,"LINESTRING (-71.0932463 42.3465307, -71.0943364 42.3455519)",True,False,0.0,0.0,0.0,0.0,0.0,0.0,0.0
14699,2208,2677,14699,"LINESTRING (-71.0943364 42.3455519, -71.0932463 42.3465307)",True,False,0.0,0.0,0.0,0.0,0.0,0.0,0.0
14700,2684,3862,14700,"LINESTRING (-71.0928488 42.3491674, -71.0949877 42.3491247)",True,False,0.0,0.0,0.0,0.0,0.0,0.0,0.0
14701,289,2132,14701,"LINESTRING (-71.0979695 42.3486707, -71.0983213 42.3485077)",True,False,0.0,0.0,0.0,0.0,0.0,0.0,0.0
14702,1966,2679,14702,"LINESTRING (-71.0944625 42.3506592, -71.0923957 42.3494372)",True,False,0.0,0.0,0.0,0.0,0.0,0.0,0.0
14703,4834,2103,14703,"LINESTRING (-71.093172 42.3498474, -71.0950067 42.3493486)",True,False,0.0,0.0,0.0,0.0,0.0,0.0,0.0
14704,4246,2680,14704,"LINESTRING (-71.0928355 42.3486783, -71.0923992 42.347601)",True,False,0.0,0.0,0.0,0.0,0.0,0.0,0.0
14705,288,5329,14705,"LINESTRING (-71.097164 42.3487816, -71.0974373 42.3482768)",True,False,0.0,0.0,0.0,0.0,0.0,0.0,0.0
14706,5329,288,14706,"LINESTRING (-71.0974373 42.3482768, -71.097164 42.3487816)",True,False,0.0,0.0,0.0,0.0,0.0,0.0,0.0
14707,2042,5355,14707,"LINESTRING (-71.0922692 42.347612, -71.0922964 42.3496746)",True,False,0.0,0.0,0.0,0.0,0.0,0.0,0.0
14708,2042,4248,14708,"LINESTRING (-71.0922692 42.347612, -71.0915762 42.3488416)",True,False,0.0,0.0,0.0,0.0,0.0,0.0,0.0
14767,3900,3902,14767,"LINESTRING (-71.0944549 42.3470859, -71.0956592 42.3460362)",True,False,0.0,0.0,0.0,0.0,0.0,0.0,0.0
14768,3902,3900,14768,"LINESTRING (-71.0956592 42.3460362, -71.0944549 42.3470859)",True,False,0.0,0.0,0.0,0.0,0.0,0.0,0.0
14769,4410,2209,14769,"LINESTRING (-71.0978168 42.3445583, -71.0953381 42.3452327)",True,False,0.0,0.0,0.0,0.0,0.0,0.0,0.0
14770,2209,4410,14770,"LINESTRING (-71.0953381 42.3452327, -71.0978168 42.3445583)",True,False,0.0,0.0,0.0,0.0,0.0,0.0,0.0
14773,2206,2208,14773,"LINESTRING (-71.09477 42.3453951, -71.0943364 42.3455519)",True,False,0.0,0.0,0.0,0.0,0.0,0.0,0.0
14774,2208,2206,14774,"LINESTRING (-71.0943364 42.3455519, -71.09477 42.3453951)",True,False,0.0,0.0,0.0,0.0,0.0,0.0,0.0
14775,2206,2209,14775,"LINESTRING (-71.09477 42.3453951, -71.0953381 42.3452327)",True,False,0.0,0.0,0.0,0.0,0.0,0.0,0.0
14776,2209,2206,14776,"LINESTRING (-71.0953381 42.3452327, -71.09477 42.3453951)",True,False,0.0,0.0,0.0,0.0,0.0,0.0,0.0
14777,2208,2207,14777,"LINESTRING (-71.0943364 42.3455519, -71.0944628 42.3451709)",True,False,0.0,0.0,0.0,0.0,0.0,0.0,0.0
14778,2209,3902,14778,"LINESTRING (-71.0953381 42.3452327, -71.0956592 42.3460362)",True,False,0.0,0.0,0.0,0.0,0.0,0.0,0.0
14779,3902,2209,14779,"LINESTRING (-71.0956592 42.3460362, -71.0953381 42.3452327)",True,False,0.0,0.0,0.0,0.0,0.0,0.0,0.0
14792,2207,4381,14792,"LINESTRING (-71.0944628 42.3451709, -71.0946685 42.3445192)",True,False,0.0,0.0,0.0,0.0,0.0,0.0,0.0
14793,2206,2207,14793,"LINESTRING (-71.09477 42.3453951, -71.0944628 42.3451709)",True,False,0.0,0.0,0.0,0.0,0.0,0.0,0.0
14794,1964,1966,14794,"LINESTRING (-71.0956631 42.3505672, -71.0944625 42.3506592)",True,False,7.863386006391787,7.863386006391786,7.863385483380191,7.863385484596179,-5.230115958099191e-07,-5.217956076108976e-07,-8.881784197001252e-16
14795,2104,3219,14795,"LINESTRING (-71.0960067 42.3490648, -71.0969547 42.3489462)",True,False,0.0,0.0,0.0,0.0,0.0,0.0,0.0
14796,288,3860,14796,"LINESTRING (-71.097164 42.3487816, -71.094975 42.3488064)",True,False,0.0,0.0,0.0,0.0,0.0,0.0,0.0
14797,287,288,14797,"LINESTRING (-71.0974362 42.3488142, -71.097164 42.3487816)",True,False,0.0,0.0,0.0,0.0,0.0,0.0,0.0
14798,3217,2350,14798,"LINESTRING (-71.0972095 42.3489822, -71.0981266 42.3490933)",True,False,0.0,0.0,0.0,0.0,0.0,0.0,0.0
14799,3220,287,14799,"LINESTRING (-71.0970515 42.3489188, -71.0974362 42.3488142)",True,False,0.0,0.0,0.0,0.0,0.0,0.0,0.0
14800,287,289,14800,"LINESTRING (-71.0974362 42.3488142, -71.0979695 42.3486707)",True,False,0.0,0.0,0.0,0.0,0.0,0.0,0.0
14801,2352,2350,14801,"LINESTRING (-71.0981269 42.3489038, -71.0981266 42.3490933)",True,False,0.0,0.0,0.0,0.0,0.0,0.0,0.0
14802,2353,287,14802,"LINESTRING (-71.0980199 42.3488911, -71.0974362 42.3488142)",True,False,0.0,0.0,0.0,0.0,0.0,0.0,0.0
14803,2352,2353,14803,"LINESTRING (-71.0981269 42.3489038, -71.0980199 42.3488911)",True,False,0.0,0.0,0.0,0.0,0.0,0.0,0.0
14804,2353,289,14804,"LINESTRING (-71.0980199 42.3488911, -71.0979695 42.3486707)",True,False,0.0,0.0,0.0,0.0,0.0,0.0,0.0
14805,3219,3217,14805,"LINESTRING (-71.0969547 42.3489462, -71.0972095 42.3489822)",True,False,0.0,0.0,0.0,0.0,0.0,0.0,0.0
14806,3220,288,14806,"LINESTRING (-71.0970515 42.3489188, -71.097164 42.3487816)",True,False,0.0,0.0,0.0,0.0,0.0,0.0,0.0
14807,3219,3220,14807,"LINESTRING (-71.0969547 42.3489462, -71.0970515 42.3489188)",True,False,0.0,0.0,0.0,0.0,0.0,0.0,0.0
14808,2103,2104,14808,"LINESTRING (-71.0950067 42.3493486, -71.0960067 42.3490648)",True,False,0.0,0.0,0.0,0.0,0.0,0.0,0.0
14809,3862,2104,14809,"LINESTRING (-71.0949877 42.3491247, -71.0960067 42.3490648)",True,False,0.0,0.0,0.0,0.0,0.0,0.0,0.0
14810,2046,2047,14810,"LINESTRING (-71.0923628 42.3469576, -71.0918678 42.346683)",True,False,0.0,0.0,0.0,0.0,0.0,0.0,0.0
14811,4176,2041,14811,"LINESTRING (-71.0908315 42.3465194, -71.0922559 42.3471357)",True,False,0.0,0.0,0.0,0.0,0.0,0.0,0.0
14812,2677,2047,14812,"LINESTRING (-71.0932463 42.3465307, -71.0918678 42.346683)",True,False,0.0,0.0,0.0,0.0,0.0,0.0,0.0
14813,4305,4182,14813,"LINESTRING (-71.0912655 42.3465049, -71.0907011 42.3459507)",True,False,0.0,0.0,0.0,0.0,0.0,0.0,0.0
14814,4182,4176,14814,"LINESTRING (-71.0907011 42.3459507, -71.0908315 42.3465194)",True,False,0.0,0.0,0.0,0.0,0.0,0.0,0.0
14815,4182,3942,14815,"LINESTRING (-71.0907011 42.3459507, -71.090384 42.3465947)",True,False,0.0,0.0,0.0,0.0,0.0,0.0,0.0
14816,2041,2042,14816,"LINESTRING (-71.0922559 42.3471357, -71.0922692 42.347612)",True,False,0.0,0.0,0.0,0.0,0.0,0.0,0.0
14817,2680,4458,14817,"LINESTRING (-71.0923992 42.347601, -71.0923973 42.3474402)",True,False,0.0,0.0,0.0,0.0,0.0,0.0,0.0
14818,2046,2041,14818,"LINESTRING (-71.0923628 42.3469576, -71.0922559 42.3471357)",True,False,0.0,0.0,0.0,0.0,0.0,0.0,0.0
14819,2676,2046,14819,"LINESTRING (-71.0931067 42.3466398, -71.0923628 42.3469576)",True,False,0.0,0.0,0.0,0.0,0.0,0.0,0.0
14820,4458,2046,14820,"LINESTRING (-71.0923973 42.3474402, -71.0923628 42.3469576)",True,False,0.0,0.0,0.0,0.0,0.0,0.0,0.0
14821,2676,2677,14821,"LINESTRING (-71.0931067 42.3466398, -71.0932463 42.3465307)",True,False,0.0,0.0,0.0,0.0,0.0,0.0,0.0
14822,2677,2676,14822,"LINESTRING (-71.0932463 42.3465307, -71.0931067 42.3466398)",True,False,0.0,0.0,0.0,0.0,0.0,0.0,0.0
14823,4305,4176,14823,"LINESTRING (-71.0912655 42.3465049, -71.0908315 42.3465194)",True,False,0.0,0.0,0.0,0.0,0.0,0.0,0.0
14824,2047,4305,14824,"LINESTRING (-71.0918678 42.346683, -71.0912655 42.3465049)",True,False,0.0,0.0,0.0,0.0,0.0,0.0,0.0
14825,4176,3942,14825,"LINESTRING (-71.0908315 42.3465194, -71.090384 42.3465947)",True,False,0.0,0.0,0.0,0.0,0.0,0.0,0.0
14826,3942,4176,14826,"LINESTRING (-71.090384 42.3465947, -71.0908315 42.3465194)",True,False,0.0,0.0,0.0,0.0,0.0,0.0,0.0
14827,1091,2192,14827,"LINESTRING (-71.0903199 42.3519474, -71.0925936 42.3514916)",True,False,0.0,0.0,0.0,0.0,0.0,0.0,0.0
14828,291,2684,14828,"LINESTRING (-71.0915946 42.3492036, -71.0928488 42.3491674)",True,False,0.0,0.0,0.0,0.0,0.0,0.0,0.0
14829,2704,2027,14829,"LINESTRING (-71.0916291 42.3502651, -71.0914204 42.3509648)",True,False,0.0,0.0,0.0,0.0,0.0,0.0,0.0
14830,2192,2269,14830,"LINESTRING (-71.0925936 42.3514916, -71.0928918 42.3503098)",True,False,0.0,0.0,0.0,0.0,0.0,0.0,0.0
14831,3861,4248,14831,"LINESTRING (-71.0928427 42.3488325, -71.0915762 42.3488416)",True,False,0.0,0.0,0.0,0.0,0.0,0.0,0.0
14832,2705,4177,14832,"LINESTRING (-71.0919959 42.3501722, -71.0931982 42.3514051)",True,False,0.0,0.0,1.19803526712609e-10,1.6405345914552126e-10,1.19803526712609e-10,1.6405345914552126e-10,0.0
14833,2705,5354,14833,"LINESTRING (-71.0919959 42.3501722, -71.0928733 42.3499293)",True,False,0.0,0.0,0.0,0.0,0.0,0.0,0.0
14834,5355,2028,14834,"LINESTRING (-71.0922964 42.3496746, -71.090403 42.351299)",True,False,0.0,0.0,0.0,0.0,0.0,0.0,0.0
14859,5354,2684,14859,"LINESTRING (-71.0928733 42.3499293, -71.0928488 42.3491674)",True,False,0.0,0.0,0.0,0.0,0.0,0.0,0.0
14878,2684,3861,14878,"LINESTRING (-71.0928488 42.3491674, -71.0928427 42.3488325)",True,False,0.0,0.0,0.0,0.0,0.0,0.0,0.0
14879,3861,4246,14879,"LINESTRING (-71.0928427 42.3488325, -71.0928355 42.3486783)",True,False,0.0,0.0,0.0,0.0,0.0,0.0,0.0
14880,2269,5354,14880,"LINESTRING (-71.0928918 42.3503098, -71.0928733 42.3499293)",True,False,0.0,0.0,0.0,0.0,0.0,0.0,0.0
14881,5354,4834,14881,"LINESTRING (-71.0928733 42.3499293, -71.093172 42.3498474)",True,False,0.0,0.0,0.0,0.0,0.0,0.0,0.0
14882,1965,2269,14882,"LINESTRING (-71.0929903 42.35051, -71.0928918 42.3503098)",True,False,0.0,0.0,0.0,0.0,0.0,0.0,0.0
14883,290,291,14883,"LINESTRING (-71.0906475 42.3492218, -71.0915946 42.3492036)",True,False,0.0,0.0,0.0,0.0,0.0,0.0,0.0
14884,291,2683,14884,"LINESTRING (-71.0915946 42.3492036, -71.0916134 42.3497089)",True,False,0.0,0.0,0.0,0.0,0.0,0.0,0.0
14885,4248,5328,14885,"LINESTRING (-71.0915762 42.3488416, -71.0906329 42.348859)",True,False,0.0,0.0,0.0,0.0,0.0,0.0,0.0
14886,4248,291,14886,"LINESTRING (-71.0915762 42.3488416, -71.0915946 42.3492036)",True,False,0.0,0.0,0.0,0.0,0.0,0.0,0.0
14887,2704,2705,14887,"LINESTRING (-71.0916291 42.3502651, -71.0919959 42.3501722)",True,False,0.0,0.0,1.19803526712609e-10,1.6405345914552126e-10,1.19803526712609e-10,1.6405345914552126e-10,0.0
14888,4075,2705,14888,"LINESTRING (-71.0916263 42.3499765, -71.0919959 42.3501722)",True,False,0.0,0.0,0.0,0.0,0.0,0.0,0.0
14889,4075,2704,14889,"LINESTRING (-71.0916263 42.3499765, -71.0916291 42.3502651)",True,False,0.0,0.0,0.0,0.0,0.0,0.0,0.0
14890,2683,4075,14890,"LINESTRING (-71.0916134 42.3497089, -71.0916263 42.3499765)",True,False,0.0,0.0,0.0,0.0,0.0,0.0,0.0
14891,2027,2028,14891,"LINESTRING (-71.0914204 42.3509648, -71.090403 42.351299)",True,False,0.0,0.0,0.0,0.0,0.0,0.0,0.0
14892,321,322,14892,"LINESTRING (-71.0837487 42.3483726, -71.0817887 42.3488963)",True,False,0.0,0.0,0.0,0.0,0.0,0.0,0.0
14893,337,338,14893,"LINESTRING (-71.0825908 42.3505089, -71.0802923 42.3511299)",True,False,0.0,0.0,0.0,0.0,0.0,0.0,0.0
14894,1812,1808,14894,"LINESTRING (-71.0829775 42.3442843, -71.0816947 42.3453377)",True,False,0.0,0.0,0.0,0.0,0.0,0.0,0.0
14895,1862,1863,14895,"LINESTRING (-71.0811289 42.3388951, -71.0824716 42.3399986)",True,False,0.0,0.0,0.0,0.0,0.0,0.0,0.0
14896,1863,1862,14896,"LINESTRING (-71.0824716 42.3399986, -71.0811289 42.3388951)",True,False,0.0,0.0,0.0,0.0,0.0,0.0,0.0
14897,1862,1864,14897,"LINESTRING (-71.0811289 42.3388951, -71.0819867 42.3384275)",True,False,0.0,0.0,0.0,0.0,0.0,0.0,0.0
14898,1864,1862,14898,"LINESTRING (-71.0819867 42.3384275, -71.0811289 42.3388951)",True,False,0.0,0.0,0.0,0.0,0.0,0.0,0.0
14899,1809,1749,14899,"LINESTRING (-71.0818136 42.3454203, -71.0828765 42.3458414)",True,False,0.0,0.0,0.0,0.0,0.0,0.0,0.0
14900,1809,2275,14900,"LINESTRING (-71.0818136 42.3454203, -71.0835085 42.3440464)",True,False,0.0,0.0,0.0,0.0,0.0,0.0,0.0
14901,256,2895,14901,"LINESTRING (-71.0899095 42.3439575, -71.089725 42.344641)",True,False,0.0,0.0,0.0,0.0,0.0,0.0,0.0
14902,3646,3651,14902,"LINESTRING (-71.0798941 42.3503114, -71.0821867 42.3496965)",True,False,0.0,0.0,0.0,0.0,0.0,0.0,0.0
14903,1077,341,14903,"LINESTRING (-71.0804638 42.3514736, -71.0827558 42.3508551)",True,False,0.0,0.0,0.0,0.0,0.0,0.0,0.0
14904,4237,4238,14904,"LINESTRING (-71.083793 42.3420076, -71.0817757 42.3405594)",True,False,0.0,0.0,0.0,0.0,0.0,0.0,0.0
14905,4238,1863,14905,"LINESTRING (-71.0817757 42.3405594, -71.0824716 42.3399986)",True,False,0.0,0.0,0.0,0.0,0.0,0.0,0.0
14906,1863,4238,14906,"LINESTRING (-71.0824716 42.3399986, -71.0817757 42.3405594)",True,False,0.0,0.0,0.0,0.0,0.0,0.0,0.0
14907,1749,1809,14907,"LINESTRING (-71.0828765 42.3458414, -71.0818136 42.3454203)",True,False,0.0,0.0,0.0,0.0,0.0,0.0,0.0
14908,1810,4247,14908,"LINESTRING (-71.0809158 42.3448098, -71.0785329 42.3431933)",True,False,0.0,0.0,0.0,0.0,0.0,0.0,0.0
14909,4247,1810,14909,"LINESTRING (-71.0785329 42.3431933, -71.0809158 42.3448098)",True,False,0.0,0.0,0.0,0.0,0.0,0.0,0.0
14910,4855,4861,14910,"LINESTRING (-71.0868444 42.345461, -71.0857885 42.3433687)",True,False,0.0,0.0,0.0,0.0,0.0,0.0,0.0
14911,4861,4855,14911,"LINESTRING (-71.0857885 42.3433687, -71.0868444 42.345461)",True,False,0.0,0.0,0.0,0.0,0.0,0.0,0.0
14912,2271,4846,14912,"LINESTRING (-71.0771875 42.3442863, -71.0765129 42.3448344)",True,False,0.0,0.0,0.0,0.0,0.0,0.0,0.0
14913,4846,2271,14913,"LINESTRING (-71.0765129 42.3448344, -71.0771875 42.3442863)",True,False,0.0,0.0,0.0,0.0,0.0,0.0,0.0
14914,4970,4451,14914,"LINESTRING (-71.0744752 42.3443013, -71.0747173 42.3447884)",True,False,0.0,0.0,0.0,0.0,0.0,0.0,0.0
14915,4451,4970,14915,"LINESTRING (-71.0747173 42.3447884, -71.0744752 42.3443013)",True,False,0.0,0.0,0.0,0.0,0.0,0.0,0.0
14916,1113,4237,14916,"LINESTRING (-71.0816886 42.3406296, -71.083793 42.3420076)",True,False,0.0,0.0,0.0,0.0,0.0,0.0,0.0
14955,1785,1786,14955,"LINESTRING (-71.0862142 42.3416299, -71.0848289 42.342712)",True,False,0.0,0.0,0.0,0.0,0.0,0.0,0.0
14956,1785,1787,14956,"LINESTRING (-71.0862142 42.3416299, -71.0835132 42.3438585)",True,False,0.0,0.0,0.0,0.0,0.0,0.0,0.0
14957,254,2751,14957,"LINESTRING (-71.0856728 42.3376951, -71.0861782 42.3373805)",True,False,0.0,0.0,0.0,0.0,0.0,0.0,0.0
14958,2751,254,14958,"LINESTRING (-71.0861782 42.3373805, -71.0856728 42.3376951)",True,False,0.0,0.0,0.0,0.0,0.0,0.0,0.0
14959,2275,2852,14959,"LINESTRING (-71.0835085 42.3440464, -71.0862572 42.3417634)",True,False,0.0,0.0,0.0,0.0,0.0,0.0,0.0
14960,2858,2852,14960,"LINESTRING (-71.0850199 42.3428419, -71.0862572 42.3417634)",True,False,0.0,0.0,0.0,0.0,0.0,0.0,0.0
14961,4861,2828,14961,"LINESTRING (-71.0857885 42.3433687, -71.0867763 42.343478)",True,False,0.0,0.0,0.0,0.0,0.0,0.0,0.0
14962,2828,4861,14962,"LINESTRING (-71.0867763 42.343478, -71.0857885 42.3433687)",True,False,0.0,0.0,0.0,0.0,0.0,0.0,0.0
14963,1026,1027,14963,"LINESTRING (-71.0871654 42.3367658, -71.0867004 42.3370554)",True,False,0.0,0.0,0.0,0.0,0.0,0.0,0.0
14964,1027,1026,14964,"LINESTRING (-71.0867004 42.3370554, -71.0871654 42.3367658)",True,False,0.0,0.0,0.0,0.0,0.0,0.0,0.0
14965,1027,2751,14965,"LINESTRING (-71.0867004 42.3370554, -71.0861782 42.3373805)",True,False,0.0,0.0,0.0,0.0,0.0,0.0,0.0
14966,2751,1027,14966,"LINESTRING (-71.0861782 42.3373805, -71.0867004 42.3370554)",True,False,0.0,0.0,0.0,0.0,0.0,0.0,0.0
14967,1026,1028,14967,"LINESTRING (-71.0871654 42.3367658, -71.0877109 42.3364255)",True,False,0.0,0.0,0.0,0.0,0.0,0.0,0.0
14968,1028,1026,14968,"LINESTRING (-71.0877109 42.3364255, -71.0871654 42.3367658)",True,False,0.0,0.0,0.0,0.0,0.0,0.0,0.0
14969,2827,256,14969,"LINESTRING (-71.0876095 42.3436088, -71.0899095 42.3439575)",True,False,0.0,0.0,0.0,0.0,0.0,0.0,0.0
14970,256,2827,14970,"LINESTRING (-71.0899095 42.3439575, -71.0876095 42.3436088)",True,False,0.0,0.0,0.0,0.0,0.0,0.0,0.0
14971,2853,2856,14971,"LINESTRING (-71.0865692 42.3415168, -71.0889292 42.3404465)",True,False,0.0,0.0,0.0,0.0,0.0,0.0,0.0
14988,256,2894,14988,"LINESTRING (-71.0899095 42.3439575, -71.0901085 42.3432309)",True,False,0.0,0.0,0.0,0.0,0.0,0.0,0.0
14989,2894,256,14989,"LINESTRING (-71.0901085 42.3432309, -71.0899095 42.3439575)",True,False,0.0,0.0,0.0,0.0,0.0,0.0,0.0
14990,2852,2853,14990,"LINESTRING (-71.0862572 42.3417634, -71.0865692 42.3415168)",True,False,0.0,0.0,0.0,0.0,0.0,0.0,0.0
14991,4773,1785,14991,"LINESTRING (-71.0864587 42.3414317, -71.0862142 42.3416299)",True,False,0.0,0.0,0.0,0.0,0.0,0.0,0.0
14992,2827,2828,14992,"LINESTRING (-71.0876095 42.3436088, -71.0867763 42.343478)",True,False,0.0,0.0,0.0,0.0,0.0,0.0,0.0
14993,2828,2827,14993,"LINESTRING (-71.0867763 42.343478, -71.0876095 42.3436088)",True,False,0.0,0.0,0.0,0.0,0.0,0.0,0.0
14994,249,250,14994,"LINESTRING (-71.0843306 42.3371293, -71.0839736 42.3373445)",True,False,0.0,0.0,0.0,0.0,0.0,0.0,0.0
14995,250,249,14995,"LINESTRING (-71.0839736 42.3373445, -71.0843306 42.3371293)",True,False,0.0,0.0,0.0,0.0,0.0,0.0,0.0
14996,252,253,14996,"LINESTRING (-71.0851873 42.3380049, -71.0846928 42.3383204)",True,False,0.0,0.0,0.0,0.0,0.0,0.0,0.0
14997,253,252,14997,"LINESTRING (-71.0846928 42.3383204, -71.0851873 42.3380049)",True,False,0.0,0.0,0.0,0.0,0.0,0.0,0.0
14998,4995,4996,14998,"LINESTRING (-71.0841783 42.338649, -71.083315 42.3393189)",True,False,0.0,0.0,0.0,0.0,0.0,0.0,0.0
14999,4996,4995,14999,"LINESTRING (-71.083315 42.3393189, -71.0841783 42.338649)",True,False,0.0,0.0,0.0,0.0,0.0,0.0,0.0
15000,3581,1864,15000,"LINESTRING (-71.0824833 42.338162, -71.0819867 42.3384275)",True,False,0.0,0.0,0.0,0.0,0.0,0.0,0.0
15001,1864,3581,15001,"LINESTRING (-71.0819867 42.3384275, -71.0824833 42.338162)",True,False,0.0,0.0,0.0,0.0,0.0,0.0,0.0
15002,251,2111,15002,"LINESTRING (-71.0848344 42.3368561, -71.0853726 42.3365674)",True,False,0.0,0.0,0.0,0.0,0.0,0.0,0.0
15003,2111,251,15003,"LINESTRING (-71.0853726 42.3365674, -71.0848344 42.3368561)",True,False,0.0,0.0,0.0,0.0,0.0,0.0,0.0
15004,1024,2111,15004,"LINESTRING (-71.0859214 42.3362828, -71.0853726 42.3365674)",True,False,0.0,0.0,0.0,0.0,0.0,0.0,0.0
15005,2111,1024,15005,"LINESTRING (-71.0853726 42.3365674, -71.0859214 42.3362828)",True,False,0.0,0.0,0.0,0.0,0.0,0.0,0.0
15006,252,254,15006,"LINESTRING (-71.0851873 42.3380049, -71.0856728 42.3376951)",True,False,0.0,0.0,0.0,0.0,0.0,0.0,0.0
15007,254,252,15007,"LINESTRING (-71.0856728 42.3376951, -71.0851873 42.3380049)",True,False,0.0,0.0,0.0,0.0,0.0,0.0,0.0
15008,249,251,15008,"LINESTRING (-71.0843306 42.3371293, -71.0848344 42.3368561)",True,False,0.0,0.0,0.0,0.0,0.0,0.0,0.0
15009,251,249,15009,"LINESTRING (-71.0848344 42.3368561, -71.0843306 42.3371293)",True,False,0.0,0.0,0.0,0.0,0.0,0.0,0.0
15010,4995,253,15010,"LINESTRING (-71.0841783 42.338649, -71.0846928 42.3383204)",True,False,0.0,0.0,0.0,0.0,0.0,0.0,0.0
15011,253,4995,15011,"LINESTRING (-71.0846928 42.3383204, -71.0841783 42.338649)",True,False,0.0,0.0,0.0,0.0,0.0,0.0,0.0
15012,3580,3582,15012,"LINESTRING (-71.0829829 42.3378964, -71.0838191 42.3374336)",True,False,0.0,0.0,0.0,0.0,0.0,0.0,0.0
15013,3582,3580,15013,"LINESTRING (-71.0838191 42.3374336, -71.0829829 42.3378964)",True,False,0.0,0.0,0.0,0.0,0.0,0.0,0.0
15014,3582,250,15014,"LINESTRING (-71.0838191 42.3374336, -71.0839736 42.3373445)",True,False,0.0,0.0,0.0,0.0,0.0,0.0,0.0
15015,250,3582,15015,"LINESTRING (-71.0839736 42.3373445, -71.0838191 42.3374336)",True,False,0.0,0.0,0.0,0.0,0.0,0.0,0.0
15016,3580,3581,15016,"LINESTRING (-71.0829829 42.3378964, -71.0824833 42.338162)",True,False,0.0,0.0,0.0,0.0,0.0,0.0,0.0
15017,3581,3580,15017,"LINESTRING (-71.0824833 42.338162, -71.0829829 42.3378964)",True,False,0.0,0.0,0.0,0.0,0.0,0.0,0.0
15018,4996,1863,15018,"LINESTRING (-71.083315 42.3393189, -71.0824716 42.3399986)",True,False,0.0,0.0,0.0,0.0,0.0,0.0,0.0
15019,1863,4996,15019,"LINESTRING (-71.0824716 42.3399986, -71.083315 42.3393189)",True,False,0.0,0.0,0.0,0.0,0.0,0.0,0.0
15020,2275,2858,15020,"LINESTRING (-71.0835085 42.3440464, -71.0850199 42.3428419)",True,False,0.0,0.0,0.0,0.0,0.0,0.0,0.0
15021,1786,2928,15021,"LINESTRING (-71.0848289 42.342712, -71.0840715 42.342197)",True,False,0.0,0.0,0.0,0.0,0.0,0.0,0.0
15022,2928,1786,15022,"LINESTRING (-71.0840715 42.342197, -71.0848289 42.342712)",True,False,0.0,0.0,0.0,0.0,0.0,0.0,0.0
15023,1786,1787,15023,"LINESTRING (-71.0848289 42.342712, -71.0835132 42.3438585)",True,False,0.0,0.0,0.0,0.0,0.0,0.0,0.0
15024,4237,2928,15024,"LINESTRING (-71.083793 42.3420076, -71.0840715 42.342197)",True,False,0.0,0.0,0.0,0.0,0.0,0.0,0.0
15025,2928,4237,15025,"LINESTRING (-71.0840715 42.342197, -71.083793 42.3420076)",True,False,0.0,0.0,0.0,0.0,0.0,0.0,0.0
15026,2858,4861,15026,"LINESTRING (-71.0850199 42.3428419, -71.0857885 42.3433687)",True,False,0.0,0.0,0.0,0.0,0.0,0.0,0.0
15027,4861,2858,15027,"LINESTRING (-71.0857885 42.3433687, -71.0850199 42.3428419)",True,False,0.0,0.0,0.0,0.0,0.0,0.0,0.0
15028,1786,2858,15028,"LINESTRING (-71.0848289 42.342712, -71.0850199 42.3428419)",True,False,0.0,0.0,0.0,0.0,0.0,0.0,0.0
15029,2858,1786,15029,"LINESTRING (-71.0850199 42.3428419, -71.0848289 42.342712)",True,False,0.0,0.0,0.0,0.0,0.0,0.0,0.0
15030,1787,1812,15030,"LINESTRING (-71.0835132 42.3438585, -71.0829775 42.3442843)",True,False,0.0,0.0,0.0,0.0,0.0,0.0,0.0
15031,342,3482,15031,"LINESTRING (-71.0847083 42.3503329, -71.0862186 42.3499194)",True,False,0.0,0.0,0.0,0.0,0.0,0.0,0.0
15032,4110,3482,15032,"LINESTRING (-71.0860519 42.3495769, -71.0862186 42.3499194)",True,False,0.0,0.0,0.0,0.0,0.0,0.0,0.0
15033,4093,4140,15033,"LINESTRING (-71.088524 42.3489067, -71.0881317 42.3480939)",True,False,0.0,0.0,0.0,0.0,0.0,0.0,0.0
15034,4140,4093,15034,"LINESTRING (-71.0881317 42.3480939, -71.088524 42.3489067)",True,False,0.0,0.0,0.0,0.0,0.0,0.0,0.0
15035,3864,4140,15035,"LINESTRING (-71.0856545 42.3487503, -71.0881317 42.3480939)",True,False,0.0,0.0,0.0,0.0,0.0,0.0,0.0
15036,4455,4456,15036,"LINESTRING (-71.0867389 42.3475266, -71.0855621 42.3478846)",True,False,0.0,0.0,0.0,0.0,0.0,0.0,0.0
15037,4456,4457,15037,"LINESTRING (-71.0855621 42.3478846, -71.0867782 42.347599)",True,False,0.0,0.0,0.0,0.0,0.0,0.0,0.0
15038,5446,3864,15038,"LINESTRING (-71.0852582 42.3479681, -71.0856545 42.3487503)",True,False,0.0,0.0,0.0,0.0,0.0,0.0,0.0
15039,340,1088,15039,"LINESTRING (-71.0854923 42.3519191, -71.0869952 42.3515134)",True,False,0.0,0.0,0.0,0.0,0.0,0.0,0.0
15040,4146,4110,15040,"LINESTRING (-71.086815 42.349368, -71.0860519 42.3495769)",True,False,0.0,0.0,0.0,0.0,0.0,0.0,0.0
15075,3528,3542,15075,"LINESTRING (-71.0892665 42.3463131, -71.089227 42.3469063)",True,False,0.0,0.0,0.0,0.0,0.0,0.0,0.0
15076,3542,3940,15076,"LINESTRING (-71.089227 42.3469063, -71.0877461 42.347299)",True,False,0.0,0.0,0.0,0.0,0.0,0.0,0.0
15077,3940,3542,15077,"LINESTRING (-71.0877461 42.347299, -71.089227 42.3469063)",True,False,0.0,0.0,0.0,0.0,0.0,0.0,0.0
15078,3940,4140,15078,"LINESTRING (-71.0877461 42.347299, -71.0881317 42.3480939)",True,False,0.0,0.0,0.0,0.0,0.0,0.0,0.0
15079,4140,3940,15079,"LINESTRING (-71.0881317 42.3480939, -71.0877461 42.347299)",True,False,0.0,0.0,0.0,0.0,0.0,0.0,0.0
15080,4856,4863,15080,"LINESTRING (-71.087062 42.3459422, -71.0873357 42.346496)",True,False,0.0,0.0,0.0,0.0,0.0,0.0,0.0
15081,4863,4856,15081,"LINESTRING (-71.0873357 42.346496, -71.087062 42.3459422)",True,False,0.0,0.0,0.0,0.0,0.0,0.0,0.0
15106,3527,3528,15106,"LINESTRING (-71.0895063 42.3454278, -71.0892665 42.3463131)",True,False,0.0,0.0,0.0,0.0,0.0,0.0,0.0
15107,2895,3527,15107,"LINESTRING (-71.089725 42.344641, -71.0895063 42.3454278)",True,False,0.0,0.0,0.0,0.0,0.0,0.0,0.0
15108,4855,4856,15108,"LINESTRING (-71.0868444 42.345461, -71.087062 42.3459422)",True,False,0.0,0.0,0.0,0.0,0.0,0.0,0.0
15109,4856,4855,15109,"LINESTRING (-71.087062 42.3459422, -71.0868444 42.345461)",True,False,0.0,0.0,0.0,0.0,0.0,0.0,0.0
15114,4457,3940,15114,"LINESTRING (-71.0867782 42.347599, -71.0877461 42.347299)",True,False,0.0,0.0,0.0,0.0,0.0,0.0,0.0
15115,4316,4455,15115,"LINESTRING (-71.0873406 42.3473671, -71.0867389 42.3475266)",True,False,0.0,0.0,0.0,0.0,0.0,0.0,0.0
15116,3940,4316,15116,"LINESTRING (-71.0877461 42.347299, -71.0873406 42.3473671)",True,False,0.0,0.0,0.0,0.0,0.0,0.0,0.0
15117,3940,4317,15117,"LINESTRING (-71.0877461 42.347299, -71.0874081 42.3466254)",True,False,0.0,0.0,0.0,0.0,0.0,0.0,0.0
15118,4317,3940,15118,"LINESTRING (-71.0874081 42.3466254, -71.0877461 42.347299)",True,False,0.0,0.0,0.0,0.0,0.0,0.0,0.0
15119,4863,4317,15119,"LINESTRING (-71.0873357 42.346496, -71.0874081 42.3466254)",True,False,0.0,0.0,0.0,0.0,0.0,0.0,0.0
15120,4317,4863,15120,"LINESTRING (-71.0874081 42.3466254, -71.0873357 42.346496)",True,False,0.0,0.0,0.0,0.0,0.0,0.0,0.0
15121,533,534,15121,"LINESTRING (-71.086934 42.3497273, -71.0887028 42.3492706)",True,False,0.0,0.0,0.0,0.0,0.0,0.0,0.0
15122,4093,4146,15122,"LINESTRING (-71.088524 42.3489067, -71.086815 42.349368)",True,False,0.0,0.0,0.0,0.0,0.0,0.0,0.0
15123,3482,1087,15123,"LINESTRING (-71.0862186 42.3499194, -71.0866185 42.350728)",True,False,0.0,0.0,0.0,0.0,0.0,0.0,0.0
15124,1088,4463,15124,"LINESTRING (-71.0869952 42.3515134, -71.0894765 42.3508438)",True,False,0.0,0.0,0.0,0.0,0.0,0.0,0.0
15125,4094,4463,15125,"LINESTRING (-71.0890854 42.3500678, -71.0894765 42.3508438)",True,False,0.0,0.0,0.0,0.0,0.0,0.0,0.0
15126,4463,4094,15126,"LINESTRING (-71.0894765 42.3508438, -71.0890854 42.3500678)",True,False,0.0,0.0,0.0,0.0,0.0,0.0,0.0
15127,534,4094,15127,"LINESTRING (-71.0887028 42.3492706, -71.0890854 42.3500678)",True,False,0.0,0.0,0.0,0.0,0.0,0.0,0.0
15128,4094,534,15128,"LINESTRING (-71.0890854 42.3500678, -71.0887028 42.3492706)",True,False,0.0,0.0,0.0,0.0,0.0,0.0,0.0
15129,534,4093,15129,"LINESTRING (-71.0887028 42.3492706, -71.088524 42.3489067)",True,False,0.0,0.0,0.0,0.0,0.0,0.0,0.0
15130,4093,534,15130,"LINESTRING (-71.088524 42.3489067, -71.0887028 42.3492706)",True,False,0.0,0.0,0.0,0.0,0.0,0.0,0.0
15131,1090,1094,15131,"LINESTRING (-71.0881408 42.3521874, -71.0899525 42.351797)",True,False,0.0,0.0,1.19803526712609e-10,1.6405345914552126e-10,1.19803526712609e-10,1.6405345914552126e-10,0.0
15132,1094,4194,15132,"LINESTRING (-71.0899525 42.351797, -71.0897419 42.3513637)",True,False,0.0,0.0,1.19803526712609e-10,1.6405345914552126e-10,1.19803526712609e-10,1.6405345914552126e-10,0.0
15133,4194,1094,15133,"LINESTRING (-71.0897419 42.3513637, -71.0899525 42.351797)",True,False,0.0,0.0,0.0,0.0,0.0,0.0,0.0
15134,4194,4463,15134,"LINESTRING (-71.0897419 42.3513637, -71.0894765 42.3508438)",True,False,0.0,0.0,1.19803526712609e-10,1.6405345914552126e-10,1.19803526712609e-10,1.6405345914552126e-10,0.0
15135,4463,4194,15135,"LINESTRING (-71.0894765 42.3508438, -71.0897419 42.3513637)",True,False,0.0,0.0,0.0,0.0,0.0,0.0,0.0
15136,3482,533,15136,"LINESTRING (-71.0862186 42.3499194, -71.086934 42.3497273)",True,False,0.0,0.0,0.0,0.0,0.0,0.0,0.0
15137,1087,1088,15137,"LINESTRING (-71.0866185 42.350728, -71.0869952 42.3515134)",True,False,0.0,0.0,0.0,0.0,0.0,0.0,0.0
15138,1747,1748,15138,"LINESTRING (-71.0833812 42.345905, -71.0843531 42.3460538)",True,False,0.0,0.0,0.0,0.0,0.0,0.0,0.0
15139,1748,1747,15139,"LINESTRING (-71.0843531 42.3460538, -71.0833812 42.345905)",True,False,0.0,0.0,0.0,0.0,0.0,0.0,0.0
15140,3973,3974,15140,"LINESTRING (-71.0847422 42.3461983, -71.0850488 42.3467956)",True,False,0.0,0.0,0.0,0.0,0.0,0.0,0.0
15141,3974,3973,15141,"LINESTRING (-71.0850488 42.3467956, -71.0847422 42.3461983)",True,False,0.0,0.0,0.0,0.0,0.0,0.0,0.0
15142,5446,321,15142,"LINESTRING (-71.0852582 42.3479681, -71.0837487 42.3483726)",True,False,0.0,0.0,0.0,0.0,0.0,0.0,0.0
15153,3973,1748,15153,"LINESTRING (-71.0847422 42.3461983, -71.0843531 42.3460538)",True,False,0.0,0.0,0.0,0.0,0.0,0.0,0.0
15154,1748,3973,15154,"LINESTRING (-71.0843531 42.3460538, -71.0847422 42.3461983)",True,False,0.0,0.0,0.0,0.0,0.0,0.0,0.0
15155,3974,4811,15155,"LINESTRING (-71.0850488 42.3467956, -71.0854246 42.347563)",True,False,0.0,0.0,0.0,0.0,0.0,0.0,0.0
15156,4811,3974,15156,"LINESTRING (-71.0854246 42.347563, -71.0850488 42.3467956)",True,False,0.0,0.0,0.0,0.0,0.0,0.0,0.0
15157,4811,4456,15157,"LINESTRING (-71.0854246 42.347563, -71.0855621 42.3478846)",True,False,0.0,0.0,0.0,0.0,0.0,0.0,0.0
15158,4456,5446,15158,"LINESTRING (-71.0855621 42.3478846, -71.0852582 42.3479681)",True,False,0.0,0.0,0.0,0.0,0.0,0.0,0.0
15159,4456,4811,15159,"LINESTRING (-71.0855621 42.3478846, -71.0854246 42.347563)",True,False,0.0,0.0,0.0,0.0,0.0,0.0,0.0
15160,1747,1749,15160,"LINESTRING (-71.0833812 42.345905, -71.0828765 42.3458414)",True,False,0.0,0.0,0.0,0.0,0.0,0.0,0.0
15161,1749,1747,15161,"LINESTRING (-71.0828765 42.3458414, -71.0833812 42.345905)",True,False,0.0,0.0,0.0,0.0,0.0,0.0,0.0
15162,339,340,15162,"LINESTRING (-71.0835361 42.3524479, -71.0854923 42.3519191)",True,False,0.0,0.0,0.0,0.0,0.0,0.0,0.0
15163,341,342,15163,"LINESTRING (-71.0827558 42.3508551, -71.0847083 42.3503329)",True,False,0.0,0.0,0.0,0.0,0.0,0.0,0.0
15164,3651,3863,15164,"LINESTRING (-71.0821867 42.3496965, -71.0841334 42.3491666)",True,False,0.0,0.0,0.0,0.0,0.0,0.0,0.0
15165,4111,337,15165,"LINESTRING (-71.0845374 42.3499816, -71.0825908 42.3505089)",True,False,0.0,0.0,0.0,0.0,0.0,0.0,0.0
15174,3863,3864,15174,"LINESTRING (-71.0841334 42.3491666, -71.0856545 42.3487503)",True,False,0.0,0.0,0.0,0.0,0.0,0.0,0.0
15175,4110,4111,15175,"LINESTRING (-71.0860519 42.3495769, -71.0845374 42.3499816)",True,False,0.0,0.0,0.0,0.0,0.0,0.0,0.0
15176,3864,4110,15176,"LINESTRING (-71.0856545 42.3487503, -71.0860519 42.3495769)",True,False,0.0,0.0,0.0,0.0,0.0,0.0,0.0
15189,1111,1113,15189,"LINESTRING (-71.080319 42.339334, -71.0816886 42.3406296)",True,False,0.0,0.0,0.0,0.0,0.0,0.0,0.0
15190,2270,2272,15190,"LINESTRING (-71.0778717 42.3437333, -71.0783374 42.3433522)",True,False,0.0,0.0,0.0,0.0,0.0,0.0,0.0
15191,2272,2270,15191,"LINESTRING (-71.0783374 42.3433522, -71.0778717 42.3437333)",True,False,0.0,0.0,0.0,0.0,0.0,0.0,0.0
15192,1128,1314,15192,"LINESTRING (-71.078072 42.337332, -71.0770365 42.336457)",True,False,0.0,0.0,0.0,0.0,0.0,0.0,0.0
15193,4238,1112,15193,"LINESTRING (-71.0817757 42.3405594, -71.0804089 42.3392833)",True,False,0.0,0.0,0.0,0.0,0.0,0.0,0.0
15194,4972,4973,15194,"LINESTRING (-71.0772967 42.3409288, -71.078074 42.34052)",True,False,0.0,0.0,0.0,0.0,0.0,0.0,0.0
15195,4973,4972,15195,"LINESTRING (-71.078074 42.34052, -71.0772967 42.3409288)",True,False,0.0,0.0,0.0,0.0,0.0,0.0,0.0
15196,4982,1127,15196,"LINESTRING (-71.0773394 42.3378268, -71.078003 42.337388)",True,False,0.0,0.0,0.0,0.0,0.0,0.0,0.0
15197,2824,1127,15197,"LINESTRING (-71.0769468 42.3365215, -71.078003 42.337388)",True,False,0.0,0.0,0.0,0.0,0.0,0.0,0.0
15198,5042,4973,15198,"LINESTRING (-71.0788123 42.3401231, -71.078074 42.34052)",True,False,0.0,0.0,0.0,0.0,0.0,0.0,0.0
15199,4973,5042,15199,"LINESTRING (-71.078074 42.34052, -71.0788123 42.3401231)",True,False,0.0,0.0,0.0,0.0,0.0,0.0,0.0
15226,1111,1117,15226,"LINESTRING (-71.080319 42.339334, -71.079595 42.339709)",True,False,0.0,0.0,0.0,0.0,0.0,0.0,0.0
15227,1117,1111,15227,"LINESTRING (-71.079595 42.339709, -71.080319 42.339334)",True,False,0.0,0.0,0.0,0.0,0.0,0.0,0.0
15228,1127,1111,15228,"LINESTRING (-71.078003 42.337388, -71.080319 42.339334)",True,False,0.0,0.0,0.0,0.0,0.0,0.0,0.0
15229,1112,1128,15229,"LINESTRING (-71.0804089 42.3392833, -71.078072 42.337332)",True,False,0.0,0.0,0.0,0.0,0.0,0.0,0.0
15230,407,1862,15230,"LINESTRING (-71.0787192 42.3369055, -71.0811289 42.3388951)",True,False,0.0,0.0,0.0,0.0,0.0,0.0,0.0
15231,1111,1112,15231,"LINESTRING (-71.080319 42.339334, -71.0804089 42.3392833)",True,False,0.0,0.0,0.0,0.0,0.0,0.0,0.0
15232,1112,1111,15232,"LINESTRING (-71.0804089 42.3392833, -71.080319 42.339334)",True,False,0.0,0.0,0.0,0.0,0.0,0.0,0.0
15233,1862,1112,15233,"LINESTRING (-71.0811289 42.3388951, -71.0804089 42.3392833)",True,False,0.0,0.0,0.0,0.0,0.0,0.0,0.0
15234,1112,1862,15234,"LINESTRING (-71.0804089 42.3392833, -71.0811289 42.3388951)",True,False,0.0,0.0,0.0,0.0,0.0,0.0,0.0
15235,1128,406,15235,"LINESTRING (-71.078072 42.337332, -71.078368 42.337125)",True,False,0.0,0.0,0.0,0.0,0.0,0.0,0.0
15236,407,5036,15236,"LINESTRING (-71.0787192 42.3369055, -71.0792629 42.3365467)",True,False,0.0,0.0,0.0,0.0,0.0,0.0,0.0
15237,406,407,15237,"LINESTRING (-71.078368 42.337125, -71.0787192 42.3369055)",True,False,0.0,0.0,0.0,0.0,0.0,0.0,0.0
15238,410,407,15238,"LINESTRING (-71.0781233 42.3364065, -71.0787192 42.3369055)",True,False,0.0,0.0,0.0,0.0,0.0,0.0,0.0
15239,1127,1128,15239,"LINESTRING (-71.078003 42.337388, -71.078072 42.337332)",True,False,0.0,0.0,0.0,0.0,0.0,0.0,0.0
15240,5042,1117,15240,"LINESTRING (-71.0788123 42.3401231, -71.079595 42.339709)",True,False,0.0,0.0,0.0,0.0,0.0,0.0,0.0
15241,1117,5042,15241,"LINESTRING (-71.079595 42.339709, -71.0788123 42.3401231)",True,False,0.0,0.0,0.0,0.0,0.0,0.0,0.0
15242,4616,4628,15242,"LINESTRING (-71.0791719 42.3426742, -71.0798203 42.3421475)",True,False,0.0,0.0,0.0,0.0,0.0,0.0,0.0
15243,4628,4616,15243,"LINESTRING (-71.0798203 42.3421475, -71.0791719 42.3426742)",True,False,0.0,0.0,0.0,0.0,0.0,0.0,0.0
15244,4628,4967,15244,"LINESTRING (-71.0798203 42.3421475, -71.0804675 42.3416216)",True,False,0.0,0.0,0.0,0.0,0.0,0.0,0.0
15245,4967,4628,15245,"LINESTRING (-71.0804675 42.3416216, -71.0798203 42.3421475)",True,False,0.0,0.0,0.0,0.0,0.0,0.0,0.0
15254,4967,4969,15254,"LINESTRING (-71.0804675 42.3416216, -71.0811064 42.3411093)",True,False,0.0,0.0,0.0,0.0,0.0,0.0,0.0
15255,4969,4967,15255,"LINESTRING (-71.0811064 42.3411093, -71.0804675 42.3416216)",True,False,0.0,0.0,0.0,0.0,0.0,0.0,0.0
15262,1113,4969,15262,"LINESTRING (-71.0816886 42.3406296, -71.0811064 42.3411093)",True,False,0.0,0.0,0.0,0.0,0.0,0.0,0.0
15263,4969,1113,15263,"LINESTRING (-71.0811064 42.3411093, -71.0816886 42.3406296)",True,False,0.0,0.0,0.0,0.0,0.0,0.0,0.0
15264,4238,1113,15264,"LINESTRING (-71.0817757 42.3405594, -71.0816886 42.3406296)",True,False,0.0,0.0,0.0,0.0,0.0,0.0,0.0
15265,1113,4238,15265,"LINESTRING (-71.0816886 42.3406296, -71.0817757 42.3405594)",True,False,0.0,0.0,0.0,0.0,0.0,0.0,0.0
15268,4247,4616,15268,"LINESTRING (-71.0785329 42.3431933, -71.0791719 42.3426742)",True,False,0.0,0.0,0.0,0.0,0.0,0.0,0.0
15269,4616,4247,15269,"LINESTRING (-71.0791719 42.3426742, -71.0785329 42.3431933)",True,False,0.0,0.0,0.0,0.0,0.0,0.0,0.0
15270,2272,4247,15270,"LINESTRING (-71.0783374 42.3433522, -71.0785329 42.3431933)",True,False,0.0,0.0,0.0,0.0,0.0,0.0,0.0
15271,4247,2272,15271,"LINESTRING (-71.0785329 42.3431933, -71.0783374 42.3433522)",True,False,0.0,0.0,0.0,0.0,0.0,0.0,0.0
15272,3602,3603,15272,"LINESTRING (-71.074288 42.338421, -71.0749632 42.3379292)",True,False,0.0,0.0,0.0,0.0,0.0,0.0,0.0
15273,3603,3602,15273,"LINESTRING (-71.0749632 42.3379292, -71.074288 42.338421)",True,False,0.0,0.0,0.0,0.0,0.0,0.0,0.0
15274,4983,4984,15274,"LINESTRING (-71.076316 42.33697, -71.075647 42.337459)",True,False,0.0,0.0,0.0,0.0,0.0,0.0,0.0
15275,4984,4983,15275,"LINESTRING (-71.075647 42.337459, -71.076316 42.33697)",True,False,0.0,0.0,0.0,0.0,0.0,0.0,0.0
15276,5319,5034,15276,"LINESTRING (-71.0762858 42.3385143, -71.0766383 42.3382851)",True,False,0.0,0.0,0.0,0.0,0.0,0.0,0.0
15277,5321,5320,15277,"LINESTRING (-71.0755779 42.3389712, -71.0759462 42.338733)",True,False,0.0,0.0,0.0,0.0,0.0,0.0,0.0
15294,4983,2824,15294,"LINESTRING (-71.076316 42.33697, -71.0769468 42.3365215)",True,False,0.0,0.0,0.0,0.0,0.0,0.0,0.0
15295,2824,4983,15295,"LINESTRING (-71.0769468 42.3365215, -71.076316 42.33697)",True,False,0.0,0.0,0.0,0.0,0.0,0.0,0.0
15296,5034,4982,15296,"LINESTRING (-71.0766383 42.3382851, -71.0773394 42.3378268)",True,False,0.0,0.0,0.0,0.0,0.0,0.0,0.0
15297,1314,2824,15297,"LINESTRING (-71.0770365 42.336457, -71.0769468 42.3365215)",True,False,0.0,0.0,0.0,0.0,0.0,0.0,0.0
15298,2824,1314,15298,"LINESTRING (-71.0769468 42.3365215, -71.0770365 42.336457)",True,False,0.0,0.0,0.0,0.0,0.0,0.0,0.0
15303,5320,5319,15303,"LINESTRING (-71.0759462 42.338733, -71.0762858 42.3385143)",True,False,0.0,0.0,0.0,0.0,0.0,0.0,0.0
15304,3603,4984,15304,"LINESTRING (-71.0749632 42.3379292, -71.075647 42.337459)",True,False,0.0,0.0,0.0,0.0,0.0,0.0,0.0
15305,4984,3603,15305,"LINESTRING (-71.075647 42.337459, -71.0749632 42.3379292)",True,False,0.0,0.0,0.0,0.0,0.0,0.0,0.0
15306,4962,5041,15306,"LINESTRING (-71.0745554 42.3396564, -71.0752325 42.3392022)",True,False,0.0,0.0,0.0,0.0,0.0,0.0,0.0
15307,5041,5321,15307,"LINESTRING (-71.0752325 42.3392022, -71.0755779 42.3389712)",True,False,0.0,0.0,0.0,0.0,0.0,0.0,0.0
15308,4961,4962,15308,"LINESTRING (-71.074006 42.340042, -71.0745554 42.3396564)",True,False,0.0,0.0,0.0,0.0,0.0,0.0,0.0
15309,4562,4710,15309,"LINESTRING (-71.0753389 42.3419967, -71.0759467 42.3416651)",True,False,0.0,0.0,0.0,0.0,0.0,0.0,0.0
15310,4710,4562,15310,"LINESTRING (-71.0759467 42.3416651, -71.0753389 42.3419967)",True,False,0.0,0.0,0.0,0.0,0.0,0.0,0.0
15321,4710,4968,15321,"LINESTRING (-71.0759467 42.3416651, -71.0765562 42.3413374)",True,False,0.0,0.0,0.0,0.0,0.0,0.0,0.0
15322,4968,4710,15322,"LINESTRING (-71.0765562 42.3413374, -71.0759467 42.3416651)",True,False,0.0,0.0,0.0,0.0,0.0,0.0,0.0
15323,4968,4972,15323,"LINESTRING (-71.0765562 42.3413374, -71.0772967 42.3409288)",True,False,0.0,0.0,0.0,0.0,0.0,0.0,0.0
15324,4972,4968,15324,"LINESTRING (-71.0772967 42.3409288, -71.0765562 42.3413374)",True,False,0.0,0.0,0.0,0.0,0.0,0.0,0.0
15325,2270,2271,15325,"LINESTRING (-71.0778717 42.3437333, -71.0771875 42.3442863)",True,False,0.0,0.0,0.0,0.0,0.0,0.0,0.0
15326,2271,2270,15326,"LINESTRING (-71.0771875 42.3442863, -71.0778717 42.3437333)",True,False,0.0,0.0,0.0,0.0,0.0,0.0,0.0
15327,2278,4562,15327,"LINESTRING (-71.074601 42.342392, -71.0753389 42.3419967)",True,False,0.0,0.0,0.0,0.0,0.0,0.0,0.0
15328,4562,2278,15328,"LINESTRING (-71.0753389 42.3419967, -71.074601 42.342392)",True,False,0.0,0.0,0.0,0.0,0.0,0.0,0.0
15333,4970,2280,15333,"LINESTRING (-71.0744752 42.3443013, -71.074108 42.343558)",True,False,0.0,0.0,0.0,0.0,0.0,0.0,0.0
15334,2280,4970,15334,"LINESTRING (-71.074108 42.343558, -71.0744752 42.3443013)",True,False,0.0,0.0,0.0,0.0,0.0,0.0,0.0
15335,1813,1814,15335,"LINESTRING (-71.0771481 42.349076, -71.0810576 42.3478053)",True,False,0.0,0.0,0.0,0.0,0.0,0.0,0.0
15336,1813,1815,15336,"LINESTRING (-71.0771481 42.349076, -71.0782207 42.3481833)",True,False,0.0,0.0,0.0,0.0,0.0,0.0,0.0
15337,1948,1953,15337,"LINESTRING (-71.0743726 42.3489614, -71.0741214 42.3484576)",True,False,0.0,0.0,0.0,0.0,0.0,0.0,0.0
15338,2173,2174,15338,"LINESTRING (-71.0810451 42.3476739, -71.077347 42.3467203)",True,False,0.0,0.0,0.0,0.0,0.0,0.0,0.0
15339,2854,2863,15339,"LINESTRING (-71.0781405 42.3517073, -71.0759979 42.3522852)",True,False,0.0,0.0,0.0,0.0,0.0,0.0,0.0
15340,2174,2849,15340,"LINESTRING (-71.077347 42.3467203, -71.0809619 42.3460658)",True,False,0.0,0.0,0.0,0.0,0.0,0.0,0.0
15341,3754,3755,15341,"LINESTRING (-71.0791057 42.3487047, -71.0787299 42.3479338)",True,False,0.0,0.0,0.0,0.0,0.0,0.0,0.0
15342,3876,3877,15342,"LINESTRING (-71.0764202 42.3483129, -71.0766032 42.3486323)",True,False,0.0,0.0,0.0,0.0,0.0,0.0,0.0
15343,3876,3878,15343,"LINESTRING (-71.0764202 42.3483129, -71.0753866 42.3486057)",True,False,0.0,0.0,0.0,0.0,0.0,0.0,0.0
15344,3884,3489,15344,"LINESTRING (-71.0779367 42.347965, -71.0770788 42.3481571)",True,False,0.0,0.0,0.0,0.0,0.0,0.0,0.0
15345,3718,3877,15345,"LINESTRING (-71.0768521 42.3482085, -71.0766032 42.3486323)",True,False,0.0,0.0,0.0,0.0,0.0,0.0,0.0
15346,3647,1203,15346,"LINESTRING (-71.0795006 42.3495151, -71.077345 42.3500907)",True,False,0.0,0.0,0.0,0.0,0.0,0.0,0.0
15347,2996,2855,15347,"LINESTRING (-71.0761697 42.3526346, -71.0783103 42.352057)",True,False,0.0,0.0,0.0,0.0,0.0,0.0,0.0
15348,1204,2854,15348,"LINESTRING (-71.0777416 42.3508973, -71.0781405 42.3517073)",True,False,0.0,0.0,0.0,0.0,0.0,0.0,0.0
15349,1204,3646,15349,"LINESTRING (-71.0777416 42.3508973, -71.0798941 42.3503114)",True,False,0.0,0.0,0.0,0.0,0.0,0.0,0.0
15378,1811,1801,15378,"LINESTRING (-71.080312 42.346394, -71.0796131 42.3469422)",True,False,0.0,0.0,0.0,0.0,0.0,0.0,0.0
15379,2848,2849,15379,"LINESTRING (-71.0796992 42.3470387, -71.0809619 42.3460658)",True,False,0.0,0.0,0.0,0.0,0.0,0.0,0.0
15388,1808,1810,15388,"LINESTRING (-71.0816947 42.3453377, -71.0809158 42.3448098)",True,False,0.0,0.0,0.0,0.0,0.0,0.0,0.0
15389,1810,1808,15389,"LINESTRING (-71.0809158 42.3448098, -71.0816947 42.3453377)",True,False,0.0,0.0,0.0,0.0,0.0,0.0,0.0
15390,1808,1811,15390,"LINESTRING (-71.0816947 42.3453377, -71.080312 42.346394)",True,False,0.0,0.0,0.0,0.0,0.0,0.0,0.0
15391,2849,1809,15391,"LINESTRING (-71.0809619 42.3460658, -71.0818136 42.3454203)",True,False,0.0,0.0,0.0,0.0,0.0,0.0,0.0
15392,1808,1809,15392,"LINESTRING (-71.0816947 42.3453377, -71.0818136 42.3454203)",True,False,0.0,0.0,0.0,0.0,0.0,0.0,0.0
15393,1809,1808,15393,"LINESTRING (-71.0818136 42.3454203, -71.0816947 42.3453377)",True,False,0.0,0.0,0.0,0.0,0.0,0.0,0.0
15394,1801,1802,15394,"LINESTRING (-71.0796131 42.3469422, -71.0786576 42.3477007)",True,False,0.0,0.0,0.0,0.0,0.0,0.0,0.0
15395,1806,1807,15395,"LINESTRING (-71.0786907 42.347854, -71.0790212 42.3476095)",True,False,0.0,0.0,0.0,0.0,0.0,0.0,0.0
15396,1807,4548,15396,"LINESTRING (-71.0790212 42.3476095, -71.0794297 42.3472714)",True,False,0.0,0.0,0.0,0.0,0.0,0.0,0.0
15415,4548,2848,15415,"LINESTRING (-71.0794297 42.3472714, -71.0796992 42.3470387)",True,False,0.0,0.0,0.0,0.0,0.0,0.0,0.0
15416,1815,3884,15416,"LINESTRING (-71.0782207 42.3481833, -71.0779367 42.347965)",True,False,0.0,0.0,0.0,0.0,0.0,0.0,0.0
15417,1815,1806,15417,"LINESTRING (-71.0782207 42.3481833, -71.0786907 42.347854)",True,False,0.0,0.0,0.0,0.0,0.0,0.0,0.0
15418,1802,3884,15418,"LINESTRING (-71.0786576 42.3477007, -71.0779367 42.347965)",True,False,0.0,0.0,0.0,0.0,0.0,0.0,0.0
15419,1806,1802,15419,"LINESTRING (-71.0786907 42.347854, -71.0786576 42.3477007)",True,False,0.0,0.0,0.0,0.0,0.0,0.0,0.0
15420,1802,1806,15420,"LINESTRING (-71.0786576 42.3477007, -71.0786907 42.347854)",True,False,0.0,0.0,0.0,0.0,0.0,0.0,0.0
15421,3755,1806,15421,"LINESTRING (-71.0787299 42.3479338, -71.0786907 42.347854)",True,False,0.0,0.0,0.0,0.0,0.0,0.0,0.0
15422,2855,1077,15422,"LINESTRING (-71.0783103 42.352057, -71.0804638 42.3514736)",True,False,0.0,0.0,0.0,0.0,0.0,0.0,0.0
15423,338,2854,15423,"LINESTRING (-71.0802923 42.3511299, -71.0781405 42.3517073)",True,False,0.0,0.0,0.0,0.0,0.0,0.0,0.0
15424,338,3646,15424,"LINESTRING (-71.0802923 42.3511299, -71.0798941 42.3503114)",True,False,0.0,0.0,0.0,0.0,0.0,0.0,0.0
15425,4130,3647,15425,"LINESTRING (-71.080775 42.3491705, -71.0795006 42.3495151)",True,False,0.0,0.0,0.0,0.0,0.0,0.0,0.0
15426,322,4130,15426,"LINESTRING (-71.0817887 42.3488963, -71.080775 42.3491705)",True,False,0.0,0.0,0.0,0.0,0.0,0.0,0.0
15427,1076,1077,15427,"LINESTRING (-71.0808635 42.352282, -71.0804638 42.3514736)",True,False,0.0,0.0,0.0,0.0,0.0,0.0,0.0
15428,1077,338,15428,"LINESTRING (-71.0804638 42.3514736, -71.0802923 42.3511299)",True,False,0.0,0.0,0.0,0.0,0.0,0.0,0.0
15429,3646,3647,15429,"LINESTRING (-71.0798941 42.3503114, -71.0795006 42.3495151)",True,False,0.0,0.0,0.0,0.0,0.0,0.0,0.0
15430,3647,3754,15430,"LINESTRING (-71.0795006 42.3495151, -71.0791057 42.3487047)",True,False,0.0,0.0,0.0,0.0,0.0,0.0,0.0
15431,2854,2855,15431,"LINESTRING (-71.0781405 42.3517073, -71.0783103 42.352057)",True,False,0.0,0.0,0.0,0.0,0.0,0.0,0.0
15432,3531,4131,15432,"LINESTRING (-71.0752459 42.3458637, -71.0757142 42.3468187)",True,False,0.0,0.0,0.0,0.0,0.0,0.0,0.0
15433,4131,3531,15433,"LINESTRING (-71.0757142 42.3468187, -71.0752459 42.3458637)",True,False,0.0,0.0,0.0,0.0,0.0,0.0,0.0
15434,3531,4132,15434,"LINESTRING (-71.0752459 42.3458637, -71.0758447 42.3453776)",True,False,0.0,0.0,0.0,0.0,0.0,0.0,0.0
15435,4132,3531,15435,"LINESTRING (-71.0758447 42.3453776, -71.0752459 42.3458637)",True,False,0.0,0.0,0.0,0.0,0.0,0.0,0.0
15436,4131,3876,15436,"LINESTRING (-71.0757142 42.3468187, -71.0764202 42.3483129)",True,False,0.0,0.0,0.0,0.0,0.0,0.0,0.0
15437,3718,4131,15437,"LINESTRING (-71.0768521 42.3482085, -71.0757142 42.3468187)",True,False,0.0,0.0,0.0,0.0,0.0,0.0,0.0
15456,4132,4846,15456,"LINESTRING (-71.0758447 42.3453776, -71.0765129 42.3448344)",True,False,0.0,0.0,0.0,0.0,0.0,0.0,0.0
15457,4846,4132,15457,"LINESTRING (-71.0765129 42.3448344, -71.0758447 42.3453776)",True,False,0.0,0.0,0.0,0.0,0.0,0.0,0.0
15458,2174,3489,15458,"LINESTRING (-71.077347 42.3467203, -71.0770788 42.3481571)",True,False,0.0,0.0,0.0,0.0,0.0,0.0,0.0
15459,3489,3718,15459,"LINESTRING (-71.0770788 42.3481571, -71.0768521 42.3482085)",True,False,0.0,0.0,0.0,0.0,0.0,0.0,0.0
15460,3718,3876,15460,"LINESTRING (-71.0768521 42.3482085, -71.0764202 42.3483129)",True,False,0.0,0.0,0.0,0.0,0.0,0.0,0.0
15461,3529,3530,15461,"LINESTRING (-71.075095 42.3455496, -71.074872 42.3451154)",True,False,0.0,0.0,0.0,0.0,0.0,0.0,0.0
15462,3530,3529,15462,"LINESTRING (-71.074872 42.3451154, -71.075095 42.3455496)",True,False,0.0,0.0,0.0,0.0,0.0,0.0,0.0
15463,3530,4451,15463,"LINESTRING (-71.074872 42.3451154, -71.0747173 42.3447884)",True,False,0.0,0.0,0.0,0.0,0.0,0.0,0.0
15464,4451,3530,15464,"LINESTRING (-71.0747173 42.3447884, -71.074872 42.3451154)",True,False,0.0,0.0,0.0,0.0,0.0,0.0,0.0
15465,3531,4133,15465,"LINESTRING (-71.0752459 42.3458637, -71.0750007 42.3460542)",True,False,0.0,0.0,0.0,0.0,0.0,0.0,0.0
15466,4133,3531,15466,"LINESTRING (-71.0750007 42.3460542, -71.0752459 42.3458637)",True,False,0.0,0.0,0.0,0.0,0.0,0.0,0.0
15467,3529,3531,15467,"LINESTRING (-71.075095 42.3455496, -71.0752459 42.3458637)",True,False,0.0,0.0,0.0,0.0,0.0,0.0,0.0
15468,3531,3529,15468,"LINESTRING (-71.0752459 42.3458637, -71.075095 42.3455496)",True,False,0.0,0.0,0.0,0.0,0.0,0.0,0.0
15469,1203,1204,15469,"LINESTRING (-71.077345 42.3500907, -71.0777416 42.3508973)",True,False,0.0,0.0,0.0,0.0,0.0,0.0,0.0
15470,1203,1209,15470,"LINESTRING (-71.077345 42.3500907, -71.0752018 42.3506693)",True,False,0.0,0.0,0.0,0.0,0.0,0.0,0.0
15471,1947,1889,15471,"LINESTRING (-71.0748082 42.349859, -71.0758712 42.3495972)",True,False,0.0,0.0,0.0,0.0,0.0,0.0,0.0
15472,2863,2881,15472,"LINESTRING (-71.0759979 42.3522852, -71.0755997 42.3514778)",True,False,0.0,0.0,0.0,0.0,0.0,0.0,0.0
15473,1209,1947,15473,"LINESTRING (-71.0752018 42.3506693, -71.0748082 42.349859)",True,False,0.0,0.0,0.0,0.0,0.0,0.0,0.0
15474,2881,1204,15474,"LINESTRING (-71.0755997 42.3514778, -71.0777416 42.3508973)",True,False,0.0,0.0,0.0,0.0,0.0,0.0,0.0
15489,1889,1890,15489,"LINESTRING (-71.0758712 42.3495972, -71.076931 42.3492626)",True,False,0.0,0.0,0.0,0.0,0.0,0.0,0.0
15490,1890,1203,15490,"LINESTRING (-71.076931 42.3492626, -71.077345 42.3500907)",True,False,0.0,0.0,0.0,0.0,0.0,0.0,0.0
15491,4181,1813,15491,"LINESTRING (-71.0766878 42.3487797, -71.0771481 42.349076)",True,False,0.0,0.0,0.0,0.0,0.0,0.0,0.0
15492,4181,1890,15492,"LINESTRING (-71.0766878 42.3487797, -71.076931 42.3492626)",True,False,0.0,0.0,0.0,0.0,0.0,0.0,0.0
15493,1890,1813,15493,"LINESTRING (-71.076931 42.3492626, -71.0771481 42.349076)",True,False,0.0,0.0,0.0,0.0,0.0,0.0,0.0
15494,3877,4181,15494,"LINESTRING (-71.0766032 42.3486323, -71.0766878 42.3487797)",True,False,0.0,0.0,0.0,0.0,0.0,0.0,0.0
15495,2996,2863,15495,"LINESTRING (-71.0761697 42.3526346, -71.0759979 42.3522852)",True,False,0.0,0.0,0.0,0.0,0.0,0.0,0.0
15496,1947,1948,15496,"LINESTRING (-71.0748082 42.349859, -71.0743726 42.3489614)",True,False,0.0,0.0,0.0,0.0,0.0,0.0,0.0
15497,3878,1948,15497,"LINESTRING (-71.0753866 42.3486057, -71.0743726 42.3489614)",True,False,0.0,0.0,0.0,0.0,0.0,0.0,0.0
15502,2881,1209,15502,"LINESTRING (-71.0755997 42.3514778, -71.0752018 42.3506693)",True,False,0.0,0.0,0.0,0.0,0.0,0.0,0.0
15503,3043,2820,15503,"LINESTRING (-71.079818 42.3541717, -71.077213 42.3547514)",True,False,0.0,0.0,0.0,0.0,0.0,0.0,0.0
15504,3043,3038,15504,"LINESTRING (-71.079818 42.3541717, -71.0760917 42.3552779)",True,False,7.863386006391787,7.863386006391786,7.863385483380191,7.863385484596179,-5.230115958099191e-07,-5.217956076108976e-07,-8.881784197001252e-16
15505,2821,971,15505,"LINESTRING (-71.0769453 42.354224, -71.079118 42.3536377)",True,False,0.0,0.0,0.0,0.0,0.0,0.0,0.0
15514,971,972,15514,"LINESTRING (-71.079118 42.3536377, -71.0812627 42.3530596)",True,False,0.0,0.0,0.0,0.0,0.0,0.0,0.0
15515,2871,971,15515,"LINESTRING (-71.0787292 42.3528633, -71.079118 42.3536377)",True,False,0.0,0.0,0.0,0.0,0.0,0.0,0.0
15516,2450,2451,15516,"LINESTRING (-71.0750529 42.3553333, -71.0773323 42.3550278)",True,False,0.0,0.0,3.389931270861755e-10,2.6130743105227417e-10,3.389931270861755e-10,2.6130743105227417e-10,0.0
15517,2820,2821,15517,"LINESTRING (-71.077213 42.3547514, -71.0769453 42.354224)",True,False,0.0,0.0,0.0,0.0,0.0,0.0,0.0
15518,3033,3188,15518,"LINESTRING (-71.0744118 42.3540267, -71.0747905 42.3548037)",True,False,0.0,0.0,0.0,0.0,0.0,0.0,0.0
15519,3188,2821,15519,"LINESTRING (-71.0747905 42.3548037, -71.0769453 42.354224)",True,False,0.0,0.0,0.0,0.0,0.0,0.0,0.0
15532,2821,2995,15532,"LINESTRING (-71.0769453 42.354224, -71.0765683 42.3534421)",True,False,0.0,0.0,0.0,0.0,0.0,0.0,0.0
15537,3032,3033,15537,"LINESTRING (-71.0740146 42.3532141, -71.0744118 42.3540267)",True,False,0.0,0.0,0.0,0.0,0.0,0.0,0.0
15538,2882,3032,15538,"LINESTRING (-71.073844 42.3528677, -71.0740146 42.3532141)",True,False,0.0,0.0,0.0,0.0,0.0,0.0,0.0
15539,3188,2450,15539,"LINESTRING (-71.0747905 42.3548037, -71.0750529 42.3553333)",True,False,0.0,0.0,3.389931270861755e-10,2.6130743105227417e-10,3.389931270861755e-10,2.6130743105227417e-10,0.0
15540,2414,4170,15540,"LINESTRING (-71.0772427 42.3857683, -71.0751846 42.3846379)",True,False,0.0,0.0,0.0,0.0,0.0,0.0,0.0
15541,5048,5289,15541,"LINESTRING (-71.0750327 42.3850645, -71.0761368 42.3856861)",True,False,0.0,0.0,0.0,0.0,0.0,0.0,0.0
15550,1435,4144,15550,"LINESTRING (-71.0762553 42.383262, -71.0785172 42.3824982)",True,False,3.393024862908005,3.393024862908005,3.3930247615176516,3.3930247627925256,-1.0139035344636227e-07,-1.001154794622039e-07,0.0
15551,4144,1435,15551,"LINESTRING (-71.0785172 42.3824982, -71.0762553 42.383262)",True,False,11.121942726217497,11.121942726217496,11.121941023426476,11.121941024342483,-1.7027910210742903e-06,-1.701875014248344e-06,-1.7763568394002505e-15
15552,5012,5013,15552,"LINESTRING (-71.0808776 42.3821495, -71.0797425 42.3822865)",True,False,11.121942726217497,11.121942726217496,11.121941023426476,11.121941024342483,-1.7027910210742903e-06,-1.701875014248344e-06,-1.7763568394002505e-15
15553,5013,5012,15553,"LINESTRING (-71.0797425 42.3822865, -71.0808776 42.3821495)",True,False,3.393024862908005,3.393024862908005,3.3930247615176516,3.3930247627925256,-1.0139035344636227e-07,-1.001154794622039e-07,0.0
15554,4144,5107,15554,"LINESTRING (-71.0785172 42.3824982, -71.0792417 42.3823385)",True,False,3.393024862908005,3.393024862908005,3.3930247615176516,3.3930247627925256,-1.0139035344636227e-07,-1.001154794622039e-07,0.0
15555,5107,4144,15555,"LINESTRING (-71.0792417 42.3823385, -71.0785172 42.3824982)",True,False,11.121942726217497,11.121942726217496,11.121941023426476,11.121941024342483,-1.7027910210742903e-06,-1.701875014248344e-06,-1.7763568394002505e-15
15556,5540,5107,15556,"LINESTRING (-71.079586 42.3823008, -71.0792417 42.3823385)",True,False,11.121942726217497,11.121942726217496,11.121941023426476,11.121941024342483,-1.7027910210742903e-06,-1.701875014248344e-06,-1.7763568394002505e-15
15557,5107,5540,15557,"LINESTRING (-71.0792417 42.3823385, -71.079586 42.3823008)",True,False,3.393024862908005,3.393024862908005,3.3930247615176516,3.3930247627925256,-1.0139035344636227e-07,-1.001154794622039e-07,0.0
15558,5013,5540,15558,"LINESTRING (-71.0797425 42.3822865, -71.079586 42.3823008)",True,False,11.121942726217497,11.121942726217496,11.121941023426476,11.121941024342483,-1.7027910210742903e-06,-1.701875014248344e-06,-1.7763568394002505e-15
15559,5540,5013,15559,"LINESTRING (-71.079586 42.3823008, -71.0797425 42.3822865)",True,False,3.393024862908005,3.393024862908005,3.3930247615176516,3.3930247627925256,-1.0139035344636227e-07,-1.001154794622039e-07,0.0
15560,1433,1435,15560,"LINESTRING (-71.0753958 42.3835702, -71.0762553 42.383262)",True,False,3.393024862908005,3.393024862908005,3.3930247615176516,3.3930247627925256,-1.0139035344636227e-07,-1.001154794622039e-07,0.0
15561,1435,1433,15561,"LINESTRING (-71.0762553 42.383262, -71.0753958 42.3835702)",True,False,11.121942726217497,11.121942726217496,11.121941023426476,11.121941024342483,-1.7027910210742903e-06,-1.701875014248344e-06,-1.7763568394002505e-15
15562,1434,4222,15562,"LINESTRING (-71.0752489 42.383626, -71.0739132 42.3839834)",True,False,11.121942726217497,11.121942726217496,11.121941023426476,11.121941024342483,-1.7027910210742903e-06,-1.701875014248344e-06,-1.7763568394002505e-15
15563,4195,5048,15563,"LINESTRING (-71.073839 42.3847426, -71.0750327 42.3850645)",True,False,0.0,0.0,0.0,0.0,0.0,0.0,0.0
15564,5047,5049,15564,"LINESTRING (-71.0739702 42.3844848, -71.0743096 42.3840436)",True,False,3.393024862908005,3.393024862908005,3.3930247615176516,3.3930247627925256,-1.0139035344636227e-07,-1.001154794622039e-07,0.0
15565,5047,4222,15565,"LINESTRING (-71.0739702 42.3844848, -71.0739132 42.3839834)",True,False,0.0,0.0,0.0,0.0,0.0,0.0,0.0
15566,4170,5049,15566,"LINESTRING (-71.0751846 42.3846379, -71.0743096 42.3840436)",True,False,0.0,0.0,0.0,0.0,0.0,0.0,0.0
15567,5049,1434,15567,"LINESTRING (-71.0743096 42.3840436, -71.0752489 42.383626)",True,False,3.393024862908005,3.393024862908005,3.3930247615176516,3.3930247627925256,-1.0139035344636227e-07,-1.001154794622039e-07,0.0
15568,1433,1434,15568,"LINESTRING (-71.0753958 42.3835702, -71.0752489 42.383626)",True,False,11.121942726217497,11.121942726217496,11.121941023426476,11.121941024342483,-1.7027910210742903e-06,-1.701875014248344e-06,-1.7763568394002505e-15
15569,1434,1433,15569,"LINESTRING (-71.0752489 42.383626, -71.0753958 42.3835702)",True,False,3.393024862908005,3.393024862908005,3.3930247615176516,3.3930247627925256,-1.0139035344636227e-07,-1.001154794622039e-07,0.0
15570,5049,4222,15570,"LINESTRING (-71.0743096 42.3840436, -71.0739132 42.3839834)",True,False,0.0,0.0,0.0,0.0,0.0,0.0,0.0
15571,4222,4663,15571,"LINESTRING (-71.0739132 42.3839834, -71.0738144 42.3839193)",True,False,11.121942726217497,11.121942726217496,11.121941023426476,11.121941024342483,-1.7027910210742903e-06,-1.701875014248344e-06,-1.7763568394002505e-15
15572,4195,5047,15572,"LINESTRING (-71.073839 42.3847426, -71.0739702 42.3844848)",True,False,3.393024862908005,3.393024862908005,3.3930247615176516,3.3930247627925256,-1.0139035344636227e-07,-1.001154794622039e-07,0.0
15581,4196,2413,15581,"LINESTRING (-71.0775906 42.3858659, -71.0773348 42.3857947)",True,False,0.0,0.0,0.0,0.0,0.0,0.0,0.0
15582,2413,2414,15582,"LINESTRING (-71.0773348 42.3857947, -71.0772427 42.3857683)",True,False,0.0,0.0,0.0,0.0,0.0,0.0,0.0
15583,5289,5290,15583,"LINESTRING (-71.0761368 42.3856861, -71.076591 42.3860977)",True,False,0.0,0.0,0.0,0.0,0.0,0.0,0.0
15584,947,948,15584,"LINESTRING (-71.0573218 42.3616868, -71.0575896 42.361535)",True,False,0.0,0.0,2.0813842721220587e-10,2.2062505827082697e-10,2.0813842721220587e-10,2.2062505827082697e-10,0.0
15585,948,947,15585,"LINESTRING (-71.0575896 42.361535, -71.0573218 42.3616868)",True,False,25.46710080260246,25.467100802602456,25.467100498104447,25.467100496952966,-3.0449801258214393e-07,-3.05649493270721e-07,-3.552713678800501e-15
15586,1020,1022,15586,"LINESTRING (-71.0575887 42.353411, -71.0568689 42.3532315)",True,False,6.082156115965258,6.082156115965258,6.082155699204185,6.0821556985638265,-4.1676107276344965e-07,-4.1740143164048504e-07,0.0
15587,1022,1020,15587,"LINESTRING (-71.0568689 42.3532315, -71.0575887 42.353411)",True,False,0.0,0.0,5.01701151177154e-10,3.393036525177619e-10,5.01701151177154e-10,3.393036525177619e-10,0.0
15588,1253,1254,15588,"LINESTRING (-71.0642375 42.3533846, -71.064556 42.3523719)",True,False,0.0,0.0,0.0,0.0,0.0,0.0,0.0
15589,1065,1387,15589,"LINESTRING (-71.0674872 42.3525186, -71.067575 42.3527872)",True,False,0.0,0.0,0.0,0.0,0.0,0.0,0.0
15590,1487,1488,15590,"LINESTRING (-71.0573423 42.3554387, -71.0575027 42.3551036)",True,False,0.0,0.0,0.0,0.0,0.0,0.0,0.0
15591,1488,1487,15591,"LINESTRING (-71.0575027 42.3551036, -71.0573423 42.3554387)",True,False,0.0,0.0,5.01701151177154e-10,3.393036525177619e-10,5.01701151177154e-10,3.393036525177619e-10,0.0
15592,1487,1492,15592,"LINESTRING (-71.0573423 42.3554387, -71.0579722 42.3554982)",True,False,35.47038121607242,35.47038121607242,35.470378597037076,35.47037859579169,-2.619035342377174e-06,-2.6202807248409954e-06,0.0
15593,1487,1494,15593,"LINESTRING (-71.0573423 42.3554387, -71.0580756 42.3554133)",True,False,0.0,0.0,9.731933367292944e-10,2.497707759951322e-09,9.731933367292944e-10,2.497707759951322e-09,0.0
15594,1816,1387,15594,"LINESTRING (-71.0691922 42.3522739, -71.067575 42.3527872)",True,False,0.0,0.0,0.0,0.0,0.0,0.0,0.0
15595,2030,2033,15595,"LINESTRING (-71.0568043 42.3588803, -71.0578304 42.3588328)",True,False,3.4843078114273083,3.4843078114273083,3.4843077970528933,3.4843077976949575,-1.4374414991635831e-08,-1.373235081203461e-08,0.0
15596,2048,2050,15596,"LINESTRING (-71.0484087 42.3531322, -71.0466711 42.3522566)",True,False,0.0,0.0,0.0,0.0,0.0,0.0,0.0
15597,2048,2052,15597,"LINESTRING (-71.0484087 42.3531322, -71.0495583 42.3516179)",True,False,0.0,0.0,0.0,0.0,0.0,0.0,0.0
15598,2052,2048,15598,"LINESTRING (-71.0495583 42.3516179, -71.0484087 42.3531322)",True,False,0.0,0.0,0.0,0.0,0.0,0.0,0.0
15599,2170,2172,15599,"LINESTRING (-71.0627832 42.3466799, -71.0514905 42.3476898)",True,False,0.0,0.0,0.0,0.0,0.0,0.0,0.0
15600,2189,2166,15600,"LINESTRING (-71.056257 42.3529172, -71.0579946 42.3523784)",True,False,0.0,0.0,0.0,0.0,0.0,0.0,0.0
15601,2189,2191,15601,"LINESTRING (-71.056257 42.3529172, -71.0554434 42.3525863)",True,False,0.0,0.0,0.0,0.0,0.0,0.0,0.0
15602,2254,2255,15602,"LINESTRING (-71.0611435 42.3525241, -71.0607 42.3531531)",True,False,16.35060761192667,16.35060761192667,16.35060687502468,16.350606876398814,-7.369019883185501e-07,-7.35527855511009e-07,0.0
15603,2696,2697,15603,"LINESTRING (-71.057507 42.362771, -71.0569466 42.363206)",True,False,0.0,0.0,1.116908824051302e-09,3.9100150788141226e-09,1.116908824051302e-09,3.9100150788141226e-09,0.0
15604,2696,2698,15604,"LINESTRING (-71.057507 42.362771, -71.0565069 42.3621519)",True,False,18.424692318802542,18.424692318802542,18.42469043493109,18.424690434867255,-1.883871451724417e-06,-1.8839352868837977e-06,0.0
15605,2886,2887,15605,"LINESTRING (-71.0571994 42.3633766, -71.0576726 42.3638137)",True,False,3.393024862908005,3.393024862908005,3.3930247616977867,3.393024762819615,-1.0121021842834921e-07,-1.0008839002040304e-07,0.0
15606,2921,2922,15606,"LINESTRING (-71.0452802 42.3527032, -71.0441536 42.3521768)",True,False,0.0,0.0,0.0,0.0,0.0,0.0,0.0
15607,2922,2921,15607,"LINESTRING (-71.0441536 42.3521768, -71.0452802 42.3527032)",True,False,0.0,0.0,0.0,0.0,0.0,0.0,0.0
15608,2984,2989,15608,"LINESTRING (-71.0536274 42.3536759, -71.0522542 42.3523636)",True,False,0.0,0.0,0.0,0.0,0.0,0.0,0.0
15609,2989,2984,15609,"LINESTRING (-71.0522542 42.3523636, -71.0536274 42.3536759)",True,False,0.0,0.0,0.0,0.0,0.0,0.0,0.0
15610,2697,3018,15610,"LINESTRING (-71.0569466 42.363206, -71.0584049 42.3645361)",True,False,0.0,0.0,0.0,0.0,0.0,0.0,0.0
15611,3075,3076,15611,"LINESTRING (-71.0584723 42.3640952, -71.0564242 42.3620201)",True,False,3.454757289738468,3.4547572897384677,3.454756899626088,3.4547568998662173,-3.901123801774986e-07,-3.8987225092768085e-07,-4.440892098500626e-16
15612,3075,3073,15612,"LINESTRING (-71.0584723 42.3640952, -71.0541664 42.361184)",True,False,0.0,0.0,0.0,0.0,0.0,0.0,0.0
15613,3117,3119,15613,"LINESTRING (-71.0572786 42.3473409, -71.0599903 42.3482132)",True,False,0.0,0.0,0.0,0.0,0.0,0.0,0.0
15614,3148,3118,15614,"LINESTRING (-71.0586745 42.3465771, -71.0568433 42.3495345)",True,False,0.0,0.0,0.0,0.0,0.0,0.0,0.0
15615,3149,3150,15615,"LINESTRING (-71.0558522 42.3518403, -71.0515094 42.358289)",True,False,0.0,0.0,0.0,0.0,0.0,0.0,0.0
15616,2171,3151,15616,"LINESTRING (-71.0603043 42.3463574, -71.0570743 42.3495396)",True,False,3.826407327875154,3.826407327875154,3.8264070363719394,3.826407036838526,-2.915032144557017e-07,-2.9103662768648064e-07,0.0
15617,3055,3283,15617,"LINESTRING (-71.0710974 42.3526851, -71.0706879 42.3519033)",True,False,3.672305889785703,3.6723058897857026,3.672305723191004,3.672305723859928,-1.6659469892488232e-07,-1.6592577489760174e-07,-4.440892098500626e-16
15618,3055,3739,15618,"LINESTRING (-71.0710974 42.3526851, -71.0734488 42.35206)",True,False,0.0,0.0,0.0,0.0,0.0,0.0,0.0
15619,4034,1181,15619,"LINESTRING (-71.0578211 42.3567404, -71.0573229 42.3567508)",True,False,6.508237767338373,6.508237767338373,6.508237418608049,6.508237418789228,-3.487303237292849e-07,-3.485491451016287e-07,0.0
15620,1181,4034,15620,"LINESTRING (-71.0573229 42.3567508, -71.0578211 42.3567404)",True,False,0.0,0.0,0.0,0.0,0.0,0.0,0.0
15621,3526,3151,15621,"LINESTRING (-71.0604907 42.3444993, -71.0570743 42.3495396)",True,False,13.32479534721616,13.32479534721616,13.3247947579446,13.324794758140566,-5.892715595479103e-07,-5.890755936377445e-07,0.0
15622,3525,4070,15622,"LINESTRING (-71.057419 42.3429263, -71.0571397 42.3428537)",True,False,0.0,0.0,0.0,0.0,0.0,0.0,0.0
15623,4068,4072,15623,"LINESTRING (-71.0594329 42.3528086, -71.0593955 42.3525232)",True,False,0.0,0.0,0.0,0.0,0.0,0.0,0.0
15624,4113,3162,15624,"LINESTRING (-71.0513608 42.3559896, -71.0596067 42.3502956)",True,False,0.0,0.0,0.0,0.0,0.0,0.0,0.0
15625,4142,3158,15625,"LINESTRING (-71.0571623 42.3526969, -71.060055 42.3492335)",True,False,0.0,0.0,0.0,0.0,0.0,0.0,0.0
15626,3168,3098,15626,"LINESTRING (-71.0616553 42.3426374, -71.0501069 42.3477204)",True,False,0.0,0.0,0.0,0.0,0.0,0.0,0.0
15627,3166,3149,15627,"LINESTRING (-71.0580038 42.3478072, -71.0558522 42.3518403)",True,False,0.0,0.0,0.0,0.0,0.0,0.0,0.0
15628,4154,3495,15628,"LINESTRING (-71.0559066 42.3623193, -71.058031 42.363752)",True,False,0.0,0.0,0.0,0.0,0.0,0.0,0.0
15629,4154,3018,15629,"LINESTRING (-71.0559066 42.3623193, -71.0584049 42.3645361)",True,False,0.0,0.0,0.0,0.0,0.0,0.0,0.0
15630,3491,3070,15630,"LINESTRING (-71.0579016 42.3633636, -71.0541935 42.3624099)",True,False,0.0,0.0,0.0,0.0,0.0,0.0,0.0
15631,3491,3073,15631,"LINESTRING (-71.0579016 42.3633636, -71.0541664 42.361184)",True,False,3.716579546040663,3.7165795460406628,3.7165791862221544,3.716579186977793,-3.5981850876609656e-07,-3.590628701033438e-07,-4.440892098500626e-16
15632,2953,4202,15632,"LINESTRING (-71.058525 42.3624242, -71.0572906 42.3602293)",True,False,0.0,0.0,2.0547428177015637e-09,3.3240194119110593e-09,2.0547428177015637e-09,3.3240194119110593e-09,0.0
15633,3151,4165,15633,"LINESTRING (-71.0570743 42.3495396, -71.0576468 42.3497119)",True,False,0.0,0.0,0.0,0.0,0.0,0.0,0.0
15634,4301,3128,15634,"LINESTRING (-71.0519782 42.3593564, -71.0582568 42.3642133)",True,False,0.0,0.0,0.0,0.0,0.0,0.0,0.0
15635,4325,4327,15635,"LINESTRING (-71.0528422 42.3514816, -71.0553737 42.3526682)",True,False,0.0,0.0,0.0,0.0,0.0,0.0,0.0
15636,2191,4327,15636,"LINESTRING (-71.0554434 42.3525863, -71.0553737 42.3526682)",True,False,17.151202675091312,17.151202675091312,17.151201794777883,17.15120179639894,-8.80313429263424e-07,-8.786923721970652e-07,0.0
15637,3513,2048,15637,"LINESTRING (-71.0465838 42.3523448, -71.0484087 42.3531322)",True,False,0.0,0.0,0.0,0.0,0.0,0.0,0.0
15638,4517,3699,15638,"LINESTRING (-71.0572083 42.3432573, -71.0574666 42.3431782)",True,False,0.0,0.0,0.0,0.0,0.0,0.0,0.0
15639,3041,3152,15639,"LINESTRING (-71.0483372 42.3482859, -71.062511 42.3467439)",True,False,0.0,0.0,0.0,0.0,0.0,0.0,0.0
15640,4862,948,15640,"LINESTRING (-71.0571626 42.3603195, -71.0575896 42.361535)",True,False,25.46710080260246,25.467100802602456,25.467100499646733,25.467100500970815,-3.0295572628347145e-07,-3.016316441062372e-07,-3.552713678800501e-15
15641,3519,3151,15641,"LINESTRING (-71.0580022 42.349754, -71.0570743 42.3495396)",True,False,0.0,0.0,4.613413086134429e-10,1.4198475927344945e-09,4.613413086134429e-10,1.4198475927344945e-09,0.0
15642,3749,3142,15642,"LINESTRING (-71.0571022 42.3415878, -71.0618035 42.3428209)",True,False,0.0,0.0,0.0,0.0,0.0,0.0,0.0
15643,3142,3749,15643,"LINESTRING (-71.0618035 42.3428209, -71.0571022 42.3415878)",True,False,0.0,0.0,0.0,0.0,0.0,0.0,0.0
15644,2166,2053,15644,"LINESTRING (-71.0579946 42.3523784, -71.0513407 42.3574484)",True,False,0.0,0.0,0.0,0.0,0.0,0.0,0.0
15645,2166,4254,15645,"LINESTRING (-71.0579946 42.3523784, -71.0578562 42.3532515)",True,False,6.082156115965258,6.082156115965258,6.082155699204185,6.0821556985638265,-4.1676107276344965e-07,-4.1740143164048504e-07,0.0
15646,2166,3729,15646,"LINESTRING (-71.0579946 42.3523784, -71.0571438 42.3521136)",True,False,0.0,0.0,0.0,0.0,0.0,0.0,0.0
15647,4261,3129,15647,"LINESTRING (-71.05492 42.3627517, -71.058956 42.3652195)",True,False,0.0,0.0,0.0,0.0,0.0,0.0,0.0
15648,4833,5245,15648,"LINESTRING (-71.0580876 42.3672426, -71.057398 42.367754)",True,False,0.0,0.0,0.0,0.0,0.0,0.0,0.0
15649,5245,4833,15649,"LINESTRING (-71.057398 42.367754, -71.0580876 42.3672426)",True,False,0.0,0.0,0.0,0.0,0.0,0.0,0.0
15650,5404,1180,15650,"LINESTRING (-71.058094 42.357663, -71.057332 42.35758)",True,False,37.825663807353884,37.825663807353884,37.825662273607726,37.82566227295408,-1.5337461576336864e-06,-1.5343998072125942e-06,0.0
15651,2545,1997,15651,"LINESTRING (-71.0625912 42.3523923, -71.062537 42.353099)",True,False,0.0,0.0,0.0,0.0,0.0,0.0,0.0
15652,4070,3699,15652,"LINESTRING (-71.0571397 42.3428537, -71.0574666 42.3431782)",True,False,0.0,0.0,0.0,0.0,0.0,0.0,0.0
15861,672,673,15861,"LINESTRING (-71.0659884 42.3439571, -71.065351 42.344987)",True,False,6.170063954802594,6.170063954802594,6.170063732709576,6.170063733146179,-2.2209301775433232e-07,-2.216564150003819e-07,0.0
15862,673,672,15862,"LINESTRING (-71.065351 42.344987, -71.0659884 42.3439571)",True,False,0.0,0.0,0.0,0.0,0.0,0.0,0.0
15863,682,684,15863,"LINESTRING (-71.0658557 42.3423234, -71.0650509 42.3429404)",True,False,0.0,0.0,0.0,0.0,0.0,0.0,0.0
15864,684,682,15864,"LINESTRING (-71.0650509 42.3429404, -71.0658557 42.3423234)",True,False,0.0,0.0,0.0,0.0,0.0,0.0,0.0
15865,1066,1067,15865,"LINESTRING (-71.0660745 42.3510969, -71.0649214 42.3510876)",True,False,12.59039388330363,12.59039388330363,12.590393117061513,12.590393118176344,-7.662421168674882e-07,-7.651272859732217e-07,0.0
15866,1067,1066,15866,"LINESTRING (-71.0649214 42.3510876, -71.0660745 42.3510969)",True,False,0.0,0.0,0.0,0.0,0.0,0.0,0.0
15867,1135,672,15867,"LINESTRING (-71.0653858 42.3437853, -71.0659884 42.3439571)",True,False,0.0,0.0,0.0,0.0,0.0,0.0,0.0
15868,1065,1254,15868,"LINESTRING (-71.0674872 42.3525186, -71.064556 42.3523719)",True,False,3.672305889785703,3.6723058897857026,3.6723057249191173,3.672305725059967,-1.6486658571679413e-07,-1.6472573616255204e-07,-4.440892098500626e-16
15869,2615,2616,15869,"LINESTRING (-71.064643 42.3472424, -71.0731211 42.3479619)",True,False,0.0,0.0,0.0,0.0,0.0,0.0,0.0
15870,2878,2879,15870,"LINESTRING (-71.0710541 42.3442865, -71.0705715 42.3445456)",True,False,0.0,0.0,0.0,0.0,0.0,0.0,0.0
15871,2879,2878,15871,"LINESTRING (-71.0705715 42.3445456, -71.0710541 42.3442865)",True,False,0.0,0.0,0.0,0.0,0.0,0.0,0.0
15872,3134,3135,15872,"LINESTRING (-71.0606741 42.3442695, -71.0596361 42.347793)",True,False,0.0,0.0,0.0,0.0,0.0,0.0,0.0
15873,3134,3132,15873,"LINESTRING (-71.0606741 42.3442695, -71.0598062 42.347632)",True,False,0.0,0.0,0.0,0.0,0.0,0.0,0.0
15874,3143,3145,15874,"LINESTRING (-71.0612333 42.3438532, -71.0602224 42.3456133)",True,False,0.0,0.0,0.0,0.0,0.0,0.0,0.0
15875,3143,3135,15875,"LINESTRING (-71.0612333 42.3438532, -71.0596361 42.347793)",True,False,0.0,0.0,0.0,0.0,0.0,0.0,0.0
15876,2284,3166,15876,"LINESTRING (-71.0631585 42.3403832, -71.0580038 42.3478072)",True,False,0.0,0.0,0.0,0.0,0.0,0.0,0.0
15877,3487,3145,15877,"LINESTRING (-71.0621278 42.3425587, -71.0602224 42.3456133)",True,False,0.0,0.0,0.0,0.0,0.0,0.0,0.0
15878,3487,3132,15878,"LINESTRING (-71.0621278 42.3425587, -71.0598062 42.347632)",True,False,0.0,0.0,0.0,0.0,0.0,0.0,0.0
15879,3144,3526,15879,"LINESTRING (-71.0611286 42.3438294, -71.0604907 42.3444993)",True,False,13.32479534721616,13.32479534721616,13.3247947579446,13.324794758140566,-5.892715595479103e-07,-5.890755936377445e-07,0.0
15880,3119,3156,15880,"LINESTRING (-71.0599903 42.3482132, -71.0616515 42.3441847)",True,False,0.0,0.0,0.0,0.0,0.0,0.0,0.0
15881,3586,3587,15881,"LINESTRING (-71.066494 42.338493, -71.0655145 42.3391794)",True,False,0.0,0.0,0.0,0.0,0.0,0.0,0.0
15882,3587,3586,15882,"LINESTRING (-71.0655145 42.3391794, -71.066494 42.338493)",True,False,0.0,0.0,0.0,0.0,0.0,0.0,0.0
15883,3599,3535,15883,"LINESTRING (-71.0723749 42.3448789, -71.0720043 42.3441214)",True,False,0.0,0.0,0.0,0.0,0.0,0.0,0.0
15884,1037,3757,15884,"LINESTRING (-71.0655366 42.3486287, -71.0665861 42.3487899)",True,False,0.0,0.0,0.0,0.0,0.0,0.0,0.0
15885,3757,1037,15885,"LINESTRING (-71.0665861 42.3487899, -71.0655366 42.3486287)",True,False,0.0,0.0,0.0,0.0,0.0,0.0,0.0
15886,1037,3758,15886,"LINESTRING (-71.0655366 42.3486287, -71.0657086 42.3476789)",True,False,0.0,0.0,0.0,0.0,0.0,0.0,0.0
15887,3159,3156,15887,"LINESTRING (-71.0605559 42.347243, -71.0616515 42.3441847)",True,False,0.0,0.0,0.0,0.0,0.0,0.0,0.0
15888,4497,4498,15888,"LINESTRING (-71.0640193 42.3444913, -71.0643452 42.3434935)",True,False,0.0,0.0,0.0,0.0,0.0,0.0,0.0
15889,4623,3758,15889,"LINESTRING (-71.064476 42.3473479, -71.0657086 42.3476789)",True,False,0.0,0.0,0.0,0.0,0.0,0.0,0.0
15890,3154,3157,15890,"LINESTRING (-71.0612743 42.345948, -71.06281 42.3418534)",True,False,0.0,0.0,0.0,0.0,0.0,0.0,0.0
15891,3154,3146,15891,"LINESTRING (-71.0612743 42.345948, -71.0620686 42.3440436)",True,False,0.0,0.0,0.0,0.0,0.0,0.0,0.0
15892,674,4464,15892,"LINESTRING (-71.0670567 42.3443169, -71.0698264 42.345277)",True,False,12.59039388330363,12.59039388330363,12.590393118789626,12.590393119376383,-7.645140041034892e-07,-7.639272467940827e-07,0.0
15893,4999,3587,15893,"LINESTRING (-71.0684272 42.3401342, -71.0655145 42.3391794)",True,False,13.32479534721616,13.32479534721616,13.3247947579446,13.324794758140566,-5.892715595479103e-07,-5.890755936377445e-07,0.0
15894,3587,4999,15894,"LINESTRING (-71.0655145 42.3391794, -71.0684272 42.3401342)",True,False,0.0,0.0,0.0,0.0,0.0,0.0,0.0
15895,4498,4514,15895,"LINESTRING (-71.0643452 42.3434935, -71.0638682 42.3444566)",True,False,0.0,0.0,0.0,0.0,0.0,0.0,0.0
15896,5367,3541,15896,"LINESTRING (-71.0658712 42.3469014, -71.0645883 42.3466234)",True,False,0.0,0.0,0.0,0.0,0.0,0.0,0.0
15897,5368,674,15897,"LINESTRING (-71.0660169 42.3464771, -71.0670567 42.3443169)",True,False,0.0,0.0,0.0,0.0,0.0,0.0,0.0
15986,2576,2577,15986,"LINESTRING (-71.070707 42.34079, -71.0696323 42.3413335)",True,False,6.170063954802594,6.170063954802594,6.170063732709576,6.170063733146179,-2.2209301775433232e-07,-2.216564150003819e-07,0.0
15987,2577,2576,15987,"LINESTRING (-71.0696323 42.3413335, -71.070707 42.34079)",True,False,0.0,0.0,0.0,0.0,0.0,0.0,0.0
15988,2576,2580,15988,"LINESTRING (-71.070707 42.34079, -71.0686447 42.3401648)",True,False,13.32479534721616,13.32479534721616,13.3247947579446,13.324794758140566,-5.892715595479103e-07,-5.890755936377445e-07,0.0
15989,2580,2576,15989,"LINESTRING (-71.0686447 42.3401648, -71.070707 42.34079)",True,False,0.0,0.0,0.0,0.0,0.0,0.0,0.0
15990,4575,4576,15990,"LINESTRING (-71.069865 42.3425695, -71.0691374 42.3429909)",True,False,12.59039388330363,12.59039388330363,12.590393118789626,12.590393119376383,-7.645140041034892e-07,-7.639272467940827e-07,0.0
15991,4978,2580,15991,"LINESTRING (-71.0680243 42.3406396, -71.0686447 42.3401648)",True,False,0.0,0.0,0.0,0.0,0.0,0.0,0.0
15992,2580,4978,15992,"LINESTRING (-71.0686447 42.3401648, -71.0680243 42.3406396)",True,False,0.0,0.0,0.0,0.0,0.0,0.0,0.0
15993,4992,4993,15993,"LINESTRING (-71.0703315 42.3388233, -71.0696935 42.339326)",True,False,0.0,0.0,0.0,0.0,0.0,0.0,0.0
15994,4993,4992,15994,"LINESTRING (-71.0696935 42.339326, -71.0703315 42.3388233)",True,False,0.0,0.0,0.0,0.0,0.0,0.0,0.0
15995,2217,804,15995,"LINESTRING (-71.0709521 42.338317, -71.0693236 42.3369426)",True,False,0.0,0.0,0.0,0.0,0.0,0.0,0.0
15996,2578,5039,15996,"LINESTRING (-71.071089 42.340539, -71.071826 42.340056)",True,False,0.0,0.0,0.0,0.0,0.0,0.0,0.0
15997,5039,2578,15997,"LINESTRING (-71.071826 42.340056, -71.071089 42.340539)",True,False,19.494859302018753,19.494859302018753,19.494858490654178,19.494858491286745,-8.113645755258858e-07,-8.10732007749948e-07,0.0
16034,2215,2216,16034,"LINESTRING (-71.0714698 42.3379037, -71.0719795 42.3374934)",True,False,0.0,0.0,0.0,0.0,0.0,0.0,0.0
16035,2216,2215,16035,"LINESTRING (-71.0719795 42.3374934, -71.0714698 42.3379037)",True,False,0.0,0.0,0.0,0.0,0.0,0.0,0.0
16036,2215,2217,16036,"LINESTRING (-71.0714698 42.3379037, -71.0709521 42.338317)",True,False,0.0,0.0,0.0,0.0,0.0,0.0,0.0
16037,2217,2215,16037,"LINESTRING (-71.0709521 42.338317, -71.0714698 42.3379037)",True,False,0.0,0.0,0.0,0.0,0.0,0.0,0.0
16038,1386,2216,16038,"LINESTRING (-71.0710941 42.3367555, -71.0719795 42.3374934)",True,False,0.0,0.0,0.0,0.0,0.0,0.0,0.0
16039,4985,3604,16039,"LINESTRING (-71.072667 42.3380752, -71.07363 42.338869)",True,False,0.0,0.0,0.0,0.0,0.0,0.0,0.0
16040,5038,3608,16040,"LINESTRING (-71.072504 42.339615, -71.0715652 42.3388262)",True,False,0.0,0.0,0.0,0.0,0.0,0.0,0.0
16041,4941,3579,16041,"LINESTRING (-71.0725949 42.336968, -71.0732289 42.3364813)",True,False,0.0,0.0,0.0,0.0,0.0,0.0,0.0
16042,3579,4941,16042,"LINESTRING (-71.0732289 42.3364813, -71.0725949 42.336968)",True,False,0.0,0.0,0.0,0.0,0.0,0.0,0.0
16043,4941,2216,16043,"LINESTRING (-71.0725949 42.336968, -71.0719795 42.3374934)",True,False,0.0,0.0,0.0,0.0,0.0,0.0,0.0
16044,2216,4941,16044,"LINESTRING (-71.0719795 42.3374934, -71.0725949 42.336968)",True,False,0.0,0.0,0.0,0.0,0.0,0.0,0.0
16045,2216,4985,16045,"LINESTRING (-71.0719795 42.3374934, -71.072667 42.3380752)",True,False,0.0,0.0,0.0,0.0,0.0,0.0,0.0
16046,5038,3604,16046,"LINESTRING (-71.072504 42.339615, -71.07363 42.338869)",True,False,0.0,0.0,0.0,0.0,0.0,0.0,0.0
16047,3604,5038,16047,"LINESTRING (-71.07363 42.338869, -71.072504 42.339615)",True,False,0.0,0.0,0.0,0.0,0.0,0.0,0.0
16048,5038,5039,16048,"LINESTRING (-71.072504 42.339615, -71.071826 42.340056)",True,False,0.0,0.0,0.0,0.0,0.0,0.0,0.0
16049,5039,5038,16049,"LINESTRING (-71.071826 42.340056, -71.072504 42.339615)",True,False,0.0,0.0,0.0,0.0,0.0,0.0,0.0
16050,4992,2217,16050,"LINESTRING (-71.0703315 42.3388233, -71.0709521 42.338317)",True,False,0.0,0.0,0.0,0.0,0.0,0.0,0.0
16051,2217,4992,16051,"LINESTRING (-71.0709521 42.338317, -71.0703315 42.3388233)",True,False,0.0,0.0,0.0,0.0,0.0,0.0,0.0
16052,3608,2217,16052,"LINESTRING (-71.0715652 42.3388262, -71.0709521 42.338317)",True,False,0.0,0.0,0.0,0.0,0.0,0.0,0.0
16053,2576,2579,16053,"LINESTRING (-71.070707 42.34079, -71.0720464 42.3413062)",True,False,0.0,0.0,0.0,0.0,0.0,0.0,0.0
16054,2579,2576,16054,"LINESTRING (-71.0720464 42.3413062, -71.070707 42.34079)",True,False,0.0,0.0,0.0,0.0,0.0,0.0,0.0
16055,2579,4461,16055,"LINESTRING (-71.0720464 42.3413062, -71.0734069 42.3424408)",True,False,0.0,0.0,0.0,0.0,0.0,0.0,0.0
16056,4461,2579,16056,"LINESTRING (-71.0734069 42.3424408, -71.0720464 42.3413062)",True,False,0.0,0.0,0.0,0.0,0.0,0.0,0.0
16057,2579,4963,16057,"LINESTRING (-71.0720464 42.3413062, -71.0715902 42.3415743)",True,False,0.0,0.0,0.0,0.0,0.0,0.0,0.0
16058,3536,2880,16058,"LINESTRING (-71.0718288 42.3438565, -71.0715455 42.3439999)",True,False,0.0,0.0,0.0,0.0,0.0,0.0,0.0
16059,2880,3536,16059,"LINESTRING (-71.0715455 42.3439999, -71.0718288 42.3438565)",True,False,0.0,0.0,0.0,0.0,0.0,0.0,0.0
16060,5315,4575,16060,"LINESTRING (-71.070602 42.3421548, -71.069865 42.3425695)",True,False,0.0,0.0,0.0,0.0,0.0,0.0,0.0
16085,4964,4960,16085,"LINESTRING (-71.072751 42.340841, -71.073434 42.340396)",True,False,0.0,0.0,0.0,0.0,0.0,0.0,0.0
16092,2579,4964,16092,"LINESTRING (-71.0720464 42.3413062, -71.072751 42.340841)",True,False,0.0,0.0,0.0,0.0,0.0,0.0,0.0
16093,4971,2277,16093,"LINESTRING (-71.072314 42.343608, -71.0731463 42.3431704)",True,False,0.0,0.0,0.0,0.0,0.0,0.0,0.0
16094,2277,4971,16094,"LINESTRING (-71.0731463 42.3431704, -71.072314 42.343608)",True,False,0.0,0.0,0.0,0.0,0.0,0.0,0.0
16095,2276,2277,16095,"LINESTRING (-71.0737733 42.342828, -71.0731463 42.3431704)",True,False,0.0,0.0,0.0,0.0,0.0,0.0,0.0
16096,2277,2276,16096,"LINESTRING (-71.0731463 42.3431704, -71.0737733 42.342828)",True,False,0.0,0.0,0.0,0.0,0.0,0.0,0.0
16097,2276,2279,16097,"LINESTRING (-71.0737733 42.342828, -71.0734704 42.3424894)",True,False,0.0,0.0,0.0,0.0,0.0,0.0,0.0
16098,2279,2276,16098,"LINESTRING (-71.0734704 42.3424894, -71.0737733 42.342828)",True,False,0.0,0.0,0.0,0.0,0.0,0.0,0.0
16099,2279,4461,16099,"LINESTRING (-71.0734704 42.3424894, -71.0734069 42.3424408)",True,False,0.0,0.0,0.0,0.0,0.0,0.0,0.0
16100,4461,2279,16100,"LINESTRING (-71.0734069 42.3424408, -71.0734704 42.3424894)",True,False,0.0,0.0,0.0,0.0,0.0,0.0,0.0
16101,3535,3536,16101,"LINESTRING (-71.0720043 42.3441214, -71.0718288 42.3438565)",True,False,0.0,0.0,0.0,0.0,0.0,0.0,0.0
16102,4971,3536,16102,"LINESTRING (-71.072314 42.343608, -71.0718288 42.3438565)",True,False,0.0,0.0,0.0,0.0,0.0,0.0,0.0
16103,3536,4971,16103,"LINESTRING (-71.0718288 42.3438565, -71.072314 42.343608)",True,False,0.0,0.0,0.0,0.0,0.0,0.0,0.0
16104,2576,2578,16104,"LINESTRING (-71.070707 42.34079, -71.071089 42.340539)",True,False,0.0,0.0,0.0,0.0,0.0,0.0,0.0
16105,2578,2576,16105,"LINESTRING (-71.071089 42.340539, -71.070707 42.34079)",True,False,19.494859302018753,19.494859302018753,19.494858490654178,19.494858491286745,-8.113645755258858e-07,-8.10732007749948e-07,0.0
16106,5314,5315,16106,"LINESTRING (-71.0713824 42.3416907, -71.070602 42.3421548)",True,False,0.0,0.0,0.0,0.0,0.0,0.0,0.0
16107,4963,5314,16107,"LINESTRING (-71.0715902 42.3415743, -71.0713824 42.3416907)",True,False,0.0,0.0,0.0,0.0,0.0,0.0,0.0
16108,2878,2880,16108,"LINESTRING (-71.0710541 42.3442865, -71.0715455 42.3439999)",True,False,0.0,0.0,0.0,0.0,0.0,0.0,0.0
16109,2880,2878,16109,"LINESTRING (-71.0715455 42.3439999, -71.0710541 42.3442865)",True,False,0.0,0.0,0.0,0.0,0.0,0.0,0.0
16110,3586,3588,16110,"LINESTRING (-71.066494 42.338493, -71.0670926 42.3380626)",True,False,0.0,0.0,0.0,0.0,0.0,0.0,0.0
16111,3588,3586,16111,"LINESTRING (-71.0670926 42.3380626, -71.066494 42.338493)",True,False,0.0,0.0,0.0,0.0,0.0,0.0,0.0
16112,4988,3588,16112,"LINESTRING (-71.0676604 42.337655, -71.0670926 42.3380626)",True,False,0.0,0.0,0.0,0.0,0.0,0.0,0.0
16113,3588,4988,16113,"LINESTRING (-71.0670926 42.3380626, -71.0676604 42.337655)",True,False,0.0,0.0,0.0,0.0,0.0,0.0,0.0
16128,805,806,16128,"LINESTRING (-71.069023 42.33669, -71.0683376 42.3371775)",True,False,0.0,0.0,0.0,0.0,0.0,0.0,0.0
16129,806,805,16129,"LINESTRING (-71.0683376 42.3371775, -71.069023 42.33669)",True,False,0.0,0.0,0.0,0.0,0.0,0.0,0.0
16130,806,4988,16130,"LINESTRING (-71.0683376 42.3371775, -71.0676604 42.337655)",True,False,0.0,0.0,0.0,0.0,0.0,0.0,0.0
16131,4988,806,16131,"LINESTRING (-71.0676604 42.337655, -71.0683376 42.3371775)",True,False,0.0,0.0,0.0,0.0,0.0,0.0,0.0
16132,804,805,16132,"LINESTRING (-71.0693236 42.3369426, -71.069023 42.33669)",True,False,0.0,0.0,0.0,0.0,0.0,0.0,0.0
16133,2580,5000,16133,"LINESTRING (-71.0686447 42.3401648, -71.0691347 42.339774)",True,False,0.0,0.0,0.0,0.0,0.0,0.0,0.0
16134,5000,2580,16134,"LINESTRING (-71.0691347 42.339774, -71.0686447 42.3401648)",True,False,0.0,0.0,0.0,0.0,0.0,0.0,0.0
16135,5000,4993,16135,"LINESTRING (-71.0691347 42.339774, -71.0696935 42.339326)",True,False,0.0,0.0,0.0,0.0,0.0,0.0,0.0
16136,4993,5000,16136,"LINESTRING (-71.0696935 42.339326, -71.0691347 42.339774)",True,False,0.0,0.0,0.0,0.0,0.0,0.0,0.0
16137,2580,4999,16137,"LINESTRING (-71.0686447 42.3401648, -71.0684272 42.3401342)",True,False,13.32479534721616,13.32479534721616,13.3247947579446,13.324794758140566,-5.892715595479103e-07,-5.890755936377445e-07,0.0
16138,4999,2580,16138,"LINESTRING (-71.0684272 42.3401342, -71.0686447 42.3401648)",True,False,0.0,0.0,0.0,0.0,0.0,0.0,0.0
16141,679,683,16141,"LINESTRING (-71.0674174 42.3411138, -71.067792 42.3408236)",True,False,0.0,0.0,0.0,0.0,0.0,0.0,0.0
16142,683,679,16142,"LINESTRING (-71.067792 42.3408236, -71.0674174 42.3411138)",True,False,0.0,0.0,0.0,0.0,0.0,0.0,0.0
16143,5308,675,16143,"LINESTRING (-71.0679291 42.3421376, -71.0670602 42.342826)",True,False,6.170063954802594,6.170063954802594,6.170063732709576,6.170063733146179,-2.2209301775433232e-07,-2.216564150003819e-07,0.0
16144,675,5308,16144,"LINESTRING (-71.0670602 42.342826, -71.0679291 42.3421376)",True,False,0.0,0.0,0.0,0.0,0.0,0.0,0.0
16145,5522,674,16145,"LINESTRING (-71.0677093 42.3438482, -71.0670567 42.3443169)",True,False,12.59039388330363,12.59039388330363,12.590393118789626,12.590393119376383,-7.645140041034892e-07,-7.639272467940827e-07,0.0
16146,2577,4975,16146,"LINESTRING (-71.0696323 42.3413335, -71.0687797 42.341666)",True,False,6.170063954802594,6.170063954802594,6.170063732709576,6.170063733146179,-2.2209301775433232e-07,-2.216564150003819e-07,0.0
16147,4975,2577,16147,"LINESTRING (-71.0687797 42.341666, -71.0696323 42.3413335)",True,False,0.0,0.0,0.0,0.0,0.0,0.0,0.0
16148,4975,4979,16148,"LINESTRING (-71.0687797 42.341666, -71.068292 42.34188)",True,False,6.170063954802594,6.170063954802594,6.170063732709576,6.170063733146179,-2.2209301775433232e-07,-2.216564150003819e-07,0.0
16149,4979,4975,16149,"LINESTRING (-71.068292 42.34188, -71.0687797 42.341666)",True,False,0.0,0.0,0.0,0.0,0.0,0.0,0.0
16150,4978,683,16150,"LINESTRING (-71.0680243 42.3406396, -71.067792 42.3408236)",True,False,0.0,0.0,0.0,0.0,0.0,0.0,0.0
16151,683,4978,16151,"LINESTRING (-71.067792 42.3408236, -71.0680243 42.3406396)",True,False,0.0,0.0,0.0,0.0,0.0,0.0,0.0
16152,4979,5308,16152,"LINESTRING (-71.068292 42.34188, -71.0679291 42.3421376)",True,False,6.170063954802594,6.170063954802594,6.170063732709576,6.170063733146179,-2.2209301775433232e-07,-2.216564150003819e-07,0.0
16153,5308,4979,16153,"LINESTRING (-71.0679291 42.3421376, -71.068292 42.34188)",True,False,0.0,0.0,0.0,0.0,0.0,0.0,0.0
16154,4576,4688,16154,"LINESTRING (-71.0691374 42.3429909, -71.068431 42.3434)",True,False,12.59039388330363,12.59039388330363,12.590393118789626,12.590393119376383,-7.645140041034892e-07,-7.639272467940827e-07,0.0
16155,4688,5418,16155,"LINESTRING (-71.068431 42.3434, -71.0680614 42.3436191)",True,False,12.59039388330363,12.59039388330363,12.590393118789626,12.590393119376383,-7.645140041034892e-07,-7.639272467940827e-07,0.0
16156,5418,5522,16156,"LINESTRING (-71.0680614 42.3436191, -71.0677093 42.3438482)",True,False,12.59039388330363,12.59039388330363,12.590393118789626,12.590393119376383,-7.645140041034892e-07,-7.639272467940827e-07,0.0
16157,677,678,16157,"LINESTRING (-71.0667435 42.3416358, -71.0663948 42.3419059)",True,False,0.0,0.0,0.0,0.0,0.0,0.0,0.0
16158,678,677,16158,"LINESTRING (-71.0663948 42.3419059, -71.0667435 42.3416358)",True,False,0.0,0.0,0.0,0.0,0.0,0.0,0.0
16159,677,679,16159,"LINESTRING (-71.0667435 42.3416358, -71.0674174 42.3411138)",True,False,0.0,0.0,0.0,0.0,0.0,0.0,0.0
16160,679,677,16160,"LINESTRING (-71.0674174 42.3411138, -71.0667435 42.3416358)",True,False,0.0,0.0,0.0,0.0,0.0,0.0,0.0
16161,678,682,16161,"LINESTRING (-71.0663948 42.3419059, -71.0658557 42.3423234)",True,False,0.0,0.0,0.0,0.0,0.0,0.0,0.0
16162,682,678,16162,"LINESTRING (-71.0658557 42.3423234, -71.0663948 42.3419059)",True,False,0.0,0.0,0.0,0.0,0.0,0.0,0.0
16163,672,674,16163,"LINESTRING (-71.0659884 42.3439571, -71.0670567 42.3443169)",True,False,0.0,0.0,0.0,0.0,0.0,0.0,0.0
16164,672,675,16164,"LINESTRING (-71.0659884 42.3439571, -71.0670602 42.342826)",True,False,0.0,0.0,0.0,0.0,0.0,0.0,0.0
16165,675,672,16165,"LINESTRING (-71.0670602 42.342826, -71.0659884 42.3439571)",True,False,6.170063954802594,6.170063954802594,6.170063732709576,6.170063733146179,-2.2209301775433232e-07,-2.216564150003819e-07,0.0
16166,1056,1057,16166,"LINESTRING (-71.0689417 42.351585, -71.0702917 42.3510683)",True,False,0.0,0.0,0.0,0.0,0.0,0.0,0.0
16167,1459,1460,16167,"LINESTRING (-71.0693636 42.3486073, -71.0693143 42.3484671)",True,False,0.0,0.0,0.0,0.0,0.0,0.0,0.0
16168,2264,2265,16168,"LINESTRING (-71.0726585 42.3479549, -71.0717915 42.3486588)",True,False,0.0,0.0,0.0,0.0,0.0,0.0,0.0
16169,2265,2264,16169,"LINESTRING (-71.0717915 42.3486588, -71.0726585 42.3479549)",True,False,0.0,0.0,0.0,0.0,0.0,0.0,0.0
16170,2660,2667,16170,"LINESTRING (-71.069926 42.3501478, -71.0693285 42.350306)",True,False,0.0,0.0,2.9517426915722542e-09,2.863709456822606e-09,2.9517426915722542e-09,2.863709456822606e-09,0.0
16171,2678,3307,16171,"LINESTRING (-71.0697317 42.3496552, -71.0696248 42.3493507)",True,False,0.0,0.0,0.0,0.0,0.0,0.0,0.0
16172,3757,3174,16172,"LINESTRING (-71.0665861 42.3487899, -71.0675205 42.3482739)",True,False,0.0,0.0,0.0,0.0,0.0,0.0,0.0
16173,3174,3757,16173,"LINESTRING (-71.0675205 42.3482739, -71.0665861 42.3487899)",True,False,12.59039388330363,12.59039388330363,12.590393115837884,12.590393116512672,-7.674657460654544e-07,-7.667909578401577e-07,0.0
16174,1460,2268,16174,"LINESTRING (-71.0693143 42.3484671, -71.0716077 42.3482841)",True,False,0.0,0.0,0.0,0.0,0.0,0.0,0.0
16175,2268,2265,16175,"LINESTRING (-71.0716077 42.3482841, -71.0717915 42.3486588)",True,False,0.0,0.0,2.9517426915722542e-09,2.863709456822606e-09,2.9517426915722542e-09,2.863709456822606e-09,0.0
16176,4511,4464,16176,"LINESTRING (-71.0691293 42.34655, -71.0698264 42.345277)",True,False,0.0,0.0,0.0,0.0,0.0,0.0,0.0
16177,4464,4511,16177,"LINESTRING (-71.0698264 42.345277, -71.0691293 42.34655)",True,False,12.59039388330363,12.59039388330363,12.590393115837884,12.590393116512672,-7.674657460654544e-07,-7.667909578401577e-07,0.0
16178,3284,1816,16178,"LINESTRING (-71.0704999 42.3520001, -71.0691922 42.3522739)",True,False,0.0,0.0,0.0,0.0,0.0,0.0,0.0
16179,3285,1064,16179,"LINESTRING (-71.0704678 42.3519275, -71.0691688 42.3522061)",True,False,3.672305889785703,3.6723058897857026,3.672305723191004,3.672305723859928,-1.6659469892488232e-07,-1.6592577489760174e-07,-4.440892098500626e-16
16180,3925,2616,16180,"LINESTRING (-71.0691788 42.3480814, -71.0731211 42.3479619)",True,False,0.0,0.0,0.0,0.0,0.0,0.0,0.0
16233,4893,3960,16233,"LINESTRING (-71.0706045 42.3462548, -71.0708287 42.3466775)",True,False,0.0,0.0,2.9517426915722542e-09,2.863709456822606e-09,2.9517426915722542e-09,2.863709456822606e-09,0.0
16234,2266,3969,16234,"LINESTRING (-71.0735381 42.347251, -71.0731151 42.3463896)",True,False,0.0,0.0,0.0,0.0,0.0,0.0,0.0
16235,3962,3963,16235,"LINESTRING (-71.0729788 42.3461097, -71.0727618 42.3456703)",True,False,0.0,0.0,0.0,0.0,0.0,0.0,0.0
16236,3963,4508,16236,"LINESTRING (-71.0727618 42.3456703, -71.0725721 42.3452798)",True,False,0.0,0.0,0.0,0.0,0.0,0.0,0.0
16237,3969,3962,16237,"LINESTRING (-71.0731151 42.3463896, -71.0729788 42.3461097)",True,False,0.0,0.0,0.0,0.0,0.0,0.0,0.0
16238,4508,3599,16238,"LINESTRING (-71.0725721 42.3452798, -71.0723749 42.3448789)",True,False,0.0,0.0,0.0,0.0,0.0,0.0,0.0
16239,2264,2266,16239,"LINESTRING (-71.0726585 42.3479549, -71.0735381 42.347251)",True,False,0.0,0.0,0.0,0.0,0.0,0.0,0.0
16240,2266,2264,16240,"LINESTRING (-71.0735381 42.347251, -71.0726585 42.3479549)",True,False,0.0,0.0,0.0,0.0,0.0,0.0,0.0
16241,4558,4889,16241,"LINESTRING (-71.0702346 42.3454644, -71.0704145 42.3458685)",True,False,0.0,0.0,2.9517426915722542e-09,2.863709456822606e-09,2.9517426915722542e-09,2.863709456822606e-09,0.0
16242,2879,4388,16242,"LINESTRING (-71.0705715 42.3445456, -71.0701947 42.3448874)",True,False,0.0,0.0,0.0,0.0,0.0,0.0,0.0
16243,4388,2879,16243,"LINESTRING (-71.0701947 42.3448874, -71.0705715 42.3445456)",True,False,0.0,0.0,0.0,0.0,0.0,0.0,0.0
16244,4388,4464,16244,"LINESTRING (-71.0701947 42.3448874, -71.0698264 42.345277)",True,False,0.0,0.0,0.0,0.0,0.0,0.0,0.0
16245,4464,4388,16245,"LINESTRING (-71.0698264 42.345277, -71.0701947 42.3448874)",True,False,0.0,0.0,0.0,0.0,0.0,0.0,0.0
16246,4464,4558,16246,"LINESTRING (-71.0698264 42.345277, -71.0702346 42.3454644)",True,False,0.0,0.0,2.9517426915722542e-09,2.863709456822606e-09,2.9517426915722542e-09,2.863709456822606e-09,0.0
16247,4558,4464,16247,"LINESTRING (-71.0702346 42.3454644, -71.0698264 42.345277)",True,False,0.0,0.0,0.0,0.0,0.0,0.0,0.0
16248,4889,4893,16248,"LINESTRING (-71.0704145 42.3458685, -71.0706045 42.3462548)",True,False,0.0,0.0,2.9517426915722542e-09,2.863709456822606e-09,2.9517426915722542e-09,2.863709456822606e-09,0.0
16249,2267,2268,16249,"LINESTRING (-71.0709746 42.3469742, -71.0716077 42.3482841)",True,False,0.0,0.0,2.9517426915722542e-09,2.863709456822606e-09,2.9517426915722542e-09,2.863709456822606e-09,0.0
16250,3960,2267,16250,"LINESTRING (-71.0708287 42.3466775, -71.0709746 42.3469742)",True,False,0.0,0.0,2.9517426915722542e-09,2.863709456822606e-09,2.9517426915722542e-09,2.863709456822606e-09,0.0
16251,1057,2654,16251,"LINESTRING (-71.0702917 42.3510683, -71.0726609 42.3504312)",True,False,0.0,0.0,0.0,0.0,0.0,0.0,0.0
16252,2654,1057,16252,"LINESTRING (-71.0726609 42.3504312, -71.0702917 42.3510683)",True,False,0.0,0.0,0.0,0.0,0.0,0.0,0.0
16253,1057,2660,16253,"LINESTRING (-71.0702917 42.3510683, -71.069926 42.3501478)",True,False,0.0,0.0,0.0,0.0,0.0,0.0,0.0
16254,4069,3283,16254,"LINESTRING (-71.0730624 42.3512497, -71.0706879 42.3519033)",True,False,0.0,0.0,0.0,0.0,0.0,0.0,0.0
16255,1952,2660,16255,"LINESTRING (-71.0722126 42.3495298, -71.069926 42.3501478)",True,False,0.0,0.0,0.0,0.0,0.0,0.0,0.0
16256,2654,4199,16256,"LINESTRING (-71.0726609 42.3504312, -71.0728208 42.3507719)",True,False,0.0,0.0,0.0,0.0,0.0,0.0,0.0
16257,2265,2675,16257,"LINESTRING (-71.0717915 42.3486588, -71.0715805 42.3488239)",True,False,0.0,0.0,2.9517426915722542e-09,2.863709456822606e-09,2.9517426915722542e-09,2.863709456822606e-09,0.0
16258,2675,2265,16258,"LINESTRING (-71.0715805 42.3488239, -71.0717915 42.3486588)",True,False,0.0,0.0,0.0,0.0,0.0,0.0,0.0
16269,1952,2654,16269,"LINESTRING (-71.0722126 42.3495298, -71.0726609 42.3504312)",True,False,0.0,0.0,0.0,0.0,0.0,0.0,0.0
16270,2265,3756,16270,"LINESTRING (-71.0717915 42.3486588, -71.0719968 42.3490915)",True,False,0.0,0.0,0.0,0.0,0.0,0.0,0.0
16271,3756,1952,16271,"LINESTRING (-71.0719968 42.3490915, -71.0722126 42.3495298)",True,False,0.0,0.0,0.0,0.0,0.0,0.0,0.0
16272,4069,3739,16272,"LINESTRING (-71.0730624 42.3512497, -71.0734488 42.35206)",True,False,0.0,0.0,0.0,0.0,0.0,0.0,0.0
16273,4199,4069,16273,"LINESTRING (-71.0728208 42.3507719, -71.0730624 42.3512497)",True,False,0.0,0.0,0.0,0.0,0.0,0.0,0.0
16274,2660,2675,16274,"LINESTRING (-71.069926 42.3501478, -71.0715805 42.3488239)",True,False,0.0,0.0,0.0,0.0,0.0,0.0,0.0
16275,2675,2660,16275,"LINESTRING (-71.0715805 42.3488239, -71.069926 42.3501478)",True,False,0.0,0.0,2.9517426915722542e-09,2.863709456822606e-09,2.9517426915722542e-09,2.863709456822606e-09,0.0
16282,2660,2678,16282,"LINESTRING (-71.069926 42.3501478, -71.0697317 42.3496552)",True,False,0.0,0.0,0.0,0.0,0.0,0.0,0.0
16283,3283,1283,16283,"LINESTRING (-71.0706879 42.3519033, -71.0704492 42.3514111)",True,False,0.0,0.0,0.0,0.0,0.0,0.0,0.0
16284,1283,1057,16284,"LINESTRING (-71.0704492 42.3514111, -71.0702917 42.3510683)",True,False,0.0,0.0,0.0,0.0,0.0,0.0,0.0
16285,3283,3284,16285,"LINESTRING (-71.0706879 42.3519033, -71.0704999 42.3520001)",True,False,0.0,0.0,2.046423269465617e-09,4.137586021170801e-09,2.046423269465617e-09,4.137586021170801e-09,0.0
16286,3283,3285,16286,"LINESTRING (-71.0706879 42.3519033, -71.0704678 42.3519275)",True,False,3.672305889785703,3.6723058897857026,3.672305721144581,3.672305719722342,-1.6864112195591474e-07,-1.7006336117120213e-07,-4.440892098500626e-16
16287,3284,3285,16287,"LINESTRING (-71.0704999 42.3520001, -71.0704678 42.3519275)",True,False,0.0,0.0,2.046423269465617e-09,4.137586021170801e-09,2.046423269465617e-09,4.137586021170801e-09,0.0
16288,3285,3284,16288,"LINESTRING (-71.0704678 42.3519275, -71.0704999 42.3520001)",True,False,0.0,0.0,0.0,0.0,0.0,0.0,0.0
16289,3173,3175,16289,"LINESTRING (-71.067208 42.3479034, -71.068026 42.347978)",True,False,0.0,0.0,0.0,0.0,0.0,0.0,0.0
16290,3175,3174,16290,"LINESTRING (-71.068026 42.347978, -71.0675205 42.3482739)",True,False,12.59039388330363,12.59039388330363,12.590393115837884,12.590393116512672,-7.674657460654544e-07,-7.667909578401577e-07,0.0
16291,3174,3175,16291,"LINESTRING (-71.0675205 42.3482739, -71.068026 42.347978)",True,False,0.0,0.0,0.0,0.0,0.0,0.0,0.0
16292,5367,5368,16292,"LINESTRING (-71.0658712 42.3469014, -71.0660169 42.3464771)",True,False,0.0,0.0,0.0,0.0,0.0,0.0,0.0
16293,5369,5367,16293,"LINESTRING (-71.0677646 42.3473058, -71.0658712 42.3469014)",True,False,0.0,0.0,0.0,0.0,0.0,0.0,0.0
16294,3924,3925,16294,"LINESTRING (-71.0686618 42.348041, -71.0691788 42.3480814)",True,False,0.0,0.0,0.0,0.0,0.0,0.0,0.0
16295,3175,4208,16295,"LINESTRING (-71.068026 42.347978, -71.0686188 42.3474907)",True,False,0.0,0.0,0.0,0.0,0.0,0.0,0.0
16296,4208,3175,16296,"LINESTRING (-71.0686188 42.3474907, -71.068026 42.347978)",True,False,12.59039388330363,12.59039388330363,12.590393115837884,12.590393116512672,-7.674657460654544e-07,-7.667909578401577e-07,0.0
16297,4511,4208,16297,"LINESTRING (-71.0691293 42.34655, -71.0686188 42.3474907)",True,False,12.59039388330363,12.59039388330363,12.590393115837884,12.590393116512672,-7.674657460654544e-07,-7.667909578401577e-07,0.0
16298,4208,4511,16298,"LINESTRING (-71.0686188 42.3474907, -71.0691293 42.34655)",True,False,0.0,0.0,0.0,0.0,0.0,0.0,0.0
16299,3925,4208,16299,"LINESTRING (-71.0691788 42.3480814, -71.0686188 42.3474907)",True,False,0.0,0.0,0.0,0.0,0.0,0.0,0.0
16300,1460,3925,16300,"LINESTRING (-71.0693143 42.3484671, -71.0691788 42.3480814)",True,False,0.0,0.0,0.0,0.0,0.0,0.0,0.0
16301,4208,5369,16301,"LINESTRING (-71.0686188 42.3474907, -71.0677646 42.3473058)",True,False,0.0,0.0,0.0,0.0,0.0,0.0,0.0
16302,3175,3924,16302,"LINESTRING (-71.068026 42.347978, -71.0686618 42.348041)",True,False,0.0,0.0,0.0,0.0,0.0,0.0,0.0
16303,3758,3173,16303,"LINESTRING (-71.0657086 42.3476789, -71.067208 42.3479034)",True,False,0.0,0.0,0.0,0.0,0.0,0.0,0.0
16304,3758,5367,16304,"LINESTRING (-71.0657086 42.3476789, -71.0658712 42.3469014)",True,False,0.0,0.0,0.0,0.0,0.0,0.0,0.0
16305,3173,3174,16305,"LINESTRING (-71.067208 42.3479034, -71.0675205 42.3482739)",True,False,0.0,0.0,0.0,0.0,0.0,0.0,0.0
16306,1064,1065,16306,"LINESTRING (-71.0691688 42.3522061, -71.0674872 42.3525186)",True,False,3.672305889785703,3.6723058897857026,3.672305723191004,3.672305723859928,-1.6659469892488232e-07,-1.6592577489760174e-07,-4.440892098500626e-16
16307,2586,2587,16307,"LINESTRING (-71.0671992 42.3517434, -71.0684107 42.3516822)",True,False,0.0,0.0,0.0,0.0,0.0,0.0,0.0
16308,3734,2204,16308,"LINESTRING (-71.0686563 42.3505083, -71.0675633 42.3507983)",True,False,0.0,0.0,2.9517426915722542e-09,2.863709456822606e-09,2.9517426915722542e-09,2.863709456822606e-09,0.0
16309,4027,3911,16309,"LINESTRING (-71.0665569 42.349682, -71.0668523 42.3509356)",True,False,12.59039388330363,12.59039388330363,12.590393115837884,12.590393116512672,-7.674657460654544e-07,-7.667909578401577e-07,0.0
16310,2667,3734,16310,"LINESTRING (-71.0693285 42.350306, -71.0686563 42.3505083)",True,False,0.0,0.0,2.9517426915722542e-09,2.863709456822606e-09,2.9517426915722542e-09,2.863709456822606e-09,0.0
16311,3307,2604,16311,"LINESTRING (-71.0696248 42.3493507, -71.0694151 42.3487538)",True,False,0.0,0.0,0.0,0.0,0.0,0.0,0.0
16312,2604,1459,16312,"LINESTRING (-71.0694151 42.3487538, -71.0693636 42.3486073)",True,False,0.0,0.0,0.0,0.0,0.0,0.0,0.0
16313,2587,1056,16313,"LINESTRING (-71.0684107 42.3516822, -71.0689417 42.351585)",True,False,0.0,0.0,0.0,0.0,0.0,0.0,0.0
16314,4008,4027,16314,"LINESTRING (-71.0665066 42.3494475, -71.0665569 42.349682)",True,False,12.59039388330363,12.59039388330363,12.590393115837884,12.590393116512672,-7.674657460654544e-07,-7.667909578401577e-07,0.0
16315,3757,4008,16315,"LINESTRING (-71.0665861 42.3487899, -71.0665066 42.3494475)",True,False,12.59039388330363,12.59039388330363,12.590393115837884,12.590393116512672,-7.674657460654544e-07,-7.667909578401577e-07,0.0
16316,3911,1068,16316,"LINESTRING (-71.0668523 42.3509356, -71.066426 42.3510261)",True,False,12.59039388330363,12.59039388330363,12.590393117061513,12.590393118176344,-7.662421168674882e-07,-7.651272859732217e-07,0.0
16317,3912,2586,16317,"LINESTRING (-71.0669135 42.3511024, -71.0671992 42.3517434)",True,False,0.0,0.0,1.728113332491685e-09,1.2000387255974803e-09,1.728113332491685e-09,1.2000387255974803e-09,0.0
16318,1068,3912,16318,"LINESTRING (-71.066426 42.3510261, -71.0669135 42.3511024)",True,False,0.0,0.0,0.0,0.0,0.0,0.0,0.0
16319,2205,3912,16319,"LINESTRING (-71.0672215 42.3508577, -71.0669135 42.3511024)",True,False,0.0,0.0,8.999340967964976e-10,6.003686603242987e-10,8.999340967964976e-10,6.003686603242987e-10,0.0
16320,2205,3911,16320,"LINESTRING (-71.0672215 42.3508577, -71.0668523 42.3509356)",True,False,0.0,0.0,2.0518085947757565e-09,2.263340796498307e-09,2.0518085947757565e-09,2.263340796498307e-09,0.0
16321,2204,2205,16321,"LINESTRING (-71.0675633 42.3507983, -71.0672215 42.3508577)",True,False,0.0,0.0,2.9517426915722542e-09,2.863709456822606e-09,2.9517426915722542e-09,2.863709456822606e-09,0.0
16322,3911,3912,16322,"LINESTRING (-71.0668523 42.3509356, -71.0669135 42.3511024)",True,False,0.0,0.0,8.281792356951875e-10,5.996700652731815e-10,8.281792356951875e-10,5.996700652731815e-10,0.0
16323,2586,1065,16323,"LINESTRING (-71.0671992 42.3517434, -71.0674872 42.3525186)",True,False,0.0,0.0,1.728113332491685e-09,1.2000387255974803e-09,1.728113332491685e-09,1.2000387255974803e-09,0.0
16324,1066,1068,16324,"LINESTRING (-71.0660745 42.3510969, -71.066426 42.3510261)",True,False,0.0,0.0,0.0,0.0,0.0,0.0,0.0
16325,1068,1066,16325,"LINESTRING (-71.066426 42.3510261, -71.0660745 42.3510969)",True,False,12.59039388330363,12.59039388330363,12.590393117061513,12.590393118176344,-7.662421168674882e-07,-7.651272859732217e-07,0.0
16326,3146,3143,16326,"LINESTRING (-71.0620686 42.3440436, -71.0612333 42.3438532)",True,False,0.0,0.0,0.0,0.0,0.0,0.0,0.0
16327,3167,3168,16327,"LINESTRING (-71.0633021 42.3391754, -71.0616553 42.3426374)",True,False,0.0,0.0,0.0,0.0,0.0,0.0,0.0
16328,3167,3134,16328,"LINESTRING (-71.0633021 42.3391754, -71.0606741 42.3442695)",True,False,0.0,0.0,0.0,0.0,0.0,0.0,0.0
16329,3157,3497,16329,"LINESTRING (-71.06281 42.3418534, -71.0641837 42.3393046)",True,False,0.0,0.0,0.0,0.0,0.0,0.0,0.0
16330,4245,1792,16330,"LINESTRING (-71.0636366 42.3407559, -71.0638756 42.3403157)",True,False,0.0,0.0,0.0,0.0,0.0,0.0,0.0
16331,4245,4244,16331,"LINESTRING (-71.0636366 42.3407559, -71.0650016 42.3396038)",True,False,0.0,0.0,0.0,0.0,0.0,0.0,0.0
16332,1794,3168,16332,"LINESTRING (-71.0630664 42.3401881, -71.0616553 42.3426374)",True,False,0.0,0.0,0.0,0.0,0.0,0.0,0.0
16333,1794,3140,16333,"LINESTRING (-71.0630664 42.3401881, -71.062053 42.3423814)",True,False,13.32479534721616,13.32479534721616,13.3247947579446,13.324794758140566,-5.892715595479103e-07,-5.890755936377445e-07,0.0
16334,4516,3144,16334,"LINESTRING (-71.0615602 42.3432177, -71.0611286 42.3438294)",True,False,0.0,0.0,6.607891772293631e-10,7.85234124391195e-10,6.607891772293631e-10,7.85234124391195e-10,0.0
16335,4516,3143,16335,"LINESTRING (-71.0615602 42.3432177, -71.0612333 42.3438532)",True,False,13.32479534721616,13.32479534721616,13.324794757283813,13.324794757355333,-5.899323465285988e-07,-5.898608268495309e-07,0.0
16336,1792,1794,16336,"LINESTRING (-71.0638756 42.3403157, -71.0630664 42.3401881)",True,False,13.32479534721616,13.32479534721616,13.3247947579446,13.324794758140566,-5.892715595479103e-07,-5.890755936377445e-07,0.0
16337,4084,1793,16337,"LINESTRING (-71.0647256 42.3396751, -71.0643447 42.3394863)",True,False,0.0,0.0,0.0,0.0,0.0,0.0,0.0
16338,4084,1792,16338,"LINESTRING (-71.0647256 42.3396751, -71.0638756 42.3403157)",True,False,13.32479534721616,13.32479534721616,13.3247947579446,13.324794758140566,-5.892715595479103e-07,-5.890755936377445e-07,0.0
16339,4244,3587,16339,"LINESTRING (-71.0650016 42.3396038, -71.0655145 42.3391794)",True,False,0.0,0.0,0.0,0.0,0.0,0.0,0.0
16340,3587,4084,16340,"LINESTRING (-71.0655145 42.3391794, -71.0647256 42.3396751)",True,False,13.32479534721616,13.32479534721616,13.3247947579446,13.324794758140566,-5.892715595479103e-07,-5.890755936377445e-07,0.0
16341,1792,1793,16341,"LINESTRING (-71.0638756 42.3403157, -71.0643447 42.3394863)",True,False,0.0,0.0,0.0,0.0,0.0,0.0,0.0
16342,3140,3141,16342,"LINESTRING (-71.062053 42.3423814, -71.0627298 42.3426567)",True,False,0.0,0.0,0.0,0.0,0.0,0.0,0.0
16343,3140,3142,16343,"LINESTRING (-71.062053 42.3423814, -71.0618035 42.3428209)",True,False,13.32479534721616,13.32479534721616,13.3247947579446,13.324794758140566,-5.892715595479103e-07,-5.890755936377445e-07,0.0
16344,3156,3157,16344,"LINESTRING (-71.0616515 42.3441847, -71.06281 42.3418534)",True,False,0.0,0.0,0.0,0.0,0.0,0.0,0.0
16345,3141,4587,16345,"LINESTRING (-71.0627298 42.3426567, -71.0628678 42.3423674)",True,False,0.0,0.0,0.0,0.0,0.0,0.0,0.0
16346,3147,4498,16346,"LINESTRING (-71.0625565 42.3430201, -71.0643452 42.3434935)",True,False,0.0,0.0,0.0,0.0,0.0,0.0,0.0
16347,5292,4245,16347,"LINESTRING (-71.0635299 42.3409797, -71.0636366 42.3407559)",True,False,0.0,0.0,0.0,0.0,0.0,0.0,0.0
16348,4515,4498,16348,"LINESTRING (-71.064828 42.3431194, -71.0643452 42.3434935)",True,False,0.0,0.0,0.0,0.0,0.0,0.0,0.0
16349,4498,4515,16349,"LINESTRING (-71.0643452 42.3434935, -71.064828 42.3431194)",True,False,0.0,0.0,0.0,0.0,0.0,0.0,0.0
16350,4498,1135,16350,"LINESTRING (-71.0643452 42.3434935, -71.0653858 42.3437853)",True,False,0.0,0.0,0.0,0.0,0.0,0.0,0.0
16351,4515,684,16351,"LINESTRING (-71.064828 42.3431194, -71.0650509 42.3429404)",True,False,0.0,0.0,0.0,0.0,0.0,0.0,0.0
16352,684,4515,16352,"LINESTRING (-71.0650509 42.3429404, -71.064828 42.3431194)",True,False,0.0,0.0,0.0,0.0,0.0,0.0,0.0
16353,4588,5292,16353,"LINESTRING (-71.0630501 42.3419854, -71.0635299 42.3409797)",True,False,0.0,0.0,0.0,0.0,0.0,0.0,0.0
16354,4587,4588,16354,"LINESTRING (-71.0628678 42.3423674, -71.0630501 42.3419854)",True,False,0.0,0.0,0.0,0.0,0.0,0.0,0.0
16355,3146,3147,16355,"LINESTRING (-71.0620686 42.3440436, -71.0625565 42.3430201)",True,False,0.0,0.0,0.0,0.0,0.0,0.0,0.0
16356,3142,3147,16356,"LINESTRING (-71.0618035 42.3428209, -71.0625565 42.3430201)",True,False,0.0,0.0,0.0,0.0,0.0,0.0,0.0
16357,3147,3141,16357,"LINESTRING (-71.0625565 42.3430201, -71.0627298 42.3426567)",True,False,0.0,0.0,0.0,0.0,0.0,0.0,0.0
16358,3142,4516,16358,"LINESTRING (-71.0618035 42.3428209, -71.0615602 42.3432177)",True,False,13.32479534721616,13.32479534721616,13.3247947579446,13.324794758140566,-5.892715595479103e-07,-5.890755936377445e-07,0.0
16359,3524,3144,16359,"LINESTRING (-71.0579984 42.343397, -71.0611286 42.3438294)",True,False,0.0,0.0,0.0,0.0,0.0,0.0,0.0
16360,3144,3524,16360,"LINESTRING (-71.0611286 42.3438294, -71.0579984 42.343397)",True,False,0.0,0.0,0.0,0.0,0.0,0.0,0.0
16361,3143,3144,16361,"LINESTRING (-71.0612333 42.3438532, -71.0611286 42.3438294)",True,False,13.32479534721616,13.32479534721616,13.324794757283813,13.324794757355333,-5.899323465285988e-07,-5.898608268495309e-07,0.0
16362,3144,3143,16362,"LINESTRING (-71.0611286 42.3438294, -71.0612333 42.3438532)",True,False,0.0,0.0,0.0,0.0,0.0,0.0,0.0
16363,3524,3525,16363,"LINESTRING (-71.0579984 42.343397, -71.057419 42.3429263)",True,False,0.0,0.0,0.0,0.0,0.0,0.0,0.0
16364,3699,3524,16364,"LINESTRING (-71.0574666 42.3431782, -71.0579984 42.343397)",True,False,0.0,0.0,0.0,0.0,0.0,0.0,0.0
16365,1015,1016,16365,"LINESTRING (-71.0611864 42.3514798, -71.0615176 42.3506366)",True,False,0.0,0.0,0.0,0.0,0.0,0.0,0.0
16366,2170,2171,16366,"LINESTRING (-71.0627832 42.3466799, -71.0603043 42.3463574)",True,False,3.826407327875154,3.826407327875154,3.8264070363719394,3.826407036838526,-2.915032144557017e-07,-2.9103662768648064e-07,0.0
16367,3132,3133,16367,"LINESTRING (-71.0598062 42.347632, -71.0593889 42.3486794)",True,False,0.0,0.0,0.0,0.0,0.0,0.0,0.0
16368,3136,3137,16368,"LINESTRING (-71.0595093 42.3487024, -71.0604559 42.3463198)",True,False,0.0,0.0,0.0,0.0,0.0,0.0,0.0
16369,3135,3152,16369,"LINESTRING (-71.0596361 42.347793, -71.062511 42.3467439)",True,False,0.0,0.0,0.0,0.0,0.0,0.0,0.0
16370,3158,3159,16370,"LINESTRING (-71.060055 42.3492335, -71.0605559 42.347243)",True,False,0.0,0.0,0.0,0.0,0.0,0.0,0.0
16371,3158,3160,16371,"LINESTRING (-71.060055 42.3492335, -71.0607041 42.3481644)",True,False,0.0,0.0,0.0,0.0,0.0,0.0,0.0
16372,3160,2614,16372,"LINESTRING (-71.0607041 42.3481644, -71.0620466 42.3469352)",True,False,0.0,0.0,0.0,0.0,0.0,0.0,0.0
16373,1016,2691,16373,"LINESTRING (-71.0615176 42.3506366, -71.0608717 42.3504705)",True,False,0.0,0.0,4.613413086134429e-10,1.4198475927344945e-09,4.613413086134429e-10,1.4198475927344945e-09,0.0
16374,2691,1016,16374,"LINESTRING (-71.0608717 42.3504705, -71.0615176 42.3506366)",True,False,0.0,0.0,0.0,0.0,0.0,0.0,0.0
16375,3162,3159,16375,"LINESTRING (-71.0596067 42.3502956, -71.0605559 42.347243)",True,False,0.0,0.0,0.0,0.0,0.0,0.0,0.0
16376,4225,4226,16376,"LINESTRING (-71.0640288 42.3490281, -71.0641878 42.3484304)",True,False,0.0,0.0,0.0,0.0,0.0,0.0,0.0
16377,3859,4310,16377,"LINESTRING (-71.0623168 42.3486597, -71.0625111 42.3481823)",True,False,0.0,0.0,0.0,0.0,0.0,0.0,0.0
16378,3155,2614,16378,"LINESTRING (-71.0603185 42.3488421, -71.0620466 42.3469352)",True,False,0.0,0.0,0.0,0.0,0.0,0.0,0.0
16379,3155,3153,16379,"LINESTRING (-71.0603185 42.3488421, -71.0611054 42.3463644)",True,False,0.0,0.0,0.0,0.0,0.0,0.0,0.0
16380,4513,3154,16380,"LINESTRING (-71.0631214 42.3463242, -71.0612743 42.345948)",True,False,0.0,0.0,0.0,0.0,0.0,0.0,0.0
16381,4625,4626,16381,"LINESTRING (-71.0640796 42.3484216, -71.0639199 42.3490131)",True,False,6.170063954802594,6.170063954802594,6.170063732709576,6.170063733146179,-2.2209301775433232e-07,-2.216564150003819e-07,0.0
16382,2545,5455,16382,"LINESTRING (-71.0625912 42.3523923, -71.0613912 42.3525073)",True,False,22.432763727891928,22.432763727891928,22.43276257422887,22.43276257496264,-1.1536630566411077e-06,-1.1529292862633156e-06,0.0
16453,2614,2615,16453,"LINESTRING (-71.0620466 42.3469352, -71.064643 42.3472424)",True,False,0.0,0.0,0.0,0.0,0.0,0.0,0.0
16454,3152,2615,16454,"LINESTRING (-71.062511 42.3467439, -71.064643 42.3472424)",True,False,0.0,0.0,0.0,0.0,0.0,0.0,0.0
16455,3540,3541,16455,"LINESTRING (-71.0648999 42.3457419, -71.0645883 42.3466234)",True,False,6.170063954802594,6.170063954802594,6.170063732709576,6.170063733146179,-2.2209301775433232e-07,-2.216564150003819e-07,0.0
16456,3541,3540,16456,"LINESTRING (-71.0645883 42.3466234, -71.0648999 42.3457419)",True,False,0.0,0.0,0.0,0.0,0.0,0.0,0.0
16457,4514,4512,16457,"LINESTRING (-71.0638682 42.3444566, -71.0634776 42.3454217)",True,False,0.0,0.0,0.0,0.0,0.0,0.0,0.0
16458,3621,4780,16458,"LINESTRING (-71.0629682 42.3470573, -71.0632614 42.346354)",True,False,0.0,0.0,0.0,0.0,0.0,0.0,0.0
16459,3621,4781,16459,"LINESTRING (-71.0629682 42.3470573, -71.0643847 42.3473215)",True,False,0.0,0.0,0.0,0.0,0.0,0.0,0.0
16460,4780,4503,16460,"LINESTRING (-71.0632614 42.346354, -71.0636296 42.3454515)",True,False,0.0,0.0,0.0,0.0,0.0,0.0,0.0
16461,3541,4780,16461,"LINESTRING (-71.0645883 42.3466234, -71.0632614 42.346354)",True,False,0.0,0.0,0.0,0.0,0.0,0.0,0.0
16484,3540,673,16484,"LINESTRING (-71.0648999 42.3457419, -71.065351 42.344987)",True,False,0.0,0.0,0.0,0.0,0.0,0.0,0.0
16485,673,3540,16485,"LINESTRING (-71.065351 42.344987, -71.0648999 42.3457419)",True,False,6.170063954802594,6.170063954802594,6.170063732709576,6.170063733146179,-2.2209301775433232e-07,-2.216564150003819e-07,0.0
16496,4503,4497,16496,"LINESTRING (-71.0636296 42.3454515, -71.0640193 42.3444913)",True,False,0.0,0.0,0.0,0.0,0.0,0.0,0.0
16497,3541,4781,16497,"LINESTRING (-71.0645883 42.3466234, -71.0643847 42.3473215)",True,False,6.170063954802594,6.170063954802594,6.170063732709576,6.170063733146179,-2.2209301775433232e-07,-2.216564150003819e-07,0.0
16498,4781,4624,16498,"LINESTRING (-71.0643847 42.3473215, -71.0642511 42.3478077)",True,False,6.170063954802594,6.170063954802594,6.170063732709576,6.170063733146179,-2.2209301775433232e-07,-2.216564150003819e-07,0.0
16499,4226,4623,16499,"LINESTRING (-71.0641878 42.3484304, -71.064476 42.3473479)",True,False,0.0,0.0,0.0,0.0,0.0,0.0,0.0
16500,4781,4623,16500,"LINESTRING (-71.0643847 42.3473215, -71.064476 42.3473479)",True,False,0.0,0.0,0.0,0.0,0.0,0.0,0.0
16501,4624,4625,16501,"LINESTRING (-71.0642511 42.3478077, -71.0640796 42.3484216)",True,False,6.170063954802594,6.170063954802594,6.170063732709576,6.170063733146179,-2.2209301775433232e-07,-2.216564150003819e-07,0.0
16502,4512,4513,16502,"LINESTRING (-71.0634776 42.3454217, -71.0631214 42.3463242)",True,False,0.0,0.0,0.0,0.0,0.0,0.0,0.0
16503,4780,4513,16503,"LINESTRING (-71.0632614 42.346354, -71.0631214 42.3463242)",True,False,0.0,0.0,0.0,0.0,0.0,0.0,0.0
16504,1592,1593,16504,"LINESTRING (-71.0626626 42.3478098, -71.062884 42.347268)",True,False,0.0,0.0,0.0,0.0,0.0,0.0,0.0
16505,4310,1592,16505,"LINESTRING (-71.0625111 42.3481823, -71.0626626 42.3478098)",True,False,0.0,0.0,0.0,0.0,0.0,0.0,0.0
16506,1593,3621,16506,"LINESTRING (-71.062884 42.347268, -71.0629682 42.3470573)",True,False,0.0,0.0,0.0,0.0,0.0,0.0,0.0
16507,1254,2545,16507,"LINESTRING (-71.064556 42.3523719, -71.0625912 42.3523923)",True,False,3.672305889785703,3.6723058897857026,3.6723057249191173,3.672305725059967,-1.6486658571679413e-07,-1.6472573616255204e-07,-4.440892098500626e-16
16508,1016,3480,16508,"LINESTRING (-71.0615176 42.3506366, -71.0621013 42.3491893)",True,False,0.0,0.0,0.0,0.0,0.0,0.0,0.0
16509,4062,1067,16509,"LINESTRING (-71.0630417 42.3509273, -71.0649214 42.3510876)",True,False,0.0,0.0,0.0,0.0,0.0,0.0,0.0
16510,1067,4062,16510,"LINESTRING (-71.0649214 42.3510876, -71.0630417 42.3509273)",True,False,12.59039388330363,12.59039388330363,12.590393117061513,12.590393118176344,-7.662421168674882e-07,-7.651272859732217e-07,0.0
16511,4062,4459,16511,"LINESTRING (-71.0630417 42.3509273, -71.0635364 42.3500932)",True,False,0.0,0.0,0.0,0.0,0.0,0.0,0.0
16512,4626,4627,16512,"LINESTRING (-71.0639199 42.3490131, -71.063445 42.350069)",True,False,6.170063954802594,6.170063954802594,6.170063732709576,6.170063733146179,-2.2209301775433232e-07,-2.216564150003819e-07,0.0
16513,4627,4062,16513,"LINESTRING (-71.063445 42.350069, -71.0630417 42.3509273)",True,False,6.170063954802594,6.170063954802594,6.170063732709576,6.170063733146179,-2.2209301775433232e-07,-2.216564150003819e-07,0.0
16514,4459,4225,16514,"LINESTRING (-71.0635364 42.3500932, -71.0640288 42.3490281)",True,False,0.0,0.0,0.0,0.0,0.0,0.0,0.0
16515,1067,1036,16515,"LINESTRING (-71.0649214 42.3510876, -71.0650616 42.3505896)",True,False,0.0,0.0,0.0,0.0,0.0,0.0,0.0
16538,1036,1037,16538,"LINESTRING (-71.0650616 42.3505896, -71.0655366 42.3486287)",True,False,0.0,0.0,0.0,0.0,0.0,0.0,0.0
16539,1254,1067,16539,"LINESTRING (-71.064556 42.3523719, -71.0649214 42.3510876)",True,False,0.0,0.0,0.0,0.0,0.0,0.0,0.0
16548,4627,4459,16548,"LINESTRING (-71.063445 42.350069, -71.0635364 42.3500932)",True,False,0.0,0.0,0.0,0.0,0.0,0.0,0.0
16549,4459,4627,16549,"LINESTRING (-71.0635364 42.3500932, -71.063445 42.350069)",True,False,0.0,0.0,0.0,0.0,0.0,0.0,0.0
16550,3480,3859,16550,"LINESTRING (-71.0621013 42.3491893, -71.0623168 42.3486597)",True,False,0.0,0.0,0.0,0.0,0.0,0.0,0.0
16551,4053,2545,16551,"LINESTRING (-71.0628 42.3516031, -71.0625912 42.3523923)",True,False,18.760457838106223,18.760457838106223,18.76045684930975,18.760456849902674,-9.887964722565812e-07,-9.882035492125851e-07,0.0
16552,3481,4062,16552,"LINESTRING (-71.062327 42.3508289, -71.0630417 42.3509273)",True,False,0.0,0.0,0.0,0.0,0.0,0.0,0.0
16553,4062,3481,16553,"LINESTRING (-71.0630417 42.3509273, -71.062327 42.3508289)",True,False,0.0,0.0,4.613413086134429e-10,1.4198475927344945e-09,4.613413086134429e-10,1.4198475927344945e-09,0.0
16554,4062,4053,16554,"LINESTRING (-71.0630417 42.3509273, -71.0628 42.3516031)",True,False,18.760457838106223,18.760457838106223,18.76045684930975,18.760456849902674,-9.887964722565812e-07,-9.882035492125851e-07,0.0
16555,1016,3481,16555,"LINESTRING (-71.0615176 42.3506366, -71.062327 42.3508289)",True,False,0.0,0.0,0.0,0.0,0.0,0.0,0.0
16556,3481,1016,16556,"LINESTRING (-71.062327 42.3508289, -71.0615176 42.3506366)",True,False,0.0,0.0,4.613413086134429e-10,1.4198475927344945e-09,4.613413086134429e-10,1.4198475927344945e-09,0.0
16557,3148,3119,16557,"LINESTRING (-71.0586745 42.3465771, -71.0599903 42.3482132)",True,False,0.0,0.0,0.0,0.0,0.0,0.0,0.0
16558,2171,3148,16558,"LINESTRING (-71.0603043 42.3463574, -71.0586745 42.3465771)",True,False,0.0,0.0,0.0,0.0,0.0,0.0,0.0
16559,3160,3153,16559,"LINESTRING (-71.0607041 42.3481644, -71.0611054 42.3463644)",True,False,0.0,0.0,0.0,0.0,0.0,0.0,0.0
16560,3526,3166,16560,"LINESTRING (-71.0604907 42.3444993, -71.0580038 42.3478072)",True,False,0.0,0.0,0.0,0.0,0.0,0.0,0.0
16561,3137,3139,16561,"LINESTRING (-71.0604559 42.3463198, -71.0610411 42.3448981)",True,False,0.0,0.0,0.0,0.0,0.0,0.0,0.0
16562,3153,3154,16562,"LINESTRING (-71.0611054 42.3463644, -71.0612743 42.345948)",True,False,0.0,0.0,0.0,0.0,0.0,0.0,0.0
16563,3137,3138,16563,"LINESTRING (-71.0604559 42.3463198, -71.0597721 42.3456668)",True,False,0.0,0.0,0.0,0.0,0.0,0.0,0.0
16564,3145,3138,16564,"LINESTRING (-71.0602224 42.3456133, -71.0597721 42.3456668)",True,False,0.0,0.0,0.0,0.0,0.0,0.0,0.0
16565,1150,1151,16565,"LINESTRING (-71.0589421 42.3499541, -71.0585481 42.3509228)",True,False,0.0,0.0,0.0,0.0,0.0,0.0,0.0
16566,1150,1163,16566,"LINESTRING (-71.0589421 42.3499541, -71.0597543 42.3501438)",True,False,0.0,0.0,0.0,0.0,0.0,0.0,0.0
16567,1163,1150,16567,"LINESTRING (-71.0597543 42.3501438, -71.0589421 42.3499541)",True,False,0.0,0.0,4.613413086134429e-10,1.4198475927344945e-09,4.613413086134429e-10,1.4198475927344945e-09,0.0
16568,1943,1163,16568,"LINESTRING (-71.0593574 42.3511005, -71.0597543 42.3501438)",True,False,0.0,0.0,0.0,0.0,0.0,0.0,0.0
16569,3136,3133,16569,"LINESTRING (-71.0595093 42.3487024, -71.0593889 42.3486794)",True,False,0.0,0.0,0.0,0.0,0.0,0.0,0.0
16570,3161,3162,16570,"LINESTRING (-71.0582798 42.3522578, -71.0596067 42.3502956)",True,False,0.0,0.0,0.0,0.0,0.0,0.0,0.0
16571,1155,4152,16571,"LINESTRING (-71.0592274 42.3492445, -71.059464 42.3487945)",True,False,0.0,0.0,0.0,0.0,0.0,0.0,0.0
16572,4153,4152,16572,"LINESTRING (-71.05935 42.3487738, -71.059464 42.3487945)",True,False,0.0,0.0,0.0,0.0,0.0,0.0,0.0
16573,3727,4072,16573,"LINESTRING (-71.0598047 42.3525527, -71.0593955 42.3525232)",True,False,6.082156115965258,6.082156115965258,6.082155699204185,6.0821556985638265,-4.1676107276344965e-07,-4.1740143164048504e-07,0.0
16574,2689,2691,16574,"LINESTRING (-71.0602501 42.3502982, -71.0608717 42.3504705)",True,False,0.0,0.0,0.0,0.0,0.0,0.0,0.0
16575,2691,2689,16575,"LINESTRING (-71.0608717 42.3504705, -71.0602501 42.3502982)",True,False,0.0,0.0,4.613413086134429e-10,1.4198475927344945e-09,4.613413086134429e-10,1.4198475927344945e-09,0.0
16576,1163,2693,16576,"LINESTRING (-71.0597543 42.3501438, -71.0602934 42.3489011)",True,False,0.0,0.0,0.0,0.0,0.0,0.0,0.0
16577,2693,3136,16577,"LINESTRING (-71.0602934 42.3489011, -71.0595093 42.3487024)",True,False,0.0,0.0,0.0,0.0,0.0,0.0,0.0
16578,4152,2693,16578,"LINESTRING (-71.059464 42.3487945, -71.0602934 42.3489011)",True,False,0.0,0.0,0.0,0.0,0.0,0.0,0.0
16579,2693,3155,16579,"LINESTRING (-71.0602934 42.3489011, -71.0603185 42.3488421)",True,False,0.0,0.0,0.0,0.0,0.0,0.0,0.0
16580,4152,3136,16580,"LINESTRING (-71.059464 42.3487945, -71.0595093 42.3487024)",True,False,0.0,0.0,0.0,0.0,0.0,0.0,0.0
16581,2689,1163,16581,"LINESTRING (-71.0602501 42.3502982, -71.0597543 42.3501438)",True,False,0.0,0.0,4.613413086134429e-10,1.4198475927344945e-09,4.613413086134429e-10,1.4198475927344945e-09,0.0
16582,1163,2689,16582,"LINESTRING (-71.0597543 42.3501438, -71.0602501 42.3502982)",True,False,0.0,0.0,0.0,0.0,0.0,0.0,0.0
16583,2256,3727,16583,"LINESTRING (-71.0606675 42.3525636, -71.0598047 42.3525527)",True,False,6.082156115965258,6.082156115965258,6.082155699204185,6.0821556985638265,-4.1676107276344965e-07,-4.1740143164048504e-07,0.0
16584,5455,1015,16584,"LINESTRING (-71.0613912 42.3525073, -71.0611864 42.3514798)",True,False,0.0,0.0,0.0,0.0,0.0,0.0,0.0
16585,2254,2256,16585,"LINESTRING (-71.0611435 42.3525241, -71.0606675 42.3525636)",True,False,6.082156115965258,6.082156115965258,6.082155699204185,6.0821556985638265,-4.1676107276344965e-07,-4.1740143164048504e-07,0.0
16586,5455,2254,16586,"LINESTRING (-71.0613912 42.3525073, -71.0611435 42.3525241)",True,False,22.432763727891928,22.432763727891928,22.43276257422887,22.43276257496264,-1.1536630566411077e-06,-1.1529292862633156e-06,0.0
16587,1150,1155,16587,"LINESTRING (-71.0589421 42.3499541, -71.0592274 42.3492445)",True,False,0.0,0.0,0.0,0.0,0.0,0.0,0.0
16588,1155,1150,16588,"LINESTRING (-71.0592274 42.3492445, -71.0589421 42.3499541)",True,False,0.0,0.0,0.0,0.0,0.0,0.0,0.0
16589,1150,1159,16589,"LINESTRING (-71.0589421 42.3499541, -71.058362 42.3498306)",True,False,0.0,0.0,4.613413086134429e-10,1.4198475927344945e-09,4.613413086134429e-10,1.4198475927344945e-09,0.0
16590,1159,1150,16590,"LINESTRING (-71.058362 42.3498306, -71.0589421 42.3499541)",True,False,0.0,0.0,0.0,0.0,0.0,0.0,0.0
16591,4153,1155,16591,"LINESTRING (-71.05935 42.3487738, -71.0592274 42.3492445)",True,False,0.0,0.0,0.0,0.0,0.0,0.0,0.0
16592,3133,4153,16592,"LINESTRING (-71.0593889 42.3486794, -71.05935 42.3487738)",True,False,0.0,0.0,0.0,0.0,0.0,0.0,0.0
16593,4165,3519,16593,"LINESTRING (-71.0576468 42.3497119, -71.0580022 42.349754)",True,False,0.0,0.0,0.0,0.0,0.0,0.0,0.0
16594,1159,3519,16594,"LINESTRING (-71.058362 42.3498306, -71.0580022 42.349754)",True,False,0.0,0.0,4.613413086134429e-10,1.4198475927344945e-09,4.613413086134429e-10,1.4198475927344945e-09,0.0
16595,3519,1159,16595,"LINESTRING (-71.0580022 42.349754, -71.058362 42.3498306)",True,False,0.0,0.0,0.0,0.0,0.0,0.0,0.0
16596,1151,1177,16596,"LINESTRING (-71.0585481 42.3509228, -71.0582197 42.3517001)",True,False,0.0,0.0,0.0,0.0,0.0,0.0,0.0
16597,3161,1943,16597,"LINESTRING (-71.0582798 42.3522578, -71.0593574 42.3511005)",True,False,0.0,0.0,0.0,0.0,0.0,0.0,0.0
16598,4073,3161,16598,"LINESTRING (-71.0585065 42.3524074, -71.0582798 42.3522578)",True,False,0.0,0.0,0.0,0.0,0.0,0.0,0.0
16599,4073,2166,16599,"LINESTRING (-71.0585065 42.3524074, -71.0579946 42.3523784)",True,False,6.082156115965258,6.082156115965258,6.082155699204185,6.0821556985638265,-4.1676107276344965e-07,-4.1740143164048504e-07,0.0
16600,4072,4073,16600,"LINESTRING (-71.0593955 42.3525232, -71.0585065 42.3524074)",True,False,6.082156115965258,6.082156115965258,6.082155699204185,6.0821556985638265,-4.1676107276344965e-07,-4.1740143164048504e-07,0.0
16601,1177,2166,16601,"LINESTRING (-71.0582197 42.3517001, -71.0579946 42.3523784)",True,False,0.0,0.0,0.0,0.0,0.0,0.0,0.0
16602,2166,3161,16602,"LINESTRING (-71.0579946 42.3523784, -71.0582798 42.3522578)",True,False,0.0,0.0,0.0,0.0,0.0,0.0,0.0
16603,732,733,16603,"LINESTRING (-71.061328 42.3608688, -71.0598148 42.3590384)",True,False,37.825663807353884,37.825663807353884,37.82566227302796,37.82566227229842,-1.5343259249789298e-06,-1.5350554605220168e-06,0.0
16604,732,734,16604,"LINESTRING (-71.061328 42.3608688, -71.0615183 42.3598564)",True,False,0.0,0.0,0.0,0.0,0.0,0.0,0.0
16605,734,732,16605,"LINESTRING (-71.0615183 42.3598564, -71.061328 42.3608688)",True,False,0.0,0.0,0.0,0.0,0.0,0.0,0.0
16606,825,826,16606,"LINESTRING (-71.065788 42.3570099, -71.065086 42.3571645)",True,False,0.0,0.0,0.0,0.0,0.0,0.0,0.0
16607,826,825,16607,"LINESTRING (-71.065086 42.3571645, -71.065788 42.3570099)",True,False,0.0,0.0,0.0,0.0,0.0,0.0,0.0
16608,1886,1887,16608,"LINESTRING (-71.0709588 42.3609698, -71.0708823 42.3608013)",True,False,0.0,0.0,0.0,0.0,0.0,0.0,0.0
16609,1887,1886,16609,"LINESTRING (-71.0708823 42.3608013, -71.0709588 42.3609698)",True,False,0.0,0.0,0.0,0.0,0.0,0.0,0.0
16610,2258,2226,16610,"LINESTRING (-71.0675832 42.3663786, -71.060619 42.3662248)",True,False,3.454757289738468,3.4547572897384677,3.454756899626088,3.4547568998662173,-3.901123801774986e-07,-3.8987225092768085e-07,-4.440892098500626e-16
16611,2258,2259,16611,"LINESTRING (-71.0675832 42.3663786, -71.0630744 42.3668193)",True,False,0.0,0.0,0.0,0.0,0.0,0.0,0.0
16612,3026,3027,16612,"LINESTRING (-71.0647615 42.3662974, -71.0665093 42.3666063)",True,False,0.0,0.0,0.0,0.0,0.0,0.0,0.0
16613,3026,3028,16613,"LINESTRING (-71.0647615 42.3662974, -71.0669032 42.3667926)",True,False,0.0,0.0,0.0,0.0,0.0,0.0,0.0
16614,3035,3036,16614,"LINESTRING (-71.0670984 42.3672401, -71.0646059 42.3654671)",True,False,0.0,0.0,0.0,0.0,0.0,0.0,0.0
16615,3131,3029,16615,"LINESTRING (-71.0645623 42.3661574, -71.0668416 42.3665493)",True,False,0.0,0.0,0.0,0.0,0.0,0.0,0.0
16616,3131,3027,16616,"LINESTRING (-71.0645623 42.3661574, -71.0665093 42.3666063)",True,False,0.0,0.0,0.0,0.0,0.0,0.0,0.0
16617,3266,2259,16617,"LINESTRING (-71.0699269 42.3642864, -71.0630744 42.3668193)",True,False,0.0,0.0,0.0,0.0,0.0,0.0,0.0
16618,1887,1888,16618,"LINESTRING (-71.0708823 42.3608013, -71.070221 42.3609479)",True,False,4.191080116606083,4.191080116606083,4.191079760189187,4.191079760736251,-3.5641689599685833e-07,-3.5586983226920665e-07,0.0
16619,263,264,16619,"LINESTRING (-71.0640493 42.365904, -71.0669586 42.3674114)",True,False,0.0,0.0,0.0,0.0,0.0,0.0,0.0
16620,4161,735,16620,"LINESTRING (-71.0594721 42.3592749, -71.0612442 42.3609979)",True,False,3.4843078114273083,3.4843078114273083,3.4843077970528933,3.4843077976949575,-1.4374414991635831e-08,-1.373235081203461e-08,0.0
16621,4268,4269,16621,"LINESTRING (-71.066002 42.3611274, -71.0651378 42.361136)",True,False,37.825663807353884,37.825663807353884,37.82566227509291,37.825662275806096,-1.5322609741019733e-06,-1.5315477881472361e-06,0.0
16622,4274,4276,16622,"LINESTRING (-71.0637704 42.3612876, -71.066329 42.3612379)",True,False,3.4843078114273083,3.4843078114273083,3.4843077970528933,3.4843077976949575,-1.4374414991635831e-08,-1.373235081203461e-08,0.0
16623,4272,3594,16623,"LINESTRING (-71.0628793 42.3611913, -71.0628424 42.3596152)",True,False,0.0,0.0,0.0,0.0,0.0,0.0,0.0
16624,3594,4272,16624,"LINESTRING (-71.0628424 42.3596152, -71.0628793 42.3611913)",True,False,0.0,0.0,0.0,0.0,0.0,0.0,0.0
16625,1301,3176,16625,"LINESTRING (-71.0727327 42.3614728, -71.0732291 42.3566563)",True,False,3.4843078114273083,3.4843078114273083,3.4843077970528933,3.4843077976949575,-1.4374414991635831e-08,-1.373235081203461e-08,0.0
16626,2260,3036,16626,"LINESTRING (-71.0661291 42.3660023, -71.0646059 42.3654671)",True,False,0.0,0.0,0.0,0.0,0.0,0.0,0.0
16627,3272,3266,16627,"LINESTRING (-71.0720531 42.3598294, -71.0699269 42.3642864)",True,False,0.0,0.0,0.0,0.0,0.0,0.0,0.0
16708,681,740,16708,"LINESTRING (-71.0729206 42.3563812, -71.0726439 42.3573158)",True,False,0.0,0.0,0.0,0.0,0.0,0.0,0.0
16709,825,830,16709,"LINESTRING (-71.065788 42.3570099, -71.0676147 42.3565931)",True,False,0.0,0.0,0.0,0.0,0.0,0.0,0.0
16710,830,825,16710,"LINESTRING (-71.0676147 42.3565931, -71.065788 42.3570099)",True,False,0.0,0.0,0.0,0.0,0.0,0.0,0.0
16711,838,839,16711,"LINESTRING (-71.0697053 42.3567062, -71.0694421 42.3562123)",True,False,0.0,0.0,0.0,0.0,0.0,0.0,0.0
16712,856,838,16712,"LINESTRING (-71.0698747 42.3570179, -71.0697053 42.3567062)",True,False,0.0,0.0,0.0,0.0,0.0,0.0,0.0
16713,839,4806,16713,"LINESTRING (-71.0694421 42.3562123, -71.0698589 42.3561152)",True,False,0.0,0.0,0.0,0.0,0.0,0.0,0.0
16714,5431,4807,16714,"LINESTRING (-71.0690719 42.3555979, -71.0700473 42.3560562)",True,False,0.0,0.0,0.0,0.0,0.0,0.0,0.0
16763,3180,3181,16763,"LINESTRING (-71.0720654 42.3546551, -71.0716699 42.3538475)",True,False,3.672305889785703,3.6723058897857026,3.672305723191004,3.672305723859928,-1.6659469892488232e-07,-1.6592577489760174e-07,-4.440892098500626e-16
16764,909,3180,16764,"LINESTRING (-71.0723266 42.3552136, -71.0720654 42.3546551)",True,False,3.672305889785703,3.6723058897857026,3.672305723191004,3.672305723859928,-1.6659469892488232e-07,-1.6592577489760174e-07,-4.440892098500626e-16
16765,5493,908,16765,"LINESTRING (-71.0713208 42.3557597, -71.0720408 42.3555649)",True,False,0.0,0.0,0.0,0.0,0.0,0.0,0.0
16766,913,680,16766,"LINESTRING (-71.0727384 42.3553775, -71.0730831 42.3560505)",True,False,0.0,0.0,0.0,0.0,0.0,0.0,0.0
16767,913,974,16767,"LINESTRING (-71.0727384 42.3553775, -71.0730109 42.3552995)",True,False,0.0,0.0,0.0,0.0,0.0,0.0,0.0
16768,974,913,16768,"LINESTRING (-71.0730109 42.3552995, -71.0727384 42.3553775)",True,False,3.672305889785703,3.6723058897857026,3.672305723191004,3.672305723859928,-1.6659469892488232e-07,-1.6592577489760174e-07,-4.440892098500626e-16
16769,3039,4193,16769,"LINESTRING (-71.0732902 42.3558058, -71.0730788 42.355374)",True,False,3.672305889785703,3.6723058897857026,3.6723057235299974,3.6723057241212356,-1.6625570564698933e-07,-1.6566446747745545e-07,-4.440892098500626e-16
16770,4193,974,16770,"LINESTRING (-71.0730788 42.355374, -71.0730109 42.3552995)",True,False,3.672305889785703,3.6723058897857026,3.672305723372128,3.6723057240173085,-1.6641357492019893e-07,-1.657683945666122e-07,-4.440892098500626e-16
16771,974,4223,16771,"LINESTRING (-71.0730109 42.3552995, -71.073173 42.3552413)",True,False,0.0,0.0,1.8112397379624789e-10,1.5738031434542718e-10,1.8112397379624789e-10,1.5738031434542718e-10,0.0
16772,4193,4223,16772,"LINESTRING (-71.0730788 42.355374, -71.073173 42.3552413)",True,False,0.0,0.0,1.5786915328992765e-10,1.0392711670684699e-10,1.5786915328992765e-10,1.0392711670684699e-10,0.0
16773,680,681,16773,"LINESTRING (-71.0730831 42.3560505, -71.0729206 42.3563812)",True,False,0.0,0.0,0.0,0.0,0.0,0.0,0.0
16774,3176,3039,16774,"LINESTRING (-71.0732291 42.3566563, -71.0732902 42.3558058)",True,False,0.0,0.0,3.389931270861755e-10,2.6130743105227417e-10,3.389931270861755e-10,2.6130743105227417e-10,0.0
16775,908,909,16775,"LINESTRING (-71.0720408 42.3555649, -71.0723266 42.3552136)",True,False,0.0,0.0,0.0,0.0,0.0,0.0,0.0
16776,908,913,16776,"LINESTRING (-71.0720408 42.3555649, -71.0727384 42.3553775)",True,False,0.0,0.0,0.0,0.0,0.0,0.0,0.0
16777,913,909,16777,"LINESTRING (-71.0727384 42.3553775, -71.0723266 42.3552136)",True,False,3.672305889785703,3.6723058897857026,3.672305723191004,3.672305723859928,-1.6659469892488232e-07,-1.6592577489760174e-07,-4.440892098500626e-16
16778,3181,3054,16778,"LINESTRING (-71.0716699 42.3538475, -71.0714973 42.3535025)",True,False,3.672305889785703,3.6723058897857026,3.672305723191004,3.672305723859928,-1.6659469892488232e-07,-1.6592577489760174e-07,-4.440892098500626e-16
16779,3054,3055,16779,"LINESTRING (-71.0714973 42.3535025, -71.0710974 42.3526851)",True,False,3.672305889785703,3.6723058897857026,3.672305723191004,3.672305723859928,-1.6659469892488232e-07,-1.6592577489760174e-07,-4.440892098500626e-16
16780,4807,5493,16780,"LINESTRING (-71.0700473 42.3560562, -71.0713208 42.3557597)",True,False,0.0,0.0,0.0,0.0,0.0,0.0,0.0
16781,4806,4807,16781,"LINESTRING (-71.0698589 42.3561152, -71.0700473 42.3560562)",True,False,0.0,0.0,0.0,0.0,0.0,0.0,0.0
16782,2040,3271,16782,"LINESTRING (-71.0723076 42.3587696, -71.072118 42.359448)",True,False,4.191080116606083,4.191080116606083,4.191079760189187,4.191079760736251,-3.5641689599685833e-07,-3.5586983226920665e-07,0.0
16783,5136,5137,16783,"LINESTRING (-71.0707216 42.3587884, -71.0702841 42.3577809)",True,False,0.0,0.0,0.0,0.0,0.0,0.0,0.0
16784,5476,1887,16784,"LINESTRING (-71.0719446 42.3602715, -71.0708823 42.3608013)",True,False,4.191080116606083,4.191080116606083,4.191079760189187,4.191079760736251,-3.5641689599685833e-07,-3.5586983226920665e-07,0.0
16797,740,755,16797,"LINESTRING (-71.0726439 42.3573158, -71.0725895 42.3577643)",True,False,0.0,0.0,0.0,0.0,0.0,0.0,0.0
16798,2039,755,16798,"LINESTRING (-71.0727299 42.3574018, -71.0725895 42.3577643)",True,False,4.191080116606083,4.191080116606083,4.191079760189187,4.191079760736251,-3.5641689599685833e-07,-3.5586983226920665e-07,0.0
16799,755,2040,16799,"LINESTRING (-71.0725895 42.3577643, -71.0723076 42.3587696)",True,False,4.191080116606083,4.191080116606083,4.191079760189187,4.191079760736251,-3.5641689599685833e-07,-3.5586983226920665e-07,0.0
16800,3271,3272,16800,"LINESTRING (-71.072118 42.359448, -71.0720531 42.3598294)",True,False,4.191080116606083,4.191080116606083,4.191079760189187,4.191079760736251,-3.5641689599685833e-07,-3.5586983226920665e-07,0.0
16801,3272,5476,16801,"LINESTRING (-71.0720531 42.3598294, -71.0719446 42.3602715)",True,False,4.191080116606083,4.191080116606083,4.191079760189187,4.191079760736251,-3.5641689599685833e-07,-3.5586983226920665e-07,0.0
16802,5137,856,16802,"LINESTRING (-71.0702841 42.3577809, -71.0698747 42.3570179)",True,False,0.0,0.0,0.0,0.0,0.0,0.0,0.0
16807,1887,3290,16807,"LINESTRING (-71.0708823 42.3608013, -71.0707614 42.3594724)",True,False,0.0,0.0,0.0,0.0,0.0,0.0,0.0
16808,3290,5136,16808,"LINESTRING (-71.0707614 42.3594724, -71.0707216 42.3587884)",True,False,0.0,0.0,0.0,0.0,0.0,0.0,0.0
16809,830,848,16809,"LINESTRING (-71.0676147 42.3565931, -71.0691333 42.3562554)",True,False,0.0,0.0,0.0,0.0,0.0,0.0,0.0
16810,848,830,16810,"LINESTRING (-71.0691333 42.3562554, -71.0676147 42.3565931)",True,False,0.0,0.0,0.0,0.0,0.0,0.0,0.0
16811,1387,5431,16811,"LINESTRING (-71.067575 42.3527872, -71.0690719 42.3555979)",True,False,0.0,0.0,0.0,0.0,0.0,0.0,0.0
16816,5431,848,16816,"LINESTRING (-71.0690719 42.3555979, -71.0691333 42.3562554)",True,False,0.0,0.0,0.0,0.0,0.0,0.0,0.0
16817,848,839,16817,"LINESTRING (-71.0691333 42.3562554, -71.0694421 42.3562123)",True,False,0.0,0.0,0.0,0.0,0.0,0.0,0.0
16818,839,848,16818,"LINESTRING (-71.0694421 42.3562123, -71.0691333 42.3562554)",True,False,0.0,0.0,0.0,0.0,0.0,0.0,0.0
16819,1550,1546,16819,"LINESTRING (-71.070042 42.3610424, -71.0694606 42.3610788)",True,False,4.191080116606083,4.191080116606083,4.191079760189187,4.191079760736251,-3.5641689599685833e-07,-3.5586983226920665e-07,0.0
16820,1548,1551,16820,"LINESTRING (-71.0687275 42.3612002, -71.0700993 42.361195)",True,False,3.4843078114273083,3.4843078114273083,3.4843077970528933,3.4843077976949575,-1.4374414991635831e-08,-1.373235081203461e-08,0.0
16821,3027,3034,16821,"LINESTRING (-71.0665093 42.3666063, -71.0697488 42.3649393)",True,False,0.0,0.0,0.0,0.0,0.0,0.0,0.0
16822,3034,3239,16822,"LINESTRING (-71.0697488 42.3649393, -71.0702542 42.363899)",True,False,0.0,0.0,0.0,0.0,0.0,0.0,0.0
16823,3266,3267,16823,"LINESTRING (-71.0699269 42.3642864, -71.0690371 42.365547)",True,False,0.0,0.0,0.0,0.0,0.0,0.0,0.0
16824,4287,4298,16824,"LINESTRING (-71.068579 42.3641092, -71.0697412 42.3643742)",True,False,0.0,0.0,0.0,0.0,0.0,0.0,0.0
16825,4667,3034,16825,"LINESTRING (-71.0682729 42.3666739, -71.0697488 42.3649393)",True,False,0.0,0.0,0.0,0.0,0.0,0.0,0.0
16826,4694,4667,16826,"LINESTRING (-71.0702084 42.36773, -71.0682729 42.3666739)",True,False,3.454757289738468,3.4547572897384677,3.454756899626088,3.4547568998662173,-3.901123801774986e-07,-3.8987225092768085e-07,-4.440892098500626e-16
16827,4835,4299,16827,"LINESTRING (-71.0697853 42.3642888, -71.0686124 42.364021)",True,False,0.0,0.0,0.0,0.0,0.0,0.0,0.0
16828,4298,3267,16828,"LINESTRING (-71.0697412 42.3643742, -71.0690371 42.365547)",True,False,0.0,0.0,0.0,0.0,0.0,0.0,0.0
16829,3021,4694,16829,"LINESTRING (-71.0684876 42.3669096, -71.0702084 42.36773)",True,False,0.0,0.0,0.0,0.0,0.0,0.0,0.0
16876,1299,1301,16876,"LINESTRING (-71.0707928 42.3614169, -71.0727327 42.3614728)",True,False,3.4843078114273083,3.4843078114273083,3.4843077970528933,3.4843077976949575,-1.4374414991635831e-08,-1.373235081203461e-08,0.0
16877,3239,1301,16877,"LINESTRING (-71.0702542 42.363899, -71.0727327 42.3614728)",True,False,0.0,0.0,0.0,0.0,0.0,0.0,0.0
16878,3239,1300,16878,"LINESTRING (-71.0702542 42.363899, -71.0711824 42.3613819)",True,False,0.0,0.0,0.0,0.0,0.0,0.0,0.0
16879,1298,4835,16879,"LINESTRING (-71.0706917 42.3625226, -71.0697853 42.3642888)",True,False,0.0,0.0,0.0,0.0,0.0,0.0,0.0
16880,1297,1298,16880,"LINESTRING (-71.070599 42.3613946, -71.0706917 42.3625226)",True,False,0.0,0.0,0.0,0.0,0.0,0.0,0.0
16881,1297,1299,16881,"LINESTRING (-71.070599 42.3613946, -71.0707928 42.3614169)",True,False,3.4843078114273083,3.4843078114273083,3.4843077970528933,3.4843077976949575,-1.4374414991635831e-08,-1.373235081203461e-08,0.0
16882,1886,1297,16882,"LINESTRING (-71.0709588 42.3609698, -71.070599 42.3613946)",True,False,0.0,0.0,0.0,0.0,0.0,0.0,0.0
16883,1886,1888,16883,"LINESTRING (-71.0709588 42.3609698, -71.070221 42.3609479)",True,False,0.0,0.0,0.0,0.0,0.0,0.0,0.0
16884,1299,1303,16884,"LINESTRING (-71.0707928 42.3614169, -71.0710899 42.3612587)",True,False,0.0,0.0,0.0,0.0,0.0,0.0,0.0
16885,1300,1303,16885,"LINESTRING (-71.0711824 42.3613819, -71.0710899 42.3612587)",True,False,0.0,0.0,0.0,0.0,0.0,0.0,0.0
16886,1886,1299,16886,"LINESTRING (-71.0709588 42.3609698, -71.0707928 42.3614169)",True,False,0.0,0.0,0.0,0.0,0.0,0.0,0.0
16887,1303,1886,16887,"LINESTRING (-71.0710899 42.3612587, -71.0709588 42.3609698)",True,False,0.0,0.0,0.0,0.0,0.0,0.0,0.0
16888,1299,1300,16888,"LINESTRING (-71.0707928 42.3614169, -71.0711824 42.3613819)",True,False,0.0,0.0,0.0,0.0,0.0,0.0,0.0
16889,1888,1550,16889,"LINESTRING (-71.070221 42.3609479, -71.070042 42.3610424)",True,False,4.191080116606083,4.191080116606083,4.191079760189187,4.191079760736251,-3.5641689599685833e-07,-3.5586983226920665e-07,0.0
16890,1551,1297,16890,"LINESTRING (-71.0700993 42.361195, -71.070599 42.3613946)",True,False,3.4843078114273083,3.4843078114273083,3.4843077970528933,3.4843077976949575,-1.4374414991635831e-08,-1.373235081203461e-08,0.0
16891,1550,1551,16891,"LINESTRING (-71.070042 42.3610424, -71.0700993 42.361195)",True,False,0.0,0.0,0.0,0.0,0.0,0.0,0.0
16892,4835,4298,16892,"LINESTRING (-71.0697853 42.3642888, -71.0697412 42.3643742)",True,False,0.0,0.0,0.0,0.0,0.0,0.0,0.0
16893,2135,1548,16893,"LINESTRING (-71.066972 42.3612347, -71.0687275 42.3612002)",True,False,3.4843078114273083,3.4843078114273083,3.4843077970528933,3.4843077976949575,-1.4374414991635831e-08,-1.373235081203461e-08,0.0
16894,4284,4281,16894,"LINESTRING (-71.0670306 42.3634214, -71.0669926 42.3621936)",True,False,0.0,0.0,0.0,0.0,0.0,0.0,0.0
16895,4286,4287,16895,"LINESTRING (-71.0674802 42.3640015, -71.068579 42.3641092)",True,False,0.0,0.0,0.0,0.0,0.0,0.0,0.0
16896,4299,4283,16896,"LINESTRING (-71.0686124 42.364021, -71.0675139 42.363915)",True,False,0.0,0.0,0.0,0.0,0.0,0.0,0.0
16897,1549,4285,16897,"LINESTRING (-71.0678564 42.3611091, -71.066946 42.3611258)",True,False,4.191080116606083,4.191080116606083,4.191079760189187,4.191079760736251,-3.5641689599685833e-07,-3.5586983226920665e-07,0.0
16898,4918,5004,16898,"LINESTRING (-71.06687 42.3621953, -71.0669147 42.3634227)",True,False,0.0,0.0,0.0,0.0,0.0,0.0,0.0
16907,1547,1549,16907,"LINESTRING (-71.0687532 42.3610909, -71.0678564 42.3611091)",True,False,4.191080116606083,4.191080116606083,4.191079760189187,4.191079760736251,-3.5641689599685833e-07,-3.5586983226920665e-07,0.0
16908,1546,1547,16908,"LINESTRING (-71.0694606 42.3610788, -71.0687532 42.3610909)",True,False,4.191080116606083,4.191080116606083,4.191079760189187,4.191079760736251,-3.5641689599685833e-07,-3.5586983226920665e-07,0.0
16909,1547,1548,16909,"LINESTRING (-71.0687532 42.3610909, -71.0687275 42.3612002)",True,False,0.0,0.0,0.0,0.0,0.0,0.0,0.0
16910,1548,1547,16910,"LINESTRING (-71.0687275 42.3612002, -71.0687532 42.3610909)",True,False,0.0,0.0,0.0,0.0,0.0,0.0,0.0
16915,4281,4282,16915,"LINESTRING (-71.0669926 42.3621936, -71.0669799 42.3616434)",True,False,0.0,0.0,0.0,0.0,0.0,0.0,0.0
16916,4276,2134,16916,"LINESTRING (-71.066329 42.3612379, -71.0668523 42.3612353)",True,False,3.4843078114273083,3.4843078114273083,3.4843077970528933,3.4843077976949575,-1.4374414991635831e-08,-1.373235081203461e-08,0.0
16917,2136,4918,16917,"LINESTRING (-71.066859 42.3616434, -71.06687 42.3621953)",True,False,0.0,0.0,0.0,0.0,0.0,0.0,0.0
16918,4285,5112,16918,"LINESTRING (-71.066946 42.3611258, -71.0663801 42.3611308)",True,False,37.825663807353884,37.825663807353884,37.82566227509291,37.825662275806096,-1.5322609741019733e-06,-1.5315477881472361e-06,0.0
16919,2134,2136,16919,"LINESTRING (-71.0668523 42.3612353, -71.066859 42.3616434)",True,False,0.0,0.0,0.0,0.0,0.0,0.0,0.0
16920,4282,2135,16920,"LINESTRING (-71.0669799 42.3616434, -71.066972 42.3612347)",True,False,0.0,0.0,0.0,0.0,0.0,0.0,0.0
16921,2134,2135,16921,"LINESTRING (-71.0668523 42.3612353, -71.066972 42.3612347)",True,False,3.4843078114273083,3.4843078114273083,3.4843077970528933,3.4843077976949575,-1.4374414991635831e-08,-1.373235081203461e-08,0.0
16922,4285,2134,16922,"LINESTRING (-71.066946 42.3611258, -71.0668523 42.3612353)",True,False,0.0,0.0,0.0,0.0,0.0,0.0,0.0
16923,2135,4285,16923,"LINESTRING (-71.066972 42.3612347, -71.066946 42.3611258)",True,False,0.0,0.0,0.0,0.0,0.0,0.0,0.0
16924,5112,4268,16924,"LINESTRING (-71.0663801 42.3611308, -71.066002 42.3611274)",True,False,37.825663807353884,37.825663807353884,37.82566227509291,37.825662275806096,-1.5322609741019733e-06,-1.5315477881472361e-06,0.0
16925,4283,4284,16925,"LINESTRING (-71.0675139 42.363915, -71.0670306 42.3634214)",True,False,0.0,0.0,0.0,0.0,0.0,0.0,0.0
16926,5004,4286,16926,"LINESTRING (-71.0669147 42.3634227, -71.0674802 42.3640015)",True,False,0.0,0.0,0.0,0.0,0.0,0.0,0.0
16927,264,260,16927,"LINESTRING (-71.0669586 42.3674114, -71.0677052 42.3671084)",True,False,0.0,0.0,0.0,0.0,0.0,0.0,0.0
16928,261,3021,16928,"LINESTRING (-71.0678972 42.3669969, -71.0684876 42.3669096)",True,False,0.0,0.0,0.0,0.0,0.0,0.0,0.0
16929,261,3022,16929,"LINESTRING (-71.0678972 42.3669969, -71.068203 42.3667369)",True,False,0.0,0.0,0.0,0.0,0.0,0.0,0.0
16930,3029,3030,16930,"LINESTRING (-71.0668416 42.3665493, -71.067396 42.3669782)",True,False,0.0,0.0,0.0,0.0,0.0,0.0,0.0
16931,265,3031,16931,"LINESTRING (-71.0674891 42.367038, -71.0676223 42.3664913)",True,False,0.0,0.0,0.0,0.0,0.0,0.0,0.0
16932,265,260,16932,"LINESTRING (-71.0674891 42.367038, -71.0677052 42.3671084)",True,False,0.0,0.0,0.0,0.0,0.0,0.0,0.0
16933,3031,3022,16933,"LINESTRING (-71.0676223 42.3664913, -71.068203 42.3667369)",True,False,0.0,0.0,0.0,0.0,0.0,0.0,0.0
16934,3028,3035,16934,"LINESTRING (-71.0669032 42.3667926, -71.0670984 42.3672401)",True,False,0.0,0.0,0.0,0.0,0.0,0.0,0.0
16935,3028,3030,16935,"LINESTRING (-71.0669032 42.3667926, -71.067396 42.3669782)",True,False,0.0,0.0,0.0,0.0,0.0,0.0,0.0
16936,4668,2258,16936,"LINESTRING (-71.0681383 42.3665814, -71.0675832 42.3663786)",True,False,3.454757289738468,3.4547572897384677,3.454756899626088,3.4547568998662173,-3.901123801774986e-07,-3.8987225092768085e-07,-4.440892098500626e-16
16937,4112,2258,16937,"LINESTRING (-71.0686299 42.3659029, -71.0675832 42.3663786)",True,False,0.0,0.0,0.0,0.0,0.0,0.0,0.0
16938,3267,4112,16938,"LINESTRING (-71.0690371 42.365547, -71.0686299 42.3659029)",True,False,0.0,0.0,0.0,0.0,0.0,0.0,0.0
16939,4112,4668,16939,"LINESTRING (-71.0686299 42.3659029, -71.0681383 42.3665814)",True,False,0.0,0.0,0.0,0.0,0.0,0.0,0.0
16940,4667,4668,16940,"LINESTRING (-71.0682729 42.3666739, -71.0681383 42.3665814)",True,False,3.454757289738468,3.4547572897384677,3.454756899626088,3.4547568998662173,-3.901123801774986e-07,-3.8987225092768085e-07,-4.440892098500626e-16
16941,4668,3022,16941,"LINESTRING (-71.0681383 42.3665814, -71.068203 42.3667369)",True,False,0.0,0.0,0.0,0.0,0.0,0.0,0.0
16942,3022,4667,16942,"LINESTRING (-71.068203 42.3667369, -71.0682729 42.3666739)",True,False,0.0,0.0,0.0,0.0,0.0,0.0,0.0
16943,3022,3021,16943,"LINESTRING (-71.068203 42.3667369, -71.0684876 42.3669096)",True,False,0.0,0.0,0.0,0.0,0.0,0.0,0.0
16944,260,261,16944,"LINESTRING (-71.0677052 42.3671084, -71.0678972 42.3669969)",True,False,0.0,0.0,0.0,0.0,0.0,0.0,0.0
16945,2258,2260,16945,"LINESTRING (-71.0675832 42.3663786, -71.0661291 42.3660023)",True,False,0.0,0.0,0.0,0.0,0.0,0.0,0.0
16946,3029,3031,16946,"LINESTRING (-71.0668416 42.3665493, -71.0676223 42.3664913)",True,False,0.0,0.0,0.0,0.0,0.0,0.0,0.0
16947,3031,2258,16947,"LINESTRING (-71.0676223 42.3664913, -71.0675832 42.3663786)",True,False,0.0,0.0,0.0,0.0,0.0,0.0,0.0
16948,264,265,16948,"LINESTRING (-71.0669586 42.3674114, -71.0674891 42.367038)",True,False,0.0,0.0,0.0,0.0,0.0,0.0,0.0
16949,3030,3035,16949,"LINESTRING (-71.067396 42.3669782, -71.0670984 42.3672401)",True,False,0.0,0.0,0.0,0.0,0.0,0.0,0.0
16950,3030,265,16950,"LINESTRING (-71.067396 42.3669782, -71.0674891 42.367038)",True,False,0.0,0.0,0.0,0.0,0.0,0.0,0.0
16951,744,745,16951,"LINESTRING (-71.061982 42.356511, -71.0632118 42.3577154)",True,False,0.0,0.0,0.0,0.0,0.0,0.0,0.0
16952,745,744,16952,"LINESTRING (-71.0632118 42.3577154, -71.061982 42.356511)",True,False,0.0,0.0,0.0,0.0,0.0,0.0,0.0
16953,1492,4034,16953,"LINESTRING (-71.0579722 42.3554982, -71.0578211 42.3567404)",True,False,6.508237767338373,6.508237767338373,6.508237419187814,6.508237419444883,-3.481505590485767e-07,-3.4789349001584924e-07,0.0
16954,5400,5401,16954,"LINESTRING (-71.0627487 42.3579049, -71.0614958 42.358275)",True,False,0.0,0.0,0.0,0.0,0.0,0.0,0.0
16955,1196,5432,16955,"LINESTRING (-71.0612625 42.3571839, -71.0617859 42.3566828)",True,False,0.0,0.0,0.0,0.0,0.0,0.0,0.0
16956,5401,3591,16956,"LINESTRING (-71.0614958 42.358275, -71.0616419 42.3591853)",True,False,0.0,0.0,0.0,0.0,0.0,0.0,0.0
16977,1562,1253,16977,"LINESTRING (-71.0633385 42.3551742, -71.0642375 42.3533846)",True,False,0.0,0.0,0.0,0.0,0.0,0.0,0.0
16978,3449,746,16978,"LINESTRING (-71.061732 42.354348, -71.0628874 42.3556617)",True,False,0.0,0.0,0.0,0.0,0.0,0.0,0.0
16979,1997,1998,16979,"LINESTRING (-71.062537 42.353099, -71.062527 42.3532476)",True,False,0.0,0.0,0.0,0.0,0.0,0.0,0.0
16980,1998,2798,16980,"LINESTRING (-71.062527 42.3532476, -71.062191 42.353864)",True,False,0.0,0.0,0.0,0.0,0.0,0.0,0.0
16981,2798,3449,16981,"LINESTRING (-71.062191 42.353864, -71.061732 42.354348)",True,False,0.0,0.0,0.0,0.0,0.0,0.0,0.0
16982,744,746,16982,"LINESTRING (-71.061982 42.356511, -71.0628874 42.3556617)",True,False,0.0,0.0,0.0,0.0,0.0,0.0,0.0
16983,746,1562,16983,"LINESTRING (-71.0628874 42.3556617, -71.0633385 42.3551742)",True,False,0.0,0.0,0.0,0.0,0.0,0.0,0.0
16984,5432,744,16984,"LINESTRING (-71.0617859 42.3566828, -71.061982 42.356511)",True,False,0.0,0.0,0.0,0.0,0.0,0.0,0.0
16985,5400,3593,16985,"LINESTRING (-71.0627487 42.3579049, -71.0628954 42.3590216)",True,False,0.0,0.0,0.0,0.0,0.0,0.0,0.0
16986,745,826,16986,"LINESTRING (-71.0632118 42.3577154, -71.065086 42.3571645)",True,False,0.0,0.0,0.0,0.0,0.0,0.0,0.0
16987,826,745,16987,"LINESTRING (-71.065086 42.3571645, -71.0632118 42.3577154)",True,False,0.0,0.0,0.0,0.0,0.0,0.0,0.0
17006,745,5400,17006,"LINESTRING (-71.0632118 42.3577154, -71.0627487 42.3579049)",True,False,0.0,0.0,0.0,0.0,0.0,0.0,0.0
17007,3592,3593,17007,"LINESTRING (-71.0624143 42.3591116, -71.0628954 42.3590216)",True,False,0.0,0.0,0.0,0.0,0.0,0.0,0.0
17008,3592,3594,17008,"LINESTRING (-71.0624143 42.3591116, -71.0628424 42.3596152)",True,False,0.0,0.0,0.0,0.0,0.0,0.0,0.0
17009,734,3591,17009,"LINESTRING (-71.0615183 42.3598564, -71.0616419 42.3591853)",True,False,0.0,0.0,0.0,0.0,0.0,0.0,0.0
17010,3593,4224,17010,"LINESTRING (-71.0628954 42.3590216, -71.0628749 42.3593451)",True,False,0.0,0.0,0.0,0.0,0.0,0.0,0.0
17011,4224,3594,17011,"LINESTRING (-71.0628749 42.3593451, -71.0628424 42.3596152)",True,False,0.0,0.0,0.0,0.0,0.0,0.0,0.0
17012,3591,3592,17012,"LINESTRING (-71.0616419 42.3591853, -71.0624143 42.3591116)",True,False,0.0,0.0,0.0,0.0,0.0,0.0,0.0
17013,1238,1239,17013,"LINESTRING (-71.0593979 42.3533225, -71.0594887 42.3531443)",True,False,0.0,0.0,0.0,0.0,0.0,0.0,0.0
17014,2002,1494,17014,"LINESTRING (-71.0591487 42.3544889, -71.0580756 42.3554133)",True,False,16.35060761192667,16.35060761192667,16.35060687502468,16.350606876398814,-7.369019883185501e-07,-7.35527855511009e-07,0.0
17015,2069,1488,17015,"LINESTRING (-71.057626 42.3543103, -71.0575027 42.3551036)",True,False,0.0,0.0,5.01701151177154e-10,3.393036525177619e-10,5.01701151177154e-10,3.393036525177619e-10,0.0
17016,2262,2002,17016,"LINESTRING (-71.060296 42.353609, -71.0591487 42.3544889)",True,False,16.35060761192667,16.35060761192667,16.35060687502468,16.350606876398814,-7.369019883185501e-07,-7.35527855511009e-07,0.0
17017,1239,4068,17017,"LINESTRING (-71.0594887 42.3531443, -71.0594329 42.3528086)",True,False,0.0,0.0,0.0,0.0,0.0,0.0,0.0
17018,1488,2003,17018,"LINESTRING (-71.0575027 42.3551036, -71.058622 42.3540903)",True,False,0.0,0.0,0.0,0.0,0.0,0.0,0.0
17019,2262,2255,17019,"LINESTRING (-71.060296 42.353609, -71.0607 42.3531531)",True,False,0.0,0.0,0.0,0.0,0.0,0.0,0.0
17020,2255,2262,17020,"LINESTRING (-71.0607 42.3531531, -71.060296 42.353609)",True,False,16.35060761192667,16.35060761192667,16.35060687502468,16.350606876398814,-7.369019883185501e-07,-7.35527855511009e-07,0.0
17021,2003,1238,17021,"LINESTRING (-71.058622 42.3540903, -71.0593979 42.3533225)",True,False,0.0,0.0,0.0,0.0,0.0,0.0,0.0
17022,2003,2070,17022,"LINESTRING (-71.058622 42.3540903, -71.0580245 42.3536753)",True,False,0.0,0.0,0.0,0.0,0.0,0.0,0.0
17023,2070,2003,17023,"LINESTRING (-71.0580245 42.3536753, -71.058622 42.3540903)",True,False,0.0,0.0,0.0,0.0,0.0,0.0,0.0
17024,2070,1021,17024,"LINESTRING (-71.0580245 42.3536753, -71.0578013 42.353524)",True,False,0.0,0.0,0.0,0.0,0.0,0.0,0.0
17025,1021,2070,17025,"LINESTRING (-71.0578013 42.353524, -71.0580245 42.3536753)",True,False,0.0,0.0,5.01701151177154e-10,3.393036525177619e-10,5.01701151177154e-10,3.393036525177619e-10,0.0
17026,2002,2003,17026,"LINESTRING (-71.0591487 42.3544889, -71.058622 42.3540903)",True,False,0.0,0.0,0.0,0.0,0.0,0.0,0.0
17027,1020,1021,17027,"LINESTRING (-71.0575887 42.353411, -71.0578013 42.353524)",True,False,0.0,0.0,5.01701151177154e-10,3.393036525177619e-10,5.01701151177154e-10,3.393036525177619e-10,0.0
17028,1021,1020,17028,"LINESTRING (-71.0578013 42.353524, -71.0575887 42.353411)",True,False,0.0,0.0,5.203466924376152e-10,4.609779717642886e-10,5.203466924376152e-10,4.609779717642886e-10,0.0
17029,1231,1021,17029,"LINESTRING (-71.0578796 42.3533366, -71.0578013 42.353524)",True,False,0.0,0.0,5.203466924376152e-10,4.609779717642886e-10,5.203466924376152e-10,4.609779717642886e-10,0.0
17030,1021,1231,17030,"LINESTRING (-71.0578013 42.353524, -71.0578796 42.3533366)",True,False,0.0,0.0,0.0,0.0,0.0,0.0,0.0
17031,4254,1020,17031,"LINESTRING (-71.0578562 42.3532515, -71.0575887 42.353411)",True,False,6.082156115965258,6.082156115965258,6.082155698683839,6.082155698102849,-4.172814191960583e-07,-4.178624095629857e-07,0.0
17032,4254,1231,17032,"LINESTRING (-71.0578562 42.3532515, -71.0578796 42.3533366)",True,False,0.0,0.0,5.203466924376152e-10,4.609779717642886e-10,5.203466924376152e-10,4.609779717642886e-10,0.0
17033,2069,2070,17033,"LINESTRING (-71.057626 42.3543103, -71.0580245 42.3536753)",True,False,0.0,0.0,0.0,0.0,0.0,0.0,0.0
17034,2070,2069,17034,"LINESTRING (-71.0580245 42.3536753, -71.057626 42.3543103)",True,False,0.0,0.0,5.01701151177154e-10,3.393036525177619e-10,5.01701151177154e-10,3.393036525177619e-10,0.0
17035,1494,1558,17035,"LINESTRING (-71.0580756 42.3554133, -71.058914 42.355737)",True,False,0.0,0.0,0.0,0.0,0.0,0.0,0.0
17036,1494,1492,17036,"LINESTRING (-71.0580756 42.3554133, -71.0579722 42.3554982)",True,False,16.35060761192667,16.35060761192667,16.350606875997876,16.350606878896524,-7.359287934605163e-07,-7.33030145028124e-07,0.0
17037,733,3382,17037,"LINESTRING (-71.0598148 42.3590384, -71.0604465 42.3579952)",True,False,37.825663807353884,37.825663807353884,37.82566227302796,37.82566227229842,-1.5343259249789298e-06,-1.5350554605220168e-06,0.0
17038,2033,4161,17038,"LINESTRING (-71.0578304 42.3588328, -71.0594721 42.3592749)",True,False,3.4843078114273083,3.4843078114273083,3.4843077970528933,3.4843077976949575,-1.4374414991635831e-08,-1.373235081203461e-08,0.0
17039,5404,2033,17039,"LINESTRING (-71.058094 42.357663, -71.0578304 42.3588328)",True,False,0.0,0.0,0.0,0.0,0.0,0.0,0.0
17040,3382,5478,17040,"LINESTRING (-71.0604465 42.3579952, -71.05936 42.357697)",True,False,37.825663807353884,37.825663807353884,37.82566227302796,37.82566227229842,-1.5343259249789298e-06,-1.5350554605220168e-06,0.0
17041,5401,3382,17041,"LINESTRING (-71.0614958 42.358275, -71.0604465 42.3579952)",True,False,0.0,0.0,0.0,0.0,0.0,0.0,0.0
17042,3382,5401,17042,"LINESTRING (-71.0604465 42.3579952, -71.0614958 42.358275)",True,False,0.0,0.0,0.0,0.0,0.0,0.0,0.0
17043,3382,1195,17043,"LINESTRING (-71.0604465 42.3579952, -71.0610479 42.3573718)",True,False,0.0,0.0,0.0,0.0,0.0,0.0,0.0
17044,1195,1196,17044,"LINESTRING (-71.0610479 42.3573718, -71.0612625 42.3571839)",True,False,0.0,0.0,0.0,0.0,0.0,0.0,0.0
17045,4161,733,17045,"LINESTRING (-71.0594721 42.3592749, -71.0598148 42.3590384)",True,False,0.0,0.0,0.0,0.0,0.0,0.0,0.0
17046,4448,4035,17046,"LINESTRING (-71.0587646 42.3569825, -71.0580601 42.3567461)",True,False,0.0,0.0,0.0,0.0,0.0,0.0,0.0
17047,4035,4448,17047,"LINESTRING (-71.0580601 42.3567461, -71.0587646 42.3569825)",True,False,0.0,0.0,5.797646299157525e-10,6.556551389303279e-10,5.797646299157525e-10,6.556551389303279e-10,0.0
17048,4448,4449,17048,"LINESTRING (-71.0587646 42.3569825, -71.0583373 42.3574198)",True,False,0.0,0.0,5.797646299157525e-10,6.556551389303279e-10,5.797646299157525e-10,6.556551389303279e-10,0.0
17049,5478,4449,17049,"LINESTRING (-71.05936 42.357697, -71.0583373 42.3574198)",True,False,37.825663807353884,37.825663807353884,37.82566227302796,37.82566227229842,-1.5343259249789298e-06,-1.5350554605220168e-06,0.0
17050,4034,4035,17050,"LINESTRING (-71.0578211 42.3567404, -71.0580601 42.3567461)",True,False,0.0,0.0,5.797646299157525e-10,6.556551389303279e-10,5.797646299157525e-10,6.556551389303279e-10,0.0
17051,4035,4034,17051,"LINESTRING (-71.0580601 42.3567461, -71.0578211 42.3567404)",True,False,0.0,0.0,0.0,0.0,0.0,0.0,0.0
17052,4449,5404,17052,"LINESTRING (-71.0583373 42.3574198, -71.058094 42.357663)",True,False,37.825663807353884,37.825663807353884,37.825662273607726,37.82566227295408,-1.5337461576336864e-06,-1.5343998072125942e-06,0.0
17053,1053,1052,17053,"LINESTRING (-71.0617504 42.3651114, -71.0611214 42.3654487)",True,False,0.0,0.0,0.0,0.0,0.0,0.0,0.0
17054,3128,3129,17054,"LINESTRING (-71.0582568 42.3642133, -71.058956 42.3652195)",True,False,0.0,0.0,0.0,0.0,0.0,0.0,0.0
17055,3129,3131,17055,"LINESTRING (-71.058956 42.3652195, -71.0645623 42.3661574)",True,False,0.0,0.0,0.0,0.0,0.0,0.0,0.0
17056,4158,4159,17056,"LINESTRING (-71.058391 42.365242, -71.0583794 42.3647542)",True,False,22.141271864843205,22.141271864843205,22.141269620329386,22.141269621305852,-2.244513819249505e-06,-2.243537352342173e-06,0.0
17057,4159,4158,17057,"LINESTRING (-71.0583794 42.3647542, -71.058391 42.365242)",True,False,3.393024862908005,3.393024862908005,3.3930247615176516,3.3930247627925256,-1.0139035344636227e-07,-1.001154794622039e-07,0.0
17058,4200,4197,17058,"LINESTRING (-71.0607134 42.3658006, -71.0624067 42.364903)",True,False,0.0,0.0,0.0,0.0,0.0,0.0,0.0
17059,4147,4205,17059,"LINESTRING (-71.064304 42.3651911, -71.063412 42.3643158)",True,False,0.0,0.0,0.0,0.0,0.0,0.0,0.0
17060,735,4271,17060,"LINESTRING (-71.0612442 42.3609979, -71.0628639 42.361305)",True,False,3.4843078114273083,3.4843078114273083,3.4843077970528933,3.4843077976949575,-1.4374414991635831e-08,-1.373235081203461e-08,0.0
17061,4272,732,17061,"LINESTRING (-71.0628793 42.3611913, -71.061328 42.3608688)",True,False,37.825663807353884,37.825663807353884,37.825662274976054,37.825662275449396,-1.5323778299602964e-06,-1.531904487706015e-06,0.0
17062,4278,4279,17062,"LINESTRING (-71.062105 42.3635694, -71.061373 42.3633781)",True,False,0.0,0.0,0.0,0.0,0.0,0.0,0.0
17063,2226,3075,17063,"LINESTRING (-71.060619 42.3662248, -71.0584723 42.3640952)",True,False,3.454757289738468,3.4547572897384677,3.454756899626088,3.4547568998662173,-3.901123801774986e-07,-3.8987225092768085e-07,-4.440892098500626e-16
17064,2818,1053,17064,"LINESTRING (-71.0623107 42.3648143, -71.0617504 42.3651114)",True,False,0.0,0.0,0.0,0.0,0.0,0.0,0.0
17065,4198,262,17065,"LINESTRING (-71.0633371 42.3644105, -71.0641329 42.3652837)",True,False,0.0,0.0,0.0,0.0,0.0,0.0,0.0
17066,818,815,17066,"LINESTRING (-71.0613166 42.363469, -71.0620812 42.3636602)",True,False,0.0,0.0,0.0,0.0,0.0,0.0,0.0
17067,4300,5126,17067,"LINESTRING (-71.0608897 42.3627357, -71.061744 42.36247)",True,False,0.0,0.0,0.0,0.0,0.0,0.0,0.0
17068,5126,4300,17068,"LINESTRING (-71.061744 42.36247, -71.0608897 42.3627357)",True,False,0.0,0.0,1.1685667099103796e-10,3.5669736444501275e-10,1.1685667099103796e-10,3.5669736444501275e-10,0.0
17109,4271,4274,17109,"LINESTRING (-71.0628639 42.361305, -71.0637704 42.3612876)",True,False,3.4843078114273083,3.4843078114273083,3.4843077970528933,3.4843077976949575,-1.4374414991635831e-08,-1.373235081203461e-08,0.0
17110,4318,4277,17110,"LINESTRING (-71.0634193 42.3639127, -71.0638628 42.3622216)",True,False,0.0,0.0,0.0,0.0,0.0,0.0,0.0
17111,4277,4318,17111,"LINESTRING (-71.0638628 42.3622216, -71.0634193 42.3639127)",True,False,0.0,0.0,0.0,0.0,0.0,0.0,0.0
17112,4267,4272,17112,"LINESTRING (-71.0637236 42.361171, -71.0628793 42.3611913)",True,False,37.825663807353884,37.825663807353884,37.82566227509291,37.825662275806096,-1.5322609741019733e-06,-1.5315477881472361e-06,0.0
17113,4269,4270,17113,"LINESTRING (-71.0651378 42.361136, -71.0645577 42.3611492)",True,False,37.825663807353884,37.825663807353884,37.82566227509291,37.825662275806096,-1.5322609741019733e-06,-1.5315477881472361e-06,0.0
17114,4274,4277,17114,"LINESTRING (-71.0637704 42.3612876, -71.0638628 42.3622216)",True,False,0.0,0.0,0.0,0.0,0.0,0.0,0.0
17115,4277,4274,17115,"LINESTRING (-71.0638628 42.3622216, -71.0637704 42.3612876)",True,False,0.0,0.0,0.0,0.0,0.0,0.0,0.0
17116,4266,4267,17116,"LINESTRING (-71.0641435 42.3611585, -71.0637236 42.361171)",True,False,37.825663807353884,37.825663807353884,37.82566227509291,37.825662275806096,-1.5322609741019733e-06,-1.5315477881472361e-06,0.0
17117,4270,4266,17117,"LINESTRING (-71.0645577 42.3611492, -71.0641435 42.3611585)",True,False,37.825663807353884,37.825663807353884,37.82566227509291,37.825662275806096,-1.5322609741019733e-06,-1.5315477881472361e-06,0.0
17118,4274,4267,17118,"LINESTRING (-71.0637704 42.3612876, -71.0637236 42.361171)",True,False,0.0,0.0,0.0,0.0,0.0,0.0,0.0
17119,4267,4274,17119,"LINESTRING (-71.0637236 42.361171, -71.0637704 42.3612876)",True,False,0.0,0.0,0.0,0.0,0.0,0.0,0.0
17120,4271,4273,17120,"LINESTRING (-71.0628639 42.361305, -71.0622571 42.3621836)",True,False,0.0,0.0,1.1685667099103796e-10,3.5669736444501275e-10,1.1685667099103796e-10,3.5669736444501275e-10,0.0
17121,4273,4271,17121,"LINESTRING (-71.0622571 42.3621836, -71.0628639 42.361305)",True,False,0.0,0.0,0.0,0.0,0.0,0.0,0.0
17122,4271,4272,17122,"LINESTRING (-71.0628639 42.361305, -71.0628793 42.3611913)",True,False,0.0,0.0,0.0,0.0,0.0,0.0,0.0
17123,4272,4271,17123,"LINESTRING (-71.0628793 42.3611913, -71.0628639 42.361305)",True,False,0.0,0.0,1.1685667099103796e-10,3.5669736444501275e-10,1.1685667099103796e-10,3.5669736444501275e-10,0.0
17124,5126,4273,17124,"LINESTRING (-71.061744 42.36247, -71.0622571 42.3621836)",True,False,0.0,0.0,0.0,0.0,0.0,0.0,0.0
17125,4273,5126,17125,"LINESTRING (-71.0622571 42.3621836, -71.061744 42.36247)",True,False,0.0,0.0,1.1685667099103796e-10,3.5669736444501275e-10,1.1685667099103796e-10,3.5669736444501275e-10,0.0
17126,815,816,17126,"LINESTRING (-71.0620812 42.3636602, -71.0633552 42.3639849)",True,False,0.0,0.0,0.0,0.0,0.0,0.0,0.0
17127,2817,2818,17127,"LINESTRING (-71.0628876 42.3645042, -71.0623107 42.3648143)",True,False,0.0,0.0,0.0,0.0,0.0,0.0,0.0
17128,4197,4198,17128,"LINESTRING (-71.0624067 42.364903, -71.0633371 42.3644105)",True,False,0.0,0.0,0.0,0.0,0.0,0.0,0.0
17129,4318,4278,17129,"LINESTRING (-71.0634193 42.3639127, -71.062105 42.3635694)",True,False,0.0,0.0,0.0,0.0,0.0,0.0,0.0
17130,4479,2817,17130,"LINESTRING (-71.0633188 42.3642994, -71.0628876 42.3645042)",True,False,0.0,0.0,0.0,0.0,0.0,0.0,0.0
17131,816,4479,17131,"LINESTRING (-71.0633552 42.3639849, -71.0633188 42.3642994)",True,False,0.0,0.0,0.0,0.0,0.0,0.0,0.0
17132,4205,4478,17132,"LINESTRING (-71.063412 42.3643158, -71.0634322 42.3640063)",True,False,0.0,0.0,0.0,0.0,0.0,0.0,0.0
17133,816,4478,17133,"LINESTRING (-71.0633552 42.3639849, -71.0634322 42.3640063)",True,False,0.0,0.0,0.0,0.0,0.0,0.0,0.0
17134,4478,4318,17134,"LINESTRING (-71.0634322 42.3640063, -71.0634193 42.3639127)",True,False,0.0,0.0,0.0,0.0,0.0,0.0,0.0
17135,4318,816,17135,"LINESTRING (-71.0634193 42.3639127, -71.0633552 42.3639849)",True,False,0.0,0.0,0.0,0.0,0.0,0.0,0.0
17136,4198,4205,17136,"LINESTRING (-71.0633371 42.3644105, -71.063412 42.3643158)",True,False,0.0,0.0,0.0,0.0,0.0,0.0,0.0
17137,4479,4198,17137,"LINESTRING (-71.0633188 42.3642994, -71.0633371 42.3644105)",True,False,0.0,0.0,0.0,0.0,0.0,0.0,0.0
17138,4205,4479,17138,"LINESTRING (-71.063412 42.3643158, -71.0633188 42.3642994)",True,False,0.0,0.0,0.0,0.0,0.0,0.0,0.0
17151,3036,4147,17151,"LINESTRING (-71.0646059 42.3654671, -71.064304 42.3651911)",True,False,0.0,0.0,0.0,0.0,0.0,0.0,0.0
17152,262,263,17152,"LINESTRING (-71.0641329 42.3652837, -71.0640493 42.365904)",True,False,0.0,0.0,0.0,0.0,0.0,0.0,0.0
17157,2037,2038,17157,"LINESTRING (-71.0589841 42.3635556, -71.0595976 42.3631743)",True,False,0.0,0.0,0.0,0.0,0.0,0.0,0.0
17158,2952,2953,17158,"LINESTRING (-71.0609552 42.3612416, -71.058525 42.3624242)",True,False,0.0,0.0,1.9480945050175252e-09,3.150969564192707e-09,1.9480945050175252e-09,3.150969564192707e-09,0.0
17159,2953,2952,17159,"LINESTRING (-71.058525 42.3624242, -71.0609552 42.3612416)",True,False,0.0,0.0,0.0,0.0,0.0,0.0,0.0
17160,3490,2696,17160,"LINESTRING (-71.0583972 42.3637251, -71.057507 42.362771)",True,False,18.424692318802542,18.424692318802542,18.424690434404223,18.42469043471185,-1.8843983191629832e-06,-1.8840906932382495e-06,0.0
17161,4203,4204,17161,"LINESTRING (-71.0599438 42.3630048, -71.0607331 42.3627815)",True,False,0.0,0.0,0.0,0.0,0.0,0.0,0.0
17162,4204,4203,17162,"LINESTRING (-71.0607331 42.3627815, -71.0599438 42.3630048)",True,False,0.0,0.0,1.1685667099103796e-10,3.5669736444501275e-10,1.1685667099103796e-10,3.5669736444501275e-10,0.0
17163,4280,4204,17163,"LINESTRING (-71.0606747 42.3631957, -71.0607331 42.3627815)",True,False,0.0,0.0,0.0,0.0,0.0,0.0,0.0
17164,3494,3490,17164,"LINESTRING (-71.0597045 42.3630625, -71.0583972 42.3637251)",True,False,0.0,0.0,1.1685667099103796e-10,3.5669736444501275e-10,1.1685667099103796e-10,3.5669736444501275e-10,0.0
17165,2952,735,17165,"LINESTRING (-71.0609552 42.3612416, -71.0612442 42.3609979)",True,False,0.0,0.0,0.0,0.0,0.0,0.0,0.0
17166,735,2952,17166,"LINESTRING (-71.0612442 42.3609979, -71.0609552 42.3612416)",True,False,0.0,0.0,1.9480945050175252e-09,3.150969564192707e-09,1.9480945050175252e-09,3.150969564192707e-09,0.0
17167,732,735,17167,"LINESTRING (-71.061328 42.3608688, -71.0612442 42.3609979)",True,False,0.0,0.0,1.9480945050175252e-09,3.150969564192707e-09,1.9480945050175252e-09,3.150969564192707e-09,0.0
17168,735,732,17168,"LINESTRING (-71.0612442 42.3609979, -71.061328 42.3608688)",True,False,0.0,0.0,0.0,0.0,0.0,0.0,0.0
17169,4204,4300,17169,"LINESTRING (-71.0607331 42.3627815, -71.0608897 42.3627357)",True,False,0.0,0.0,0.0,0.0,0.0,0.0,0.0
17170,4300,4204,17170,"LINESTRING (-71.0608897 42.3627357, -71.0607331 42.3627815)",True,False,0.0,0.0,1.1685667099103796e-10,3.5669736444501275e-10,1.1685667099103796e-10,3.5669736444501275e-10,0.0
17171,4280,4203,17171,"LINESTRING (-71.0606747 42.3631957, -71.0599438 42.3630048)",True,False,0.0,0.0,0.0,0.0,0.0,0.0,0.0
17172,3494,817,17172,"LINESTRING (-71.0597045 42.3630625, -71.0607934 42.3633382)",True,False,0.0,0.0,0.0,0.0,0.0,0.0,0.0
17173,817,818,17173,"LINESTRING (-71.0607934 42.3633382, -71.0613166 42.363469)",True,False,0.0,0.0,0.0,0.0,0.0,0.0,0.0
17174,4279,4280,17174,"LINESTRING (-71.061373 42.3633781, -71.0606747 42.3631957)",True,False,0.0,0.0,0.0,0.0,0.0,0.0,0.0
17175,2038,3494,17175,"LINESTRING (-71.0595976 42.3631743, -71.0597045 42.3630625)",True,False,0.0,0.0,0.0,0.0,0.0,0.0,0.0
17176,4203,3494,17176,"LINESTRING (-71.0599438 42.3630048, -71.0597045 42.3630625)",True,False,0.0,0.0,1.1685667099103796e-10,3.5669736444501275e-10,1.1685667099103796e-10,3.5669736444501275e-10,0.0
17177,3494,4203,17177,"LINESTRING (-71.0597045 42.3630625, -71.0599438 42.3630048)",True,False,0.0,0.0,0.0,0.0,0.0,0.0,0.0
17178,2953,4201,17178,"LINESTRING (-71.058525 42.3624242, -71.0583761 42.3624797)",True,False,0.0,0.0,1.0149011452816726e-10,4.757521055247452e-11,1.0149011452816726e-10,4.757521055247452e-11,0.0
17179,4201,2953,17179,"LINESTRING (-71.0583761 42.3624797, -71.058525 42.3624242)",True,False,0.0,0.0,2.0813842721220587e-10,2.2062505827082697e-10,2.0813842721220587e-10,2.2062505827082697e-10,0.0
17180,948,4201,17180,"LINESTRING (-71.0575896 42.361535, -71.0583761 42.3624797)",True,False,0.0,0.0,1.7504254506961431e-09,4.238472793192568e-09,1.7504254506961431e-09,4.238472793192568e-09,0.0
17181,4201,2696,17181,"LINESTRING (-71.0583761 42.3624797, -71.057507 42.362771)",True,False,0.0,0.0,1.6437771380121044e-09,4.0654229454742164e-09,1.6437771380121044e-09,4.0654229454742164e-09,0.0
17182,3493,2037,17182,"LINESTRING (-71.058429 42.3638789, -71.0589841 42.3635556)",True,False,0.0,0.0,0.0,0.0,0.0,0.0,0.0
17183,3495,3496,17183,"LINESTRING (-71.058031 42.363752, -71.058287 42.3645038)",True,False,0.0,0.0,0.0,0.0,0.0,0.0,0.0
17184,4159,4160,17184,"LINESTRING (-71.0583794 42.3647542, -71.0584466 42.3642894)",True,False,22.141271864843205,22.141271864843205,22.14126962050952,22.141269621332942,-2.244333686007849e-06,-2.2435102629003723e-06,0.0
17185,4160,3493,17185,"LINESTRING (-71.0584466 42.3642894, -71.058429 42.3638789)",True,False,22.141271864843205,22.141271864843205,22.14126962050952,22.141269621332942,-2.244333686007849e-06,-2.2435102629003723e-06,0.0
17186,2887,4302,17186,"LINESTRING (-71.0576726 42.3638137, -71.0582093 42.3643685)",True,False,3.393024862908005,3.393024862908005,3.3930247616977867,3.393024762819615,-1.0121021842834921e-07,-1.0008839002040304e-07,0.0
17187,3490,3491,17187,"LINESTRING (-71.0583972 42.3637251, -71.0579016 42.3633636)",True,False,3.716579546040663,3.7165795460406628,3.7165791862221544,3.716579186977793,-3.5981850876609656e-07,-3.590628701033438e-07,-4.440892098500626e-16
17188,3495,3493,17188,"LINESTRING (-71.058031 42.363752, -71.058429 42.3638789)",True,False,0.0,0.0,0.0,0.0,0.0,0.0,0.0
17189,3493,3490,17189,"LINESTRING (-71.058429 42.3638789, -71.0583972 42.3637251)",True,False,22.141271864843205,22.141271864843205,22.14126962050952,22.141269621332942,-2.244333686007849e-06,-2.2435102629003723e-06,0.0
17190,4302,3496,17190,"LINESTRING (-71.0582093 42.3643685, -71.058287 42.3645038)",True,False,3.393024862908005,3.393024862908005,3.3930247616977867,3.393024762819615,-1.0121021842834921e-07,-1.0008839002040304e-07,0.0
17191,3496,4159,17191,"LINESTRING (-71.058287 42.3645038, -71.0583794 42.3647542)",True,False,3.393024862908005,3.393024862908005,3.3930247616977867,3.393024762819615,-1.0121021842834921e-07,-1.0008839002040304e-07,0.0
17192,525,527,17192,"LINESTRING (-71.0594631 42.3663886, -71.0585445 42.3668962)",True,False,0.0,0.0,0.0,0.0,0.0,0.0,0.0
17193,527,525,17193,"LINESTRING (-71.0585445 42.3668962, -71.0594631 42.3663886)",True,False,0.0,0.0,0.0,0.0,0.0,0.0,0.0
17194,527,1643,17194,"LINESTRING (-71.0585445 42.3668962, -71.058563 42.3670624)",True,False,3.393024862908005,3.393024862908005,3.3930247609635953,3.393024762415621,-1.0194440980271224e-07,-1.0049238419185258e-07,0.0
17195,1642,4833,17195,"LINESTRING (-71.0584463 42.3669707, -71.0580876 42.3672426)",True,False,0.0,0.0,5.540562290857487e-10,3.769048831771316e-10,5.540562290857487e-10,3.769048831771316e-10,0.0
17196,4833,1642,17196,"LINESTRING (-71.0580876 42.3672426, -71.0584463 42.3669707)",True,False,0.0,0.0,0.0,0.0,0.0,0.0,0.0
17197,1050,1051,17197,"LINESTRING (-71.0606251 42.3657102, -71.0601939 42.366004)",True,False,0.0,0.0,0.0,0.0,0.0,0.0,0.0
17198,1051,4200,17198,"LINESTRING (-71.0601939 42.366004, -71.0607134 42.3658006)",True,False,0.0,0.0,0.0,0.0,0.0,0.0,0.0
17199,1052,1050,17199,"LINESTRING (-71.0611214 42.3654487, -71.0606251 42.3657102)",True,False,0.0,0.0,0.0,0.0,0.0,0.0,0.0
17200,526,1051,17200,"LINESTRING (-71.0598082 42.3662131, -71.0601939 42.366004)",True,False,0.0,0.0,0.0,0.0,0.0,0.0,0.0
17201,1051,526,17201,"LINESTRING (-71.0601939 42.366004, -71.0598082 42.3662131)",True,False,0.0,0.0,0.0,0.0,0.0,0.0,0.0
17202,525,526,17202,"LINESTRING (-71.0594631 42.3663886, -71.0598082 42.3662131)",True,False,0.0,0.0,0.0,0.0,0.0,0.0,0.0
17203,526,525,17203,"LINESTRING (-71.0598082 42.3662131, -71.0594631 42.3663886)",True,False,0.0,0.0,0.0,0.0,0.0,0.0,0.0
17204,527,1644,17204,"LINESTRING (-71.0585445 42.3668962, -71.0583951 42.3654618)",True,False,22.141271864843205,22.141271864843205,22.141269620329386,22.141269621305852,-2.244513819249505e-06,-2.243537352342173e-06,0.0
17205,1644,527,17205,"LINESTRING (-71.0583951 42.3654618, -71.0585445 42.3668962)",True,False,3.393024862908005,3.393024862908005,3.3930247615176516,3.3930247627925256,-1.0139035344636227e-07,-1.001154794622039e-07,0.0
17206,527,1642,17206,"LINESTRING (-71.0585445 42.3668962, -71.0584463 42.3669707)",True,False,0.0,0.0,5.540562290857487e-10,3.769048831771316e-10,5.540562290857487e-10,3.769048831771316e-10,0.0
17207,1642,527,17207,"LINESTRING (-71.0584463 42.3669707, -71.0585445 42.3668962)",True,False,11.019329138625707,11.019329138625709,11.019328596902907,11.01932859696337,-5.417227999515717e-07,-5.41662338093829e-07,1.7763568394002505e-15
17208,4158,1644,17208,"LINESTRING (-71.058391 42.365242, -71.0583951 42.3654618)",True,False,3.393024862908005,3.393024862908005,3.3930247615176516,3.3930247627925256,-1.0139035344636227e-07,-1.001154794622039e-07,0.0
17209,1644,4158,17209,"LINESTRING (-71.0583951 42.3654618, -71.058391 42.365242)",True,False,22.141271864843205,22.141271864843205,22.141269620329386,22.141269621305852,-2.244513819249505e-06,-2.243537352342173e-06,0.0
17210,4833,1635,17210,"LINESTRING (-71.0580876 42.3672426, -71.0586959 42.3673032)",True,False,0.0,0.0,5.540562290857487e-10,3.769048831771316e-10,5.540562290857487e-10,3.769048831771316e-10,0.0
17211,1643,1635,17211,"LINESTRING (-71.058563 42.3670624, -71.0586959 42.3673032)",True,False,3.393024862908005,3.393024862908005,3.3930247609635953,3.393024762415621,-1.0194440980271224e-07,-1.0049238419185258e-07,0.0
17212,2418,1409,17212,"LINESTRING (-71.0483549 42.3463111, -71.0514276 42.3437056)",True,False,0.0,0.0,0.0,0.0,0.0,0.0,0.0
17213,1409,2418,17213,"LINESTRING (-71.0514276 42.3437056, -71.0483549 42.3463111)",True,False,0.0,0.0,0.0,0.0,0.0,0.0,0.0
17214,2425,2427,17214,"LINESTRING (-71.0414383 42.3445493, -71.0470605 42.3397108)",True,False,0.0,0.0,0.0,0.0,0.0,0.0,0.0
17215,2427,2425,17215,"LINESTRING (-71.0470605 42.3397108, -71.0414383 42.3445493)",True,False,0.0,0.0,0.0,0.0,0.0,0.0,0.0
17216,3098,3099,17216,"LINESTRING (-71.0501069 42.3477204, -71.045682 42.3488342)",True,False,0.0,0.0,0.0,0.0,0.0,0.0,0.0
17217,3098,3100,17217,"LINESTRING (-71.0501069 42.3477204, -71.0449788 42.3482728)",True,False,0.0,0.0,0.0,0.0,0.0,0.0,0.0
17218,2172,2903,17218,"LINESTRING (-71.0514905 42.3476898, -71.0478681 42.3479949)",True,False,0.0,0.0,0.0,0.0,0.0,0.0,0.0
17219,2172,3100,17219,"LINESTRING (-71.0514905 42.3476898, -71.0449788 42.3482728)",True,False,0.0,0.0,0.0,0.0,0.0,0.0,0.0
17220,1622,1116,17220,"LINESTRING (-71.0494669 42.3490793, -71.0484666 42.3503684)",True,False,0.0,0.0,0.0,0.0,0.0,0.0,0.0
17221,1116,1622,17221,"LINESTRING (-71.0484666 42.3503684, -71.0494669 42.3490793)",True,False,0.0,0.0,0.0,0.0,0.0,0.0,0.0
17222,4480,4481,17222,"LINESTRING (-71.0497722 42.3512064, -71.0490141 42.3507133)",True,False,0.0,0.0,0.0,0.0,0.0,0.0,0.0
17223,4481,4480,17223,"LINESTRING (-71.0490141 42.3507133, -71.0497722 42.3512064)",True,False,0.0,0.0,0.0,0.0,0.0,0.0,0.0
17224,4486,4487,17224,"LINESTRING (-71.0437211 42.3449106, -71.0478348 42.3413727)",True,False,0.0,0.0,0.0,0.0,0.0,0.0,0.0
17225,4487,4486,17225,"LINESTRING (-71.0478348 42.3413727, -71.0437211 42.3449106)",True,False,0.0,0.0,0.0,0.0,0.0,0.0,0.0
17226,4487,4726,17226,"LINESTRING (-71.0478348 42.3413727, -71.0493744 42.3423678)",True,False,0.0,0.0,0.0,0.0,0.0,0.0,0.0
17227,4726,4487,17227,"LINESTRING (-71.0493744 42.3423678, -71.0478348 42.3413727)",True,False,0.0,0.0,0.0,0.0,0.0,0.0,0.0
17228,4836,4864,17228,"LINESTRING (-71.0484588 42.3494072, -71.0509637 42.3505525)",True,False,0.0,0.0,0.0,0.0,0.0,0.0,0.0
17229,4864,4836,17229,"LINESTRING (-71.0509637 42.3505525, -71.0484588 42.3494072)",True,False,0.0,0.0,0.0,0.0,0.0,0.0,0.0
17230,3109,3117,17230,"LINESTRING (-71.0457645 42.3486913, -71.0572786 42.3473409)",True,False,0.0,0.0,0.0,0.0,0.0,0.0,0.0
17231,4838,4720,17231,"LINESTRING (-71.0492764 42.3401448, -71.048603 42.3407055)",True,False,0.0,0.0,0.0,0.0,0.0,0.0,0.0
17232,4720,3891,17232,"LINESTRING (-71.048603 42.3407055, -71.0501482 42.3417019)",True,False,0.0,0.0,0.0,0.0,0.0,0.0,0.0
17233,3891,4720,17233,"LINESTRING (-71.0501482 42.3417019, -71.048603 42.3407055)",True,False,0.0,0.0,0.0,0.0,0.0,0.0,0.0
17234,4994,4986,17234,"LINESTRING (-71.0483604 42.3385894, -71.0492798 42.3378165)",True,False,0.0,0.0,0.0,0.0,0.0,0.0,0.0
17235,1832,4986,17235,"LINESTRING (-71.0477495 42.3368233, -71.0492798 42.3378165)",True,False,0.0,0.0,0.0,0.0,0.0,0.0,0.0
17236,4986,1832,17236,"LINESTRING (-71.0492798 42.3378165, -71.0477495 42.3368233)",True,False,0.0,0.0,0.0,0.0,0.0,0.0,0.0
17237,4470,4762,17237,"LINESTRING (-71.0531135 42.3443931, -71.0525902 42.3450679)",True,False,0.0,0.0,0.0,0.0,0.0,0.0,0.0
17238,4762,4470,17238,"LINESTRING (-71.0525902 42.3450679, -71.0531135 42.3443931)",True,False,0.0,0.0,0.0,0.0,0.0,0.0,0.0
17267,2370,2373,17267,"LINESTRING (-71.0563402 42.3411207, -71.0547636 42.3400962)",True,False,0.0,0.0,0.0,0.0,0.0,0.0,0.0
17268,2373,2370,17268,"LINESTRING (-71.0547636 42.3400962, -71.0563402 42.3411207)",True,False,0.0,0.0,0.0,0.0,0.0,0.0,0.0
17269,3890,4129,17269,"LINESTRING (-71.052608 42.3422926, -71.0540139 42.342797)",True,False,0.0,0.0,0.0,0.0,0.0,0.0,0.0
17270,3230,4707,17270,"LINESTRING (-71.0571417 42.3400381, -71.0570469 42.3404294)",True,False,0.0,0.0,0.0,0.0,0.0,0.0,0.0
17271,4763,3230,17271,"LINESTRING (-71.0571669 42.3405407, -71.0571417 42.3400381)",True,False,0.0,0.0,0.0,0.0,0.0,0.0,0.0
17272,4690,4965,17272,"LINESTRING (-71.0539237 42.3408057, -71.052379 42.3398081)",True,False,0.0,0.0,0.0,0.0,0.0,0.0,0.0
17273,4965,4690,17273,"LINESTRING (-71.052379 42.3398081, -71.0539237 42.3408057)",True,False,0.0,0.0,0.0,0.0,0.0,0.0,0.0
17274,2373,4966,17274,"LINESTRING (-71.0547636 42.3400962, -71.0543633 42.3404347)",True,False,0.0,0.0,0.0,0.0,0.0,0.0,0.0
17275,4966,2373,17275,"LINESTRING (-71.0543633 42.3404347, -71.0547636 42.3400962)",True,False,0.0,0.0,0.0,0.0,0.0,0.0,0.0
17276,4470,4655,17276,"LINESTRING (-71.0531135 42.3443931, -71.0537133 42.3433816)",True,False,0.0,0.0,0.0,0.0,0.0,0.0,0.0
17277,4655,4470,17277,"LINESTRING (-71.0537133 42.3433816, -71.0531135 42.3443931)",True,False,0.0,0.0,0.0,0.0,0.0,0.0,0.0
17350,2371,2372,17350,"LINESTRING (-71.0551707 42.339752, -71.0554816 42.3394891)",True,False,0.0,0.0,0.0,0.0,0.0,0.0,0.0
17351,2372,2371,17351,"LINESTRING (-71.0554816 42.3394891, -71.0551707 42.339752)",True,False,0.0,0.0,0.0,0.0,0.0,0.0,0.0
17352,3229,2773,17352,"LINESTRING (-71.0571207 42.3385487, -71.0571537 42.3382329)",True,False,0.0,0.0,0.0,0.0,0.0,0.0,0.0
17353,3882,3883,17353,"LINESTRING (-71.0569604 42.3382351, -71.0562363 42.3388509)",True,False,0.0,0.0,0.0,0.0,0.0,0.0,0.0
17354,3883,3882,17354,"LINESTRING (-71.0562363 42.3388509, -71.0569604 42.3382351)",True,False,0.0,0.0,0.0,0.0,0.0,0.0,0.0
17355,2213,3229,17355,"LINESTRING (-71.0570563 42.3382062, -71.0571207 42.3385487)",True,False,0.0,0.0,0.0,0.0,0.0,0.0,0.0
17378,1624,1625,17378,"LINESTRING (-71.0561501 42.3366145, -71.0569681 42.3379511)",True,False,0.0,0.0,0.0,0.0,0.0,0.0,0.0
17379,2771,1626,17379,"LINESTRING (-71.0569604 42.3377323, -71.0562383 42.3365829)",True,False,0.0,0.0,0.0,0.0,0.0,0.0,0.0
17380,1625,2214,17380,"LINESTRING (-71.0569681 42.3379511, -71.0566885 42.3380633)",True,False,0.0,0.0,0.0,0.0,0.0,0.0,0.0
17381,2773,2770,17381,"LINESTRING (-71.0571537 42.3382329, -71.057091 42.3372917)",True,False,0.0,0.0,0.0,0.0,0.0,0.0,0.0
17382,2773,2771,17382,"LINESTRING (-71.0571537 42.3382329, -71.0569604 42.3377323)",True,False,0.0,0.0,0.0,0.0,0.0,0.0,0.0
17383,2771,1625,17383,"LINESTRING (-71.0569604 42.3377323, -71.0569681 42.3379511)",True,False,0.0,0.0,0.0,0.0,0.0,0.0,0.0
17384,2770,2771,17384,"LINESTRING (-71.057091 42.3372917, -71.0569604 42.3377323)",True,False,0.0,0.0,0.0,0.0,0.0,0.0,0.0
17385,1625,2213,17385,"LINESTRING (-71.0569681 42.3379511, -71.0570563 42.3382062)",True,False,0.0,0.0,0.0,0.0,0.0,0.0,0.0
17386,3882,2213,17386,"LINESTRING (-71.0569604 42.3382351, -71.0570563 42.3382062)",True,False,0.0,0.0,0.0,0.0,0.0,0.0,0.0
17387,2213,3882,17387,"LINESTRING (-71.0570563 42.3382062, -71.0569604 42.3382351)",True,False,0.0,0.0,0.0,0.0,0.0,0.0,0.0
17388,3229,3230,17388,"LINESTRING (-71.0571207 42.3385487, -71.0571417 42.3400381)",True,False,0.0,0.0,0.0,0.0,0.0,0.0,0.0
17389,3230,3229,17389,"LINESTRING (-71.0571417 42.3400381, -71.0571207 42.3385487)",True,False,0.0,0.0,0.0,0.0,0.0,0.0,0.0
17390,4520,2372,17390,"LINESTRING (-71.0562095 42.3388737, -71.0554816 42.3394891)",True,False,0.0,0.0,0.0,0.0,0.0,0.0,0.0
17391,2372,4520,17391,"LINESTRING (-71.0554816 42.3394891, -71.0562095 42.3388737)",True,False,0.0,0.0,0.0,0.0,0.0,0.0,0.0
17400,4520,3883,17400,"LINESTRING (-71.0562095 42.3388737, -71.0562363 42.3388509)",True,False,0.0,0.0,0.0,0.0,0.0,0.0,0.0
17401,3883,4520,17401,"LINESTRING (-71.0562363 42.3388509, -71.0562095 42.3388737)",True,False,0.0,0.0,0.0,0.0,0.0,0.0,0.0
17404,2371,2373,17404,"LINESTRING (-71.0551707 42.339752, -71.0547636 42.3400962)",True,False,0.0,0.0,0.0,0.0,0.0,0.0,0.0
17405,2373,2371,17405,"LINESTRING (-71.0547636 42.3400962, -71.0551707 42.339752)",True,False,0.0,0.0,0.0,0.0,0.0,0.0,0.0
17406,4544,4647,17406,"LINESTRING (-71.0542906 42.3428639, -71.0553765 42.3431132)",True,False,0.0,0.0,0.0,0.0,0.0,0.0,0.0
17407,4647,4544,17407,"LINESTRING (-71.0553765 42.3431132, -71.0542906 42.3428639)",True,False,0.0,0.0,0.0,0.0,0.0,0.0,0.0
17408,4654,4670,17408,"LINESTRING (-71.0546026 42.3426063, -71.0550442 42.3422301)",True,False,0.0,0.0,0.0,0.0,0.0,0.0,0.0
17409,4670,4654,17409,"LINESTRING (-71.0550442 42.3422301, -71.0546026 42.3426063)",True,False,0.0,0.0,0.0,0.0,0.0,0.0,0.0
17410,4689,4690,17410,"LINESTRING (-71.0555089 42.3418346, -71.0539237 42.3408057)",True,False,0.0,0.0,0.0,0.0,0.0,0.0,0.0
17411,4690,4689,17411,"LINESTRING (-71.0539237 42.3408057, -71.0555089 42.3418346)",True,False,0.0,0.0,0.0,0.0,0.0,0.0,0.0
17412,4689,4670,17412,"LINESTRING (-71.0555089 42.3418346, -71.0550442 42.3422301)",True,False,0.0,0.0,0.0,0.0,0.0,0.0,0.0
17413,4670,4689,17413,"LINESTRING (-71.0550442 42.3422301, -71.0555089 42.3418346)",True,False,0.0,0.0,0.0,0.0,0.0,0.0,0.0
17414,4689,4070,17414,"LINESTRING (-71.0555089 42.3418346, -71.0571397 42.3428537)",True,False,0.0,0.0,0.0,0.0,0.0,0.0,0.0
17415,4070,4689,17415,"LINESTRING (-71.0571397 42.3428537, -71.0555089 42.3418346)",True,False,0.0,0.0,0.0,0.0,0.0,0.0,0.0
17416,4706,4070,17416,"LINESTRING (-71.0571208 42.3422048, -71.0571397 42.3428537)",True,False,0.0,0.0,0.0,0.0,0.0,0.0,0.0
17417,4070,4706,17417,"LINESTRING (-71.0571397 42.3428537, -71.0571208 42.3422048)",True,False,0.0,0.0,0.0,0.0,0.0,0.0,0.0
17418,2368,2370,17418,"LINESTRING (-71.0567386 42.3407785, -71.0563402 42.3411207)",True,False,0.0,0.0,0.0,0.0,0.0,0.0,0.0
17419,2370,2368,17419,"LINESTRING (-71.0563402 42.3411207, -71.0567386 42.3407785)",True,False,0.0,0.0,0.0,0.0,0.0,0.0,0.0
17420,2370,3749,17420,"LINESTRING (-71.0563402 42.3411207, -71.0571022 42.3415878)",True,False,0.0,0.0,0.0,0.0,0.0,0.0,0.0
17421,3749,2370,17421,"LINESTRING (-71.0571022 42.3415878, -71.0563402 42.3411207)",True,False,0.0,0.0,0.0,0.0,0.0,0.0,0.0
17422,2370,3750,17422,"LINESTRING (-71.0563402 42.3411207, -71.0559411 42.3414646)",True,False,0.0,0.0,0.0,0.0,0.0,0.0,0.0
17423,3750,2370,17423,"LINESTRING (-71.0559411 42.3414646, -71.0563402 42.3411207)",True,False,0.0,0.0,0.0,0.0,0.0,0.0,0.0
17424,2369,3749,17424,"LINESTRING (-71.0570131 42.3406854, -71.0571022 42.3415878)",True,False,0.0,0.0,0.0,0.0,0.0,0.0,0.0
17425,3749,4763,17425,"LINESTRING (-71.0571022 42.3415878, -71.0571669 42.3405407)",True,False,0.0,0.0,0.0,0.0,0.0,0.0,0.0
17426,2368,2369,17426,"LINESTRING (-71.0567386 42.3407785, -71.0570131 42.3406854)",True,False,0.0,0.0,0.0,0.0,0.0,0.0,0.0
17427,4519,2368,17427,"LINESTRING (-71.0570296 42.3405348, -71.0567386 42.3407785)",True,False,0.0,0.0,0.0,0.0,0.0,0.0,0.0
17428,4519,2369,17428,"LINESTRING (-71.0570296 42.3405348, -71.0570131 42.3406854)",True,False,0.0,0.0,0.0,0.0,0.0,0.0,0.0
17429,2369,4763,17429,"LINESTRING (-71.0570131 42.3406854, -71.0571669 42.3405407)",True,False,0.0,0.0,0.0,0.0,0.0,0.0,0.0
17430,4707,4519,17430,"LINESTRING (-71.0570469 42.3404294, -71.0570296 42.3405348)",True,False,0.0,0.0,0.0,0.0,0.0,0.0,0.0
17431,4706,3749,17431,"LINESTRING (-71.0571208 42.3422048, -71.0571022 42.3415878)",True,False,0.0,0.0,0.0,0.0,0.0,0.0,0.0
17432,3749,4706,17432,"LINESTRING (-71.0571022 42.3415878, -71.0571208 42.3422048)",True,False,0.0,0.0,0.0,0.0,0.0,0.0,0.0
17433,4689,3750,17433,"LINESTRING (-71.0555089 42.3418346, -71.0559411 42.3414646)",True,False,0.0,0.0,0.0,0.0,0.0,0.0,0.0
17434,3750,4689,17434,"LINESTRING (-71.0559411 42.3414646, -71.0555089 42.3418346)",True,False,0.0,0.0,0.0,0.0,0.0,0.0,0.0
17435,4517,4518,17435,"LINESTRING (-71.0572083 42.3432573, -71.0572292 42.3435189)",True,False,0.0,0.0,0.0,0.0,0.0,0.0,0.0
17436,4518,4517,17436,"LINESTRING (-71.0572292 42.3435189, -71.0572083 42.3432573)",True,False,0.0,0.0,0.0,0.0,0.0,0.0,0.0
17437,4647,4664,17437,"LINESTRING (-71.0553765 42.3431132, -71.056754 42.3434304)",True,False,0.0,0.0,0.0,0.0,0.0,0.0,0.0
17438,4664,4647,17438,"LINESTRING (-71.056754 42.3434304, -71.0553765 42.3431132)",True,False,0.0,0.0,0.0,0.0,0.0,0.0,0.0
17439,4517,4070,17439,"LINESTRING (-71.0572083 42.3432573, -71.0571397 42.3428537)",True,False,0.0,0.0,0.0,0.0,0.0,0.0,0.0
17440,4070,4517,17440,"LINESTRING (-71.0571397 42.3428537, -71.0572083 42.3432573)",True,False,0.0,0.0,0.0,0.0,0.0,0.0,0.0
17441,4664,4518,17441,"LINESTRING (-71.056754 42.3434304, -71.0572292 42.3435189)",True,False,0.0,0.0,0.0,0.0,0.0,0.0,0.0
17442,4518,4664,17442,"LINESTRING (-71.0572292 42.3435189, -71.056754 42.3434304)",True,False,0.0,0.0,0.0,0.0,0.0,0.0,0.0
17443,4690,4966,17443,"LINESTRING (-71.0539237 42.3408057, -71.0543633 42.3404347)",True,False,0.0,0.0,0.0,0.0,0.0,0.0,0.0
17444,4966,4690,17444,"LINESTRING (-71.0543633 42.3404347, -71.0539237 42.3408057)",True,False,0.0,0.0,0.0,0.0,0.0,0.0,0.0
17445,4544,4654,17445,"LINESTRING (-71.0542906 42.3428639, -71.0546026 42.3426063)",True,False,0.0,0.0,0.0,0.0,0.0,0.0,0.0
17446,4654,4544,17446,"LINESTRING (-71.0546026 42.3426063, -71.0542906 42.3428639)",True,False,0.0,0.0,0.0,0.0,0.0,0.0,0.0
17447,4544,4655,17447,"LINESTRING (-71.0542906 42.3428639, -71.0537133 42.3433816)",True,False,0.0,0.0,0.0,0.0,0.0,0.0,0.0
17448,4655,4544,17448,"LINESTRING (-71.0537133 42.3433816, -71.0542906 42.3428639)",True,False,0.0,0.0,0.0,0.0,0.0,0.0,0.0
17449,4129,4544,17449,"LINESTRING (-71.0540139 42.342797, -71.0542906 42.3428639)",True,False,0.0,0.0,0.0,0.0,0.0,0.0,0.0
17450,4990,4839,17450,"LINESTRING (-71.0516539 42.3381198, -71.0508471 42.3388152)",True,False,0.0,0.0,0.0,0.0,0.0,0.0,0.0
17451,4839,4990,17451,"LINESTRING (-71.0508471 42.3388152, -71.0516539 42.3381198)",True,False,0.0,0.0,0.0,0.0,0.0,0.0,0.0
17452,4986,4839,17452,"LINESTRING (-71.0492798 42.3378165, -71.0508471 42.3388152)",True,False,0.0,0.0,0.0,0.0,0.0,0.0,0.0
17453,4839,4986,17453,"LINESTRING (-71.0508471 42.3388152, -71.0492798 42.3378165)",True,False,0.0,0.0,0.0,0.0,0.0,0.0,0.0
17454,4965,4839,17454,"LINESTRING (-71.052379 42.3398081, -71.0508471 42.3388152)",True,False,0.0,0.0,0.0,0.0,0.0,0.0,0.0
17455,4839,4965,17455,"LINESTRING (-71.0508471 42.3388152, -71.052379 42.3398081)",True,False,0.0,0.0,0.0,0.0,0.0,0.0,0.0
17456,4945,4980,17456,"LINESTRING (-71.0531217 42.336884, -71.0523884 42.3374892)",True,False,0.0,0.0,0.0,0.0,0.0,0.0,0.0
17457,4980,4945,17457,"LINESTRING (-71.0523884 42.3374892, -71.0531217 42.336884)",True,False,0.0,0.0,0.0,0.0,0.0,0.0,0.0
17458,4990,4980,17458,"LINESTRING (-71.0516539 42.3381198, -71.0523884 42.3374892)",True,False,0.0,0.0,0.0,0.0,0.0,0.0,0.0
17459,4980,4990,17459,"LINESTRING (-71.0523884 42.3374892, -71.0516539 42.3381198)",True,False,0.0,0.0,0.0,0.0,0.0,0.0,0.0
17460,4947,4948,17460,"LINESTRING (-71.0508441 42.3364855, -71.0501125 42.3371068)",True,False,0.0,0.0,0.0,0.0,0.0,0.0,0.0
17461,4948,4986,17461,"LINESTRING (-71.0501125 42.3371068, -71.0492798 42.3378165)",True,False,0.0,0.0,0.0,0.0,0.0,0.0,0.0
17462,4837,4839,17462,"LINESTRING (-71.0499166 42.3395893, -71.0508471 42.3388152)",True,False,0.0,0.0,0.0,0.0,0.0,0.0,0.0
17463,4839,4837,17463,"LINESTRING (-71.0508471 42.3388152, -71.0499166 42.3395893)",True,False,0.0,0.0,0.0,0.0,0.0,0.0,0.0
17464,4837,4838,17464,"LINESTRING (-71.0499166 42.3395893, -71.0492764 42.3401448)",True,False,0.0,0.0,0.0,0.0,0.0,0.0,0.0
17465,4838,4837,17465,"LINESTRING (-71.0492764 42.3401448, -71.0499166 42.3395893)",True,False,0.0,0.0,0.0,0.0,0.0,0.0,0.0
17466,3889,3890,17466,"LINESTRING (-71.051714 42.342685, -71.052608 42.3422926)",True,False,0.0,0.0,0.0,0.0,0.0,0.0,0.0
17467,3889,3891,17467,"LINESTRING (-71.051714 42.342685, -71.0501482 42.3417019)",True,False,0.0,0.0,0.0,0.0,0.0,0.0,0.0
17468,3891,3889,17468,"LINESTRING (-71.0501482 42.3417019, -71.051714 42.342685)",True,False,0.0,0.0,0.0,0.0,0.0,0.0,0.0
17469,4726,1409,17469,"LINESTRING (-71.0493744 42.3423678, -71.0514276 42.3437056)",True,False,0.0,0.0,0.0,0.0,0.0,0.0,0.0
17470,1409,4726,17470,"LINESTRING (-71.0514276 42.3437056, -71.0493744 42.3423678)",True,False,0.0,0.0,0.0,0.0,0.0,0.0,0.0
17471,4469,4470,17471,"LINESTRING (-71.0520129 42.3440334, -71.0531135 42.3443931)",True,False,0.0,0.0,0.0,0.0,0.0,0.0,0.0
17472,4470,4469,17472,"LINESTRING (-71.0531135 42.3443931, -71.0520129 42.3440334)",True,False,0.0,0.0,0.0,0.0,0.0,0.0,0.0
17473,4469,1409,17473,"LINESTRING (-71.0520129 42.3440334, -71.0514276 42.3437056)",True,False,0.0,0.0,0.0,0.0,0.0,0.0,0.0
17474,1409,4469,17474,"LINESTRING (-71.0514276 42.3437056, -71.0520129 42.3440334)",True,False,0.0,0.0,0.0,0.0,0.0,0.0,0.0
17475,1621,1623,17475,"LINESTRING (-71.0497423 42.348726, -71.0501766 42.3481688)",True,False,0.0,0.0,0.0,0.0,0.0,0.0,0.0
17476,1623,1621,17476,"LINESTRING (-71.0501766 42.3481688, -71.0497423 42.348726)",True,False,0.0,0.0,0.0,0.0,0.0,0.0,0.0
17477,3117,3118,17477,"LINESTRING (-71.0572786 42.3473409, -71.0568433 42.3495345)",True,False,0.0,0.0,0.0,0.0,0.0,0.0,0.0
17478,2191,4326,17478,"LINESTRING (-71.0554434 42.3525863, -71.0528831 42.3513762)",True,False,0.0,0.0,0.0,0.0,0.0,0.0,0.0
17479,4227,1281,17479,"LINESTRING (-71.0565927 42.3504516, -71.0562009 42.3512177)",True,False,17.151202675091312,17.151202675091312,17.151201794777883,17.15120179639894,-8.80313429263424e-07,-8.786923721970652e-07,0.0
17480,3118,3149,17480,"LINESTRING (-71.0568433 42.3495345, -71.0558522 42.3518403)",True,False,0.0,0.0,0.0,0.0,0.0,0.0,0.0
17481,3151,4227,17481,"LINESTRING (-71.0570743 42.3495396, -71.0565927 42.3504516)",True,False,17.151202675091312,17.151202675091312,17.151201794777883,17.15120179639894,-8.80313429263424e-07,-8.786923721970652e-07,0.0
17482,1281,1282,17482,"LINESTRING (-71.0562009 42.3512177, -71.0558706 42.3518545)",True,False,17.151202675091312,17.151202675091312,17.151201794777883,17.15120179639894,-8.80313429263424e-07,-8.786923721970652e-07,0.0
17483,1282,3729,17483,"LINESTRING (-71.0558706 42.3518545, -71.0571438 42.3521136)",True,False,0.0,0.0,0.0,0.0,0.0,0.0,0.0
17484,3729,1282,17484,"LINESTRING (-71.0571438 42.3521136, -71.0558706 42.3518545)",True,False,0.0,0.0,0.0,0.0,0.0,0.0,0.0
17485,1282,2191,17485,"LINESTRING (-71.0558706 42.3518545, -71.0554434 42.3525863)",True,False,17.151202675091312,17.151202675091312,17.151201794777883,17.15120179639894,-8.80313429263424e-07,-8.786923721970652e-07,0.0
17486,2884,4259,17486,"LINESTRING (-71.0511185 42.3469586, -71.0514799 42.3465237)",True,False,0.0,0.0,0.0,0.0,0.0,0.0,0.0
17487,4259,2884,17487,"LINESTRING (-71.0514799 42.3465237, -71.0511185 42.3469586)",True,False,0.0,0.0,0.0,0.0,0.0,0.0,0.0
17488,4259,4762,17488,"LINESTRING (-71.0514799 42.3465237, -71.0525902 42.3450679)",True,False,0.0,0.0,0.0,0.0,0.0,0.0,0.0
17489,4762,4259,17489,"LINESTRING (-71.0525902 42.3450679, -71.0514799 42.3465237)",True,False,0.0,0.0,0.0,0.0,0.0,0.0,0.0
17490,1623,2883,17490,"LINESTRING (-71.0501766 42.3481688, -71.0506407 42.3475744)",True,False,0.0,0.0,0.0,0.0,0.0,0.0,0.0
17491,2883,1623,17491,"LINESTRING (-71.0506407 42.3475744, -71.0501766 42.3481688)",True,False,0.0,0.0,0.0,0.0,0.0,0.0,0.0
17492,2883,2884,17492,"LINESTRING (-71.0506407 42.3475744, -71.0511185 42.3469586)",True,False,0.0,0.0,0.0,0.0,0.0,0.0,0.0
17493,2884,2883,17493,"LINESTRING (-71.0511185 42.3469586, -71.0506407 42.3475744)",True,False,0.0,0.0,0.0,0.0,0.0,0.0,0.0
17494,4864,4325,17494,"LINESTRING (-71.0509637 42.3505525, -71.0528422 42.3514816)",True,False,0.0,0.0,0.0,0.0,0.0,0.0,0.0
17495,2102,2989,17495,"LINESTRING (-71.0498401 42.3512505, -71.0522542 42.3523636)",True,False,0.0,0.0,0.0,0.0,0.0,0.0,0.0
17496,2989,2102,17496,"LINESTRING (-71.0522542 42.3523636, -71.0498401 42.3512505)",True,False,0.0,0.0,0.0,0.0,0.0,0.0,0.0
17497,4326,4864,17497,"LINESTRING (-71.0528831 42.3513762, -71.0509637 42.3505525)",True,False,0.0,0.0,0.0,0.0,0.0,0.0,0.0
17498,4325,2989,17498,"LINESTRING (-71.0528422 42.3514816, -71.0522542 42.3523636)",True,False,0.0,0.0,0.0,0.0,0.0,0.0,0.0
17499,2989,4325,17499,"LINESTRING (-71.0522542 42.3523636, -71.0528422 42.3514816)",True,False,0.0,0.0,0.0,0.0,0.0,0.0,0.0
17500,4325,4326,17500,"LINESTRING (-71.0528422 42.3514816, -71.0528831 42.3513762)",True,False,0.0,0.0,0.0,0.0,0.0,0.0,0.0
17501,4326,4325,17501,"LINESTRING (-71.0528831 42.3513762, -71.0528422 42.3514816)",True,False,0.0,0.0,0.0,0.0,0.0,0.0,0.0
17502,1621,1622,17502,"LINESTRING (-71.0497423 42.348726, -71.0494669 42.3490793)",True,False,0.0,0.0,0.0,0.0,0.0,0.0,0.0
17503,1622,1621,17503,"LINESTRING (-71.0494669 42.3490793, -71.0497423 42.348726)",True,False,0.0,0.0,0.0,0.0,0.0,0.0,0.0
17504,2052,2102,17504,"LINESTRING (-71.0495583 42.3516179, -71.0498401 42.3512505)",True,False,0.0,0.0,0.0,0.0,0.0,0.0,0.0
17505,2102,2052,17505,"LINESTRING (-71.0498401 42.3512505, -71.0495583 42.3516179)",True,False,0.0,0.0,0.0,0.0,0.0,0.0,0.0
17506,4480,2102,17506,"LINESTRING (-71.0497722 42.3512064, -71.0498401 42.3512505)",True,False,0.0,0.0,0.0,0.0,0.0,0.0,0.0
17507,2102,4480,17507,"LINESTRING (-71.0498401 42.3512505, -71.0497722 42.3512064)",True,False,0.0,0.0,0.0,0.0,0.0,0.0,0.0
17508,2918,3589,17508,"LINESTRING (-71.0443121 42.3380109, -71.0455426 42.3387319)",True,False,0.0,0.0,0.0,0.0,0.0,0.0,0.0
17509,3589,2918,17509,"LINESTRING (-71.0455426 42.3387319, -71.0443121 42.3380109)",True,False,0.0,0.0,0.0,0.0,0.0,0.0,0.0
17510,4720,2427,17510,"LINESTRING (-71.048603 42.3407055, -71.0470605 42.3397108)",True,False,0.0,0.0,0.0,0.0,0.0,0.0,0.0
17511,2427,4720,17511,"LINESTRING (-71.0470605 42.3397108, -71.048603 42.3407055)",True,False,0.0,0.0,0.0,0.0,0.0,0.0,0.0
17512,2427,5037,17512,"LINESTRING (-71.0470605 42.3397108, -71.0477151 42.3391504)",True,False,0.0,0.0,0.0,0.0,0.0,0.0,0.0
17513,5037,4994,17513,"LINESTRING (-71.0477151 42.3391504, -71.0483604 42.3385894)",True,False,0.0,0.0,0.0,0.0,0.0,0.0,0.0
17514,3589,2427,17514,"LINESTRING (-71.0455426 42.3387319, -71.0470605 42.3397108)",True,False,0.0,0.0,0.0,0.0,0.0,0.0,0.0
17515,2427,3589,17515,"LINESTRING (-71.0470605 42.3397108, -71.0455426 42.3387319)",True,False,0.0,0.0,0.0,0.0,0.0,0.0,0.0
17516,4487,4720,17516,"LINESTRING (-71.0478348 42.3413727, -71.048603 42.3407055)",True,False,0.0,0.0,0.0,0.0,0.0,0.0,0.0
17517,4720,4487,17517,"LINESTRING (-71.048603 42.3407055, -71.0478348 42.3413727)",True,False,0.0,0.0,0.0,0.0,0.0,0.0,0.0
17518,2915,2917,17518,"LINESTRING (-71.0433109 42.3372851, -71.0425217 42.3380393)",True,False,0.0,0.0,0.0,0.0,0.0,0.0,0.0
17519,2917,2915,17519,"LINESTRING (-71.0425217 42.3380393, -71.0433109 42.3372851)",True,False,0.0,0.0,0.0,0.0,0.0,0.0,0.0
17520,3590,2917,17520,"LINESTRING (-71.0439045 42.3380047, -71.0425217 42.3380393)",True,False,0.0,0.0,0.0,0.0,0.0,0.0,0.0
17521,2917,3590,17521,"LINESTRING (-71.0425217 42.3380393, -71.0439045 42.3380047)",True,False,0.0,0.0,0.0,0.0,0.0,0.0,0.0
17522,2868,2870,17522,"LINESTRING (-71.044377 42.336374, -71.0439594 42.3367276)",True,False,0.0,0.0,0.0,0.0,0.0,0.0,0.0
17523,2870,2868,17523,"LINESTRING (-71.0439594 42.3367276, -71.044377 42.336374)",True,False,0.0,0.0,0.0,0.0,0.0,0.0,0.0
17524,2915,2916,17524,"LINESTRING (-71.0433109 42.3372851, -71.0433465 42.3372487)",True,False,0.0,0.0,0.0,0.0,0.0,0.0,0.0
17525,2916,2915,17525,"LINESTRING (-71.0433465 42.3372487, -71.0433109 42.3372851)",True,False,0.0,0.0,0.0,0.0,0.0,0.0,0.0
17526,2915,2918,17526,"LINESTRING (-71.0433109 42.3372851, -71.0443121 42.3380109)",True,False,0.0,0.0,0.0,0.0,0.0,0.0,0.0
17527,2918,3590,17527,"LINESTRING (-71.0443121 42.3380109, -71.0439045 42.3380047)",True,False,0.0,0.0,0.0,0.0,0.0,0.0,0.0
17528,3590,2918,17528,"LINESTRING (-71.0439045 42.3380047, -71.0443121 42.3380109)",True,False,0.0,0.0,0.0,0.0,0.0,0.0,0.0
17529,2916,2870,17529,"LINESTRING (-71.0433465 42.3372487, -71.0439594 42.3367276)",True,False,0.0,0.0,0.0,0.0,0.0,0.0,0.0
17530,2870,2916,17530,"LINESTRING (-71.0439594 42.3367276, -71.0433465 42.3372487)",True,False,0.0,0.0,0.0,0.0,0.0,0.0,0.0
17531,2917,5033,17531,"LINESTRING (-71.0425217 42.3380393, -71.0416087 42.3380522)",True,False,0.0,0.0,0.0,0.0,0.0,0.0,0.0
17532,5033,2917,17532,"LINESTRING (-71.0416087 42.3380522, -71.0425217 42.3380393)",True,False,0.0,0.0,0.0,0.0,0.0,0.0,0.0
17533,1750,1751,17533,"LINESTRING (-71.0455428 42.3517347, -71.0439737 42.3510041)",True,False,0.0,0.0,0.0,0.0,0.0,0.0,0.0
17534,2418,1138,17534,"LINESTRING (-71.0483549 42.3463111, -71.0471928 42.3495697)",True,False,0.0,0.0,0.0,0.0,0.0,0.0,0.0
17535,1138,2418,17535,"LINESTRING (-71.0471928 42.3495697, -71.0483549 42.3463111)",True,False,0.0,0.0,0.0,0.0,0.0,0.0,0.0
17536,2903,2904,17536,"LINESTRING (-71.0478681 42.3479949, -71.0454135 42.3491687)",True,False,0.0,0.0,0.0,0.0,0.0,0.0,0.0
17537,2904,2914,17537,"LINESTRING (-71.0454135 42.3491687, -71.0448669 42.3491945)",True,False,0.0,0.0,0.0,0.0,0.0,0.0,0.0
17538,3040,3041,17538,"LINESTRING (-71.0432995 42.3478778, -71.0483372 42.3482859)",True,False,0.0,0.0,0.0,0.0,0.0,0.0,0.0
17539,3040,3042,17539,"LINESTRING (-71.0432995 42.3478778, -71.0455943 42.348512)",True,False,0.0,0.0,0.0,0.0,0.0,0.0,0.0
17540,3072,3109,17540,"LINESTRING (-71.0428079 42.3480812, -71.0457645 42.3486913)",True,False,0.0,0.0,0.0,0.0,0.0,0.0,0.0
17541,3110,3111,17541,"LINESTRING (-71.0431562 42.3491351, -71.0416072 42.3485053)",True,False,0.0,0.0,0.0,0.0,0.0,0.0,0.0
17542,3108,3112,17542,"LINESTRING (-71.0434888 42.3484779, -71.0435424 42.3492731)",True,False,0.0,0.0,0.0,0.0,0.0,0.0,0.0
17543,3108,3110,17543,"LINESTRING (-71.0434888 42.3484779, -71.0431562 42.3491351)",True,False,0.0,0.0,0.0,0.0,0.0,0.0,0.0
17544,3099,2914,17544,"LINESTRING (-71.045682 42.3488342, -71.0448669 42.3491945)",True,False,0.0,0.0,0.0,0.0,0.0,0.0,0.0
17545,4106,4107,17545,"LINESTRING (-71.0453793 42.3479612, -71.0433624 42.3476613)",True,False,0.0,0.0,0.0,0.0,0.0,0.0,0.0
17546,3121,3109,17546,"LINESTRING (-71.0439776 42.3490515, -71.0457645 42.3486913)",True,False,0.0,0.0,0.0,0.0,0.0,0.0,0.0
17547,3124,2913,17547,"LINESTRING (-71.0445408 42.3493491, -71.0453105 42.3492805)",True,False,0.0,0.0,0.0,0.0,0.0,0.0,0.0
17548,2913,1751,17548,"LINESTRING (-71.0453105 42.3492805, -71.0439737 42.3510041)",True,False,0.0,0.0,0.0,0.0,0.0,0.0,0.0
17549,2923,3512,17549,"LINESTRING (-71.0439051 42.3510999, -71.0454711 42.3518288)",True,False,0.0,0.0,0.0,0.0,0.0,0.0,0.0
17550,3105,4836,17550,"LINESTRING (-71.0437452 42.3471774, -71.0484588 42.3494072)",True,False,0.0,0.0,0.0,0.0,0.0,0.0,0.0
17551,4836,3101,17551,"LINESTRING (-71.0484588 42.3494072, -71.0438243 42.3470826)",True,False,0.0,0.0,0.0,0.0,0.0,0.0,0.0
17640,2418,2419,17640,"LINESTRING (-71.0483549 42.3463111, -71.0470387 42.3474194)",True,False,0.0,0.0,0.0,0.0,0.0,0.0,0.0
17641,2419,2418,17641,"LINESTRING (-71.0470387 42.3474194, -71.0483549 42.3463111)",True,False,0.0,0.0,0.0,0.0,0.0,0.0,0.0
17642,2905,2419,17642,"LINESTRING (-71.0471905 42.3479591, -71.0470387 42.3474194)",True,False,0.0,0.0,0.0,0.0,0.0,0.0,0.0
17643,2905,3114,17643,"LINESTRING (-71.0471905 42.3479591, -71.0465505 42.3478637)",True,False,0.0,0.0,0.0,0.0,0.0,0.0,0.0
17644,2903,2905,17644,"LINESTRING (-71.0478681 42.3479949, -71.0471905 42.3479591)",True,False,0.0,0.0,0.0,0.0,0.0,0.0,0.0
17645,3042,3114,17645,"LINESTRING (-71.0455943 42.348512, -71.0465505 42.3478637)",True,False,0.0,0.0,0.0,0.0,0.0,0.0,0.0
17646,4509,4106,17646,"LINESTRING (-71.0468342 42.3475396, -71.0453793 42.3479612)",True,False,0.0,0.0,0.0,0.0,0.0,0.0,0.0
17647,4510,3113,17647,"LINESTRING (-71.0463723 42.347882, -71.0455325 42.3480999)",True,False,0.0,0.0,0.0,0.0,0.0,0.0,0.0
17648,4510,4106,17648,"LINESTRING (-71.0463723 42.347882, -71.0453793 42.3479612)",True,False,0.0,0.0,0.0,0.0,0.0,0.0,0.0
17649,2419,4509,17649,"LINESTRING (-71.0470387 42.3474194, -71.0468342 42.3475396)",True,False,0.0,0.0,0.0,0.0,0.0,0.0,0.0
17650,3114,2419,17650,"LINESTRING (-71.0465505 42.3478637, -71.0470387 42.3474194)",True,False,0.0,0.0,0.0,0.0,0.0,0.0,0.0
17651,4509,4510,17651,"LINESTRING (-71.0468342 42.3475396, -71.0463723 42.347882)",True,False,0.0,0.0,0.0,0.0,0.0,0.0,0.0
17652,3114,4510,17652,"LINESTRING (-71.0465505 42.3478637, -71.0463723 42.347882)",True,False,0.0,0.0,0.0,0.0,0.0,0.0,0.0
17653,3042,3113,17653,"LINESTRING (-71.0455943 42.348512, -71.0455325 42.3480999)",True,False,0.0,0.0,0.0,0.0,0.0,0.0,0.0
17654,2913,1138,17654,"LINESTRING (-71.0453105 42.3492805, -71.0471928 42.3495697)",True,False,0.0,0.0,0.0,0.0,0.0,0.0,0.0
17655,4481,1116,17655,"LINESTRING (-71.0490141 42.3507133, -71.0484666 42.3503684)",True,False,0.0,0.0,0.0,0.0,0.0,0.0,0.0
17656,1116,4481,17656,"LINESTRING (-71.0484666 42.3503684, -71.0490141 42.3507133)",True,False,0.0,0.0,0.0,0.0,0.0,0.0,0.0
17657,1138,2904,17657,"LINESTRING (-71.0471928 42.3495697, -71.0454135 42.3491687)",True,False,0.0,0.0,0.0,0.0,0.0,0.0,0.0
17658,1115,1130,17658,"LINESTRING (-71.0482475 42.3502284, -71.0477941 42.3499375)",True,False,0.0,0.0,0.0,0.0,0.0,0.0,0.0
17659,1130,1115,17659,"LINESTRING (-71.0477941 42.3499375, -71.0482475 42.3502284)",True,False,0.0,0.0,0.0,0.0,0.0,0.0,0.0
17660,1115,1116,17660,"LINESTRING (-71.0482475 42.3502284, -71.0484666 42.3503684)",True,False,0.0,0.0,0.0,0.0,0.0,0.0,0.0
17661,1116,1115,17661,"LINESTRING (-71.0484666 42.3503684, -71.0482475 42.3502284)",True,False,0.0,0.0,0.0,0.0,0.0,0.0,0.0
17662,1130,1138,17662,"LINESTRING (-71.0477941 42.3499375, -71.0471928 42.3495697)",True,False,0.0,0.0,0.0,0.0,0.0,0.0,0.0
17663,1138,1130,17663,"LINESTRING (-71.0471928 42.3495697, -71.0477941 42.3499375)",True,False,0.0,0.0,0.0,0.0,0.0,0.0,0.0
17664,3099,2904,17664,"LINESTRING (-71.045682 42.3488342, -71.0454135 42.3491687)",True,False,0.0,0.0,0.0,0.0,0.0,0.0,0.0
17665,2904,2913,17665,"LINESTRING (-71.0454135 42.3491687, -71.0453105 42.3492805)",True,False,0.0,0.0,0.0,0.0,0.0,0.0,0.0
17666,3512,3513,17666,"LINESTRING (-71.0454711 42.3518288, -71.0465838 42.3523448)",True,False,0.0,0.0,0.0,0.0,0.0,0.0,0.0
17667,2050,1750,17667,"LINESTRING (-71.0466711 42.3522566, -71.0455428 42.3517347)",True,False,0.0,0.0,0.0,0.0,0.0,0.0,0.0
17668,2050,3513,17668,"LINESTRING (-71.0466711 42.3522566, -71.0465838 42.3523448)",True,False,0.0,0.0,0.0,0.0,0.0,0.0,0.0
17669,1144,1146,17669,"LINESTRING (-71.0420404 42.3462747, -71.0417522 42.3465031)",True,False,0.0,0.0,0.0,0.0,0.0,0.0,0.0
17670,3101,3102,17670,"LINESTRING (-71.0438243 42.3470826, -71.0422701 42.3462643)",True,False,0.0,0.0,0.0,0.0,0.0,0.0,0.0
17671,1145,3105,17671,"LINESTRING (-71.0421751 42.3463493, -71.0437452 42.3471774)",True,False,0.0,0.0,0.0,0.0,0.0,0.0,0.0
17672,3072,3108,17672,"LINESTRING (-71.0428079 42.3480812, -71.0434888 42.3484779)",True,False,0.0,0.0,0.0,0.0,0.0,0.0,0.0
17673,4107,3078,17673,"LINESTRING (-71.0433624 42.3476613, -71.0422018 42.3471875)",True,False,0.0,0.0,0.0,0.0,0.0,0.0,0.0
17674,3078,4107,17674,"LINESTRING (-71.0422018 42.3471875, -71.0433624 42.3476613)",True,False,0.0,0.0,0.0,0.0,0.0,0.0,0.0
17675,3078,3040,17675,"LINESTRING (-71.0422018 42.3471875, -71.0432995 42.3478778)",True,False,0.0,0.0,0.0,0.0,0.0,0.0,0.0
17676,1149,1145,17676,"LINESTRING (-71.0414371 42.3469701, -71.0421751 42.3463493)",True,False,0.0,0.0,0.0,0.0,0.0,0.0,0.0
17677,1149,3040,17677,"LINESTRING (-71.0414371 42.3469701, -71.0432995 42.3478778)",True,False,0.0,0.0,0.0,0.0,0.0,0.0,0.0
17678,4486,2426,17678,"LINESTRING (-71.0437211 42.3449106, -71.0429472 42.3455258)",True,False,0.0,0.0,0.0,0.0,0.0,0.0,0.0
17679,4488,4486,17679,"LINESTRING (-71.0430342 42.3455753, -71.0437211 42.3449106)",True,False,0.0,0.0,0.0,0.0,0.0,0.0,0.0
17680,3514,1146,17680,"LINESTRING (-71.0415499 42.3459636, -71.0417522 42.3465031)",True,False,0.0,0.0,0.0,0.0,0.0,0.0,0.0
17725,4107,3040,17725,"LINESTRING (-71.0433624 42.3476613, -71.0432995 42.3478778)",True,False,0.0,0.0,0.0,0.0,0.0,0.0,0.0
17726,1144,1145,17726,"LINESTRING (-71.0420404 42.3462747, -71.0421751 42.3463493)",True,False,0.0,0.0,0.0,0.0,0.0,0.0,0.0
17727,2425,2426,17727,"LINESTRING (-71.0414383 42.3445493, -71.0429472 42.3455258)",True,False,0.0,0.0,0.0,0.0,0.0,0.0,0.0
17728,2426,2425,17728,"LINESTRING (-71.0429472 42.3455258, -71.0414383 42.3445493)",True,False,0.0,0.0,0.0,0.0,0.0,0.0,0.0
17729,3103,1144,17729,"LINESTRING (-71.0421481 42.3462013, -71.0420404 42.3462747)",True,False,0.0,0.0,0.0,0.0,0.0,0.0,0.0
17730,3927,3103,17730,"LINESTRING (-71.0425584 42.3458599, -71.0421481 42.3462013)",True,False,0.0,0.0,0.0,0.0,0.0,0.0,0.0
17731,3102,4488,17731,"LINESTRING (-71.0422701 42.3462643, -71.0430342 42.3455753)",True,False,0.0,0.0,0.0,0.0,0.0,0.0,0.0
17732,2426,3927,17732,"LINESTRING (-71.0429472 42.3455258, -71.0425584 42.3458599)",True,False,0.0,0.0,0.0,0.0,0.0,0.0,0.0
17733,4488,2426,17733,"LINESTRING (-71.0430342 42.3455753, -71.0429472 42.3455258)",True,False,0.0,0.0,0.0,0.0,0.0,0.0,0.0
17734,2426,4488,17734,"LINESTRING (-71.0429472 42.3455258, -71.0430342 42.3455753)",True,False,0.0,0.0,0.0,0.0,0.0,0.0,0.0
17735,3102,3103,17735,"LINESTRING (-71.0422701 42.3462643, -71.0421481 42.3462013)",True,False,0.0,0.0,0.0,0.0,0.0,0.0,0.0
17736,1145,3102,17736,"LINESTRING (-71.0421751 42.3463493, -71.0422701 42.3462643)",True,False,0.0,0.0,0.0,0.0,0.0,0.0,0.0
17737,3514,1144,17737,"LINESTRING (-71.0415499 42.3459636, -71.0420404 42.3462747)",True,False,0.0,0.0,0.0,0.0,0.0,0.0,0.0
17738,1146,1147,17738,"LINESTRING (-71.0417522 42.3465031, -71.0414097 42.3468047)",True,False,0.0,0.0,0.0,0.0,0.0,0.0,0.0
17739,1147,1149,17739,"LINESTRING (-71.0414097 42.3468047, -71.0414371 42.3469701)",True,False,0.0,0.0,0.0,0.0,0.0,0.0,0.0
17740,1751,2924,17740,"LINESTRING (-71.0439737 42.3510041, -71.0428741 42.3504486)",True,False,0.0,0.0,0.0,0.0,0.0,0.0,0.0
17741,2924,3123,17741,"LINESTRING (-71.0428741 42.3504486, -71.0436329 42.3494116)",True,False,0.0,0.0,0.0,0.0,0.0,0.0,0.0
17742,1154,4328,17742,"LINESTRING (-71.0415174 42.3485907, -71.0434982 42.3493855)",True,False,0.0,0.0,0.0,0.0,0.0,0.0,0.0
17743,4482,2923,17743,"LINESTRING (-71.0428235 42.3505177, -71.0439051 42.3510999)",True,False,0.0,0.0,0.0,0.0,0.0,0.0,0.0
17744,4328,3127,17744,"LINESTRING (-71.0434982 42.3493855, -71.0427775 42.3503988)",True,False,0.0,0.0,0.0,0.0,0.0,0.0,0.0
17745,3120,3121,17745,"LINESTRING (-71.0442354 42.3493162, -71.0439776 42.3490515)",True,False,0.0,0.0,0.0,0.0,0.0,0.0,0.0
17746,3120,3122,17746,"LINESTRING (-71.0442354 42.3493162, -71.0437077 42.3493093)",True,False,0.0,0.0,0.0,0.0,0.0,0.0,0.0
17747,3123,3124,17747,"LINESTRING (-71.0436329 42.3494116, -71.0445408 42.3493491)",True,False,0.0,0.0,0.0,0.0,0.0,0.0,0.0
17748,3124,4329,17748,"LINESTRING (-71.0445408 42.3493491, -71.044751 42.3492116)",True,False,0.0,0.0,0.0,0.0,0.0,0.0,0.0
17749,4329,3120,17749,"LINESTRING (-71.044751 42.3492116, -71.0442354 42.3493162)",True,False,0.0,0.0,0.0,0.0,0.0,0.0,0.0
17750,2914,4329,17750,"LINESTRING (-71.0448669 42.3491945, -71.044751 42.3492116)",True,False,0.0,0.0,0.0,0.0,0.0,0.0,0.0
17751,3122,3112,17751,"LINESTRING (-71.0437077 42.3493093, -71.0435424 42.3492731)",True,False,0.0,0.0,0.0,0.0,0.0,0.0,0.0
17752,3122,3121,17752,"LINESTRING (-71.0437077 42.3493093, -71.0439776 42.3490515)",True,False,0.0,0.0,0.0,0.0,0.0,0.0,0.0
17753,4328,3123,17753,"LINESTRING (-71.0434982 42.3493855, -71.0436329 42.3494116)",True,False,0.0,0.0,0.0,0.0,0.0,0.0,0.0
17754,3123,3122,17754,"LINESTRING (-71.0436329 42.3494116, -71.0437077 42.3493093)",True,False,0.0,0.0,0.0,0.0,0.0,0.0,0.0
17755,3112,4328,17755,"LINESTRING (-71.0435424 42.3492731, -71.0434982 42.3493855)",True,False,0.0,0.0,0.0,0.0,0.0,0.0,0.0
17756,3112,3110,17756,"LINESTRING (-71.0435424 42.3492731, -71.0431562 42.3491351)",True,False,0.0,0.0,0.0,0.0,0.0,0.0,0.0
17757,4258,2922,17757,"LINESTRING (-71.0433993 42.3518284, -71.0441536 42.3521768)",True,False,0.0,0.0,0.0,0.0,0.0,0.0,0.0
17758,2922,4258,17758,"LINESTRING (-71.0441536 42.3521768, -71.0433993 42.3518284)",True,False,0.0,0.0,0.0,0.0,0.0,0.0,0.0
17759,4258,2923,17759,"LINESTRING (-71.0433993 42.3518284, -71.0439051 42.3510999)",True,False,0.0,0.0,0.0,0.0,0.0,0.0,0.0
17760,2923,4258,17760,"LINESTRING (-71.0439051 42.3510999, -71.0433993 42.3518284)",True,False,0.0,0.0,0.0,0.0,0.0,0.0,0.0
17761,1751,2923,17761,"LINESTRING (-71.0439737 42.3510041, -71.0439051 42.3510999)",True,False,0.0,0.0,0.0,0.0,0.0,0.0,0.0
17762,2923,1751,17762,"LINESTRING (-71.0439051 42.3510999, -71.0439737 42.3510041)",True,False,0.0,0.0,0.0,0.0,0.0,0.0,0.0
17763,2924,3127,17763,"LINESTRING (-71.0428741 42.3504486, -71.0427775 42.3503988)",True,False,0.0,0.0,0.0,0.0,0.0,0.0,0.0
17764,4483,4482,17764,"LINESTRING (-71.0427253 42.3504696, -71.0428235 42.3505177)",True,False,0.0,0.0,0.0,0.0,0.0,0.0,0.0
17765,4482,2924,17765,"LINESTRING (-71.0428235 42.3505177, -71.0428741 42.3504486)",True,False,0.0,0.0,0.0,0.0,0.0,0.0,0.0
17766,3127,4483,17766,"LINESTRING (-71.0427775 42.3503988, -71.0427253 42.3504696)",True,False,0.0,0.0,0.0,0.0,0.0,0.0,0.0
17767,2048,2049,17767,"LINESTRING (-71.0484087 42.3531322, -71.0514164 42.3547614)",True,False,0.0,0.0,0.0,0.0,0.0,0.0,0.0
17768,2049,2048,17768,"LINESTRING (-71.0514164 42.3547614, -71.0484087 42.3531322)",True,False,0.0,0.0,0.0,0.0,0.0,0.0,0.0
17769,3073,3074,17769,"LINESTRING (-71.0541664 42.361184, -71.052305 42.3594327)",True,False,3.716579546040663,3.7165795460406628,3.7165791862221544,3.716579186977793,-3.5981850876609656e-07,-3.590628701033438e-07,-4.440892098500626e-16
17770,3076,1949,17770,"LINESTRING (-71.0564242 42.3620201, -71.0537156 42.3608231)",True,False,3.454757289738468,3.4547572897384677,3.454756899626088,3.4547568998662173,-3.901123801774986e-07,-3.8987225092768085e-07,-4.440892098500626e-16
17771,1950,4253,17771,"LINESTRING (-71.0558935 42.3607208, -71.0555242 42.3611165)",True,False,0.0,0.0,9.161002078425612e-11,1.976904999830943e-10,9.161002078425612e-11,1.976904999830943e-10,0.0
17772,4253,1950,17772,"LINESTRING (-71.0555242 42.3611165, -71.0558935 42.3607208)",True,False,66.71506680010836,66.71506680010836,66.71506186254831,66.71506186352745,-4.937560049711465e-06,-4.9365809076107325e-06,0.0
17773,1951,4357,17773,"LINESTRING (-71.0532089 42.3605369, -71.0528086 42.3609329)",True,False,0.0,0.0,9.161002078425612e-11,1.976904999830943e-10,9.161002078425612e-11,1.976904999830943e-10,0.0
17774,4357,1951,17774,"LINESTRING (-71.0528086 42.3609329, -71.0532089 42.3605369)",True,False,0.0,0.0,3.396405533111756e-10,7.382593654341111e-10,3.396405533111756e-10,7.382593654341111e-10,0.0
17775,3017,1949,17775,"LINESTRING (-71.0549053 42.361432, -71.0537156 42.3608231)",True,False,23.41303617484433,23.41303617484433,23.41303522391657,23.41303522333555,-9.509277596464472e-07,-9.515087775469055e-07,0.0
17776,3150,3069,17776,"LINESTRING (-71.0515094 42.358289, -71.0545026 42.3617008)",True,False,0.0,0.0,0.0,0.0,0.0,0.0,0.0
17777,3163,4357,17777,"LINESTRING (-71.0518168 42.3596323, -71.0528086 42.3609329)",True,False,0.0,0.0,0.0,0.0,0.0,0.0,0.0
17808,531,532,17808,"LINESTRING (-71.0520637 42.355246, -71.0533452 42.3545304)",True,False,27.129615720884992,27.129615720884992,27.12961441017085,27.129614410627493,-1.3107141434431924e-06,-1.3102574989432014e-06,0.0
17809,943,944,17809,"LINESTRING (-71.053366 42.3576995, -71.0532568 42.3576593)",True,False,0.0,0.0,0.0,0.0,0.0,0.0,0.0
17810,944,943,17810,"LINESTRING (-71.0532568 42.3576593, -71.053366 42.3576995)",True,False,0.0,0.0,0.0,0.0,0.0,0.0,0.0
17811,1004,1005,17811,"LINESTRING (-71.0563276 42.3568244, -71.0556894 42.3556271)",True,False,35.91085394378928,35.91085394378928,35.910851159311676,35.910851156467224,-2.784477601380786e-06,-2.787322053166008e-06,0.0
17812,1949,1951,17812,"LINESTRING (-71.0537156 42.3608231, -71.0532089 42.3605369)",True,False,23.41303617484433,23.41303617484433,23.413035223935967,23.413035223554,-9.509083618297609e-07,-9.512903282882235e-07,0.0
17813,2049,2053,17813,"LINESTRING (-71.0514164 42.3547614, -71.0513407 42.3574484)",True,False,0.0,0.0,0.0,0.0,0.0,0.0,0.0
17814,2984,2985,17814,"LINESTRING (-71.0536274 42.3536759, -71.052873 42.3540473)",True,False,17.151202675091312,17.151202675091312,17.151201794013925,17.15120179565516,-8.810773870493449e-07,-8.794361505692905e-07,0.0
17815,3265,1924,17815,"LINESTRING (-71.0516362 42.3571585, -71.051524 42.3566835)",True,False,23.41303617484433,23.41303617484433,23.413035223667237,23.41303522354099,-9.511770926451391e-07,-9.513033383257152e-07,0.0
17816,945,1194,17816,"LINESTRING (-71.0539973 42.357975, -71.0532816 42.3584684)",True,False,0.0,0.0,0.0,0.0,0.0,0.0,0.0
17817,1194,3807,17817,"LINESTRING (-71.0532816 42.3584684, -71.0536873 42.3587291)",True,False,0.0,0.0,1.2810633641357825e-10,1.7751461990883368e-10,1.2810633641357825e-10,1.7751461990883368e-10,0.0
17818,2985,532,17818,"LINESTRING (-71.052873 42.3540473, -71.0533452 42.3545304)",True,False,17.151202675091312,17.151202675091312,17.15120179373247,17.15120179554646,-8.813588436851205e-07,-8.795448529497207e-07,0.0
17819,4135,4049,17819,"LINESTRING (-71.0524347 42.3595359, -71.0533482 42.3593838)",True,False,0.0,0.0,3.886536417426143e-10,3.76064383861566e-10,3.886536417426143e-10,3.76064383861566e-10,0.0
17820,3074,2054,17820,"LINESTRING (-71.052305 42.3594327, -71.0518733 42.3551524)",True,False,3.716579546040663,3.7165795460406628,3.7165791862221544,3.716579186977793,-3.5981850876609656e-07,-3.590628701033438e-07,-4.440892098500626e-16
17821,3074,4113,17821,"LINESTRING (-71.052305 42.3594327, -71.0513608 42.3559896)",True,False,0.0,0.0,0.0,0.0,0.0,0.0,0.0
17822,4114,4142,17822,"LINESTRING (-71.0527076 42.3546952, -71.0571623 42.3526969)",True,False,0.0,0.0,0.0,0.0,0.0,0.0,0.0
17823,4114,3990,17823,"LINESTRING (-71.0527076 42.3546952, -71.0559079 42.3531148)",True,False,0.0,0.0,0.0,0.0,0.0,0.0,0.0
17824,2055,4134,17824,"LINESTRING (-71.050771 42.3566823, -71.0513366 42.3578908)",True,False,0.0,0.0,0.0,0.0,0.0,0.0,0.0
17825,3618,4914,17825,"LINESTRING (-71.0540266 42.3552362, -71.0532 42.3560681)",True,False,54.472744532446576,54.472744532446576,54.47274164810455,54.47274164961796,-2.8843420238899853e-06,-2.8828286176008078e-06,0.0
17826,5291,1001,17826,"LINESTRING (-71.0548928 42.356063, -71.05575 42.3569024)",True,False,6.748338099945884,6.748338099945884,6.748337873080231,6.748337873110698,-2.2686565337437514e-07,-2.2683518619004417e-07,0.0
17827,5294,5293,17827,"LINESTRING (-71.0532751 42.3569494, -71.053929 42.356608)",True,False,0.0,0.0,0.0,0.0,0.0,0.0,0.0
17828,1181,1487,17828,"LINESTRING (-71.0573229 42.3567508, -71.0573423 42.3554387)",True,False,10.417635392734043,10.417635392734043,10.417635056095612,10.417635059324589,-3.3663843090891987e-07,-3.334094547113864e-07,0.0
17829,1189,5420,17829,"LINESTRING (-71.0565291 42.3555025, -71.0567607 42.3567881)",True,False,0.0,0.0,8.370172303568348e-11,2.5533528025310314e-10,8.370172303568348e-11,2.5533528025310314e-10,0.0
17902,1005,1188,17902,"LINESTRING (-71.0556894 42.3556271, -71.0546606 42.3546538)",True,False,10.858108120450902,10.858108120450902,10.858107617898725,10.858107617841723,-5.025521776502728e-07,-5.026091791648923e-07,0.0
17903,1188,3618,17903,"LINESTRING (-71.0546606 42.3546538, -71.0540266 42.3552362)",True,False,16.940264236416162,16.940264236416162,16.940263317281467,16.940263316554685,-9.191346954651181e-07,-9.19861477655104e-07,0.0
17904,532,3618,17904,"LINESTRING (-71.0533452 42.3545304, -71.0540266 42.3552362)",True,False,44.280818395976304,44.280818395976304,44.28081620390333,44.28081620617395,-2.192072976470172e-06,-2.189802351892922e-06,0.0
17905,3164,1189,17905,"LINESTRING (-71.0561898 42.3536248, -71.0565291 42.3555025)",True,False,0.0,0.0,8.370172303568348e-11,2.5533528025310314e-10,8.370172303568348e-11,2.5533528025310314e-10,0.0
17906,3164,1188,17906,"LINESTRING (-71.0561898 42.3536248, -71.0546606 42.3546538)",True,False,6.082156115965258,6.082156115965258,6.082155699382744,6.082155698712966,-4.1658251426213155e-07,-4.172522922729627e-07,0.0
17907,4327,2984,17907,"LINESTRING (-71.0553737 42.3526682, -71.0536274 42.3536759)",True,False,17.151202675091312,17.151202675091312,17.151201794013925,17.15120179565516,-8.810773870493449e-07,-8.794361505692905e-07,0.0
17908,3619,3990,17908,"LINESTRING (-71.0541073 42.3541385, -71.0559079 42.3531148)",True,False,0.0,0.0,0.0,0.0,0.0,0.0,0.0
17909,3619,4142,17909,"LINESTRING (-71.0541073 42.3541385, -71.0571623 42.3526969)",True,False,0.0,0.0,0.0,0.0,0.0,0.0,0.0
17910,5291,1005,17910,"LINESTRING (-71.0548928 42.356063, -71.0556894 42.3556271)",True,False,0.0,0.0,0.0,0.0,0.0,0.0,0.0
17929,2189,1022,17929,"LINESTRING (-71.056257 42.3529172, -71.0568689 42.3532315)",True,False,0.0,0.0,7.639603706861701e-10,7.437782227189752e-10,7.639603706861701e-10,7.437782227189752e-10,0.0
17930,1022,2189,17930,"LINESTRING (-71.0568689 42.3532315, -71.056257 42.3529172)",True,False,0.0,0.0,0.0,0.0,0.0,0.0,0.0
17931,1022,3164,17931,"LINESTRING (-71.0568689 42.3532315, -71.0561898 42.3536248)",True,False,6.082156115965258,6.082156115965258,6.082155699466446,6.082155698968301,-4.16498812327859e-07,-4.1699695696451045e-07,0.0
17944,4327,2189,17944,"LINESTRING (-71.0553737 42.3526682, -71.056257 42.3529172)",True,False,0.0,0.0,7.639603706861701e-10,7.437782227189752e-10,7.639603706861701e-10,7.437782227189752e-10,0.0
17945,3990,2189,17945,"LINESTRING (-71.0559079 42.3531148, -71.056257 42.3529172)",True,False,0.0,0.0,0.0,0.0,0.0,0.0,0.0
17946,1005,1189,17946,"LINESTRING (-71.0556894 42.3556271, -71.0565291 42.3555025)",True,False,25.05274582333837,25.05274582333837,25.052743541412962,25.052743538625506,-2.2819254077433015e-06,-2.2847128633429747e-06,0.0
17947,1189,1487,17947,"LINESTRING (-71.0565291 42.3555025, -71.0573423 42.3554387)",True,False,25.05274582333837,25.05274582333837,25.052743541412962,25.052743538625506,-2.2819254077433015e-06,-2.2847128633429747e-06,0.0
17948,1188,3619,17948,"LINESTRING (-71.0546606 42.3546538, -71.0541073 42.3541385)",True,False,0.0,0.0,0.0,0.0,0.0,0.0,0.0
17949,532,3619,17949,"LINESTRING (-71.0533452 42.3545304, -71.0541073 42.3541385)",True,False,0.0,0.0,0.0,0.0,0.0,0.0,0.0
17950,3619,2984,17950,"LINESTRING (-71.0541073 42.3541385, -71.0536274 42.3536759)",True,False,0.0,0.0,0.0,0.0,0.0,0.0,0.0
17951,3618,5291,17951,"LINESTRING (-71.0540266 42.3552362, -71.0548928 42.356063)",True,False,6.748338099945884,6.748338099945884,6.748337873080231,6.748337873110698,-2.2686565337437514e-07,-2.2683518619004417e-07,0.0
17952,5293,5291,17952,"LINESTRING (-71.053929 42.356608, -71.0548928 42.356063)",True,False,0.0,0.0,0.0,0.0,0.0,0.0,0.0
17953,1001,1003,17953,"LINESTRING (-71.05575 42.3569024, -71.0551093 42.3572033)",True,False,0.0,0.0,0.0,0.0,0.0,0.0,0.0
17954,1286,1287,17954,"LINESTRING (-71.0543732 42.3586486, -71.0546532 42.3592153)",True,False,0.0,0.0,0.0,0.0,0.0,0.0,0.0
17955,1287,1286,17955,"LINESTRING (-71.0546532 42.3592153, -71.0543732 42.3586486)",True,False,0.0,0.0,0.0,0.0,0.0,0.0,0.0
17956,1949,1950,17956,"LINESTRING (-71.0537156 42.3608231, -71.0558935 42.3607208)",True,False,3.454757289738468,3.4547572897384677,3.4547568996066897,3.454756899647771,-3.9013177843827407e-07,-3.9009069707773847e-07,-4.440892098500626e-16
17957,1287,2029,17957,"LINESTRING (-71.0546532 42.3592153, -71.0554679 42.3590775)",True,False,0.0,0.0,5.167599781561926e-10,5.535790037703996e-10,5.167599781561926e-10,5.535790037703996e-10,0.0
17958,2030,2032,17958,"LINESTRING (-71.0568043 42.3588803, -71.0565502 42.358061)",True,False,70.16982408984683,70.16982408984683,70.16981876371825,70.16981876309131,-5.3261285728467556e-06,-5.326755513124226e-06,0.0
17959,2032,2030,17959,"LINESTRING (-71.0565502 42.358061, -71.0568043 42.3588803)",True,False,28.951408614029766,28.951408614029763,28.951408296791232,28.951408298863456,-3.172385341088102e-07,-3.151663108269531e-07,-3.552713678800501e-15
17960,2030,1180,17960,"LINESTRING (-71.0568043 42.3588803, -71.057332 42.35758)",True,False,0.0,0.0,1.0082322834649954e-09,3.961502398076222e-09,1.0082322834649954e-09,3.961502398076222e-09,0.0
17961,3807,540,17961,"LINESTRING (-71.0536873 42.3587291, -71.0537998 42.3588047)",True,False,0.0,0.0,1.2810633641357825e-10,1.7751461990883368e-10,1.2810633641357825e-10,1.7751461990883368e-10,0.0
18004,1001,1002,18004,"LINESTRING (-71.05575 42.3569024, -71.0564128 42.3575841)",True,False,13.256575867284257,13.256575867284257,13.25657529180824,13.256575292181946,-5.754760170617601e-07,-5.751023106626008e-07,0.0
18005,1002,1004,18005,"LINESTRING (-71.0564128 42.3575841, -71.0563276 42.3568244)",True,False,35.91085394378928,35.91085394378928,35.91085115924941,35.91085115635661,-2.7845398662407206e-06,-2.7874326704591113e-06,0.0
18006,1002,2032,18006,"LINESTRING (-71.0564128 42.3575841, -71.0565502 42.358061)",True,False,29.806496161453197,29.806496161453197,29.80649489229601,29.806494892060044,-1.269157188232839e-06,-1.2693931523699575e-06,0.0
18007,2032,1002,18007,"LINESTRING (-71.0565502 42.358061, -71.0564128 42.3575841)",True,False,25.05274582333837,25.05274582333837,25.052743541315355,25.052743538781016,-2.282023014998913e-06,-2.2845573539598263e-06,0.0
18008,5420,1004,18008,"LINESTRING (-71.0567607 42.3567881, -71.0563276 42.3568244)",True,False,6.508237767338373,6.508237767338373,6.508237418790282,6.5082374191818655,-3.485480908338445e-07,-3.4815650717945346e-07,0.0
18009,1180,1002,18009,"LINESTRING (-71.057332 42.35758, -71.0564128 42.3575841)",True,False,27.408028414619846,27.408028414619842,27.408027218421818,27.408027217453693,-1.196198027741957e-06,-1.1971661528775712e-06,-3.552713678800501e-15
18010,1180,1181,18010,"LINESTRING (-71.057332 42.35758, -71.0573229 42.3567508)",True,False,10.417635392734043,10.417635392734043,10.417635056194143,10.417635059461892,-3.36539899947752e-07,-3.3327215120948495e-07,0.0
18011,1181,5420,18011,"LINESTRING (-71.0573229 42.3567508, -71.0567607 42.3567881)",True,False,6.508237767338373,6.508237767338373,6.50823741870658,6.50823741892653,-3.4863179276811707e-07,-3.484118424879057e-07,0.0
18012,1004,1001,18012,"LINESTRING (-71.0563276 42.3568244, -71.05575 42.3569024)",True,False,6.508237767338373,6.508237767338373,6.508237418728012,6.508237419071247,-3.486103610228497e-07,-3.48267125360735e-07,0.0
18013,2030,2031,18013,"LINESTRING (-71.0568043 42.3588803, -71.0571395 42.360238)",True,False,25.46710080260246,25.467100802602456,25.467100499738343,25.467100501168506,-3.028641160085499e-07,-3.0143395335358036e-07,-3.552713678800501e-15
18014,4202,2030,18014,"LINESTRING (-71.0572906 42.3602293, -71.0568043 42.3588803)",True,False,70.16982408984683,70.16982408984683,70.16981876420972,70.16981876649923,-5.325637104647285e-06,-5.323347593844119e-06,0.0
18015,1950,4252,18015,"LINESTRING (-71.0558935 42.3607208, -71.0567367 42.3603767)",True,False,70.16982408984683,70.16982408984683,70.16981876215499,70.16981876317523,-5.327691837919701e-06,-5.326671598027133e-06,0.0
18016,4252,1950,18016,"LINESTRING (-71.0567367 42.3603767, -71.0558935 42.3607208)",True,False,0.0,0.0,9.161002078425612e-11,1.976904999830943e-10,9.161002078425612e-11,1.976904999830943e-10,0.0
18017,3687,2030,18017,"LINESTRING (-71.0559131 42.3589984, -71.0568043 42.3588803)",True,False,0.0,0.0,5.167599781561926e-10,5.535790037703996e-10,5.167599781561926e-10,5.535790037703996e-10,0.0
18018,4252,4862,18018,"LINESTRING (-71.0567367 42.3603767, -71.0571626 42.3603195)",True,False,70.16982408984683,70.16982408984683,70.16981876258068,70.16981876341293,-5.3272661517667075e-06,-5.326433893060312e-06,0.0
18019,4862,4202,18019,"LINESTRING (-71.0571626 42.3603195, -71.0572906 42.3602293)",True,False,70.16982408984683,70.16982408984683,70.16981876215499,70.16981876317523,-5.327691837919701e-06,-5.326671598027133e-06,0.0
18020,2031,4862,18020,"LINESTRING (-71.0571395 42.360238, -71.0571626 42.3603195)",True,False,25.46710080260246,25.467100802602456,25.467100499221054,25.467100500733096,-3.0338140533103797e-07,-3.018693632839131e-07,-3.552713678800501e-15
18021,2031,4252,18021,"LINESTRING (-71.0571395 42.360238, -71.0567367 42.3603767)",True,False,0.0,0.0,5.172905245285366e-10,4.354086082254699e-10,5.172905245285366e-10,4.354086082254699e-10,0.0
18022,4202,2031,18022,"LINESTRING (-71.0572906 42.3602293, -71.0571395 42.360238)",True,False,0.0,0.0,0.0,0.0,0.0,0.0,0.0
18023,2029,3687,18023,"LINESTRING (-71.0554679 42.3590775, -71.0559131 42.3589984)",True,False,0.0,0.0,5.167599781561926e-10,5.535790037703996e-10,5.167599781561926e-10,5.535790037703996e-10,0.0
18024,943,945,18024,"LINESTRING (-71.053366 42.3576995, -71.0539973 42.357975)",True,False,0.0,0.0,0.0,0.0,0.0,0.0,0.0
18025,945,943,18025,"LINESTRING (-71.0539973 42.357975, -71.053366 42.3576995)",True,False,0.0,0.0,0.0,0.0,0.0,0.0,0.0
18026,1286,1288,18026,"LINESTRING (-71.0543732 42.3586486, -71.0542078 42.358337)",True,False,0.0,0.0,0.0,0.0,0.0,0.0,0.0
18027,1288,1286,18027,"LINESTRING (-71.0542078 42.358337, -71.0543732 42.3586486)",True,False,0.0,0.0,0.0,0.0,0.0,0.0,0.0
18028,3885,945,18028,"LINESTRING (-71.0544211 42.357684, -71.0539973 42.357975)",True,False,0.0,0.0,0.0,0.0,0.0,0.0,0.0
18029,1003,5377,18029,"LINESTRING (-71.0551093 42.3572033, -71.0549013 42.3573374)",True,False,0.0,0.0,0.0,0.0,0.0,0.0,0.0
18030,5377,3885,18030,"LINESTRING (-71.0549013 42.3573374, -71.0544211 42.357684)",True,False,0.0,0.0,0.0,0.0,0.0,0.0,0.0
18031,1288,945,18031,"LINESTRING (-71.0542078 42.358337, -71.0539973 42.357975)",True,False,0.0,0.0,0.0,0.0,0.0,0.0,0.0
18032,945,1288,18032,"LINESTRING (-71.0539973 42.357975, -71.0542078 42.358337)",True,False,0.0,0.0,0.0,0.0,0.0,0.0,0.0
18033,2034,1287,18033,"LINESTRING (-71.05428 42.3592559, -71.0546532 42.3592153)",True,False,0.0,0.0,5.167599781561926e-10,5.535790037703996e-10,5.167599781561926e-10,5.535790037703996e-10,0.0
18048,540,541,18048,"LINESTRING (-71.0537998 42.3588047, -71.0540934 42.3592707)",True,False,0.0,0.0,1.2810633641357825e-10,1.7751461990883368e-10,1.2810633641357825e-10,1.7751461990883368e-10,0.0
18049,4050,541,18049,"LINESTRING (-71.0535741 42.3593462, -71.0540934 42.3592707)",True,False,0.0,0.0,3.886536417426143e-10,3.76064383861566e-10,3.886536417426143e-10,3.76064383861566e-10,0.0
18050,541,2034,18050,"LINESTRING (-71.0540934 42.3592707, -71.05428 42.3592559)",True,False,0.0,0.0,5.167599781561926e-10,5.535790037703996e-10,5.167599781561926e-10,5.535790037703996e-10,0.0
18051,4049,4050,18051,"LINESTRING (-71.0533482 42.3593838, -71.0535741 42.3593462)",True,False,0.0,0.0,3.886536417426143e-10,3.76064383861566e-10,3.886536417426143e-10,3.76064383861566e-10,0.0
18052,2049,2055,18052,"LINESTRING (-71.0514164 42.3547614, -71.050771 42.3566823)",True,False,0.0,0.0,0.0,0.0,0.0,0.0,0.0
18053,1924,2055,18053,"LINESTRING (-71.051524 42.3566835, -71.050771 42.3566823)",True,False,0.0,0.0,0.0,0.0,0.0,0.0,0.0
18054,2985,2049,18054,"LINESTRING (-71.052873 42.3540473, -71.0514164 42.3547614)",True,False,0.0,0.0,2.814573188309836e-10,1.0870343982056593e-10,2.814573188309836e-10,1.0870343982056593e-10,0.0
18055,1923,1924,18055,"LINESTRING (-71.0523003 42.3565541, -71.051524 42.3566835)",True,False,0.0,0.0,0.0,0.0,0.0,0.0,0.0
18056,1924,531,18056,"LINESTRING (-71.051524 42.3566835, -71.0520637 42.355246)",True,False,23.41303617484433,23.41303617484433,23.413035223667237,23.41303522354099,-9.511770926451391e-07,-9.513033383257152e-07,0.0
18057,4113,4114,18057,"LINESTRING (-71.0513608 42.3559896, -71.0527076 42.3546952)",True,False,0.0,0.0,0.0,0.0,0.0,0.0,0.0
18058,1999,1923,18058,"LINESTRING (-71.0528055 42.3564248, -71.0523003 42.3565541)",True,False,0.0,0.0,0.0,0.0,0.0,0.0,0.0
18059,4914,1999,18059,"LINESTRING (-71.0532 42.3560681, -71.0528055 42.3564248)",True,False,0.0,0.0,0.0,0.0,0.0,0.0,0.0
18060,2049,2054,18060,"LINESTRING (-71.0514164 42.3547614, -71.0518733 42.3551524)",True,False,0.0,0.0,2.814573188309836e-10,1.0870343982056593e-10,2.814573188309836e-10,1.0870343982056593e-10,0.0
18061,2054,531,18061,"LINESTRING (-71.0518733 42.3551524, -71.0520637 42.355246)",True,False,3.716579546040663,3.7165795460406628,3.716579186503612,3.716579187086497,-3.595370512421425e-07,-3.589541663906459e-07,-4.440892098500626e-16
18062,2054,2049,18062,"LINESTRING (-71.0518733 42.3551524, -71.0514164 42.3547614)",True,False,0.0,0.0,0.0,0.0,0.0,0.0,0.0
18063,538,539,18063,"LINESTRING (-71.0522628 42.3589471, -71.0521781 42.3586764)",True,False,23.41303617484433,23.41303617484433,23.413035223795344,23.413035223718506,-9.510489853425952e-07,-9.511258234340403e-07,0.0
18064,1944,1946,18064,"LINESTRING (-71.051578 42.3587741, -71.0516556 42.3590559)",True,False,0.0,0.0,0.0,0.0,0.0,0.0,0.0
18065,2053,4301,18065,"LINESTRING (-71.0513407 42.3574484, -71.0519782 42.3593564)",True,False,0.0,0.0,0.0,0.0,0.0,0.0,0.0
18066,3150,4301,18066,"LINESTRING (-71.0515094 42.358289, -71.0519782 42.3593564)",True,False,0.0,0.0,0.0,0.0,0.0,0.0,0.0
18067,2959,1193,18067,"LINESTRING (-71.0522701 42.3580622, -71.0528041 42.3582733)",True,False,0.0,0.0,1.2810633641357825e-10,1.7751461990883368e-10,1.2810633641357825e-10,1.7751461990883368e-10,0.0
18068,3263,3264,18068,"LINESTRING (-71.0522489 42.3572798, -71.0523283 42.3573097)",True,False,0.0,0.0,0.0,0.0,0.0,0.0,0.0
18069,3264,3263,18069,"LINESTRING (-71.0523283 42.3573097, -71.0522489 42.3572798)",True,False,0.0,0.0,0.0,0.0,0.0,0.0,0.0
18070,1194,539,18070,"LINESTRING (-71.0532816 42.3584684, -71.0521781 42.3586764)",True,False,0.0,0.0,0.0,0.0,0.0,0.0,0.0
18071,1945,3265,18071,"LINESTRING (-71.0519427 42.3578857, -71.0516362 42.3571585)",True,False,23.41303617484433,23.41303617484433,23.413035223667237,23.41303522354099,-9.511770926451391e-07,-9.513033383257152e-07,0.0
18072,944,1192,18072,"LINESTRING (-71.0532568 42.3576593, -71.0526882 42.3574447)",True,False,0.0,0.0,0.0,0.0,0.0,0.0,0.0
18073,1192,944,18073,"LINESTRING (-71.0526882 42.3574447, -71.0532568 42.3576593)",True,False,0.0,0.0,0.0,0.0,0.0,0.0,0.0
18074,1192,5294,18074,"LINESTRING (-71.0526882 42.3574447, -71.0532751 42.3569494)",True,False,0.0,0.0,0.0,0.0,0.0,0.0,0.0
18075,3264,1192,18075,"LINESTRING (-71.0523283 42.3573097, -71.0526882 42.3574447)",True,False,0.0,0.0,0.0,0.0,0.0,0.0,0.0
18076,1192,3264,18076,"LINESTRING (-71.0526882 42.3574447, -71.0523283 42.3573097)",True,False,0.0,0.0,0.0,0.0,0.0,0.0,0.0
18077,1193,1194,18077,"LINESTRING (-71.0528041 42.3582733, -71.0532816 42.3584684)",True,False,0.0,0.0,1.2810633641357825e-10,1.7751461990883368e-10,1.2810633641357825e-10,1.7751461990883368e-10,0.0
18078,3263,3265,18078,"LINESTRING (-71.0522489 42.3572798, -71.0516362 42.3571585)",True,False,0.0,0.0,0.0,0.0,0.0,0.0,0.0
18079,3265,3263,18079,"LINESTRING (-71.0516362 42.3571585, -71.0522489 42.3572798)",True,False,0.0,0.0,0.0,0.0,0.0,0.0,0.0
18080,539,1944,18080,"LINESTRING (-71.0521781 42.3586764, -71.051578 42.3587741)",True,False,0.0,0.0,0.0,0.0,0.0,0.0,0.0
18081,539,1945,18081,"LINESTRING (-71.0521781 42.3586764, -71.0519427 42.3578857)",True,False,23.41303617484433,23.41303617484433,23.413035223795344,23.413035223718506,-9.510489853425952e-07,-9.511258234340403e-07,0.0
18082,4134,1944,18082,"LINESTRING (-71.0513366 42.3578908, -71.051578 42.3587741)",True,False,0.0,0.0,0.0,0.0,0.0,0.0,0.0
18083,4134,1945,18083,"LINESTRING (-71.0513366 42.3578908, -71.0519427 42.3578857)",True,False,0.0,0.0,0.0,0.0,0.0,0.0,0.0
18084,1945,2959,18084,"LINESTRING (-71.0519427 42.3578857, -71.0522701 42.3580622)",True,False,0.0,0.0,1.2810633641357825e-10,1.7751461990883368e-10,1.2810633641357825e-10,1.7751461990883368e-10,0.0
18085,4135,538,18085,"LINESTRING (-71.0524347 42.3595359, -71.0522628 42.3589471)",True,False,23.41303617484433,23.41303617484433,23.413035223795344,23.413035223718506,-9.510489853425952e-07,-9.511258234340403e-07,0.0
18086,1951,4135,18086,"LINESTRING (-71.0532089 42.3605369, -71.0524347 42.3595359)",True,False,23.41303617484433,23.41303617484433,23.413035224183997,23.41303522409457,-9.506603326769891e-07,-9.507497580329982e-07,0.0
18087,3163,4135,18087,"LINESTRING (-71.0518168 42.3596323, -71.0524347 42.3595359)",True,False,0.0,0.0,0.0,0.0,0.0,0.0,0.0
18088,1946,3163,18088,"LINESTRING (-71.0516556 42.3590559, -71.0518168 42.3596323)",True,False,0.0,0.0,0.0,0.0,0.0,0.0,0.0
18089,2896,2701,18089,"LINESTRING (-71.0531756 42.3650892, -71.053461 42.364779)",True,False,34.390960201889214,34.390960201889214,34.39095809629158,34.39095809607527,-2.1055976375805585e-06,-2.1058139410001786e-06,0.0
18090,2701,2896,18090,"LINESTRING (-71.053461 42.364779, -71.0531756 42.3650892)",True,False,10.571522241582851,10.571522241582851,10.571522138097237,10.571522138211057,-1.0348561474415874e-07,-1.0337179467967417e-07,0.0
18091,4360,4361,18091,"LINESTRING (-71.051104 42.3653419, -71.0510646 42.3648267)",True,False,0.0,0.0,3.396405533111756e-10,7.382593654341111e-10,3.396405533111756e-10,7.382593654341111e-10,0.0
18092,4361,4360,18092,"LINESTRING (-71.0510646 42.3648267, -71.051104 42.3653419)",True,False,0.0,0.0,0.0,0.0,0.0,0.0,0.0
18093,5157,292,18093,"LINESTRING (-71.0533026 42.3612303, -71.0539224 42.3615567)",True,False,0.0,0.0,9.161002078425612e-11,1.976904999830943e-10,9.161002078425612e-11,1.976904999830943e-10,0.0
18094,4832,5005,18094,"LINESTRING (-71.0534 42.367525, -71.0525283 42.3671955)",True,False,0.0,0.0,0.0,0.0,0.0,0.0,0.0
18095,5005,4832,18095,"LINESTRING (-71.0525283 42.3671955, -71.0534 42.367525)",True,False,0.0,0.0,0.0,0.0,0.0,0.0,0.0
18114,293,3014,18114,"LINESTRING (-71.054919 42.3620603, -71.0558143 42.362545)",True,False,0.0,0.0,9.161002078425612e-11,1.976904999830943e-10,9.161002078425612e-11,1.976904999830943e-10,0.0
18115,2698,3015,18115,"LINESTRING (-71.0565069 42.3621519, -71.0551817 42.3615649)",True,False,90.12810297495268,90.1281029749527,90.12809708637324,90.12809708666532,-5.888579437396402e-06,-5.88828736169944e-06,1.4210854715202004e-14
18116,3014,3019,18116,"LINESTRING (-71.0558143 42.362545, -71.0553021 42.3629607)",True,False,22.074075939694453,22.074075939694453,22.07407573822069,22.074075738375978,-2.0147376389445526e-07,-2.013184747795549e-07,0.0
18117,3019,3014,18117,"LINESTRING (-71.0553021 42.3629607, -71.0558143 42.362545)",True,False,71.70341065615014,71.70341065615014,71.70340665225584,71.7034066521536,-4.003894304105415e-06,-4.0039965369942365e-06,0.0
18118,3020,2697,18118,"LINESTRING (-71.0563149 42.3628294, -71.0569466 42.363206)",True,False,3.393024862908005,3.393024862908005,3.393024760580878,3.3930247589096,-1.0232712721602866e-07,-1.0399840499886182e-07,0.0
18119,3076,3070,18119,"LINESTRING (-71.0564242 42.3620201, -71.0541935 42.3624099)",True,False,0.0,0.0,0.0,0.0,0.0,0.0,0.0
18120,3016,4253,18120,"LINESTRING (-71.0553135 42.3613926, -71.0555242 42.3611165)",True,False,66.71506680010836,66.71506680010836,66.71506186254831,66.71506186352745,-4.937560049711465e-06,-4.9365809076107325e-06,0.0
18121,4253,3016,18121,"LINESTRING (-71.0555242 42.3611165, -71.0553135 42.3613926)",True,False,0.0,0.0,9.161002078425612e-11,1.976904999830943e-10,9.161002078425612e-11,1.976904999830943e-10,0.0
18122,4261,4154,18122,"LINESTRING (-71.05492 42.3627517, -71.0559066 42.3623193)",True,False,0.0,0.0,0.0,0.0,0.0,0.0,0.0
18137,947,949,18137,"LINESTRING (-71.0573218 42.3616868, -71.0567404 42.3620174)",True,False,25.46710080260246,25.467100802602456,25.467100498104447,25.467100496952966,-3.0449801258214393e-07,-3.05649493270721e-07,-3.552713678800501e-15
18138,949,947,18138,"LINESTRING (-71.0567404 42.3620174, -71.0573218 42.3616868)",True,False,0.0,0.0,2.0813842721220587e-10,2.2062505827082697e-10,2.0813842721220587e-10,2.2062505827082697e-10,0.0
18139,2698,3014,18139,"LINESTRING (-71.0565069 42.3621519, -71.0558143 42.362545)",True,False,25.46710080260246,25.467100802602456,25.467100498529824,25.4671004970608,-3.040726355152401e-07,-3.0554165775242836e-07,-3.552713678800501e-15
18140,3014,2698,18140,"LINESTRING (-71.0558143 42.362545, -71.0565069 42.3621519)",True,False,71.70341065615014,71.70341065615014,71.7034066520757,71.7034066521265,-4.004074440899785e-06,-4.004023637094178e-06,0.0
18141,2698,949,18141,"LINESTRING (-71.0565069 42.3621519, -71.0567404 42.3620174)",True,False,0.0,0.0,2.0813842721220587e-10,2.2062505827082697e-10,2.0813842721220587e-10,2.2062505827082697e-10,0.0
18142,949,2698,18142,"LINESTRING (-71.0567404 42.3620174, -71.0565069 42.3621519)",True,False,25.46710080260246,25.467100802602456,25.467100498104447,25.467100496952966,-3.0449801258214393e-07,-3.05649493270721e-07,-3.552713678800501e-15
18143,3014,3020,18143,"LINESTRING (-71.0558143 42.362545, -71.0563149 42.3628294)",True,False,3.393024862908005,3.393024862908005,3.393024760580878,3.3930247589096,-1.0232712721602866e-07,-1.0399840499886182e-07,0.0
18148,2697,2886,18148,"LINESTRING (-71.0569466 42.363206, -71.0571994 42.3633766)",True,False,3.393024862908005,3.393024862908005,3.3930247616977867,3.393024762819615,-1.0121021842834921e-07,-1.0008839002040304e-07,0.0
18149,292,293,18149,"LINESTRING (-71.0539224 42.3615567, -71.054919 42.3620603)",True,False,0.0,0.0,9.161002078425612e-11,1.976904999830943e-10,9.161002078425612e-11,1.976904999830943e-10,0.0
18150,3069,293,18150,"LINESTRING (-71.0545026 42.3617008, -71.054919 42.3620603)",True,False,0.0,0.0,0.0,0.0,0.0,0.0,0.0
18151,3069,3015,18151,"LINESTRING (-71.0545026 42.3617008, -71.0551817 42.3615649)",True,False,0.0,0.0,0.0,0.0,0.0,0.0,0.0
18152,3015,3017,18152,"LINESTRING (-71.0551817 42.3615649, -71.0549053 42.361432)",True,False,23.41303617484433,23.41303617484433,23.413035223413303,23.41303522296831,-9.51431026408045e-07,-9.518760180071695e-07,0.0
18153,3016,3017,18153,"LINESTRING (-71.0553135 42.3613926, -71.0549053 42.361432)",True,False,0.0,0.0,5.03265968713587e-10,3.672427937175424e-10,5.03265968713587e-10,3.672427937175424e-10,0.0
18154,3015,3016,18154,"LINESTRING (-71.0551817 42.3615649, -71.0553135 42.3613926)",True,False,66.71506680010836,66.71506680010836,66.71506186295996,66.715061863697,-4.937148403882929e-06,-4.9364113579031255e-06,0.0
18155,2700,2702,18155,"LINESTRING (-71.0539163 42.364322, -71.0546285 42.3636674)",True,False,34.390960201889214,34.390960201889214,34.39095809629158,34.39095809607527,-2.1055976375805585e-06,-2.1058139410001786e-06,0.0
18156,2702,2700,18156,"LINESTRING (-71.0546285 42.3636674, -71.0539163 42.364322)",True,False,10.571522241582851,10.571522241582851,10.571522138097237,10.571522138211057,-1.0348561474415874e-07,-1.0337179467967417e-07,0.0
18163,3019,3858,18163,"LINESTRING (-71.0553021 42.3629607, -71.0546566 42.3636394)",True,False,22.074075939694453,22.074075939694453,22.07407573822069,22.074075738375978,-2.0147376389445526e-07,-2.013184747795549e-07,0.0
18164,3858,3019,18164,"LINESTRING (-71.0546566 42.3636394, -71.0553021 42.3629607)",True,False,71.70341065615014,71.70341065615014,71.70340665225584,71.7034066521536,-4.003894304105415e-06,-4.0039965369942365e-06,0.0
18165,2702,3858,18165,"LINESTRING (-71.0546285 42.3636674, -71.0546566 42.3636394)",True,False,34.390960201889214,34.390960201889214,34.39095809629158,34.39095809607527,-2.1055976375805585e-06,-2.1058139410001786e-06,0.0
18166,3858,2702,18166,"LINESTRING (-71.0546566 42.3636394, -71.0546285 42.3636674)",True,False,10.571522241582851,10.571522241582851,10.571522138097237,10.571522138211057,-1.0348561474415874e-07,-1.0337179467967417e-07,0.0
18167,2700,2701,18167,"LINESTRING (-71.0539163 42.364322, -71.053461 42.364779)",True,False,10.571522241582851,10.571522241582851,10.571522138097237,10.571522138211057,-1.0348561474415874e-07,-1.0337179467967417e-07,0.0
18168,2701,2700,18168,"LINESTRING (-71.053461 42.364779, -71.0539163 42.364322)",True,False,34.390960201889214,34.390960201889214,34.39095809629158,34.39095809607527,-2.1055976375805585e-06,-2.1058139410001786e-06,0.0
18173,4830,4831,18173,"LINESTRING (-71.0540368 42.3677576, -71.0566069 42.3682385)",True,False,0.0,0.0,0.0,0.0,0.0,0.0,0.0
18174,4831,4830,18174,"LINESTRING (-71.0566069 42.3682385, -71.0540368 42.3677576)",True,False,0.0,0.0,0.0,0.0,0.0,0.0,0.0
18181,4831,5245,18181,"LINESTRING (-71.0566069 42.3682385, -71.057398 42.367754)",True,False,0.0,0.0,0.0,0.0,0.0,0.0,0.0
18182,5245,4831,18182,"LINESTRING (-71.057398 42.367754, -71.0566069 42.3682385)",True,False,0.0,0.0,0.0,0.0,0.0,0.0,0.0
18183,4830,4832,18183,"LINESTRING (-71.0540368 42.3677576, -71.0534 42.367525)",True,False,0.0,0.0,0.0,0.0,0.0,0.0,0.0
18184,4832,4830,18184,"LINESTRING (-71.0534 42.367525, -71.0540368 42.3677576)",True,False,0.0,0.0,0.0,0.0,0.0,0.0,0.0
18185,2929,2931,18185,"LINESTRING (-71.0510543 42.3622581, -71.0519657 42.3616763)",True,False,0.0,0.0,3.396405533111756e-10,7.382593654341111e-10,3.396405533111756e-10,7.382593654341111e-10,0.0
18186,2931,2929,18186,"LINESTRING (-71.0519657 42.3616763, -71.0510543 42.3622581)",True,False,0.0,0.0,0.0,0.0,0.0,0.0,0.0
18187,2930,5334,18187,"LINESTRING (-71.0510047 42.3626279, -71.0510629 42.3637532)",True,False,0.0,0.0,0.0,0.0,0.0,0.0,0.0
18188,5334,2930,18188,"LINESTRING (-71.0510629 42.3637532, -71.0510047 42.3626279)",True,False,0.0,0.0,3.396405533111756e-10,7.382593654341111e-10,3.396405533111756e-10,7.382593654341111e-10,0.0
18189,2931,4357,18189,"LINESTRING (-71.0519657 42.3616763, -71.0528086 42.3609329)",True,False,0.0,0.0,3.396405533111756e-10,7.382593654341111e-10,3.396405533111756e-10,7.382593654341111e-10,0.0
18190,4357,2931,18190,"LINESTRING (-71.0528086 42.3609329, -71.0519657 42.3616763)",True,False,0.0,0.0,0.0,0.0,0.0,0.0,0.0
18191,4357,5157,18191,"LINESTRING (-71.0528086 42.3609329, -71.0533026 42.3612303)",True,False,0.0,0.0,9.161002078425612e-11,1.976904999830943e-10,9.161002078425612e-11,1.976904999830943e-10,0.0
18192,2929,2930,18192,"LINESTRING (-71.0510543 42.3622581, -71.0510047 42.3626279)",True,False,0.0,0.0,0.0,0.0,0.0,0.0,0.0
18193,2930,2929,18193,"LINESTRING (-71.0510047 42.3626279, -71.0510543 42.3622581)",True,False,0.0,0.0,3.396405533111756e-10,7.382593654341111e-10,3.396405533111756e-10,7.382593654341111e-10,0.0
18194,4734,5334,18194,"LINESTRING (-71.0510715 42.3639927, -71.0510629 42.3637532)",True,False,0.0,0.0,3.396405533111756e-10,7.382593654341111e-10,3.396405533111756e-10,7.382593654341111e-10,0.0
18195,5334,4734,18195,"LINESTRING (-71.0510629 42.3637532, -71.0510715 42.3639927)",True,False,0.0,0.0,0.0,0.0,0.0,0.0,0.0
18196,4733,4361,18196,"LINESTRING (-71.0510724 42.3641983, -71.0510646 42.3648267)",True,False,0.0,0.0,0.0,0.0,0.0,0.0,0.0
18197,4361,4733,18197,"LINESTRING (-71.0510646 42.3648267, -71.0510724 42.3641983)",True,False,0.0,0.0,3.396405533111756e-10,7.382593654341111e-10,3.396405533111756e-10,7.382593654341111e-10,0.0
18198,4733,4734,18198,"LINESTRING (-71.0510724 42.3641983, -71.0510715 42.3639927)",True,False,0.0,0.0,3.396405533111756e-10,7.382593654341111e-10,3.396405533111756e-10,7.382593654341111e-10,0.0
18199,4734,4733,18199,"LINESTRING (-71.0510715 42.3639927, -71.0510724 42.3641983)",True,False,0.0,0.0,0.0,0.0,0.0,0.0,0.0
18200,4358,4359,18200,"LINESTRING (-71.0512334 42.366037, -71.051296 42.366175)",True,False,0.0,0.0,0.0,0.0,0.0,0.0,0.0
18201,4359,4358,18201,"LINESTRING (-71.051296 42.366175, -71.0512334 42.366037)",True,False,0.0,0.0,3.396405533111756e-10,7.382593654341111e-10,3.396405533111756e-10,7.382593654341111e-10,0.0
18202,5003,5005,18202,"LINESTRING (-71.0514037 42.3664035, -71.0525283 42.3671955)",True,False,0.0,0.0,0.0,0.0,0.0,0.0,0.0
18203,5005,5003,18203,"LINESTRING (-71.0525283 42.3671955, -71.0514037 42.3664035)",True,False,0.0,0.0,1.7252670380316395e-10,3.813609585133172e-10,1.7252670380316395e-10,3.813609585133172e-10,0.0
18204,5005,5002,18204,"LINESTRING (-71.0525283 42.3671955, -71.052714 42.366496)",True,False,0.0,0.0,0.0,0.0,0.0,0.0,0.0
18205,5002,5005,18205,"LINESTRING (-71.052714 42.366496, -71.0525283 42.3671955)",True,False,0.0,0.0,1.7252670380316395e-10,3.813609585133172e-10,1.7252670380316395e-10,3.813609585133172e-10,0.0
18212,415,417,18212,"LINESTRING (-71.0528554 42.3658516, -71.0528019 42.3660739)",True,False,10.571522241582851,10.571522241582851,10.571522138097237,10.571522138211057,-1.0348561474415874e-07,-1.0337179467967417e-07,0.0
18213,417,415,18213,"LINESTRING (-71.0528019 42.3660739, -71.0528554 42.3658516)",True,False,34.390960201889214,34.390960201889214,34.39095809629158,34.39095809607527,-2.1055976375805585e-06,-2.1058139410001786e-06,0.0
18214,524,5003,18214,"LINESTRING (-71.052759 42.366251, -71.0514037 42.3664035)",True,False,0.0,0.0,1.6711384950801165e-10,3.5689840692079383e-10,1.6711384950801165e-10,3.5689840692079383e-10,0.0
18215,5003,524,18215,"LINESTRING (-71.0514037 42.3664035, -71.052759 42.366251)",True,False,0.0,0.0,0.0,0.0,0.0,0.0,0.0
18226,414,416,18226,"LINESTRING (-71.0529452 42.3655893, -71.0530662 42.3652827)",True,False,34.390960201889214,34.390960201889214,34.39095809629158,34.39095809607527,-2.1055976375805585e-06,-2.1058139410001786e-06,0.0
18227,416,414,18227,"LINESTRING (-71.0530662 42.3652827, -71.0529452 42.3655893)",True,False,10.571522241582851,10.571522241582851,10.571522138097237,10.571522138211057,-1.0348561474415874e-07,-1.0337179467967417e-07,0.0
18228,2896,416,18228,"LINESTRING (-71.0531756 42.3650892, -71.0530662 42.3652827)",True,False,10.571522241582851,10.571522241582851,10.571522138097237,10.571522138211057,-1.0348561474415874e-07,-1.0337179467967417e-07,0.0
18229,416,2896,18229,"LINESTRING (-71.0530662 42.3652827, -71.0531756 42.3650892)",True,False,34.390960201889214,34.390960201889214,34.39095809629158,34.39095809607527,-2.1055976375805585e-06,-2.1058139410001786e-06,0.0
18230,414,415,18230,"LINESTRING (-71.0529452 42.3655893, -71.0528554 42.3658516)",True,False,10.571522241582851,10.571522241582851,10.571522138097237,10.571522138211057,-1.0348561474415874e-07,-1.0337179467967417e-07,0.0
18231,415,414,18231,"LINESTRING (-71.0528554 42.3658516, -71.0529452 42.3655893)",True,False,34.390960201889214,34.390960201889214,34.39095809629158,34.39095809607527,-2.1055976375805585e-06,-2.1058139410001786e-06,0.0
18232,417,524,18232,"LINESTRING (-71.0528019 42.3660739, -71.052759 42.366251)",True,False,10.571522241582851,10.571522241582851,10.571522138097237,10.571522138211057,-1.0348561474415874e-07,-1.0337179467967417e-07,0.0
18233,524,417,18233,"LINESTRING (-71.052759 42.366251, -71.0528019 42.3660739)",True,False,34.390960201889214,34.390960201889214,34.39095809629158,34.39095809607527,-2.1055976375805585e-06,-2.1058139410001786e-06,0.0
18234,524,5002,18234,"LINESTRING (-71.052759 42.366251, -71.052714 42.366496)",True,False,0.0,0.0,1.7252670380316395e-10,3.813609585133172e-10,1.7252670380316395e-10,3.813609585133172e-10,0.0
18235,5002,524,18235,"LINESTRING (-71.052714 42.366496, -71.052759 42.366251)",True,False,0.0,0.0,0.0,0.0,0.0,0.0,0.0
18240,5003,4359,18240,"LINESTRING (-71.0514037 42.3664035, -71.051296 42.366175)",True,False,0.0,0.0,3.396405533111756e-10,7.382593654341111e-10,3.396405533111756e-10,7.382593654341111e-10,0.0
18241,4359,5003,18241,"LINESTRING (-71.051296 42.366175, -71.0514037 42.3664035)",True,False,0.0,0.0,0.0,0.0,0.0,0.0,0.0
18242,4358,4360,18242,"LINESTRING (-71.0512334 42.366037, -71.051104 42.3653419)",True,False,0.0,0.0,3.396405533111756e-10,7.382593654341111e-10,3.396405533111756e-10,7.382593654341111e-10,0.0
18243,4360,4358,18243,"LINESTRING (-71.051104 42.3653419, -71.0512334 42.366037)",True,False,0.0,0.0,0.0,0.0,0.0,0.0,0.0
18244,2919,2051,18244,"LINESTRING (-71.0469024 42.3534616, -71.0478353 42.3538978)",True,False,0.0,0.0,0.0,0.0,0.0,0.0,0.0
18245,2051,2919,18245,"LINESTRING (-71.0478353 42.3538978, -71.0469024 42.3534616)",True,False,0.0,0.0,0.0,0.0,0.0,0.0,0.0
18246,2048,2051,18246,"LINESTRING (-71.0484087 42.3531322, -71.0478353 42.3538978)",True,False,0.0,0.0,0.0,0.0,0.0,0.0,0.0
18247,2051,2048,18247,"LINESTRING (-71.0478353 42.3538978, -71.0484087 42.3531322)",True,False,0.0,0.0,0.0,0.0,0.0,0.0,0.0
18248,2919,2920,18248,"LINESTRING (-71.0469024 42.3534616, -71.0459896 42.3530349)",True,False,0.0,0.0,0.0,0.0,0.0,0.0,0.0
18249,2920,2919,18249,"LINESTRING (-71.0459896 42.3530349, -71.0469024 42.3534616)",True,False,0.0,0.0,0.0,0.0,0.0,0.0,0.0
18250,2921,2920,18250,"LINESTRING (-71.0452802 42.3527032, -71.0459896 42.3530349)",True,False,0.0,0.0,0.0,0.0,0.0,0.0,0.0
18251,2920,2921,18251,"LINESTRING (-71.0459896 42.3530349, -71.0452802 42.3527032)",True,False,0.0,0.0,0.0,0.0,0.0,0.0,0.0
18252,1160,1162,18252,"LINESTRING (-71.0562687 42.3753085, -71.0583111 42.3737585)",True,False,0.0,0.0,0.0,0.0,0.0,0.0,0.0
18253,1162,1160,18253,"LINESTRING (-71.0583111 42.3737585, -71.0562687 42.3753085)",True,False,0.0,0.0,0.0,0.0,0.0,0.0,0.0
18254,2727,2728,18254,"LINESTRING (-71.072404 42.387513, -71.0701548 42.3779869)",True,False,0.0,0.0,0.0,0.0,0.0,0.0,0.0
18255,2729,2963,18255,"LINESTRING (-71.0731298 42.3862485, -71.0734986 42.3851969)",True,False,0.0,0.0,0.0,0.0,0.0,0.0,0.0
18256,3213,3215,18256,"LINESTRING (-71.0699035 42.3780731, -71.0723278 42.3873084)",True,False,0.0,0.0,0.0,0.0,0.0,0.0,0.0
18257,1745,4671,18257,"LINESTRING (-71.0615923 42.3807848, -71.0520588 42.3794555)",True,False,0.0,0.0,0.0,0.0,0.0,0.0,0.0
18258,4671,1745,18258,"LINESTRING (-71.0520588 42.3794555, -71.0615923 42.3807848)",True,False,0.0,0.0,0.0,0.0,0.0,0.0,0.0
18259,3826,3215,18259,"LINESTRING (-71.0727629 42.3848291, -71.0723278 42.3873084)",True,False,0.0,0.0,0.0,0.0,0.0,0.0,0.0
18260,5143,5144,18260,"LINESTRING (-71.0587367 42.3776564, -71.0570587 42.3770842)",True,False,0.0,0.0,0.0,0.0,0.0,0.0,0.0
18261,5144,5143,18261,"LINESTRING (-71.0570587 42.3770842, -71.0587367 42.3776564)",True,False,0.0,0.0,0.0,0.0,0.0,0.0,0.0
18262,3358,5196,18262,"LINESTRING (-71.0570142 42.3791506, -71.058628 42.379539)",True,False,0.0,0.0,0.0,0.0,0.0,0.0,0.0
18263,5196,3358,18263,"LINESTRING (-71.058628 42.379539, -71.0570142 42.3791506)",True,False,0.0,0.0,0.0,0.0,0.0,0.0,0.0
18278,1763,1765,18278,"LINESTRING (-71.0647293 42.3821032, -71.065959 42.382619)",True,False,0.0,0.0,0.0,0.0,0.0,0.0,0.0
18279,1765,1763,18279,"LINESTRING (-71.065959 42.382619, -71.0647293 42.3821032)",True,False,0.0,0.0,0.0,0.0,0.0,0.0,0.0
18280,2224,2225,18280,"LINESTRING (-71.0662038 42.371035, -71.0642021 42.3694566)",True,False,0.0,0.0,0.0,0.0,0.0,0.0,0.0
18281,2728,2864,18281,"LINESTRING (-71.0701548 42.3779869, -71.0695814 42.3770247)",True,False,11.121942726217497,11.121942726217496,11.121941023426476,11.121941024342483,-1.7027910210742903e-06,-1.701875014248344e-06,-1.7763568394002505e-15
18282,3813,3815,18282,"LINESTRING (-71.0665251 42.377078, -71.0666875 42.3772187)",True,False,0.0,0.0,0.0,0.0,0.0,0.0,0.0
18283,3815,3813,18283,"LINESTRING (-71.0666875 42.3772187, -71.0665251 42.377078)",True,False,0.0,0.0,0.0,0.0,0.0,0.0,0.0
18284,893,2496,18284,"LINESTRING (-71.0656215 42.3726664, -71.0653002 42.3721319)",True,False,0.0,0.0,0.0,0.0,0.0,0.0,0.0
18285,893,2494,18285,"LINESTRING (-71.0656215 42.3726664, -71.0650653 42.3723813)",True,False,11.121942726217497,11.121942726217496,11.121941023426476,11.121941024342483,-1.7027910210742903e-06,-1.701875014248344e-06,-1.7763568394002505e-15
18286,4109,4312,18286,"LINESTRING (-71.0649457 42.3725064, -71.0693622 42.3771679)",True,False,3.393024862908005,3.393024862908005,3.3930247603412718,3.393024757400169,-1.0256673332875721e-07,-1.0550783624552196e-07,0.0
18287,4109,4313,18287,"LINESTRING (-71.0649457 42.3725064, -71.0671944 42.3737542)",True,False,0.0,0.0,1.1763799560846827e-09,5.392356947094298e-09,1.1763799560846827e-09,5.392356947094298e-09,0.0
18288,1607,5149,18288,"LINESTRING (-71.0658655 42.3805614, -71.065339 42.380298)",True,False,0.0,0.0,0.0,0.0,0.0,0.0,0.0
18289,5149,1607,18289,"LINESTRING (-71.065339 42.380298, -71.0658655 42.3805614)",True,False,0.0,0.0,0.0,0.0,0.0,0.0,0.0
18290,5162,5163,18290,"LINESTRING (-71.0658125 42.3765432, -71.0647278 42.3757452)",True,False,0.0,0.0,0.0,0.0,0.0,0.0,0.0
18291,5163,5162,18291,"LINESTRING (-71.0647278 42.3757452, -71.0658125 42.3765432)",True,False,0.0,0.0,0.0,0.0,0.0,0.0,0.0
18292,5193,1955,18292,"LINESTRING (-71.0654436 42.3749852, -71.0666815 42.3745838)",True,False,0.0,0.0,0.0,0.0,0.0,0.0,0.0
18293,1955,5193,18293,"LINESTRING (-71.0666815 42.3745838, -71.0654436 42.3749852)",True,False,0.0,0.0,0.0,0.0,0.0,0.0,0.0
18294,4312,3213,18294,"LINESTRING (-71.0693622 42.3771679, -71.0699035 42.3780731)",True,False,3.393024862908005,3.393024862908005,3.3930247615176516,3.3930247627925256,-1.0139035344636227e-07,-1.001154794622039e-07,0.0
18361,2864,892,18361,"LINESTRING (-71.0695814 42.3770247, -71.0657666 42.3727359)",True,False,11.121942726217497,11.121942726217496,11.121941022793903,11.121941023053944,-1.7034235941792986e-06,-1.7031635533015788e-06,-1.7763568394002505e-15
18362,320,892,18362,"LINESTRING (-71.0677911 42.3739082, -71.0657666 42.3727359)",True,False,0.0,0.0,6.325737046701395e-10,1.288539898782124e-09,6.325737046701395e-10,1.288539898782124e-09,0.0
18363,3130,3037,18363,"LINESTRING (-71.067064 42.371874, -71.0723757 42.374894)",True,False,0.0,0.0,0.0,0.0,0.0,0.0,0.0
18376,3044,2224,18376,"LINESTRING (-71.0690581 42.3721219, -71.0662038 42.371035)",True,False,0.0,0.0,0.0,0.0,0.0,0.0,0.0
18377,892,893,18377,"LINESTRING (-71.0657666 42.3727359, -71.0656215 42.3726664)",True,False,11.121942726217497,11.121942726217496,11.121941023426476,11.121941024342483,-1.7027910210742903e-06,-1.701875014248344e-06,-1.7763568394002505e-15
18378,318,319,18378,"LINESTRING (-71.0679169 42.3741271, -71.0675349 42.3742373)",True,False,0.0,0.0,0.0,0.0,0.0,0.0,0.0
18379,3434,320,18379,"LINESTRING (-71.0673881 42.3739868, -71.0677911 42.3739082)",True,False,0.0,0.0,0.0,0.0,0.0,0.0,0.0
18380,2864,897,18380,"LINESTRING (-71.0695814 42.3770247, -71.0681747 42.3745316)",True,False,0.0,0.0,6.325737046701395e-10,1.288539898782124e-09,6.325737046701395e-10,1.288539898782124e-09,0.0
18381,1954,900,18381,"LINESTRING (-71.0675987 42.3743468, -71.067975 42.3742209)",True,False,0.0,0.0,0.0,0.0,0.0,0.0,0.0
18382,1954,4209,18382,"LINESTRING (-71.0675987 42.3743468, -71.0677357 42.3745668)",True,False,0.0,0.0,1.1763799560846827e-09,5.392356947094298e-09,1.1763799560846827e-09,5.392356947094298e-09,0.0
18383,4210,4312,18383,"LINESTRING (-71.068052 42.375097, -71.0693622 42.3771679)",True,False,0.0,0.0,1.1763799560846827e-09,5.392356947094298e-09,1.1763799560846827e-09,5.392356947094298e-09,0.0
18406,897,899,18406,"LINESTRING (-71.0681747 42.3745316, -71.0684774 42.374051)",True,False,0.0,0.0,0.0,0.0,0.0,0.0,0.0
18407,900,318,18407,"LINESTRING (-71.067975 42.3742209, -71.0679169 42.3741271)",True,False,0.0,0.0,6.325737046701395e-10,1.288539898782124e-09,6.325737046701395e-10,1.288539898782124e-09,0.0
18408,900,899,18408,"LINESTRING (-71.067975 42.3742209, -71.0684774 42.374051)",True,False,0.0,0.0,0.0,0.0,0.0,0.0,0.0
18409,4609,320,18409,"LINESTRING (-71.0682421 42.3740297, -71.0677911 42.3739082)",True,False,0.0,0.0,0.0,0.0,0.0,0.0,0.0
18410,4609,318,18410,"LINESTRING (-71.0682421 42.3740297, -71.0679169 42.3741271)",True,False,0.0,0.0,0.0,0.0,0.0,0.0,0.0
18411,318,320,18411,"LINESTRING (-71.0679169 42.3741271, -71.0677911 42.3739082)",True,False,0.0,0.0,6.325737046701395e-10,1.288539898782124e-09,6.325737046701395e-10,1.288539898782124e-09,0.0
18412,897,898,18412,"LINESTRING (-71.0681747 42.3745316, -71.0681074 42.3744314)",True,False,0.0,0.0,6.325737046701395e-10,1.288539898782124e-09,6.325737046701395e-10,1.288539898782124e-09,0.0
18413,4209,4210,18413,"LINESTRING (-71.0677357 42.3745668, -71.068052 42.375097)",True,False,0.0,0.0,1.1763799560846827e-09,5.392356947094298e-09,1.1763799560846827e-09,5.392356947094298e-09,0.0
18414,898,4209,18414,"LINESTRING (-71.0681074 42.3744314, -71.0677357 42.3745668)",True,False,0.0,0.0,0.0,0.0,0.0,0.0,0.0
18415,898,900,18415,"LINESTRING (-71.0681074 42.3744314, -71.067975 42.3742209)",True,False,0.0,0.0,6.325737046701395e-10,1.288539898782124e-09,6.325737046701395e-10,1.288539898782124e-09,0.0
18416,3434,319,18416,"LINESTRING (-71.0673881 42.3739868, -71.0675349 42.3742373)",True,False,0.0,0.0,1.1763799560846827e-09,5.392356947094298e-09,1.1763799560846827e-09,5.392356947094298e-09,0.0
18427,4313,3434,18427,"LINESTRING (-71.0671944 42.3737542, -71.0673881 42.3739868)",True,False,0.0,0.0,1.1763799560846827e-09,5.392356947094298e-09,1.1763799560846827e-09,5.392356947094298e-09,0.0
18428,319,1955,18428,"LINESTRING (-71.0675349 42.3742373, -71.0666815 42.3745838)",True,False,0.0,0.0,0.0,0.0,0.0,0.0,0.0
18429,1955,1954,18429,"LINESTRING (-71.0666815 42.3745838, -71.0675987 42.3743468)",True,False,0.0,0.0,0.0,0.0,0.0,0.0,0.0
18430,319,1954,18430,"LINESTRING (-71.0675349 42.3742373, -71.0675987 42.3743468)",True,False,0.0,0.0,1.1763799560846827e-09,5.392356947094298e-09,1.1763799560846827e-09,5.392356947094298e-09,0.0
18431,5162,3814,18431,"LINESTRING (-71.0658125 42.3765432, -71.0662364 42.3768681)",True,False,0.0,0.0,0.0,0.0,0.0,0.0,0.0
18432,3814,5162,18432,"LINESTRING (-71.0662364 42.3768681, -71.0658125 42.3765432)",True,False,0.0,0.0,0.0,0.0,0.0,0.0,0.0
18433,3813,3814,18433,"LINESTRING (-71.0665251 42.377078, -71.0662364 42.3768681)",True,False,0.0,0.0,0.0,0.0,0.0,0.0,0.0
18434,3814,3813,18434,"LINESTRING (-71.0662364 42.3768681, -71.0665251 42.377078)",True,False,0.0,0.0,0.0,0.0,0.0,0.0,0.0
18435,3292,3000,18435,"LINESTRING (-71.0690109 42.3837832, -71.0699359 42.3837258)",True,False,0.0,0.0,0.0,0.0,0.0,0.0,0.0
18436,3000,3292,18436,"LINESTRING (-71.0699359 42.3837258, -71.0690109 42.3837832)",True,False,0.0,0.0,0.0,0.0,0.0,0.0,0.0
18437,3362,3395,18437,"LINESTRING (-71.0715394 42.3809351, -71.0728107 42.3830694)",True,False,3.393024862908005,3.393024862908005,3.3930247615176516,3.3930247627925256,-1.0139035344636227e-07,-1.001154794622039e-07,0.0
18438,3993,3693,18438,"LINESTRING (-71.071132 42.381491, -71.0709636 42.3813008)",True,False,0.0,0.0,0.0,0.0,0.0,0.0,0.0
18439,3693,3993,18439,"LINESTRING (-71.0709636 42.3813008, -71.071132 42.381491)",True,False,0.0,0.0,0.0,0.0,0.0,0.0,0.0
18440,4063,4064,18440,"LINESTRING (-71.0685265 42.3818916, -71.0671812 42.3812166)",True,False,0.0,0.0,0.0,0.0,0.0,0.0,0.0
18441,4064,4063,18441,"LINESTRING (-71.0671812 42.3812166, -71.0685265 42.3818916)",True,False,0.0,0.0,0.0,0.0,0.0,0.0,0.0
18442,4171,2728,18442,"LINESTRING (-71.0731346 42.3828838, -71.0701548 42.3779869)",True,False,11.121942726217497,11.121942726217496,11.121941023426476,11.121941024342483,-1.7027910210742903e-06,-1.701875014248344e-06,-1.7763568394002505e-15
18443,4173,4221,18443,"LINESTRING (-71.0692837 42.3822667, -71.069869 42.382547)",True,False,0.0,0.0,0.0,0.0,0.0,0.0,0.0
18444,4221,4173,18444,"LINESTRING (-71.069869 42.382547, -71.0692837 42.3822667)",True,False,0.0,0.0,0.0,0.0,0.0,0.0,0.0
18445,5152,5147,18445,"LINESTRING (-71.0695101 42.3798426, -71.0699707 42.3802933)",True,False,0.0,0.0,0.0,0.0,0.0,0.0,0.0
18446,5147,5152,18446,"LINESTRING (-71.0699707 42.3802933, -71.0695101 42.3798426)",True,False,0.0,0.0,0.0,0.0,0.0,0.0,0.0
18487,3213,3214,18487,"LINESTRING (-71.0699035 42.3780731, -71.0707522 42.3796044)",True,False,3.393024862908005,3.393024862908005,3.3930247615176516,3.3930247627925256,-1.0139035344636227e-07,-1.001154794622039e-07,0.0
18488,3214,3362,18488,"LINESTRING (-71.0707522 42.3796044, -71.0715394 42.3809351)",True,False,3.393024862908005,3.393024862908005,3.3930247615176516,3.3930247627925256,-1.0139035344636227e-07,-1.001154794622039e-07,0.0
18489,3691,3693,18489,"LINESTRING (-71.0706668 42.3810059, -71.0709636 42.3813008)",True,False,0.0,0.0,0.0,0.0,0.0,0.0,0.0
18490,3693,3691,18490,"LINESTRING (-71.0709636 42.3813008, -71.0706668 42.3810059)",True,False,0.0,0.0,0.0,0.0,0.0,0.0,0.0
18491,3691,3692,18491,"LINESTRING (-71.0706668 42.3810059, -71.0704467 42.3807845)",True,False,0.0,0.0,0.0,0.0,0.0,0.0,0.0
18492,3692,3691,18492,"LINESTRING (-71.0704467 42.3807845, -71.0706668 42.3810059)",True,False,0.0,0.0,0.0,0.0,0.0,0.0,0.0
18493,3692,5147,18493,"LINESTRING (-71.0704467 42.3807845, -71.0699707 42.3802933)",True,False,0.0,0.0,0.0,0.0,0.0,0.0,0.0
18494,5147,3692,18494,"LINESTRING (-71.0699707 42.3802933, -71.0704467 42.3807845)",True,False,0.0,0.0,0.0,0.0,0.0,0.0,0.0
18495,277,278,18495,"LINESTRING (-71.0717808 42.3827058, -71.0716132 42.3834148)",True,False,0.0,0.0,0.0,0.0,0.0,0.0,0.0
18496,277,280,18496,"LINESTRING (-71.0717808 42.3827058, -71.071701 42.3824719)",True,False,0.0,0.0,0.0,0.0,0.0,0.0,0.0
18497,280,277,18497,"LINESTRING (-71.071701 42.3824719, -71.0717808 42.3827058)",True,False,0.0,0.0,0.0,0.0,0.0,0.0,0.0
18498,2998,2999,18498,"LINESTRING (-71.0710831 42.383618, -71.0717564 42.3834727)",True,False,0.0,0.0,0.0,0.0,0.0,0.0,0.0
18499,278,2999,18499,"LINESTRING (-71.0716132 42.3834148, -71.0717564 42.3834727)",True,False,0.0,0.0,0.0,0.0,0.0,0.0,0.0
18500,2999,278,18500,"LINESTRING (-71.0717564 42.3834727, -71.0716132 42.3834148)",True,False,0.0,0.0,0.0,0.0,0.0,0.0,0.0
18501,278,4172,18501,"LINESTRING (-71.0716132 42.3834148, -71.0705488 42.3828824)",True,False,0.0,0.0,0.0,0.0,0.0,0.0,0.0
18502,4172,278,18502,"LINESTRING (-71.0705488 42.3828824, -71.0716132 42.3834148)",True,False,0.0,0.0,0.0,0.0,0.0,0.0,0.0
18503,3395,4665,18503,"LINESTRING (-71.0728107 42.3830694, -71.0731579 42.3839433)",True,False,3.393024862908005,3.393024862908005,3.3930247615176516,3.3930247627925256,-1.0139035344636227e-07,-1.001154794622039e-07,0.0
18504,2999,277,18504,"LINESTRING (-71.0717564 42.3834727, -71.0717808 42.3827058)",True,False,0.0,0.0,0.0,0.0,0.0,0.0,0.0
18543,3395,4171,18543,"LINESTRING (-71.0728107 42.3830694, -71.0731346 42.3828838)",True,False,0.0,0.0,0.0,0.0,0.0,0.0,0.0
18546,3824,3007,18546,"LINESTRING (-71.072968 42.384094, -71.072299 42.3837467)",True,False,0.0,0.0,0.0,0.0,0.0,0.0,0.0
18547,3825,3826,18547,"LINESTRING (-71.0728342 42.3843682, -71.0727629 42.3848291)",True,False,3.393024862908005,3.393024862908005,3.3930247615176516,3.3930247627925256,-1.0139035344636227e-07,-1.001154794622039e-07,0.0
18548,3826,2963,18548,"LINESTRING (-71.0727629 42.3848291, -71.0734986 42.3851969)",True,False,3.393024862908005,3.393024862908005,3.3930247615176516,3.3930247627925256,-1.0139035344636227e-07,-1.001154794622039e-07,0.0
18549,3007,3825,18549,"LINESTRING (-71.072299 42.3837467, -71.0728342 42.3843682)",True,False,0.0,0.0,0.0,0.0,0.0,0.0,0.0
18550,3824,3825,18550,"LINESTRING (-71.072968 42.384094, -71.0728342 42.3843682)",True,False,3.393024862908005,3.393024862908005,3.3930247615176516,3.3930247627925256,-1.0139035344636227e-07,-1.001154794622039e-07,0.0
18551,4665,3824,18551,"LINESTRING (-71.0731579 42.3839433, -71.072968 42.384094)",True,False,3.393024862908005,3.393024862908005,3.3930247615176516,3.3930247627925256,-1.0139035344636227e-07,-1.001154794622039e-07,0.0
18552,2963,4001,18552,"LINESTRING (-71.0734986 42.3851969, -71.0736888 42.3850981)",True,False,3.393024862908005,3.393024862908005,3.3930247615176516,3.3930247627925256,-1.0139035344636227e-07,-1.001154794622039e-07,0.0
18553,3006,3007,18553,"LINESTRING (-71.0720737 42.3836275, -71.072299 42.3837467)",True,False,0.0,0.0,0.0,0.0,0.0,0.0,0.0
18554,3007,3006,18554,"LINESTRING (-71.072299 42.3837467, -71.0720737 42.3836275)",True,False,0.0,0.0,0.0,0.0,0.0,0.0,0.0
18555,3006,2999,18555,"LINESTRING (-71.0720737 42.3836275, -71.0717564 42.3834727)",True,False,0.0,0.0,0.0,0.0,0.0,0.0,0.0
18556,2999,3006,18556,"LINESTRING (-71.0717564 42.3834727, -71.0720737 42.3836275)",True,False,0.0,0.0,0.0,0.0,0.0,0.0,0.0
18557,3993,280,18557,"LINESTRING (-71.071132 42.381491, -71.071701 42.3824719)",True,False,0.0,0.0,0.0,0.0,0.0,0.0,0.0
18558,280,3993,18558,"LINESTRING (-71.071701 42.3824719, -71.071132 42.381491)",True,False,0.0,0.0,0.0,0.0,0.0,0.0,0.0
18559,4220,4172,18559,"LINESTRING (-71.0699161 42.3825702, -71.0705488 42.3828824)",True,False,0.0,0.0,0.0,0.0,0.0,0.0,0.0
18560,4172,4220,18560,"LINESTRING (-71.0705488 42.3828824, -71.0699161 42.3825702)",True,False,0.0,0.0,0.0,0.0,0.0,0.0,0.0
18561,4220,4221,18561,"LINESTRING (-71.0699161 42.3825702, -71.069869 42.382547)",True,False,0.0,0.0,0.0,0.0,0.0,0.0,0.0
18562,4221,4220,18562,"LINESTRING (-71.069869 42.382547, -71.0699161 42.3825702)",True,False,0.0,0.0,0.0,0.0,0.0,0.0,0.0
18563,2998,3000,18563,"LINESTRING (-71.0710831 42.383618, -71.0699359 42.3837258)",True,False,0.0,0.0,0.0,0.0,0.0,0.0,0.0
18564,3000,2998,18564,"LINESTRING (-71.0699359 42.3837258, -71.0710831 42.383618)",True,False,0.0,0.0,0.0,0.0,0.0,0.0,0.0
18565,278,2998,18565,"LINESTRING (-71.0716132 42.3834148, -71.0710831 42.383618)",True,False,0.0,0.0,0.0,0.0,0.0,0.0,0.0
18566,4059,4061,18566,"LINESTRING (-71.0676636 42.3780595, -71.067529 42.3779454)",True,False,0.0,0.0,0.0,0.0,0.0,0.0,0.0
18567,4061,4059,18567,"LINESTRING (-71.067529 42.3779454, -71.0676636 42.3780595)",True,False,0.0,0.0,0.0,0.0,0.0,0.0,0.0
18568,5145,5146,18568,"LINESTRING (-71.068747 42.379056, -71.0690845 42.3794048)",True,False,0.0,0.0,0.0,0.0,0.0,0.0,0.0
18569,5146,5145,18569,"LINESTRING (-71.0690845 42.3794048, -71.068747 42.379056)",True,False,0.0,0.0,0.0,0.0,0.0,0.0,0.0
18570,4060,5139,18570,"LINESTRING (-71.0678412 42.3782208, -71.0681369 42.3784809)",True,False,0.0,0.0,0.0,0.0,0.0,0.0,0.0
18571,5139,4060,18571,"LINESTRING (-71.0681369 42.3784809, -71.0678412 42.3782208)",True,False,0.0,0.0,0.0,0.0,0.0,0.0,0.0
18572,5140,5145,18572,"LINESTRING (-71.0684624 42.3787903, -71.068747 42.379056)",True,False,0.0,0.0,0.0,0.0,0.0,0.0,0.0
18573,5145,5140,18573,"LINESTRING (-71.068747 42.379056, -71.0684624 42.3787903)",True,False,0.0,0.0,0.0,0.0,0.0,0.0,0.0
18574,4059,4060,18574,"LINESTRING (-71.0676636 42.3780595, -71.0678412 42.3782208)",True,False,0.0,0.0,0.0,0.0,0.0,0.0,0.0
18575,4060,4059,18575,"LINESTRING (-71.0678412 42.3782208, -71.0676636 42.3780595)",True,False,0.0,0.0,0.0,0.0,0.0,0.0,0.0
18576,5139,5140,18576,"LINESTRING (-71.0681369 42.3784809, -71.0684624 42.3787903)",True,False,0.0,0.0,0.0,0.0,0.0,0.0,0.0
18577,5140,5139,18577,"LINESTRING (-71.0684624 42.3787903, -71.0681369 42.3784809)",True,False,0.0,0.0,0.0,0.0,0.0,0.0,0.0
18578,5152,5146,18578,"LINESTRING (-71.0695101 42.3798426, -71.0690845 42.3794048)",True,False,0.0,0.0,0.0,0.0,0.0,0.0,0.0
18579,5146,5152,18579,"LINESTRING (-71.0690845 42.3794048, -71.0695101 42.3798426)",True,False,0.0,0.0,0.0,0.0,0.0,0.0,0.0
18580,3816,3817,18580,"LINESTRING (-71.0671865 42.3776514, -71.0667717 42.3772894)",True,False,0.0,0.0,0.0,0.0,0.0,0.0,0.0
18581,3817,3816,18581,"LINESTRING (-71.0667717 42.3772894, -71.0671865 42.3776514)",True,False,0.0,0.0,0.0,0.0,0.0,0.0,0.0
18582,3816,3818,18582,"LINESTRING (-71.0671865 42.3776514, -71.0673182 42.377767)",True,False,0.0,0.0,0.0,0.0,0.0,0.0,0.0
18583,3818,3816,18583,"LINESTRING (-71.0673182 42.377767, -71.0671865 42.3776514)",True,False,0.0,0.0,0.0,0.0,0.0,0.0,0.0
18584,3818,4061,18584,"LINESTRING (-71.0673182 42.377767, -71.067529 42.3779454)",True,False,0.0,0.0,0.0,0.0,0.0,0.0,0.0
18585,4061,3818,18585,"LINESTRING (-71.067529 42.3779454, -71.0673182 42.377767)",True,False,0.0,0.0,0.0,0.0,0.0,0.0,0.0
18586,3815,3817,18586,"LINESTRING (-71.0666875 42.3772187, -71.0667717 42.3772894)",True,False,0.0,0.0,0.0,0.0,0.0,0.0,0.0
18587,3817,3815,18587,"LINESTRING (-71.0667717 42.3772894, -71.0666875 42.3772187)",True,False,0.0,0.0,0.0,0.0,0.0,0.0,0.0
18588,1606,1607,18588,"LINESTRING (-71.0666291 42.3809425, -71.0658655 42.3805614)",True,False,0.0,0.0,0.0,0.0,0.0,0.0,0.0
18589,1607,1606,18589,"LINESTRING (-71.0658655 42.3805614, -71.0666291 42.3809425)",True,False,0.0,0.0,0.0,0.0,0.0,0.0,0.0
18590,4064,1608,18590,"LINESTRING (-71.0671812 42.3812166, -71.0670741 42.3811629)",True,False,0.0,0.0,0.0,0.0,0.0,0.0,0.0
18591,1608,4064,18591,"LINESTRING (-71.0670741 42.3811629, -71.0671812 42.3812166)",True,False,0.0,0.0,0.0,0.0,0.0,0.0,0.0
18592,1606,1608,18592,"LINESTRING (-71.0666291 42.3809425, -71.0670741 42.3811629)",True,False,0.0,0.0,0.0,0.0,0.0,0.0,0.0
18593,1608,1606,18593,"LINESTRING (-71.0670741 42.3811629, -71.0666291 42.3809425)",True,False,0.0,0.0,0.0,0.0,0.0,0.0,0.0
18594,3293,1766,18594,"LINESTRING (-71.0682745 42.3835978, -71.0675931 42.3833114)",True,False,0.0,0.0,0.0,0.0,0.0,0.0,0.0
18595,1766,3293,18595,"LINESTRING (-71.0675931 42.3833114, -71.0682745 42.3835978)",True,False,0.0,0.0,0.0,0.0,0.0,0.0,0.0
18596,4065,4173,18596,"LINESTRING (-71.0686322 42.3819435, -71.0692837 42.3822667)",True,False,0.0,0.0,0.0,0.0,0.0,0.0,0.0
18597,4173,4065,18597,"LINESTRING (-71.0692837 42.3822667, -71.0686322 42.3819435)",True,False,0.0,0.0,0.0,0.0,0.0,0.0,0.0
18598,4063,4065,18598,"LINESTRING (-71.0685265 42.3818916, -71.0686322 42.3819435)",True,False,0.0,0.0,0.0,0.0,0.0,0.0,0.0
18599,4065,4063,18599,"LINESTRING (-71.0686322 42.3819435, -71.0685265 42.3818916)",True,False,0.0,0.0,0.0,0.0,0.0,0.0,0.0
18600,3292,3293,18600,"LINESTRING (-71.0690109 42.3837832, -71.0682745 42.3835978)",True,False,0.0,0.0,0.0,0.0,0.0,0.0,0.0
18601,3293,3292,18601,"LINESTRING (-71.0682745 42.3835978, -71.0690109 42.3837832)",True,False,0.0,0.0,0.0,0.0,0.0,0.0,0.0
18602,1765,1766,18602,"LINESTRING (-71.065959 42.382619, -71.0675931 42.3833114)",True,False,0.0,0.0,0.0,0.0,0.0,0.0,0.0
18603,1766,1765,18603,"LINESTRING (-71.0675931 42.3833114, -71.065959 42.382619)",True,False,0.0,0.0,0.0,0.0,0.0,0.0,0.0
18604,1637,1638,18604,"LINESTRING (-71.0611118 42.3717961, -71.0620117 42.3711664)",True,False,0.0,0.0,0.0,0.0,0.0,0.0,0.0
18605,1595,247,18605,"LINESTRING (-71.062305 42.3734071, -71.0619583 42.3729731)",True,False,0.0,0.0,0.0,0.0,0.0,0.0,0.0
18606,4155,4108,18606,"LINESTRING (-71.0581203 42.3741813, -71.0653216 42.3719114)",True,False,0.0,0.0,0.0,0.0,0.0,0.0,0.0
18607,4212,2832,18607,"LINESTRING (-71.0584378 42.3736466, -71.0604775 42.3722262)",True,False,0.0,0.0,0.0,0.0,0.0,0.0,0.0
18608,4311,1637,18608,"LINESTRING (-71.0616071 42.3720522, -71.0611118 42.3717961)",True,False,0.0,0.0,0.0,0.0,0.0,0.0,0.0
18609,2833,4212,18609,"LINESTRING (-71.0604126 42.3721283, -71.0584378 42.3736466)",True,False,0.0,0.0,0.0,0.0,0.0,0.0,0.0
18610,2834,3244,18610,"LINESTRING (-71.0609542 42.3729836, -71.0616469 42.3736673)",True,False,0.0,0.0,0.0,0.0,0.0,0.0,0.0
18611,3210,2833,18611,"LINESTRING (-71.0615269 42.3713618, -71.0604126 42.3721283)",True,False,0.0,0.0,0.0,0.0,0.0,0.0,0.0
18660,2496,2497,18660,"LINESTRING (-71.0653002 42.3721319, -71.061758 42.371272)",True,False,0.0,0.0,0.0,0.0,0.0,0.0,0.0
18661,3198,3199,18661,"LINESTRING (-71.064438 42.3720554, -71.0627453 42.3712568)",True,False,11.121942726217497,11.121942726217496,11.121941023426476,11.121941024342483,-1.7027910210742903e-06,-1.701875014248344e-06,-1.7763568394002505e-15
18662,2830,3202,18662,"LINESTRING (-71.0620655 42.3709833, -71.0618951 42.3711031)",True,False,0.0,0.0,0.0,0.0,0.0,0.0,0.0
18663,1636,3210,18663,"LINESTRING (-71.0615051 42.3707943, -71.0615269 42.3713618)",True,False,0.0,0.0,0.0,0.0,0.0,0.0,0.0
18664,1636,3202,18664,"LINESTRING (-71.0615051 42.3707943, -71.0618951 42.3711031)",True,False,3.393024862908005,3.393024862908005,3.3930247615176516,3.3930247627925256,-1.0139035344636227e-07,-1.001154794622039e-07,0.0
18665,3199,2831,18665,"LINESTRING (-71.0627453 42.3712568, -71.0626357 42.3709096)",True,False,0.0,0.0,0.0,0.0,0.0,0.0,0.0
18666,3199,2829,18666,"LINESTRING (-71.0627453 42.3712568, -71.0621981 42.3710366)",True,False,11.121942726217497,11.121942726217496,11.121941023426476,11.121941024342483,-1.7027910210742903e-06,-1.701875014248344e-06,-1.7763568394002505e-15
18667,1638,2829,18667,"LINESTRING (-71.0620117 42.3711664, -71.0621981 42.3710366)",True,False,0.0,0.0,0.0,0.0,0.0,0.0,0.0
18668,4308,3422,18668,"LINESTRING (-71.0626952 42.3714417, -71.0637876 42.3719043)",True,False,3.393024862908005,3.393024862908005,3.3930247615176516,3.3930247627925256,-1.0139035344636227e-07,-1.001154794622039e-07,0.0
18669,3422,3423,18669,"LINESTRING (-71.0637876 42.3719043, -71.064844 42.3724531)",True,False,3.393024862908005,3.393024862908005,3.3930247615176516,3.3930247627925256,-1.0139035344636227e-07,-1.001154794622039e-07,0.0
18670,2495,3198,18670,"LINESTRING (-71.0649619 42.3723276, -71.064438 42.3720554)",True,False,11.121942726217497,11.121942726217496,11.121941023426476,11.121941024342483,-1.7027910210742903e-06,-1.701875014248344e-06,-1.7763568394002505e-15
18671,4108,2495,18671,"LINESTRING (-71.0653216 42.3719114, -71.0649619 42.3723276)",True,False,0.0,0.0,0.0,0.0,0.0,0.0,0.0
18672,4108,3198,18672,"LINESTRING (-71.0653216 42.3719114, -71.064438 42.3720554)",True,False,0.0,0.0,0.0,0.0,0.0,0.0,0.0
18673,2494,2496,18673,"LINESTRING (-71.0650653 42.3723813, -71.0653002 42.3721319)",True,False,0.0,0.0,0.0,0.0,0.0,0.0,0.0
18674,2494,2495,18674,"LINESTRING (-71.0650653 42.3723813, -71.0649619 42.3723276)",True,False,11.121942726217497,11.121942726217496,11.121941023426476,11.121941024342483,-1.7027910210742903e-06,-1.701875014248344e-06,-1.7763568394002505e-15
18675,2495,3423,18675,"LINESTRING (-71.0649619 42.3723276, -71.064844 42.3724531)",True,False,0.0,0.0,0.0,0.0,0.0,0.0,0.0
18676,3423,4109,18676,"LINESTRING (-71.064844 42.3724531, -71.0649457 42.3725064)",True,False,3.393024862908005,3.393024862908005,3.3930247615176516,3.3930247627925256,-1.0139035344636227e-07,-1.001154794622039e-07,0.0
18677,4109,2494,18677,"LINESTRING (-71.0649457 42.3725064, -71.0650653 42.3723813)",True,False,0.0,0.0,0.0,0.0,0.0,0.0,0.0
18678,2829,2831,18678,"LINESTRING (-71.0621981 42.3710366, -71.0626357 42.3709096)",True,False,0.0,0.0,0.0,0.0,0.0,0.0,0.0
18679,2829,2830,18679,"LINESTRING (-71.0621981 42.3710366, -71.0620655 42.3709833)",True,False,11.121942726217497,11.121942726217496,11.121941023426476,11.121941024342483,-1.7027910210742903e-06,-1.701875014248344e-06,-1.7763568394002505e-15
18680,1638,4308,18680,"LINESTRING (-71.0620117 42.3711664, -71.0626952 42.3714417)",True,False,3.393024862908005,3.393024862908005,3.3930247615176516,3.3930247627925256,-1.0139035344636227e-07,-1.001154794622039e-07,0.0
18681,4308,4309,18681,"LINESTRING (-71.0626952 42.3714417, -71.0624025 42.3717281)",True,False,0.0,0.0,0.0,0.0,0.0,0.0,0.0
18682,4309,4308,18682,"LINESTRING (-71.0624025 42.3717281, -71.0626952 42.3714417)",True,False,0.0,0.0,0.0,0.0,0.0,0.0,0.0
18683,248,4309,18683,"LINESTRING (-71.061945 42.3721925, -71.0624025 42.3717281)",True,False,0.0,0.0,0.0,0.0,0.0,0.0,0.0
18684,248,4311,18684,"LINESTRING (-71.061945 42.3721925, -71.0616071 42.3720522)",True,False,0.0,0.0,0.0,0.0,0.0,0.0,0.0
18685,3202,3210,18685,"LINESTRING (-71.0618951 42.3711031, -71.0615269 42.3713618)",True,False,0.0,0.0,0.0,0.0,0.0,0.0,0.0
18686,3202,1638,18686,"LINESTRING (-71.0618951 42.3711031, -71.0620117 42.3711664)",True,False,3.393024862908005,3.393024862908005,3.3930247615176516,3.3930247627925256,-1.0139035344636227e-07,-1.001154794622039e-07,0.0
18687,247,248,18687,"LINESTRING (-71.0619583 42.3729731, -71.061945 42.3721925)",True,False,0.0,0.0,0.0,0.0,0.0,0.0,0.0
18688,4086,4214,18688,"LINESTRING (-71.0637042 42.3751099, -71.0644628 42.3755527)",True,False,0.0,0.0,0.0,0.0,0.0,0.0,0.0
18689,5187,2710,18689,"LINESTRING (-71.0637114 42.3745789, -71.0631781 42.3739712)",True,False,0.0,0.0,0.0,0.0,0.0,0.0,0.0
18690,5194,4214,18690,"LINESTRING (-71.0648941 42.375151, -71.0644628 42.3755527)",True,False,0.0,0.0,0.0,0.0,0.0,0.0,0.0
18691,4214,5194,18691,"LINESTRING (-71.0644628 42.3755527, -71.0648941 42.375151)",True,False,0.0,0.0,0.0,0.0,0.0,0.0,0.0
18692,5194,5195,18692,"LINESTRING (-71.0648941 42.375151, -71.0642351 42.3753356)",True,False,0.0,0.0,0.0,0.0,0.0,0.0,0.0
18693,5192,4085,18693,"LINESTRING (-71.0630855 42.3747179, -71.0636839 42.3750982)",True,False,0.0,0.0,0.0,0.0,0.0,0.0,0.0
18694,5195,4213,18694,"LINESTRING (-71.0642351 42.3753356, -71.0639824 42.3749935)",True,False,0.0,0.0,0.0,0.0,0.0,0.0,0.0
18695,5193,5194,18695,"LINESTRING (-71.0654436 42.3749852, -71.0648941 42.375151)",True,False,0.0,0.0,0.0,0.0,0.0,0.0,0.0
18696,5194,5193,18696,"LINESTRING (-71.0648941 42.375151, -71.0654436 42.3749852)",True,False,0.0,0.0,0.0,0.0,0.0,0.0,0.0
18697,4213,5187,18697,"LINESTRING (-71.0639824 42.3749935, -71.0637114 42.3745789)",True,False,0.0,0.0,0.0,0.0,0.0,0.0,0.0
18698,4086,4213,18698,"LINESTRING (-71.0637042 42.3751099, -71.0639824 42.3749935)",True,False,0.0,0.0,0.0,0.0,0.0,0.0,0.0
18699,4085,4086,18699,"LINESTRING (-71.0636839 42.3750982, -71.0637042 42.3751099)",True,False,0.0,0.0,0.0,0.0,0.0,0.0,0.0
18700,5163,4214,18700,"LINESTRING (-71.0647278 42.3757452, -71.0644628 42.3755527)",True,False,0.0,0.0,0.0,0.0,0.0,0.0,0.0
18701,4214,5163,18701,"LINESTRING (-71.0644628 42.3755527, -71.0647278 42.3757452)",True,False,0.0,0.0,0.0,0.0,0.0,0.0,0.0
18702,4214,5195,18702,"LINESTRING (-71.0644628 42.3755527, -71.0642351 42.3753356)",True,False,0.0,0.0,0.0,0.0,0.0,0.0,0.0
18703,1594,1595,18703,"LINESTRING (-71.0626081 42.3736434, -71.062305 42.3734071)",True,False,0.0,0.0,0.0,0.0,0.0,0.0,0.0
18704,5184,5185,18704,"LINESTRING (-71.0622635 42.3741185, -71.0627722 42.374485)",True,False,0.0,0.0,0.0,0.0,0.0,0.0,0.0
18705,2710,1594,18705,"LINESTRING (-71.0631781 42.3739712, -71.0626081 42.3736434)",True,False,0.0,0.0,0.0,0.0,0.0,0.0,0.0
18706,5185,5192,18706,"LINESTRING (-71.0627722 42.374485, -71.0630855 42.3747179)",True,False,0.0,0.0,0.0,0.0,0.0,0.0,0.0
18707,3245,5184,18707,"LINESTRING (-71.0618856 42.3738424, -71.0622635 42.3741185)",True,False,0.0,0.0,0.0,0.0,0.0,0.0,0.0
18708,3244,3245,18708,"LINESTRING (-71.0616469 42.3736673, -71.0618856 42.3738424)",True,False,0.0,0.0,0.0,0.0,0.0,0.0,0.0
18709,2832,1637,18709,"LINESTRING (-71.0604775 42.3722262, -71.0611118 42.3717961)",True,False,0.0,0.0,0.0,0.0,0.0,0.0,0.0
18710,2832,2834,18710,"LINESTRING (-71.0604775 42.3722262, -71.0609542 42.3729836)",True,False,0.0,0.0,0.0,0.0,0.0,0.0,0.0
18711,2834,2832,18711,"LINESTRING (-71.0609542 42.3729836, -71.0604775 42.3722262)",True,False,0.0,0.0,0.0,0.0,0.0,0.0,0.0
18720,2832,2833,18720,"LINESTRING (-71.0604775 42.3722262, -71.0604126 42.3721283)",True,False,0.0,0.0,0.0,0.0,0.0,0.0,0.0
18721,2833,2832,18721,"LINESTRING (-71.0604126 42.3721283, -71.0604775 42.3722262)",True,False,0.0,0.0,0.0,0.0,0.0,0.0,0.0
18722,4211,4212,18722,"LINESTRING (-71.0583904 42.3736901, -71.0584378 42.3736466)",True,False,0.0,0.0,0.0,0.0,0.0,0.0,0.0
18723,4212,4211,18723,"LINESTRING (-71.0584378 42.3736466, -71.0583904 42.3736901)",True,False,0.0,0.0,0.0,0.0,0.0,0.0,0.0
18724,1162,4211,18724,"LINESTRING (-71.0583111 42.3737585, -71.0583904 42.3736901)",True,False,0.0,0.0,0.0,0.0,0.0,0.0,0.0
18725,4211,1162,18725,"LINESTRING (-71.0583904 42.3736901, -71.0583111 42.3737585)",True,False,0.0,0.0,0.0,0.0,0.0,0.0,0.0
18726,1745,4672,18726,"LINESTRING (-71.0615923 42.3807848, -71.0613882 42.3806974)",True,False,0.0,0.0,0.0,0.0,0.0,0.0,0.0
18727,4672,1745,18727,"LINESTRING (-71.0613882 42.3806974, -71.0615923 42.3807848)",True,False,0.0,0.0,0.0,0.0,0.0,0.0,0.0
18728,5108,5109,18728,"LINESTRING (-71.0632717 42.3814878, -71.0628514 42.3813071)",True,False,0.0,0.0,0.0,0.0,0.0,0.0,0.0
18729,5109,5108,18729,"LINESTRING (-71.0628514 42.3813071, -71.0632717 42.3814878)",True,False,0.0,0.0,0.0,0.0,0.0,0.0,0.0
18730,5539,5518,18730,"LINESTRING (-71.061582 42.37864, -71.0612601 42.3785275)",True,False,0.0,0.0,0.0,0.0,0.0,0.0,0.0
18731,5518,5539,18731,"LINESTRING (-71.0612601 42.3785275, -71.061582 42.37864)",True,False,0.0,0.0,0.0,0.0,0.0,0.0,0.0
18750,4218,4216,18750,"LINESTRING (-71.063196 42.3792196, -71.0636222 42.3794369)",True,False,0.0,0.0,0.0,0.0,0.0,0.0,0.0
18751,4216,4218,18751,"LINESTRING (-71.0636222 42.3794369, -71.063196 42.3792196)",True,False,0.0,0.0,0.0,0.0,0.0,0.0,0.0
18770,5149,5154,18770,"LINESTRING (-71.065339 42.380298, -71.0644891 42.3798663)",True,False,0.0,0.0,0.0,0.0,0.0,0.0,0.0
18771,5154,5149,18771,"LINESTRING (-71.0644891 42.3798663, -71.065339 42.380298)",True,False,0.0,0.0,0.0,0.0,0.0,0.0,0.0
18772,4215,4217,18772,"LINESTRING (-71.0636537 42.3794524, -71.0640779 42.3796632)",True,False,0.0,0.0,0.0,0.0,0.0,0.0,0.0
18773,4217,4215,18773,"LINESTRING (-71.0640779 42.3796632, -71.0636537 42.3794524)",True,False,0.0,0.0,0.0,0.0,0.0,0.0,0.0
18774,5154,4217,18774,"LINESTRING (-71.0644891 42.3798663, -71.0640779 42.3796632)",True,False,0.0,0.0,0.0,0.0,0.0,0.0,0.0
18775,4217,5154,18775,"LINESTRING (-71.0640779 42.3796632, -71.0644891 42.3798663)",True,False,0.0,0.0,0.0,0.0,0.0,0.0,0.0
18776,4215,4216,18776,"LINESTRING (-71.0636537 42.3794524, -71.0636222 42.3794369)",True,False,0.0,0.0,0.0,0.0,0.0,0.0,0.0
18777,4216,4215,18777,"LINESTRING (-71.0636222 42.3794369, -71.0636537 42.3794524)",True,False,0.0,0.0,0.0,0.0,0.0,0.0,0.0
18778,5197,5198,18778,"LINESTRING (-71.0626297 42.3790024, -71.0617859 42.3787067)",True,False,0.0,0.0,0.0,0.0,0.0,0.0,0.0
18779,5198,5197,18779,"LINESTRING (-71.0617859 42.3787067, -71.0626297 42.3790024)",True,False,0.0,0.0,0.0,0.0,0.0,0.0,0.0
18784,5197,4219,18784,"LINESTRING (-71.0626297 42.3790024, -71.063126 42.3791877)",True,False,0.0,0.0,0.0,0.0,0.0,0.0,0.0
18785,4219,5197,18785,"LINESTRING (-71.063126 42.3791877, -71.0626297 42.3790024)",True,False,0.0,0.0,0.0,0.0,0.0,0.0,0.0
18792,4218,4219,18792,"LINESTRING (-71.063196 42.3792196, -71.063126 42.3791877)",True,False,0.0,0.0,0.0,0.0,0.0,0.0,0.0
18793,4219,4218,18793,"LINESTRING (-71.063126 42.3791877, -71.063196 42.3792196)",True,False,0.0,0.0,0.0,0.0,0.0,0.0,0.0
18794,5539,5198,18794,"LINESTRING (-71.061582 42.37864, -71.0617859 42.3787067)",True,False,0.0,0.0,0.0,0.0,0.0,0.0,0.0
18795,5198,5539,18795,"LINESTRING (-71.0617859 42.3787067, -71.061582 42.37864)",True,False,0.0,0.0,0.0,0.0,0.0,0.0,0.0
18796,5109,1746,18796,"LINESTRING (-71.0628514 42.3813071, -71.062356 42.381102)",True,False,0.0,0.0,0.0,0.0,0.0,0.0,0.0
18797,1746,5109,18797,"LINESTRING (-71.062356 42.381102, -71.0628514 42.3813071)",True,False,0.0,0.0,0.0,0.0,0.0,0.0,0.0
18798,1744,1745,18798,"LINESTRING (-71.0618325 42.3808828, -71.0615923 42.3807848)",True,False,0.0,0.0,0.0,0.0,0.0,0.0,0.0
18799,1745,1744,18799,"LINESTRING (-71.0615923 42.3807848, -71.0618325 42.3808828)",True,False,0.0,0.0,0.0,0.0,0.0,0.0,0.0
18800,1744,1746,18800,"LINESTRING (-71.0618325 42.3808828, -71.062356 42.381102)",True,False,0.0,0.0,0.0,0.0,0.0,0.0,0.0
18801,1746,1744,18801,"LINESTRING (-71.062356 42.381102, -71.0618325 42.3808828)",True,False,0.0,0.0,0.0,0.0,0.0,0.0,0.0
18802,1764,5108,18802,"LINESTRING (-71.0641863 42.3818776, -71.0632717 42.3814878)",True,False,0.0,0.0,0.0,0.0,0.0,0.0,0.0
18803,5108,1764,18803,"LINESTRING (-71.0632717 42.3814878, -71.0641863 42.3818776)",True,False,0.0,0.0,0.0,0.0,0.0,0.0,0.0
18804,1763,1764,18804,"LINESTRING (-71.0647293 42.3821032, -71.0641863 42.3818776)",True,False,0.0,0.0,0.0,0.0,0.0,0.0,0.0
18805,1764,1763,18805,"LINESTRING (-71.0641863 42.3818776, -71.0647293 42.3821032)",True,False,0.0,0.0,0.0,0.0,0.0,0.0,0.0
18806,5132,5133,18806,"LINESTRING (-71.0598651 42.3780519, -71.0591076 42.3777848)",True,False,0.0,0.0,0.0,0.0,0.0,0.0,0.0
18807,5133,5132,18807,"LINESTRING (-71.0591076 42.3777848, -71.0598651 42.3780519)",True,False,0.0,0.0,0.0,0.0,0.0,0.0,0.0
18808,5150,5151,18808,"LINESTRING (-71.0603714 42.3802705, -71.0589515 42.3796736)",True,False,0.0,0.0,0.0,0.0,0.0,0.0,0.0
18809,5151,5150,18809,"LINESTRING (-71.0589515 42.3796736, -71.0603714 42.3802705)",True,False,0.0,0.0,0.0,0.0,0.0,0.0,0.0
18810,5132,5134,18810,"LINESTRING (-71.0598651 42.3780519, -71.0606246 42.3783094)",True,False,0.0,0.0,0.0,0.0,0.0,0.0,0.0
18811,5134,5132,18811,"LINESTRING (-71.0606246 42.3783094, -71.0598651 42.3780519)",True,False,0.0,0.0,0.0,0.0,0.0,0.0,0.0
18812,5134,5518,18812,"LINESTRING (-71.0606246 42.3783094, -71.0612601 42.3785275)",True,False,0.0,0.0,0.0,0.0,0.0,0.0,0.0
18813,5518,5134,18813,"LINESTRING (-71.0612601 42.3785275, -71.0606246 42.3783094)",True,False,0.0,0.0,0.0,0.0,0.0,0.0,0.0
18814,5150,4672,18814,"LINESTRING (-71.0603714 42.3802705, -71.0613882 42.3806974)",True,False,0.0,0.0,0.0,0.0,0.0,0.0,0.0
18815,4672,5150,18815,"LINESTRING (-71.0613882 42.3806974, -71.0603714 42.3802705)",True,False,0.0,0.0,0.0,0.0,0.0,0.0,0.0
18816,5143,5133,18816,"LINESTRING (-71.0587367 42.3776564, -71.0591076 42.3777848)",True,False,0.0,0.0,0.0,0.0,0.0,0.0,0.0
18817,5133,5143,18817,"LINESTRING (-71.0591076 42.3777848, -71.0587367 42.3776564)",True,False,0.0,0.0,0.0,0.0,0.0,0.0,0.0
18818,5151,5196,18818,"LINESTRING (-71.0589515 42.3796736, -71.058628 42.379539)",True,False,0.0,0.0,0.0,0.0,0.0,0.0,0.0
18819,5196,5151,18819,"LINESTRING (-71.058628 42.379539, -71.0589515 42.3796736)",True,False,0.0,0.0,0.0,0.0,0.0,0.0,0.0
18820,4122,4124,18820,"LINESTRING (-71.0674197 42.394249, -71.0705485 42.3903915)",True,False,0.0,0.0,0.0,0.0,0.0,0.0,0.0
18821,4124,4122,18821,"LINESTRING (-71.0705485 42.3903915, -71.0674197 42.394249)",True,False,0.0,0.0,0.0,0.0,0.0,0.0,0.0
18822,4124,2727,18822,"LINESTRING (-71.0705485 42.3903915, -71.072404 42.387513)",True,False,0.0,0.0,0.0,0.0,0.0,0.0,0.0
18823,3215,4124,18823,"LINESTRING (-71.0723278 42.3873084, -71.0705485 42.3903915)",True,False,0.0,0.0,0.0,0.0,0.0,0.0,0.0
18824,2727,2729,18824,"LINESTRING (-71.072404 42.387513, -71.0731298 42.3862485)",True,False,0.0,0.0,0.0,0.0,0.0,0.0,0.0
18827,3634,1161,18827,"LINESTRING (-71.0529449 42.3784285, -71.055231 42.376225)",True,False,0.0,0.0,0.0,0.0,0.0,0.0,0.0
18828,1161,3634,18828,"LINESTRING (-71.055231 42.376225, -71.0529449 42.3784285)",True,False,0.0,0.0,0.0,0.0,0.0,0.0,0.0
18833,1160,1161,18833,"LINESTRING (-71.0562687 42.3753085, -71.055231 42.376225)",True,False,0.0,0.0,0.0,0.0,0.0,0.0,0.0
18834,1161,1160,18834,"LINESTRING (-71.055231 42.376225, -71.0562687 42.3753085)",True,False,0.0,0.0,0.0,0.0,0.0,0.0,0.0
18835,5129,1161,18835,"LINESTRING (-71.05571 42.376509, -71.055231 42.376225)",True,False,0.0,0.0,0.0,0.0,0.0,0.0,0.0
18836,1161,5129,18836,"LINESTRING (-71.055231 42.376225, -71.05571 42.376509)",True,False,0.0,0.0,0.0,0.0,0.0,0.0,0.0
18839,5128,5130,18839,"LINESTRING (-71.0561615 42.3767654, -71.0564846 42.3769394)",True,False,0.0,0.0,0.0,0.0,0.0,0.0,0.0
18840,5130,5128,18840,"LINESTRING (-71.0564846 42.3769394, -71.0561615 42.3767654)",True,False,0.0,0.0,0.0,0.0,0.0,0.0,0.0
18847,5130,5144,18847,"LINESTRING (-71.0564846 42.3769394, -71.0570587 42.3770842)",True,False,0.0,0.0,0.0,0.0,0.0,0.0,0.0
18848,5144,5130,18848,"LINESTRING (-71.0570587 42.3770842, -71.0564846 42.3769394)",True,False,0.0,0.0,0.0,0.0,0.0,0.0,0.0
18849,5128,5129,18849,"LINESTRING (-71.0561615 42.3767654, -71.05571 42.376509)",True,False,0.0,0.0,0.0,0.0,0.0,0.0,0.0
18850,5129,5128,18850,"LINESTRING (-71.05571 42.376509, -71.0561615 42.3767654)",True,False,0.0,0.0,0.0,0.0,0.0,0.0,0.0
18855,3634,3636,18855,"LINESTRING (-71.0529449 42.3784285, -71.0534672 42.3786983)",True,False,0.0,0.0,0.0,0.0,0.0,0.0,0.0
18856,3636,3634,18856,"LINESTRING (-71.0534672 42.3786983, -71.0529449 42.3784285)",True,False,0.0,0.0,0.0,0.0,0.0,0.0,0.0
18863,5191,5138,18863,"LINESTRING (-71.0559036 42.3791238, -71.0548502 42.3791011)",True,False,0.0,0.0,0.0,0.0,0.0,0.0,0.0
18864,5138,5191,18864,"LINESTRING (-71.0548502 42.3791011, -71.0559036 42.3791238)",True,False,0.0,0.0,0.0,0.0,0.0,0.0,0.0
18869,3356,3357,18869,"LINESTRING (-71.05671 42.379147, -71.0562467 42.3791337)",True,False,0.0,0.0,0.0,0.0,0.0,0.0,0.0
18870,3357,3356,18870,"LINESTRING (-71.0562467 42.3791337, -71.05671 42.379147)",True,False,0.0,0.0,0.0,0.0,0.0,0.0,0.0
18871,3356,3358,18871,"LINESTRING (-71.05671 42.379147, -71.0570142 42.3791506)",True,False,0.0,0.0,0.0,0.0,0.0,0.0,0.0
18872,3358,3356,18872,"LINESTRING (-71.0570142 42.3791506, -71.05671 42.379147)",True,False,0.0,0.0,0.0,0.0,0.0,0.0,0.0
18873,3357,5191,18873,"LINESTRING (-71.0562467 42.3791337, -71.0559036 42.3791238)",True,False,0.0,0.0,0.0,0.0,0.0,0.0,0.0
18874,5191,3357,18874,"LINESTRING (-71.0559036 42.3791238, -71.0562467 42.3791337)",True,False,0.0,0.0,0.0,0.0,0.0,0.0,0.0
18875,3636,5138,18875,"LINESTRING (-71.0534672 42.3786983, -71.0548502 42.3791011)",True,False,0.0,0.0,0.0,0.0,0.0,0.0,0.0
18876,5138,3636,18876,"LINESTRING (-71.0548502 42.3791011, -71.0534672 42.3786983)",True,False,0.0,0.0,0.0,0.0,0.0,0.0,0.0
18881,4671,3635,18881,"LINESTRING (-71.0520588 42.3794555, -71.0525904 42.3787816)",True,False,0.0,0.0,0.0,0.0,0.0,0.0,0.0
18882,3635,4671,18882,"LINESTRING (-71.0525904 42.3787816, -71.0520588 42.3794555)",True,False,0.0,0.0,0.0,0.0,0.0,0.0,0.0
18883,3634,3635,18883,"LINESTRING (-71.0529449 42.3784285, -71.0525904 42.3787816)",True,False,0.0,0.0,0.0,0.0,0.0,0.0,0.0
18884,3635,3634,18884,"LINESTRING (-71.0525904 42.3787816, -71.0529449 42.3784285)",True,False,0.0,0.0,0.0,0.0,0.0,0.0,0.0
18885,3437,4493,18885,"LINESTRING (-71.042293 42.3716177, -71.0432571 42.370413)",True,False,0.0,0.0,0.0,0.0,0.0,0.0,0.0
18886,4493,3437,18886,"LINESTRING (-71.0432571 42.370413, -71.042293 42.3716177)",True,False,0.0,0.0,0.0,0.0,0.0,0.0,0.0
18887,4493,4494,18887,"LINESTRING (-71.0432571 42.370413, -71.042589 42.3701211)",True,False,0.0,0.0,0.0,0.0,0.0,0.0,0.0
18888,4494,4493,18888,"LINESTRING (-71.042589 42.3701211, -71.0432571 42.370413)",True,False,0.0,0.0,0.0,0.0,0.0,0.0,0.0
18895,1617,4494,18895,"LINESTRING (-71.0419166 42.3698274, -71.042589 42.3701211)",True,False,0.0,0.0,0.0,0.0,0.0,0.0,0.0
18896,4494,1617,18896,"LINESTRING (-71.042589 42.3701211, -71.0419166 42.3698274)",True,False,0.0,0.0,0.0,0.0,0.0,0.0,0.0
18897,1615,1617,18897,"LINESTRING (-71.0412457 42.3695343, -71.0419166 42.3698274)",True,False,0.0,0.0,0.0,0.0,0.0,0.0,0.0
18898,1617,1615,18898,"LINESTRING (-71.0419166 42.3698274, -71.0412457 42.3695343)",True,False,0.0,0.0,0.0,0.0,0.0,0.0,0.0
18899,3435,3437,18899,"LINESTRING (-71.0411764 42.3730157, -71.042293 42.3716177)",True,False,0.0,0.0,0.0,0.0,0.0,0.0,0.0
18900,3437,3435,18900,"LINESTRING (-71.042293 42.3716177, -71.0411764 42.3730157)",True,False,0.0,0.0,0.0,0.0,0.0,0.0,0.0
18901,4495,3437,18901,"LINESTRING (-71.0416248 42.3713258, -71.042293 42.3716177)",True,False,0.0,0.0,0.0,0.0,0.0,0.0,0.0
18908,2343,2345,18908,"LINESTRING (-71.025062 42.335806, -71.0250849 42.3366767)",True,False,0.0,0.0,0.0,0.0,0.0,0.0,0.0
18909,2345,2343,18909,"LINESTRING (-71.0250849 42.3366767, -71.025062 42.335806)",True,False,0.0,0.0,0.0,0.0,0.0,0.0,0.0
18910,4362,4167,18910,"LINESTRING (-71.0238105 42.3359355, -71.021923 42.337868)",True,False,0.0,0.0,0.0,0.0,0.0,0.0,0.0
18911,4167,4362,18911,"LINESTRING (-71.021923 42.337868, -71.0238105 42.3359355)",True,False,0.0,0.0,0.0,0.0,0.0,0.0,0.0
18912,5009,5011,18912,"LINESTRING (-71.0354432 42.3365055, -71.0354232 42.3356453)",True,False,0.0,0.0,0.0,0.0,0.0,0.0,0.0
18913,5011,5009,18913,"LINESTRING (-71.0354232 42.3356453, -71.0354432 42.3365055)",True,False,0.0,0.0,0.0,0.0,0.0,0.0,0.0
18940,1865,1866,18940,"LINESTRING (-71.0249647 42.3329775, -71.0238667 42.3356741)",True,False,0.0,0.0,0.0,0.0,0.0,0.0,0.0
18941,1866,1865,18941,"LINESTRING (-71.0238667 42.3356741, -71.0249647 42.3329775)",True,False,0.0,0.0,0.0,0.0,0.0,0.0,0.0
18942,2342,2343,18942,"LINESTRING (-71.0242865 42.3358197, -71.025062 42.335806)",True,False,0.0,0.0,0.0,0.0,0.0,0.0,0.0
18943,2343,2342,18943,"LINESTRING (-71.025062 42.335806, -71.0242865 42.3358197)",True,False,0.0,0.0,0.0,0.0,0.0,0.0,0.0
18950,4436,4437,18950,"LINESTRING (-71.0396716 42.3169482, -71.0400751 42.3170928)",True,False,0.0,0.0,0.0,0.0,0.0,0.0,0.0
18951,4437,4436,18951,"LINESTRING (-71.0400751 42.3170928, -71.0396716 42.3169482)",True,False,0.0,0.0,0.0,0.0,0.0,0.0,0.0
18952,5014,3338,18952,"LINESTRING (-71.0333505 42.3356754, -71.0312813 42.3357091)",True,False,0.0,0.0,0.0,0.0,0.0,0.0,0.0
18953,3338,5014,18953,"LINESTRING (-71.0312813 42.3357091, -71.0333505 42.3356754)",True,False,0.0,0.0,0.0,0.0,0.0,0.0,0.0
18954,5088,3321,18954,"LINESTRING (-71.0310767 42.330693, -71.0331605 42.3298657)",True,False,0.0,0.0,0.0,0.0,0.0,0.0,0.0
18955,3321,5088,18955,"LINESTRING (-71.0331605 42.3298657, -71.0310767 42.330693)",True,False,0.0,0.0,0.0,0.0,0.0,0.0,0.0
18960,697,699,18960,"LINESTRING (-71.0352861 42.3323001, -71.0352607 42.3314895)",True,False,0.0,0.0,0.0,0.0,0.0,0.0,0.0
18961,699,697,18961,"LINESTRING (-71.0352607 42.3314895, -71.0352861 42.3323001)",True,False,0.0,0.0,0.0,0.0,0.0,0.0,0.0
18962,3319,3322,18962,"LINESTRING (-71.0351907 42.3293578, -71.0398078 42.3301016)",True,False,0.0,0.0,0.0,0.0,0.0,0.0,0.0
18963,3322,3319,18963,"LINESTRING (-71.0398078 42.3301016, -71.0351907 42.3293578)",True,False,0.0,0.0,0.0,0.0,0.0,0.0,0.0
18964,5011,4761,18964,"LINESTRING (-71.0354232 42.3356453, -71.0374312 42.3356084)",True,False,0.0,0.0,0.0,0.0,0.0,0.0,0.0
18965,4761,5011,18965,"LINESTRING (-71.0374312 42.3356084, -71.0354232 42.3356453)",True,False,0.0,0.0,0.0,0.0,0.0,0.0,0.0
18968,4760,4761,18968,"LINESTRING (-71.0394566 42.3355712, -71.0374312 42.3356084)",True,False,0.0,0.0,0.0,0.0,0.0,0.0,0.0
18969,4761,4760,18969,"LINESTRING (-71.0374312 42.3356084, -71.0394566 42.3355712)",True,False,0.0,0.0,0.0,0.0,0.0,0.0,0.0
18970,4757,4758,18970,"LINESTRING (-71.0401488 42.3355631, -71.0399513 42.3355655)",True,False,0.0,0.0,0.0,0.0,0.0,0.0,0.0
18971,4758,4757,18971,"LINESTRING (-71.0399513 42.3355655, -71.0401488 42.3355631)",True,False,0.0,0.0,0.0,0.0,0.0,0.0,0.0
18972,4760,4758,18972,"LINESTRING (-71.0394566 42.3355712, -71.0399513 42.3355655)",True,False,0.0,0.0,0.0,0.0,0.0,0.0,0.0
18973,4758,4760,18973,"LINESTRING (-71.0399513 42.3355655, -71.0394566 42.3355712)",True,False,0.0,0.0,0.0,0.0,0.0,0.0,0.0
18974,3319,3321,18974,"LINESTRING (-71.0351907 42.3293578, -71.0331605 42.3298657)",True,False,0.0,0.0,0.0,0.0,0.0,0.0,0.0
18975,3321,3319,18975,"LINESTRING (-71.0331605 42.3298657, -71.0351907 42.3293578)",True,False,0.0,0.0,0.0,0.0,0.0,0.0,0.0
18976,3320,2085,18976,"LINESTRING (-71.0352047 42.329533, -71.0352356 42.3306499)",True,False,0.0,0.0,0.0,0.0,0.0,0.0,0.0
18977,2085,3320,18977,"LINESTRING (-71.0352356 42.3306499, -71.0352047 42.329533)",True,False,0.0,0.0,0.0,0.0,0.0,0.0,0.0
18984,3319,3320,18984,"LINESTRING (-71.0351907 42.3293578, -71.0352047 42.329533)",True,False,0.0,0.0,0.0,0.0,0.0,0.0,0.0
18985,3320,3319,18985,"LINESTRING (-71.0352047 42.329533, -71.0351907 42.3293578)",True,False,0.0,0.0,0.0,0.0,0.0,0.0,0.0
18986,699,2085,18986,"LINESTRING (-71.0352607 42.3314895, -71.0352356 42.3306499)",True,False,0.0,0.0,0.0,0.0,0.0,0.0,0.0
18987,2085,699,18987,"LINESTRING (-71.0352356 42.3306499, -71.0352607 42.3314895)",True,False,0.0,0.0,0.0,0.0,0.0,0.0,0.0
18988,5014,5011,18988,"LINESTRING (-71.0333505 42.3356754, -71.0354232 42.3356453)",True,False,0.0,0.0,0.0,0.0,0.0,0.0,0.0
18989,5011,5014,18989,"LINESTRING (-71.0354232 42.3356453, -71.0333505 42.3356754)",True,False,0.0,0.0,0.0,0.0,0.0,0.0,0.0
18990,3333,5025,18990,"LINESTRING (-71.0353375 42.3339512, -71.0353534 42.3343751)",True,False,0.0,0.0,0.0,0.0,0.0,0.0,0.0
18991,5025,3333,18991,"LINESTRING (-71.0353534 42.3343751, -71.0353375 42.3339512)",True,False,0.0,0.0,0.0,0.0,0.0,0.0,0.0
19000,698,3333,19000,"LINESTRING (-71.0353051 42.3331342, -71.0353375 42.3339512)",True,False,0.0,0.0,0.0,0.0,0.0,0.0,0.0
19001,3333,698,19001,"LINESTRING (-71.0353375 42.3339512, -71.0353051 42.3331342)",True,False,0.0,0.0,0.0,0.0,0.0,0.0,0.0
19008,697,698,19008,"LINESTRING (-71.0352861 42.3323001, -71.0353051 42.3331342)",True,False,0.0,0.0,0.0,0.0,0.0,0.0,0.0
19009,698,697,19009,"LINESTRING (-71.0353051 42.3331342, -71.0352861 42.3323001)",True,False,0.0,0.0,0.0,0.0,0.0,0.0,0.0
19010,5011,5015,19010,"LINESTRING (-71.0354232 42.3356453, -71.0353997 42.3347649)",True,False,0.0,0.0,0.0,0.0,0.0,0.0,0.0
19011,5015,5011,19011,"LINESTRING (-71.0353997 42.3347649, -71.0354232 42.3356453)",True,False,0.0,0.0,0.0,0.0,0.0,0.0,0.0
19012,5015,5025,19012,"LINESTRING (-71.0353997 42.3347649, -71.0353534 42.3343751)",True,False,0.0,0.0,0.0,0.0,0.0,0.0,0.0
19013,5025,5015,19013,"LINESTRING (-71.0353534 42.3343751, -71.0353997 42.3347649)",True,False,0.0,0.0,0.0,0.0,0.0,0.0,0.0
19014,3337,2346,19014,"LINESTRING (-71.0292437 42.3357447, -71.0271767 42.3357787)",True,False,0.0,0.0,0.0,0.0,0.0,0.0,0.0
19015,2346,3337,19015,"LINESTRING (-71.0271767 42.3357787, -71.0292437 42.3357447)",True,False,0.0,0.0,0.0,0.0,0.0,0.0,0.0
19016,5089,1867,19016,"LINESTRING (-71.0290772 42.3316542, -71.0270115 42.3324354)",True,False,0.0,0.0,0.0,0.0,0.0,0.0,0.0
19017,1867,5089,19017,"LINESTRING (-71.0270115 42.3324354, -71.0290772 42.3316542)",True,False,0.0,0.0,0.0,0.0,0.0,0.0,0.0
19026,5088,5089,19026,"LINESTRING (-71.0310767 42.330693, -71.0290772 42.3316542)",True,False,0.0,0.0,0.0,0.0,0.0,0.0,0.0
19027,5089,5088,19027,"LINESTRING (-71.0290772 42.3316542, -71.0310767 42.330693)",True,False,0.0,0.0,0.0,0.0,0.0,0.0,0.0
19028,3337,3338,19028,"LINESTRING (-71.0292437 42.3357447, -71.0312813 42.3357091)",True,False,0.0,0.0,0.0,0.0,0.0,0.0,0.0
19029,3338,3337,19029,"LINESTRING (-71.0312813 42.3357091, -71.0292437 42.3357447)",True,False,0.0,0.0,0.0,0.0,0.0,0.0,0.0
19030,1865,1867,19030,"LINESTRING (-71.0249647 42.3329775, -71.0270115 42.3324354)",True,False,0.0,0.0,0.0,0.0,0.0,0.0,0.0
19031,1867,1865,19031,"LINESTRING (-71.0270115 42.3324354, -71.0249647 42.3329775)",True,False,0.0,0.0,0.0,0.0,0.0,0.0,0.0
19032,2343,2346,19032,"LINESTRING (-71.025062 42.335806, -71.0271767 42.3357787)",True,False,0.0,0.0,0.0,0.0,0.0,0.0,0.0
19033,2346,2343,19033,"LINESTRING (-71.0271767 42.3357787, -71.025062 42.335806)",True,False,0.0,0.0,0.0,0.0,0.0,0.0,0.0
19034,5060,2344,19034,"LINESTRING (-71.0250184 42.3341255, -71.0250396 42.3349476)",True,False,0.0,0.0,0.0,0.0,0.0,0.0,0.0
19035,2344,5060,19035,"LINESTRING (-71.0250396 42.3349476, -71.0250184 42.3341255)",True,False,0.0,0.0,0.0,0.0,0.0,0.0,0.0
19052,1868,4438,19052,"LINESTRING (-71.024992 42.3330951, -71.0249959 42.3333001)",True,False,0.0,0.0,0.0,0.0,0.0,0.0,0.0
19053,4438,1868,19053,"LINESTRING (-71.0249959 42.3333001, -71.024992 42.3330951)",True,False,0.0,0.0,0.0,0.0,0.0,0.0,0.0
19054,1865,1868,19054,"LINESTRING (-71.0249647 42.3329775, -71.024992 42.3330951)",True,False,0.0,0.0,0.0,0.0,0.0,0.0,0.0
19055,1868,1865,19055,"LINESTRING (-71.024992 42.3330951, -71.0249647 42.3329775)",True,False,0.0,0.0,0.0,0.0,0.0,0.0,0.0
19056,4438,5060,19056,"LINESTRING (-71.0249959 42.3333001, -71.0250184 42.3341255)",True,False,0.0,0.0,0.0,0.0,0.0,0.0,0.0
19057,5060,4438,19057,"LINESTRING (-71.0250184 42.3341255, -71.0249959 42.3333001)",True,False,0.0,0.0,0.0,0.0,0.0,0.0,0.0
19058,2343,2344,19058,"LINESTRING (-71.025062 42.335806, -71.0250396 42.3349476)",True,False,0.0,0.0,0.0,0.0,0.0,0.0,0.0
19059,2344,2343,19059,"LINESTRING (-71.0250396 42.3349476, -71.025062 42.335806)",True,False,0.0,0.0,0.0,0.0,0.0,0.0,0.0
19060,2342,1866,19060,"LINESTRING (-71.0242865 42.3358197, -71.0238667 42.3356741)",True,False,0.0,0.0,0.0,0.0,0.0,0.0,0.0
19061,4362,1866,19061,"LINESTRING (-71.0238105 42.3359355, -71.0238667 42.3356741)",True,False,0.0,0.0,0.0,0.0,0.0,0.0,0.0
19062,1866,4362,19062,"LINESTRING (-71.0238667 42.3356741, -71.0238105 42.3359355)",True,False,0.0,0.0,0.0,0.0,0.0,0.0,0.0
19063,4362,2342,19063,"LINESTRING (-71.0238105 42.3359355, -71.0242865 42.3358197)",True,False,0.0,0.0,0.0,0.0,0.0,0.0,0.0
19064,2158,2156,19064,"LINESTRING (-71.025971 42.357841, -71.0291494 42.375534)",True,False,0.0,0.0,0.0,0.0,0.0,0.0,0.0
19069,2639,2637,19069,"LINESTRING (-71.0280599 42.3690849, -71.0283395 42.3686823)",True,False,0.0,0.0,0.0,0.0,0.0,0.0,0.0
19072,3001,3002,19072,"LINESTRING (-71.0405678 42.3692395, -71.0398868 42.3689433)",True,False,0.0,0.0,0.0,0.0,0.0,0.0,0.0
19073,3002,3001,19073,"LINESTRING (-71.0398868 42.3689433, -71.0405678 42.3692395)",True,False,0.0,0.0,0.0,0.0,0.0,0.0,0.0
19074,3003,3004,19074,"LINESTRING (-71.0361741 42.3689484, -71.0370063 42.3693112)",True,False,0.0,0.0,0.0,0.0,0.0,0.0,0.0
19075,3047,3048,19075,"LINESTRING (-71.0188208 42.3686192, -71.0216207 42.3698325)",True,False,0.0,0.0,0.0,0.0,0.0,0.0,0.0
19076,3066,3049,19076,"LINESTRING (-71.021803 42.36914, -71.0193479 42.3681741)",True,False,0.0,0.0,0.0,0.0,0.0,0.0,0.0
19077,3066,3067,19077,"LINESTRING (-71.021803 42.36914, -71.0219786 42.368523)",True,False,0.0,0.0,0.0,0.0,0.0,0.0,0.0
19078,3086,3087,19078,"LINESTRING (-71.0240698 42.3687063, -71.026465 42.370513)",True,False,0.0,0.0,0.0,0.0,0.0,0.0,0.0
19079,3086,3088,19079,"LINESTRING (-71.0240698 42.3687063, -71.0266751 42.369448)",True,False,0.0,0.0,0.0,0.0,0.0,0.0,0.0
19080,3089,3088,19080,"LINESTRING (-71.0226728 42.3681941, -71.0266751 42.369448)",True,False,0.0,0.0,0.0,0.0,0.0,0.0,0.0
19081,3094,3095,19081,"LINESTRING (-71.022072 42.368221, -71.0258741 42.3698402)",True,False,0.0,0.0,0.0,0.0,0.0,0.0,0.0
19082,3094,3096,19082,"LINESTRING (-71.022072 42.368221, -71.02555 42.3697893)",True,False,0.0,0.0,0.0,0.0,0.0,0.0,0.0
19083,3097,2151,19083,"LINESTRING (-71.0295605 42.3752398, -71.024838 42.364446)",True,False,0.0,0.0,0.0,0.0,0.0,0.0,0.0
19084,3096,3092,19084,"LINESTRING (-71.02555 42.3697893, -71.0254944 42.3687854)",True,False,0.0,0.0,0.0,0.0,0.0,0.0,0.0
19085,3092,3096,19085,"LINESTRING (-71.0254944 42.3687854, -71.02555 42.3697893)",True,False,0.0,0.0,0.0,0.0,0.0,0.0,0.0
19088,3281,3282,19088,"LINESTRING (-71.0187307 42.3675891, -71.021633 42.3698407)",True,False,0.0,0.0,0.0,0.0,0.0,0.0,0.0
19089,3986,3067,19089,"LINESTRING (-71.0219852 42.3693493, -71.0219786 42.368523)",True,False,0.0,0.0,0.0,0.0,0.0,0.0,0.0
19090,4101,4102,19090,"LINESTRING (-71.0266946 42.3701414, -71.0239558 42.3662929)",True,False,0.0,0.0,0.0,0.0,0.0,0.0,0.0
19091,4101,4103,19091,"LINESTRING (-71.0266946 42.3701414, -71.0265257 42.3683853)",True,False,0.0,0.0,0.0,0.0,0.0,0.0,0.0
19092,4354,4103,19092,"LINESTRING (-71.0279613 42.3690388, -71.0265257 42.3683853)",True,False,0.0,0.0,0.0,0.0,0.0,0.0,0.0
19093,2637,4354,19093,"LINESTRING (-71.0283395 42.3686823, -71.0279613 42.3690388)",True,False,0.0,0.0,0.0,0.0,0.0,0.0,0.0
19094,3088,2635,19094,"LINESTRING (-71.0266751 42.369448, -71.0251959 42.3657524)",True,False,0.0,0.0,0.0,0.0,0.0,0.0,0.0
19095,979,4490,19095,"LINESTRING (-71.0387149 42.3700382, -71.0394972 42.3689567)",True,False,0.0,0.0,0.0,0.0,0.0,0.0,0.0
19098,4998,5376,19098,"LINESTRING (-71.0379373 42.3697196, -71.0389081 42.3685177)",True,False,0.0,0.0,0.0,0.0,0.0,0.0,0.0
19099,5376,4998,19099,"LINESTRING (-71.0389081 42.3685177, -71.0379373 42.3697196)",True,False,0.0,0.0,0.0,0.0,0.0,0.0,0.0
19100,4954,5246,19100,"LINESTRING (-71.033278 42.3695472, -71.0347372 42.368322)",True,False,0.0,0.0,0.0,0.0,0.0,0.0,0.0
19101,3002,4740,19101,"LINESTRING (-71.0398868 42.3689433, -71.0397425 42.3691214)",True,False,0.0,0.0,0.0,0.0,0.0,0.0,0.0
19188,2151,2152,19188,"LINESTRING (-71.024838 42.364446, -71.0378771 42.3467748)",True,False,0.0,0.0,0.0,0.0,0.0,0.0,0.0
19189,2158,2159,19189,"LINESTRING (-71.025971 42.357841, -71.024392 42.364212)",True,False,0.0,0.0,0.0,0.0,0.0,0.0,0.0
19190,2900,2902,19190,"LINESTRING (-71.0248701 42.3586923, -71.02104 42.3570026)",True,False,0.0,0.0,0.0,0.0,0.0,0.0,0.0
19191,2636,2936,19191,"LINESTRING (-71.0251497 42.3650297, -71.0244301 42.3666764)",True,False,0.0,0.0,0.0,0.0,0.0,0.0,0.0
19192,2936,2636,19192,"LINESTRING (-71.0244301 42.3666764, -71.0251497 42.3650297)",True,False,0.0,0.0,0.0,0.0,0.0,0.0,0.0
19193,2159,3079,19193,"LINESTRING (-71.024392 42.364212, -71.0249545 42.3677445)",True,False,0.0,0.0,0.0,0.0,0.0,0.0,0.0
19194,2159,3080,19194,"LINESTRING (-71.024392 42.364212, -71.0250663 42.3675384)",True,False,0.0,0.0,0.0,0.0,0.0,0.0,0.0
19195,3090,3091,19195,"LINESTRING (-71.024696 42.3681271, -71.0245177 42.3677933)",True,False,0.0,0.0,0.0,0.0,0.0,0.0,0.0
19196,3091,3090,19196,"LINESTRING (-71.0245177 42.3677933, -71.024696 42.3681271)",True,False,0.0,0.0,0.0,0.0,0.0,0.0,0.0
19197,3090,3093,19197,"LINESTRING (-71.024696 42.3681271, -71.0241505 42.3681499)",True,False,0.0,0.0,0.0,0.0,0.0,0.0,0.0
19198,3093,3090,19198,"LINESTRING (-71.0241505 42.3681499, -71.024696 42.3681271)",True,False,0.0,0.0,0.0,0.0,0.0,0.0,0.0
19199,3079,3091,19199,"LINESTRING (-71.0249545 42.3677445, -71.0245177 42.3677933)",True,False,0.0,0.0,0.0,0.0,0.0,0.0,0.0
19200,4103,4105,19200,"LINESTRING (-71.0265257 42.3683853, -71.0241415 42.3663501)",True,False,0.0,0.0,0.0,0.0,0.0,0.0,0.0
19201,4117,2901,19201,"LINESTRING (-71.0209154 42.357154, -71.0247553 42.3588415)",True,False,0.0,0.0,0.0,0.0,0.0,0.0,0.0
19202,2155,2158,19202,"LINESTRING (-71.0364024 42.3468791, -71.025971 42.357841)",True,False,0.0,0.0,0.0,0.0,0.0,0.0,0.0
19203,4167,4045,19203,"LINESTRING (-71.021923 42.337868, -71.0249792 42.3384269)",True,False,0.0,0.0,0.0,0.0,0.0,0.0,0.0
19226,2423,2141,19226,"LINESTRING (-71.0395891 42.3445602, -71.0389562 42.3441541)",True,False,0.0,0.0,0.0,0.0,0.0,0.0,0.0
19227,4439,2424,19227,"LINESTRING (-71.0389145 42.3442779, -71.0394883 42.3446413)",True,False,0.0,0.0,0.0,0.0,0.0,0.0,0.0
19228,4768,4991,19228,"LINESTRING (-71.0300065 42.3382451, -71.0334222 42.3381828)",True,False,0.0,0.0,0.0,0.0,0.0,0.0,0.0
19229,4991,4768,19229,"LINESTRING (-71.0334222 42.3381828, -71.0300065 42.3382451)",True,False,0.0,0.0,0.0,0.0,0.0,0.0,0.0
19254,2138,2139,19254,"LINESTRING (-71.0381293 42.3436899, -71.03555 42.3398819)",True,False,0.0,0.0,0.0,0.0,0.0,0.0,0.0
19255,2139,2138,19255,"LINESTRING (-71.03555 42.3398819, -71.0381293 42.3436899)",True,False,0.0,0.0,0.0,0.0,0.0,0.0,0.0
19256,5010,4924,19256,"LINESTRING (-71.0354965 42.3381443, -71.0375168 42.3381137)",True,False,0.0,0.0,0.0,0.0,0.0,0.0,0.0
19257,4924,5010,19257,"LINESTRING (-71.0375168 42.3381137, -71.0354965 42.3381443)",True,False,0.0,0.0,0.0,0.0,0.0,0.0,0.0
19270,4923,4925,19270,"LINESTRING (-71.0377149 42.3381108, -71.0399947 42.3380769)",True,False,0.0,0.0,0.0,0.0,0.0,0.0,0.0
19271,4925,4923,19271,"LINESTRING (-71.0399947 42.3380769, -71.0377149 42.3381108)",True,False,0.0,0.0,0.0,0.0,0.0,0.0,0.0
19278,4923,4924,19278,"LINESTRING (-71.0377149 42.3381108, -71.0375168 42.3381137)",True,False,0.0,0.0,0.0,0.0,0.0,0.0,0.0
19279,4924,4923,19279,"LINESTRING (-71.0375168 42.3381137, -71.0377149 42.3381108)",True,False,0.0,0.0,0.0,0.0,0.0,0.0,0.0
19280,2138,2140,19280,"LINESTRING (-71.0381293 42.3436899, -71.0388292 42.3442231)",True,False,0.0,0.0,0.0,0.0,0.0,0.0,0.0
19281,2141,2138,19281,"LINESTRING (-71.0389562 42.3441541, -71.0381293 42.3436899)",True,False,0.0,0.0,0.0,0.0,0.0,0.0,0.0
19282,2140,4439,19282,"LINESTRING (-71.0388292 42.3442231, -71.0389145 42.3442779)",True,False,0.0,0.0,0.0,0.0,0.0,0.0,0.0
19283,5010,4991,19283,"LINESTRING (-71.0354965 42.3381443, -71.0334222 42.3381828)",True,False,0.0,0.0,0.0,0.0,0.0,0.0,0.0
19284,4991,5010,19284,"LINESTRING (-71.0334222 42.3381828, -71.0354965 42.3381443)",True,False,0.0,0.0,0.0,0.0,0.0,0.0,0.0
19285,5010,4959,19285,"LINESTRING (-71.0354965 42.3381443, -71.0355296 42.3392189)",True,False,0.0,0.0,0.0,0.0,0.0,0.0,0.0
19286,4959,5010,19286,"LINESTRING (-71.0355296 42.3392189, -71.0354965 42.3381443)",True,False,0.0,0.0,0.0,0.0,0.0,0.0,0.0
19287,5008,5009,19287,"LINESTRING (-71.0354648 42.3373282, -71.0354432 42.3365055)",True,False,0.0,0.0,0.0,0.0,0.0,0.0,0.0
19288,5009,5008,19288,"LINESTRING (-71.0354432 42.3365055, -71.0354648 42.3373282)",True,False,0.0,0.0,0.0,0.0,0.0,0.0,0.0
19289,5008,5010,19289,"LINESTRING (-71.0354648 42.3373282, -71.0354965 42.3381443)",True,False,0.0,0.0,0.0,0.0,0.0,0.0,0.0
19290,5010,5008,19290,"LINESTRING (-71.0354965 42.3381443, -71.0354648 42.3373282)",True,False,0.0,0.0,0.0,0.0,0.0,0.0,0.0
19291,2139,4959,19291,"LINESTRING (-71.03555 42.3398819, -71.0355296 42.3392189)",True,False,0.0,0.0,0.0,0.0,0.0,0.0,0.0
19292,4959,2139,19292,"LINESTRING (-71.0355296 42.3392189, -71.03555 42.3398819)",True,False,0.0,0.0,0.0,0.0,0.0,0.0,0.0
19293,2154,2155,19293,"LINESTRING (-71.0408255 42.3470253, -71.0364024 42.3468791)",True,False,0.0,0.0,0.0,0.0,0.0,0.0,0.0
19294,2420,1152,19294,"LINESTRING (-71.0395986 42.3491248, -71.0403575 42.3481142)",True,False,0.0,0.0,0.0,0.0,0.0,0.0,0.0
19295,3059,3060,19295,"LINESTRING (-71.0370654 42.3468128, -71.0366766 42.3472352)",True,False,0.0,0.0,0.0,0.0,0.0,0.0,0.0
19296,3060,3059,19296,"LINESTRING (-71.0366766 42.3472352, -71.0370654 42.3468128)",True,False,0.0,0.0,0.0,0.0,0.0,0.0,0.0
19297,3062,3063,19297,"LINESTRING (-71.0374999 42.3482789, -71.0369155 42.3480364)",True,False,0.0,0.0,0.0,0.0,0.0,0.0,0.0
19298,3063,3062,19298,"LINESTRING (-71.0369155 42.3480364, -71.0374999 42.3482789)",True,False,0.0,0.0,0.0,0.0,0.0,0.0,0.0
19299,3062,3064,19299,"LINESTRING (-71.0374999 42.3482789, -71.0382033 42.3485708)",True,False,0.0,0.0,0.0,0.0,0.0,0.0,0.0
19300,3064,3062,19300,"LINESTRING (-71.0382033 42.3485708, -71.0374999 42.3482789)",True,False,0.0,0.0,0.0,0.0,0.0,0.0,0.0
19301,3053,2421,19301,"LINESTRING (-71.0394071 42.3484958, -71.0389695 42.3488888)",True,False,0.0,0.0,0.0,0.0,0.0,0.0,0.0
19302,3488,2155,19302,"LINESTRING (-71.0373009 42.3466531, -71.0364024 42.3468791)",True,False,0.0,0.0,0.0,0.0,0.0,0.0,0.0
19303,3052,3056,19303,"LINESTRING (-71.0393377 42.3476833, -71.0388649 42.3476445)",True,False,0.0,0.0,0.0,0.0,0.0,0.0,0.0
19304,3056,3052,19304,"LINESTRING (-71.0388649 42.3476445, -71.0393377 42.3476833)",True,False,0.0,0.0,0.0,0.0,0.0,0.0,0.0
19305,3059,3061,19305,"LINESTRING (-71.0370654 42.3468128, -71.0396679 42.3458705)",True,False,0.0,0.0,0.0,0.0,0.0,0.0,0.0
19306,3061,3059,19306,"LINESTRING (-71.0396679 42.3458705, -71.0370654 42.3468128)",True,False,0.0,0.0,0.0,0.0,0.0,0.0,0.0
19307,4157,3488,19307,"LINESTRING (-71.040072 42.3463554, -71.0373009 42.3466531)",True,False,0.0,0.0,0.0,0.0,0.0,0.0,0.0
19308,3061,3077,19308,"LINESTRING (-71.0396679 42.3458705, -71.0403375 42.3451854)",True,False,0.0,0.0,0.0,0.0,0.0,0.0,0.0
19309,3077,3061,19309,"LINESTRING (-71.0403375 42.3451854, -71.0396679 42.3458705)",True,False,0.0,0.0,0.0,0.0,0.0,0.0,0.0
19310,3104,2423,19310,"LINESTRING (-71.0404256 42.3451068, -71.0395891 42.3445602)",True,False,0.0,0.0,0.0,0.0,0.0,0.0,0.0
19311,2424,3077,19311,"LINESTRING (-71.0394883 42.3446413, -71.0403375 42.3451854)",True,False,0.0,0.0,0.0,0.0,0.0,0.0,0.0
19312,3104,3077,19312,"LINESTRING (-71.0404256 42.3451068, -71.0403375 42.3451854)",True,False,0.0,0.0,0.0,0.0,0.0,0.0,0.0
19313,3077,3104,19313,"LINESTRING (-71.0403375 42.3451854, -71.0404256 42.3451068)",True,False,0.0,0.0,0.0,0.0,0.0,0.0,0.0
19314,2423,2424,19314,"LINESTRING (-71.0395891 42.3445602, -71.0394883 42.3446413)",True,False,0.0,0.0,0.0,0.0,0.0,0.0,0.0
19315,2424,2423,19315,"LINESTRING (-71.0394883 42.3446413, -71.0395891 42.3445602)",True,False,0.0,0.0,0.0,0.0,0.0,0.0,0.0
19316,3051,3052,19316,"LINESTRING (-71.0400763 42.3479385, -71.0393377 42.3476833)",True,False,0.0,0.0,0.0,0.0,0.0,0.0,0.0
19317,3052,3051,19317,"LINESTRING (-71.0393377 42.3476833, -71.0400763 42.3479385)",True,False,0.0,0.0,0.0,0.0,0.0,0.0,0.0
19318,3051,3053,19318,"LINESTRING (-71.0400763 42.3479385, -71.0394071 42.3484958)",True,False,0.0,0.0,0.0,0.0,0.0,0.0,0.0
19319,1148,3051,19319,"LINESTRING (-71.0406347 42.3474949, -71.0400763 42.3479385)",True,False,0.0,0.0,0.0,0.0,0.0,0.0,0.0
19320,1152,1153,19320,"LINESTRING (-71.0403575 42.3481142, -71.0404263 42.3480241)",True,False,0.0,0.0,0.0,0.0,0.0,0.0,0.0
19321,3051,1152,19321,"LINESTRING (-71.0400763 42.3479385, -71.0403575 42.3481142)",True,False,0.0,0.0,0.0,0.0,0.0,0.0,0.0
19322,1153,4156,19322,"LINESTRING (-71.0404263 42.3480241, -71.0407793 42.3475534)",True,False,0.0,0.0,0.0,0.0,0.0,0.0,0.0
19323,1153,3051,19323,"LINESTRING (-71.0404263 42.3480241, -71.0400763 42.3479385)",True,False,0.0,0.0,0.0,0.0,0.0,0.0,0.0
19324,3057,3058,19324,"LINESTRING (-71.0380475 42.3476565, -71.0378267 42.3478485)",True,False,0.0,0.0,0.0,0.0,0.0,0.0,0.0
19325,3058,3057,19325,"LINESTRING (-71.0378267 42.3478485, -71.0380475 42.3476565)",True,False,0.0,0.0,0.0,0.0,0.0,0.0,0.0
19326,3057,3056,19326,"LINESTRING (-71.0380475 42.3476565, -71.0388649 42.3476445)",True,False,0.0,0.0,0.0,0.0,0.0,0.0,0.0
19327,3056,3057,19327,"LINESTRING (-71.0388649 42.3476445, -71.0380475 42.3476565)",True,False,0.0,0.0,0.0,0.0,0.0,0.0,0.0
19328,3062,3058,19328,"LINESTRING (-71.0374999 42.3482789, -71.0378267 42.3478485)",True,False,0.0,0.0,0.0,0.0,0.0,0.0,0.0
19329,3058,3062,19329,"LINESTRING (-71.0378267 42.3478485, -71.0374999 42.3482789)",True,False,0.0,0.0,0.0,0.0,0.0,0.0,0.0
19330,2420,2421,19330,"LINESTRING (-71.0395986 42.3491248, -71.0389695 42.3488888)",True,False,0.0,0.0,0.0,0.0,0.0,0.0,0.0
19331,2421,2420,19331,"LINESTRING (-71.0389695 42.3488888, -71.0395986 42.3491248)",True,False,0.0,0.0,0.0,0.0,0.0,0.0,0.0
19332,2420,2422,19332,"LINESTRING (-71.0395986 42.3491248, -71.0407042 42.3496339)",True,False,0.0,0.0,0.0,0.0,0.0,0.0,0.0
19333,3515,2420,19333,"LINESTRING (-71.0407608 42.349561, -71.0395986 42.3491248)",True,False,0.0,0.0,0.0,0.0,0.0,0.0,0.0
19334,2421,3064,19334,"LINESTRING (-71.0389695 42.3488888, -71.0382033 42.3485708)",True,False,0.0,0.0,0.0,0.0,0.0,0.0,0.0
19335,3064,2421,19335,"LINESTRING (-71.0382033 42.3485708, -71.0389695 42.3488888)",True,False,0.0,0.0,0.0,0.0,0.0,0.0,0.0
19336,3060,4485,19336,"LINESTRING (-71.0366766 42.3472352, -71.0362657 42.34755)",True,False,0.0,0.0,0.0,0.0,0.0,0.0,0.0
19337,4585,3060,19337,"LINESTRING (-71.0363903 42.3476733, -71.0366766 42.3472352)",True,False,0.0,0.0,0.0,0.0,0.0,0.0,0.0
19338,3063,4484,19338,"LINESTRING (-71.0369155 42.3480364, -71.0363907 42.3476992)",True,False,0.0,0.0,0.0,0.0,0.0,0.0,0.0
19339,4504,3063,19339,"LINESTRING (-71.0361434 42.3478035, -71.0369155 42.3480364)",True,False,0.0,0.0,0.0,0.0,0.0,0.0,0.0
19340,4504,4484,19340,"LINESTRING (-71.0361434 42.3478035, -71.0363907 42.3476992)",True,False,0.0,0.0,0.0,0.0,0.0,0.0,0.0
19341,4507,4505,19341,"LINESTRING (-71.0361856 42.3475453, -71.0360257 42.3477021)",True,False,0.0,0.0,0.0,0.0,0.0,0.0,0.0
19342,4506,4504,19342,"LINESTRING (-71.0360307 42.3477139, -71.0361434 42.3478035)",True,False,0.0,0.0,0.0,0.0,0.0,0.0,0.0
19343,4585,4485,19343,"LINESTRING (-71.0363903 42.3476733, -71.0362657 42.34755)",True,False,0.0,0.0,0.0,0.0,0.0,0.0,0.0
19344,4484,4585,19344,"LINESTRING (-71.0363907 42.3476992, -71.0363903 42.3476733)",True,False,0.0,0.0,0.0,0.0,0.0,0.0,0.0
19345,4485,4507,19345,"LINESTRING (-71.0362657 42.34755, -71.0361856 42.3475453)",True,False,0.0,0.0,0.0,0.0,0.0,0.0,0.0
19346,4505,4506,19346,"LINESTRING (-71.0360257 42.3477021, -71.0360307 42.3477139)",True,False,0.0,0.0,0.0,0.0,0.0,0.0,0.0
19347,4767,4044,19347,"LINESTRING (-71.0293155 42.3382565, -71.0272488 42.3382871)",True,False,0.0,0.0,0.0,0.0,0.0,0.0,0.0
19348,4044,4767,19348,"LINESTRING (-71.0272488 42.3382871, -71.0293155 42.3382565)",True,False,0.0,0.0,0.0,0.0,0.0,0.0,0.0
19349,4767,4768,19349,"LINESTRING (-71.0293155 42.3382565, -71.0300065 42.3382451)",True,False,0.0,0.0,0.0,0.0,0.0,0.0,0.0
19350,4768,4767,19350,"LINESTRING (-71.0300065 42.3382451, -71.0293155 42.3382565)",True,False,0.0,0.0,0.0,0.0,0.0,0.0,0.0
19351,4043,3585,19351,"LINESTRING (-71.0251269 42.3383182, -71.0251076 42.3375121)",True,False,0.0,0.0,0.0,0.0,0.0,0.0,0.0
19352,3585,4043,19352,"LINESTRING (-71.0251076 42.3375121, -71.0251269 42.3383182)",True,False,0.0,0.0,0.0,0.0,0.0,0.0,0.0
19353,4043,4044,19353,"LINESTRING (-71.0251269 42.3383182, -71.0272488 42.3382871)",True,False,0.0,0.0,0.0,0.0,0.0,0.0,0.0
19354,4044,4043,19354,"LINESTRING (-71.0272488 42.3382871, -71.0251269 42.3383182)",True,False,0.0,0.0,0.0,0.0,0.0,0.0,0.0
19355,2345,3585,19355,"LINESTRING (-71.0250849 42.3366767, -71.0251076 42.3375121)",True,False,0.0,0.0,0.0,0.0,0.0,0.0,0.0
19356,3585,2345,19356,"LINESTRING (-71.0251076 42.3375121, -71.0250849 42.3366767)",True,False,0.0,0.0,0.0,0.0,0.0,0.0,0.0
19357,4043,4045,19357,"LINESTRING (-71.0251269 42.3383182, -71.0249792 42.3384269)",True,False,0.0,0.0,0.0,0.0,0.0,0.0,0.0
19358,4045,4043,19358,"LINESTRING (-71.0249792 42.3384269, -71.0251269 42.3383182)",True,False,0.0,0.0,0.0,0.0,0.0,0.0,0.0
19359,2933,2934,19359,"LINESTRING (-71.0257145 42.3603597, -71.0254916 42.3615975)",True,False,0.0,0.0,0.0,0.0,0.0,0.0,0.0
19360,2934,2933,19360,"LINESTRING (-71.0254916 42.3615975, -71.0257145 42.3603597)",True,False,0.0,0.0,0.0,0.0,0.0,0.0,0.0
19361,5001,2768,19361,"LINESTRING (-71.0330029 42.3659483, -71.0307703 42.3649767)",True,False,0.0,0.0,0.0,0.0,0.0,0.0,0.0
19362,3936,5032,19362,"LINESTRING (-71.0320226 42.3671386, -71.0339921 42.3679972)",True,False,0.0,0.0,0.0,0.0,0.0,0.0,0.0
19391,5375,5031,19391,"LINESTRING (-71.0379809 42.3681145, -71.0357151 42.3671285)",True,False,0.0,0.0,0.0,0.0,0.0,0.0,0.0
19394,4491,5376,19394,"LINESTRING (-71.0396148 42.368825, -71.0389081 42.3685177)",True,False,0.0,0.0,0.0,0.0,0.0,0.0,0.0
19395,5376,4491,19395,"LINESTRING (-71.0389081 42.3685177, -71.0396148 42.368825)",True,False,0.0,0.0,0.0,0.0,0.0,0.0,0.0
19402,4491,3002,19402,"LINESTRING (-71.0396148 42.368825, -71.0398868 42.3689433)",True,False,0.0,0.0,0.0,0.0,0.0,0.0,0.0
19403,3002,4491,19403,"LINESTRING (-71.0398868 42.3689433, -71.0396148 42.368825)",True,False,0.0,0.0,0.0,0.0,0.0,0.0,0.0
19404,4490,4491,19404,"LINESTRING (-71.0394972 42.3689567, -71.0396148 42.368825)",True,False,0.0,0.0,0.0,0.0,0.0,0.0,0.0
19405,5375,5376,19405,"LINESTRING (-71.0379809 42.3681145, -71.0389081 42.3685177)",True,False,0.0,0.0,0.0,0.0,0.0,0.0,0.0
19406,5376,5375,19406,"LINESTRING (-71.0389081 42.3685177, -71.0379809 42.3681145)",True,False,0.0,0.0,0.0,0.0,0.0,0.0,0.0
19411,926,1280,19411,"LINESTRING (-71.0349192 42.3667822, -71.0344852 42.3665933)",True,False,0.0,0.0,0.0,0.0,0.0,0.0,0.0
19412,5031,925,19412,"LINESTRING (-71.0357151 42.3671285, -71.035208 42.3669078)",True,False,0.0,0.0,0.0,0.0,0.0,0.0,0.0
19413,5246,3005,19413,"LINESTRING (-71.0347372 42.368322, -71.0355203 42.3686634)",True,False,0.0,0.0,0.0,0.0,0.0,0.0,0.0
19420,925,926,19420,"LINESTRING (-71.035208 42.3669078, -71.0349192 42.3667822)",True,False,0.0,0.0,0.0,0.0,0.0,0.0,0.0
19421,3005,3003,19421,"LINESTRING (-71.0355203 42.3686634, -71.0361741 42.3689484)",True,False,0.0,0.0,0.0,0.0,0.0,0.0,0.0
19422,3870,3874,19422,"LINESTRING (-71.0341288 42.3664382, -71.0335284 42.3661769)",True,False,0.0,0.0,0.0,0.0,0.0,0.0,0.0
19423,3874,5001,19423,"LINESTRING (-71.0335284 42.3661769, -71.0330029 42.3659483)",True,False,0.0,0.0,0.0,0.0,0.0,0.0,0.0
19432,1280,3870,19432,"LINESTRING (-71.0344852 42.3665933, -71.0341288 42.3664382)",True,False,0.0,0.0,0.0,0.0,0.0,0.0,0.0
19433,5032,5246,19433,"LINESTRING (-71.0339921 42.3679972, -71.0347372 42.368322)",True,False,0.0,0.0,0.0,0.0,0.0,0.0,0.0
19434,2900,2901,19434,"LINESTRING (-71.0248701 42.3586923, -71.0247553 42.3588415)",True,False,0.0,0.0,0.0,0.0,0.0,0.0,0.0
19435,2901,2900,19435,"LINESTRING (-71.0247553 42.3588415, -71.0248701 42.3586923)",True,False,0.0,0.0,0.0,0.0,0.0,0.0,0.0
19436,2932,2900,19436,"LINESTRING (-71.0257714 42.3597819, -71.0248701 42.3586923)",True,False,0.0,0.0,0.0,0.0,0.0,0.0,0.0
19437,2932,2933,19437,"LINESTRING (-71.0257714 42.3597819, -71.0257145 42.3603597)",True,False,0.0,0.0,0.0,0.0,0.0,0.0,0.0
19438,2933,2932,19438,"LINESTRING (-71.0257145 42.3603597, -71.0257714 42.3597819)",True,False,0.0,0.0,0.0,0.0,0.0,0.0,0.0
19439,2901,2932,19439,"LINESTRING (-71.0247553 42.3588415, -71.0257714 42.3597819)",True,False,0.0,0.0,0.0,0.0,0.0,0.0,0.0
19440,2768,2769,19440,"LINESTRING (-71.0307703 42.3649767, -71.0300483 42.3646625)",True,False,0.0,0.0,0.0,0.0,0.0,0.0,0.0
19441,2635,2151,19441,"LINESTRING (-71.0251959 42.3657524, -71.024838 42.364446)",True,False,0.0,0.0,0.0,0.0,0.0,0.0,0.0
19442,2636,2934,19442,"LINESTRING (-71.0251497 42.3650297, -71.0254916 42.3615975)",True,False,0.0,0.0,0.0,0.0,0.0,0.0,0.0
19443,2934,2636,19443,"LINESTRING (-71.0254916 42.3615975, -71.0251497 42.3650297)",True,False,0.0,0.0,0.0,0.0,0.0,0.0,0.0
19444,3442,3443,19444,"LINESTRING (-71.0298179 42.3645714, -71.0293406 42.3651721)",True,False,0.0,0.0,0.0,0.0,0.0,0.0,0.0
19445,3443,3442,19445,"LINESTRING (-71.0293406 42.3651721, -71.0298179 42.3645714)",True,False,0.0,0.0,0.0,0.0,0.0,0.0,0.0
19446,3442,2769,19446,"LINESTRING (-71.0298179 42.3645714, -71.0300483 42.3646625)",True,False,0.0,0.0,0.0,0.0,0.0,0.0,0.0
19447,2769,3442,19447,"LINESTRING (-71.0300483 42.3646625, -71.0298179 42.3645714)",True,False,0.0,0.0,0.0,0.0,0.0,0.0,0.0
19448,3441,3936,19448,"LINESTRING (-71.030659 42.3665442, -71.0320226 42.3671386)",True,False,0.0,0.0,0.0,0.0,0.0,0.0,0.0
19449,3444,3440,19449,"LINESTRING (-71.0288701 42.3657643, -71.0302246 42.3663548)",True,False,0.0,0.0,0.0,0.0,0.0,0.0,0.0
19450,3440,3441,19450,"LINESTRING (-71.0302246 42.3663548, -71.030659 42.3665442)",True,False,0.0,0.0,0.0,0.0,0.0,0.0,0.0
19451,3444,3443,19451,"LINESTRING (-71.0288701 42.3657643, -71.0293406 42.3651721)",True,False,0.0,0.0,0.0,0.0,0.0,0.0,0.0
19452,3443,3444,19452,"LINESTRING (-71.0293406 42.3651721, -71.0288701 42.3657643)",True,False,0.0,0.0,0.0,0.0,0.0,0.0,0.0
19453,2634,2635,19453,"LINESTRING (-71.0278109 42.36704, -71.0251959 42.3657524)",True,False,0.0,0.0,0.0,0.0,0.0,0.0,0.0
19454,2634,2636,19454,"LINESTRING (-71.0278109 42.36704, -71.0251497 42.3650297)",True,False,0.0,0.0,0.0,0.0,0.0,0.0,0.0
19455,2636,2634,19455,"LINESTRING (-71.0251497 42.3650297, -71.0278109 42.36704)",True,False,0.0,0.0,0.0,0.0,0.0,0.0,0.0
19456,3080,4115,19456,"LINESTRING (-71.0250663 42.3675384, -71.0271066 42.3675967)",True,False,0.0,0.0,0.0,0.0,0.0,0.0,0.0
19457,3080,4116,19457,"LINESTRING (-71.0250663 42.3675384, -71.0253492 42.3668381)",True,False,0.0,0.0,0.0,0.0,0.0,0.0,0.0
19458,2634,2637,19458,"LINESTRING (-71.0278109 42.36704, -71.0283395 42.3686823)",True,False,0.0,0.0,0.0,0.0,0.0,0.0,0.0
19459,2637,2634,19459,"LINESTRING (-71.0283395 42.3686823, -71.0278109 42.36704)",True,False,0.0,0.0,0.0,0.0,0.0,0.0,0.0
19460,3079,3090,19460,"LINESTRING (-71.0249545 42.3677445, -71.024696 42.3681271)",True,False,0.0,0.0,0.0,0.0,0.0,0.0,0.0
19461,3090,3092,19461,"LINESTRING (-71.024696 42.3681271, -71.0254944 42.3687854)",True,False,0.0,0.0,0.0,0.0,0.0,0.0,0.0
19462,3092,3090,19462,"LINESTRING (-71.0254944 42.3687854, -71.024696 42.3681271)",True,False,0.0,0.0,0.0,0.0,0.0,0.0,0.0
19463,4166,4167,19463,"LINESTRING (-71.0153534 42.338862, -71.021923 42.337868)",True,False,0.0,0.0,0.0,0.0,0.0,0.0,0.0
19464,4167,4166,19464,"LINESTRING (-71.021923 42.337868, -71.0153534 42.338862)",True,False,0.0,0.0,0.0,0.0,0.0,0.0,0.0
19469,2902,4117,19469,"LINESTRING (-71.02104 42.3570026, -71.0209154 42.357154)",True,False,0.0,0.0,0.0,0.0,0.0,0.0,0.0
19470,4117,2902,19470,"LINESTRING (-71.0209154 42.357154, -71.02104 42.3570026)",True,False,0.0,0.0,0.0,0.0,0.0,0.0,0.0
19471,3082,3083,19471,"LINESTRING (-71.0210191 42.3678167, -71.0195794 42.3671815)",True,False,0.0,0.0,0.0,0.0,0.0,0.0,0.0
19494,3067,3068,19494,"LINESTRING (-71.0219786 42.368523, -71.023223 42.3684586)",True,False,0.0,0.0,0.0,0.0,0.0,0.0,0.0
19495,3091,2936,19495,"LINESTRING (-71.0245177 42.3677933, -71.0244301 42.3666764)",True,False,0.0,0.0,0.0,0.0,0.0,0.0,0.0
19496,2936,3091,19496,"LINESTRING (-71.0244301 42.3666764, -71.0245177 42.3677933)",True,False,0.0,0.0,0.0,0.0,0.0,0.0,0.0
19497,4099,3068,19497,"LINESTRING (-71.0208701 42.3679175, -71.023223 42.3684586)",True,False,0.0,0.0,0.0,0.0,0.0,0.0,0.0
19498,3085,3093,19498,"LINESTRING (-71.0218884 42.3679137, -71.0241505 42.3681499)",True,False,0.0,0.0,0.0,0.0,0.0,0.0,0.0
19499,3093,3085,19499,"LINESTRING (-71.0241505 42.3681499, -71.0218884 42.3679137)",True,False,0.0,0.0,0.0,0.0,0.0,0.0,0.0
19516,3091,3093,19516,"LINESTRING (-71.0245177 42.3677933, -71.0241505 42.3681499)",True,False,0.0,0.0,0.0,0.0,0.0,0.0,0.0
19517,3068,3086,19517,"LINESTRING (-71.023223 42.3684586, -71.0240698 42.3687063)",True,False,0.0,0.0,0.0,0.0,0.0,0.0,0.0
19518,3082,3084,19518,"LINESTRING (-71.0210191 42.3678167, -71.021746 42.3679008)",True,False,0.0,0.0,0.0,0.0,0.0,0.0,0.0
19519,3084,3082,19519,"LINESTRING (-71.021746 42.3679008, -71.0210191 42.3678167)",True,False,0.0,0.0,0.0,0.0,0.0,0.0,0.0
19520,4104,3094,19520,"LINESTRING (-71.0208123 42.3679224, -71.022072 42.368221)",True,False,0.0,0.0,0.0,0.0,0.0,0.0,0.0
19531,3084,3085,19531,"LINESTRING (-71.021746 42.3679008, -71.0218884 42.3679137)",True,False,0.0,0.0,0.0,0.0,0.0,0.0,0.0
19532,3085,3084,19532,"LINESTRING (-71.0218884 42.3679137, -71.021746 42.3679008)",True,False,0.0,0.0,0.0,0.0,0.0,0.0,0.0
19537,3045,3046,19537,"LINESTRING (-71.0175192 42.3662652, -71.0175384 42.367082)",True,False,0.0,0.0,0.0,0.0,0.0,0.0,0.0
19538,3046,3047,19538,"LINESTRING (-71.0175384 42.367082, -71.0188208 42.3686192)",True,False,0.0,0.0,0.0,0.0,0.0,0.0,0.0
19539,3081,3049,19539,"LINESTRING (-71.0186102 42.3675377, -71.0193479 42.3681741)",True,False,0.0,0.0,0.0,0.0,0.0,0.0,0.0
19540,3050,3047,19540,"LINESTRING (-71.0191586 42.3683325, -71.0188208 42.3686192)",True,False,0.0,0.0,0.0,0.0,0.0,0.0,0.0
19541,3049,3050,19541,"LINESTRING (-71.0193479 42.3681741, -71.0191586 42.3683325)",True,False,0.0,0.0,0.0,0.0,0.0,0.0,0.0
19542,3050,4756,19542,"LINESTRING (-71.0191586 42.3683325, -71.0190281 42.3682806)",True,False,0.0,0.0,0.0,0.0,0.0,0.0,0.0
19543,3046,4356,19543,"LINESTRING (-71.0175384 42.367082, -71.0182427 42.3673425)",True,False,0.0,0.0,0.0,0.0,0.0,0.0,0.0
19545,2230,2233,19545,"LINESTRING (-71.0131454 42.3916203, -71.0214164 42.3836217)",True,False,0.0,0.0,0.0,0.0,0.0,0.0,0.0
19546,2434,2435,19546,"LINESTRING (-71.0215918 42.383312, -71.0264758 42.3782715)",True,False,0.0,0.0,0.0,0.0,0.0,0.0,0.0
19547,2091,2927,19547,"LINESTRING (-71.023869 42.381272, -71.0252081 42.3807738)",True,False,0.0,0.0,0.0,0.0,0.0,0.0,0.0
19548,2927,2091,19548,"LINESTRING (-71.0252081 42.3807738, -71.023869 42.381272)",True,False,0.0,0.0,0.0,0.0,0.0,0.0,0.0
19549,3096,3116,19549,"LINESTRING (-71.02555 42.3697893, -71.0235359 42.3693272)",True,False,0.0,0.0,0.0,0.0,0.0,0.0,0.0
19550,3116,3096,19550,"LINESTRING (-71.0235359 42.3693272, -71.02555 42.3697893)",True,False,0.0,0.0,0.0,0.0,0.0,0.0,0.0
19553,3282,3095,19553,"LINESTRING (-71.021633 42.3698407, -71.0258741 42.3698402)",True,False,0.0,0.0,0.0,0.0,0.0,0.0,0.0
19554,4125,4127,19554,"LINESTRING (-71.0248738 42.3795889, -71.0245178 42.3793164)",True,False,0.0,0.0,0.0,0.0,0.0,0.0,0.0
19555,4127,4338,19555,"LINESTRING (-71.0245178 42.3793164, -71.0255887 42.3785015)",True,False,0.0,0.0,0.0,0.0,0.0,0.0,0.0
19556,4338,4127,19556,"LINESTRING (-71.0255887 42.3785015, -71.0245178 42.3793164)",True,False,0.0,0.0,0.0,0.0,0.0,0.0,0.0
19557,4127,4126,19557,"LINESTRING (-71.0245178 42.3793164, -71.024798 42.3796861)",True,False,0.0,0.0,0.0,0.0,0.0,0.0,0.0
19558,4342,4343,19558,"LINESTRING (-71.0253087 42.37998, -71.023958 42.380499)",True,False,0.0,0.0,0.0,0.0,0.0,0.0,0.0
19560,2780,4344,19560,"LINESTRING (-71.0229357 42.3809757, -71.0254789 42.3800377)",True,False,0.0,0.0,0.0,0.0,0.0,0.0,0.0
19561,4501,4502,19561,"LINESTRING (-71.0261682 42.3788619, -71.0239494 42.3815238)",True,False,0.0,0.0,0.0,0.0,0.0,0.0,0.0
19562,4502,4501,19562,"LINESTRING (-71.0239494 42.3815238, -71.0261682 42.3788619)",True,False,0.0,0.0,0.0,0.0,0.0,0.0,0.0
19563,2622,3399,19563,"LINESTRING (-71.0235272 42.3830223, -71.025577 42.3812587)",True,False,0.0,0.0,0.0,0.0,0.0,0.0,0.0
19564,3399,2622,19564,"LINESTRING (-71.025577 42.3812587, -71.0235272 42.3830223)",True,False,0.0,0.0,0.0,0.0,0.0,0.0,0.0
19566,4126,4343,19566,"LINESTRING (-71.024798 42.3796861, -71.023958 42.380499)",True,False,0.0,0.0,0.0,0.0,0.0,0.0,0.0
19621,1632,1633,19621,"LINESTRING (-71.0345151 42.3725926, -71.0307122 42.3744038)",True,False,0.0,0.0,0.0,0.0,0.0,0.0,0.0
19622,1632,1634,19622,"LINESTRING (-71.0345151 42.3725926, -71.0281452 42.3717647)",True,False,0.0,0.0,0.0,0.0,0.0,0.0,0.0
19623,2156,2157,19623,"LINESTRING (-71.0291494 42.375534, -71.0263146 42.3781694)",True,False,0.0,0.0,0.0,0.0,0.0,0.0,0.0
19624,2672,2673,19624,"LINESTRING (-71.0324323 42.3731873, -71.0356903 42.3733244)",True,False,0.0,0.0,0.0,0.0,0.0,0.0,0.0
19625,3359,3360,19625,"LINESTRING (-71.0319723 42.3757585, -71.0334155 42.3745175)",True,False,0.0,0.0,0.0,0.0,0.0,0.0,0.0
19626,3360,3359,19626,"LINESTRING (-71.0334155 42.3745175, -71.0319723 42.3757585)",True,False,0.0,0.0,0.0,0.0,0.0,0.0,0.0
19627,4500,4341,19627,"LINESTRING (-71.0269201 42.3770014, -71.0261132 42.377708)",True,False,0.0,0.0,0.0,0.0,0.0,0.0,0.0
19628,4341,4500,19628,"LINESTRING (-71.0261132 42.377708, -71.0269201 42.3770014)",True,False,0.0,0.0,0.0,0.0,0.0,0.0,0.0
19629,4853,4854,19629,"LINESTRING (-71.0332203 42.3714921, -71.0326647 42.3711388)",True,False,0.0,0.0,0.0,0.0,0.0,0.0,0.0
19630,4854,4853,19630,"LINESTRING (-71.0326647 42.3711388, -71.0332203 42.3714921)",True,False,0.0,0.0,0.0,0.0,0.0,0.0,0.0
19631,4857,4851,19631,"LINESTRING (-71.0302661 42.3825855, -71.0333951 42.3825951)",True,False,0.0,0.0,0.0,0.0,0.0,0.0,0.0
19632,4851,4857,19632,"LINESTRING (-71.0333951 42.3825951, -71.0302661 42.3825855)",True,False,0.0,0.0,0.0,0.0,0.0,0.0,0.0
19633,4953,4954,19633,"LINESTRING (-71.0319613 42.3706915, -71.033278 42.3695472)",True,False,0.0,0.0,0.0,0.0,0.0,0.0,0.0
19634,5131,4798,19634,"LINESTRING (-71.0315298 42.3776468, -71.0336884 42.3768422)",True,False,0.0,0.0,0.0,0.0,0.0,0.0,0.0
19635,4798,5131,19635,"LINESTRING (-71.0336884 42.3768422, -71.0315298 42.3776468)",True,False,0.0,0.0,0.0,0.0,0.0,0.0,0.0
19636,4336,3361,19636,"LINESTRING (-71.0291781 42.3781605, -71.0305118 42.3770145)",True,False,0.0,0.0,0.0,0.0,0.0,0.0,0.0
19637,3361,4336,19637,"LINESTRING (-71.0305118 42.3770145, -71.0291781 42.3781605)",True,False,0.0,0.0,0.0,0.0,0.0,0.0,0.0
19638,5125,5135,19638,"LINESTRING (-71.039191 42.377859, -71.0391693 42.3771395)",True,False,0.0,0.0,0.0,0.0,0.0,0.0,0.0
19639,5135,5125,19639,"LINESTRING (-71.0391693 42.3771395, -71.039191 42.377859)",True,False,0.0,0.0,0.0,0.0,0.0,0.0,0.0
19640,1075,5141,19640,"LINESTRING (-71.0285688 42.3777692, -71.0299043 42.3766218)",True,False,0.0,0.0,0.0,0.0,0.0,0.0,0.0
19641,5141,1075,19641,"LINESTRING (-71.0299043 42.3766218, -71.0285688 42.3777692)",True,False,0.0,0.0,0.0,0.0,0.0,0.0,0.0
19642,5186,4981,19642,"LINESTRING (-71.0328065 42.3741282, -71.0343371 42.3728146)",True,False,0.0,0.0,0.0,0.0,0.0,0.0,0.0
19643,4981,5186,19643,"LINESTRING (-71.0343371 42.3728146, -71.0328065 42.3741282)",True,False,0.0,0.0,0.0,0.0,0.0,0.0,0.0
19644,1633,4341,19644,"LINESTRING (-71.0307122 42.3744038, -71.0261132 42.377708)",True,False,0.0,0.0,0.0,0.0,0.0,0.0,0.0
19645,1633,3107,19645,"LINESTRING (-71.0307122 42.3744038, -71.025392 42.379215)",True,False,0.0,0.0,0.0,0.0,0.0,0.0,0.0
19646,2435,4850,19646,"LINESTRING (-71.0264758 42.3782715, -71.0278525 42.3771024)",True,False,0.0,0.0,0.0,0.0,0.0,0.0,0.0
19701,1034,1035,19701,"LINESTRING (-71.0359053 42.3723759, -71.0371543 42.3712986)",True,False,0.0,0.0,0.0,0.0,0.0,0.0,0.0
19702,1035,1034,19702,"LINESTRING (-71.0371543 42.3712986, -71.0359053 42.3723759)",True,False,0.0,0.0,0.0,0.0,0.0,0.0,0.0
19703,2086,2088,19703,"LINESTRING (-71.0390236 42.3723736, -71.0390476 42.3732443)",True,False,0.0,0.0,0.0,0.0,0.0,0.0,0.0
19704,2088,2086,19704,"LINESTRING (-71.0390476 42.3732443, -71.0390236 42.3723736)",True,False,0.0,0.0,0.0,0.0,0.0,0.0,0.0
19705,3438,3439,19705,"LINESTRING (-71.0350435 42.3731188, -71.0361204 42.373703)",True,False,0.0,0.0,0.0,0.0,0.0,0.0,0.0
19706,3438,3360,19706,"LINESTRING (-71.0350435 42.3731188, -71.0334155 42.3745175)",True,False,0.0,0.0,0.0,0.0,0.0,0.0,0.0
19707,3360,3438,19707,"LINESTRING (-71.0334155 42.3745175, -71.0350435 42.3731188)",True,False,0.0,0.0,0.0,0.0,0.0,0.0,0.0
19708,2673,4732,19708,"LINESTRING (-71.0356903 42.3733244, -71.0374198 42.3740985)",True,False,0.0,0.0,0.0,0.0,0.0,0.0,0.0
19709,2673,4260,19709,"LINESTRING (-71.0356903 42.3733244, -71.03827 42.3734242)",True,False,0.0,0.0,0.0,0.0,0.0,0.0,0.0
19710,4799,4800,19710,"LINESTRING (-71.0361793 42.3759137, -71.0386834 42.3749491)",True,False,0.0,0.0,0.0,0.0,0.0,0.0,0.0
19711,4800,4799,19711,"LINESTRING (-71.0386834 42.3749491, -71.0361793 42.3759137)",True,False,0.0,0.0,0.0,0.0,0.0,0.0,0.0
19712,4808,4810,19712,"LINESTRING (-71.0378677 42.373418, -71.0368047 42.3736039)",True,False,0.0,0.0,0.0,0.0,0.0,0.0,0.0
19713,4809,4810,19713,"LINESTRING (-71.037335 42.3734438, -71.0368047 42.3736039)",True,False,0.0,0.0,0.0,0.0,0.0,0.0,0.0
19714,2087,4809,19714,"LINESTRING (-71.0389085 42.3723758, -71.037335 42.3734438)",True,False,0.0,0.0,0.0,0.0,0.0,0.0,0.0
19715,4987,4998,19715,"LINESTRING (-71.0365487 42.3709128, -71.0379373 42.3697196)",True,False,0.0,0.0,0.0,0.0,0.0,0.0,0.0
19716,4998,4987,19716,"LINESTRING (-71.0379373 42.3697196, -71.0365487 42.3709128)",True,False,0.0,0.0,0.0,0.0,0.0,0.0,0.0
19717,5127,4732,19717,"LINESTRING (-71.0369037 42.374069, -71.0374198 42.3740985)",True,False,0.0,0.0,0.0,0.0,0.0,0.0,0.0
19718,3071,5304,19718,"LINESTRING (-71.0382432 42.3732085, -71.0360912 42.373389)",True,False,0.0,0.0,0.0,0.0,0.0,0.0,0.0
19719,5304,1632,19719,"LINESTRING (-71.0360912 42.373389, -71.0345151 42.3725926)",True,False,0.0,0.0,0.0,0.0,0.0,0.0,0.0
19720,5541,1032,19720,"LINESTRING (-71.0364694 42.3733988, -71.0354614 42.3727587)",True,False,0.0,0.0,0.0,0.0,0.0,0.0,0.0
19795,2086,2087,19795,"LINESTRING (-71.0390236 42.3723736, -71.0389085 42.3723758)",True,False,0.0,0.0,0.0,0.0,0.0,0.0,0.0
19796,1432,3941,19796,"LINESTRING (-71.0391493 42.3697713, -71.03888 42.3700895)",True,False,0.0,0.0,0.0,0.0,0.0,0.0,0.0
19797,4790,4489,19797,"LINESTRING (-71.0389864 42.3710855, -71.0389603 42.3701902)",True,False,0.0,0.0,0.0,0.0,0.0,0.0,0.0
19798,4489,4790,19798,"LINESTRING (-71.0389603 42.3701902, -71.0389864 42.3710855)",True,False,0.0,0.0,0.0,0.0,0.0,0.0,0.0
19799,982,1035,19799,"LINESTRING (-71.0377797 42.3707592, -71.0371543 42.3712986)",True,False,0.0,0.0,0.0,0.0,0.0,0.0,0.0
19800,1035,982,19800,"LINESTRING (-71.0371543 42.3712986, -71.0377797 42.3707592)",True,False,0.0,0.0,0.0,0.0,0.0,0.0,0.0
19801,4489,5244,19801,"LINESTRING (-71.0389603 42.3701902, -71.0396213 42.3704463)",True,False,0.0,0.0,0.0,0.0,0.0,0.0,0.0
19812,5244,4974,19812,"LINESTRING (-71.0396213 42.3704463, -71.0402816 42.3707391)",True,False,0.0,0.0,0.0,0.0,0.0,0.0,0.0
19813,1616,3001,19813,"LINESTRING (-71.0409124 42.3693893, -71.0405678 42.3692395)",True,False,0.0,0.0,0.0,0.0,0.0,0.0,0.0
19814,3001,1616,19814,"LINESTRING (-71.0405678 42.3692395, -71.0409124 42.3693893)",True,False,0.0,0.0,0.0,0.0,0.0,0.0,0.0
19815,4974,4496,19815,"LINESTRING (-71.0402816 42.3707391, -71.0409525 42.3710321)",True,False,0.0,0.0,0.0,0.0,0.0,0.0,0.0
19816,1431,1432,19816,"LINESTRING (-71.0394962 42.3693833, -71.0391493 42.3697713)",True,False,0.0,0.0,0.0,0.0,0.0,0.0,0.0
19817,4740,1431,19817,"LINESTRING (-71.0397425 42.3691214, -71.0394962 42.3693833)",True,False,0.0,0.0,0.0,0.0,0.0,0.0,0.0
19818,2089,4492,19818,"LINESTRING (-71.0390171 42.3721358, -71.0389947 42.3713701)",True,False,0.0,0.0,0.0,0.0,0.0,0.0,0.0
19819,4492,2089,19819,"LINESTRING (-71.0389947 42.3713701, -71.0390171 42.3721358)",True,False,0.0,0.0,0.0,0.0,0.0,0.0,0.0
19820,4790,4492,19820,"LINESTRING (-71.0389864 42.3710855, -71.0389947 42.3713701)",True,False,0.0,0.0,0.0,0.0,0.0,0.0,0.0
19821,4492,4790,19821,"LINESTRING (-71.0389947 42.3713701, -71.0389864 42.3710855)",True,False,0.0,0.0,0.0,0.0,0.0,0.0,0.0
19822,2086,2089,19822,"LINESTRING (-71.0390236 42.3723736, -71.0390171 42.3721358)",True,False,0.0,0.0,0.0,0.0,0.0,0.0,0.0
19823,2089,2086,19823,"LINESTRING (-71.0390171 42.3721358, -71.0390236 42.3723736)",True,False,0.0,0.0,0.0,0.0,0.0,0.0,0.0
19824,978,982,19824,"LINESTRING (-71.0386308 42.3700369, -71.0377797 42.3707592)",True,False,0.0,0.0,0.0,0.0,0.0,0.0,0.0
19825,982,978,19825,"LINESTRING (-71.0377797 42.3707592, -71.0386308 42.3700369)",True,False,0.0,0.0,0.0,0.0,0.0,0.0,0.0
19826,3941,979,19826,"LINESTRING (-71.03888 42.3700895, -71.0387149 42.3700382)",True,False,0.0,0.0,0.0,0.0,0.0,0.0,0.0
19827,979,3941,19827,"LINESTRING (-71.0387149 42.3700382, -71.03888 42.3700895)",True,False,0.0,0.0,0.0,0.0,0.0,0.0,0.0
19828,4998,978,19828,"LINESTRING (-71.0379373 42.3697196, -71.0386308 42.3700369)",True,False,0.0,0.0,0.0,0.0,0.0,0.0,0.0
19829,978,979,19829,"LINESTRING (-71.0386308 42.3700369, -71.0387149 42.3700382)",True,False,0.0,0.0,0.0,0.0,0.0,0.0,0.0
19830,979,978,19830,"LINESTRING (-71.0387149 42.3700382, -71.0386308 42.3700369)",True,False,0.0,0.0,0.0,0.0,0.0,0.0,0.0
19831,3941,4489,19831,"LINESTRING (-71.03888 42.3700895, -71.0389603 42.3701902)",True,False,0.0,0.0,0.0,0.0,0.0,0.0,0.0
19832,4489,3941,19832,"LINESTRING (-71.0389603 42.3701902, -71.03888 42.3700895)",True,False,0.0,0.0,0.0,0.0,0.0,0.0,0.0
19833,3004,4998,19833,"LINESTRING (-71.0370063 42.3693112, -71.0379373 42.3697196)",True,False,0.0,0.0,0.0,0.0,0.0,0.0,0.0
19838,1925,1927,19838,"LINESTRING (-71.0390906 42.3748808, -71.0387587 42.3748604)",True,False,0.0,0.0,0.0,0.0,0.0,0.0,0.0
19839,1926,4704,19839,"LINESTRING (-71.0390929 42.3749742, -71.0390986 42.3753962)",True,False,0.0,0.0,0.0,0.0,0.0,0.0,0.0
19840,4704,1926,19840,"LINESTRING (-71.0390986 42.3753962, -71.0390929 42.3749742)",True,False,0.0,0.0,0.0,0.0,0.0,0.0,0.0
19841,4800,1926,19841,"LINESTRING (-71.0386834 42.3749491, -71.0390929 42.3749742)",True,False,0.0,0.0,0.0,0.0,0.0,0.0,0.0
19842,3436,4705,19842,"LINESTRING (-71.0399733 42.3745401, -71.0397249 42.3753854)",True,False,0.0,0.0,0.0,0.0,0.0,0.0,0.0
19843,4705,3436,19843,"LINESTRING (-71.0397249 42.3753854, -71.0399733 42.3745401)",True,False,0.0,0.0,0.0,0.0,0.0,0.0,0.0
19844,1928,2947,19844,"LINESTRING (-71.0390728 42.3742339, -71.0390513 42.3733879)",True,False,0.0,0.0,0.0,0.0,0.0,0.0,0.0
19845,2947,1928,19845,"LINESTRING (-71.0390513 42.3733879, -71.0390728 42.3742339)",True,False,0.0,0.0,0.0,0.0,0.0,0.0,0.0
19846,2088,2947,19846,"LINESTRING (-71.0390476 42.3732443, -71.0390513 42.3733879)",True,False,0.0,0.0,0.0,0.0,0.0,0.0,0.0
19847,2947,2088,19847,"LINESTRING (-71.0390513 42.3733879, -71.0390476 42.3732443)",True,False,0.0,0.0,0.0,0.0,0.0,0.0,0.0
19848,1925,1928,19848,"LINESTRING (-71.0390906 42.3748808, -71.0390728 42.3742339)",True,False,0.0,0.0,0.0,0.0,0.0,0.0,0.0
19849,1928,1925,19849,"LINESTRING (-71.0390728 42.3742339, -71.0390906 42.3748808)",True,False,0.0,0.0,0.0,0.0,0.0,0.0,0.0
19850,1925,1926,19850,"LINESTRING (-71.0390906 42.3748808, -71.0390929 42.3749742)",True,False,0.0,0.0,0.0,0.0,0.0,0.0,0.0
19851,1926,1925,19851,"LINESTRING (-71.0390929 42.3749742, -71.0390906 42.3748808)",True,False,0.0,0.0,0.0,0.0,0.0,0.0,0.0
19852,4702,4703,19852,"LINESTRING (-71.039107 42.3755794, -71.0391406 42.376376)",True,False,0.0,0.0,0.0,0.0,0.0,0.0,0.0
19853,4703,4702,19853,"LINESTRING (-71.0391406 42.376376, -71.039107 42.3755794)",True,False,0.0,0.0,0.0,0.0,0.0,0.0,0.0
19854,4702,4705,19854,"LINESTRING (-71.039107 42.3755794, -71.0397249 42.3753854)",True,False,0.0,0.0,0.0,0.0,0.0,0.0,0.0
19855,4702,4704,19855,"LINESTRING (-71.039107 42.3755794, -71.0390986 42.3753962)",True,False,0.0,0.0,0.0,0.0,0.0,0.0,0.0
19856,4704,4702,19856,"LINESTRING (-71.0390986 42.3753962, -71.039107 42.3755794)",True,False,0.0,0.0,0.0,0.0,0.0,0.0,0.0
19857,5135,4703,19857,"LINESTRING (-71.0391693 42.3771395, -71.0391406 42.376376)",True,False,0.0,0.0,0.0,0.0,0.0,0.0,0.0
19858,4703,5135,19858,"LINESTRING (-71.0391406 42.376376, -71.0391693 42.3771395)",True,False,0.0,0.0,0.0,0.0,0.0,0.0,0.0
19859,4262,4263,19859,"LINESTRING (-71.0378657 42.3742989, -71.0376488 42.3739679)",True,False,0.0,0.0,0.0,0.0,0.0,0.0,0.0
19860,4263,4260,19860,"LINESTRING (-71.0376488 42.3739679, -71.03827 42.3734242)",True,False,0.0,0.0,0.0,0.0,0.0,0.0,0.0
19861,4732,4796,19861,"LINESTRING (-71.0374198 42.3740985, -71.0377723 42.3743809)",True,False,0.0,0.0,0.0,0.0,0.0,0.0,0.0
19862,1927,4262,19862,"LINESTRING (-71.0387587 42.3748604, -71.0378657 42.3742989)",True,False,0.0,0.0,0.0,0.0,0.0,0.0,0.0
19863,3071,4808,19863,"LINESTRING (-71.0382432 42.3732085, -71.0378677 42.373418)",True,False,0.0,0.0,0.0,0.0,0.0,0.0,0.0
19864,4796,4800,19864,"LINESTRING (-71.0377723 42.3743809, -71.0386834 42.3749491)",True,False,0.0,0.0,0.0,0.0,0.0,0.0,0.0
19865,1927,4800,19865,"LINESTRING (-71.0387587 42.3748604, -71.0386834 42.3749491)",True,False,0.0,0.0,0.0,0.0,0.0,0.0,0.0
19866,4800,1927,19866,"LINESTRING (-71.0386834 42.3749491, -71.0387587 42.3748604)",True,False,0.0,0.0,0.0,0.0,0.0,0.0,0.0
19867,4732,4263,19867,"LINESTRING (-71.0374198 42.3740985, -71.0376488 42.3739679)",True,False,0.0,0.0,0.0,0.0,0.0,0.0,0.0
19868,4808,4809,19868,"LINESTRING (-71.0378677 42.373418, -71.037335 42.3734438)",True,False,0.0,0.0,0.0,0.0,0.0,0.0,0.0
19869,1033,3653,19869,"LINESTRING (-71.0353492 42.3728554, -71.0348435 42.3725376)",True,False,0.0,0.0,0.0,0.0,0.0,0.0,0.0
19870,4355,3438,19870,"LINESTRING (-71.0347145 42.3729495, -71.0350435 42.3731188)",True,False,0.0,0.0,0.0,0.0,0.0,0.0,0.0
19871,4610,4987,19871,"LINESTRING (-71.0347372 42.3724692, -71.0365487 42.3709128)",True,False,0.0,0.0,0.0,0.0,0.0,0.0,0.0
19872,4987,4610,19872,"LINESTRING (-71.0365487 42.3709128, -71.0347372 42.3724692)",True,False,0.0,0.0,0.0,0.0,0.0,0.0,0.0
19877,1032,1034,19877,"LINESTRING (-71.0354614 42.3727587, -71.0359053 42.3723759)",True,False,0.0,0.0,0.0,0.0,0.0,0.0,0.0
19878,1034,1032,19878,"LINESTRING (-71.0359053 42.3723759, -71.0354614 42.3727587)",True,False,0.0,0.0,0.0,0.0,0.0,0.0,0.0
19879,1032,1033,19879,"LINESTRING (-71.0354614 42.3727587, -71.0353492 42.3728554)",True,False,0.0,0.0,0.0,0.0,0.0,0.0,0.0
19880,1033,1032,19880,"LINESTRING (-71.0353492 42.3728554, -71.0354614 42.3727587)",True,False,0.0,0.0,0.0,0.0,0.0,0.0,0.0
19881,3438,1033,19881,"LINESTRING (-71.0350435 42.3731188, -71.0353492 42.3728554)",True,False,0.0,0.0,0.0,0.0,0.0,0.0,0.0
19882,1033,3438,19882,"LINESTRING (-71.0353492 42.3728554, -71.0350435 42.3731188)",True,False,0.0,0.0,0.0,0.0,0.0,0.0,0.0
19885,4853,4868,19885,"LINESTRING (-71.0332203 42.3714921, -71.0339181 42.3719426)",True,False,0.0,0.0,0.0,0.0,0.0,0.0,0.0
19886,4868,4853,19886,"LINESTRING (-71.0339181 42.3719426, -71.0332203 42.3714921)",True,False,0.0,0.0,0.0,0.0,0.0,0.0,0.0
19887,4610,4868,19887,"LINESTRING (-71.0347372 42.3724692, -71.0339181 42.3719426)",True,False,0.0,0.0,0.0,0.0,0.0,0.0,0.0
19888,4868,4610,19888,"LINESTRING (-71.0339181 42.3719426, -71.0347372 42.3724692)",True,False,0.0,0.0,0.0,0.0,0.0,0.0,0.0
19889,3653,4355,19889,"LINESTRING (-71.0348435 42.3725376, -71.0347145 42.3729495)",True,False,0.0,0.0,0.0,0.0,0.0,0.0,0.0
19890,4610,4981,19890,"LINESTRING (-71.0347372 42.3724692, -71.0343371 42.3728146)",True,False,0.0,0.0,0.0,0.0,0.0,0.0,0.0
19891,4981,4610,19891,"LINESTRING (-71.0343371 42.3728146, -71.0347372 42.3724692)",True,False,0.0,0.0,0.0,0.0,0.0,0.0,0.0
19892,4981,4355,19892,"LINESTRING (-71.0343371 42.3728146, -71.0347145 42.3729495)",True,False,0.0,0.0,0.0,0.0,0.0,0.0,0.0
19893,3653,4610,19893,"LINESTRING (-71.0348435 42.3725376, -71.0347372 42.3724692)",True,False,0.0,0.0,0.0,0.0,0.0,0.0,0.0
19894,4610,3653,19894,"LINESTRING (-71.0347372 42.3724692, -71.0348435 42.3725376)",True,False,0.0,0.0,0.0,0.0,0.0,0.0,0.0
19895,4797,4798,19895,"LINESTRING (-71.0358163 42.3760495, -71.0336884 42.3768422)",True,False,0.0,0.0,0.0,0.0,0.0,0.0,0.0
19896,4798,4797,19896,"LINESTRING (-71.0336884 42.3768422, -71.0358163 42.3760495)",True,False,0.0,0.0,0.0,0.0,0.0,0.0,0.0
19899,3439,5127,19899,"LINESTRING (-71.0361204 42.373703, -71.0369037 42.374069)",True,False,0.0,0.0,0.0,0.0,0.0,0.0,0.0
19900,4810,5304,19900,"LINESTRING (-71.0368047 42.3736039, -71.0360912 42.373389)",True,False,0.0,0.0,0.0,0.0,0.0,0.0,0.0
19901,4810,5541,19901,"LINESTRING (-71.0368047 42.3736039, -71.0364694 42.3733988)",True,False,0.0,0.0,0.0,0.0,0.0,0.0,0.0
19902,4797,4799,19902,"LINESTRING (-71.0358163 42.3760495, -71.0361793 42.3759137)",True,False,0.0,0.0,0.0,0.0,0.0,0.0,0.0
19903,4799,4797,19903,"LINESTRING (-71.0361793 42.3759137, -71.0358163 42.3760495)",True,False,0.0,0.0,0.0,0.0,0.0,0.0,0.0
19910,3372,3394,19910,"LINESTRING (-71.0392615 42.3809101, -71.0392744 42.3813749)",True,False,0.0,0.0,0.0,0.0,0.0,0.0,0.0
19911,3394,3372,19911,"LINESTRING (-71.0392744 42.3813749, -71.0392615 42.3809101)",True,False,0.0,0.0,0.0,0.0,0.0,0.0,0.0
19912,4602,4604,19912,"LINESTRING (-71.0393163 42.3826131, -71.0360718 42.3826032)",True,False,0.0,0.0,0.0,0.0,0.0,0.0,0.0
19913,4604,4602,19913,"LINESTRING (-71.0360718 42.3826032, -71.0393163 42.3826131)",True,False,0.0,0.0,0.0,0.0,0.0,0.0,0.0
19926,3373,4852,19926,"LINESTRING (-71.0392297 42.3794177, -71.0392083 42.3786463)",True,False,0.0,0.0,0.0,0.0,0.0,0.0,0.0
19927,4852,3373,19927,"LINESTRING (-71.0392083 42.3786463, -71.0392297 42.3794177)",True,False,0.0,0.0,0.0,0.0,0.0,0.0,0.0
19936,4852,5125,19936,"LINESTRING (-71.0392083 42.3786463, -71.039191 42.377859)",True,False,0.0,0.0,0.0,0.0,0.0,0.0,0.0
19937,5125,4852,19937,"LINESTRING (-71.039191 42.377859, -71.0392083 42.3786463)",True,False,0.0,0.0,0.0,0.0,0.0,0.0,0.0
19938,3371,3373,19938,"LINESTRING (-71.039252 42.3805454, -71.0392297 42.3794177)",True,False,0.0,0.0,0.0,0.0,0.0,0.0,0.0
19939,3373,3371,19939,"LINESTRING (-71.0392297 42.3794177, -71.039252 42.3805454)",True,False,0.0,0.0,0.0,0.0,0.0,0.0,0.0
19940,3371,3372,19940,"LINESTRING (-71.039252 42.3805454, -71.0392615 42.3809101)",True,False,0.0,0.0,0.0,0.0,0.0,0.0,0.0
19941,3372,3371,19941,"LINESTRING (-71.0392615 42.3809101, -71.039252 42.3805454)",True,False,0.0,0.0,0.0,0.0,0.0,0.0,0.0
19942,4602,4603,19942,"LINESTRING (-71.0393163 42.3826131, -71.039296 42.3819943)",True,False,0.0,0.0,0.0,0.0,0.0,0.0,0.0
19943,4603,4602,19943,"LINESTRING (-71.039296 42.3819943, -71.0393163 42.3826131)",True,False,0.0,0.0,0.0,0.0,0.0,0.0,0.0
19944,3394,4603,19944,"LINESTRING (-71.0392744 42.3813749, -71.039296 42.3819943)",True,False,0.0,0.0,0.0,0.0,0.0,0.0,0.0
19945,4603,3394,19945,"LINESTRING (-71.039296 42.3819943, -71.0392744 42.3813749)",True,False,0.0,0.0,0.0,0.0,0.0,0.0,0.0
19946,4602,4605,19946,"LINESTRING (-71.0393163 42.3826131, -71.0393153 42.383198)",True,False,0.0,0.0,0.0,0.0,0.0,0.0,0.0
19947,4605,4602,19947,"LINESTRING (-71.0393153 42.383198, -71.0393163 42.3826131)",True,False,0.0,0.0,0.0,0.0,0.0,0.0,0.0
19948,4604,4851,19948,"LINESTRING (-71.0360718 42.3826032, -71.0333951 42.3825951)",True,False,0.0,0.0,0.0,0.0,0.0,0.0,0.0
19949,4851,4604,19949,"LINESTRING (-71.0333951 42.3825951, -71.0360718 42.3826032)",True,False,0.0,0.0,0.0,0.0,0.0,0.0,0.0
19950,2674,2672,19950,"LINESTRING (-71.0272518 42.3713748, -71.0324323 42.3731873)",True,False,0.0,0.0,0.0,0.0,0.0,0.0,0.0
19951,2674,2156,19951,"LINESTRING (-71.0272518 42.3713748, -71.0291494 42.375534)",True,False,0.0,0.0,0.0,0.0,0.0,0.0,0.0
19952,3097,1634,19952,"LINESTRING (-71.0295605 42.3752398, -71.0281452 42.3717647)",True,False,0.0,0.0,0.0,0.0,0.0,0.0,0.0
19953,3096,3115,19953,"LINESTRING (-71.02555 42.3697893, -71.0290665 42.3740642)",True,False,0.0,0.0,0.0,0.0,0.0,0.0,0.0
19954,3115,3096,19954,"LINESTRING (-71.0290665 42.3740642, -71.02555 42.3697893)",True,False,0.0,0.0,0.0,0.0,0.0,0.0,0.0
19955,3520,2638,19955,"LINESTRING (-71.0295943 42.3741243, -71.0275872 42.3695794)",True,False,0.0,0.0,0.0,0.0,0.0,0.0,0.0
19956,3522,3523,19956,"LINESTRING (-71.0288671 42.3754011, -71.02712 42.376818)",True,False,0.0,0.0,0.0,0.0,0.0,0.0,0.0
19957,3523,3522,19957,"LINESTRING (-71.02712 42.376818, -71.0288671 42.3754011)",True,False,0.0,0.0,0.0,0.0,0.0,0.0,0.0
19958,4850,3097,19958,"LINESTRING (-71.0278525 42.3771024, -71.0295605 42.3752398)",True,False,0.0,0.0,0.0,0.0,0.0,0.0,0.0
19959,4850,2672,19959,"LINESTRING (-71.0278525 42.3771024, -71.0324323 42.3731873)",True,False,0.0,0.0,0.0,0.0,0.0,0.0,0.0
19960,4953,4854,19960,"LINESTRING (-71.0319613 42.3706915, -71.0326647 42.3711388)",True,False,0.0,0.0,0.0,0.0,0.0,0.0,0.0
19961,4854,4953,19961,"LINESTRING (-71.0326647 42.3711388, -71.0319613 42.3706915)",True,False,0.0,0.0,0.0,0.0,0.0,0.0,0.0
19962,3359,3361,19962,"LINESTRING (-71.0319723 42.3757585, -71.0305118 42.3770145)",True,False,0.0,0.0,0.0,0.0,0.0,0.0,0.0
19963,3361,3359,19963,"LINESTRING (-71.0305118 42.3770145, -71.0319723 42.3757585)",True,False,0.0,0.0,0.0,0.0,0.0,0.0,0.0
19964,3516,3517,19964,"LINESTRING (-71.0289816 42.3747869, -71.0289259 42.375185)",True,False,0.0,0.0,0.0,0.0,0.0,0.0,0.0
19965,3517,3516,19965,"LINESTRING (-71.0289259 42.375185, -71.0289816 42.3747869)",True,False,0.0,0.0,0.0,0.0,0.0,0.0,0.0
19966,5141,5142,19966,"LINESTRING (-71.0299043 42.3766218, -71.0313545 42.375375)",True,False,0.0,0.0,0.0,0.0,0.0,0.0,0.0
19967,5142,5141,19967,"LINESTRING (-71.0313545 42.375375, -71.0299043 42.3766218)",True,False,0.0,0.0,0.0,0.0,0.0,0.0,0.0
19968,5142,5186,19968,"LINESTRING (-71.0313545 42.375375, -71.0328065 42.3741282)",True,False,0.0,0.0,0.0,0.0,0.0,0.0,0.0
19969,5186,5142,19969,"LINESTRING (-71.0328065 42.3741282, -71.0313545 42.375375)",True,False,0.0,0.0,0.0,0.0,0.0,0.0,0.0
19970,3518,3115,19970,"LINESTRING (-71.0290546 42.3741767, -71.0290665 42.3740642)",True,False,0.0,0.0,0.0,0.0,0.0,0.0,0.0
19971,3115,3518,19971,"LINESTRING (-71.0290665 42.3740642, -71.0290546 42.3741767)",True,False,0.0,0.0,0.0,0.0,0.0,0.0,0.0
19972,3518,3520,19972,"LINESTRING (-71.0290546 42.3741767, -71.0295943 42.3741243)",True,False,0.0,0.0,0.0,0.0,0.0,0.0,0.0
19973,3520,3115,19973,"LINESTRING (-71.0295943 42.3741243, -71.0290665 42.3740642)",True,False,0.0,0.0,0.0,0.0,0.0,0.0,0.0
19974,3516,3518,19974,"LINESTRING (-71.0289816 42.3747869, -71.0290546 42.3741767)",True,False,0.0,0.0,0.0,0.0,0.0,0.0,0.0
19975,3518,3516,19975,"LINESTRING (-71.0290546 42.3741767, -71.0289816 42.3747869)",True,False,0.0,0.0,0.0,0.0,0.0,0.0,0.0
19976,3517,3522,19976,"LINESTRING (-71.0289259 42.375185, -71.0288671 42.3754011)",True,False,0.0,0.0,0.0,0.0,0.0,0.0,0.0
19977,3522,3517,19977,"LINESTRING (-71.0288671 42.3754011, -71.0289259 42.375185)",True,False,0.0,0.0,0.0,0.0,0.0,0.0,0.0
19978,3087,2674,19978,"LINESTRING (-71.026465 42.370513, -71.0272518 42.3713748)",True,False,0.0,0.0,0.0,0.0,0.0,0.0,0.0
19979,4100,2638,19979,"LINESTRING (-71.0277431 42.3714416, -71.0275872 42.3695794)",True,False,0.0,0.0,0.0,0.0,0.0,0.0,0.0
19980,4100,4101,19980,"LINESTRING (-71.0277431 42.3714416, -71.0266946 42.3701414)",True,False,0.0,0.0,0.0,0.0,0.0,0.0,0.0
19981,2638,2639,19981,"LINESTRING (-71.0275872 42.3695794, -71.0280599 42.3690849)",True,False,0.0,0.0,0.0,0.0,0.0,0.0,0.0
19982,1634,4100,19982,"LINESTRING (-71.0281452 42.3717647, -71.0277431 42.3714416)",True,False,0.0,0.0,0.0,0.0,0.0,0.0,0.0
19983,3095,3087,19983,"LINESTRING (-71.0258741 42.3698402, -71.026465 42.370513)",True,False,0.0,0.0,0.0,0.0,0.0,0.0,0.0
19984,5417,4500,19984,"LINESTRING (-71.0263953 42.3763775, -71.0269201 42.3770014)",True,False,0.0,0.0,0.0,0.0,0.0,0.0,0.0
19985,4500,3523,19985,"LINESTRING (-71.0269201 42.3770014, -71.02712 42.376818)",True,False,0.0,0.0,0.0,0.0,0.0,0.0,0.0
19986,3523,4500,19986,"LINESTRING (-71.02712 42.376818, -71.0269201 42.3770014)",True,False,0.0,0.0,0.0,0.0,0.0,0.0,0.0
19987,3023,3024,19987,"LINESTRING (-71.0281602 42.381219, -71.0281557 42.3813415)",True,False,0.0,0.0,0.0,0.0,0.0,0.0,0.0
19988,3024,3023,19988,"LINESTRING (-71.0281557 42.3813415, -71.0281602 42.381219)",True,False,0.0,0.0,0.0,0.0,0.0,0.0,0.0
19989,4334,4335,19989,"LINESTRING (-71.0288868 42.3784154, -71.0285094 42.3787418)",True,False,0.0,0.0,0.0,0.0,0.0,0.0,0.0
19990,4335,4334,19990,"LINESTRING (-71.0285094 42.3787418, -71.0288868 42.3784154)",True,False,0.0,0.0,0.0,0.0,0.0,0.0,0.0
19991,4857,4858,19991,"LINESTRING (-71.0302661 42.3825855, -71.0286183 42.3813442)",True,False,0.0,0.0,0.0,0.0,0.0,0.0,0.0
19992,4858,4857,19992,"LINESTRING (-71.0286183 42.3813442, -71.0302661 42.3825855)",True,False,0.0,0.0,0.0,0.0,0.0,0.0,0.0
19993,4336,1075,19993,"LINESTRING (-71.0291781 42.3781605, -71.0285688 42.3777692)",True,False,0.0,0.0,0.0,0.0,0.0,0.0,0.0
19994,1075,4336,19994,"LINESTRING (-71.0285688 42.3777692, -71.0291781 42.3781605)",True,False,0.0,0.0,0.0,0.0,0.0,0.0,0.0
19995,3399,4859,19995,"LINESTRING (-71.025577 42.3812587, -71.0265529 42.381332)",True,False,0.0,0.0,0.0,0.0,0.0,0.0,0.0
19996,4859,3399,19996,"LINESTRING (-71.0265529 42.381332, -71.025577 42.3812587)",True,False,0.0,0.0,0.0,0.0,0.0,0.0,0.0
20013,4333,5131,20013,"LINESTRING (-71.0293934 42.3784349, -71.0315298 42.3776468)",True,False,0.0,0.0,0.0,0.0,0.0,0.0,0.0
20014,5131,4333,20014,"LINESTRING (-71.0315298 42.3776468, -71.0293934 42.3784349)",True,False,0.0,0.0,0.0,0.0,0.0,0.0,0.0
20015,4334,4336,20015,"LINESTRING (-71.0288868 42.3784154, -71.0291781 42.3781605)",True,False,0.0,0.0,0.0,0.0,0.0,0.0,0.0
20016,4336,4334,20016,"LINESTRING (-71.0291781 42.3781605, -71.0288868 42.3784154)",True,False,0.0,0.0,0.0,0.0,0.0,0.0,0.0
20017,4333,4336,20017,"LINESTRING (-71.0293934 42.3784349, -71.0291781 42.3781605)",True,False,0.0,0.0,0.0,0.0,0.0,0.0,0.0
20018,4336,4332,20018,"LINESTRING (-71.0291781 42.3781605, -71.0292686 42.3783713)",True,False,0.0,0.0,0.0,0.0,0.0,0.0,0.0
20019,4334,4332,20019,"LINESTRING (-71.0288868 42.3784154, -71.0292686 42.3783713)",True,False,0.0,0.0,0.0,0.0,0.0,0.0,0.0
20020,4332,4333,20020,"LINESTRING (-71.0292686 42.3783713, -71.0293934 42.3784349)",True,False,0.0,0.0,0.0,0.0,0.0,0.0,0.0
20021,1072,1073,20021,"LINESTRING (-71.027012 42.3791068, -71.0272653 42.3792678)",True,False,0.0,0.0,0.0,0.0,0.0,0.0,0.0
20022,1073,1072,20022,"LINESTRING (-71.0272653 42.3792678, -71.027012 42.3791068)",True,False,0.0,0.0,0.0,0.0,0.0,0.0,0.0
20023,1072,1074,20023,"LINESTRING (-71.027012 42.3791068, -71.0264347 42.3796027)",True,False,0.0,0.0,0.0,0.0,0.0,0.0,0.0
20024,1074,1072,20024,"LINESTRING (-71.0264347 42.3796027, -71.027012 42.3791068)",True,False,0.0,0.0,0.0,0.0,0.0,0.0,0.0
20025,2718,2719,20025,"LINESTRING (-71.0268786 42.3801447, -71.0265229 42.3804475)",True,False,0.0,0.0,0.0,0.0,0.0,0.0,0.0
20026,2719,2718,20026,"LINESTRING (-71.0265229 42.3804475, -71.0268786 42.3801447)",True,False,0.0,0.0,0.0,0.0,0.0,0.0,0.0
20027,2718,2720,20027,"LINESTRING (-71.0268786 42.3801447, -71.0262652 42.3803755)",True,False,0.0,0.0,0.0,0.0,0.0,0.0,0.0
20028,2157,3106,20028,"LINESTRING (-71.0263146 42.3781694, -71.024979 42.3794623)",True,False,0.0,0.0,0.0,0.0,0.0,0.0,0.0
20029,4323,2435,20029,"LINESTRING (-71.0253514 42.3796859, -71.0264758 42.3782715)",True,False,0.0,0.0,0.0,0.0,0.0,0.0,0.0
20030,1074,1073,20030,"LINESTRING (-71.0264347 42.3796027, -71.0272653 42.3792678)",True,False,0.0,0.0,0.0,0.0,0.0,0.0,0.0
20031,1073,1074,20031,"LINESTRING (-71.0272653 42.3792678, -71.0264347 42.3796027)",True,False,0.0,0.0,0.0,0.0,0.0,0.0,0.0
20032,4331,4335,20032,"LINESTRING (-71.0276376 42.3794987, -71.0285094 42.3787418)",True,False,0.0,0.0,0.0,0.0,0.0,0.0,0.0
20033,4335,4331,20033,"LINESTRING (-71.0285094 42.3787418, -71.0276376 42.3794987)",True,False,0.0,0.0,0.0,0.0,0.0,0.0,0.0
20034,4335,1073,20034,"LINESTRING (-71.0285094 42.3787418, -71.0272653 42.3792678)",True,False,0.0,0.0,0.0,0.0,0.0,0.0,0.0
20095,1072,1075,20095,"LINESTRING (-71.027012 42.3791068, -71.0285688 42.3777692)",True,False,0.0,0.0,0.0,0.0,0.0,0.0,0.0
20096,1075,1072,20096,"LINESTRING (-71.0285688 42.3777692, -71.027012 42.3791068)",True,False,0.0,0.0,0.0,0.0,0.0,0.0,0.0
20097,4330,5153,20097,"LINESTRING (-71.0273262 42.3799838, -71.0277463 42.3806052)",True,False,0.0,0.0,0.0,0.0,0.0,0.0,0.0
20112,5153,3023,20112,"LINESTRING (-71.0277463 42.3806052, -71.0281602 42.381219)",True,False,0.0,0.0,0.0,0.0,0.0,0.0,0.0
20113,2721,4330,20113,"LINESTRING (-71.027192 42.379878, -71.0273262 42.3799838)",True,False,0.0,0.0,0.0,0.0,0.0,0.0,0.0
20114,2721,4331,20114,"LINESTRING (-71.027192 42.379878, -71.0276376 42.3794987)",True,False,0.0,0.0,0.0,0.0,0.0,0.0,0.0
20115,4331,2721,20115,"LINESTRING (-71.0276376 42.3794987, -71.027192 42.379878)",True,False,0.0,0.0,0.0,0.0,0.0,0.0,0.0
20116,1073,4331,20116,"LINESTRING (-71.0272653 42.3792678, -71.0276376 42.3794987)",True,False,0.0,0.0,0.0,0.0,0.0,0.0,0.0
20117,2718,2721,20117,"LINESTRING (-71.0268786 42.3801447, -71.027192 42.379878)",True,False,0.0,0.0,0.0,0.0,0.0,0.0,0.0
20118,2721,2718,20118,"LINESTRING (-71.027192 42.379878, -71.0268786 42.3801447)",True,False,0.0,0.0,0.0,0.0,0.0,0.0,0.0
20119,2157,3107,20119,"LINESTRING (-71.0263146 42.3781694, -71.025392 42.379215)",True,False,0.0,0.0,0.0,0.0,0.0,0.0,0.0
20120,4339,4340,20120,"LINESTRING (-71.025703 42.3783255, -71.0256504 42.3784192)",True,False,0.0,0.0,0.0,0.0,0.0,0.0,0.0
20121,4340,4339,20121,"LINESTRING (-71.0256504 42.3784192, -71.025703 42.3783255)",True,False,0.0,0.0,0.0,0.0,0.0,0.0,0.0
20122,4339,4341,20122,"LINESTRING (-71.025703 42.3783255, -71.0261132 42.377708)",True,False,0.0,0.0,0.0,0.0,0.0,0.0,0.0
20123,4341,4339,20123,"LINESTRING (-71.0261132 42.377708, -71.025703 42.3783255)",True,False,0.0,0.0,0.0,0.0,0.0,0.0,0.0
20124,4340,4501,20124,"LINESTRING (-71.0256504 42.3784192, -71.0261682 42.3788619)",True,False,0.0,0.0,0.0,0.0,0.0,0.0,0.0
20125,4501,4339,20125,"LINESTRING (-71.0261682 42.3788619, -71.025703 42.3783255)",True,False,0.0,0.0,0.0,0.0,0.0,0.0,0.0
20126,4340,4338,20126,"LINESTRING (-71.0256504 42.3784192, -71.0255887 42.3785015)",True,False,0.0,0.0,0.0,0.0,0.0,0.0,0.0
20127,4338,4340,20127,"LINESTRING (-71.0255887 42.3785015, -71.0256504 42.3784192)",True,False,0.0,0.0,0.0,0.0,0.0,0.0,0.0
20128,2058,2059,20128,"LINESTRING (-71.0261509 42.3797124, -71.0254075 42.3799445)",True,False,0.0,0.0,0.0,0.0,0.0,0.0,0.0
20129,3398,3399,20129,"LINESTRING (-71.0261599 42.3807565, -71.025577 42.3812587)",True,False,0.0,0.0,0.0,0.0,0.0,0.0,0.0
20130,3399,3398,20130,"LINESTRING (-71.025577 42.3812587, -71.0261599 42.3807565)",True,False,0.0,0.0,0.0,0.0,0.0,0.0,0.0
20131,2927,4337,20131,"LINESTRING (-71.0252081 42.3807738, -71.0261294 42.3804298)",True,False,0.0,0.0,0.0,0.0,0.0,0.0,0.0
20132,4337,2927,20132,"LINESTRING (-71.0261294 42.3804298, -71.0252081 42.3807738)",True,False,0.0,0.0,0.0,0.0,0.0,0.0,0.0
20133,4337,5148,20133,"LINESTRING (-71.0261294 42.3804298, -71.0257551 42.3802011)",True,False,0.0,0.0,0.0,0.0,0.0,0.0,0.0
20134,5148,4337,20134,"LINESTRING (-71.0257551 42.3802011, -71.0261294 42.3804298)",True,False,0.0,0.0,0.0,0.0,0.0,0.0,0.0
20135,5148,4344,20135,"LINESTRING (-71.0257551 42.3802011, -71.0254789 42.3800377)",True,False,0.0,0.0,0.0,0.0,0.0,0.0,0.0
20136,4344,5148,20136,"LINESTRING (-71.0254789 42.3800377, -71.0257551 42.3802011)",True,False,0.0,0.0,0.0,0.0,0.0,0.0,0.0
20137,4344,2058,20137,"LINESTRING (-71.0254789 42.3800377, -71.0261509 42.3797124)",True,False,0.0,0.0,0.0,0.0,0.0,0.0,0.0
20138,2058,1074,20138,"LINESTRING (-71.0261509 42.3797124, -71.0264347 42.3796027)",True,False,0.0,0.0,0.0,0.0,0.0,0.0,0.0
20139,1074,2058,20139,"LINESTRING (-71.0264347 42.3796027, -71.0261509 42.3797124)",True,False,0.0,0.0,0.0,0.0,0.0,0.0,0.0
20140,3398,3400,20140,"LINESTRING (-71.0261599 42.3807565, -71.0264238 42.3805318)",True,False,0.0,0.0,0.0,0.0,0.0,0.0,0.0
20141,3400,3398,20141,"LINESTRING (-71.0264238 42.3805318, -71.0261599 42.3807565)",True,False,0.0,0.0,0.0,0.0,0.0,0.0,0.0
20142,2720,4337,20142,"LINESTRING (-71.0262652 42.3803755, -71.0261294 42.3804298)",True,False,0.0,0.0,0.0,0.0,0.0,0.0,0.0
20143,4337,3400,20143,"LINESTRING (-71.0261294 42.3804298, -71.0264238 42.3805318)",True,False,0.0,0.0,0.0,0.0,0.0,0.0,0.0
20144,2719,3400,20144,"LINESTRING (-71.0265229 42.3804475, -71.0264238 42.3805318)",True,False,0.0,0.0,0.0,0.0,0.0,0.0,0.0
20145,3400,2719,20145,"LINESTRING (-71.0264238 42.3805318, -71.0265229 42.3804475)",True,False,0.0,0.0,0.0,0.0,0.0,0.0,0.0
20146,2719,2720,20146,"LINESTRING (-71.0265229 42.3804475, -71.0262652 42.3803755)",True,False,0.0,0.0,0.0,0.0,0.0,0.0,0.0
20147,3106,4323,20147,"LINESTRING (-71.024979 42.3794623, -71.0253514 42.3796859)",True,False,0.0,0.0,0.0,0.0,0.0,0.0,0.0
20148,4126,5155,20148,"LINESTRING (-71.024798 42.3796861, -71.0250997 42.379868)",True,False,0.0,0.0,0.0,0.0,0.0,0.0,0.0
20149,5155,5419,20149,"LINESTRING (-71.0250997 42.379868, -71.0252419 42.3798256)",True,False,0.0,0.0,0.0,0.0,0.0,0.0,0.0
20150,5155,4342,20150,"LINESTRING (-71.0250997 42.379868, -71.0253087 42.37998)",True,False,0.0,0.0,0.0,0.0,0.0,0.0,0.0
20151,5419,4323,20151,"LINESTRING (-71.0252419 42.3798256, -71.0253514 42.3796859)",True,False,0.0,0.0,0.0,0.0,0.0,0.0,0.0
20152,5419,4125,20152,"LINESTRING (-71.0252419 42.3798256, -71.0248738 42.3795889)",True,False,0.0,0.0,0.0,0.0,0.0,0.0,0.0
20153,4342,4344,20153,"LINESTRING (-71.0253087 42.37998, -71.0254789 42.3800377)",True,False,0.0,0.0,0.0,0.0,0.0,0.0,0.0
20154,4344,2059,20154,"LINESTRING (-71.0254789 42.3800377, -71.0254075 42.3799445)",True,False,0.0,0.0,0.0,0.0,0.0,0.0,0.0
20155,2059,5419,20155,"LINESTRING (-71.0254075 42.3799445, -71.0252419 42.3798256)",True,False,0.0,0.0,0.0,0.0,0.0,0.0,0.0
20156,2059,4342,20156,"LINESTRING (-71.0254075 42.3799445, -71.0253087 42.37998)",True,False,0.0,0.0,0.0,0.0,0.0,0.0,0.0
20157,3106,4125,20157,"LINESTRING (-71.024979 42.3794623, -71.0248738 42.3795889)",True,False,0.0,0.0,0.0,0.0,0.0,0.0,0.0
20158,4125,4126,20158,"LINESTRING (-71.0248738 42.3795889, -71.024798 42.3796861)",True,False,0.0,0.0,0.0,0.0,0.0,0.0,0.0
20159,3024,4859,20159,"LINESTRING (-71.0281557 42.3813415, -71.0265529 42.381332)",True,False,0.0,0.0,0.0,0.0,0.0,0.0,0.0
20160,4859,3024,20160,"LINESTRING (-71.0265529 42.381332, -71.0281557 42.3813415)",True,False,0.0,0.0,0.0,0.0,0.0,0.0,0.0
20161,3024,4858,20161,"LINESTRING (-71.0281557 42.3813415, -71.0286183 42.3813442)",True,False,0.0,0.0,0.0,0.0,0.0,0.0,0.0
20162,4858,3024,20162,"LINESTRING (-71.0286183 42.3813442, -71.0281557 42.3813415)",True,False,0.0,0.0,0.0,0.0,0.0,0.0,0.0
20187,4098,3116,20187,"LINESTRING (-71.0220721 42.3696245, -71.0235359 42.3693272)",True,False,0.0,0.0,0.0,0.0,0.0,0.0,0.0
20188,3116,4098,20188,"LINESTRING (-71.0235359 42.3693272, -71.0220721 42.3696245)",True,False,0.0,0.0,0.0,0.0,0.0,0.0,0.0
20189,3986,3116,20189,"LINESTRING (-71.0219852 42.3693493, -71.0235359 42.3693272)",True,False,0.0,0.0,0.0,0.0,0.0,0.0,0.0
20190,3282,3986,20190,"LINESTRING (-71.021633 42.3698407, -71.0219852 42.3693493)",True,False,0.0,0.0,0.0,0.0,0.0,0.0,0.0
20191,4098,3065,20191,"LINESTRING (-71.0220721 42.3696245, -71.0218314 42.3695328)",True,False,0.0,0.0,0.0,0.0,0.0,0.0,0.0
20192,3048,3065,20192,"LINESTRING (-71.0216207 42.3698325, -71.0218314 42.3695328)",True,False,0.0,0.0,0.0,0.0,0.0,0.0,0.0
20193,3065,3066,20193,"LINESTRING (-71.0218314 42.3695328, -71.021803 42.36914)",True,False,0.0,0.0,0.0,0.0,0.0,0.0,0.0
20194,3048,4098,20194,"LINESTRING (-71.0216207 42.3698325, -71.0220721 42.3696245)",True,False,0.0,0.0,0.0,0.0,0.0,0.0,0.0
20195,2090,2091,20195,"LINESTRING (-71.0226633 42.3817251, -71.023869 42.381272)",True,False,0.0,0.0,0.0,0.0,0.0,0.0,0.0
20196,2091,2090,20196,"LINESTRING (-71.023869 42.381272, -71.0226633 42.3817251)",True,False,0.0,0.0,0.0,0.0,0.0,0.0,0.0
20197,2436,2091,20197,"LINESTRING (-71.0229811 42.3820798, -71.023869 42.381272)",True,False,0.0,0.0,0.0,0.0,0.0,0.0,0.0
20198,4345,2093,20198,"LINESTRING (-71.022231 42.3812351, -71.0224416 42.381389)",True,False,0.0,0.0,0.0,0.0,0.0,0.0,0.0
20199,2251,2776,20199,"LINESTRING (-71.0221814 42.3811746, -71.0205327 42.3817856)",True,False,0.0,0.0,0.0,0.0,0.0,0.0,0.0
20200,2093,2779,20200,"LINESTRING (-71.0224416 42.381389, -71.0223668 42.3811855)",True,False,0.0,0.0,0.0,0.0,0.0,0.0,0.0
20201,4346,4345,20201,"LINESTRING (-71.0204107 42.3819123, -71.022231 42.3812351)",True,False,0.0,0.0,0.0,0.0,0.0,0.0,0.0
20202,5044,2094,20202,"LINESTRING (-71.0187751 42.3831747, -71.0207624 42.3824338)",True,False,0.0,0.0,0.0,0.0,0.0,0.0,0.0
20203,2094,5044,20203,"LINESTRING (-71.0207624 42.3824338, -71.0187751 42.3831747)",True,False,0.0,0.0,0.0,0.0,0.0,0.0,0.0
20218,2437,2250,20218,"LINESTRING (-71.0226542 42.3809937, -71.0223169 42.3811212)",True,False,0.0,0.0,0.0,0.0,0.0,0.0,0.0
20219,2779,2780,20219,"LINESTRING (-71.0223668 42.3811855, -71.0229357 42.3809757)",True,False,0.0,0.0,0.0,0.0,0.0,0.0,0.0
20220,4343,4499,20220,"LINESTRING (-71.023958 42.380499, -71.0228831 42.380906)",True,False,0.0,0.0,0.0,0.0,0.0,0.0,0.0
20221,4499,2437,20221,"LINESTRING (-71.0228831 42.380906, -71.0226542 42.3809937)",True,False,0.0,0.0,0.0,0.0,0.0,0.0,0.0
20222,2780,4499,20222,"LINESTRING (-71.0229357 42.3809757, -71.0228831 42.380906)",True,False,0.0,0.0,0.0,0.0,0.0,0.0,0.0
20223,4499,2780,20223,"LINESTRING (-71.0228831 42.380906, -71.0229357 42.3809757)",True,False,0.0,0.0,0.0,0.0,0.0,0.0,0.0
20224,2779,2250,20224,"LINESTRING (-71.0223668 42.3811855, -71.0223169 42.3811212)",True,False,0.0,0.0,0.0,0.0,0.0,0.0,0.0
20225,4345,2779,20225,"LINESTRING (-71.022231 42.3812351, -71.0223668 42.3811855)",True,False,0.0,0.0,0.0,0.0,0.0,0.0,0.0
20226,2250,2251,20226,"LINESTRING (-71.0223169 42.3811212, -71.0221814 42.3811746)",True,False,0.0,0.0,0.0,0.0,0.0,0.0,0.0
20227,2251,4345,20227,"LINESTRING (-71.0221814 42.3811746, -71.022231 42.3812351)",True,False,0.0,0.0,0.0,0.0,0.0,0.0,0.0
20228,2090,2093,20228,"LINESTRING (-71.0226633 42.3817251, -71.0224416 42.381389)",True,False,0.0,0.0,0.0,0.0,0.0,0.0,0.0
20229,2093,2090,20229,"LINESTRING (-71.0224416 42.381389, -71.0226633 42.3817251)",True,False,0.0,0.0,0.0,0.0,0.0,0.0,0.0
20230,2090,2094,20230,"LINESTRING (-71.0226633 42.3817251, -71.0207624 42.3824338)",True,False,0.0,0.0,0.0,0.0,0.0,0.0,0.0
20231,2094,2090,20231,"LINESTRING (-71.0207624 42.3824338, -71.0226633 42.3817251)",True,False,0.0,0.0,0.0,0.0,0.0,0.0,0.0
20232,2092,2096,20232,"LINESTRING (-71.022609 42.3818878, -71.0211941 42.3830489)",True,False,0.0,0.0,0.0,0.0,0.0,0.0,0.0
20233,2434,2436,20233,"LINESTRING (-71.0215918 42.383312, -71.0229811 42.3820798)",True,False,0.0,0.0,0.0,0.0,0.0,0.0,0.0
20234,2620,2622,20234,"LINESTRING (-71.0230071 42.3834934, -71.0235272 42.3830223)",True,False,0.0,0.0,0.0,0.0,0.0,0.0,0.0
20235,2622,2620,20235,"LINESTRING (-71.0235272 42.3830223, -71.0230071 42.3834934)",True,False,0.0,0.0,0.0,0.0,0.0,0.0,0.0
20236,2951,2621,20236,"LINESTRING (-71.0217866 42.3835396, -71.02266 42.3839081)",True,False,0.0,0.0,0.0,0.0,0.0,0.0,0.0
20237,2621,2951,20237,"LINESTRING (-71.02266 42.3839081, -71.0217866 42.3835396)",True,False,0.0,0.0,0.0,0.0,0.0,0.0,0.0
20238,2951,2434,20238,"LINESTRING (-71.0217866 42.3835396, -71.0215918 42.383312)",True,False,0.0,0.0,0.0,0.0,0.0,0.0,0.0
20239,4502,2620,20239,"LINESTRING (-71.0239494 42.3815238, -71.0230071 42.3834934)",True,False,0.0,0.0,0.0,0.0,0.0,0.0,0.0
20240,2233,2434,20240,"LINESTRING (-71.0214164 42.3836217, -71.0215918 42.383312)",True,False,0.0,0.0,0.0,0.0,0.0,0.0,0.0
20241,2096,1977,20241,"LINESTRING (-71.0211941 42.3830489, -71.0207808 42.3839367)",True,False,0.0,0.0,0.0,0.0,0.0,0.0,0.0
20242,2622,4502,20242,"LINESTRING (-71.0235272 42.3830223, -71.0239494 42.3815238)",True,False,0.0,0.0,0.0,0.0,0.0,0.0,0.0
20243,2090,2092,20243,"LINESTRING (-71.0226633 42.3817251, -71.022609 42.3818878)",True,False,0.0,0.0,0.0,0.0,0.0,0.0,0.0
20244,2438,2090,20244,"LINESTRING (-71.0229449 42.3818594, -71.0226633 42.3817251)",True,False,0.0,0.0,0.0,0.0,0.0,0.0,0.0
20245,2436,2438,20245,"LINESTRING (-71.0229811 42.3820798, -71.0229449 42.3818594)",True,False,0.0,0.0,0.0,0.0,0.0,0.0,0.0
20246,2438,2092,20246,"LINESTRING (-71.0229449 42.3818594, -71.022609 42.3818878)",True,False,0.0,0.0,0.0,0.0,0.0,0.0,0.0
20247,2620,2621,20247,"LINESTRING (-71.0230071 42.3834934, -71.02266 42.3839081)",True,False,0.0,0.0,0.0,0.0,0.0,0.0,0.0
20248,2621,2620,20248,"LINESTRING (-71.02266 42.3839081, -71.0230071 42.3834934)",True,False,0.0,0.0,0.0,0.0,0.0,0.0,0.0
20249,2233,2951,20249,"LINESTRING (-71.0214164 42.3836217, -71.0217866 42.3835396)",True,False,0.0,0.0,0.0,0.0,0.0,0.0,0.0
20250,1739,1740,20250,"LINESTRING (-71.0203689 42.3818486, -71.0183875 42.3825919)",True,False,0.0,0.0,0.0,0.0,0.0,0.0,0.0
20251,4353,4346,20251,"LINESTRING (-71.0184302 42.3826545, -71.0204107 42.3819123)",True,False,0.0,0.0,0.0,0.0,0.0,0.0,0.0
20266,2776,1739,20266,"LINESTRING (-71.0205327 42.3817856, -71.0203689 42.3818486)",True,False,0.0,0.0,0.0,0.0,0.0,0.0,0.0
