path_id,o_zone_id,d_zone_id,volume,link_sequence,path_row_zero_based,class,raw_reconstructed_flow
1,1,2,400.0,1,0,major,99.99999999991077
2,1,3,400.0,2,1,major,99.99999999964834
3,1,4,2000.0,2;6,2,major,499.9999999981338
4,1,5,800.0000000035942,2;6;9,3,major,199.99981372818962
5,1,5,-3.594191561932354e-09,1;4;15,4,minor,0.00018626809512709008
6,1,6,1199.9999996515796,1;4,5,major,299.9737756573911
7,1,6,3.484202180526882e-07,2;6;9;12,6,minor,0.026224264709548084
8,1,7,1999.9999995894905,1;4;16;20,7,major,499.9631332358107
9,1,7,3.4842020580639257e-07,2;6;9;12;16;20,8,minor,0.030267768425260688
10,1,7,6.208947295569535e-08,1;4;16;22;50;54,9,minor,0.006598488289847992
11,1,8,3199.99999965158,1;4;16,10,major,799.9732280073976
12,1,8,3.484201989246776e-07,2;6;9;12;16,11,minor,0.026771516481036928
13,1,9,2000.000000015934,2;6;9;13,12,major,499.9028956188292
14,1,9,-3.5941915692844413e-09,1;4;15;13,13,minor,1.8305558457942794e-11
15,1,9,-7.480295163904756e-09,2;7;36;32;26,14,minor,0.06845243191918482
16,1,9,-4.859285508344513e-09,2;6;10;32;26,15,minor,0.028651937541219863
17,1,10,5199.9999999911615,2;6;9;13;25,16,major,1299.8373120136835
18,1,10,-5.421529403829515e-09,2;7;36;32,17,minor,0.07173329454629879
19,1,10,5.2238760562633904e-08,2;6;10;32,18,minor,0.031932800994349614
20,1,10,-8.841601282227797e-09,1;4;16;22;48,19,minor,0.007295245056782751
21,1,10,-3.5941915723006996e-09,1;4;15;13;25,20,minor,0.0034671306627992934
22,1,10,-8.845333117081517e-09,2;6;9;12;16;22;48,21,minor,0.0300523746418985
23,1,10,-8.841601281787644e-09,1;4;16;20;18;55;48,22,minor,0.011272864604047417
24,1,10,-7.856191265320576e-09,1;4;16;21;25,23,minor,0.0069342613232536154
25,1,11,2000.000000005058,2;6;10,24,major,499.9440724385813
26,1,11,-5.0579795041724675e-09,2;7;36,25,minor,0.05592755349796219
27,1,12,800.0,2;7,26,major,199.9999999991005
28,1,13,2000.0,2;7;37,27,major,499.9999999984994
29,1,14,1200.0000000218772,2;6;10;34,28,major,298.0018704448419
30,1,14,-5.057979502427778e-09,2;7;36;34,29,minor,0.02518480701913195
31,1,14,-5.1625192776925985e-09,2;7;37;39;76;71,30,minor,1.8852052574389055
32,1,14,-4.298300586693446e-09,1;4;15;11;10;34,31,minor,0.054406212132003695
33,1,14,-7.358227590036476e-09,2;6;9;13;25;27;34,32,minor,0.03333323720952647
34,1,15,5.22387672232525e-08,2;6;10;34;41,33,minor,0.1552859518095019
35,1,15,-5.421529366651783e-09,2;7;36;34;41,34,minor,0.19508644247391826
36,1,15,-5.511394193341426e-09,2;7;37;39;75;65;67,35,minor,0.12337995952348552
37,1,15,1999.9999999394304,2;6;9;13;25;28,36,major,495.3626678332808
38,1,15,-5.511394191597558e-09,2;7;37;39;76;72;67,37,minor,1.949093215663747
39,1,15,-8.261141387390904e-09,1;4;16;22;49;53;57,38,minor,0.013623255959130165
40,1,15,5.2238760808393744e-08,2;6;10;32;28,39,minor,0.0347877777764084
41,1,15,-5.421529402452161e-09,2;7;36;32;28,40,minor,0.07458827126149628
42,1,15,-5.511394190083539e-09,2;7;37;39;76;71;41,41,minor,2.055106893225601
43,1,15,-8.269536650280041e-09,2;6;9;12;16;22;49;53;57,42,minor,0.036380385537733456
44,1,16,1500.835734951696,1;4;16;22,43,major,499.65337588132803
45,1,16,3.484202118322544e-07,2;6;9;12;16;22,44,minor,0.026074759543675524
46,1,16,499.1642642487967,1;4;16;20;18;55,45,minor,0.1631534320372845
47,1,16,8.473770924101571e-08,2;6;9;13;25;29,46,minor,0.03005237579640596
48,1,16,-5.632599103392702e-09,2;7;36;32;29,47,minor,0.06845243198445572
49,1,16,2.756192710857037e-08,2;6;10;32;29,48,minor,0.028651937994970317
50,1,16,3.48420261529103e-07,2;6;9;12;16;20;18;55,49,minor,0.030052379766294046
51,1,16,-3.999901143206108e-09,1;4;15;13;25;29,50,minor,0.00018626809677124365
52,1,17,-7.638041340016265e-09,1;4;16;22;49,51,minor,0.008203724491957054
53,1,17,-7.653504549037921e-09,2;6;9;12;16;22;49,52,minor,0.03096085406365834
54,1,17,-7.638041338156551e-09,1;4;16;20;18;55;49,53,minor,0.012181344036869851
55,1,17,-7.695497009326633e-09,2;6;9;13;25;29;49,54,minor,0.03493847360148064
56,1,17,-8.467072553732287e-09,2;7;36;32;29;49,55,minor,0.07333853104608451
57,1,17,-7.777778779401708e-09,2;6;10;32;29;49,56,minor,0.03353803667450758
58,1,17,-7.653504547200613e-09,2;6;9;12;16;20;18;55;49,57,minor,0.034938473608496445
59,1,17,1600.0000000077064,2;6;9;13;25;30,58,major,399.68061854660766
60,1,17,-5.421529401891728e-09,2;7;36;32;30,59,minor,0.0655412458343444
61,1,17,5.2238760908399536e-08,2;6;10;32;30,60,minor,0.025740752137454997
62,1,18,399.99999944816494,1;4;16;20;18,61,major,99.73500631469878
63,1,18,3.484202788095839e-07,2;6;9;12;16;20;18,62,minor,0.029120675285579378
64,1,18,8.74589630594811e-08,1;4;16;22;50,63,minor,0.019182301165201143
65,1,18,6.66239433559392e-08,2;6;9;12;16;22;50,64,minor,0.04193943120790239
66,1,18,3.803936268744469e-08,2;6;9;13;25;29;50,65,minor,0.04591705020607548
67,1,18,-5.819919878561544e-09,2;7;36;32;29;50,66,minor,0.08431710684666749
68,1,18,1.711243132557612e-08,2;6;10;32;29;50,67,minor,0.04451661279064159
69,1,19,-7.919310717784493e-09,1;4;16;22;49;53,68,minor,0.014395773213887963
70,1,19,-7.931319755397435e-09,2;6;9;12;16;22;49;53,69,minor,0.037152902788669145
71,1,19,-7.919310716330482e-09,1;4;16;20;18;55;49;53,70,minor,0.0183733927593199
72,1,19,-5.057979502428016e-09,2;7;36;34;41;45,71,minor,0.1943139249532635
73,1,19,1200.0000000646708,2;6;10;34;41;45,72,major,299.41692120433163
74,1,19,-7.964026688563935e-09,2;6;9;13;25;29;49;53,73,minor,0.041130522327043895
75,1,19,-6.096784432298593e-09,1;4;16;20;18;56;61,74,minor,0.03584410695409064
76,1,19,-5.162519281536487e-09,2;7;37;39;75;65;67;45,75,minor,0.12260744201672868
77,1,19,-8.590713896617715e-09,2;7;36;32;29;49;53,76,minor,0.07953057977343897
78,1,19,-8.028518395090694e-09,2;6;10;32;29;49;53,77,minor,0.03973008539975115
79,1,20,6.799722599808034e-08,1;4;16;20;18;56,78,minor,0.0350715906547779
80,1,20,1199.9999997709403,2;7;37;39;75;64,79,major,297.60298397635114
81,1,20,3.3324368398211946e-08,1;4;16;22;50;56,80,minor,0.04789034985870241
82,1,20,5.405743282524895e-08,2;6;9;12;16;20;18;56,81,minor,0.05782872050988169
83,1,20,2.07640990921218e-08,2;7;37;39;75;65;68,82,minor,0.12260744298907994
84,1,20,2.076409920435599e-08,2;7;37;39;76;72;68,83,minor,1.9483207130528852
85,1,20,-8.114326243973031e-09,1;4;16;22;49;53;59,84,minor,0.018023267156294487
86,1,20,2.865224203159053e-08,2;6;9;12;16;22;50;56,85,minor,0.07064747955726444
87,1,20,-8.114326242841557e-09,1;4;16;20;18;55;49;53;59,86,minor,0.022000886702119915
88,1,20,1.9728938278299707e-08,2;6;9;13;25;29;50;56,87,minor,0.07462509880325349
89,1,21,400.0000000061394,2;7;37;39;75,88,major,93.39705999905408
90,1,21,1.2176678888942828e-09,2;7;37;39;76;72;69,89,minor,1.9490932113020163
91,1,21,-5.964944012834531e-10,2;6;10;34;42;73;75,90,minor,2.3070229301485647
92,1,21,-6.760500997860189e-09,2;7;36;34;42;73;75,91,minor,2.346823431584916
93,1,22,912.9510362166766,2;7;37;39;75;65,92,major,347.0463528861743
94,1,22,687.0489627833163,2;7;37;39;76;72,93,minor,51.030903095386705
95,1,22,4.8145510997781766e-08,2;6;10;34;41;46,94,minor,0.15243097471942846
96,1,22,-5.445117095671307e-09,2;7;36;34;41;46,95,minor,0.1922314657649139
97,1,22,4.8145509542258355e-08,2;6;10;34;42;72,96,minor,0.6849186225423485
98,1,22,-5.445117120457741e-09,2;7;36;34;42;72,97,minor,0.7247191022191162
99,1,22,-2.180938574007042e-09,1;4;16;20;18;56;63,98,minor,0.03144409557204325
100,1,22,8.740868125559253e-07,2;6;9;13;25;28;46,99,minor,0.03333325165530526
101,1,22,4.8145509077738817e-08,2;6;10;32;28;46,100,minor,0.031932800932951116
102,1,22,-5.4451171293294714e-09,2;7;36;32;28;46,101,minor,0.07173329455109767
103,1,23,1199.9999999647655,2;7;37;39;76,102,major,298.3981566119537
104,1,23,4.8145509407298366e-08,2;6;10;34;42,103,minor,0.6877735992205785
105,1,23,-5.4451171229717745e-09,2;7;36;34;42,104,minor,0.7275740788363956
106,1,23,-7.465793928499152e-09,2;7;37;39;75;65;70,105,minor,0.18649539993461367
107,1,24,400.0,2;7;37;39,106,major,99.9999997114875
108,2,1,400.0,3,107,major,99.99999999991098
109,2,3,400.0000000047401,3;2,108,major,99.92626424205511
110,2,3,-4.740084248307657e-09,4;15;11;8,109,minor,0.07373575752121786
111,2,4,-4.244991370153163e-09,4;15;11,110,minor,0.08298780414691911
112,2,4,800.0000000042451,3;2;6,111,major,199.91701219390362
113,2,5,400.0,4;15,112,major,99.99999987866197
114,2,6,1600.0,4,113,major,399.9999999221868
115,2,7,800.0,4;16;20,114,major,199.99999949258958
116,2,8,1600.0,4;16,115,major,399.9999995239412
117,2,9,-3.526825174336827e-09,4;15;13,116,minor,7.329966494884488e-12
118,2,9,-7.848698547929139e-09,4;16;21,117,minor,0.0034671306603835383
119,2,9,-9.038548747785689e-09,4;16;22;48;26,118,minor,0.0040143823430132675
120,2,9,800.0000000204141,3;2;6;9;13,119,major,199.99251847515345
121,2,10,-8.839417113315612e-09,4;16;22;48,120,minor,0.007295245045799703
122,2,10,-3.5268251826776924e-09,4;15;13;25,121,minor,0.0034671306517041825
123,2,10,-8.839417112873782e-09,4;16;20;18;55;48,122,minor,0.011272864593058096
124,2,10,-7.848698548876042e-09,4;16;21;25,123,minor,0.006934261312249973
125,2,10,-8.878194769062106e-09,4;16;22;49;51,124,minor,0.0068138768469393485
126,2,10,-4.732096659733101e-09,4;15;11;10;32,125,minor,0.10095469963937415
127,2,10,2400.0000000426644,3;2;6;9;13;25,126,major,599.8632619072757
128,2,11,-4.244991370154314e-09,4;15;11;10,127,minor,0.08514895858591201
129,2,11,800.0000000520805,3;2;6;10,128,major,199.6104628034705
130,2,11,-5.057979500246999e-09,3;2;7;36,129,minor,0.04796923809835618
131,2,11,-9.193658769296635e-09,4;16;22;48;27,130,minor,0.03803799159309762
132,2,11,-8.123888793914324e-09,4;15;13;25;27,131,minor,0.03420987718923568
133,2,11,-9.193658769083812e-09,4;16;20;18;55;48;27,132,minor,0.0420156111410612
134,2,11,-7.451992393670636e-09,4;15;11;8;7;36,133,minor,0.10447850414085291
135,2,11,-8.814278898399922e-09,4;16;21;25;27,134,minor,0.037677007855771966
136,2,12,400.0000000047401,3;2;7,135,major,99.92739170477003
137,2,12,-4.7400842483076705e-09,4;15;11;8;7,136,minor,0.07260829425578846
138,2,13,1200.00000000474,3;2;7;37,137,major,299.9384164642584
139,2,13,-4.740084259337628e-09,4;15;11;8;7;37,138,minor,0.06158353415584439
140,2,14,-4.244991360258944e-09,4;15;11;10;34,139,minor,0.05440621211957736
141,2,14,400.00000006699975,3;2;6;10;34,140,major,97.99266147742865
142,2,14,-8.949578737497295e-09,4;16;22;49;53;57;44,141,minor,0.013623255708224147
143,2,14,-5.057979493707256e-09,3;2;7;36;34,142,minor,0.01722649161952572
144,2,14,-9.193658769098916e-09,4;16;22;48;27;34,143,minor,0.0072952450506950095
145,2,14,-8.123888792853475e-09,4;15;13;25;27;34,144,minor,0.003467130663276863
146,2,14,-8.949578737133885e-09,4;16;20;18;55;49;53;57;44,145,minor,0.01760087525570217
147,2,14,-5.162519267417374e-09,3;2;7;37;39;76;71,146,minor,1.8772469420388833
148,2,14,-9.193658769193756e-09,4;16;22;48;28;44,147,minor,0.010150221523083522
149,2,14,-8.123888793362248e-09,4;15;13;25;28;44,148,minor,0.0063221071341392765
150,2,15,-7.613260133400041e-09,4;16;22;49;53;57,149,minor,0.01362325594373981
151,2,15,-7.613260131487896e-09,4;16;20;18;55;49;53;57,150,minor,0.01760087548856004
152,2,15,-8.585877473439238e-09,4;16;22;48;28,151,minor,0.010150221764617884
153,2,15,400.0000000357226,4;15;13;25;28,152,major,99.59236705726967
154,2,15,-4.8604778735721985e-09,4;16;20;18;56;61;57,153,minor,0.03507158966505039
155,2,15,-4.860477209097443e-09,4;16;20;18;56;63;67,154,minor,0.03507158978598654
156,2,15,-8.585877472780256e-09,4;16;20;18;55;48;28,155,minor,0.014127841311371847
157,2,15,-6.777843948587316e-09,4;16;21;25;28,156,minor,0.009789238025698144
158,2,15,-5.1179347862920355e-09,4;16;22;50;56;61;57,157,minor,0.04789034930071989
159,2,15,1.8292432123515692e-08,4;15;11;10;34;41,158,minor,0.22430784904531886
160,2,16,1149.3675851789326,4;16;22,159,major,399.84496350894204
161,2,16,450.6324148210674,4;16;20;18;55,160,minor,0.1550359576150553
162,2,17,501.7287580179012,4;16;22;49,161,major,199.789268802488
163,2,17,298.2712419820988,4;16;20;18;55;49,162,minor,0.21073064675500008
164,2,19,-5.543889331701471e-09,4;16;22;49;53,163,minor,0.014395773185812255
165,2,19,-5.543889325204027e-09,4;16;20;18;55;49;53,164,minor,0.018373392726517918
166,2,19,399.9999999236288,4;16;20;18;56;61,165,major,99.91856743322613
167,2,19,8.74589631158537e-08,4;16;22;50;56;61,166,minor,0.04866286856019986
168,2,20,399.9999999286763,4;16;20;18;56,167,major,99.91208498544262
169,2,20,8.745896311641675e-08,4;16;22;50;56,168,minor,0.047890351143987236
170,2,20,-8.067608425550998e-09,4;16;22;49;53;59,169,minor,0.018023267144903266
171,2,20,-8.067608424362922e-09,4;16;20;18;55;49;53;59,170,minor,0.02200088669062711
172,2,22,-2.0803349788010156e-09,4;16;20;18;56;63,171,minor,0.0314440955594842
173,2,22,-8.259647793853882e-09,4;16;22;49;53;57;46,172,minor,0.010768279232818034
174,2,22,-4.5742000711908265e-09,4;16;20;18;56;62;65,173,minor,0.043597954510109366
175,2,22,-2.6755324929111963e-09,4;16;22;50;56;63,174,minor,0.04426285518434242
176,2,22,-8.259647792865874e-09,4;16;20;18;55;49;53;57;46,175,minor,0.014745898778923738
177,2,22,-8.446629513520838e-09,4;16;22;49;53;59;63,176,minor,0.014395773208360496
178,2,22,-8.840938614716886e-09,4;16;22;48;28;46,177,minor,0.007295245049758148
179,2,22,400.0000000538551,3;2;7;37;39;75;65,178,major,99.7978057285304
180,2,22,-3.573874819765814e-09,4;15;13;25;28;46,179,minor,0.003467130655738962
181,2,22,-7.144369739088798e-09,4;16;20;18;56;61;57;46,180,minor,0.032216612991367494
182,3,1,400.0,5,181,major,99.99999999963715
183,3,2,400.00000000474006,5;1,182,major,99.98717411656163
184,3,2,-4.7400842049139485e-09,6;9;12;14,183,minor,0.012825882984293852
185,3,4,800.0,6,184,major,199.99999999847608
186,3,5,400.0,6;9,185,major,99.9999999966363
187,3,6,34.1770160778206,6;9;12,186,minor,0.006165019219827039
188,3,6,1165.8229839221794,5;1;4,187,major,299.9938349025039
189,3,7,20.83185917332089,6;9;12;16;20,188,minor,0.023749896868737852
190,3,7,379.1681407645896,5;1;4;16;20,189,major,99.97207878451783
191,3,7,6.208951835459244e-08,6;9;12;16;22;50;54,190,minor,0.0041708107475181
192,3,8,28.14511214847515,6;9;12;16,191,minor,0.008566018715559509
193,3,8,771.8548878515248,5;1;4;16,192,major,199.99143350475856
194,3,9,400.0,6;9;13,193,major,99.99999998860721
195,3,10,1199.999999962028,6;9;13;25,194,major,299.9418359372873
196,3,10,-5.421529400958721e-09,7;36;32,195,minor,0.04654848752661453
197,3,10,5.2238761074949295e-08,6;10;32,196,minor,0.006747993385126272
198,3,10,-8.845333116873012e-09,6;9;12;16;22;48,197,minor,0.004867567579097891
199,3,11,1200.0000000050582,6;10,198,major,299.96925724593154
200,3,11,-5.0579795024274084e-09,7;36,199,minor,0.030742746482852912
201,3,12,800.0,7,200,major,199.99999999945683
202,3,13,400.0,7;37,201,major,99.99999999883703
203,3,14,400.0000000102205,6;10;34,202,major,98.13997950850823
204,3,14,-5.057979493703564e-09,7;36;34,203,minor,4.021727395553398e-12
205,3,14,-5.162519267413721e-09,7;37;39;76;71,204,minor,1.8600204504224802
206,3,15,5.2238768832259986e-08,6;10;34;41,205,minor,0.1301011442002754
207,3,15,-5.421529357718801e-09,7;36;34;41,206,minor,0.1699016354542361
208,3,15,-5.511394182915907e-09,7;37;39;75;65;67,207,minor,0.09819515250266891
209,3,15,399.9999999370023,6;9;13;25;28,208,major,94.91440825185576
210,3,15,-5.5113941811718535e-09,7;37;39;76;72;67,209,minor,1.9239084086429297
211,3,15,5.223876240294787e-08,6;10;32;28,210,minor,0.009602970167182867
212,3,15,-5.421529393524763e-09,7;36;32;28,211,minor,0.049403464241840084
213,3,15,-5.511394179657596e-09,7;37;39;76;71;41,212,minor,2.029922086204784
214,3,15,-8.26953664880642e-09,6;9;12;16;22;49;53;57,213,minor,0.011195578482185747
215,3,15,-5.833065205496156e-09,6;10;34;42;72;67,214,minor,0.6633612952117445
216,3,16,17.45296711363304,6;9;12;16;22,215,minor,0.0038229424438131487
217,3,16,1.1877678306111067e-07,6;9;13;25;29,216,minor,0.004867567860774913
218,3,16,-5.578725056708573e-09,7;36;32;29,217,minor,0.04326762496094891
219,3,16,3.19592199264884e-08,6;10;32;29,218,minor,0.0034671307041040655
220,3,16,16.159257067013435,6;9;12;16;20;18;55,219,minor,0.020163282276979055
221,3,16,476.5656917626145,5;1;4;16;22,220,major,199.88320998632267
222,3,16,1.325115971001712e-08,6;9;13;25;30;52,221,minor,0.0014004369356089563
223,3,16,-6.1747694568717814e-09,7;36;32;30;52,222,minor,0.039800494317771495
224,3,16,6.9274150084582226e-09,6;10;32;30;52,223,minor,3.332806253197873e-12
225,3,16,289.82208389757795,5;1;4;16;20;18;55,224,minor,2.555755607147603e-10
226,3,17,-7.653504546480661e-09,6;9;12;16;22;49,225,minor,0.005776047015808111
227,3,17,-7.695497007000999e-09,6;9;13;25;29;49,226,minor,0.009753666553160414
228,3,17,-8.467072552733155e-09,7;36;32;29;49,227,minor,0.04815372398805237
229,3,17,-7.777778777248358e-09,6;10;32;29;49,228,minor,0.00835322962511817
230,3,17,-7.653504544643248e-09,6;9;12;16;20;18;55;49,229,minor,0.009753666560709043
231,3,17,400.0000000077353,6;9;13;25;30,230,major,99.7742954403953
232,3,17,-5.42152939350769e-09,7;36;32;30,231,minor,0.04035643881466683
233,3,17,5.2238762406160887e-08,6;10;32;30,232,minor,0.0005559445282314335
234,3,17,-7.653504592122886e-09,5;1;4;16;22;49,233,minor,0.000908479432718684
235,3,17,-7.651704457916102e-09,7;37;39;75;65;67;45;58,234,minor,0.10209334547342941
236,3,22,206.9772881656993,7;37;39;75;65,235,major,71.53701012345037
237,3,22,193.02271083211733,7;37;39;76;72,236,minor,26.747983608359085
238,3,22,4.814551184809454e-08,6;10;34;41;46,237,minor,0.1272461671617453
239,3,22,-5.445117080350281e-09,7;36;34;41;46,238,minor,0.16704665874493385
240,3,22,4.8145510376650395e-08,6;10;34;42;72,239,minor,0.6597338149846615
241,3,22,-5.445117105144457e-09,7;36;34;42;72,240,minor,0.6995342951991347
242,3,22,8.740822450006646e-07,6;9;13;25;28;46,241,minor,0.008148433697020688
243,3,22,4.814550990623444e-08,6;10;32;28;46,242,minor,0.006747993375267769
244,3,22,-5.445117114018808e-09,7;36;32;28;46,243,minor,0.046548487531116345
245,3,23,399.9999999572996,7;37;39;76,244,major,98.63502162672724
246,3,23,4.8145509806691665e-08,6;10;34;42,245,minor,0.6625887916628947
247,3,23,-5.445117115960936e-09,7;36;34;42,246,minor,0.7023892718164142
248,4,1,2000.0,8;5,247,major,499.99999999826696
249,4,2,-4.244991318218092e-09,9;12;14,248,minor,0.024044785225790427
250,4,2,800.000000004245,8;5;1,249,major,199.9759552129394
251,4,3,800.0,8,250,major,199.9999999986204
252,4,5,2000.0,9,251,major,499.9999999981883
253,4,6,1600.0,9;12,252,major,399.99999995482705
254,4,7,1600.0,9;12;16;20,253,major,399.99999952523916
255,4,8,2800.0,9;12;16,254,major,699.9999995565955
256,4,9,2800.0,9;13,255,major,699.9999999901685
257,4,10,4799.999999947761,9;13;25,256,major,1199.9820330914417
258,4,10,5.2238760575452266e-08,10;32,257,minor,0.017966895899016483
259,4,11,5600.0,10,258,major,1399.9999999939894
260,4,12,2400.000000006716,8;7,259,major,599.9889752379798
261,4,12,-6.71557332781679e-09,10;33,260,minor,0.011024760112631399
262,4,13,2400.000000006716,8;7;37,261,major,599.9999999974697
263,4,13,-6.71557332781679e-09,10;33;37,262,minor,1.797784143775516e-12
264,4,14,2000.0,10;34,263,major,499.99999995994006
265,4,15,5.223876722329061e-08,10;34;41,264,minor,0.14132004671416543
266,4,15,1999.999999926256,9;13;25;28,265,major,499.08947962603423
267,4,15,5.2238760808431014e-08,10;32;28,266,minor,0.02082187268107394
268,4,15,-8.269536650280013e-09,9;12;16;22;49;53;57,267,minor,0.022414480749432725
269,4,15,-5.8330652140113925e-09,10;34;42;72;67,268,minor,0.6745801974653238
270,4,15,-8.29248238278431e-09,9;13;25;29;49;53;57,269,minor,0.026392100288107234
271,4,15,-8.338077161133549e-09,10;32;29;49;53;57,270,minor,0.024991663359873795
272,4,16,2617.4931061998545,9;12;16;22,271,major,799.5806440431012
273,4,16,1.1877709993277202e-07,9;13;25;29,272,minor,0.016086470747909365
274,4,16,3.1959222230515e-08,10;32;29,273,minor,0.0146860331042368
275,4,16,582.5068936494091,9;12;16;20;18;55,274,minor,0.38858295234998597
276,4,17,-7.653504549208617e-09,9;12;16;22;49,275,minor,0.016994949279600186
277,4,17,-7.695497009481879e-09,9;13;25;29;49,276,minor,0.020972568817187565
278,4,17,-7.777778779545452e-09,10;32;29;49,277,minor,0.019572131889607297
279,4,17,-7.653504547371336e-09,9;12;16;20;18;55;49,278,minor,0.02097256882450048
280,4,17,1999.9999999944891,9;13;25;30,279,major,499.71365411480014
281,4,17,5.223876080851148e-08,10;32;30,280,minor,0.01177484704212195
282,4,17,-5.436324050751654e-09,10;34;41;45;58,281,minor,0.14521823626846198
283,4,17,-5.075212565751821e-09,9;13;25;28;45;58,282,minor,0.026120501977261124
284,4,17,-5.43632408954698e-09,10;32;28;45;58,283,minor,0.02472006505517399
285,4,18,399.9999998477351,9;12;16;20;18,284,major,99.90952414525331
286,4,18,8.745896310738464e-08,9;12;16;22;50,285,minor,0.02797352630353314
287,4,18,4.547475520907265e-08,9;13;25;29;50,286,minor,0.03195114532867617
288,4,18,1.9331175426660848e-08,10;32;29;50,287,minor,0.03055070797448406
289,4,19,-7.997866291924036e-09,9;12;16;22;49;53,288,minor,0.02318699800350503
290,4,19,5.223876782716116e-08,10;34;41;45,289,minor,0.14054752921074432
291,4,19,-8.02851838736517e-09,9;13;25;29;49;53,290,minor,0.027164617541752922
292,4,19,-8.089049847377557e-09,10;32;29;49;53,291,minor,0.025764180613914167
293,4,19,799.9999999291678,9;13;25;28;45,292,major,199.65415312711082
294,4,19,-7.997866290583838e-09,9;12;16;20;18;55;49;53,293,minor,0.027164617549090435
295,4,19,5.22387614068835e-08,10;32;28;45,294,minor,0.020049355177652106
296,4,19,3.642623611940472e-09,9;13;25;30;53,295,minor,0.019367332389058564
297,4,19,-6.364379312200835e-09,9;12;16;20;18;56;61,296,minor,0.04463533174075768
298,4,19,1.1898325697348732e-09,10;32;30;53,297,minor,0.01796689544147606
299,4,20,1199.9999997604289,9;12;16;20;18;56,298,major,298.7814133561299
300,4,20,8.74589593176707e-08,9;12;16;22;50;56,299,minor,0.05668157629329679
301,4,20,4.5474755712511456e-08,9;13;25;29;50;56,300,minor,0.06065919471579731
302,4,20,-8.067608427020765e-09,9;12;16;22;49;53;59,301,minor,0.02681449194523855
303,4,20,1.9331175676420956e-08,10;34;41;45;59,302,minor,0.14417502085955758
304,4,20,-8.096177462201086e-09,9;13;25;29;49;53;59,303,minor,0.0307921114836488
305,4,20,1.9331175362279144e-08,10;32;29;50;56,304,minor,0.05925875698633967
306,4,20,4.5474755814294535e-08,9;13;25;28;45;59,305,minor,0.025077286073457106
307,4,20,1.9331805916342515e-08,10;34;42;72;68,306,minor,0.6738076845435282
308,4,20,1.9331807226350545e-08,10;34;41;46;68,307,minor,0.14132004439208168
309,4,21,800.000000006803,8;7;37;39;75,308,major,194.72234238611773
310,4,21,1.112606167895739e-09,10;34;42;73;75,309,minor,2.293057026005581
311,4,21,1.1126064072922111e-09,10;34;41;46;69,310,minor,0.14209256039517693
312,4,21,1.1126062538050234e-09,10;34;42;72;69,311,minor,0.674580195695874
313,4,21,3.528004320309894e-09,9;13;25;28;46;69,312,minor,0.022994826393936962
314,4,21,1.1126061988312351e-09,10;32;28;46;69,313,minor,0.021594389442389506
315,4,21,-6.7155733256139355e-09,10;33;37;39;75,314,minor,0.10957485846621473
316,4,21,1.217667850575412e-09,8;7;37;39;76;72;69,315,minor,1.9146563577053262
317,4,21,-4.198318951223662e-09,9;12;16;20;18;56;62,316,minor,0.055244155993056876
318,4,21,-5.0853254233427755e-09,9;12;16;20;18;56;63;69,317,minor,0.04386281439986972
319,4,22,5.2238767323431726e-08,10;34;41;46,318,minor,0.138465069936061
320,4,22,5.2238762593760255e-08,10;34;42;72,319,minor,0.670952718848781
321,4,22,1599.9999997512537,9;13;25;28;46,320,major,394.80273678242673
322,4,22,5.22387609076768e-08,10;32;28;46,321,minor,0.017966895902970348
323,4,22,5.5684206264568885e-08,8;7;37;39;75;65,322,minor,0.08531561380914432
324,4,22,-4.954031351509208e-10,10;34;42;73;75;65,323,minor,2.2902020485954107
325,4,22,5.568420684167467e-08,8;7;37;39;76;72,324,minor,1.9110289157499891
326,4,22,-2.2810643199556182e-09,9;12;16;20;18;56;63,325,minor,0.04023532033754018
327,4,22,-8.269536650188147e-09,9;12;16;22;49;53;57;46,326,minor,0.01955950403409401
328,4,22,-8.292482382698671e-09,9;13;25;29;49;53;57;46,327,minor,0.023537123572736157
329,4,23,1.1764072187414206e-06,10;34;42,328,minor,0.6738080742694077
330,4,23,1999.9999988303084,8;7;37;39;76,329,major,497.39090349930126
331,4,23,-6.715573327602259e-09,10;33;37;39;76,330,minor,1.935288115613404
332,4,24,800.0000000056029,8;7;37;39,331,major,197.79853352221375
333,4,24,1.1126061679205675e-09,10;34;42;73,332,minor,2.1924741783860653
334,4,24,-6.715573325611765e-09,10;33;37;39,333,minor,0.00899201056491776
335,5,1,800.0000000035942,11;8;5,334,major,199.9999999962209
336,5,1,-3.594191497633448e-09,12;14;3,335,minor,4.323152946739128e-12
337,5,2,400.0,12;14,336,major,99.99999987846022
338,5,3,400.0,11;8,337,major,99.99999999658807
339,5,4,2000.0,11,338,major,499.9999999979957
340,5,6,800.0,12,339,major,199.9999999566528
341,5,7,800.0,12;16;20,340,major,199.99999952706494
342,5,8,2000.0,12;16,341,major,499.9999995584212
343,5,9,3200.0,13,342,major,799.9999999920084
344,5,10,4000.0,13;25,343,major,999.999999989161
345,5,11,2000.0,11;10,344,major,499.9999999919196
346,5,12,800.0000000067155,11;8;7,345,major,199.90617369979276
347,5,12,-6.715573325611388e-09,11;10;33,346,minor,0.09382629627762415
348,5,13,800.0000000067155,11;8;7;37,347,major,199.9171984592827
349,5,13,-6.715573325611388e-09,11;10;33;37,348,minor,0.08280153616679026
350,5,14,400.0000000072165,11;10;34,349,major,99.99671909531743
351,5,14,-7.216467717219718e-09,13;25;27;34,350,minor,0.003280862577216631
352,5,15,800.0000000005007,13;25;28,351,major,199.63995240521888
353,5,15,1.8292431897234543e-08,11;10;34;41,352,minor,0.22412158095979962
354,5,15,-8.269536649725918e-09,12;16;22;49;53;57,353,minor,0.00632801089196397
355,5,15,-8.29248238226769e-09,13;25;29;49;53;57,354,minor,0.010305630430454626
356,5,15,1.8292430452175265e-08,11;10;32;28,355,minor,0.10362340897194372
357,5,15,-8.269536648731776e-09,12;16;20;18;55;49;53;57,356,minor,0.010305630438089249
358,5,15,-8.845333116737566e-09,12;16;22;48;28,357,minor,0.0028549767075878862
359,5,15,-3.4085831159195793e-09,13;25;30;53;57,358,minor,0.0025083453130769415
360,5,16,1499.5483461271149,12;16;22,359,major,499.9999995007782
361,5,16,1.1877709730530718e-07,13;25;29,360,minor,1.6024438720396716e-12
362,5,16,500.4516537541084,12;16;20;18;55,361,minor,2.0949908474676704e-10
363,5,17,-7.653504548183747e-09,12;16;22;49,362,minor,0.0009084794270869945
364,5,17,-7.695497008549732e-09,13;25;29;49,363,minor,0.004886098964336019
365,5,17,-7.653504546346406e-09,12;16;20;18;55;49,364,minor,0.0048860989719871
366,5,17,800.0000000359468,13;25;30,365,major,199.87691160811428
367,5,17,-7.869067803255129e-09,11;10;32;29;49,366,minor,0.10237366810324872
368,5,17,-5.075212561472914e-09,13;25;28;45;58,367,minor,0.010034032145486704
369,5,19,-7.997866290680168e-09,12;16;22;49;53,368,minor,0.007100528148222068
370,5,19,-8.028518386217937e-09,13;25;29;49;53,369,minor,0.011078147686223228
371,5,19,400.0000000048133,13;25;28;45,370,major,99.46278014533671
372,5,19,-7.997866289339897e-09,12;16;20;18;55;49;53,371,minor,0.011078147693807085
373,5,19,3.642623670365496e-09,13;25;30;53,372,minor,0.003280862568805304
374,5,19,-6.364379308026683e-09,12;16;20;18;56;61,373,minor,0.028548861898612776
375,5,19,1.8292432123224627e-08,11;10;34;41;45,374,minor,0.22334906346949113
376,5,19,-8.156946586617516e-09,11;10;32;29;49;53,375,minor,0.1085657168394554
377,5,19,-6.495125566854515e-09,12;16;22;50;56;61,376,minor,0.041367621540460545
378,5,19,1.8292430677316728e-08,11;10;32;28;45,377,minor,0.10285089148163479
379,5,20,399.9999997993963,12;16;20;18;56,378,major,99.85265737738575
380,5,20,8.745896309640095e-08,12;16;22;50;56,379,minor,0.04059510579888914
381,5,20,4.5474755205827775e-08,13;25;29;50;56,380,minor,0.04457272455907858
382,5,20,-8.067608425558853e-09,12;16;22;49;53;59,381,minor,0.010728022089394579
383,5,20,-8.09617746085163e-09,13;25;29;49;53;59,382,minor,0.014705641627574845
384,5,20,4.547475530754902e-08,13;25;28;45;59,383,minor,0.00899081591673824
385,5,20,-8.067608424370776e-09,12;16;20;18;55;49;53;59,384,minor,0.014705641635118158
386,5,20,9.49786132311453e-10,13;25;30;53;59,385,minor,0.006908356492403206
387,5,20,4.547691015054308e-08,13;25;28;46;68,386,minor,0.006135839411903987
388,5,21,8.300690068426183e-09,13;25;28;46;69,387,minor,0.0069083565910915135
389,5,21,400.0000000121448,11;8;7;37;39;75,388,major,96.44544818957945
390,5,21,-3.467717636934333e-09,12;16;20;18;56;62,389,minor,0.03915768615402959
391,5,21,1.1126062004141015e-09,11;10;34;42;73;75,390,minor,2.3758585619386055
392,5,21,-4.570949937686247e-09,12;16;20;18;56;63;69,391,minor,0.02777634456086958
393,5,21,1.112606439869204e-09,11;10;34;41;46;69,392,minor,0.22489409632820256
394,5,21,1.1126062863438203e-09,11;10;34;42;72;69,393,minor,0.7573817316288992
395,5,21,-8.419028957595357e-09,12;16;22;49;53;57;46;69,394,minor,0.0071005281888469815
396,5,21,-8.438203396949879e-09,13;25;29;49;53;57;46;69,395,minor,0.011078147727621862
397,5,21,1.112606231356506e-09,11;10;32;28;46;69,396,minor,0.10439592537541481
398,5,22,799.9999999516186,13;25;28;46,397,major,196.3117147309619
399,5,22,1.8292431897072492e-08,11;10;34;41;46,398,minor,0.22126660423015332
400,5,22,-2.2810643105607784e-09,12;16;20;18;56;63,399,minor,0.02414885052823816
401,5,22,1.829243083372692e-08,11;10;34;42;72,400,minor,0.7537542441048726
402,5,22,-8.269536649726514e-09,12;16;22;49;53;57;46,401,minor,0.0034730341766256168
403,5,22,-8.292482382268282e-09,13;25;29;49;53;57;46,402,minor,0.007450653715083189
404,5,22,1.8983538703248256e-08,11;8;7;37;39;75;65,403,minor,0.16811714891647167
405,5,22,1.829243045201353e-08,11;10;32;28;46,404,minor,0.10076843224229762
406,5,22,-4.6691740797983084e-09,12;16;20;18;56;62;65,405,minor,0.03630270946906654
407,5,22,-1.96724130532566e-09,11;10;34;42;73;75;65,406,minor,2.373003586249222
408,5,23,1.1763981948063757e-06,11;10;34;42,407,minor,0.7566096588571067
409,5,23,399.9999988806344,11;8;7;37;39;76,408,major,92.65303678791155
410,5,23,-7.222982496779158e-09,13;25;27;34;42,409,minor,0.7056701350139954
411,5,23,-7.222982498250672e-09,13;25;28;46;70,410,minor,0.07002379704755243
412,5,23,-6.715573322455846e-09,11;10;33;37;39;76,411,minor,2.018089651778397
413,5,23,-7.2229824978607205e-09,13;25;28;44;42,412,minor,0.7085251114835717
414,5,23,-7.471195015604445e-09,11;10;34;41;46;70,413,minor,0.28800953751122516
415,5,23,-5.445117116235771e-09,11;8;7;36;34;42,414,minor,0.7759387612793016
416,5,23,-7.957725314170197e-09,12;16;20;18;56;63;70,415,minor,0.09089178509127638
417,5,23,-7.774036423268537e-09,13;25;28;46;69;66;76,416,minor,1.933204462624764
418,6,1,1199.99999965158,14;3,417,major,299.9370265291108
419,6,1,3.484199864025899e-07,15;11;8;5,418,minor,0.06297339264000812
420,6,2,1600.0,14,419,major,399.9999999218308
421,6,3,38.41985765735788,15;11;8,420,minor,0.4411832258296067
422,6,3,1161.580142342642,14;3;2,421,major,299.55881669567526
423,6,4,1600.0,15;11,422,major,399.99999995448024
424,6,5,800.0,15,423,major,199.99999995649858
425,6,7,1600.0,16;20,424,major,399.9999995704308
426,6,8,3200.0,16,425,major,799.9999996017918
427,6,9,1600.0000000067778,15;13,426,major,399.9999999484777
428,6,9,-6.777843953425582e-09,16;21,427,minor,1.160446738701637e-12
429,6,10,-8.585877474510051e-09,16;22;48,428,minor,0.003828114384373943
430,6,10,3200.0000000239493,15;13;25,429,major,799.9848989666784
431,6,10,-8.585877473851107e-09,16;20;18;55;48,430,minor,0.007805733931128947
432,6,10,-6.777843954232976e-09,16;21;25,431,minor,0.0034671306511704636
433,6,11,1600.0000000162786,15;11;10,432,major,399.93468634097997
434,6,11,-9.062272654817571e-09,16;22;48;27,433,minor,0.03457086092927211
435,6,11,-7.216467720739815e-09,15;13;25;27,434,minor,0.03074274651558792
436,6,12,31.68646733941761,15;11;8;7,435,minor,0.3952944128835929
437,6,12,-6.715573254169128e-09,15;11;10;33,436,minor,0.090545433704806
438,6,12,768.313532667298,14;3;2;7,437,major,199.5141600743885
439,6,13,27.32553483621236,15;11;8;7;37,438,minor,0.30930560413370056
440,6,13,-6.715573254171888e-09,15;11;10;33;37,439,minor,0.07952067359397236
441,6,13,772.6744651980292,14;3;2;7;37,440,major,199.48691195356392
442,6,13,-9.115931152415117e-09,16;20;18;56;62;66;74,441,minor,0.05161666210750529
443,6,13,-9.270538993620692e-09,16;22;48;27;33;37,442,minor,0.032409706490246354
444,6,13,-9.139594036336045e-09,16;20;18;56;63;69;66;74,443,minor,0.04023532046735698
445,6,14,400.0000000726718,15;11;10;34,444,major,99.85266504341244
446,6,14,-8.715044920536097e-09,16;22;49;53;57;44,445,minor,0.010156125045901368
447,6,14,-9.062272654415208e-09,16;22;48;27;34,446,minor,0.0038281143888890534
448,6,14,-7.216467717221022e-09,15;13;25;27;34,447,minor,3.5773606299471794e-12
449,6,14,-8.715044919989413e-09,16;20;18;55;49;53;57;44,448,minor,0.014133744592913805
450,6,14,-9.062272654543844e-09,16;22;48;28;44,449,minor,0.006683090861089716
451,6,14,-7.216467718345888e-09,15;13;25;28;44,450,minor,0.002854976473144477
452,6,14,-8.194379971808797e-09,16;20;18;56;61;57;44,451,minor,0.031604458819073034
453,6,14,-9.062272654126546e-09,16;20;18;55;48;27;34,452,minor,0.00780573393659148
454,6,14,-5.427564283068585e-09,15;11;8;7;36;34,453,minor,0.07026862689556002
455,6,15,-7.613260135175004e-09,16;22;49;53;57,454,minor,0.010156125284924988
456,6,15,-7.6132601332629e-09,16;20;18;55;49;53;57,455,minor,0.01413374482974547
457,6,15,-8.585877474050905e-09,16;22;48;28,456,minor,0.006683091104116745
458,6,15,800.0000000357226,15;13;25;28,457,major,199.62357131103255
459,6,15,-4.860477882044884e-09,16;20;18;56;61;57,458,minor,0.031604459011007835
460,6,15,-4.86047721762995e-09,16;20;18;56;63;67,459,minor,0.03160445913194432
461,6,15,-8.585877473391941e-09,16;20;18;55;48;28,460,minor,0.010660710650871097
462,6,15,-6.777843951812275e-09,16;21;25;28,461,minor,0.006322107368331553
463,6,15,-5.117934793911481e-09,16;22;50;56;61;57,462,minor,0.044423218646231416
464,6,15,1.8292431897271654e-08,15;11;10;34;41,463,minor,0.22084071836799102
465,6,16,3002.148019566724,16;22,464,major,899.9063200254856
466,6,16,597.8519804332765,16;20;18;55,465,minor,0.09367951890548254
467,6,17,1502.6589637036031,16;22;49,466,major,499.8054673204072
468,6,17,497.3410362963968,16;20;18;55;49,467,minor,0.19453220667430582
469,6,18,399.99999991254106,16;20;18,468,major,99.98428439967122
470,6,18,8.745896311683287e-08,16;22;50,469,minor,0.015715170356991492
471,6,19,-5.543889337717642e-09,16;22;49;53,470,minor,0.010928642530585841
472,6,19,-5.543889331219708e-09,16;20;18;55;49;53,471,minor,0.014906262071290505
473,6,19,800.0000000110878,16;20;18;56;61,472,major,199.9741646409162
474,6,20,1199.9999999206086,16;20;18;56,473,major,299.9410202114223
475,6,20,8.745895932050551e-08,16;22;50;56,474,minor,0.044423220346755526
476,6,20,-8.067608427019667e-09,16;22;49;53;59,475,minor,0.014556136485301296
477,6,21,399.9999999104521,16;20;18;56;62,476,major,99.79075565403988
478,6,21,2.2145623507958542e-08,16;20;18;56;63;69,477,minor,0.03160445922780224
479,6,21,-7.914219364851992e-09,16;22;49;53;57;46;69,478,minor,0.010928642582667764
480,6,21,8.745896310767537e-08,16;22;50;56;62,479,minor,0.05580456250525703
481,6,21,-8.067608425554432e-09,16;22;49;53;59;62,480,minor,0.025937478192013197
482,6,21,1.4172594148410244e-08,16;22;50;56;63;69,481,minor,0.04442321879100063
483,6,21,-7.91421936343648e-09,16;20;18;55;49;53;57;46;69,482,minor,0.01490626212808668
484,6,21,-8.697250944667555e-09,16;22;48;28;46;69,483,minor,0.007455608401005842
485,6,21,-8.177184564364841e-09,16;22;49;53;59;63;69,484,minor,0.014556136558151855
486,6,21,6.54116347531152e-09,15;13;25;28;46;69,485,minor,0.0036274940124821284
487,6,22,799.9999999143763,16;20;18;56;63,486,major,199.8040372715303
488,6,22,-7.769492024459088e-09,16;22;49;53;57;46,487,minor,0.007301148571093874
489,6,22,7.230490671067487e-09,16;20;18;56;62;65,488,minor,0.040130823909862376
490,6,22,8.745896026741615e-08,16;22;50;56;63,489,minor,0.04079572626348846
491,6,22,-7.7694920228182e-09,16;20;18;55;49;53;57;46,490,minor,0.011278768116224497
492,6,22,-8.067608426652961e-09,16;22;49;53;59;63,491,minor,0.010928642546030154
493,6,22,-8.642225101077882e-09,16;22;48;28;46,492,minor,0.0038281143884341118
494,6,22,2.4075258544740697e-08,15;13;25;28;46,493,minor,3.926060865300229e-12
495,6,22,-5.5340679409219635e-09,16;20;18;56;61;57;46,494,minor,0.028749482310218483
496,6,22,4.64184961618148e-09,16;22;50;56;62;65,495,minor,0.05294958348602369
497,6,23,1.1763981949665869e-06,15;11;10;34;42,496,minor,0.7533287943655059
498,6,23,-6.976584442450403e-09,16;20;18;56;63;70,497,minor,0.09471989944050635
499,6,23,-8.716434971586869e-09,16;22;49;53;57;46;70,498,minor,0.07404408309436586
500,6,23,-7.427906861166276e-09,16;20;18;56;62;66;76,499,minor,1.9692819063283669
501,6,23,399.9999988862695,15;11;8;7;37;39;76,500,major,94.14574487838371
502,6,23,-7.618462695134798e-09,16;20;18;56;63;69;66;76,501,minor,1.957900564883892
503,6,23,-7.067556036399532e-09,16;22;50;56;63;70,502,minor,0.10753865908846504
504,6,23,-8.716434971500517e-09,16;22;49;53;57;44;42,503,minor,0.712545398007169
505,6,23,-7.427906855925068e-09,16;20;18;56;62;65;70,504,minor,0.1068737583906387
506,6,23,-8.716434971049621e-09,16;20;18;55;49;53;57;46;70,505,minor,0.07802170264137938
507,6,24,-7.427906861075073e-09,16;20;18;56;62;66,506,minor,0.042985800593797516
508,6,24,400.0000000633146,15;11;8;7;37;39,507,major,94.31022366230673
509,6,24,-7.618462695056639e-09,16;20;18;56;63;69;66,508,minor,0.03160445896579017
510,6,24,-8.848225109206581e-09,16;22;49;53;57;46;69;66,509,minor,0.010928642555320112
511,6,24,1.1126062004882963e-09,15;11;10;34;42;73,510,minor,2.2719948517554642
512,6,24,-7.61846269463657e-09,16;20;18;56;63;70;73,511,minor,1.6133864044888238
513,6,24,-7.494042956620516e-09,16;22;50;56;62;66,512,minor,0.05580456024160274
514,6,24,-8.848225109107138e-09,16;22;49;53;57;46;70;73,513,minor,1.5927105890509612
515,6,24,-8.896590526987598e-09,16;22;49;53;59;62;66,514,minor,0.025937478170313666
516,6,24,-7.67527050585834e-09,16;22;50;56;63;69;66,515,minor,0.04442321861423354
517,7,1,1999.9999995894905,17;19;14;3,516,major,499.92094092835634
518,7,1,3.484199744608865e-07,17;19;15;11;8;5,517,minor,0.0675691824275017
519,7,1,6.208947292473735e-08,18;55;47;19;14;3,518,minor,0.01148937767129575
520,7,2,800.0,17;19;14,519,major,199.99999948851166
521,7,3,25.8475699511712,17;19;15;11;8,520,minor,0.38790728031421073
522,7,3,374.15242998673926,17;19;14;3;2,521,major,99.53416231582916
523,7,3,6.208950994475531e-08,18;55;47;19;15;11;8,522,minor,0.0779298920499818
524,7,4,1600.0,17;19;15;11,523,major,399.9999995211705
525,7,5,800.0,17;19;15,524,major,199.99999952318876
526,7,6,1600.0,17;19,525,major,399.99999956670894
527,7,8,4000.0,17,526,major,999.9999999683605
528,7,9,-7.573263776881433e-09,18;55;48;26,527,minor,0.0004813681994919605
529,7,9,2400.00000003206,17;21,528,major,599.9983899407915
530,7,9,-8.487392326659912e-09,17;19;15;13,529,minor,0.0011286583533653693
531,7,9,-8.261653882158348e-09,17;22;48;26,530,minor,3.614858412603894e-12
532,7,9,-7.736841961231078e-09,18;55;49;51;26,531,minor,8.039124921310759e-13
533,7,10,7600.000000003872,18;55;48,532,major,1899.996719129341
534,7,10,-3.871923112426149e-09,17;22;48,533,minor,0.0032808626986520206
535,7,11,-5.7195036921026386e-09,18;55;48;27,534,minor,0.034504977389717584
536,7,11,-7.479845700639474e-09,17;22;48;27,535,minor,0.03402360922423288
537,7,11,-6.6871423493391105e-09,17;19;15;11;10,536,minor,0.08627761703490486
538,7,11,-6.2035231395132125e-09,18;55;49;51;27,537,minor,0.034023609199709495
539,7,11,2000.0000000339771,17;21;25;27,538,major,499.7086115652798
540,7,11,-7.887233292161047e-09,18;55;49;53;57;44;40,539,minor,0.10255858082088243
541,7,12,41.56333618358566,17;19;15;11;8;7,540,minor,0.48106417355619113
542,7,12,-5.766849857205293e-09,18;55;48;27;33,541,minor,0.04336858305729832
543,7,12,5.1970397237041145e-06,18;56;62;66;74;38,542,minor,0.038942398612601764
544,7,12,-7.496332308331212e-09,17;22;48;27;33,543,minor,0.042887214898942
545,7,12,-6.715573256684624e-09,17;19;15;11;10;33,544,minor,0.09514122270709957
546,7,12,2.194092946928397e-08,18;56;63;69;66;74;38,545,minor,0.027560956134006692
547,7,12,2758.436658539623,17;19;14;3;2;7,546,major,697.5420023827571
548,7,12,2.1940929605719168e-08,18;56;63;70;73;74;38,547,minor,1.6093429129845502
549,7,12,-6.240813921074677e-09,18;55;49;51;27;33,548,minor,0.04288721486920888
550,7,12,6.208950689510763e-08,18;55;47;19;15;11;8;7,549,minor,0.07680242875222265
551,7,13,1599.9999997148716,18;56;62;66;74,550,major,394.9310542566265
552,7,13,2.214562313343212e-08,18;56;63;69;66;74,551,minor,0.03619181767297082
553,7,13,2.214562319516229e-08,18;56;63;70;73;74,552,minor,1.6179737746854046
554,7,13,2.7487387399271297e-07,17;19;15;11;8;7;37,553,minor,0.06271220097010533
555,7,13,-5.828841868169845e-09,18;55;48;27;33;37,554,minor,0.03234382295269683
556,7,13,1.2176678306870784e-09,18;56;62;65;70;73;74,555,minor,1.630127616645982
557,7,13,-7.91421936540245e-09,18;55;49;53;57;46;69;66;74,556,minor,0.019493620540612905
558,7,13,-6.078829017530221e-09,18;56;61;57;46;69;66;74,557,minor,0.036964334734082865
559,7,13,-7.914219365077183e-09,18;55;49;53;57;46;70;73;74,558,minor,1.601275566297557
560,7,13,-7.518147931193782e-09,17;22;48;27;33;37,559,minor,0.031862454784152526
561,7,14,-5.543889331061525e-09,18;55;49;53;57;44,560,minor,0.010090241548030787
562,7,14,777.3106546656647,18;56;61;57;44,561,major,197.81536939752448
563,7,14,-8.049091422781291e-09,18;55;48;27;34,562,minor,0.003762230905099806
564,7,14,10.743494777048255,18;56;63;67;44,563,minor,0.09444804092962245
565,7,14,11.945850595917175,18;56;63;70;71,564,minor,0.09916526395155079
566,7,14,-7.419982530901309e-09,17;22;49;53;57;44,565,minor,0.009608873361655765
567,7,14,-8.049091423329803e-09,18;55;48;28;44,566,minor,0.006617207375854389
568,7,14,7.230497814989739e-09,18;56;62;66;76;71,567,minor,1.9021229627244627
569,7,14,-8.278290613381641e-09,17;19;15;11;10;34,568,minor,0.05553487057521267
570,7,14,-8.52019565906841e-09,17;22;48;27;34,569,minor,0.003280862709880532
571,7,15,-5.543889334830901e-09,18;55;49;53;57,570,minor,0.01009024179264846
572,7,15,1989.167459343508,18;56;61;57,571,major,499.83302755019906
573,7,15,10.83254067879476,18;56;63;67,572,minor,0.09480544510508437
574,7,15,-7.419982532156758e-09,17;22;49;53;57,573,minor,0.00960887360627316
575,7,15,-8.049091424044131e-09,18;55;48;28,574,minor,0.006617207620472743
576,7,15,7.230498491245968e-09,18;56;62;65;67,575,minor,0.03971481507107173
577,7,15,-8.520195659794262e-09,17;22;48;28,576,minor,0.00613583942592566
578,7,16,5600.0,18;55,577,major,1399.9999999995166
579,7,17,4000.000000003872,18;55;49,578,major,999.9958106400359
580,7,17,-3.871923111360595e-09,17;22;49,579,minor,0.004189342136545426
581,7,18,800.0,18,580,major,199.99999999961577
582,7,19,-5.543889334239063e-09,18;55;49;53,581,minor,0.010862759048817908
583,7,19,1600.000000012964,18;56;61,582,major,399.9787558252018
584,7,19,-7.419982531959617e-09,17;22;49;53,583,minor,0.010381390863166917
585,7,20,2000.0,18;56,584,major,499.9999999978326
586,7,21,799.9999999918474,18;56;62,585,major,199.93324275740997
587,7,21,2.2145623259501332e-08,18;56;63;69,586,minor,0.027560956171765377
588,7,21,-7.914219364743757e-09,18;55;49;53;57;46;69,587,minor,0.01086275910082228
589,7,21,-6.0788290152135185e-09,18;56;61;57;46;69,588,minor,0.028333473302212198
590,7,22,2000.0000000060727,18;56;63,589,major,499.9319714254252
591,7,22,7.230490611078549e-09,18;56;62;65,590,minor,0.03608732088397981
592,7,22,-7.769492023731017e-09,18;55;49;53;57;46,591,minor,0.007235265089252332
593,7,22,-5.5340679446111634e-09,18;56;61;57;46,592,minor,0.02470597928776591
594,7,23,800.0000000304689,18;56;63;70,593,major,194.24291357135309
595,7,23,7.230490411055689e-09,18;56;62;66;76,594,minor,1.965238403108099
596,7,23,1.2176677406498054e-09,18;56;63;69;66;76,595,minor,1.953857055604106
597,7,23,7.230490671169025e-09,18;56;62;65;70,596,minor,0.10283025535420687
598,7,23,-7.769492022816493e-09,18;55;49;53;57;46;70,597,minor,0.07397819957746615
599,7,23,-5.534067940915174e-09,18;56;61;57;46;70,598,minor,0.09144891370138059
600,7,23,-7.769492022552669e-09,18;55;49;53;57;44;42,599,minor,0.7124795141879584
601,7,23,-8.364708309024055e-09,17;22;49;53;57;46;70,600,minor,0.07349683140341545
602,7,23,-8.642225100111219e-09,18;55;48;27;34;42,601,minor,0.7061515038414135
603,7,23,-8.067608425463654e-09,18;55;49;53;59;63;70,602,minor,0.0776056935623422
604,7,24,399.9999999905448,18;56;62;66,603,major,93.47377121447167
605,7,24,2.2145623509039988e-08,18;56;63;69;66,604,minor,0.027560956139314412
606,7,24,2.21456235707348e-08,18;56;63;70;73,605,minor,1.609342913151749
607,7,24,-7.914219363431862e-09,18;55;49;53;57;46;69;66,606,minor,0.01086275906837142
608,7,24,1.2176678880712312e-09,18;56;62;65;70;73,607,minor,1.6214967552026387
609,7,24,-6.07882901059924e-09,18;56;61;57;46;69;66,608,minor,0.028333473269761503
610,7,24,-7.914219363106594e-09,18;55;49;53;57;46;70;73,609,minor,1.5926447048253163
611,7,24,-8.067608424362419e-09,18;55;49;53;59;62;66,610,minor,0.02587159467771144
612,7,24,-6.0788290094552835e-09,18;56;61;57;46;70;73,611,minor,1.6101154175751131
613,8,1,3199.99999965158,19;14;3,612,major,799.9324303377251
614,8,1,3.484199677500113e-07,19;15;11;8;5,613,minor,0.06756918242702381
615,8,2,1600.0,19;14,614,major,399.9999995202073
616,8,3,32.91109762284389,19;15;11;8,615,minor,0.43595971785225185
617,8,3,767.0889023771562,19;14;3;2,616,major,199.5640398020233
618,8,4,2800.0,19;15;11,617,major,699.9999995528708
619,8,5,2000.0,19;15,618,major,499.99999955488914
620,8,6,3200.0,19,619,major,799.999999598414
621,8,7,4000.0,20,620,major,999.9999999687045
622,8,9,3200.00000002501,21,621,major,799.9948937211403
623,8,9,-8.487392326715783e-09,19;15;13,622,minor,0.001128658352886891
624,8,9,-8.261653882234502e-09,22;48;26,623,minor,3.137157200683305e-12
625,8,9,-8.26165388125143e-09,20;18;55;48;26,624,minor,0.003977619549246511
626,8,10,-7.479845701168002e-09,22;48,625,minor,0.0032808627040922245
627,8,10,-7.479845699100415e-09,20;18;55;48,626,minor,0.00725848224864753
628,8,10,6400.00000001496,21;25,627,major,1599.989460651275
629,8,11,-7.479845700927756e-09,22;48;27,628,minor,0.03402360922375475
630,8,11,-6.6871423498022315e-09,19;15;11;10,629,minor,0.0862776170344266
631,8,11,-7.479845698860149e-09,20;18;55;48;27,630,minor,0.0380012287683099
632,8,11,3200.0000000462187,21;25;27,631,major,799.6707395464148
633,8,11,-8.487392326715793e-09,19;15;13;25;27,632,minor,0.0353385355410098
634,8,11,-7.655803708331335e-09,22;49;51;27,633,minor,0.03354224102804046
635,8,11,-8.428899095276036e-09,22;49;53;57;44;40,634,minor,0.10207721265209602
636,8,12,43.799116735958016,19;15;11;8;7,635,minor,0.4935372192844225
637,8,12,-7.496332308227034e-09,22;48;27;33,636,minor,0.04288721489846428
638,8,12,-6.715573256513365e-09,19;15;11;10;33,637,minor,0.09514122270662173
639,8,12,2356.200882912961,19;14;3;2;7,638,major,599.2790427891845
640,8,12,-7.496332306055162e-09,20;18;55;48;27;33,639,minor,0.046864834443051284
641,8,12,3.7278923169606e-07,21;25;27;33,640,minor,0.042526238935856
642,8,13,35.862407801735785,19;15;11;8;7;37,641,minor,0.3807534377357804
643,8,13,-3.737178802812652e-09,20;18;56;62;66;74,642,minor,0.05106941029154824
644,8,13,-6.715573256512498e-09,19;15;11;10;33;37,643,minor,0.08411646259578787
645,8,13,-7.49633230822661e-09,22;48;27;33;37,644,minor,0.03186245478332672
646,8,13,-4.758384857741785e-09,20;18;56;63;69;66;74,645,minor,0.0396880687017978
647,8,13,2364.137592246716,19;14;3;2;7;37,646,major,596.1073450529723
648,8,13,-8.435322314593019e-09,22;49;53;57;46;69;66;74,647,minor,0.019012252349128678
649,8,13,-4.758384855438464e-09,20;18;56;63;70;73;74,648,minor,1.621470011962821
650,8,13,-4.1153340242657615e-09,22;50;56;62;66;74,649,minor,0.06388816992593338
651,8,13,-8.435322314401561e-09,22;49;53;57;46;70;73;74,650,minor,1.6007941985182093
652,8,14,-5.543889340697001e-09,22;49;53;57;44,651,minor,0.0096088733521639
653,8,14,-7.605563427512343e-09,19;15;11;10;34,652,minor,0.05553487055605466
654,8,14,-8.049091424607181e-09,22;48;27;34,653,minor,0.0032808627086297892
655,8,14,-5.543889334199742e-09,20;18;55;49;53;57;44,654,minor,0.013586492892868174
656,8,14,-8.049091425155642e-09,22;48;28;44,655,minor,0.006135839179384706
657,8,14,1577.0985941389051,20;18;56;61;57;44,656,major,399.6825697902651
658,8,14,-8.049091423376019e-09,20;18;55;48;27;34,657,minor,0.007258482254317217
659,8,14,-1.3629730968101402e-09,21;25;27;34,658,minor,0.002919878968895978
660,8,14,10.824660764149426,20;18;56;63;67;44,659,minor,0.10679643205542133
661,8,14,12.076745141148727,20;18;56;63;70;71,660,minor,0.11230839748937793
662,8,15,-5.54388934173586e-09,22;49;53;57,661,minor,0.009608873596781448
663,8,15,-5.5438893352371324e-09,20;18;55;49;53;57,662,minor,0.013586493137486236
664,8,15,-8.049091425352226e-09,22;48;28,663,minor,0.0061358394240023095
665,8,15,2389.151312425054,20;18;56;61;57,664,major,599.8536503972783
666,8,15,10.848687602131436,20;18;56;63;67,665,minor,0.10690487907078333
667,8,15,-8.04909142412111e-09,20;18;55;48;28,666,minor,0.010113458969688682
668,8,16,8800.0,22,667,major,2199.9999999426786
669,8,17,4951.421130424114,22;49,668,major,1399.7918499033262
670,8,17,648.5788695758858,20;18;55;49,669,minor,0.20815002204526412
671,8,18,1200.0,20;18,670,major,299.9999999682782
672,8,19,-5.543889342034691e-09,22;49;53,671,minor,0.010381390852951006
673,8,19,-5.543889335533157e-09,20;18;55;49;53,672,minor,0.014359010393655572
674,8,19,2800.000000011088,20;18;56;61,673,major,699.9752595425401
675,8,20,3599.999999920609,20;18;56,674,major,899.9421151130741
676,8,20,8.745895805510395e-08,22;50;56,675,minor,0.04387596864670608
677,8,20,-8.067608427510061e-09,22;49;53;59,676,minor,0.014008884806975846
678,8,21,1599.9999999230722,20;18;56;62,677,major,399.7669318351256
679,8,21,2.2145623134309333e-08,20;18;56;63;69,678,minor,0.031057207545624133
680,8,21,-7.914219366817207e-09,22;49;53;57;46;69,679,minor,0.010381390904383954
681,8,21,8.74589588455248e-08,22;50;56;62,680,minor,0.05525731080520789
682,8,21,-8.067608427203691e-09,22;49;53;59;62,681,minor,0.025390226513687553
683,8,21,1.4172593924312696e-08,22;50;56;63;69,682,minor,0.0438759671110047
684,8,21,-7.914219365401769e-09,20;18;55;49;53;57;46;69,683,minor,0.014359010449802631
685,8,21,-8.69725094542998e-09,22;48;28;46;69,684,minor,0.0069083567225081965
686,8,21,-8.177184565817344e-09,22;49;53;59;63;69,685,minor,0.014008884879796318
687,8,21,-6.078829017527904e-09,20;18;56;61;57;46;69,686,minor,0.03182972464798517
688,8,22,1999.999999947094,20;18;56;63,687,major,499.80115720098405
689,8,22,-7.769492025372137e-09,22;49;53;57;46,688,minor,0.006753896892849956
690,8,22,7.230490611061344e-09,20;18;56;62;65,689,minor,0.03958357223176599
691,8,22,8.745895856107823e-08,22;50;56;63,690,minor,0.04024847456343948
692,8,22,-7.769492023731295e-09,20;18;55;49;53;57;46,691,minor,0.01073151643798053
693,8,22,-8.067608427313918e-09,22;49;53;59;63,692,minor,0.01038139086770462
694,8,22,-8.642225101412503e-09,22;48;28;46,693,minor,0.0032808627099516485
695,8,22,-5.5340679446122876e-09,20;18;56;61;57;46,694,minor,0.0282022306325867
696,8,22,4.641849573582579e-09,22;50;56;62;65,695,minor,0.05240233180863563
697,8,22,-8.642225100811126e-09,20;18;55;48;28;46,696,minor,0.007258482256818383
698,8,23,1199.9999999366796,20;18;56;63;70,697,major,294.16257613346244
699,8,23,-7.769492024966011e-09,22;49;53;57;46;70,698,minor,0.0734968313810633
700,8,23,7.230490377661256e-09,20;18;56;62;66;76,699,minor,1.9687346544558855
701,8,23,1.2176677278820543e-09,20;18;56;63;69;66;76,700,minor,1.957353306941381
702,8,23,8.745895931986072e-08,22;50;56;63;70,701,minor,0.10699141171100789
703,8,23,-7.769492024702187e-09,22;49;53;57;44;42,702,minor,0.711998145991556
704,8,23,7.230490637749234e-09,20;18;56;62;65;70,703,minor,0.10632650670199273
705,8,23,-7.769492023325143e-09,20;18;55;49;53;57;46;70,704,minor,0.07747445092619473
706,8,23,-8.441280404118561e-09,19;15;11;10;34;42,705,minor,0.7579241434438879
707,8,23,-8.067608427019898e-09,22;49;53;59;63;70,706,minor,0.07712432536586758
708,8,24,799.9999998846697,20;18;56;62;66,707,major,194.9896831357294
709,8,24,2.2145623258740482e-08,20;18;56;63;69;66,708,minor,0.031057207513174027
710,8,24,-7.914219366161359e-09,22;49;53;57;46;69;66,709,minor,0.01038139087193296
711,8,24,2.2145623320291296e-08,20;18;56;63;70;73,710,minor,1.6128391645256082
712,8,24,8.745896026663307e-08,22;50;56;62;66,711,minor,0.055257310772757084
713,8,24,-7.914219365836118e-09,22;49;53;57;46;70;73,712,minor,1.5921633366288779
714,8,24,-8.067608426653266e-09,22;49;53;59;62;66,713,minor,0.025390226481237288
715,8,24,1.4172593999097182e-08,22;50;56;63;69;66,714,minor,0.043875967078553846
716,8,24,-7.914219364745874e-09,20;18;55;49;53;57;46;69;66,715,minor,0.014359010417352297
717,8,24,1.2176678498044003e-09,20;18;56;62;65;70;73,716,minor,1.6249930065399136
718,9,1,2000.000000015375,23;11;8;5,717,major,499.9484924981142
719,9,1,-3.5941915049894662e-09,23;12;14;3,718,minor,0.0032808627299737575
720,9,1,-4.3964506351295366e-09,25;27;31;8;5,719,minor,0.004856978321508665
721,9,1,-7.3843219406175105e-09,25;27;33;35;5,720,minor,0.04336964608018323
722,9,2,-3.52682510868059e-09,23;12;14,721,minor,0.011239178123374438
723,9,2,-7.835781438760782e-09,24;19;14,722,minor,0.015067292512786823
724,9,2,-9.025406045909631e-09,25;29;47;19;14,723,minor,0.019849349483193696
725,9,2,800.000000020388,23;11;8;5;1,724,major,199.95384416500957
726,9,3,400.0,23;11;8,725,major,99.99999998557615
727,9,4,2800.0,23;11,726,major,699.9999999869932
728,9,5,3200.0,23,727,major,799.9999999890255
729,9,6,1600.000000006749,23;12,728,major,399.9967190829507
730,9,6,-6.748779934982359e-09,24;19,729,minor,0.003280862700560022
731,9,7,-7.505142315246445e-09,25;29;50;54,730,minor,0.0034671306593619805
732,9,7,2400.0000000319324,24;20,731,major,599.9860732036678
733,9,7,-8.493713481906049e-09,23;12;16;20,732,minor,0.003496251365402013
734,9,7,-8.226974868734742e-09,25;29;47;20,733,minor,0.006963382006759708
735,9,7,-7.706777030292448e-09,25;30;52;50;54,734,minor,9.839837278313723e-13
736,9,8,3200.000000024948,24,735,major,799.9930657377158
737,9,8,-8.493713481963882e-09,23;12;16,736,minor,1.540756411344546e-11
738,9,8,-8.226974868811289e-09,25;29;47,737,minor,0.0034671306572316846
739,9,8,-8.226974867804713e-09,25;29;50;54;17,738,minor,0.003467130661091722
740,9,10,11200.0,25,739,major,2799.9999999972742
741,9,11,5600.0,25;27,740,major,1399.9999999915801
742,9,12,-7.361657241226774e-09,25;27;33,741,minor,0.04307348284270013
743,9,12,2400.000000014077,23;11;8;7,742,major,599.8598193432429
744,9,12,-6.7155733278168035e-09,23;11;10;33,743,minor,0.09710715900839512
745,9,13,-7.361657241226794e-09,25;27;33;37,744,minor,0.0320487227283045
746,9,13,2400.0000000540635,23;11;8;7;37,745,major,593.7994734272609
747,9,13,-8.897332602623093e-09,25;28;46;69;66;74,746,minor,0.015725486114499476
748,9,13,-8.897332602291031e-09,25;27;34;42;73;74,747,minor,2.2331537711475695
749,9,13,-6.7155733278168375e-09,23;11;10;33;37,748,minor,0.08608239889756097
750,9,13,-8.897332602531831e-09,25;28;46;70;73;74,749,minor,1.5975074326489804
751,9,13,-8.897332602467991e-09,25;28;44;42;73;74,750,minor,2.236008747619535
752,9,13,-4.396450635764401e-09,25;27;31;8;7;37,751,minor,5.687672555154677e-12
753,9,14,3.412256767940776e-09,25;27;34,752,minor,0.003467130647779204
754,9,14,3.41225674160398e-09,25;28;44,753,minor,0.006322107111915054
755,9,14,2399.999999993176,23;11;10;34,754,major,599.9902107091488
756,9,15,3600.0,25;28,755,major,899.9999999968871
757,9,16,5600.0,25;29,756,major,1399.9999999915954
758,9,17,-7.695497009757919e-09,25;29;49,757,minor,0.005072367041537809
759,9,17,3600.000000007696,25;30,758,major,899.9949276267101
760,9,18,-7.48246248504743e-09,25;29;50,759,minor,0.016050942947771436
761,9,18,800.0000000074825,24;20;18,760,major,199.9839490243406
762,9,19,-8.028518387938017e-09,25;29;49;53,761,minor,0.011264415763456104
763,9,19,1600.000000004386,25;28;45,762,major,399.9852684481427
764,9,19,3.642623582769372e-09,25;30;53,763,minor,0.003467130645629507
765,9,20,-7.48246248626911e-09,25;29;50;56,764,minor,0.04475899178955062
766,9,20,-8.894351132283057e-09,25;29;49;53;59,765,minor,0.014891909710756851
767,9,20,-7.482462486530777e-09,25;28;45;59,766,minor,0.009177083823129206
768,9,20,-7.87466125005978e-09,25;30;53;59,767,minor,0.007094624593540988
769,9,20,-7.482457478707219e-09,25;28;46;68,768,minor,0.006322107372522062
770,9,20,2400.0000000714217,24;20;18;56,769,major,599.8045597346695
771,9,20,-7.687629100642972e-09,25;30;52;50;56,770,minor,0.04129186113544731
772,9,20,-7.796640488170192e-09,25;28;46;69;64,771,minor,0.006322107281882788
773,9,20,-8.493713481906052e-09,23;12;16;20;18;56,772,minor,0.031057207276983995
774,9,20,-8.226974868734755e-09,25;29;47;20;18;56,773,minor,0.0345243379146663
775,9,21,1200.0000000396676,25;28;46;69,774,major,295.843530709682
776,9,21,-8.292482382554464e-09,25;29;49;53;57;46;69,775,minor,0.011264415804071878
777,9,21,-1.4140548739059666e-09,25;29;50;56;62,776,minor,0.05614033332259097
778,9,21,-7.465793933055707e-09,25;28;46;70;73;75,777,minor,1.6894594179742537
779,9,21,-7.465793931795262e-09,25;27;34;42;73;75,778,minor,2.325105756017867
780,9,21,-8.396670586263954e-09,25;29;49;53;59;62,779,minor,0.0262732514156358
781,9,21,-3.223915259097994e-09,25;29;50;56;63;69,780,minor,0.04475899176629954
782,9,21,-3.408583120317996e-09,25;30;53;57;46;69,781,minor,0.003467130684354308
783,9,22,2800.0000000082923,25;28;46,782,major,699.9923630796882
784,9,22,-8.292482382882613e-09,25;29;49;53;57;46,783,minor,0.007636921792340101
785,9,23,3.4122567716092222e-09,25;27;34;42,784,minor,0.7058564017462403
786,9,23,3.412256735782005e-09,25;28;46;70,785,minor,0.07021006499093496
787,9,23,3.412256745282618e-09,25;28;44;42,786,minor,0.7087113782103762
788,9,23,-3.891404758832043e-09,25;28;46;69;66;76,787,minor,1.9333907269486503
789,9,23,2000.0000000290595,23;11;10;34;42,788,major,493.65277648615483
790,9,23,-8.485317034590987e-09,25;29;49;53;57;46;70,789,minor,0.07437985630517896
791,9,23,-7.3557775557340574e-09,25;27;33;37;39;76,790,minor,1.9673368389593067
792,9,23,-5.5805230048532e-09,25;30;53;57;46;70,791,minor,0.06658257109647123
793,9,23,-5.498263844896441e-09,25;29;50;56;63;70,792,minor,0.10787443222295424
794,9,23,-8.485317034473389e-09,25;29;49;53;57;44;42,793,minor,0.712881171144198
795,9,24,-3.922692738029636e-09,25;28;46;69;66,794,minor,0.00709462462036875
796,9,24,-3.922692728656158e-09,25;27;34;42;73,795,minor,2.2245229041379853
797,9,24,-3.922692735453346e-09,25;28;46;70;73,796,minor,1.588876567220451
798,9,24,-3.922692733652607e-09,25;28;44;42;73,797,minor,2.2273778806028495
799,9,24,-7.361657239805851e-09,25;27;33;37;39,798,minor,0.04104073329433011
800,9,24,800.0000000457153,23;11;8;7;37;39,799,major,189.97207930238923
801,9,24,-8.667008007604162e-09,25;29;49;53;57;46;69;66,800,minor,0.01126441577373144
802,9,24,1.1126061679094766e-09,23;11;10;34;42;73,801,minor,2.2785565770406695
803,9,24,-6.4414834442012396e-09,25;29;50;56;62;66,802,minor,0.056140333431261014
804,9,24,-8.667008007475698e-09,25;29;49;53;57;46;70;73,803,minor,1.5930463621260507
805,10,1,5140.003470744872,26;23;11;8;5,804,major,1299.860997625118
806,10,1,59.99652929813181,27;31;8;5,805,minor,0.010854748521116342
807,10,1,-5.094473455476245e-09,27;33;35;5,806,minor,0.03990251538343717
808,10,1,-8.822469119229931e-09,29;47;19;14;3,807,minor,0.008423903413040862
809,10,1,-3.59419150799953e-09,26;23;12;14;3,808,minor,3.539238346839113e-11
810,10,1,-8.822469118791999e-09,29;50;54;17;19;14;3,809,minor,0.008423903416900996
811,10,1,-8.826325039934397e-09,29;47;19;15;11;8;5,810,minor,0.0675691709587043
812,10,1,-7.84336424503643e-09,26;24;19;14;3,811,minor,0.003828114400603752
813,10,2,-8.820212136577846e-09,29;47;19;14,812,minor,0.016382218827606265
814,10,2,-3.526825117025942e-09,26;23;12;14,813,minor,0.0079583154289036
815,10,2,-8.820212136138259e-09,29;50;54;17;19;14,814,minor,0.016382218831466677
816,10,2,-7.835781439661821e-09,26;24;19;14,815,minor,0.011786429811246876
817,10,2,-8.867308651106168e-09,30;52;47;19;14,816,minor,0.012915088167252925
818,10,2,-4.2449909333964524e-09,27;31;9;12;14,817,minor,0.04198192459217848
819,10,2,2400.0000000421155,26;23;11;8;5;1,818,major,599.8925937854423
820,10,3,1178.19562557913,26;23;11;8,819,major,299.83646307773614
821,10,3,21.804374434790287,27;31;8,820,minor,0.04147472738411917
822,10,3,-5.094473451569835e-09,27;33;35,821,minor,0.047197760433446784
823,10,3,-8.826325039726431e-09,29;47;19;15;11;8,822,minor,0.07486441602232646
824,10,4,4725.101984745219,26;23;11,823,major,1199.8437325812736
825,10,4,74.89801525478099,27;31,824,minor,0.1562674017284693
826,10,5,4000.0,26;23,825,major,999.9999999849737
827,10,6,-8.557261514405077e-09,29;47;19,826,minor,0.004595789010757231
828,10,6,3200.000000023863,26;23;12,827,major,799.9908083635844
829,10,6,-8.557261513753023e-09,29;50;54;17;19,828,minor,0.0045957890146166025
830,10,6,-6.748779935731467e-09,26;24;19,829,minor,8.035447307541688e-13
831,10,7,7600.000000003872,29;50;54,830,major,1899.9965037425816
832,10,7,-3.871923112649276e-09,29;47;20,831,minor,0.0034962513466241935
833,10,8,-7.406299092886519e-09,29;47,832,minor,4.709427292581836e-12
834,10,8,-7.406299090765476e-09,29;50;54;17,833,minor,8.569339682296118e-12
835,10,8,6400.000000014812,26;24,834,major,1599.9999999950105
836,10,9,11200.0,26,835,major,2799.9999999960696
837,10,11,16000.0,27,836,major,3999.9999999945585
838,10,12,8000.0,27;33,837,major,1999.9999999925112
839,10,13,-5.014146820303997e-09,27;33;37,838,minor,0.028581592043734283
840,10,13,-8.627190994808565e-09,28;46;69;66;74,839,minor,0.01225835545915932
841,10,13,-8.627190994293165e-09,27;34;42;73;74,840,minor,2.2296866401927193
842,10,13,-8.627190994666915e-09,28;46;70;73;74,841,minor,1.5940403017799871
843,10,13,7600.000000039524,26;23;11;8;7;37,842,major,1893.9028914762519
844,10,13,-8.627190994567839e-09,28;44;42;73;74,843,minor,2.2325416166642995
845,10,14,1409.9206824580922,27;34,844,minor,1.3535661480545969e-10
846,10,14,6990.079317541908,28;44,845,major,2099.9999999778443
847,10,15,16000.0,28,846,major,3999.999999999889
848,10,16,17600.0,29,847,major,4399.999999994593
849,10,17,-7.695497010023715e-09,29;49,848,minor,0.0016052363899367317
850,10,17,15600.000000007694,30,849,major,3899.9983947603578
851,10,18,2800.0,29;50,850,major,699.9999999942656
852,10,19,-8.028518388384893e-09,29;49;53,851,minor,0.0077972851112780295
853,10,19,7200.0000000043865,28;45,852,major,1799.9922027123594
854,10,19,3.642623560019046e-09,30;53,853,minor,1.0542539063962408e-12
855,10,20,3219.429020175908,29;50;56,854,major,90.37838060373724
856,10,20,-8.028518388379592e-09,29;49;53;59,855,minor,0.011424779052131906
857,10,20,6778.441003851113,28;45;59,856,major,2409.6015161579085
858,10,20,3.642623560297085e-09,30;53;59,857,minor,0.003627493933953674
859,10,20,2.1299759773660587,28;46;68,858,minor,0.005050950030521528
860,10,21,4800.000000008293,28;46;69,859,major,1199.99220272308
861,10,21,-8.2924823829852e-09,29;49;53;57;46;69,860,minor,0.007797285151436517
862,10,22,10400.0,28;46,861,major,2600.0000000044233
863,10,23,915.1008405056022,27;34;42,862,minor,21.25932686009937
864,10,23,4043.201746972681,28;46;70,863,major,1583.7103894519369
865,10,23,2241.697412528792,28;44;42,864,major,193.02944732890728
866,10,23,1.2176677098756426e-09,28;46;69;66;76,865,minor,1.9299235937235901
867,10,23,-8.292482382960017e-09,29;49;53;57;46;70,866,minor,0.07091272564537213
868,10,24,1177.3241611324445,28;46;69;66,867,major,644.4087135198187
869,10,24,488.9970482069167,27;34;42;73,868,minor,49.16501719774221
870,10,24,831.5479774206416,28;46;70;73,869,minor,45.74525712642461
871,10,24,702.1308132751392,28;44;42;73,870,minor,58.970582612237614
872,10,24,-5.337544308989921e-09,27;33;37;39,871,minor,0.03757360260528114
873,10,24,-8.29248238252529e-09,29;49;53;57;46;69;66,872,minor,0.007797285118986141
874,10,24,-1.4140548732447515e-09,29;50;56;62;66,873,minor,0.052673202649428874
875,10,24,-8.292482382312398e-09,29;49;53;57;46;70;73,874,minor,1.5895792311750954
876,10,24,-3.4085831198690954e-09,30;53;57;46;69;66,875,minor,7.734111961976708e-12
877,10,24,-8.396670586238712e-09,29;49;53;59;62;66,876,minor,0.022806120730368695
878,11,1,2000.0000000050943,31;8;5,877,major,499.99084022669206
879,11,1,-5.0944737475575975e-09,33;35;5,878,minor,0.009159768900441262
880,11,2,-4.244991318219271e-09,31;9;12;14,879,minor,0.011239178122240179
881,11,2,-5.094473743097731e-09,33;35;5;1,880,minor,0.009159768911417732
882,11,2,800.0000000522027,31;8;5;1,881,major,199.83458800432956
883,11,2,-9.194983732445396e-09,32;29;47;19;14,882,minor,0.03218795989866949
884,11,2,-8.178787062278119e-09,32;26;23;12;14,883,minor,0.023764056507376688
885,11,2,-9.194983732237997e-09,32;29;50;54;17;19;14,884,minor,0.032187959902529976
886,11,2,-7.461728189937414e-09,33;35;6;9;12;14,885,minor,0.02928089697167513
887,11,2,-8.832677723922836e-09,32;26;24;19;14,886,minor,0.027592170882251868
888,11,3,1200.0000000050943,31;8,887,major,299.9835449820024
889,11,3,-5.094473745575024e-09,33;35,888,minor,0.016455013950450903
890,11,4,6000.0,31,889,major,1499.9999999973904
891,11,5,2000.0,31;9,890,major,499.9999999955086
892,11,6,1600.0000000163996,31;9;12,891,major,399.9676207953884
893,11,6,-9.064064098867806e-09,32;29;47;19,892,minor,0.020401530078880292
894,11,6,-7.335627736210826e-09,32;26;23;12,893,minor,0.011977626689862853
895,11,7,-5.502912315351205e-09,32;29;50;54,894,minor,0.015805741046907018
896,11,7,-6.5345329133710084e-09,31;9;12;16;20,895,minor,0.003496251356806812
897,11,7,-7.4062990923543254e-09,32;29;47;20,896,minor,0.019301992406660556
898,11,7,-6.118150544000442e-09,32;30;52;50;54,897,minor,0.012338610395795202
899,11,7,-7.829218607608338e-09,34;41;45;58;52;50;54,898,minor,0.1457820000678951
900,11,7,2000.0000000333912,32;26;24;20,899,major,499.8032753659248
901,11,8,-7.406299092644604e-09,32;29;47,900,minor,0.015805741058567246
902,11,8,-6.534532913935112e-09,31;9;12;16,901,minor,1.0237588554673493e-11
903,11,8,-7.406299090523549e-09,32;29;50;54;17,902,minor,0.015805741062427034
904,11,8,3200.0000000458617,32;26;24,903,major,799.7977430215425
905,11,8,-8.493713481963882e-09,32;26;23;12;16,904,minor,0.012524878375240196
906,11,8,-7.623531771170349e-09,32;30;52;47,905,minor,0.012338610401700312
907,11,8,-8.397042722209442e-09,34;41;45;58;52;47,906,minor,0.14578200010590292
908,11,9,5600.0,32;26,907,major,1399.9999999935171
909,11,10,15600.0,32,908,major,3899.9999999976953
910,11,12,5600.0,33,909,major,1399.9999999981117
911,11,13,4000.0,33;37,910,major,999.9999999974779
912,11,14,6400.0,34,911,major,1599.9999999660677
913,11,15,199.6607054558492,34;41,912,minor,1.9712518726617159
914,11,15,5400.339294544151,32;28,913,major,1398.0287481251528
915,11,16,5600.0,32;29,914,major,1399.999999991965
916,11,17,-7.695497009792409e-09,32;29;49,915,minor,0.017410977446080195
917,11,17,4000.000000017846,32;30,916,major,999.8169730243173
918,11,17,-5.075212521587562e-09,34;41;45;58,917,minor,0.14305708180235177
919,11,17,-5.075212567177072e-09,32;28;45;58,918,minor,0.022558910610821326
920,11,18,399.9999999816256,32;29;50,919,major,99.97507756892948
921,11,18,1.8374426176985036e-08,32;30;52;50,920,minor,0.02492242282838751
922,11,19,100.99038026873598,34;41;45,921,minor,1.3975679306402915
923,11,19,-8.028518387893362e-09,32;29;49;53,922,minor,0.023603026170052777
924,11,19,1499.009619741184,32;28;45,923,major,397.8913767722537
925,11,19,3.6426235850292286e-09,32;30;53,924,minor,0.015805741025168324
926,11,19,-5.534067449151284e-09,34;42;72;67;45,925,minor,0.6716465254387074
927,11,20,872.9221175667182,32;29;50;56,926,minor,1.6879292311324736
928,11,20,86.94858716115853,34;41;45;59,927,minor,1.331818921944027
929,11,20,-8.028518387794861e-09,32;29;49;53;59,928,minor,0.02723052011090693
930,11,20,2.1924072471110154,34;42;72;68,929,minor,1.200051585951773
931,11,20,2.1821031544148988,34;41;46;68,930,minor,0.24823789426595488
932,11,20,1433.5416698878337,32;28;45;59,931,major,592.4900790574319
933,11,20,7.655731235115517e-09,34;42;73;75;64,932,minor,2.2901233616801564
934,11,20,3.642623589818617e-09,32;30;53;59,933,minor,0.019433234958067647
935,11,20,2.2131149718382503,32;28;46;68,934,minor,0.03344964214664675
936,11,20,7.655731549421333e-09,34;42;72;69;64,935,minor,0.6716465260755029
937,11,21,841.6619593853438,34;42;73;75,936,major,388.1782748716861
938,11,21,78.74101761180965,34;41;46;69,937,minor,1.2495570360103603
939,11,21,222.32813962672316,34;42;72;69,938,minor,10.048742717768727
940,11,21,457.2688833814608,32;28;46;69,939,minor,0.4160114530148413
941,11,21,-5.337544313686203e-09,33;37;39;75,940,minor,0.10741370395054275
942,11,22,130.39579966037502,34;41;46,941,minor,1.5624245752156263
943,11,22,462.0902297129328,34;42;72,942,minor,14.392080662845277
944,11,22,3807.5139706321816,32;28;46,943,major,1081.6528951473265
945,11,22,1.217667774506983e-09,34;42;73;75;65,944,minor,2.288040894986756
946,11,22,-6.706456407820404e-09,33;37;39;75;65,945,minor,0.10455872731266874
947,11,23,5200.0,34;42,946,major,1299.99999994499
948,11,24,2400.000000005338,34;42;73,947,major,599.9931690640809
949,11,24,-5.337544317938427e-09,33;37;39,948,minor,0.006830856118548778
950,12,1,800.0,35;5,949,major,199.99999999904242
951,12,2,400.00000000474006,35;5;1,950,major,99.9795827076793
952,12,2,-4.740084204913934e-09,35;6;9;12;14,951,minor,0.020417291269615223
953,12,3,800.0,35,952,major,199.99999999940994
954,12,4,2400.000000006699,35;6,953,major,599.9809353952435
955,12,4,-6.6992539082584124e-09,36;31,954,minor,0.01906460265535126
956,12,5,800.0000000066992,35;6;9,955,major,199.96484892355008
957,12,5,-6.699253906230085e-09,36;31;9,956,minor,0.03515107250018917
958,12,6,27.074094943967427,35;6;9;12,957,minor,0.04573061347920726
959,12,6,-6.699253824793446e-09,36;31;9;12,958,minor,0.03132295810690178
960,12,6,772.9259050627319,35;5;1;4,959,major,199.9229463495536
961,12,7,41.39869188578915,35;6;9;12;16;20,960,minor,0.08252820903981117
962,12,7,-5.776429856921123e-09,36;32;29;50;54,961,minor,0.04767595080897835
963,12,7,99.98929335287686,37;39;75;64;60;54,962,minor,0.9826004398314283
964,12,7,-6.6992538270367995e-09,36;31;9;12;16;20,963,minor,0.03536646113171027
965,12,7,-7.499686599765587e-09,36;32;29;47;20,964,minor,0.05117220219493224
966,12,7,2.0764101728823235e-08,37;39;75;65;68;60;54,965,minor,0.09855009914692098
967,12,7,2658.612014684016,35;5;1;4;16;20,966,major,696.7218717217228
968,12,7,2.0764101841365012e-08,37;39;76;72;68;60;54,967,minor,1.9242633692107165
969,12,7,6.208951536287779e-08,35;6;9;12;16;22;50;54,968,minor,0.011762219250520886
970,12,7,-6.323658718333783e-09,36;32;30;52;50;54,969,minor,0.044208820165693496
971,12,8,42.48021060170614,35;6;9;12;16,970,minor,0.06052004275558387
972,12,8,-7.49968659970693e-09,36;32;29;47,971,minor,0.04767595084667603
973,12,8,-6.6992538269276844e-09,36;31;9;12;16,972,minor,0.03187020978485261
974,12,8,2357.519789360549,35;5;1;4;16,973,major,599.7691772057582
975,12,8,-7.499686597901327e-09,36;32;29;50;54;17,974,minor,0.047675950850536095
976,12,8,5.94435224871524e-08,36;32;26;24,975,minor,0.04308016295802647
977,12,9,-7.459269841079011e-09,36;32;26,976,minor,0.04439508814008086
978,12,9,2400.000000014158,35;6;9;13,977,major,599.9206400954882
979,12,9,-6.6992539082584455e-09,36;31;9;13,978,minor,0.034964804423080975
980,12,10,8000.0,36;32,979,major,1999.9999999899626
981,12,11,5600.0,36,980,major,1399.9999999924219
982,12,13,5200.0,37,981,major,1299.9999999994457
983,12,14,2799.9999997812533,36;34,982,major,698.1388518464825
984,12,14,2.1874657491078815e-07,37;39;76;71,983,minor,1.8611481124438947
985,12,15,103.38710706039704,36;34;41,984,minor,1.7474044480483837
986,12,15,2.187475529673936e-07,37;39;75;65;67,985,minor,0.09932262635811925
987,12,15,2.187475984794327e-07,37;39;76;72;67,986,minor,1.9250360771524542
988,12,15,2696.612892297187,36;32;28,987,major,693.4381971025209
989,12,15,2.1874763711895906e-07,37;39;76;71;41,988,minor,2.0310497660173232
990,12,15,-5.534067450645635e-09,36;34;42;72;67,989,minor,0.7042892526801365
991,12,15,-8.29248238287215e-09,36;32;29;49;53;57,990,minor,0.05470071871594076
992,12,16,-5.513580056353344e-09,36;32;29,991,minor,0.044395088225404125
993,12,16,2799.9999999085467,35;6;9;12;16;22,992,major,699.625181263236
994,12,16,-6.1261019261528734e-09,36;32;30;52,993,minor,0.04092795758301332
995,12,16,-7.831707425934577e-09,36;34;41;45;58;52,994,minor,0.17437134727962733
996,12,16,-7.852072944914011e-09,37;39;75;65;67;45;58;52,995,minor,0.10266486423828092
997,12,16,1.1877710001139957e-07,35;6;9;13;25;29,996,minor,0.012458976578947956
998,12,17,-7.695497009585311e-09,36;32;29;49,997,minor,0.049281187236570934
999,12,17,2400.000000050932,36;32;30,998,major,595.4336781835526
1000,12,17,-5.179031562675056e-09,37;39;75;65;67;45;58,999,minor,0.1032208086128853
1001,12,17,-5.07521252063637e-09,36;34;41;45;58,1000,minor,0.17492729155108755
1002,12,17,-5.179031560468363e-09,37;39;76;72;67;45;58,1001,minor,1.9289340644497464
1003,12,17,-5.0752125662265555e-09,36;32;28;45;58,1002,minor,0.05442912035955788
1004,12,17,-5.903084812274391e-09,37;39;75;64;61;58,1003,minor,0.10322080866210304
1005,12,17,-5.261519549726818e-09,35;6;9;12;16;22;49,1004,minor,0.01336745529620087
1006,12,17,-6.384560188627917e-09,37;39;75;65;68;61;58,1005,minor,0.10399332607592193
1007,12,17,-5.179031558556663e-09,37;39;76;71;41;45;58,1006,minor,2.034947741993983
1008,12,18,-5.776429879305239e-09,36;32;29;50,1007,minor,0.060259763086692786
1009,12,18,799.9999996195875,37;39;75;64;60,1008,major,197.68652460253782
1010,12,18,2.669381446842115e-07,35;6;9;12;16;20;18,1009,minor,0.01152727306691717
1011,12,18,2.0764099230195575e-08,37;39;75;65;68;60,1010,minor,0.11113391151893581
1012,12,18,2.0764099342445125e-08,37;39;76;72;68;60,1011,minor,1.9368471815827295
1013,12,18,-6.323658737524353e-09,36;32;30;52;50,1012,minor,0.05679263244685093
1014,12,18,6.20895062920403e-08,35;6;9;12;16;22;50,1013,minor,0.024346031882552285
1015,12,18,-6.738131195037796e-09,36;31;9;12;16;20;18,1014,minor,0.03421936818869281
1016,12,18,-7.52205854402682e-09,36;32;29;47;20;18,1015,minor,0.05002510925134995
1017,12,18,3.62167943326057e-08,35;6;9;13;25;29;50,1016,minor,0.02832365116155678
1018,12,19,80.41364920523561,36;34;41;45,1017,minor,1.5362168277926234
1019,12,19,2.1874762246155198e-07,37;39;75;65;67;45,1018,minor,0.0985501087903854
1020,12,19,-8.028518387672121e-09,36;32;29;49;53,1019,minor,0.055473235965850826
1021,12,19,2.187476679823265e-07,37;39;76;72;67;45,1020,minor,1.924263559584783
1022,12,19,1.437148746313854e-08,37;39;75;64;61,1021,minor,0.09855009873159282
1023,12,19,1119.5863501213385,36;32;28;45,1022,major,292.1846344738758
1024,12,19,3.598600013423523e-09,37;39;75;65;68;61,1023,minor,0.09932261558865033
1025,12,19,2.187477066289289e-07,37;39;76;71;41;45,1024,minor,2.0302772484496585
1026,12,19,3.6426235962480476e-09,36;32;30;53,1025,minor,0.04767595075107614
1027,12,19,3.5986000393254993e-09,37;39;76;72;68;61,1026,minor,1.9250358699828052
1028,12,20,1599.9999999935844,37;39;75;64,1027,major,392.8854565470482
1029,12,20,2.076409906779077e-08,37;39;75;65;68,1028,minor,0.09855009905066153
1030,12,20,2.0764099165841512e-08,37;39;76;72;68,1029,minor,1.9242633691144553
1031,12,20,1.217667831438688e-09,37;39;76;72;69;64,1030,minor,1.9242633502165822
1032,12,20,-6.032546342069934e-09,36;34;41;45;59,1031,minor,0.17388407522396032
1033,12,20,-6.1002035100891744e-09,37;39;75;65;67;45;59,1032,minor,0.10217759224952994
1034,12,20,-6.0325463658885666e-09,36;32;29;50;56,1033,minor,0.08896781191537652
1035,12,20,-6.100203508908304e-09,37;39;76;72;67;45;59,1034,minor,1.9278908489272912
1036,12,20,-6.032534368590121e-09,36;34;42;72;68,1035,minor,0.7035167353860187
1037,12,20,-6.032534348016459e-09,36;34;41;46;68,1036,minor,0.1710290987754215
1038,12,21,1199.9999999987824,37;39;75,1037,major,298.07496370388867
1039,12,21,1.2176678378320927e-09,37;39;76;72;69,1038,minor,1.9250358675987198
1040,12,22,1729.4715503420682,37;39;75;65,1039,major,636.2353801580749
1041,12,22,1070.5284496688218,37;39;76;72,1040,minor,62.89578355482435
1042,12,22,-5.4451170978389834e-09,36;34;41;46,1041,minor,0.16817412201075965
1043,12,22,-5.445117122624438e-09,36;34;42;72,1042,minor,0.7006617584649606
1044,12,23,2800.0,37;39;76,1043,major,699.9999996903466
1045,12,24,2000.0,37;39,1044,major,499.9999997124151
1046,13,1,2000.0,38;35;5,1045,major,499.99999999834483
1047,13,2,1200.00000000474,38;35;5;1,1046,major,299.98821356843507
1048,13,2,-4.740084215948696e-09,38;35;6;9;12;14,1047,minor,0.01178642980858488
1049,13,3,400.0,38;35,1048,major,99.99999999869364
1050,13,4,2400.000000006699,38;35;6,1049,major,599.9895662559984
1051,13,4,-6.699253908258425e-09,38;36;31,1050,minor,0.010433741185866263
1052,13,5,800.0000000066992,38;35;6;9,1051,major,199.97347978430494
1053,13,5,-6.699253906230085e-09,38;36;31;9,1052,minor,0.026520211030704344
1054,13,6,22.99906621250796,38;35;6;9;12,1053,minor,8.026956876960867e-11
1055,13,6,-6.6992538247928305e-09,38;36;31;9;12,1054,minor,0.02269209663741706
1056,13,6,777.0009338217183,38;35;5;1;4,1055,major,199.70609816733563
1057,13,6,-9.11577527277918e-09,39;75;64;60;54;17;19,1056,minor,0.11339813031479878
1058,13,6,-9.270824010987563e-09,38;36;32;29;47;19,1057,minor,0.043640878416000894
1059,13,6,-9.14047970873824e-09,39;75;65;68;60;54;17;19,1058,minor,0.11417064770623259
1060,13,7,1599.9999997335644,39;75;64;60;54,1059,major,393.68693276249184
1061,13,7,2.076409903220576e-08,39;75;65;68;60;54,1060,minor,0.10957485933519545
1062,13,7,2.076409914705654e-08,39;76;72;68;60;54,1061,minor,1.9352881293989888
1063,13,7,2.595222740161291e-07,38;35;6;9;12;16;20,1062,minor,0.004043503552338151
1064,13,7,-5.8415946243760996e-09,38;36;32;29;50;54,1063,minor,0.03904508934474907
1065,13,7,-7.914219365136098e-09,39;75;65;67;45;58;52;50;54,1064,minor,0.11697048694015855
1066,13,7,1.2176678314148652e-09,39;76;72;69;64;60;54,1065,minor,1.9352881103933695
1067,13,7,-6.100203510091966e-09,39;75;65;67;45;59;60;54,1066,minor,0.11320235245323224
1068,13,7,-7.914219364785963e-09,39;76;72;67;45;58;52;50;54,1067,minor,1.9426837452738548
1069,13,7,-8.062374795007948e-09,39;75;64;61;58;52;50;54,1068,minor,0.11697048696067408
1070,13,8,35.58058073046452,38;35;6;9;12;16,1069,minor,0.0033098812393301813
1071,13,8,-3.7293481496931805e-09,39;75;64;60;54;17,1070,minor,0.10880234101444025
1072,13,8,-7.499686599706659e-09,38;36;32;29;47,1071,minor,0.0390450893737368
1073,13,8,-4.791083306660102e-09,39;75;65;68;60;54;17,1072,minor,0.10957485846055276
1074,13,8,-6.69925382692736e-09,38;36;31;9;12;16,1073,minor,0.02323934831536817
1075,13,8,2364.419419318024,38;35;5;1;4;16,1074,major,595.5954869381948
1076,13,8,-4.7910833043176725e-09,39;76;72;68;60;54;17,1075,minor,1.935288113943272
1077,13,8,-8.434833978493955e-09,39;75;65;67;45;58;52;47,1076,minor,0.11697048696722523
1078,13,8,-4.108420961447128e-09,39;75;64;60;55;47,1077,minor,0.12559872019373586
1079,13,8,-8.434833978297248e-09,39;76;72;67;45;58;52;47,1078,minor,1.9426837457761683
1080,13,9,-7.459269841079024e-09,38;36;32;26,1079,minor,0.035764226667316795
1081,13,9,2400.0000000546797,38;35;6;9;13,1080,major,593.869825923122
1082,13,9,-8.915537909721889e-09,39;75;65;67;43;26,1081,minor,0.11034737593740679
1083,13,9,-6.699253908258478e-09,38;36;31;9;13,1082,minor,0.026333942953595812
1084,13,9,-8.915537909451186e-09,39;76;71;40;32;26,1083,minor,1.977165894974614
1085,13,9,-8.915537909625861e-09,39;76;72;67;43;26,1084,minor,1.9360606351851635
1086,13,9,-8.91553790954236e-09,39;76;71;41;43;26,1085,minor,2.0420743129274608
1087,13,9,-4.8592855088700975e-09,38;35;6;10;32;26,1086,minor,0.0024276773528411066
1088,13,10,-5.351632921596393e-09,38;36;32,1087,minor,0.03904508932709136
1089,13,10,-8.655295508387891e-09,39;75;65;67;43,1088,minor,0.11362823862593197
1090,13,10,-8.655295507970104e-09,39;76;71;40;32,1089,minor,1.9804467574202271
1091,13,10,-8.655295508239685e-09,39;76;72;67;43,1090,minor,1.9393414976361245
1092,13,10,7600.000000039973,38;35;6;9;13;25,1091,major,1893.8821832279493
1093,13,10,-8.65529550811082e-09,39;76;71;41;43,1092,minor,2.045355175364627
1094,13,11,4000.0,38;36,1093,major,999.9999999916914
1095,13,12,5200.0,38,1094,major,1299.9999999993493
1096,13,14,1.515994694292538e-06,39;76;71,1095,minor,1.8721740880592346
1097,13,14,2399.999998484005,38;36;34,1096,major,598.1278258701566
1098,13,15,1.5159929953550793e-06,39;75;65;67,1097,minor,0.11034745921153757
1099,13,15,1.5160124520013343e-06,39;76;72;67,1098,minor,1.9360620942232454
1100,13,15,1.5159919940817962e-06,39;76;71;41,1099,minor,2.0420758518310684
1101,13,15,2799.999995452002,38;36;34;41,1100,major,695.9115145321979
1102,13,16,-5.656254487030395e-09,38;36;32;29,1101,minor,0.03576422676358754
1103,13,16,-7.868604016646681e-09,39;75;65;67;45;58;52,1102,minor,0.11368962435631969
1104,13,16,-7.868604016281014e-09,39;76;72;67;45;58;52,1103,minor,1.9394028826483742
1105,13,16,2400.000000012581,39;75;64;60;55,1104,major,593.4553330680167
1106,13,16,2.0764099006532187e-08,39;75;65;68;60;55,1105,minor,0.12309037603528084
1107,13,16,-8.02307057668531e-09,39;75;64;61;58;52,1106,minor,0.11368962437695052
1108,13,16,-8.682033438222023e-09,39;75;65;67;43;29,1107,minor,0.11034737605303624
1109,13,16,-7.86860401596294e-09,39;76;71;41;45;58;52,1108,minor,2.0454165603351777
1110,13,16,2.0764099104303503e-08,39;76;72;68;60;55,1109,minor,1.9488036460990743
1111,13,16,-8.142439239450942e-09,39;75;65;68;61;58;52,1110,minor,0.11446214177338315
1112,13,17,-5.091227759415997e-09,39;75;65;67;45;58,1111,minor,0.11424556871023261
1113,13,17,-5.0912277571159715e-09,39;76;72;67;45;58,1112,minor,1.9399588244669417
1114,13,17,-5.839847654179843e-09,39;75;64;61;58,1113,minor,0.11424556876484632
1115,13,17,-7.695497009481761e-09,38;36;32;29;49,1114,minor,0.040650325762787765
1116,13,17,-6.3354022569776524e-09,39;75;65;68;61;58,1115,minor,0.11501808618210374
1117,13,17,-5.091227755116868e-09,39;76;71;41;45;58,1116,minor,2.0459725020065247
1118,13,17,-6.335402255637507e-09,39;76;72;68;61;58,1117,minor,1.9407313430745656
1119,13,17,-5.091227771466589e-09,39;75;64;60;55;49,1118,minor,0.12720395663859313
1120,13,17,2000.0000000516463,38;36;32;30,1119,major,493.3956773819932
1121,13,17,-5.075212520160827e-09,38;36;34;41;45;58,1120,minor,0.16629643008861206
1122,13,18,399.9999998664969,39;75;64;60,1121,major,93.58740935775849
1123,13,18,2.076409965846952e-08,39;75;65;68;60,1122,minor,0.12215867170721023
1124,13,18,2.0764099767209705e-08,39;76;72;68;60,1123,minor,1.9478719417710042
1125,13,18,-5.841594618212863e-09,38;36;32;29;50,1124,minor,0.051628901622872564
1126,13,18,-7.914219363172411e-09,39;75;65;67;45;58;52;50,1125,minor,0.12955429923132444
1127,13,18,1.217667888599383e-09,39;76;72;69;64;60,1126,minor,1.947871922642399
1128,13,18,-6.100203503462504e-09,39;75;65;67;45;59;60,1127,minor,0.12578616473298376
1129,13,18,-7.914219362822251e-09,39;76;72;67;45;58;52;50,1128,minor,1.9552675575650196
1130,13,18,-8.062374793326356e-09,39;75;64;61;58;52;50,1129,minor,0.12955429925277112
1131,13,18,1.2658982404722478e-07,38;35;6;9;12;16;20;18,1130,minor,0.002896410271135935
1132,13,19,1.516007594752264e-06,39;75;65;67;45,1131,minor,0.10957494114352828
1133,13,19,1.5160302880067934e-06,39;76;72;67;45,1132,minor,1.9352895761716893
1134,13,19,1.6794370265849764e-08,39;75;64;61,1133,minor,0.10957485901737218
1135,13,19,4.321168677618182e-09,39;75;65;68;61,1134,minor,0.1103473757221698
1136,13,19,1.5160087530603327e-06,39;76;71;41;45,1135,minor,2.0413033337793647
1137,13,19,4.321168707336068e-09,39;76;72;68;61,1136,minor,1.9360606307759256
1138,13,19,1199.999995436638,38;36;34;41;45,1137,major,291.7749462167215
1139,13,19,-2.092763532898978e-09,39;76;72;69;64;61,1138,minor,1.936060628527129
1140,13,19,-8.028518395113226e-09,38;36;32;29;49;53,1139,minor,0.046842374490629834
1141,13,20,2399.999999963354,39;75;64,1140,major,595.906646076451
1142,13,20,2.0764099056528092e-08,39;75;65;68,1141,minor,0.10957485923893562
1143,13,20,2.0764099138791833e-08,39;76;72;68,1142,minor,1.9352881293027293
1144,13,20,1.2176678250588888e-09,39;76;72;69;64,1143,minor,1.9352881102971096
1145,13,20,-6.100203510828911e-09,39;75;65;67;45;59,1144,minor,0.11320235235697301
1146,13,21,2400.0,39;75,1145,major,599.9999995715517
1147,13,22,3520.2017395641824,39;75;65,1146,major,1200.2094746596913
1148,13,22,1679.7982604358172,39;76;72,1147,major,99.79052495147424
1149,13,23,3200.0,39;76,1148,major,799.9999996909664
1150,13,24,3200.0,39,1149,major,799.9999997130442
1151,14,1,1200.000000022041,40;31;8;5,1150,major,297.40674240885295
1152,14,1,-5.094473745575421e-09,40;33;35;5,1151,minor,0.10162810803234845
1153,14,1,-5.182161966837725e-09,42;73;74;38;35;5,1152,minor,2.2213519381221802
1154,14,1,-4.298300535716383e-09,40;31;9;12;14;3,1153,minor,0.09574920182105551
1155,14,1,-7.465794006145751e-09,40;32;26;23;11;8;5,1154,minor,0.17452832480547842
1156,14,2,-4.2449913083189114e-09,40;31;9;12;14,1155,minor,0.10370751721487226
1157,14,2,-8.950288173773726e-09,41;45;58;52;47;19;14,1156,minor,0.19290696550885245
1158,14,2,-5.094473735667121e-09,40;33;35;5;1,1157,minor,0.101628108043325
1159,14,2,400.0000000676204,40;31;8;5;1,1158,major,96.5679062440695
1160,14,2,-9.194983732256256e-09,40;32;29;47;19;14,1159,minor,0.12465629922016053
1161,14,2,-8.178787061283924e-09,40;32;26;23;12;14,1160,minor,0.11623239578188466
1162,14,2,-5.18216195721195e-09,42;73;74;38;35;5;1,1161,minor,2.221351938133156
1163,14,2,-9.19498373230404e-09,41;43;29;47;19;14,1162,minor,0.1895647171820757
1164,14,2,-8.9502881734204e-09,41;45;58;52;50;54;17;19;14,1163,minor,0.19290696551271325
1165,14,2,-8.629440886529543e-09,41;45;59;60;54;17;19;14,1164,minor,0.18913883109616758
1166,14,3,400.0000000102767,40;31;8,1165,major,97.66242944565737
1167,14,3,-5.094473735663521e-09,40;33;35,1166,minor,0.10892335308235812
1168,14,3,-5.182161957208496e-09,42;73;74;38;35,1167,minor,2.228647183172509
1169,14,4,2000.0,40;31,1168,major,499.99999998256635
1170,14,5,400.0000000073357,40;31;9,1169,major,99.89172590042705
1171,14,5,-7.3356277330128e-09,40;32;26;23,1170,minor,0.108274080319893
1172,14,6,400.00000007569776,40;31;9;12,1171,major,98.07610302747516
1173,14,6,-8.716106366387298e-09,41;45;58;52;47;19,1172,minor,0.18112053567063335
1174,14,6,-9.064064098485689e-09,40;32;29;47;19,1173,minor,0.11286986939431787
1175,14,6,-7.335627733013761e-09,40;32;26;23;12,1174,minor,0.1044459659253878
1176,14,6,-9.06406409855001e-09,41;43;29;47;19,1175,minor,0.17777828735198473
1177,14,6,-8.716106365861324e-09,41;45;58;52;50;54;17;19,1176,minor,0.1811205356744936
1178,14,6,-8.201010298676336e-09,41;45;59;60;54;17;19,1177,minor,0.17735240124305485
1179,14,6,-9.064064098206424e-09,40;32;29;50;54;17;19,1178,minor,0.11286986939817845
1180,14,6,-7.3356277335524275e-09,41;43;26;23;12,1179,minor,0.1693543838269588
1181,14,6,-8.201007769822043e-09,42;72;68;60;54;17;19,1180,minor,0.7069850619793617
1182,14,7,-5.5159597442437965e-09,41;45;58;52;50;54,1181,minor,0.17652474638515114
1183,14,7,-8.049091423125086e-09,40;32;29;50;54,1182,minor,0.10827408033554059
1184,14,7,795.7175721977803,41;45;59;60;54,1183,major,195.29830486566826
1185,14,7,2.2131634244627145,41;46;68;60;54,1184,minor,0.3045537601061882
1186,14,7,2.069264415918361,42;72;68;60;54,1185,minor,1.2305379747848493
1187,14,7,-7.410644548604981e-09,41;45;58;52;47;20,1186,minor,0.18002099789709902
1188,14,7,-8.049091423414248e-09,41;43;29;50;54,1187,minor,0.1731824982602661
1189,14,7,-8.272218631232354e-09,40;31;9;12;16;20,1188,minor,0.09596459063867147
1190,14,7,-8.52019565927906e-09,40;32;29;47;20,1189,minor,0.11177033170770367
1191,14,7,7.65573051058418e-09,42;73;75;64;60;54,1190,minor,2.320866108295177
1192,14,8,-5.515959754301823e-09,41;45;58;52;47,1191,minor,0.1765247463817693
1193,14,8,-8.049091424933865e-09,40;32;29;47,1192,minor,0.1082740803321588
1194,14,8,-7.593803174406144e-09,40;31;9;12;16,1193,minor,0.09246833925769904
1195,14,8,-8.049091425223007e-09,41;43;29;47,1194,minor,0.17318249825688461
1196,14,8,-5.515959747312928e-09,41;45;58;52;50;54;17,1195,minor,0.17652474638562887
1197,14,8,1595.661157659102,41;45;59;60;54;17,1196,major,397.5176666106969
1198,14,8,-8.049091423680044e-09,40;32;29;50;54;17,1197,minor,0.10827408033601865
1199,14,8,2.106272587525152,42;72;68;60;54;17,1198,minor,1.2379344547539575
1200,14,8,-2.1279805573911533e-09,40;32;26;24,1199,minor,0.10367829101642767
1201,14,8,2.2325697982740844,41;46;68;60;54;17,1200,minor,0.30547207426889544
1202,14,9,1.0343807646973312e-09,40;32;26,1201,minor,0.10499321725731098
1203,14,9,1.0343807555919388e-09,41;43;26,1202,minor,0.16990163495437963
1204,14,9,2399.999999997932,40;31;9;13,1203,major,599.7251051205762
1205,14,10,2143.804243656407,40;32,1204,major,4.049789322977212e-10
1206,14,10,6256.1957563435935,41;43,1205,major,2099.9999999710326
1207,14,11,6400.0,40,1206,major,1599.9999999852976
1208,14,12,2799.999999740476,40;33,1207,major,697.7789439266768
1209,14,12,2.595237729336955e-07,42;73;74;38,1208,minor,2.2210560573389437
1210,14,13,7.0334019977473,42;73;74,1209,minor,6.319658050773297
1211,14,13,2392.966598002253,40;33;37,1210,major,593.6803419339408
1212,14,15,5200.0,41,1211,major,1299.9999999786519
1213,14,16,2800.000000018628,41;45;58;52,1212,major,699.0186010598112
1214,14,16,-6.546585878558212e-09,40;32;29,1213,minor,0.10499321767519637
1215,14,16,-6.5465858794318945e-09,41;43;29,1214,minor,0.16990163555115967
1216,14,16,-5.534067490376126e-09,42;72;67;45;58;52,1215,minor,0.7065040377598713
1217,14,17,2800.000000008682,41;45;58,1216,major,699.8901206513932
1218,14,17,-8.682033438842375e-09,40;32;29;49,1217,minor,0.10987931675244345
1219,14,18,-5.515959738282577e-09,41;45;58;52;50,1218,minor,0.189108558661226
1220,14,18,-8.049091422048738e-09,40;32;29;50,1219,minor,0.12085789262755442
1221,14,18,395.8679419488997,41;45;59;60,1220,major,92.38315287360585
1222,14,18,2.166396301061435,41;46;68;60,1221,minor,0.3247213704829195
1223,14,18,1.965661747468099,42;72;68;60,1222,minor,1.2312620655131765
1224,14,18,-8.04909142233792e-09,41;43;29;50,1223,minor,0.18576631055227977
1225,14,18,7.655730625337716e-09,42;73;75;64;60,1224,minor,2.333449920584716
1226,14,18,7.655731504007503e-09,41;46;69;64;60,1225,minor,0.18248544793729915
1227,14,18,7.65573093922605e-09,42;72;69;64;60,1226,minor,0.7149730849800623
1228,14,18,1.21777246772328e-09,42;73;75;65;68;60,1227,minor,2.334222430460364
1229,14,19,1200.0,41;45,1228,major,299.9999999762884
1230,14,20,1995.6496447668444,41;45;59,1229,major,492.2337956811898
1231,14,20,2.115764005752231,42;72;68,1230,minor,1.2398243067241674
1232,14,20,2.23459120875216,41;46;68,1231,minor,0.3055675690088796
1233,14,20,7.655730440001721e-09,42;73;75;64,1232,minor,2.320866108198918
1234,14,20,7.655730753759293e-09,42;72;69;64,1233,minor,0.7023892725942645
1235,14,20,7.65573131830347e-09,41;46;69;64,1234,minor,0.16990163555150173
1236,14,20,1.2177723888380692e-09,42;73;75;65;68,1235,minor,2.321638618115072
1237,14,20,-5.534067489687276e-09,42;72;67;45;59,1236,minor,0.7060167658611871
1238,14,21,1262.961647167325,42;73;75,1237,major,387.24836391990465
1239,14,21,86.26928533863503,41;46;69,1238,minor,1.5944043265248213
1240,14,21,250.76906749403983,42;72;69,1239,minor,11.157231570317395
1241,14,22,243.02875917093135,41;46,1240,minor,2.6095059891926065
1242,14,22,4556.971240827851,42;72,1241,major,1195.0717102858632
1243,14,22,1.2176677082609596e-09,42;73;75;65,1242,minor,2.3187836414065566
1244,14,23,4400.0,42,1243,major,1099.9999999789877
1245,14,24,1600.0,42;73,1244,major,399.9999999541981
1246,15,1,11.924242851967064,44;40;31;8;5,1245,minor,0.22690191885668387
1247,15,1,-5.182161641510568e-09,46;69;66;74;38;35;5,1246,minor,0.0010686804968930153
1248,15,1,-5.0944734075641055e-09,44;40;33;35;5,1247,minor,0.10162810778773113
1249,15,1,1961.7361221051583,43;26;23;11;8;5,1248,major,495.76849940892527
1250,15,1,-5.182161639717002e-09,46;70;73;74;38;35;5,1249,minor,1.5828506240930786
1251,15,1,-8.21322038889637e-09,45;58;52;47;19;14;3,1250,minor,0.015047014338231635
1252,15,1,26.33963508503664,43;27;31;8;5,1251,minor,0.02442189063640865
1253,15,1,-5.094473453587441e-09,43;27;33;35;5,1252,minor,0.043183377957338676
1254,15,1,-5.182161638462044e-09,44;42;73;74;38;35;5,1253,minor,2.221351937877563
1255,15,1,-8.213220387891624e-09,45;58;52;50;54;17;19;14;3,1254,minor,0.015047014342091103
1256,15,2,-7.522040166990632e-09,45;58;52;47;19;14,1255,minor,0.023005329742440184
1257,15,2,-8.557261513365827e-09,43;29;47;19;14,1256,minor,0.019663081405034477
1258,15,2,-7.522040165086204e-09,45;58;52;50;54;17;19;14,1257,minor,0.023005329746300207
1259,15,2,-4.4612027399655815e-09,45;59;60;54;17;19;14,1258,minor,0.01923719533334664
1260,15,2,400.0000000107161,43;26;23;12;14,1259,major,99.72423523391538
1261,15,2,-4.461179098398352e-09,46;68;60;54;17;19;14,1260,minor,0.016382218887052047
1262,15,2,-8.557261512713747e-09,43;29;50;54;17;19;14,1261,minor,0.01966308140889428
1263,15,2,-4.759056589387615e-09,45;59;60;55;47;19;14,1262,minor,0.036033574500350024
1264,15,2,-6.748779930497114e-09,43;26;24;19;14,1263,minor,0.015067292381455877
1265,15,2,4.187268023128327e-08,44;40;31;9;12;14,1264,minor,0.10370751892139118
1266,15,3,7.493855036332939,44;40;31;8,1265,minor,0.20520644251898235
1267,15,3,-5.1821616286157755e-09,46;69;66;74;38;35,1266,minor,0.008363925547221679
1268,15,3,-5.0944733942871684e-09,44;40;33;35,1267,minor,0.10892335283773968
1269,15,3,381.69113946667153,43;26;23;11;8,1268,major,95.61443331681211
1270,15,3,-5.1821616268219186e-09,46;70;73;74;38;35,1269,minor,1.5901458691434072
1271,15,3,10.815005536487142,43;27;31;8,1270,minor,0.04113053322131288
1272,15,3,-5.094473440317876e-09,43;27;33;35,1271,minor,0.05047862300734751
1273,15,3,-5.182161625566854e-09,44;42;73;74;38;35,1272,minor,2.228647182927891
1274,15,3,-8.222083581802757e-09,45;58;52;47;19;15;11;8,1273,minor,0.08148752692749373
1275,15,3,-5.534067194661016e-09,46;70;71;40;31;8,1274,minor,0.07118320276258205
1276,15,4,12.44981674410873,44;40;31,1275,minor,0.29215503644138296
1277,15,4,1959.734640997024,43;26;23;11,1276,major,499.30739323710804
1278,15,4,27.81554228920044,43;27;31,1277,minor,0.11389846794585701
1279,15,4,-8.222083583424875e-09,45;58;52;47;19;15;11,1278,minor,0.09073957358984663
1280,15,4,-5.534067205731194e-09,46;70;71;40;31,1279,minor,0.08043524941250002
1281,15,4,-8.288397248643913e-09,45;58;52;48;26;23;11,1280,minor,0.0901214041396956
1282,15,4,-8.288397214036916e-09,45;58;52;48;27;31,1281,minor,0.025257007281169974
1283,15,5,799.9999999529101,43;26;23,1282,major,199.83664622502772
1284,15,5,4.1872679382052173e-08,44;40;31;9,1283,minor,0.09574920337097315
1285,15,5,-8.22208358288765e-09,45;58;52;47;19;15,1284,minor,0.007938037362482886
1286,15,5,4.1872674154366834e-08,43;27;31;9,1285,minor,0.03730447246583385
1287,15,5,-8.288397248125307e-09,45;58;52;48;26;23,1286,minor,0.007319867909586719
1288,15,5,-3.0965914451387795e-09,45;58;51;26;23,1287,minor,0.0025083452527149275
1289,15,5,-8.826325039598936e-09,43;29;47;19;15,1288,minor,0.004595789015118312
1290,15,5,-8.222083581891772e-09,45;58;52;50;54;17;19;15,1289,minor,0.007938037366343131
1291,15,6,-7.522040168723986e-09,45;58;52;47;19,1290,minor,0.011218899933845283
1292,15,6,-8.557261513959345e-09,43;29;47;19,1291,minor,0.007876651590338846
1293,15,6,-7.522040166817857e-09,45;58;52;50;54;17;19,1292,minor,0.011218899937705196
1294,15,6,-4.461202747418055e-09,45;59;60;54;17;19,1293,minor,0.0074507655427900055
1295,15,6,800.0000000107162,43;26;23;12,1294,major,199.8303131805243
1296,15,6,-4.461179107392611e-09,46;68;60;54;17;19,1295,minor,0.004595789096495273
1297,15,6,-8.557261513307282e-09,43;29;50;54;17;19,1296,minor,0.007876651594198703
1298,15,6,-4.759056596142967e-09,45;59;60;55;47;19,1297,minor,0.024247144708038293
1299,15,6,-6.748779933486485e-09,43;26;24;19,1298,minor,0.003280862577418331
1300,15,6,4.187267938236208e-08,44;40;31;9;12,1299,minor,0.09192108891036099
1301,15,7,-5.5159597479244326e-09,45;58;52;50;54,1300,minor,0.006623110926915254
1302,15,7,1997.763737381072,45;59;60;54,1301,major,499.97319952411766
1303,15,7,2.2362626407678974,46;68;60;54,1302,minor,1.7878484803723893e-10
1304,15,7,-7.410644549807021e-09,45;58;52;47;20,1303,minor,0.010119362277908994
1305,15,7,-8.049091424079764e-09,43;29;50;54,1304,minor,0.0032808625868397945
1306,15,7,7.655731318452548e-09,46;69;64;60;54,1305,minor,7.74968977879098e-12
1307,15,7,-8.520195659827772e-09,43;29;47;20,1306,minor,0.006777113934270773
1308,15,8,-5.51595975540732e-09,45;58;52;47,1307,minor,0.006623110923533404
1309,15,8,-8.049091425409242e-09,43;29;47,1308,minor,0.0032808625834576666
1310,15,8,-5.515959748342589e-09,45;58;52;50;54;17,1309,minor,0.0066231109273936495
1311,15,8,2397.7651966316816,45;59;60;54;17,1310,major,599.9801919951449
1312,15,8,2.234803395448271,46;68;60;54;17,1311,minor,1.7960388731808052e-10
1313,15,8,-8.049091424155455e-09,43;29;50;54;17,1312,minor,0.0032808625873181896
1314,15,9,4000.0,43;26,1313,major,999.9999999887674
1315,15,10,16000.0,43,1314,major,3999.9999999929687
1316,15,11,221.47935399028117,44;40,1315,minor,1.3792338656969498
1317,15,11,5378.520646009719,43;27,1316,major,1398.62076612196
1318,15,12,109.2257428941452,44;40;33,1317,minor,1.0638683600800114
1319,15,12,2.595239560795007e-07,46;69;66;74;38,1318,minor,0.0007725173584629541
1320,15,12,2.5952396404692384e-07,46;70;73;74;38,1319,minor,1.5825546621112712
1321,15,12,2690.7742563411057,43;27;33,1320,major,694.982717707945
1322,15,12,2.595239696316255e-07,44;42;73;74;38,1321,minor,2.2210560570945437
1323,15,12,-5.5340674516866785e-09,46;70;71;40;33,1322,minor,0.1021044621900371
1324,15,12,-8.288397248739892e-09,45;58;52;48;27;33,1323,minor,0.04692622008854852
1325,15,13,8.820465356776777,46;69;66;74,1324,minor,0.029467952464455993
1326,15,13,8.098173640648211,46;70;73;74,1325,minor,4.79952074873302
1327,15,13,7.216940433913749,44;42;73;74,1326,minor,6.391442689923952
1328,15,13,2775.864420568661,44;40;33;37,1327,major,688.779568573372
1329,15,14,5200.0,44,1328,major,1299.9999999782626
1330,15,16,4800.0000000065465,45;58;52,1329,major,1199.9999999719153
1331,15,16,-6.546585879843949e-09,43;29,1330,minor,5.371147970834045e-12
1332,15,17,6000.0,45;58,1331,major,1499.999999989557
1333,15,18,-5.515959744184901e-09,45;58;52;50,1332,minor,0.019206923202990667
1334,15,18,797.789181333959,45;59;60,1333,major,199.9297959359786
1335,15,18,2.2108186719504124,46;68;60,1334,minor,0.022548628065378884
1336,15,18,-8.049091423403091e-09,43;29;50,1335,minor,0.015864674878853235
1337,15,18,7.655731389922117e-09,46;69;64;60,1336,minor,0.012583812297288749
1338,15,19,3200.0,45,1337,major,799.9999999977206
1339,15,20,4397.877324578121,45;59,1338,major,1099.9999999761926
1340,15,20,2.1226754218786352,46;68,1339,minor,5.5188908998360375e-12
1341,15,21,3200.0,46;69,1340,major,800.0000000085084
1342,15,22,10400.0,46,1341,major,2600.0000000047216
1343,15,23,2411.63317546834,46;70,1342,major,970.0708740401158
1344,15,23,1588.366824530442,44;42,1343,minor,28.002057306380742
1345,15,23,1.2176677150695695e-09,46;69;66;76,1344,minor,1.927068617014367
1346,15,24,624.1372123939625,46;69;66,1345,major,316.3041932311602
1347,15,24,514.1438102605719,46;70;73,1346,minor,35.9188899209493
1348,15,24,461.7189773454655,44;42;73,1347,minor,47.77691672357907
1349,16,1,1504.0818338061802,47;19;14;3,1348,major,499.4739236065984
1350,16,1,495.918165445706,50;54;17;19;14;3,1349,minor,0.2609186784354991
1351,16,1,3.4841998025603093e-07,47;19;15;11;8;5,1350,minor,0.07085004556346497
1352,16,1,3.068089255782256e-08,48;26;23;11;8;5,1351,minor,0.07023186484747235
1353,16,1,3.0680931098039884e-08,48;27;31;8;5,1352,minor,0.005367467262709424
1354,16,1,-5.622354738200962e-09,48;27;33;35;5,1353,minor,0.043880134912948204
1355,16,1,3.484200295913659e-07,50;54;17;19;15;11;8;5,1354,minor,0.07085004556732727
1356,16,1,-4.465656877758066e-09,48;26;23;12;14;3,1355,minor,0.003977619552071321
1357,16,2,1152.89342613935,47;19;14,1356,major,399.58376097706656
1358,16,2,447.1065738606498,50;54;17;19;14,1357,minor,0.4162384856988073
1359,16,3,23.678453113306425,47;19;15;11;8,1358,minor,0.38820552215841486
1360,16,3,3.5889390627126786e-08,48;26;23;11;8,1359,minor,0.07752711019271297
1361,16,3,3.5889442773315114e-08,48;27;31;8,1360,minor,0.01266271243902617
1362,16,3,-5.5682260944412486e-09,48;27;33;35,1361,minor,0.0511753799634993
1363,16,3,21.911292649374555,50;54;17;19;15;11;8,1362,minor,0.3740481733825902
1364,16,3,468.7288669368312,47;19;14;3;2,1363,major,198.3318574604845
1365,16,3,9.388906758927606e-09,49;51;26;23;11;8,1364,minor,0.07704574096633565
1366,16,3,285.6813872215844,50;54;17;19;14;3;2,1365,minor,0.6246020073497134
1367,16,3,9.38891336627815e-09,49;51;27;31;8,1366,minor,0.012181344072117128
1368,16,3,-6.084996536384239e-09,49;51;27;33;35,1367,minor,0.05069401177839253
1369,16,4,2620.557448997864,47;19;15;11,1368,major,797.7856964224977
1370,16,4,3.588935968753282e-08,48;26;23;11,1369,minor,0.08677915698305433
1371,16,4,3.5889411304540075e-08,48;27;31,1370,minor,0.021914759229368808
1372,16,4,579.4425509303576,50;54;17;19;15;11,1371,minor,2.105609157279665
1373,16,5,1505.5782995996915,47;19;15,1372,major,499.8937284825656
1374,16,5,3.588935997506832e-08,48;26;23,1373,minor,0.003977619610244204
1375,16,5,494.4217003644188,50;54;17;19;15,1374,minor,0.10229339520814934
1376,16,6,3007.142957192525,47;19,1375,major,899.8080519837888
1377,16,6,592.8570428074746,50;54;17;19,1376,minor,0.19194755714924439
1378,16,7,5600.0,50;54,1377,major,1399.999999999517
1379,16,8,8800.0,47,1378,major,2199.9999999425736
1380,16,9,5600.0,48;26,1379,major,1399.9999999885029
1381,16,10,17600.0,48,1380,major,4399.999999992704
1382,16,11,5600.0,48;27,1381,major,1399.9999999869356
1383,16,12,-5.5027690761475106e-09,48;27;33,1382,minor,0.04358397167360813
1384,16,12,-6.034002661542493e-09,49;51;27;33,1383,minor,0.04310260348686723
1385,16,12,2799.999999991336,47;19;15;11;8;7,1384,major,699.7141975486236
1386,16,12,3.588935965866869e-08,48;26;23;11;8;7,1385,minor,0.07639964690972256
1387,16,12,-7.835752242369531e-09,49;53;57;44;40;33,1386,minor,0.11163757511646166
1388,16,12,-7.852992505377776e-09,49;53;57;46;69;66;74;38,1387,minor,0.011078147687841655
1389,16,13,-5.642337741831677e-09,48;27;33;37,1388,minor,0.03255921157173182
1390,16,13,-7.868604016924792e-09,49;53;57;46;69;66;74,1389,minor,0.019709009162458574
1391,16,13,2400.000000009808,50;56;62;66;74,1390,major,594.3437685700779
1392,16,13,-7.868604016585112e-09,49;53;57;46;70;73;74,1391,minor,1.6014909548833263
1393,16,13,-8.028518388294703e-09,49;53;59;62;66;74,1392,minor,0.034717844772248485
1394,16,13,2.21456230924965e-08,50;56;63;69;66;74,1393,minor,0.0532035856108132
1395,16,13,-8.679600966091985e-09,48;28;46;69;66;74,1394,minor,0.016235974984540158
1396,16,13,-7.868604016347533e-09,49;53;57;44;42;73;74,1395,minor,2.23999226952546
1397,16,13,-8.142441883516915e-09,49;53;59;63;69;66;74,1396,minor,0.023336503139141762
1398,16,13,2.2145623153958903e-08,50;56;63;70;73;74,1397,minor,1.634985542623247
1399,16,14,2800.000000018594,49;53;57;44,1398,major,699.9781115873532
1400,16,14,-6.5298350339840305e-09,48;27;34,1399,minor,0.003977619524388298
1401,16,14,-6.529835035703838e-09,48;28;44,1400,minor,0.006832595992974699
1402,16,14,-5.5340674900133584e-09,49;53;57;46;70;71,1401,minor,0.011078147786711012
1403,16,15,4800.00000000653,49;53;57,1402,major,1199.993167376237
1404,16,15,-6.5298350361311134e-09,48;28,1403,minor,0.006832596237591915
1405,16,17,11200.0,49,1404,major,2799.9999999828037
1406,16,18,2000.0,50,1405,major,499.9999999998695
1407,16,19,5200.0,49;53,1406,major,1299.999999974822
1408,16,20,6400.000000008028,50;56,1407,major,1599.9852943565031
1409,16,20,-8.028518388534023e-09,49;53;59,1408,minor,0.014705641625474886
1410,16,21,-7.868604016924733e-09,49;53;57;46;69,1409,minor,0.011078147722864778
1411,16,21,2400.0000000105742,50;56;62,1410,major,599.8959513358501
1412,16,21,-8.028518388294644e-09,49;53;59;62,1411,minor,0.026086983331964186
1413,16,21,2.2145623093796912e-08,50;56;63;69,1412,minor,0.044572724109607484
1414,16,21,-8.679600966091955e-09,48;28;46;69,1413,minor,0.007605113541446634
1415,16,21,-8.142441883516863e-09,49;53;59;63;69,1414,minor,0.014705641698365565
1416,16,22,-7.717247493142064e-09,49;53;57;46,1415,minor,0.0074506537113376015
1417,16,22,4800.0000000171385,50;56;63,1416,major,1199.9243944813393
1418,16,22,-8.028518388486141e-09,49;53;59;63,1417,minor,0.011078147686274992
1419,16,22,-8.623041646905224e-09,48;28;46,1418,minor,0.003977619528899856
1420,16,22,7.230490587697741e-09,50;56;62;65,1419,minor,0.05309908869495651
1421,16,23,-7.717247492769158e-09,49;53;57;46;70,1420,minor,0.07419358819780836
1422,16,23,2000.000000048595,50;56;63;70,1421,major,490.51532658520233
1423,16,23,-7.717247492492694e-09,49;53;57;44;42,1422,minor,0.7126949027916212
1424,16,23,-8.028518388218054e-09,49;53;59;63;70,1423,minor,0.0778210821831335
1425,16,23,-8.103232442034282e-09,49;53;57;46;69;66;76,1424,minor,1.9373742540767207
1426,16,23,-8.623041646396015e-09,48;27;34;42,1425,minor,0.7063668924570123
1427,16,23,-8.623041646771075e-09,48;28;46;70,1426,minor,0.07072055404559868
1428,16,23,7.2304903510082e-09,50;56;62;66;76,1427,minor,1.9822501709190756
1429,16,23,1.2176677176933599e-09,50;56;63;69;66;76,1428,minor,1.9708688233639382
1430,16,23,-8.230931966941552e-09,49;53;59;62;66;76,1429,minor,1.952383089810155
1431,16,24,-7.86860401646703e-09,49;53;57;46;69;66,1430,minor,0.011078147690413598
1432,16,24,1200.0000000128448,50;56;62;66,1431,major,292.22034159793765
1433,16,24,-7.868604016127337e-09,49;53;57;46;70;73,1432,minor,1.5928600934112815
1434,16,24,-8.02851838791193e-09,49;53;59;62;66,1433,minor,0.026086983299513478
1435,16,24,2.21456231759338e-08,50;56;63;69;66,1434,minor,0.0445727240771569
1436,16,24,-7.868604015889745e-09,49;53;57;44;42;73,1435,minor,2.2313614080534157
1437,16,24,-8.679600965917288e-09,48;28;46;69;66,1436,minor,0.007605113508995315
1438,16,24,-8.14244188318061e-09,49;53;59;63;69;66,1437,minor,0.014705641665915092
1439,16,24,2.2145623237367088e-08,50;56;63;70;73,1438,minor,1.6263546810895906
1440,16,24,-8.679600965445685e-09,48;27;34;42;73,1439,minor,2.2250333983006643
1441,17,1,-7.589258514182687e-09,52;47;19;14;3,1440,minor,0.011148821467982128
1442,17,1,-7.589258512364471e-09,52;50;54;17;19;14;3,1441,minor,0.01114882147184186
1443,17,1,-7.6053648943623e-09,52;47;19;15;11;8;5,1442,minor,0.07029408897761169
1444,17,1,-7.724126529198489e-09,52;48;26;23;11;8;5,1443,minor,0.06967591952880037
1445,17,1,-7.724126467491239e-09,52;48;27;31;8;5,1444,minor,0.004811522688574987
1446,17,1,-8.445378659446717e-09,52;48;27;33;35;5,1445,minor,0.04332419046216118
1447,17,1,1592.78642271877,51;26;23;11;8;5,1446,major,399.6807898554004
1448,17,1,-7.605364892565631e-09,52;50;54;17;19;15;11;8;5,1447,minor,0.07029408898147144
1449,17,1,7.213577340607469,51;27;31;8;5,1448,minor,1.1341128036690407e-10
1450,17,1,-5.094473452852984e-09,51;27;33;35;5,1449,minor,0.038512667746897294
1451,17,2,503.2300494460258,52;47;19;14,1450,major,199.67028646282773
1452,17,2,296.7699505539742,52;50;54;17;19;14,1451,minor,0.32971298228889023
1453,17,3,-7.605364891749588e-09,52;47;19;15;11;8,1452,minor,0.07758933403678059
1454,17,3,-7.724126526709893e-09,52;48;26;23;11;8,1453,minor,0.07697116458840325
1455,17,3,-7.724126464998308e-09,52;48;27;31;8,1454,minor,0.012106767748176983
1456,17,3,-8.445378658275717e-09,52;48;27;33;35,1455,minor,0.05061943552439341
1457,17,3,389.1113001533551,51;26;23;11;8,1456,major,99.52199818273287
1458,17,3,-7.605364889952821e-09,52;50;54;17;19;15;11;8,1457,minor,0.07758933404063972
1459,17,3,10.888699903685184,51;27;31;8,1458,minor,0.025154000671332888
1460,17,3,-5.094473440981804e-09,51;27;33;35,1459,minor,0.0458079127969066
1461,17,3,-7.605364926772455e-09,52;47;19;14;3;2,1460,minor,0.036333628515256566
1462,17,3,-5.2360741015423355e-09,53;57;44;40;31;8,1461,minor,0.07583021659177769
1463,17,4,-7.605364894530066e-09,52;47;19;15;11,1462,minor,0.08684138069627995
1464,17,4,-7.724126529358108e-09,52;48;26;23;11,1463,minor,0.0862232112484519
1465,17,4,-7.724126467651123e-09,52;48;27;31,1464,minor,0.021358814408226373
1466,17,4,1977.2426446418492,51;26;23;11,1465,major,499.43485945382366
1467,17,4,-7.605364892733417e-09,52;50;54;17;19;15;11,1466,minor,0.08684138070013986
1468,17,4,22.757355404517877,51;27;31,1467,minor,0.08065401098240743
1469,17,4,-5.236074113226638e-09,53;57;44;40;31,1468,minor,0.08508226324031753
1470,17,4,-5.236074427187486e-09,53;57;43;26;23;11,1469,minor,0.09150193016532049
1471,17,4,-5.23607415574924e-09,53;57;43;27;31,1470,minor,0.026637533405787617
1472,17,5,-7.605364893553292e-09,52;47;19;15,1471,minor,0.004039844494449385
1473,17,5,-7.724126528426511e-09,52;48;26;23,1472,minor,0.00342167504170425
1474,17,5,800.0000000359908,51;26;23,1473,major,199.94235293817292
1475,17,5,-7.605364891756596e-09,52;50;54;17;19;15,1474,minor,0.00403984449830877
1476,17,5,-7.819781913934223e-09,52;48;27;31;9,1475,minor,0.037445284263098455
1477,17,5,-5.236074423094054e-09,53;57;43;26;23,1476,minor,0.008700394061579964
1478,17,6,1506.7533854496685,52;47;19,1477,major,499.83724806842775
1479,17,6,493.2466145503317,52;50;54;17;19,1478,minor,0.16275145486307974
1480,17,7,4000.000000003872,52;50;54,1479,major,999.9937788124765
1481,17,7,-3.871923111583748e-09,52;47;20,1480,minor,0.006221169401694426
1482,17,8,4956.970655111113,52;47,1481,major,1399.9308476813135
1483,17,8,643.0293448888867,52;50;54;17,1482,minor,0.06915224361224381
1484,17,9,-7.724126529642354e-09,52;48;26,1483,minor,0.0001408123092787733
1485,17,9,3600.0000000077243,51;26,1484,major,899.9998591792495
1486,17,10,-7.724126529909613e-09,52;48,1485,minor,0.0034216750106351654
1487,17,10,15600.000000007723,51,1486,major,3899.996578320751
1488,17,11,-7.724126529677102e-09,52;48;27,1487,minor,0.03416442153405269
1489,17,11,4000.000000018196,51;27,1488,major,999.8285045576512
1490,17,11,-5.236074386223835e-09,53;57;44;40,1489,minor,0.09788787035021351
1491,17,11,-5.2360744285892465e-09,53;57;43;27,1490,minor,0.03944314051568454
1492,17,12,-7.724126529468706e-09,52;48;27;33,1491,minor,0.04302802720949073
1493,17,12,2400.0000000520354,51;27;33,1492,major,595.8737900948757
1494,17,12,-5.23607438530753e-09,53;57;44;40;33,1493,minor,0.10675147601462609
1495,17,12,-5.3188160440500845e-09,53;57;46;69;66;74;38,1494,minor,0.006192048716877452
1496,17,12,-5.318816042397285e-09,53;57;46;70;73;74;38,1495,minor,1.5879739924211416
1497,17,12,-6.026666262670089e-09,53;59;62;66;74;38,1496,minor,0.02120088431225986
1498,17,12,-5.2360744276734716e-09,53;57;43;27;33,1497,minor,0.048306746180095006
1499,17,12,-5.392398887820112e-09,52;47;19;15;11;8;7,1498,minor,0.07646187068513222
1500,17,12,-5.3188160412411785e-09,53;57;44;42;73;74;38,1499,minor,2.2264753062492524
1501,17,12,-6.4637603112662385e-09,53;59;63;69;66;74;38,1500,minor,0.009819542691360483
1502,17,13,-5.23607388780032e-09,53;57;46;69;66;74,1501,minor,0.014822910179791052
1503,17,13,-5.2360738860877255e-09,53;57;46;70;73;74,1502,minor,1.5966048538186155
1504,17,13,-5.967214285917598e-09,53;59;62;66;74,1503,minor,0.029831745777955332
1505,17,13,-7.72412652936448e-09,52;48;27;33;37,1504,minor,0.03200326709309781
1506,17,13,-5.236073884889703e-09,53;57;44;42;73;74,1505,minor,2.235106167620313
1507,17,13,-6.416746513432888e-09,53;59;63;69;66;74,1506,minor,0.018450404159396194
1508,17,13,-6.416746512525907e-09,53;59;63;70;73;74,1507,minor,1.6002323487320034
1509,17,13,2000.0000000527052,51;27;33;37,1508,major,494.31319259367046
1510,17,13,-5.236073896131458e-09,52;50;56;62;66;74,1509,minor,0.06402898226770151
1511,17,13,-5.236074384849524e-09,53;57;44;40;33;37,1510,minor,0.09572671591194692
1512,17,14,2800.00000000868,53;57;44,1511,major,699.9965782929628
1513,17,14,-8.679600966496092e-09,52;48;27;34,1512,minor,0.003421675015873371
1514,17,15,6000.0,53;57,1513,major,1499.9999999898137
1515,17,16,11200.0,52,1514,major,2799.999999982509
1516,17,18,2400.0,52;50,1515,major,599.9999999822521
1517,17,19,6800.0,53,1516,major,1699.999999992168
1518,17,20,1.6276623707442572e-08,53;59,1517,minor,0.009819542702424064
1519,17,20,6799.999999983723,52;50;56,1518,major,1699.990180437807
1520,17,21,484.23144223955006,53;57;46;69,1519,minor,0.13639826095832586
1521,17,21,1.6276623766974533e-08,53;59;62,1520,minor,0.021200884455850916
1522,17,21,4.458163985830342e-09,53;59;63;69,1521,minor,0.009819542716451302
1523,17,21,1915.768557739715,52;50;56;62,1522,major,599.8325812405137
1524,17,22,6799.999999995542,53;57;46,1523,major,1699.9938079457131
1525,17,22,4.4581639133926135e-09,53;59;63,1524,minor,0.006192048711674045
1526,17,23,1360.0094282489963,53;57;46;70,1525,major,571.0817271097969
1527,17,23,1039.9905717311424,53;57;44;42,1526,minor,22.837016019330573
1528,17,23,4.458163937743381e-09,53;59;63;70,1527,minor,0.07293498308938463
1529,17,23,1.217667725012201e-09,53;57;46;69;66;76,1528,minor,1.932488148459855
1530,17,23,-2.138472462326604e-09,53;59;62;66;76,1529,minor,1.94749698491359
1531,17,23,2.2145622857884783e-08,52;50;56;63;70,1530,minor,0.10713222052418331
1532,17,23,-3.683286648543798e-09,53;59;63;69;66;76,1531,minor,1.9361156448081418
1533,17,23,-2.13847241771404e-09,53;59;62;65;70,1532,minor,0.0850888419014055
1534,17,24,266.44548308932474,53;57;46;69;66,1533,minor,0.10126328160470965
1535,17,24,245.6607205480451,53;57;46;70;73,1534,minor,24.939823871577858
1536,17,24,1.6276623969413607e-08,53;59;62;66,1535,minor,0.021200884423400124
1537,17,24,233.11747696818568,53;57;44;42;73,1536,minor,34.06707127793122
1538,17,24,4.458164050409881e-09,53;59;63;69;66,1537,minor,0.009819542684000898
1539,17,24,4.458164062023152e-09,53;59;63;70;73,1538,minor,1.5916014857075826
1540,17,24,454.7763193471056,52;50;56;62;66,1539,major,239.2252026649422
1541,17,24,2.2145623455833084e-08,52;50;56;63;69;66,1540,minor,0.04401677956062364
1542,18,1,399.99999946590606,54;17;19;14;3,1541,major,99.73832132981526
1543,18,1,8.74589630048299e-08,55;47;19;14;3,1542,minor,0.012636470807037711
1544,18,1,3.4842004567372545e-07,54;17;19;15;11;8;5,1543,minor,0.05498536799390874
1545,18,1,6.662393379262423e-08,55;47;19;15;11;8;5,1544,minor,0.07178173993027115
1546,18,1,1.870074214306304e-08,55;48;26;23;11;8;5,1545,minor,0.07116356875388885
1547,18,1,1.8700758552715172e-08,55;48;27;31;8;5,1546,minor,0.006299171557666239
1548,18,1,-5.810536366535875e-09,55;48;27;33;35;5,1547,minor,0.04481183923818212
1549,18,4,399.9999998701429,54;17;19;15;11,1548,major,99.8011131636911
1550,18,4,8.745896305327023e-08,55;47;19;15;11,1549,minor,0.08832903305740752
1551,18,4,2.1199025070909537e-08,55;48;26;23;11,1550,minor,0.08771086067391974
1552,18,4,2.11990449832669e-08,55;48;27;31,1551,minor,0.022846463396673677
1553,18,6,399.99999991254106,54;17;19,1552,major,99.99119121004775
1554,18,6,8.745896306021357e-08,55;47;19,1553,minor,0.0088083562548485
1555,18,7,800.0,54,1554,major,199.99999999961474
1556,18,8,1200.0,54;17,1555,major,299.9999999679331
1557,18,9,-7.551810896931095e-09,55;48;26,1556,minor,0.0016284611436590268
1558,18,9,800.0000000075519,54;17;21,1557,major,199.99837150579165
1559,18,10,2800.0,55;48,1558,major,699.9999999923762
1560,18,11,799.9999999764253,55;48;27,1559,major,199.96482928428645
1561,18,11,2.3574695199721243e-08,55;49;51;27,1560,minor,0.03517070244858661
1562,18,12,-5.763273679219105e-09,55;48;27;33,1561,minor,0.04451567600036708
1563,18,12,799.9999996094978,56;62;66;74;38,1562,major,196.40287015418963
1564,18,12,2.831725150496438e-07,54;17;19;15;11;8;7,1563,minor,0.06115314884202361
1565,18,12,2.21456232573937e-08,56;63;69;66;74;38,1564,minor,0.028708049089369886
1566,18,12,2.2145623319115296e-08,56;63;70;73;74;38,1565,minor,1.6104900061018044
1567,18,12,-6.2379940035063706e-09,55;49;51;27;33,1566,minor,0.04403430781256723
1568,18,12,6.314164598510255e-08,55;47;19;15;11;8;7,1567,minor,0.0779495217686813
1569,18,12,1.819775984601372e-08,55;48;26;23;11;8;7,1568,minor,0.0773313505607815
1570,18,12,1.2176678497027036e-09,56;62;65;70;73;74;38,1569,minor,1.6226438481406924
1571,18,12,-7.51753580215488e-09,54;17;22;48;27;33,1570,minor,0.03030340261072797
1572,18,13,399.9999998598754,56;62;66;74,1571,major,94.93182132966413
1573,18,13,2.2145623507124423e-08,56;63;69;66;74,1572,minor,0.03733891062551345
1574,18,13,2.2145623568900124e-08,56;63;70;73;74,1573,minor,1.6191208676379472
1575,18,13,-5.828841860412267e-09,55;48;27;33;37,1574,minor,0.033490915895880644
1576,18,13,1.2176678878628876e-09,56;62;65;70;73;74,1575,minor,1.631274709586521
1577,18,13,-7.914219363439061e-09,55;49;53;57;46;69;66;74,1576,minor,0.020640713484992773
1578,18,13,-6.078829010624638e-09,56;61;57;46;69;66;74,1577,minor,0.038111427677410506
1579,18,13,-7.914219363113787e-09,55;49;53;57;46;70;73;74,1578,minor,1.6024226592419373
1580,18,13,1.3041943611290212e-07,54;17;19;15;11;8;7;37,1579,minor,0.05012838337862169
1581,18,13,-8.067608424368553e-09,55;49;53;59;62;66;74,1580,minor,0.03564954909508278
1582,18,14,-5.5438893245514545e-09,55;49;53;57;44,1581,minor,0.011237334491051243
1583,18,14,377.6724340729744,56;61;57;44,1582,major,95.89901404789663
1584,18,14,-8.049091421547698e-09,55;48;27;34,1583,minor,0.0049093238495564046
1585,18,14,10.590965746073294,56;63;67;44,1584,minor,0.09773800859904846
1586,18,14,11.736600179685317,56;63;70;71,1585,minor,0.1024543576990169
1587,18,14,-8.049091422096232e-09,55;48;28;44,1586,minor,0.007764300320312077
1588,18,14,7.230497925364273e-09,56;62;66;76;71,1587,minor,1.9032700556684508
1589,18,14,1.2176706276669502e-09,56;63;69;66;76;71,1588,minor,1.8918887083507556
1590,18,14,7.230498665842752e-09,56;62;65;67;44,1589,minor,0.04086190777044163
1591,18,14,7.2304981909841714e-09,56;62;65;70;71,1590,minor,0.0408619079145508
1592,18,15,-5.543889331143978e-09,55;49;53;57,1591,minor,0.011237334735668819
1593,18,15,789.2555551530293,56;61;57,1592,major,199.8417534607605
1594,18,15,10.74444485333328,56;63;67,1593,minor,0.0983829691188624
1595,18,15,-8.049091423345413e-09,55;48;28,1594,minor,0.007764300564929716
1596,18,15,7.230498553824761e-09,56;62;65;67,1595,minor,0.04086190801505972
1597,18,16,2000.0,55,1596,major,499.99999999986824
1598,18,17,2400.0,55;49,1597,major,599.9999999825457
1599,18,19,-5.543889333232511e-09,55;49;53,1598,minor,0.012009851991838433
1600,18,19,1200.000000005544,56;61,1599,major,299.98799012350736
1601,18,20,1600.0,56,1600,major,399.99999999822154
1602,18,21,399.99999998576857,56;62,1601,major,99.95928204519562
1603,18,21,2.2145623509902483e-08,56;63;69,1602,minor,0.02870804912430716
1604,18,21,-7.914219363429049e-09,55;49;53;57;46;69,1603,minor,0.012009852045201483
1605,18,22,1200.000000000539,56;63,1604,major,299.9543832192015
1606,18,22,7.230490637801697e-09,56;62;65,1605,minor,0.03723441382796766
1607,18,22,-7.769492023324291e-09,55;49;53;57;46,1606,minor,0.008382358033548976
1608,18,23,400.0000000053944,56;63;70,1607,major,95.09328504261381
1609,18,23,7.230490511097692e-09,56;62;66;76,1608,minor,1.9663854960520868
1610,18,23,1.2176677788910666e-09,56;63;69;66;76,1609,minor,1.9550041485446459
1611,18,23,7.230490771287791e-09,56;62;65;70,1610,minor,0.10397734829819462
1612,18,23,-7.76949202129323e-09,55;49;53;57;46;70,1611,minor,0.07512529252176285
1613,18,23,-5.534067934758541e-09,56;61;57;46;70,1612,minor,0.09259600664439549
1614,18,23,-7.769492021029392e-09,55;49;53;57;44;42,1613,minor,0.7136266071322552
1615,19,1,-7.922092378515776e-09,58;52;47;19;14;3,1614,minor,0.015819531822344524
1616,19,1,-7.922092377162668e-09,58;52;50;54;17;19;14;3,1615,minor,0.015819531826204103
1617,19,1,-7.934069429980224e-09,58;52;47;19;15;11;8;5,1616,minor,0.07496479934169886
1618,19,1,6.548693494523011,57;44;40;31;8;5,1617,minor,0.17128646803686376
1619,19,1,-8.023070576081812e-09,58;52;48;26;23;11;8;5,1618,minor,0.0743466298919574
1620,19,1,-6.1276357989983844e-09,59;60;54;17;19;14;3,1619,minor,0.012051397431125238
1621,19,1,-5.182161639564616e-09,57;46;69;66;74;38;35;5,1620,minor,0.0002961632408630399
1622,19,1,-5.094473405560686e-09,57;44;40;33;35;5,1621,minor,0.1008555905317352
1623,19,1,-8.023070529793235e-09,58;52;48;27;31;8;5,1622,minor,0.009482233042036436
1624,19,1,1193.4513065617057,57;43;26;23;11;8;5,1623,major,299.52507762657973
1625,19,2,-5.51595974477973e-09,58;52;47;19;14,1624,minor,0.023777847204739133
1626,19,2,-5.515959737825444e-09,58;52;50;54;17;19;14,1625,minor,0.023777847208598518
1627,19,2,399.99999992357294,59;60;54;17;19;14,1626,major,99.91563767692153
1628,19,2,8.745896305919905e-08,59;60;55;47;19;14,1627,minor,0.03680609350736201
1629,19,4,-7.934069429526214e-09,58;52;47;19;15;11,1628,minor,0.09151209106308755
1630,19,4,8.498797924255472,57;44;40;31,1629,minor,0.24314058665927352
1631,19,4,-8.023070575646591e-09,58;52;48;26;23;11,1630,minor,0.09089392161408216
1632,19,4,777.012159023887,57;43;26;23;11,1631,major,199.1814019029224
1633,19,4,-8.02307052935735e-09,58;52;48;27;31,1632,minor,0.026029524764160428
1634,19,4,5.050446076215322e-09,58;51;26;23;11,1633,minor,0.08608239883641483
1635,19,4,-7.934069428186951e-09,58;52;50;54;17;19;15;11,1634,minor,0.09151209106694713
1636,19,4,14.48904307983997,57;43;27;31,1635,minor,0.08046549798094693
1637,19,4,-6.1690256148261235e-09,59;60;54;17;19;15;11,1636,minor,0.08774395660522244
1638,19,4,5.050448671255948e-09,58;51;27;31,1637,minor,0.021218002082903142
1639,19,5,-7.934069428369518e-09,58;52;47;19;15,1638,minor,0.0087105548476481
1640,19,5,-8.023070574534826e-09,58;52;48;26;23,1639,minor,0.008092385394958046
1641,19,5,399.99999995567407,57;43;26;23,1640,major,99.77089976158483
1642,19,5,5.0504461382195895e-09,58;51;26;23,1641,minor,0.0032808627403594914
1643,19,5,-7.934069427030207e-09,58;52;50;54;17;19;15,1642,minor,0.008710554851507568
1644,19,5,-6.169025611189036e-09,59;60;54;17;19;15,1643,minor,0.004942420462856728
1645,19,5,4.18726802294991e-08,57;44;40;31;9,1644,minor,0.09497668610077148
1646,19,5,-8.095647711827115e-09,58;52;48;27;31;9,1645,minor,0.04211599462117621
1647,19,5,4.187267499677498e-08,57;43;27;31;9,1646,minor,0.03653195519563257
1648,19,5,-6.313920222478313e-09,59;60;55;47;19;15,1647,minor,0.021738799640411727
1649,19,6,-5.515959751122061e-09,58;52;47;19,1648,minor,0.01199141740796622
1650,19,6,-5.515959744122141e-09,58;52;50;54;17;19,1649,minor,0.0119914174118263
1651,19,6,800.000000011032,59;60;54;17;19,1650,major,199.9760167082016
1652,19,7,-5.515959747282171e-09,58;52;50;54,1651,minor,0.007395628412289301
1653,19,7,1600.0000000129264,59;60;54,1652,major,399.98171246816264
1654,19,7,-7.41064454959706e-09,58;52;47;20,1653,minor,0.010891879764014623
1655,19,8,-5.515959755830069e-09,58;52;47,1654,minor,0.007395628408907784
1656,19,8,-5.515959748636562e-09,58;52;50;54;17,1655,minor,0.00739562841276753
1657,19,8,2800.000000011032,59;60;54;17,1656,major,699.9852086878437
1658,19,9,-8.023070576288455e-09,58;52;48;26,1657,minor,0.004811522662042378
1659,19,9,1600.000000002973,57;43;26,1658,major,399.99518846372115
1660,19,9,5.0504460403470236e-09,58;51;26,1659,minor,1.2320311437719056e-11
1661,19,10,-8.023070576744616e-09,58;52;48,1660,minor,0.00809238536388912
1662,19,10,7200.000000002972,57;43,1661,major,1799.988626742451
1663,19,10,5.050446014891275e-09,58;51,1662,minor,0.003280862709290955
1664,19,11,106.82172134249852,57;44;40,1663,minor,0.9521440891357758
1665,19,11,-8.023070576241253e-09,58;52;48;27,1664,minor,0.038835131891902186
1666,19,11,1493.178278666008,57;43;27,1665,major,398.88252881569855
1667,19,11,5.0504460429900054e-09,58;51;27,1666,minor,0.03402360919161029
1668,19,11,-5.534067450185696e-09,57;46;70;71;40,1667,minor,0.09246833926813958
1669,19,12,82.36710648166721,57;44;40;33,1668,minor,0.9181637751377609
1670,19,12,2.595239699821938e-07,57;46;69;66;74;38,1669,minor,4.191938463016243e-12
1671,19,12,-8.023070576015181e-09,58;52;48;27;33,1670,minor,0.047698737568664995
1672,19,12,2.595239779616584e-07,57;46;70;73;74;38,1671,minor,1.5817821447570106
1673,19,12,1117.6328927213472,57;43;27;33,1672,major,293.5851388068522
1674,19,12,1.3942403990970804e-08,59;62;66;74;38,1673,minor,0.015008835656787012
1675,19,12,2.595239835546254e-07,57;44;42;73;74;38,1674,minor,2.2202835397402874
1676,19,12,5.050446055641553e-09,58;51;27;33,1675,minor,0.04288721485519925
1677,19,12,3.722063906039488e-09,59;63;69;66;74;38,1676,minor,0.003627493970158935
1678,19,12,3.7220639169869644e-09,59;63;70;73;74;38,1677,minor,1.585409436411566
1679,19,13,8.9535190004998,57;46;69;66;74,1678,minor,0.027229675739845194
1680,19,13,8.492512979625193,57;46;70;73;74,1679,minor,4.900049445624526
1681,19,13,1.6276633142605196e-08,59;62;66;74,1680,minor,0.02363969718511888
1682,19,13,7.3774772334257825,57;44;42;73;74,1681,minor,6.451340467187428
1683,19,13,4.458167020501476e-09,59;63;69;66;74,1682,minor,0.01225835543130796
1684,19,13,4.458167032459384e-09,59;63;70;73;74,1683,minor,1.5940402984548925
1685,19,13,1175.1764907714178,57;44;40;33;37,1684,major,285.3485738906576
1686,19,13,-8.023070583303906e-09,58;52;48;27;33;37,1685,minor,0.03667397745062406
1687,19,13,-2.1384712071266113e-09,59;62;65;70;73;74,1686,minor,1.606194155502663
1688,19,14,1200.0,57;44,1687,major,299.9999999758707
1689,19,15,3200.0,57,1688,major,799.9999999976924
1690,19,16,5200.0,58;52,1689,major,1299.9999999742422
1691,19,17,6800.0,58,1690,major,1699.999999991883
1692,19,18,-5.515959746228712e-09,58;52;50,1691,minor,0.01997944068836477
1693,19,18,1200.000000005516,59;60,1692,major,299.9800205360408
1694,19,20,4800.0,59,1693,major,1199.9999999785196
1695,19,21,1599.999999979265,57;46;69,1694,major,399.9813636764348
1696,19,21,1.6276623604100212e-08,59;62,1695,minor,0.015008835709240567
1697,19,21,4.45816393341004e-09,59;63;69,1696,minor,0.0036274940064313227
1698,19,22,4799.999999995542,57;46,1697,major,1200.0000000023097
1699,19,22,4.458163916399211e-09,59;63,1698,minor,1.6541629177524442e-12
1700,19,23,641.0009117267292,57;46;70,1699,major,279.4623867660859
1701,19,23,558.9990882697335,57;44;42,1700,minor,16.603269221642066
1702,19,23,4.458163969018882e-09,59;63;70,1701,minor,0.06674293437936468
1703,19,23,1.2176677503294335e-09,57;46;69;66;76,1702,minor,1.926296099759869
1704,19,23,-2.138472451029778e-09,59;62;66;76,1703,minor,1.9413049362107517
1705,19,24,138.5026610580741,57;46;69;66,1704,major,54.80905376662846
1706,19,24,132.6457442709,57;46;70;73,1705,minor,18.286230066343546
1707,19,24,1.627662437979297e-08,59;62;66,1706,minor,0.015008835676790122
1708,19,24,128.85159464583296,57;44;42;73,1707,minor,25.30067026135854
1709,19,24,4.458164182560679e-09,59;63;69;66,1708,minor,0.003627493973980739
1710,19,24,4.4581641941729985e-09,59;63;70;73,1709,minor,1.5854094369975633
1711,20,1,6.923054601941247e-08,60;54;17;19;14;3,1710,minor,0.008423903759505344
1712,20,1,1199.999999764759,62;66;74;38;35;5,1711,major,296.53747487912443
1713,20,1,3.37020943446708e-08,60;55;47;19;14;3,1712,minor,0.02522028301706844
1714,20,1,5.488676747090772e-08,60;54;17;19;15;11;8;5,1713,minor,0.0675691726068649
1715,20,1,2.21456231747686e-08,63;69;66;74;38;35;5,1714,minor,0.0002961632762971955
1716,20,1,-8.108629854747453e-09,61;58;52;47;19;14;3,1715,minor,0.016592049209382675
1717,20,1,2.214562323647749e-08,63;70;73;74;38;35;5,1716,minor,1.5820781202887317
1718,20,1,2.8952579499472978e-08,60;55;47;19;15;11;8;5,1717,minor,0.0843655510980097
1719,20,1,1.2176678370543047e-09,62;65;70;73;74;38;35;5,1718,minor,1.5942319626249188
1720,20,1,1.1068649291636384e-08,60;55;48;26;23;11;8;5,1719,minor,0.08374738088959671
1721,20,2,399.9999999286658,60;54;17;19;14,1720,major,99.91772015771018
1722,20,2,8.745896305976676e-08,60;55;47;19;14,1721,minor,0.03317859942244111
1723,20,2,-8.062374794555553e-09,61;58;52;47;19;14,1722,minor,0.02455036462055782
1724,20,2,-8.062374793320963e-09,61;58;52;50;54;17;19;14,1723,minor,0.024550364624417953
1725,20,4,1199.99999983089,60;54;17;19;15;11,1724,major,299.30720076991236
1726,20,4,8.74589592620361e-08,60;55;47;19;15;11,1725,minor,0.10091284594531982
1727,20,4,-8.062374796054921e-09,61;58;52;47;19;15;11,1726,minor,0.09228460845450304
1728,20,4,2.1199024411042922e-08,60;55;48;26;23;11,1727,minor,0.10029467314493068
1729,20,4,2.1199047327084253e-08,61;57;44;40;31,1728,minor,0.07966273254816969
1730,20,4,-8.140874347058541e-09,61;58;52;48;26;23;11,1729,minor,0.09166643900501142
1731,20,4,2.119904431395131e-08,60;55;48;27;31,1730,minor,0.0354302758676847
1732,20,4,2.1199086125508125e-08,63;67;44;40;31,1731,minor,0.07966273266910817
1733,20,4,2.119902431759189e-08,61;57;43;26;23;11,1732,minor,0.08608239952440971
1734,20,4,-8.140874304381124e-09,61;58;52;48;27;31,1733,minor,0.026802042151269134
1735,20,5,399.9999998730568,60;54;17;19;15,1734,major,99.92594892522968
1736,20,5,8.745896304800317e-08,60;55;47;19;15,1735,minor,0.018111306437489344
1737,20,5,-8.062374794560186e-09,61;58;52;47;19;15,1736,minor,0.009483072233751777
1738,20,5,2.119902507033504e-08,60;55;48;26;23,1737,minor,0.017493136380312135
1739,20,5,-8.140874345624978e-09,61;58;52;48;26;23,1738,minor,0.008864902781010264
1740,20,5,2.119902497684801e-08,61;57;43;26;23,1739,minor,0.0032808627597915585
1741,20,5,2.1199063176024875e-08,63;67;43;26;23,1740,minor,0.0032808628807279305
1742,20,5,1.5274656416803478e-10,61;58;51;26;23,1741,minor,0.004053380114814875
1743,20,5,-8.062374793325615e-09,61;58;52;50;54;17;19;15,1742,minor,0.009483072237611523
1744,20,6,1199.9999999206034,60;54;17;19,1743,major,299.9658434606134
1745,20,6,8.745895926399698e-08,60;55;47;19,1744,minor,0.021392169142760348
1746,20,6,-8.06237479605414e-09,61;58;52;47;19,1745,minor,0.012763934808778854
1747,20,7,2000.0,60;54,1746,major,499.9999999978744
1748,20,8,3599.999999920604,60;54;17,1747,major,899.9750354404545
1749,20,8,8.745895799861765e-08,60;55;47,1748,minor,0.016796379955405505
1750,20,8,-8.062374796554545e-09,61;58;52;47,1749,minor,0.008168145803868432
1751,20,9,-7.551810898144265e-09,60;55;48;26,1750,minor,0.014212273528802832
1752,20,9,-8.90626724655333e-09,61;58;52;48;26,1751,minor,0.0055840400500377085
1753,20,9,-7.551810898457415e-09,61;57;43;26,1752,minor,5.261402424849848e-12
1754,20,9,-7.551810755601259e-09,63;67;43;26,1753,minor,1.2619744138575584e-10
1755,20,9,-7.894330749310627e-09,61;58;51;26,1754,minor,0.0007725173978000988
1756,20,9,2400.00000007178,60;54;17;21,1755,major,599.9524177111658
1757,20,9,-7.718194853389962e-09,60;55;49;51;26,1756,minor,0.013730905331262394
1758,20,9,-7.856385589818258e-09,62;65;67;43;26,1757,minor,0.012153859057558392
1759,20,9,-8.487392326659921e-09,60;54;17;19;15;13,1758,minor,0.0011286584496244811
1760,20,9,-8.261653882158355e-09,60;54;17;22;48;26,1759,minor,9.987388693843968e-11
1761,20,10,3070.0075788122067,60;55;48,1760,major,8.583540984476894
1762,20,10,-8.02307057674351e-09,61;58;52;48,1761,minor,0.008864902749418646
1763,20,10,6919.111510964809,61;57;43,1762,major,2491.3922320061392
1764,20,10,10.880910225956947,63;67;43,1763,minor,0.011308706387176626
1765,20,10,5.050446014943632e-09,61;58;51,1764,minor,0.004053380093672232
1766,20,11,85.5613331079164,61;57;44;40,1765,minor,0.8603101041240571
1767,20,11,798.765552560318,60;55;48;27,1766,minor,1.3641168589188375
1768,20,11,-8.023070576139801e-09,61;58;52;48;27,1767,minor,0.03960764927743177
1769,20,11,9.667571447526475,63;67;44;40,1768,minor,0.3020131382736748
1770,20,11,10.538257776134191,63;70;71;40,1769,minor,0.31409655664375835
1771,20,11,1484.643455175869,61;57;43;27,1770,major,593.0453872959042
1772,20,11,5.050446048870081e-09,61;58;51;27,1771,minor,0.034796126575991404
1773,20,11,7.230498404274955e-09,62;66;76;71;40,1772,minor,1.9670303460609535
1774,20,11,10.82382992676069,63;67;43;27,1773,minor,0.11699288987315182
1775,20,11,1.217670809991004e-09,63;69;66;76;71;40,1774,minor,1.9556489985515668
1776,20,12,1999.9999999933327,62;66;74;38,1775,major,496.4139426151464
1777,20,12,2.2145623109425937e-08,63;69;66;74;38,1776,minor,3.711586593624361e-11
1778,20,12,2.2145623170731747e-08,63;70;73;74;38,1777,minor,1.58178195704955
1779,20,12,1.2176678268845887e-09,62;65;70;73;74;38,1778,minor,1.5939357993888386
1780,20,12,-6.020939531644969e-09,60;55;48;27;33,1779,minor,0.05709948838161458
1781,20,12,-6.020939503271205e-09,61;57;44;40;33,1780,minor,0.10133194472641693
1782,20,12,-6.07882901798951e-09,61;57;46;69;66;74;38,1781,minor,0.0007725173889713555
1783,20,12,-6.020939130734574e-09,63;67;44;40;33,1782,minor,0.10133194484735264
1784,20,12,-6.020939152824836e-09,63;70;71;40;33,1783,minor,0.10133194499146192
1785,20,12,-8.679258719562536e-09,61;58;52;48;27;33,1784,minor,0.04847125497009791
1786,20,13,2399.9999999605698,62;66;74,1785,major,596.7889857476664
1787,20,13,2.214562309372205e-08,63;69;66;74,1786,minor,0.008630861573258763
1788,20,13,2.2145623154743156e-08,63;70;73;74,1787,minor,1.5904128185856925
1789,20,13,1.2176678243327698e-09,62;65;70;73;74,1788,minor,1.6025666608346674
1790,20,13,-6.078829018297751e-09,61;57;46;69;66;74,1789,minor,0.00940337885577941
1791,20,14,1977.1048589288305,61;57;44,1790,major,496.23717705177717
1792,20,14,10.831154423771444,63;67;44,1791,minor,1.6238344002772465e-11
1793,20,14,12.06398663002336,63;70;71,1792,minor,5.379343637201828e-10
1794,20,14,7.230497751349189e-09,62;66;76;71,1793,minor,1.874562006830288
1795,20,14,1.2176705615688403e-09,63;69;66;76;71,1794,minor,1.863180659598902
1796,20,14,7.230498491460903e-09,62;65;67;44,1795,minor,0.012153858932279271
1797,20,14,7.230498016838802e-09,62;65;70;71,1796,minor,0.012153859076388551
1798,20,14,-5.534067489279086e-09,61;57;46;70;71,1797,minor,0.0007725175004751339
1799,20,15,4389.144727934222,61;57,1798,major,1099.9999999741265
1800,20,15,10.85527206577846,63;67,1799,minor,8.585117616810578e-10
1801,20,16,6400.000000008023,60;55,1800,major,1599.995112714941
1802,20,16,-8.0230705769296e-09,61;58;52,1801,minor,0.004887283225664396
1803,20,17,1.7278523343827874e-08,61;58,1802,minor,0.005443227763461955
1804,20,17,6799.999999982721,60;55;49,1803,major,1699.9945567530806
1805,20,18,1600.0,60,1804,major,399.99999999826434
1806,20,19,4800.0,61,1805,major,1199.999999977335
1807,20,21,4799.999999977855,62,1806,major,1199.999999948129
1808,20,21,2.2145623056833023e-08,63;69,1807,minor,7.20528359199335e-11
1809,20,22,9600.0,63,1808,major,2399.9999999929446
1810,20,23,2799.9999999843217,63;70,1809,major,696.0607570968551
1811,20,23,7.230490339566955e-09,62;66;76,1810,minor,1.9376774472139253
1812,20,23,1.217667713318514e-09,63;69;66;76,1811,minor,1.926296099792792
1813,20,23,7.230490599625181e-09,62;65;70,1812,minor,0.07526929946003212
1814,20,24,1599.9999999557087,62;66,1813,major,398.41821783190824
1815,20,24,2.2145623135216717e-08,63;69;66,1814,minor,3.9602529589011226e-11
1816,20,24,2.214562319636741e-08,63;70;73,1815,minor,1.5817819570520357
1817,21,1,400.0000000060712,66;74;38;35;5,1816,major,94.52604402547102
1818,21,1,1.2176678881683226e-09,65;70;73;74;38;35;5,1817,minor,1.582850620957188
1819,21,1,-5.213728953067656e-10,66;76;71;40;31;8;5,1818,minor,1.9262960990588907
1820,21,1,-6.767438934672466e-09,66;76;71;40;33;35;5,1819,minor,1.9648087728143158
1821,21,4,800.000000008699,66;74;38;35;6,1820,major,196.0219882173585
1822,21,4,1.2176686539172616e-09,66;76;71;40;31,1821,minor,1.9428433913953462
1823,21,4,1.2176689329325614e-09,65;67;44;40;31,1822,minor,0.08043524909650801
1824,21,4,1.2176687541778784e-09,65;70;71;40;31,1823,minor,0.08043524924061751
1825,21,4,1.217667183085233e-09,65;67;43;26;23;11,1824,minor,0.08685491600861217
1826,21,4,-6.6992539062325545e-09,66;74;38;36;31,1825,minor,0.019064602620414525
1827,21,4,1.2176686953627163e-09,65;67;43;27;31,1826,minor,0.02199051937940566
1828,21,4,-4.191598963459875e-09,64;60;54;17;19;15;11,1827,minor,0.08334394520128788
1829,21,4,1.217667849850246e-09,65;70;73;74;38;35;6,1828,minor,1.5789269637653685
1830,21,4,-5.114083173797249e-09,65;68;60;54;17;19;15;11,1829,minor,0.08411646262820746
1831,21,5,4.3128865086953024e-09,65;67;43;26;23,1830,minor,0.004053380077509883
1832,21,5,400.00000001399945,66;74;38;35;6;9,1831,major,97.76017688293744
1833,21,5,-3.4591973058623967e-09,64;60;54;17;19;15,1832,minor,0.0005424091405909492
1834,21,5,1.2176686923390202e-09,66;76;71;40;31;9,1833,minor,1.9589298611960937
1835,21,5,1.217668792620601e-09,65;70;71;40;31;9,1834,minor,0.09652171904136653
1836,21,5,1.2176689714137182e-09,65;67;44;40;31;9,1835,minor,0.09652171889725669
1837,21,5,-4.606020860242441e-09,65;68;60;54;17;19;15,1836,minor,0.0013149265291842183
1838,21,5,-8.418530386837862e-09,65;67;45;58;52;47;19;15,1837,minor,0.008710554838671114
1839,21,5,1.217668733792654e-09,65;67;43;27;31;9,1838,minor,0.03807698918015423
1840,21,5,-6.6992539031968215e-09,66;74;38;36;31;9,1839,minor,0.035151072465252425
1841,21,6,399.9999999252617,64;60;54;17;19,1840,major,99.88778127109141
1842,21,6,2.076409965967665e-08,65;68;60;54;17;19,1841,minor,0.004595789135670436
1843,21,6,-7.914219364610991e-09,65;67;45;58;52;47;19,1842,minor,0.01199141741125842
1844,21,6,8.745896305270907e-08,64;60;55;47;19,1843,minor,0.02061965172731159
1845,21,6,-8.062374794558353e-09,64;61;58;52;47;19,1844,minor,0.01199141742399773
1846,21,6,1.3382975663697985e-08,65;68;60;55;47;19,1845,minor,0.021392168355273355
1847,21,6,-8.177182018260448e-09,65;68;61;58;52;47;19,1846,minor,0.012763934814347067
1848,21,6,-8.699618879301255e-09,65;67;43;29;47;19,1847,minor,0.008649169066416162
1849,21,6,-7.914219363169434e-09,65;67;45;58;52;50;54;17;19,1848,minor,0.011991417415118666
1850,21,6,-6.100203503452234e-09,65;67;45;59;60;54;17;19,1849,minor,0.008223283023408384
1851,21,7,799.9999999932503,64;60;54,1850,major,199.98897683021514
1852,21,7,2.0764099270084692e-08,65;68;60;54,1851,minor,1.0109510450995174e-10
1853,21,7,-7.914219364477458e-09,65;67;45;58;52;50;54,1852,minor,0.007395628410070687
1854,21,7,-6.100203507868094e-09,65;67;45;59;60;54,1853,minor,0.0036274940225288765
1855,21,8,1599.9999999252618,64;60;54;17,1854,major,399.92914377398097
1856,21,8,2.0764099072965405e-08,65;68;60;54;17,1855,minor,1.0157313878877972e-10
1857,21,8,-7.914219366576948e-09,65;67;45;58;52;47,1856,minor,0.007395628406688282
1858,21,8,8.745895878902687e-08,64;60;55;47,1857,minor,0.0160238625399568
1859,21,8,-8.062374796241917e-09,64;61;58;52;47,1858,minor,0.007395628419086808
1860,21,8,1.3382975330840665e-08,65;68;60;55;47,1859,minor,0.016796379338136713
1861,21,8,-8.177182019791963e-09,65;68;61;58;52;47,1860,minor,0.0081681458091733
1862,21,8,-8.699618880053702e-09,65;67;43;29;47,1861,minor,0.0040533800600411896
1863,21,8,-7.914219365135496e-09,65;67;45;58;52;50;54;17,1862,minor,0.007395628410548694
1864,21,8,-6.100203510089875e-09,65;67;45;59;60;54;17,1863,minor,0.0036274940230069386
1865,21,9,1200.0000000392397,65;67;43;26,1864,major,296.0674824127669
1866,21,9,-8.288397248416829e-09,65;67;45;58;52;48;26,1865,minor,0.00481152265159368
1867,21,9,-1.309761588369344e-09,64;60;55;48;26,1866,minor,0.01343975610227277
1868,21,9,-3.22388040429689e-09,65;68;60;55;48;26,1867,minor,0.014212273502883954
1869,21,9,-3.0965914497646117e-09,65;67;45;58;51;26,1868,minor,1.2332357357536239e-12
1870,21,9,-7.465793932083491e-09,66;76;71;40;32;26,1869,minor,1.968173882942477
1871,21,9,-8.38945179711912e-09,64;61;58;52;48;26,1870,minor,0.004811522663687562
1872,21,9,-7.465793933019205e-09,66;76;72;67;43;26,1871,minor,1.9270686231828225
1873,21,10,4800.000000008289,65;67;43,1872,major,1199.9919076114013
1874,21,10,-8.2883972488553e-09,65;67;45;58;52;48,1873,minor,0.008092385353875686
1875,21,11,869.1031770452005,66;76;71;40,1874,major,397.0038660514999
1876,21,11,80.0167338123956,65;67;44;40,1875,minor,0.8392543825828236
1877,21,11,226.9392844035672,65;70;71;40,1876,minor,1.4077185821609408
1878,21,11,-5.323097272949904e-09,66;74;38;36,1877,minor,0.03187020971774912
1879,21,11,423.94080474416,65;67;43;27,1878,minor,0.717290565028005
1880,21,12,1199.9999999987824,66;74;38,1879,major,298.41744506040055
1881,21,12,1.2176678371056823e-09,65;70;73;74;38,1880,minor,1.582554457721108
1882,21,13,2400.0,66;74,1881,major,599.9999995183395
1883,21,14,1260.236678429967,66;76;71,1882,major,399.98044376963594
1884,21,14,87.17853676432091,65;67;44,1883,minor,0.007254201538711147
1885,21,14,252.58478480571208,65;70;71,1884,minor,0.012301833657059724
1886,21,15,3200.0,65;67,1885,major,800.0000000039523
1887,21,16,-7.868604016646628e-09,65;67;45;58;52,1886,minor,0.004114765828729716
1888,21,16,2400.000000011952,64;60;55,1887,major,599.9725951038286
1889,21,16,2.0764099059607063e-08,65;68;60;55,1888,minor,0.013515516801180655
1890,21,16,-8.02307057668525e-09,64;61;58;52,1889,minor,0.004114765840898538
1891,21,16,-8.682033438222e-09,65;67;43;29,1890,minor,0.0007725174808811408
1892,21,16,-8.142439239450889e-09,65;68;61;58;52,1891,minor,0.004887283230791628
1893,21,17,432.5143487691296,65;67;45;58,1892,minor,0.09724889415392468
1894,21,17,1.7278523408547862e-08,64;61;58,1893,minor,0.00467071037512079
1895,21,17,4.458322243387826e-09,65;68;61;58,1894,minor,0.005443227733405748
1896,21,17,1967.4856512091335,64;60;55;49,1895,major,599.8926371034404
1897,21,18,399.9999999871501,64;60,1896,major,99.96743669997092
1898,21,18,2.0764099671595776e-08,65;68;60,1897,minor,0.012583812473110106
1899,21,18,-7.91421936316269e-09,65;67;45;58;52;50,1898,minor,0.01997944070123492
1900,21,19,1599.999999978263,65;67;45,1899,major,399.999227484227
1901,21,19,1.7278523145028394e-08,64;61,1900,minor,7.633269016871225e-13
1902,21,19,4.458322146804868e-09,65;68;61,1901,minor,0.0007725173889884876
1903,21,20,4799.999999979235,64,1902,major,1199.9999999549364
1904,21,20,2.0764099219757065e-08,65;68,1903,minor,4.835548628179254e-12
1905,21,22,7200.0,65,1904,major,1800.0000000038099
1906,21,23,2518.733168523452,66;76,1905,major,698.9266311152743
1907,21,23,281.2668314765484,65;70,1906,minor,1.073368703345255
1908,21,24,2000.0,66,1907,major,499.9999998403517
1909,22,1,903.3081356064278,69;66;74;38;35;5,1908,major,357.6599867086253
1910,22,1,696.6918642104403,70;73;74;38;35;5,1909,minor,41.88460155340338
1911,22,1,5.1141813733050244e-08,67;44;40;31;8;5,1910,minor,0.06674293580029045
1912,22,1,5.114180836343861e-08,70;71;40;31;8;5,1911,minor,0.06674293594439984
1913,22,1,-5.4588213174514806e-09,67;44;40;33;35;5,1912,minor,0.10525560199012218
1914,22,1,-5.458821347004539e-09,70;71;40;33;35;5,1913,minor,0.10525560213423191
1915,22,1,-2.253478084651812e-09,68;60;54;17;19;14;3,1914,minor,0.011278880187274257
1916,22,1,5.114176221646372e-08,67;43;26;23;11;8;5,1915,minor,0.07316260287264037
1917,22,1,-8.263953828635202e-09,67;45;58;52;47;19;14;3,1916,minor,0.018674508527579126
1918,22,1,5.1141806602044185e-08,67;43;27;31;8;5,1917,minor,0.008298204624287042
1919,22,2,-2.1547442701642613e-09,68;60;54;17;19;14,1918,minor,0.01923719557476919
1920,22,2,-8.259043605510785e-09,67;45;58;52;47;19;14,1919,minor,0.026632823939875316
1921,22,2,-2.7392226675846567e-09,68;60;55;47;19;14,1920,minor,0.03603357472756674
1922,22,2,-4.5683230066649965e-09,69;64;60;54;17;19;14,1921,minor,0.01923719550635289
1923,22,2,-8.44614635326118e-09,68;61;58;52;47;19;14,1922,minor,0.02740534134398226
1924,22,2,-8.842546295105554e-09,67;43;29;47;19;14,1923,minor,0.023290575597855245
1925,22,2,-8.259043604556358e-09,67;45;58;52;50;54;17;19;14,1924,minor,0.026632823943734674
1926,22,2,-7.154108590647451e-09,67;45;59;60;54;17;19;14,1925,minor,0.02286468954620191
1927,22,2,400.00000005456974,69;66;74;38;35;5;1,1926,major,99.78379862810272
1928,22,2,-4.146540144418803e-09,67;43;26;23;12;14,1927,minor,0.014866672185214203
1929,22,3,206.36700311629664,69;66;74;38;35,1928,major,77.25256111890656
1930,22,3,193.63299669551265,70;73;74;38;35,1929,minor,22.224102937731267
1931,22,3,5.114181718676378e-08,67;44;40;31;8,1930,minor,0.07403818101826376
1932,22,3,5.114181179872112e-08,70;71;40;31;8,1931,minor,0.0740381811623736
1933,22,3,-5.4588212985169185e-09,67;44;40;33;35,1932,minor,0.11255084704146168
1934,22,3,-5.458821328077521e-09,70;71;40;33;35,1933,minor,0.11255084718557173
1935,22,3,5.114176548608766e-08,67;43;26;23;11;8,1934,minor,0.0804578480906146
1936,22,3,5.1141810031121553e-08,67;43;27;31;8,1935,minor,0.015593449842259854
1937,22,3,-5.458821337812775e-09,67;43;27;33;35,1936,minor,0.05410611720042169
1938,22,4,6.678079360169641,67;44;40;31,1937,minor,0.23079178043458493
1939,22,4,7.1685872481023285,70;71;40;31,1938,minor,0.2380496328486994
1940,22,4,1492.9080505393938,67;43;26;23;11,1939,major,387.4092040764269
1941,22,4,47.66412036275974,69;66;74;38;35;6,1940,minor,5.7369886619085264e-11
1942,22,4,7.413906571516006,67;43;27;31,1941,minor,0.07206867125851002
1943,22,4,38.16725593310596,70;73;74;38;35;6,1942,minor,9.899384329870474
1944,22,4,1.217669299246915e-09,69;66;76;71;40;31,1943,minor,1.9464708853942474
1945,22,4,-1.3438487433457843e-09,68;60;54;17;19;15;11,1944,minor,0.08697143917337774
1946,22,4,-8.222083583295401e-09,67;45;58;52;47;19;15;11,1945,minor,0.09436706777873671
1947,22,4,-6.69925385510536e-09,69;66;74;38;36;31,1946,minor,0.022692096629256475
1948,22,5,799.999999810541,67;43;26;23,1947,major,198.09871062427453
1949,22,5,4.187267544544188e-08,70;71;40;31;9,1948,minor,0.09937669776500546
1950,22,5,4.187267938074033e-08,67;44;40;31;9,1949,minor,0.09937669762089718
1951,22,5,-1.3438487343816876e-09,68;60;54;17;19;15,1950,minor,0.004169903230778593
1952,22,5,-8.222083582889146e-09,67;45;58;52;47;19;15,1951,minor,0.011565531551373076
1953,22,5,4.1872674153063786e-08,67;43;27;31;9,1952,minor,0.04093196671575733
1954,22,5,4.187265553928437e-08,69;66;74;38;35;6;9,1953,minor,0.01608647013596992
1955,22,5,-8.288397248126697e-09,67;45;58;52;48;26;23,1954,minor,0.010947362098596813
1956,22,5,4.187265574360449e-08,70;73;74;38;35;6;9,1955,minor,1.597868442750336
1957,22,5,-2.0499588762508475e-09,68;60;55;47;19;15,1956,minor,0.020966282373637263
1958,22,6,799.9999999246462,68;60;54;17;19,1957,major,199.87308015128573
1959,22,6,-7.762519926317332e-09,67;45;58;52;47;19,1958,minor,0.014846394123251172
1960,22,6,8.7458960211181e-08,68;60;55;47;19,1959,minor,0.02424714597426439
1961,22,6,7.6554830993607e-09,69;64;60;54;17;19,1960,minor,0.007450765726665032
1962,22,6,-8.062374795679838e-09,68;61;58;52;47;19,1961,minor,0.015618911526944335
1963,22,6,-8.642226508595902e-09,67;43;29;47;19,1962,minor,0.011504145780326103
1964,22,6,-7.762519924713264e-09,67;45;58;52;50;54;17;19,1963,minor,0.014846394127110973
1965,22,6,-5.534083050284493e-09,67;45;59;60;54;17;19,1964,minor,0.011078259730801426
1966,22,6,1.3055520338457836e-08,67;43;26;23;12,1965,minor,0.0030802424102325254
1967,22,6,4.9476027296869205e-09,69;64;60;55;47;19,1966,minor,0.024247144882298982
1968,22,7,2000.000000005641,68;60;54,1967,major,499.98041193628285
1969,22,7,7.655483057203235e-09,69;64;60;54,1968,minor,0.0028549767222114664
1970,22,7,-7.762519925589248e-09,67;45;58;52;50;54,1969,minor,0.010250605122411605
1971,22,7,-5.534083053512999e-09,67;45;59;60;54,1970,minor,0.00648247073122285
1972,22,8,1999.999999945956,68;60;54;17,1971,major,499.90190398510117
1973,22,8,-7.762519927193548e-09,67;45;58;52;47,1972,minor,0.010250605119030198
1974,22,8,8.745895850457265e-08,68;60;55;47,1973,minor,0.019651356786908797
1975,22,8,7.65548305718063e-09,69;64;60;54;17,1974,minor,0.002854976722689806
1976,22,8,-8.062374796354413e-09,68;61;58;52;47,1975,minor,0.011023122522033413
1977,22,8,-8.642226508917619e-09,67;43;29;47,1976,minor,0.006908356774082913
1978,22,8,-7.762519925589526e-09,67;45;58;52;50;54;17,1977,minor,0.010250605122889889
1979,22,8,-5.534083053514084e-09,67;45;59;60;54;17,1978,minor,0.006482470731701093
1980,22,8,4.947602697939807e-09,69;64;60;55;47,1979,minor,0.01965135588454625
1981,22,8,-8.253992792030088e-09,69;64;61;58;52;47,1980,minor,0.011023122431457921
1982,22,9,2800.000000008288,67;43;26,1981,major,699.9923334895798
1983,22,9,-8.28839724875087e-09,67;45;58;52;48;26,1982,minor,0.0076664993652464375
1984,22,10,10400.0,67;43,1983,major,2599.999999993093
1985,22,11,138.2478553806054,67;44;40,1984,minor,1.1339628128815242
1986,22,11,524.9397788708593,70;71;40,1985,minor,2.2038019619530047
1987,22,11,3736.812365754016,67;43;27,1986,major,1094.6674610179782
1988,22,11,1.217667768889937e-09,69;66;76;71;40,1987,minor,1.9592764924784118
1989,22,11,-6.6992539758620236e-09,69;66;74;38;36,1988,minor,0.03549770374852074
1990,22,12,1703.3032777945534,69;66;74;38,1989,major,647.2630777287296
1991,22,12,1096.6967222163642,70;73;74;38,1990,minor,52.52700293204063
1992,22,12,-5.458821320108093e-09,67;44;40;33,1991,minor,0.1049594387534124
1993,22,12,-5.458821349660119e-09,70;71;40;33,1992,minor,0.10495943889752091
1994,22,13,3456.358344279363,69;66;74,1993,major,1094.8610593117442
1995,22,13,1743.6416557206371,70;73;74,1994,major,205.13894026128867
1996,22,14,246.06934134816544,67;44,1995,minor,0.057018543984453274
1997,22,14,4553.930658650616,70;71,1996,major,1198.0761732389683
1998,22,14,1.2176677089892491e-09,69;66;76;71,1997,minor,1.8668081535257455
1999,22,15,10400.0,67,1998,major,2600.0000000003106
2000,22,16,-7.709944424321297e-09,67;45;58;52,1999,minor,0.006969742541230284
2001,22,16,4800.000000016701,68;60;55,2000,major,1199.9652899991213
2002,22,16,-8.623043094393882e-09,67;43;29,2001,minor,0.0036274941949888673
2003,22,16,-8.023070576880731e-09,68;61;58;52,2002,minor,0.007742259943773588
2004,22,16,7.655483040770531e-09,69;64;60;55,2003,minor,0.016370493333712488
2005,22,17,6799.999999995542,67;45;58,2004,major,1699.9917017853163
2006,22,17,4.458322110359952e-09,68;61;58,2005,minor,0.008298204441590962
2007,22,18,1200.000000000107,68;60,2006,major,299.96172678282494
2008,22,18,7.655483075999108e-09,69;64;60,2007,minor,0.015438789011748416
2009,22,18,-7.762519925198945e-09,67;45;58;52;50,2008,minor,0.022834417412622043
2010,22,19,4799.999999995542,67;45,2009,major,1199.9963725038324
2011,22,19,4.45832211693748e-09,68;61,2010,minor,0.003627494097173268
2012,22,20,9600.0,68,2011,major,2399.9999999910897
2013,22,21,7200.0,69,2012,major,1800.0000000039552
2014,22,23,8400.0,70,2013,major,2099.9999999493866
2015,22,24,2853.1685186509167,69;66,2014,major,1037.6260458490538
2016,22,24,1546.8314813490838,70;73,2015,minor,62.37395401519746
2017,23,1,1199.9999999617828,73;74;38;35;5,2016,major,299.9604183032523
2018,23,1,5.114180781975336e-08,71;40;31;8;5,2017,minor,8.787859329117964e-12
2019,23,1,-5.458821350005907e-09,71;40;33;35;5,2018,minor,0.03851266772312789
2020,23,1,-7.465793928462664e-09,72;69;66;74;38;35;5,2019,minor,0.0010686805921397702
2021,23,3,399.99999995431705,73;74;38;35,2020,major,99.94689649393761
2022,23,3,5.1141809356985395e-08,71;40;31;8,2021,minor,0.007295245226761393
2023,23,3,-5.458821341525003e-09,71;40;33;35,2022,minor,0.045807912774467496
2024,23,4,31.13551333620204,71;40;31,2023,minor,0.09380360792710718
2025,23,4,1968.8644866704967,73;74;38;35;6,2024,major,498.36846493602434
2026,23,4,-6.699253908034901e-09,73;74;38;36;31,2025,minor,1.5377311069727966
2027,23,5,29.148563577952974,71;40;31;9,2026,minor,0.17918450330474034
2028,23,5,370.8514364794876,73;74;38;35;6;9,2027,major,96.33590363214549
2029,23,5,-7.335627682482262e-09,71;40;32;26;23,2028,minor,0.04515863993293123
2030,23,5,-7.335627683515729e-09,72;67;43;26;23,2029,minor,0.004053380175951582
2031,23,5,-7.335627683021624e-09,71;41;43;26;23,2030,minor,0.11006705783450285
2032,23,5,-6.699253902677061e-09,73;74;38;36;31;9,2031,minor,1.5538175768176359
2033,23,5,-7.846999199104816e-09,73;75;65;67;43;26;23,2032,minor,1.6233027332343246
2034,23,5,-5.458821340447101e-09,71;40;33;35;6;9,2033,minor,0.05067548035784819
2035,23,5,-7.962708204854908e-09,72;68;60;54;17;19;15,2034,minor,0.0013149266237050122
2036,23,5,-7.465793870607792e-09,72;67;44;40;31;9,2035,minor,0.0965217192911112
2037,23,6,29.148614247589904,71;40;31;9;12,2036,minor,0.15816533769623842
2038,23,6,-6.987492312077491e-09,72;68;60;54;17;19,2037,minor,0.004595789196327797
2039,23,6,-8.716106355153622e-09,72;67;45;58;52;47;19,2038,minor,0.011991417508381064
2040,23,6,-7.426586951387576e-09,73;75;64;60;54;17;19,2039,minor,1.623072624524927
2041,23,6,-8.716106355042483e-09,71;41;45;58;52;47;19,2040,minor,0.1180050952401066
2042,23,6,-7.077818481467325e-09,72;68;60;55;47;19,2041,minor,0.021392168380147486
2043,23,6,-7.426586946501718e-09,72;69;64;60;54;17;19,2042,minor,0.004595789105704684
2044,23,6,370.8513858154501,73;74;38;35;6;9;12,2043,major,96.3845818136686
2045,23,6,-7.625235863109913e-09,73;75;65;68;60;54;17;19,2044,minor,1.6238451420755848
2046,23,6,-9.0640640924628e-09,71;40;32;29;47;19,2045,minor,0.049754428952811125
2047,23,7,800.0000000293696,72;68;60;54,2046,major,194.99897480609684
2048,23,7,7.655482912986505e-09,73;75;64;60;54,2047,minor,1.618476835706231
2049,23,7,7.655483099453027e-09,72;69;64;60;54,2048,minor,1.0177722553628143e-10
2050,23,7,1.2176677399239776e-09,73;75;65;68;60;54,2049,minor,1.6192493478834762
2051,23,7,-7.762519924711715e-09,72;67;45;58;52;50;54,2050,minor,0.007395628501824514
2052,23,7,-5.534083050278458e-09,72;67;45;59;60;54,2051,minor,0.0036274941138171868
2053,23,7,-7.762519924372988e-09,71;41;45;58;52;50;54,2052,minor,0.11340930618300371
2054,23,7,-8.062374794444142e-09,72;68;61;58;52;50;54,2053,minor,0.00816814590440057
2055,23,7,-8.134594404165344e-09,73;75;65;67;45;58;52;50;54,2054,minor,1.6266449817933817
2056,23,7,-8.642226508006387e-09,72;67;43;29;50;54,2055,minor,0.004053380155622288
2057,23,8,1199.9999999360043,72;68;60;54;17,2056,major,296.60505524126216
2058,23,8,-7.762519926803847e-09,72;67;45;58;52;47,2057,minor,0.0073956284984428855
2059,23,8,7.655482889503523e-09,73;75;64;60;54;17,2058,minor,1.6184768357067092
2060,23,8,8.745895926332212e-08,72;68;60;55;47,2059,minor,0.016796380052556042
2061,23,8,7.655483075941245e-09,72;69;64;60;54;17,2060,minor,1.0225564839316803e-10
2062,23,8,-7.762519926465133e-09,71;41;45;58;52;47,2061,minor,0.11340930617962242
2063,23,8,1.2176677271563855e-09,73;75;65;68;60;54;17,2062,minor,1.6192493478839545
2064,23,8,-8.062374796054398e-09,72;68;61;58;52;47,2063,minor,0.008168145901018775
2065,23,8,-8.64222650877453e-09,72;67;43;29;47,2064,minor,0.004053380152239994
2066,23,8,-7.762519925199811e-09,72;67;45;58;52;50;54;17,2065,minor,0.007395628502302798
2067,23,9,1.0343807671501266e-09,71;40;32;26,2066,minor,0.04187777706920259
2068,23,9,1.0343807497692223e-09,72;67;43;26,2067,minor,0.0007725174417295699
2069,23,9,1.0343807580818715e-09,71;41;43;26,2068,minor,0.1067861947662711
2070,23,9,-4.4373653214365255e-09,73;75;65;67;43;26,2069,minor,1.6200218677398577
2071,23,9,2000.000000037385,71;40;31;9;13,2070,major,496.5376310133972
2072,23,9,-8.518240946884832e-09,72;67;45;58;52;48;26,2071,minor,0.004811522744460839
2073,23,9,-5.8018987919735584e-09,72;68;60;55;48;26,2072,minor,0.014212273613518123
2074,23,9,-8.518240946733034e-09,71;41;45;58;52;48;26,2073,minor,0.1108252004656991
2075,23,9,-7.459269883658014e-09,73;74;38;36;32;26,2074,minor,1.5630615930346325
2076,23,9,-5.753387606086246e-09,72;67;45;58;51;26,2075,minor,9.354828023333539e-11
2077,23,10,1155.7472945151862,71;40;32,2076,minor,1.5358899473796974
2078,23,10,4082.73171692156,72;67;43,2077,major,1708.9355695755796
2079,23,10,1961.520988570325,71;41;43,2078,major,87.89714530962547
2080,23,10,1.2176677090596852e-09,73;75;65;67;43,2079,minor,1.6233027278225496
2081,23,10,-8.288397248831809e-09,72;67;45;58;52;48,2080,minor,0.008092385446191397
2082,23,11,5200.0,71;40,2081,major,1299.9999999718534
2083,23,12,2800.0,73;74;38,2082,major,699.9999996525474
2084,23,13,3200.0,73;74,2083,major,799.9999996532637
2085,23,14,4400.0,71,2084,major,1099.9999999866213
2086,23,15,2530.065818781076,72;67,2085,major,994.2844327963539
2087,23,15,1469.9341812177067,71;41,2086,minor,4.095545276173137
2088,23,15,1.217667713728372e-09,73;75;65;67,2087,minor,1.6200218652550085
2089,23,16,-7.709944423963803e-09,72;67;45;58;52,2088,minor,0.004114765920718133
2090,23,16,-7.709944423609213e-09,71;41;45;58;52,2089,minor,0.11012844359911189
2091,23,16,2000.0000000420991,72;68;60;55,2090,major,496.4625609549289
2092,23,16,-8.623043094264994e-09,72;67;43;29,2091,minor,0.0007725175731740919
2093,23,16,-8.098193017209687e-09,73;75;65;67;45;58;52,2092,minor,1.6233641191822268
2094,23,16,-8.623043093997663e-09,71;40;32;29,2093,minor,0.04187777735661302
2095,23,16,-8.023070576607085e-09,72;68;61;58;52,2094,minor,0.004887283322814684
2096,23,16,7.65548287078113e-09,73;75;64;60;55,2095,minor,1.6319923523177318
2097,23,16,-8.623043094137148e-09,71;41;43;29,2096,minor,0.10678619529996769
2098,23,16,7.655483057195506e-09,72;69;64;60;55,2097,minor,0.01351551671327847
2099,23,17,1409.4647506686697,72;67;45;58,2098,major,591.6128769184006
2100,23,17,990.5352493126755,71;41;45;58,2099,minor,3.485302243916891
2101,23,17,4.458322152231067e-09,72;68;61;58,2100,minor,0.005443227825720542
2102,23,17,1.217667723491671e-09,73;75;65;67;45;58,2101,minor,1.6239200581081445
2103,23,17,-2.0511251065902292e-09,73;75;64;61;58,2102,minor,1.6239200587967286
2104,23,17,-2.0511250577751373e-09,72;69;64;61;58,2103,minor,0.00544322772753747
2105,23,17,2.0764098489065463e-08,72;68;60;55;49,2104,minor,0.01840161588815628
2106,23,17,-3.6832561904123675e-09,73;75;65;68;61;58,2105,minor,1.624692577509879
2107,23,18,400.0000000045305,72;68;60,2106,major,96.56233844015162
2108,23,18,7.655482983299771e-09,73;75;64;60,2107,minor,1.6310606479957674
2109,23,18,7.655483169849458e-09,72;69;64;60,2108,minor,0.012583812391314092
2110,23,18,1.2176677781643123e-09,73;75;65;68;60,2109,minor,1.6318331601325071
2111,23,18,-7.76251992325008e-09,72;67;45;58;52;50,2110,minor,0.019979440792034953
2112,23,18,-5.534083044890958e-09,72;67;45;59;60,2111,minor,0.01621130639000573
2113,23,18,-7.762519922911327e-09,71;41;45;58;52;50,2112,minor,0.1259931184732146
2114,23,19,653.7537594509845,72;67;45,2113,major,294.2807195171373
2115,23,19,546.2462405453908,71;41;45,2114,minor,2.4800092047136566
2116,23,19,4.4583222008520285e-09,72;68;61,2115,minor,0.0007725174813024704
2117,23,19,1.2176677486511963e-09,73;75;65;67;45,2116,minor,1.619249347771294
2118,23,19,-2.051125094373605e-09,73;75;64;61,2117,minor,1.619249348457932
2119,23,20,2799.9999999834718,72;68,2118,major,696.7622737446503
2120,23,20,7.655482862750834e-09,73;75;64,2119,minor,1.6184768356099715
2121,23,20,7.65548304915134e-09,72;69;64,2120,minor,5.518197010445647e-12
2122,23,20,1.2176677125931096e-09,73;75;65;68,2121,minor,1.6192493477872165
2123,23,21,2521.10908982751,73;75,2122,major,699.9870756638401
2124,23,21,278.89091017248984,72;69,2123,minor,0.01292416994680945
2125,23,22,8400.0,72,2124,major,2099.999999936099
2126,23,24,2800.0,73,2125,major,699.9999999752758
2127,24,1,400.0,74;38;35;5,2126,major,99.9999996763093
2128,24,4,800.0000000054815,74;38;35;6,2127,major,198.03809168164673
2129,24,4,1.2176686539418787e-09,76;71;40;31,2128,minor,1.9428433914277972
2130,24,4,-6.6992539062304435e-09,74;38;36;31,2129,minor,0.019064602652864568
2131,24,6,-7.426586951701667e-09,75;64;60;54;17;19,2130,minor,0.10440611965270596
2132,24,6,400.0000000632245,74;38;35;6;9;12,2131,major,93.49780766266481
2133,24,6,-7.625235863388435e-09,75;65;68;60;54;17;19,2132,minor,0.10517863705252367
2134,24,6,1.2176686924119447e-09,76;71;40;31;9;12,2133,minor,1.9551017468457488
2135,24,6,-8.84796051737869e-09,75;65;67;45;58;52;47;19,2134,minor,0.11257426542539484
2136,24,6,-7.625235862949288e-09,76;72;68;60;54;17;19,2135,minor,1.9308918951224192
2137,24,6,-7.49279006924792e-09,75;64;60;55;47;19,2136,minor,0.12120249884325884
2138,24,6,-8.847960517275459e-09,76;72;67;45;58;52;47;19,2137,minor,1.9382875246114626
2139,24,6,-8.894642499143803e-09,75;64;61;58;52;47;19,2138,minor,0.1125742654398727
2140,24,6,-7.681724839446181e-09,75;65;68;60;55;47;19,2139,minor,0.12197501624417817
2141,24,7,399.9999999933455,75;64;60;54,2140,major,91.86304211841518
2142,24,7,2.0764099660482813e-08,75;65;68;60;54,2141,minor,0.10058284870891232
2143,24,7,2.07640997688665e-08,76;72;68;60;54,2142,minor,1.9262961187727063
2144,24,7,-7.914219363165423e-09,75;65;67;45;58;52;50;54,2143,minor,0.10797847637164948
2145,24,7,1.2176678888015591e-09,76;72;69;64;60;54,2144,minor,1.9262960998549667
2146,24,7,-6.10020350343835e-09,75;65;67;45;59;60;54,2145,minor,0.10421034189287831
2147,24,7,-7.914219362815288e-09,76;72;67;45;58;52;50;54,2146,minor,1.9336917347053455
2148,24,7,-8.062374793320315e-09,75;64;61;58;52;50;54,2147,minor,0.10797847639149816
2149,24,7,-6.1002035022573754e-09,76;72;67;45;59;60;54,2148,minor,1.9299235985706384
2150,24,8,799.9999998979822,75;64;60;54;17,2149,major,195.47155707697056
2151,24,8,2.076409925618287e-08,75;65;68;60;54;17,2150,minor,0.1005828487093905
2152,24,8,2.0764099360478143e-08,76;72;68;60;54;17,2151,minor,1.9262961187731844
2153,24,8,-7.914219365920934e-09,75;65;67;45;58;52;47,2152,minor,0.10797847636826685
2154,24,8,8.745896021043836e-08,75;64;60;55;47,2153,minor,0.11660671450195345
2155,24,8,-7.914219365570798e-09,76;72;67;45;58;52;47,2154,minor,1.9336917347019627
2156,24,8,-8.062374795680122e-09,75;64;61;58;52;47,2155,minor,0.10797847638811647
2157,24,8,1.3382975441867148e-08,75;65;68;60;55;47,2156,minor,0.11737922757474673
2158,24,8,-8.177182019280924e-09,75;65;68;61;58;52;47,2157,minor,0.10875099378397657
2159,24,8,-8.284357924858273e-09,74;38;35;6;9;12;16,2158,minor,0.009178113168608115
2160,24,9,-4.437365097898919e-09,75;65;67;43;26,2159,minor,0.10135536513745141
2161,24,9,-4.437365090935091e-09,76;71;40;32;26,2160,minor,1.968173879994691
2162,24,9,-4.437365095429355e-09,76;72;67;43;26,2161,minor,1.9270686202972784
2163,24,9,-4.437365093280604e-09,76;71;41;43;26,2162,minor,2.0330822978022027
2164,24,9,-7.459269839863062e-09,74;38;36;32;26,2163,minor,0.044395088137595295
2165,24,9,-8.691131407128967e-09,75;65;67;45;58;52;48;26,2164,minor,0.10539437065321255
2166,24,9,800.0000000479816,74;38;35;6;9;13,2165,major,189.8166562194022
2167,24,9,-6.6083594300196954e-09,75;64;60;55;48;26,2166,minor,0.11402260403378395
2168,24,9,1.217668653931635e-09,76;71;40;31;9;13,2167,minor,1.9587435931519477
2169,24,9,-8.691131406992461e-09,76;72;67;45;58;52;48;26,2168,minor,1.9311076296961174
2170,24,10,1186.846548170117,75;65;67;43,2169,major,644.2876291234596
2171,24,10,541.8368272214883,76;71;40;32,2170,minor,45.932645825672594
2172,24,10,815.1227138019153,76;72;67;43,2171,minor,55.14595665976363
2173,24,10,656.1939108360099,76;71;41;43,2172,minor,52.203785455473316
2174,24,10,-5.323097269853959e-09,74;38;36;32,2173,minor,0.047675950787595234
2175,24,10,-8.288397248390015e-09,75;65;67;45;58;52;48,2174,minor,0.10867523333427209
2176,24,10,-1.3097615877087906e-09,75;64;60;55;48,2175,minor,0.11730346642253853
2177,24,10,-8.288397248156694e-09,76;72;67;45;58;52;48,2176,minor,1.934388492009539
2178,24,10,-3.223880403845051e-09,75;65;68;60;55;48,2177,minor,0.11807598392255242
2179,24,10,-3.0965914493397717e-09,75;65;67;45;58;51,2178,minor,0.10386371041429121
2180,24,11,2400.000000005323,76;71;40,2179,major,599.9681297400003
2181,24,11,-5.32309727637418e-09,74;38;36,2180,minor,0.03187020975020072
2182,24,12,2000.0,74;38,2181,major,499.99999967729497
2183,24,13,2800.0,74,2182,major,699.9999996780159
2184,24,14,1600.0,76;71,2183,major,399.99999996451083
2185,24,15,637.4330609999996,75;65;67,2184,major,313.16713875453996
2186,24,15,515.2118269782188,76;72;67,2185,minor,43.783568380908164
2187,24,15,447.3551120217815,76;71;41,2186,minor,43.0492927526135
2188,24,16,-7.868604016188893e-09,75;65;67;45;58;52,2187,minor,0.10469761378801434
2189,24,16,-7.868604015823221e-09,76;72;67;45;58;52,2188,minor,1.9304108720800703
2190,24,16,1200.0000000156072,75;64;60;55,2189,major,291.635965042473
2191,24,16,2.07640991332318e-08,75;65;68;60;55,2190,minor,0.11409836540899804
2192,24,16,-8.023070576294537e-09,75;64;61;58;52,2191,minor,0.1046976138079515
2193,24,16,-8.682033438049698e-09,75;65;67;43;29,2192,minor,0.10135536548107421
2194,24,16,-7.868604015505152e-09,76;71;41;45;58;52,2193,minor,2.036424549766873
2195,24,16,2.076409923278411e-08,76;72;68;60;55,2194,minor,1.9398116354727923
2196,24,16,-8.142439239096164e-09,75;65;68;61;58;52,2195,minor,0.1054701312038474
2197,24,16,-8.682033437912115e-09,76;72;67;43;29,2196,minor,1.9270686245156745
2198,24,17,257.9463113798633,75;65;67;45;58,2197,minor,1.6937201320511743
2199,24,17,236.73296806891184,76;72;67;45;58,2198,minor,29.772788692526206
2200,24,17,1.7278523664487125e-08,75;64;61;58,2199,minor,0.10525355880764375
2201,24,17,4.458322337049685e-09,75;65;68;61;58,2200,minor,0.10602607552118243
2202,24,17,221.54307560764263,76;71;41;45;58,2201,minor,30.387425807952177
2203,24,17,4.458322356765674e-09,76;72;68;61;58,2202,minor,1.9317393307001396
2204,24,17,483.77764489662286,75;64;60;55;49,2203,major,235.88406175121665
2205,24,17,2.07640995217746e-08,75;65;68;60;55;49,2204,minor,0.11898446440365879
2206,24,19,139.28801672571234,75;65;67;45,2205,major,52.51461654566602
2207,24,19,132.83075788182754,76;72;67;45,2206,minor,22.284403509610193
2208,24,19,1.727852420231313e-08,75;64;61,2207,minor,0.10058284843328613
2209,24,19,4.458322532604261e-09,75;65;68;61,2208,minor,0.10135536517676516
2210,24,19,127.88122536626491,76;71;41;45,2209,minor,23.071972984902835
2211,24,19,4.458322552267946e-09,76;72;68;61,2210,minor,1.9270686203557228
2212,24,20,1599.9999999584718,75;64,2211,major,397.97312084673575
2213,24,20,2.076409911345305e-08,75;65;68,2212,minor,0.10058284861265299
2214,24,20,2.076409920102768e-08,76;72;68,2213,minor,1.9262961186764462
2215,24,21,2000.0,75,2214,major,499.99999985854015
2216,24,22,2903.8951550628103,75;65,2215,major,1025.5773713744695
2217,24,22,1496.1048449371897,76;72,2216,minor,74.4226285098372
2218,24,23,2800.0,76,2217,major,699.9999999779549
