route_id,from_stop_id,to_stop_id,fare_hkd,fare_id
1000007,12352,1289,8.6,1000007-1-17-18
1000007,12885,12352,8.6,1000007-1-13-17
1000007,12885,1289,8.6,1000007-1-13-18
1000007,12885,1310,8.6,1000007-1-13-14
1000007,12885,723,8.6,1000007-1-13-15
1000007,1310,12352,8.6,1000007-1-14-17
1000007,1310,1289,8.6,1000007-1-14-18
1000007,1310,723,8.6,1000007-1-14-15
1000007,723,12352,8.6,1000007-1-15-17
1000007,723,1289,8.6,1000007-1-15-18
1000008,1162,4028,7.8,1000008-1-1-5
1000008,1162,724,7.8,1000008-1-1-2
1000008,1162,9002,7.8,1000008-1-1-3
1000008,1162,968,7.8,1000008-1-1-4
1000008,724,4028,7.8,1000008-1-2-5
1000008,724,9002,7.8,1000008-1-2-3
1000008,724,968,7.8,1000008-1-2-4
1000008,9002,4028,7.8,1000008-1-3-5
1000008,9002,968,7.8,1000008-1-3-4
1000008,968,4028,7.8,1000008-1-4-5
1000048,12746,4232,14.3,1000048-1-1-4
1000048,12746,9009,14.3,1000048-1-1-6
1000048,12746,966,14.3,1000048-1-1-3
1000048,12746,967,14.3,1000048-1-1-5
1000048,4232,9009,14.3,1000048-1-4-6
1000048,4232,967,14.3,1000048-1-4-5
1000048,966,4232,14.3,1000048-1-3-4
1000048,966,9009,14.3,1000048-1-3-6
1000048,966,967,14.3,1000048-1-3-5
1000048,967,9009,14.3,1000048-1-5-6
1000059,1320,193,7.8,1000059-2-7-10
1000059,1320,4028,7.8,1000059-2-7-9
1000059,1320,4052,7.8,1000059-2-7-8
1000059,216,1322,7.8,1000059-1-15-17
1000059,216,9012,7.8,1000059-1-15-16
1000059,4028,193,7.8,1000059-2-9-10
1000059,4052,193,7.8,1000059-2-8-10
1000059,4052,4028,7.8,1000059-2-8-9
1000059,4247,1320,7.8,1000059-2-6-7
1000059,4247,193,7.8,1000059-2-6-10
1000059,4247,4028,7.8,1000059-2-6-9
1000059,4247,4052,7.8,1000059-2-6-8
1000059,9012,1322,7.8,1000059-1-16-17
1000142,12885,1310,8.6,1000142-1-5-6
1000142,12885,4050,8.6,1000142-1-5-10
1000142,12885,4051,8.6,1000142-1-5-11
1000142,12885,4052,8.6,1000142-1-5-12
1000142,12885,723,8.6,1000142-1-5-7
1000142,12885,9012,8.6,1000142-1-5-13
1000142,12885,965,8.6,1000142-1-5-9
1000142,1310,4050,8.6,1000142-1-6-10
1000142,1310,4051,8.6,1000142-1-6-11
1000142,1310,4052,8.6,1000142-1-6-12
1000142,1310,723,8.6,1000142-1-6-7
1000142,1310,9012,8.6,1000142-1-6-13
1000142,1310,965,8.6,1000142-1-6-9
1000142,4050,4051,8.6,1000142-1-10-11
1000142,4050,4052,8.6,1000142-1-10-12
1000142,4050,9012,8.6,1000142-1-10-13
1000142,4051,4052,8.6,1000142-1-11-12
1000142,4051,9012,8.6,1000142-1-11-13
1000142,4052,9012,8.6,1000142-1-12-13
1000142,723,4050,8.6,1000142-1-7-10
1000142,723,4051,8.6,1000142-1-7-11
1000142,723,4052,8.6,1000142-1-7-12
1000142,723,9012,8.6,1000142-1-7-13
1000142,723,965,8.6,1000142-1-7-9
1000142,965,4050,8.6,1000142-1-9-10
1000142,965,4051,8.6,1000142-1-9-11
1000142,965,4052,8.6,1000142-1-9-12
1000142,965,9012,8.6,1000142-1-9-13
1000192,12352,1289,7.4,1000192-1-9-10
1000192,12352,13310,7.4,1000192-1-9-12
1000192,12352,724,7.4,1000192-1-9-11
1000192,1277,1322,9.0,1000192-2-6-11
1000192,1277,4232,9.0,1000192-2-6-8
1000192,1277,9003,9.0,1000192-2-6-9
1000192,1277,9012,9.0,1000192-2-6-10
1000192,1277,966,9.0,1000192-2-6-7
1000192,1289,13310,7.4,1000192-1-10-12
1000192,1289,724,7.4,1000192-1-10-11
1000192,4022,12352,7.4,1000192-1-6-9
1000192,4022,1289,7.4,1000192-1-6-10
1000192,4022,13310,7.4,1000192-1-6-12
1000192,4022,4024,7.4,1000192-1-6-8
1000192,4022,724,7.4,1000192-1-6-11
1000192,4022,961,7.4,1000192-1-6-7
1000192,4024,12352,7.4,1000192-1-8-9
1000192,4024,1289,7.4,1000192-1-8-10
1000192,4024,13310,7.4,1000192-1-8-12
1000192,4024,724,7.4,1000192-1-8-11
1000192,4232,1322,9.0,1000192-2-8-11
1000192,4232,9003,9.0,1000192-2-8-9
1000192,4232,9012,9.0,1000192-2-8-10
1000192,7082,12352,7.4,1000192-1-5-9
1000192,7082,1289,7.4,1000192-1-5-10
1000192,7082,13310,7.4,1000192-1-5-12
1000192,7082,4022,7.4,1000192-1-5-6
1000192,7082,4024,7.4,1000192-1-5-8
1000192,7082,724,7.4,1000192-1-5-11
1000192,7082,961,7.4,1000192-1-5-7
1000192,724,13310,7.4,1000192-1-11-12
1000192,9000,1277,9.0,1000192-2-5-6
1000192,9000,1322,9.0,1000192-2-5-11
1000192,9000,4232,9.0,1000192-2-5-8
1000192,9000,9003,9.0,1000192-2-5-9
1000192,9000,9012,9.0,1000192-2-5-10
1000192,9000,966,9.0,1000192-2-5-7
1000192,9003,1322,9.0,1000192-2-9-11
1000192,9003,9012,9.0,1000192-2-9-10
1000192,9012,1322,9.0,1000192-2-10-11
1000192,961,12352,7.4,1000192-1-7-9
1000192,961,1289,7.4,1000192-1-7-10
1000192,961,13310,7.4,1000192-1-7-12
1000192,961,4024,7.4,1000192-1-7-8
1000192,961,724,7.4,1000192-1-7-11
1000192,966,1322,9.0,1000192-2-7-11
1000192,966,4232,9.0,1000192-2-7-8
1000192,966,9003,9.0,1000192-2-7-9
1000192,966,9012,9.0,1000192-2-7-10
1000220,4232,9009,10.1,1000220-1-2-4
1000220,4232,967,10.1,1000220-1-2-3
1000220,966,4232,10.1,1000220-1-1-2
1000220,966,9009,10.1,1000220-1-1-4
1000220,966,967,10.1,1000220-1-1-3
1000220,967,9009,10.1,1000220-1-3-4
1000223,9011,193,8.1,1000223-1-12-13
1000223,9012,1322,9.4,1000223-2-12-13
1000231,1164,13341,5.8,1000231-1-18-19
1000231,1320,9009,17.2,1000231-2-3-5
1000231,1320,968,17.2,1000231-2-3-4
1000231,1331,1164,5.8,1000231-1-17-18
1000231,1331,13341,5.8,1000231-1-17-19
1000231,13341,1320,17.2,1000231-2-1-3
1000231,13341,4247,17.2,1000231-2-1-2
1000231,13341,9009,17.2,1000231-2-1-5
1000231,13341,968,17.2,1000231-2-1-4
1000231,4247,1320,17.2,1000231-2-2-3
1000231,4247,9009,17.2,1000231-2-2-5
1000231,4247,968,17.2,1000231-2-2-4
1000231,9010,1164,5.8,1000231-1-16-18
1000231,9010,1331,5.8,1000231-1-16-17
1000231,9010,13341,5.8,1000231-1-16-19
1000231,968,9009,17.2,1000231-2-4-5
1000236,10269,12481,7.7,1000236-2-49-52
1000236,10269,12746,7.7,1000236-2-49-54
1000236,10269,1279,7.7,1000236-2-49-53
1000236,10269,12939,7.7,1000236-2-49-51
1000236,10269,9000,7.7,1000236-2-49-50
1000236,12481,12746,7.7,1000236-2-52-54
1000236,12481,1279,7.7,1000236-2-52-53
1000236,12746,1289,18.1,1000236-1-1-4
1000236,12746,13310,18.1,1000236-1-1-6
1000236,12746,724,18.1,1000236-1-1-5
1000236,1279,12746,7.7,1000236-2-53-54
1000236,1289,13310,18.1,1000236-1-4-6
1000236,1289,724,18.1,1000236-1-4-5
1000236,12939,12481,7.7,1000236-2-51-52
1000236,12939,12746,7.7,1000236-2-51-54
1000236,12939,1279,7.7,1000236-2-51-53
1000236,724,13310,18.1,1000236-1-5-6
1000236,9000,12481,7.7,1000236-2-50-52
1000236,9000,12746,7.7,1000236-2-50-54
1000236,9000,1279,7.7,1000236-2-50-53
1000236,9000,12939,7.7,1000236-2-50-51
1000243,12352,1289,6.6,1000243-1-20-21
1000243,12481,4028,17.7,1000243-2-5-10
1000243,12481,4050,17.7,1000243-2-5-7
1000243,12481,4232,17.7,1000243-2-5-8
1000243,12481,9003,17.7,1000243-2-5-9
1000243,12481,965,17.7,1000243-2-5-6
1000243,12939,12481,17.7,1000243-2-4-5
1000243,12939,4028,17.7,1000243-2-4-10
1000243,12939,4050,17.7,1000243-2-4-7
1000243,12939,4232,17.7,1000243-2-4-8
1000243,12939,9003,17.7,1000243-2-4-9
1000243,12939,965,17.7,1000243-2-4-6
1000243,4022,12352,6.6,1000243-1-17-20
1000243,4022,1289,6.6,1000243-1-17-21
1000243,4022,4024,6.6,1000243-1-17-19
1000243,4022,961,6.6,1000243-1-17-18
1000243,4024,12352,6.6,1000243-1-19-20
1000243,4024,1289,6.6,1000243-1-19-21
1000243,4049,12352,6.6,1000243-1-16-20
1000243,4049,1289,6.6,1000243-1-16-21
1000243,4049,4022,6.6,1000243-1-16-17
1000243,4049,4024,6.6,1000243-1-16-19
1000243,4049,961,6.6,1000243-1-16-18
1000243,4050,4028,17.7,1000243-2-7-10
1000243,4050,4232,17.7,1000243-2-7-8
1000243,4050,9003,17.7,1000243-2-7-9
1000243,4232,4028,17.7,1000243-2-8-10
1000243,4232,9003,17.7,1000243-2-8-9
1000243,9000,12481,17.7,1000243-2-3-5
1000243,9000,12939,17.7,1000243-2-3-4
1000243,9000,4028,17.7,1000243-2-3-10
1000243,9000,4050,17.7,1000243-2-3-7
1000243,9000,4232,17.7,1000243-2-3-8
1000243,9000,9003,17.7,1000243-2-3-9
1000243,9000,965,17.7,1000243-2-3-6
1000243,9003,4028,17.7,1000243-2-9-10
1000243,9036,12352,6.6,1000243-1-15-20
1000243,9036,1289,6.6,1000243-1-15-21
1000243,9036,4022,6.6,1000243-1-15-17
1000243,9036,4024,6.6,1000243-1-15-19
1000243,9036,4049,6.6,1000243-1-15-16
1000243,9036,961,6.6,1000243-1-15-18
1000243,961,12352,6.6,1000243-1-18-20
1000243,961,1289,6.6,1000243-1-18-21
1000243,961,4024,6.6,1000243-1-18-19
1000243,965,4028,17.7,1000243-2-6-10
1000243,965,4050,17.7,1000243-2-6-7
1000243,965,4232,17.7,1000243-2-6-8
1000243,965,9003,17.7,1000243-2-6-9
1000265,9011,4028,6.7,1000265-1-20-21
1000265,9012,1322,10.2,1000265-2-9-10
1000312,12746,1322,11.7,1000312-2-1-7
1000312,12746,4232,10.0,1000312-2-1-4
1000312,12746,9003,10.0,1000312-2-1-5
1000312,12746,9012,10.0,1000312-2-1-6
1000312,12746,966,10.0,1000312-2-1-3
1000312,1279,12746,6.3,1000312-1-16-17
1000312,4022,12746,6.3,1000312-1-12-17
1000312,4022,1279,6.3,1000312-1-12-16
1000312,4022,4024,6.3,1000312-1-12-15
1000312,4022,7041,6.3,1000312-1-12-14
1000312,4022,961,6.3,1000312-1-12-13
1000312,4024,12746,6.3,1000312-1-15-17
1000312,4024,1279,6.3,1000312-1-15-16
1000312,4232,1322,11.7,1000312-2-4-7
1000312,4232,9003,10.0,1000312-2-4-5
1000312,4232,9012,10.0,1000312-2-4-6
1000312,7041,12746,6.3,1000312-1-14-17
1000312,7041,1279,6.3,1000312-1-14-16
1000312,7041,4024,6.3,1000312-1-14-15
1000312,7082,12746,6.3,1000312-1-11-17
1000312,7082,1279,6.3,1000312-1-11-16
1000312,7082,4022,6.3,1000312-1-11-12
1000312,7082,4024,6.3,1000312-1-11-15
1000312,7082,7041,6.3,1000312-1-11-14
1000312,7082,961,6.3,1000312-1-11-13
1000312,9003,1322,11.7,1000312-2-5-7
1000312,9003,9012,10.0,1000312-2-5-6
1000312,9012,1322,10.7,1000312-2-6-7
1000312,961,12746,6.3,1000312-1-13-17
1000312,961,1279,6.3,1000312-1-13-16
1000312,961,4024,6.3,1000312-1-13-15
1000312,961,7041,6.3,1000312-1-13-14
1000312,966,1322,11.7,1000312-2-3-7
1000312,966,4232,10.0,1000312-2-3-4
1000312,966,9003,10.0,1000312-2-3-5
1000312,966,9012,10.0,1000312-2-3-6
1000313,9011,193,8.1,1000313-1-15-16
1000329,1164,13341,6.4,1000329-1-19-21
1000329,1164,13342,6.4,1000329-1-19-20
1000329,1321,1164,6.4,1000329-1-5-19
1000329,1321,13341,6.4,1000329-1-5-21
1000329,1321,13342,6.4,1000329-1-5-20
1000329,1321,4272,6.4,1000329-1-5-18
1000329,1321,7082,6.4,1000329-1-5-17
1000329,13341,1164,6.4,1000329-1-1-19
1000329,13341,1321,6.4,1000329-1-1-5
1000329,13341,13341,6.4,1000329-1-1-21
1000329,13341,13342,6.4,1000329-1-1-2
1000329,13341,4247,6.4,1000329-1-1-3
1000329,13341,4248,6.4,1000329-1-1-4
1000329,13341,4272,6.4,1000329-1-1-18
1000329,13341,7082,6.4,1000329-1-1-17
1000329,13342,1164,6.4,1000329-1-2-19
1000329,13342,1321,6.4,1000329-1-2-5
1000329,13342,13341,6.4,1000329-1-2-21
1000329,13342,13342,6.4,1000329-1-2-20
1000329,13342,4247,6.4,1000329-1-2-3
1000329,13342,4248,6.4,1000329-1-2-4
1000329,13342,4272,6.4,1000329-1-2-18
1000329,13342,7082,6.4,1000329-1-2-17
1000329,4247,1164,6.4,1000329-1-3-19
1000329,4247,1321,6.4,1000329-1-3-5
1000329,4247,13341,6.4,1000329-1-3-21
1000329,4247,13342,6.4,1000329-1-3-20
1000329,4247,4248,6.4,1000329-1-3-4
1000329,4247,4272,6.4,1000329-1-3-18
1000329,4247,7082,6.4,1000329-1-3-17
1000329,4248,1164,6.4,1000329-1-4-19
1000329,4248,1321,6.4,1000329-1-4-5
1000329,4248,13341,6.4,1000329-1-4-21
1000329,4248,13342,6.4,1000329-1-4-20
1000329,4248,4272,6.4,1000329-1-4-18
1000329,4248,7082,6.4,1000329-1-4-17
1000329,4272,1164,6.4,1000329-1-18-19
1000329,4272,13341,6.4,1000329-1-18-21
1000329,4272,13342,6.4,1000329-1-18-20
1000329,7082,1164,6.4,1000329-1-17-19
1000329,7082,13341,6.4,1000329-1-17-21
1000329,7082,13342,6.4,1000329-1-17-20
1000329,7082,4272,6.4,1000329-1-17-18
1000330,13341,1321,6.4,1000330-1-1-5
1000330,13341,13342,6.4,1000330-1-1-2
1000330,13341,4247,6.4,1000330-1-1-3
1000330,13341,4248,6.4,1000330-1-1-4
1000330,13342,1321,6.4,1000330-1-2-5
1000330,13342,4247,6.4,1000330-1-2-3
1000330,13342,4248,6.4,1000330-1-2-4
1000330,4247,1321,6.4,1000330-1-3-5
1000330,4247,4248,6.4,1000330-1-3-4
1000330,4248,1321,6.4,1000330-1-4-5
1000331,1164,13341,6.4,1000331-1-10-12
1000331,1164,13342,6.4,1000331-1-10-11
1000331,13342,13341,6.4,1000331-1-11-12
1000331,4272,1164,6.4,1000331-1-9-10
1000331,4272,13341,6.4,1000331-1-9-12
1000331,4272,13342,6.4,1000331-1-9-11
1000331,7082,1164,6.4,1000331-1-8-10
1000331,7082,13341,6.4,1000331-1-8-12
1000331,7082,13342,6.4,1000331-1-8-11
1000331,7082,4272,6.4,1000331-1-8-9
1000333,1164,13341,5.8,1000333-1-15-16
1000333,1331,1164,5.8,1000333-1-14-15
1000333,1331,13341,5.8,1000333-1-14-16
1000333,9010,1164,5.8,1000333-1-13-15
1000333,9010,1331,5.8,1000333-1-13-14
1000333,9010,13341,5.8,1000333-1-13-16
1000334,10000137,1322,5.6,1000334-2-7-8
1000334,10000137,779,5.6,1000334-2-7-9
1000334,1164,12746,5.6,1000334-1-20-24
1000334,1164,1277,5.6,1000334-1-20-22
1000334,1164,1279,5.6,1000334-1-20-23
1000334,1164,12911,5.6,1000334-1-20-21
1000334,12746,10000137,5.6,1000334-2-1-7
1000334,12746,1322,5.6,1000334-2-1-8
1000334,12746,4027,5.6,1000334-2-1-5
1000334,12746,4076,5.6,1000334-2-1-4
1000334,12746,779,5.6,1000334-2-1-9
1000334,12746,965,5.6,1000334-2-1-3
1000334,12746,968,5.6,1000334-2-1-6
1000334,1277,12746,5.6,1000334-1-22-24
1000334,1277,1279,5.6,1000334-1-22-23
1000334,1279,12746,5.6,1000334-1-23-24
1000334,12911,12746,5.6,1000334-1-21-24
1000334,12911,1277,5.6,1000334-1-21-22
1000334,12911,1279,5.6,1000334-1-21-23
1000334,1322,779,5.6,1000334-2-8-9
1000334,4027,10000137,5.6,1000334-2-5-7
1000334,4027,1322,5.6,1000334-2-5-8
1000334,4027,779,5.6,1000334-2-5-9
1000334,4027,968,5.6,1000334-2-5-6
1000334,4076,10000137,5.6,1000334-2-4-7
1000334,4076,1322,5.6,1000334-2-4-8
1000334,4076,4027,5.6,1000334-2-4-5
1000334,4076,779,5.6,1000334-2-4-9
1000334,4076,968,5.6,1000334-2-4-6
1000334,4272,1164,5.6,1000334-1-19-20
1000334,4272,12746,5.6,1000334-1-19-24
1000334,4272,1277,5.6,1000334-1-19-22
1000334,4272,1279,5.6,1000334-1-19-23
1000334,4272,12911,5.6,1000334-1-19-21
1000334,7082,1164,5.6,1000334-1-18-20
1000334,7082,12746,5.6,1000334-1-18-24
1000334,7082,1277,5.6,1000334-1-18-22
1000334,7082,1279,5.6,1000334-1-18-23
1000334,7082,12911,5.6,1000334-1-18-21
1000334,7082,4272,5.6,1000334-1-18-19
1000334,774,1164,5.6,1000334-1-17-20
1000334,774,12746,5.6,1000334-1-17-24
1000334,774,1277,5.6,1000334-1-17-22
1000334,774,1279,5.6,1000334-1-17-23
1000334,774,12911,5.6,1000334-1-17-21
1000334,774,4272,5.6,1000334-1-17-19
1000334,774,7082,5.6,1000334-1-17-18
1000334,965,10000137,5.6,1000334-2-3-7
1000334,965,1322,5.6,1000334-2-3-8
1000334,965,4027,5.6,1000334-2-3-5
1000334,965,4076,5.6,1000334-2-3-4
1000334,965,779,5.6,1000334-2-3-9
1000334,965,968,5.6,1000334-2-3-6
1000334,968,10000137,5.6,1000334-2-6-7
1000334,968,1322,5.6,1000334-2-6-8
1000334,968,779,5.6,1000334-2-6-9
1000335,10000137,1322,5.6,1000335-1-7-8
1000335,10000137,779,5.6,1000335-1-7-9
1000335,12746,10000137,5.6,1000335-1-1-7
1000335,12746,1322,5.6,1000335-1-1-8
1000335,12746,4027,5.6,1000335-1-1-5
1000335,12746,4076,5.6,1000335-1-1-4
1000335,12746,779,5.6,1000335-1-1-9
1000335,12746,965,5.6,1000335-1-1-3
1000335,12746,968,5.6,1000335-1-1-6
1000335,1322,779,5.6,1000335-1-8-9
1000335,4027,10000137,5.6,1000335-1-5-7
1000335,4027,1322,5.6,1000335-1-5-8
1000335,4027,779,5.6,1000335-1-5-9
1000335,4027,968,5.6,1000335-1-5-6
1000335,4076,10000137,5.6,1000335-1-4-7
1000335,4076,1322,5.6,1000335-1-4-8
1000335,4076,4027,5.6,1000335-1-4-5
1000335,4076,779,5.6,1000335-1-4-9
1000335,4076,968,5.6,1000335-1-4-6
1000335,965,10000137,5.6,1000335-1-3-7
1000335,965,1322,5.6,1000335-1-3-8
1000335,965,4027,5.6,1000335-1-3-5
1000335,965,4076,5.6,1000335-1-3-4
1000335,965,779,5.6,1000335-1-3-9
1000335,965,968,5.6,1000335-1-3-6
1000335,968,10000137,5.6,1000335-1-6-7
1000335,968,1322,5.6,1000335-1-6-8
1000335,968,779,5.6,1000335-1-6-9
1000360,10269,1277,7.3,1000360-2-4-6
1000360,10269,1278,7.3,1000360-2-4-7
1000360,10269,1279,7.3,1000360-2-4-8
1000360,10269,4148,7.3,1000360-2-4-9
1000360,10269,9000,7.3,1000360-2-4-5
1000360,12352,10000345,40.8,1000360-1-19-22
1000360,12352,1289,40.8,1000360-1-19-20
1000360,12352,724,40.8,1000360-1-19-21
1000360,1277,1278,7.3,1000360-2-6-7
1000360,1277,1279,7.3,1000360-2-6-8
1000360,1277,4148,7.3,1000360-2-6-9
1000360,1278,1279,7.3,1000360-2-7-8
1000360,1278,4148,7.3,1000360-2-7-9
1000360,1279,4148,7.3,1000360-2-8-9
1000360,1289,10000345,40.8,1000360-1-20-22
1000360,1289,724,40.8,1000360-1-20-21
1000360,4147,10000345,40.8,1000360-1-17-22
1000360,4147,12352,40.8,1000360-1-17-19
1000360,4147,1289,40.8,1000360-1-17-20
1000360,4147,724,40.8,1000360-1-17-21
1000360,724,10000345,40.8,1000360-1-21-22
1000360,9000,1277,7.3,1000360-2-5-6
1000360,9000,1278,7.3,1000360-2-5-7
1000360,9000,1279,7.3,1000360-2-5-8
1000360,9000,4148,7.3,1000360-2-5-9
1000403,10269,1277,17.2,1000403-2-2-4
1000403,10269,1278,17.2,1000403-2-2-5
1000403,10269,193,17.2,1000403-2-2-11
1000403,10269,4050,17.2,1000403-2-2-7
1000403,10269,4232,17.2,1000403-2-2-8
1000403,10269,9000,17.2,1000403-2-2-3
1000403,10269,9003,17.2,1000403-2-2-9
1000403,10269,965,17.2,1000403-2-2-6
1000403,10269,968,17.2,1000403-2-2-10
1000403,12352,1289,6.6,1000403-1-26-27
1000403,12352,13341,6.6,1000403-1-26-29
1000403,12352,724,6.6,1000403-1-26-28
1000403,1277,1278,17.2,1000403-2-4-5
1000403,1277,193,17.2,1000403-2-4-11
1000403,1277,4050,17.2,1000403-2-4-7
1000403,1277,4232,17.2,1000403-2-4-8
1000403,1277,9003,17.2,1000403-2-4-9
1000403,1277,965,17.2,1000403-2-4-6
1000403,1277,968,17.2,1000403-2-4-10
1000403,1278,193,17.2,1000403-2-5-11
1000403,1278,4050,17.2,1000403-2-5-7
1000403,1278,4232,17.2,1000403-2-5-8
1000403,1278,9003,17.2,1000403-2-5-9
1000403,1278,965,17.2,1000403-2-5-6
1000403,1278,968,17.2,1000403-2-5-10
1000403,1289,13341,6.6,1000403-1-27-29
1000403,1289,724,6.6,1000403-1-27-28
1000403,13341,10269,17.2,1000403-2-1-2
1000403,13341,1277,17.2,1000403-2-1-4
1000403,13341,1278,17.2,1000403-2-1-5
1000403,13341,193,17.2,1000403-2-1-11
1000403,13341,4050,17.2,1000403-2-1-7
1000403,13341,4232,17.2,1000403-2-1-8
1000403,13341,9000,17.2,1000403-2-1-3
1000403,13341,9003,17.2,1000403-2-1-9
1000403,13341,965,17.2,1000403-2-1-6
1000403,13341,968,17.2,1000403-2-1-10
1000403,4022,12352,6.6,1000403-1-22-26
1000403,4022,1289,6.6,1000403-1-22-27
1000403,4022,13341,6.6,1000403-1-22-29
1000403,4022,4024,6.6,1000403-1-22-25
1000403,4022,7041,6.6,1000403-1-22-24
1000403,4022,724,6.6,1000403-1-22-28
1000403,4022,961,6.6,1000403-1-22-23
1000403,4024,12352,6.6,1000403-1-25-26
1000403,4024,1289,6.6,1000403-1-25-27
1000403,4024,13341,6.6,1000403-1-25-29
1000403,4024,724,6.6,1000403-1-25-28
1000403,4049,12352,6.6,1000403-1-21-26
1000403,4049,1289,6.6,1000403-1-21-27
1000403,4049,13341,6.6,1000403-1-21-29
1000403,4049,4022,6.6,1000403-1-21-22
1000403,4049,4024,6.6,1000403-1-21-25
1000403,4049,7041,6.6,1000403-1-21-24
1000403,4049,724,6.6,1000403-1-21-28
1000403,4049,961,6.6,1000403-1-21-23
1000403,4050,193,17.2,1000403-2-7-11
1000403,4050,4232,17.2,1000403-2-7-8
1000403,4050,9003,17.2,1000403-2-7-9
1000403,4050,968,17.2,1000403-2-7-10
1000403,4232,193,17.2,1000403-2-8-11
1000403,4232,9003,17.2,1000403-2-8-9
1000403,4232,968,17.2,1000403-2-8-10
1000403,7041,12352,6.6,1000403-1-24-26
1000403,7041,1289,6.6,1000403-1-24-27
1000403,7041,13341,6.6,1000403-1-24-29
1000403,7041,4024,6.6,1000403-1-24-25
1000403,7041,724,6.6,1000403-1-24-28
1000403,724,13341,6.6,1000403-1-28-29
1000403,9000,1277,17.2,1000403-2-3-4
1000403,9000,1278,17.2,1000403-2-3-5
1000403,9000,193,17.2,1000403-2-3-11
1000403,9000,4050,17.2,1000403-2-3-7
1000403,9000,4232,17.2,1000403-2-3-8
1000403,9000,9003,17.2,1000403-2-3-9
1000403,9000,965,17.2,1000403-2-3-6
1000403,9000,968,17.2,1000403-2-3-10
1000403,9003,193,17.2,1000403-2-9-11
1000403,9003,968,17.2,1000403-2-9-10
1000403,9036,12352,6.6,1000403-1-20-26
1000403,9036,1289,6.6,1000403-1-20-27
1000403,9036,13341,6.6,1000403-1-20-29
1000403,9036,4022,6.6,1000403-1-20-22
1000403,9036,4024,6.6,1000403-1-20-25
1000403,9036,4049,6.6,1000403-1-20-21
1000403,9036,7041,6.6,1000403-1-20-24
1000403,9036,724,6.6,1000403-1-20-28
1000403,9036,961,6.6,1000403-1-20-23
1000403,961,12352,6.6,1000403-1-23-26
1000403,961,1289,6.6,1000403-1-23-27
1000403,961,13341,6.6,1000403-1-23-29
1000403,961,4024,6.6,1000403-1-23-25
1000403,961,7041,6.6,1000403-1-23-24
1000403,961,724,6.6,1000403-1-23-28
1000403,965,193,17.2,1000403-2-6-11
1000403,965,4050,17.2,1000403-2-6-7
1000403,965,4232,17.2,1000403-2-6-8
1000403,965,9003,17.2,1000403-2-6-9
1000403,965,968,17.2,1000403-2-6-10
1000403,968,193,17.2,1000403-2-10-11
1000405,10269,12352,6.3,1000405-2-32-36
1000405,10269,1277,6.3,1000405-2-32-34
1000405,10269,1278,6.3,1000405-2-32-35
1000405,10269,13341,6.3,1000405-2-32-37
1000405,10269,9000,6.3,1000405-2-32-33
1000405,1164,10269,6.3,1000405-2-31-32
1000405,1164,12352,6.3,1000405-2-31-36
1000405,1164,1277,6.3,1000405-2-31-34
1000405,1164,1278,6.3,1000405-2-31-35
1000405,1164,13341,6.3,1000405-2-31-37
1000405,1164,9000,6.3,1000405-2-31-33
1000405,12352,13341,6.3,1000405-2-36-37
1000405,12352,193,7.5,1000405-1-5-10
1000405,12352,4028,7.5,1000405-1-5-9
1000405,12352,4052,7.5,1000405-1-5-8
1000405,12352,4248,7.5,1000405-1-5-7
1000405,12352,724,7.5,1000405-1-5-6
1000405,1277,12352,6.3,1000405-2-34-36
1000405,1277,1278,6.3,1000405-2-34-35
1000405,1277,13341,6.3,1000405-2-34-37
1000405,1277,193,7.5,1000405-1-3-10
1000405,1277,4028,7.5,1000405-1-3-9
1000405,1277,4052,7.5,1000405-1-3-8
1000405,1277,4248,7.5,1000405-1-3-7
1000405,1277,724,7.5,1000405-1-3-6
1000405,1278,12352,6.3,1000405-2-35-36
1000405,1278,13341,6.3,1000405-2-35-37
1000405,1278,193,7.5,1000405-1-4-10
1000405,1278,4028,7.5,1000405-1-4-9
1000405,1278,4052,7.5,1000405-1-4-8
1000405,1278,4248,7.5,1000405-1-4-7
1000405,1278,724,7.5,1000405-1-4-6
1000405,13341,12352,7.5,1000405-1-1-5
1000405,13341,1277,7.5,1000405-1-1-3
1000405,13341,1278,7.5,1000405-1-1-4
1000405,13341,193,7.5,1000405-1-1-10
1000405,13341,4028,7.5,1000405-1-1-9
1000405,13341,4052,7.5,1000405-1-1-8
1000405,13341,4248,7.5,1000405-1-1-7
1000405,13341,724,7.5,1000405-1-1-6
1000405,13341,9000,7.5,1000405-1-1-2
1000405,4028,193,7.5,1000405-1-9-10
1000405,4049,10269,6.3,1000405-2-29-32
1000405,4049,1164,6.3,1000405-2-29-31
1000405,4049,12352,6.3,1000405-2-29-36
1000405,4049,1277,6.3,1000405-2-29-34
1000405,4049,1278,6.3,1000405-2-29-35
1000405,4049,13341,6.3,1000405-2-29-37
1000405,4049,4272,6.3,1000405-2-29-30
1000405,4049,9000,6.3,1000405-2-29-33
1000405,4052,193,7.5,1000405-1-8-10
1000405,4052,4028,7.5,1000405-1-8-9
1000405,4248,193,7.5,1000405-1-7-10
1000405,4248,4028,7.5,1000405-1-7-9
1000405,4248,4052,7.5,1000405-1-7-8
1000405,4272,10269,6.3,1000405-2-30-32
1000405,4272,1164,6.3,1000405-2-30-31
1000405,4272,12352,6.3,1000405-2-30-36
1000405,4272,1277,6.3,1000405-2-30-34
1000405,4272,1278,6.3,1000405-2-30-35
1000405,4272,13341,6.3,1000405-2-30-37
1000405,4272,9000,6.3,1000405-2-30-33
1000405,724,193,7.5,1000405-1-6-10
1000405,724,4028,7.5,1000405-1-6-9
1000405,724,4052,7.5,1000405-1-6-8
1000405,724,4248,7.5,1000405-1-6-7
1000405,9000,12352,6.3,1000405-2-33-36
1000405,9000,1277,6.3,1000405-2-33-34
1000405,9000,1278,6.3,1000405-2-33-35
1000405,9000,13341,6.3,1000405-2-33-37
1000405,9000,193,7.5,1000405-1-2-10
1000405,9000,4028,7.5,1000405-1-2-9
1000405,9000,4052,7.5,1000405-1-2-8
1000405,9000,4248,7.5,1000405-1-2-7
1000405,9000,724,7.5,1000405-1-2-6
1000405,9036,10269,6.3,1000405-2-28-32
1000405,9036,1164,6.3,1000405-2-28-31
1000405,9036,12352,6.3,1000405-2-28-36
1000405,9036,1277,6.3,1000405-2-28-34
1000405,9036,1278,6.3,1000405-2-28-35
1000405,9036,13341,6.3,1000405-2-28-37
1000405,9036,4049,6.3,1000405-2-28-29
1000405,9036,4272,6.3,1000405-2-28-30
1000405,9036,9000,6.3,1000405-2-28-33
1000406,10269,12352,6.3,1000406-2-33-37
1000406,10269,1277,6.3,1000406-2-33-35
1000406,10269,1278,6.3,1000406-2-33-36
1000406,10269,13341,6.3,1000406-2-33-38
1000406,10269,9000,6.3,1000406-2-33-34
1000406,1164,10269,6.3,1000406-2-32-33
1000406,1164,12352,6.3,1000406-2-32-37
1000406,1164,1277,6.3,1000406-2-32-35
1000406,1164,1278,6.3,1000406-2-32-36
1000406,1164,13341,6.3,1000406-2-32-38
1000406,1164,9000,6.3,1000406-2-32-34
1000406,12352,13341,6.3,1000406-2-37-38
1000406,12352,193,7.5,1000406-1-5-10
1000406,12352,4028,7.5,1000406-1-5-9
1000406,12352,4052,7.5,1000406-1-5-8
1000406,12352,4248,7.5,1000406-1-5-7
1000406,12352,724,7.5,1000406-1-5-6
1000406,1277,12352,6.3,1000406-2-35-37
1000406,1277,1278,6.3,1000406-2-35-36
1000406,1277,13341,6.3,1000406-2-35-38
1000406,1277,193,7.5,1000406-1-3-10
1000406,1277,4028,7.5,1000406-1-3-9
1000406,1277,4052,7.5,1000406-1-3-8
1000406,1277,4248,7.5,1000406-1-3-7
1000406,1277,724,7.5,1000406-1-3-6
1000406,1278,12352,6.3,1000406-2-36-37
1000406,1278,13341,6.3,1000406-2-36-38
1000406,1278,193,7.5,1000406-1-4-10
1000406,1278,4028,7.5,1000406-1-4-9
1000406,1278,4052,7.5,1000406-1-4-8
1000406,1278,4248,7.5,1000406-1-4-7
1000406,1278,724,7.5,1000406-1-4-6
1000406,13341,12352,7.5,1000406-1-1-5
1000406,13341,1277,7.5,1000406-1-1-3
1000406,13341,1278,7.5,1000406-1-1-4
1000406,13341,193,7.5,1000406-1-1-10
1000406,13341,4028,7.5,1000406-1-1-9
1000406,13341,4052,7.5,1000406-1-1-8
1000406,13341,4248,7.5,1000406-1-1-7
1000406,13341,724,7.5,1000406-1-1-6
1000406,13341,9000,7.5,1000406-1-1-2
1000406,4028,193,7.5,1000406-1-9-10
1000406,4049,10269,6.3,1000406-2-30-33
1000406,4049,1164,6.3,1000406-2-30-32
1000406,4049,12352,6.3,1000406-2-30-37
1000406,4049,1277,6.3,1000406-2-30-35
1000406,4049,1278,6.3,1000406-2-30-36
1000406,4049,13341,6.3,1000406-2-30-38
1000406,4049,4272,6.3,1000406-2-30-31
1000406,4049,9000,6.3,1000406-2-30-34
1000406,4052,193,7.5,1000406-1-8-10
1000406,4052,4028,7.5,1000406-1-8-9
1000406,4248,193,7.5,1000406-1-7-10
1000406,4248,4028,7.5,1000406-1-7-9
1000406,4248,4052,7.5,1000406-1-7-8
1000406,4272,10269,6.3,1000406-2-31-33
1000406,4272,1164,6.3,1000406-2-31-32
1000406,4272,12352,6.3,1000406-2-31-37
1000406,4272,1277,6.3,1000406-2-31-35
1000406,4272,1278,6.3,1000406-2-31-36
1000406,4272,13341,6.3,1000406-2-31-38
1000406,4272,9000,6.3,1000406-2-31-34
1000406,724,193,7.5,1000406-1-6-10
1000406,724,4028,7.5,1000406-1-6-9
1000406,724,4052,7.5,1000406-1-6-8
1000406,724,4248,7.5,1000406-1-6-7
1000406,9000,12352,6.3,1000406-2-34-37
1000406,9000,1277,6.3,1000406-2-34-35
1000406,9000,1278,6.3,1000406-2-34-36
1000406,9000,13341,6.3,1000406-2-34-38
1000406,9000,193,7.5,1000406-1-2-10
1000406,9000,4028,7.5,1000406-1-2-9
1000406,9000,4052,7.5,1000406-1-2-8
1000406,9000,4248,7.5,1000406-1-2-7
1000406,9000,724,7.5,1000406-1-2-6
1000406,9036,10269,6.3,1000406-2-29-33
1000406,9036,1164,6.3,1000406-2-29-32
1000406,9036,12352,6.3,1000406-2-29-37
1000406,9036,1277,6.3,1000406-2-29-35
1000406,9036,1278,6.3,1000406-2-29-36
1000406,9036,13341,6.3,1000406-2-29-38
1000406,9036,4049,6.3,1000406-2-29-30
1000406,9036,4272,6.3,1000406-2-29-31
1000406,9036,9000,6.3,1000406-2-29-34
1000412,1164,10000345,9.2,1000412-2-18-19
1000412,4247,1321,10.3,1000412-1-16-18
1000412,4247,4248,10.3,1000412-1-16-17
1000412,4248,1321,10.3,1000412-1-17-18
1000412,4272,10000345,9.2,1000412-2-17-19
1000412,4272,1164,9.2,1000412-2-17-18
1000412,7082,10000345,9.2,1000412-2-16-19
1000412,7082,1164,9.2,1000412-2-16-18
1000412,7082,4272,9.2,1000412-2-16-17
1000437,10000344,9014,47.6,1000437-1-12-13
1000437,1279,10000344,47.6,1000437-1-11-12
1000437,1279,9014,47.6,1000437-1-11-13
1000437,1331,10000344,47.6,1000437-1-6-12
1000437,1331,1279,47.6,1000437-1-6-11
1000437,1331,7041,47.6,1000437-1-6-9
1000437,1331,9014,47.6,1000437-1-6-13
1000437,7041,10000344,47.6,1000437-1-9-12
1000437,7041,1279,47.6,1000437-1-9-11
1000437,7041,9014,47.6,1000437-1-9-13
1000437,9015,10000344,47.6,1000437-1-5-12
1000437,9015,1279,47.6,1000437-1-5-11
1000437,9015,1331,47.6,1000437-1-5-6
1000437,9015,7041,47.6,1000437-1-5-9
1000437,9015,9014,47.6,1000437-1-5-13
1000439,12885,1310,8.6,1000439-1-7-8
1000439,12885,4050,8.6,1000439-1-7-12
1000439,12885,4051,8.6,1000439-1-7-13
1000439,12885,4052,8.6,1000439-1-7-14
1000439,12885,723,8.6,1000439-1-7-9
1000439,12885,9012,8.6,1000439-1-7-15
1000439,12885,965,8.6,1000439-1-7-11
1000439,1310,4050,8.6,1000439-1-8-12
1000439,1310,4051,8.6,1000439-1-8-13
1000439,1310,4052,8.6,1000439-1-8-14
1000439,1310,723,8.6,1000439-1-8-9
1000439,1310,9012,8.6,1000439-1-8-15
1000439,1310,965,8.6,1000439-1-8-11
1000439,4050,4051,8.6,1000439-1-12-13
1000439,4050,4052,8.6,1000439-1-12-14
1000439,4050,9012,8.6,1000439-1-12-15
1000439,4051,4052,8.6,1000439-1-13-14
1000439,4051,9012,8.6,1000439-1-13-15
1000439,4052,9012,8.6,1000439-1-14-15
1000439,723,4050,8.6,1000439-1-9-12
1000439,723,4051,8.6,1000439-1-9-13
1000439,723,4052,8.6,1000439-1-9-14
1000439,723,9012,8.6,1000439-1-9-15
1000439,723,965,8.6,1000439-1-9-11
1000439,965,4050,8.6,1000439-1-11-12
1000439,965,4051,8.6,1000439-1-11-13
1000439,965,4052,8.6,1000439-1-11-14
1000439,965,9012,8.6,1000439-1-11-15
1000454,12352,1289,10.8,1000454-1-29-30
1000454,12481,4028,32.4,1000454-2-5-10
1000454,12481,4050,32.4,1000454-2-5-7
1000454,12481,4232,32.4,1000454-2-5-8
1000454,12481,9003,32.4,1000454-2-5-9
1000454,12481,965,32.4,1000454-2-5-6
1000454,12939,12481,32.4,1000454-2-4-5
1000454,12939,4028,32.4,1000454-2-4-10
1000454,12939,4050,32.4,1000454-2-4-7
1000454,12939,4232,32.4,1000454-2-4-8
1000454,12939,9003,32.4,1000454-2-4-9
1000454,12939,965,32.4,1000454-2-4-6
1000454,4022,12352,10.8,1000454-1-26-29
1000454,4022,1289,10.8,1000454-1-26-30
1000454,4022,4024,10.8,1000454-1-26-28
1000454,4022,961,10.8,1000454-1-26-27
1000454,4024,12352,10.8,1000454-1-28-29
1000454,4024,1289,10.8,1000454-1-28-30
1000454,4049,12352,10.8,1000454-1-25-29
1000454,4049,1289,10.8,1000454-1-25-30
1000454,4049,4022,10.8,1000454-1-25-26
1000454,4049,4024,10.8,1000454-1-25-28
1000454,4049,961,10.8,1000454-1-25-27
1000454,4050,4028,32.4,1000454-2-7-10
1000454,4050,4232,32.4,1000454-2-7-8
1000454,4050,9003,32.4,1000454-2-7-9
1000454,4232,4028,32.4,1000454-2-8-10
1000454,4232,9003,32.4,1000454-2-8-9
1000454,9000,12481,32.4,1000454-2-3-5
1000454,9000,12939,32.4,1000454-2-3-4
1000454,9000,4028,32.4,1000454-2-3-10
1000454,9000,4050,32.4,1000454-2-3-7
1000454,9000,4232,32.4,1000454-2-3-8
1000454,9000,9003,32.4,1000454-2-3-9
1000454,9000,965,32.4,1000454-2-3-6
1000454,9003,4028,32.4,1000454-2-9-10
1000454,9036,12352,10.8,1000454-1-24-29
1000454,9036,1289,10.8,1000454-1-24-30
1000454,9036,4022,10.8,1000454-1-24-26
1000454,9036,4024,10.8,1000454-1-24-28
1000454,9036,4049,10.8,1000454-1-24-25
1000454,9036,961,10.8,1000454-1-24-27
1000454,961,12352,10.8,1000454-1-27-29
1000454,961,1289,10.8,1000454-1-27-30
1000454,961,4024,10.8,1000454-1-27-28
1000454,965,4028,32.4,1000454-2-6-10
1000454,965,4050,32.4,1000454-2-6-7
1000454,965,4232,32.4,1000454-2-6-8
1000454,965,9003,32.4,1000454-2-6-9
1000461,9011,9009,10.2,1000461-1-6-7
1000473,12352,1289,5.8,1000473-2-7-8
1000473,12352,724,5.8,1000473-2-7-9
1000473,1277,12352,5.8,1000473-2-4-7
1000473,1277,1278,5.8,1000473-2-4-5
1000473,1277,1279,5.8,1000473-2-4-6
1000473,1277,1289,5.8,1000473-2-4-8
1000473,1277,724,5.8,1000473-2-4-9
1000473,1278,12352,5.8,1000473-2-5-7
1000473,1278,1279,5.8,1000473-2-5-6
1000473,1278,1289,5.8,1000473-2-5-8
1000473,1278,724,5.8,1000473-2-5-9
1000473,1279,12352,5.8,1000473-2-6-7
1000473,1279,1289,5.8,1000473-2-6-8
1000473,1279,724,5.8,1000473-2-6-9
1000473,1289,724,5.8,1000473-2-8-9
1000522,10269,12746,5.6,1000522-1-15-20
1000522,10269,1278,5.6,1000522-1-15-18
1000522,10269,1279,5.6,1000522-1-15-19
1000522,10269,12911,5.6,1000522-1-15-16
1000522,10269,13364,5.6,1000522-1-15-17
1000522,12352,1289,12.1,1000522-2-2-3
1000522,12352,13342,12.1,1000522-2-2-5
1000522,12352,724,12.1,1000522-2-2-4
1000522,12746,12352,12.1,1000522-2-1-2
1000522,12746,1289,12.1,1000522-2-1-3
1000522,12746,13342,12.1,1000522-2-1-5
1000522,12746,724,12.1,1000522-2-1-4
1000522,1278,12746,5.6,1000522-1-18-20
1000522,1278,1279,5.6,1000522-1-18-19
1000522,1279,12746,5.6,1000522-1-19-20
1000522,1289,13342,12.1,1000522-2-3-5
1000522,1289,724,12.1,1000522-2-3-4
1000522,12911,12746,5.6,1000522-1-16-20
1000522,12911,1278,5.6,1000522-1-16-18
1000522,12911,1279,5.6,1000522-1-16-19
1000522,12911,13364,5.6,1000522-1-16-17
1000522,13342,10269,5.6,1000522-1-14-15
1000522,13342,12746,5.6,1000522-1-14-20
1000522,13342,1278,5.6,1000522-1-14-18
1000522,13342,1279,5.6,1000522-1-14-19
1000522,13342,12911,5.6,1000522-1-14-16
1000522,13342,13364,5.6,1000522-1-14-17
1000522,13364,12746,5.6,1000522-1-17-20
1000522,13364,1278,5.6,1000522-1-17-18
1000522,13364,1279,5.6,1000522-1-17-19
1000522,724,13342,12.1,1000522-2-4-5
1000532,1277,4027,5.8,1000532-1-15-18
1000532,1277,4028,5.8,1000532-1-15-19
1000532,1277,4076,5.8,1000532-1-15-17
1000532,1277,965,5.8,1000532-1-15-16
1000532,12911,1277,5.8,1000532-1-14-15
1000532,12911,4027,5.8,1000532-1-14-18
1000532,12911,4028,5.8,1000532-1-14-19
1000532,12911,4076,5.8,1000532-1-14-17
1000532,12911,965,5.8,1000532-1-14-16
1000532,4027,4028,5.8,1000532-1-18-19
1000532,4076,4027,5.8,1000532-1-17-18
1000532,4076,4028,5.8,1000532-1-17-19
1000532,965,4027,5.8,1000532-1-16-18
1000532,965,4028,5.8,1000532-1-16-19
1000532,965,4076,5.8,1000532-1-16-17
1000542,1289,4147,40.0,1000542-1-2-16
1000542,1289,4248,40.0,1000542-1-2-6
1000542,1289,9009,40.0,1000542-1-2-7
1000542,4248,4147,40.0,1000542-1-6-16
1000542,4248,9009,40.0,1000542-1-6-7
1000542,9009,4147,40.0,1000542-1-7-16
1000592,10269,1279,5.8,1000592-1-18-21
1000592,10269,4024,5.8,1000592-1-18-20
1000592,10269,4148,5.8,1000592-1-18-22
1000592,10269,4231,5.8,1000592-1-18-19
1000592,1279,4148,5.8,1000592-1-21-22
1000592,13342,10269,5.8,1000592-1-17-18
1000592,13342,1279,5.8,1000592-1-17-21
1000592,13342,4024,5.8,1000592-1-17-20
1000592,13342,4148,5.8,1000592-1-17-22
1000592,13342,4231,5.8,1000592-1-17-19
1000592,4024,1279,5.8,1000592-1-20-21
1000592,4024,4148,5.8,1000592-1-20-22
1000592,4231,1279,5.8,1000592-1-19-21
1000592,4231,4024,5.8,1000592-1-19-20
1000592,4231,4148,5.8,1000592-1-19-22
1000612,1279,4148,7.4,1000612-1-20-21
1000612,1310,4232,10.8,1000612-2-3-7
1000612,1310,723,10.8,1000612-2-3-4
1000612,1310,9009,10.8,1000612-2-3-9
1000612,1310,966,10.8,1000612-2-3-6
1000612,1310,967,10.8,1000612-2-3-8
1000612,4020,1279,7.4,1000612-1-16-20
1000612,4020,4021,7.4,1000612-1-16-17
1000612,4020,4024,7.4,1000612-1-16-19
1000612,4020,4148,7.4,1000612-1-16-21
1000612,4020,4231,7.4,1000612-1-16-18
1000612,4021,1279,7.4,1000612-1-17-20
1000612,4021,4024,7.4,1000612-1-17-19
1000612,4021,4148,7.4,1000612-1-17-21
1000612,4021,4231,7.4,1000612-1-17-18
1000612,4024,1279,7.4,1000612-1-19-20
1000612,4024,4148,7.4,1000612-1-19-21
1000612,4174,1310,10.8,1000612-2-2-3
1000612,4174,4232,10.8,1000612-2-2-7
1000612,4174,723,10.8,1000612-2-2-4
1000612,4174,9009,10.8,1000612-2-2-9
1000612,4174,966,10.8,1000612-2-2-6
1000612,4174,967,10.8,1000612-2-2-8
1000612,4231,1279,7.4,1000612-1-18-20
1000612,4231,4024,7.4,1000612-1-18-19
1000612,4231,4148,7.4,1000612-1-18-21
1000612,4232,9009,10.8,1000612-2-7-9
1000612,4232,967,10.8,1000612-2-7-8
1000612,723,4232,10.8,1000612-2-4-7
1000612,723,9009,10.8,1000612-2-4-9
1000612,723,966,10.8,1000612-2-4-6
1000612,723,967,10.8,1000612-2-4-8
1000612,966,4232,10.8,1000612-2-6-7
1000612,966,9009,10.8,1000612-2-6-9
1000612,966,967,10.8,1000612-2-6-8
1000612,967,9009,10.8,1000612-2-8-9
1000621,10269,12746,12.2,1000621-1-20-24
1000621,10269,1278,12.2,1000621-1-20-22
1000621,10269,1279,12.2,1000621-1-20-23
1000621,10269,12911,12.2,1000621-1-20-21
1000621,10269,4132,12.2,1000621-1-20-25
1000621,10269,9007,12.2,1000621-1-20-26
1000621,10269,9014,12.2,1000621-1-20-27
1000621,1164,10269,12.2,1000621-1-18-20
1000621,1164,12746,12.2,1000621-1-18-24
1000621,1164,1278,12.2,1000621-1-18-22
1000621,1164,1279,12.2,1000621-1-18-23
1000621,1164,12911,12.2,1000621-1-18-21
1000621,1164,13342,12.2,1000621-1-18-19
1000621,1164,4132,12.2,1000621-1-18-25
1000621,1164,9007,12.2,1000621-1-18-26
1000621,1164,9014,12.2,1000621-1-18-27
1000621,12746,4132,12.2,1000621-1-24-25
1000621,12746,9007,12.2,1000621-1-24-26
1000621,12746,9014,12.2,1000621-1-24-27
1000621,1278,12746,12.2,1000621-1-22-24
1000621,1278,1279,12.2,1000621-1-22-23
1000621,1278,4132,12.2,1000621-1-22-25
1000621,1278,9007,12.2,1000621-1-22-26
1000621,1278,9014,12.2,1000621-1-22-27
1000621,1279,12746,12.2,1000621-1-23-24
1000621,1279,4132,12.2,1000621-1-23-25
1000621,1279,9007,12.2,1000621-1-23-26
1000621,1279,9014,12.2,1000621-1-23-27
1000621,12911,12746,12.2,1000621-1-21-24
1000621,12911,1278,12.2,1000621-1-21-22
1000621,12911,1279,12.2,1000621-1-21-23
1000621,12911,4132,12.2,1000621-1-21-25
1000621,12911,9007,12.2,1000621-1-21-26
1000621,12911,9014,12.2,1000621-1-21-27
1000621,13342,10269,12.2,1000621-1-19-20
1000621,13342,12746,12.2,1000621-1-19-24
1000621,13342,1278,12.2,1000621-1-19-22
1000621,13342,1279,12.2,1000621-1-19-23
1000621,13342,12911,12.2,1000621-1-19-21
1000621,13342,4132,12.2,1000621-1-19-25
1000621,13342,9007,12.2,1000621-1-19-26
1000621,13342,9014,12.2,1000621-1-19-27
1000621,4132,9007,12.2,1000621-1-25-26
1000621,4132,9014,12.2,1000621-1-25-27
1000621,4272,10269,12.2,1000621-1-17-20
1000621,4272,1164,12.2,1000621-1-17-18
1000621,4272,12746,12.2,1000621-1-17-24
1000621,4272,1278,12.2,1000621-1-17-22
1000621,4272,1279,12.2,1000621-1-17-23
1000621,4272,12911,12.2,1000621-1-17-21
1000621,4272,13342,12.2,1000621-1-17-19
1000621,4272,4132,12.2,1000621-1-17-25
1000621,4272,9007,12.2,1000621-1-17-26
1000621,4272,9014,12.2,1000621-1-17-27
1000621,7082,10269,12.2,1000621-1-16-20
1000621,7082,1164,12.2,1000621-1-16-18
1000621,7082,12746,12.2,1000621-1-16-24
1000621,7082,1278,12.2,1000621-1-16-22
1000621,7082,1279,12.2,1000621-1-16-23
1000621,7082,12911,12.2,1000621-1-16-21
1000621,7082,13342,12.2,1000621-1-16-19
1000621,7082,4132,12.2,1000621-1-16-25
1000621,7082,4272,12.2,1000621-1-16-17
1000621,7082,9007,12.2,1000621-1-16-26
1000621,7082,9014,12.2,1000621-1-16-27
1000621,9007,9014,12.2,1000621-1-26-27
1000621,9015,10269,7.7,1000621-1-15-20
1000621,9015,1164,7.7,1000621-1-15-18
1000621,9015,12746,7.7,1000621-1-15-24
1000621,9015,1278,7.7,1000621-1-15-22
1000621,9015,1279,7.7,1000621-1-15-23
1000621,9015,12911,7.7,1000621-1-15-21
1000621,9015,13342,7.7,1000621-1-15-19
1000621,9015,4132,7.7,1000621-1-15-25
1000621,9015,4272,7.7,1000621-1-15-17
1000621,9015,7082,7.7,1000621-1-15-16
1000621,9015,9007,7.7,1000621-1-15-26
1000621,9015,9014,7.7,1000621-1-15-27
1000622,10269,12746,12.2,1000622-1-20-24
1000622,10269,1278,12.2,1000622-1-20-22
1000622,10269,1279,12.2,1000622-1-20-23
1000622,10269,12911,12.2,1000622-1-20-21
1000622,1164,10269,12.2,1000622-1-18-20
1000622,1164,12746,12.2,1000622-1-18-24
1000622,1164,1278,12.2,1000622-1-18-22
1000622,1164,1279,12.2,1000622-1-18-23
1000622,1164,12911,12.2,1000622-1-18-21
1000622,1164,13342,12.2,1000622-1-18-19
1000622,1278,12746,12.2,1000622-1-22-24
1000622,1278,1279,12.2,1000622-1-22-23
1000622,1279,12746,12.2,1000622-1-23-24
1000622,12911,12746,12.2,1000622-1-21-24
1000622,12911,1278,12.2,1000622-1-21-22
1000622,12911,1279,12.2,1000622-1-21-23
1000622,13342,10269,12.2,1000622-1-19-20
1000622,13342,12746,12.2,1000622-1-19-24
1000622,13342,1278,12.2,1000622-1-19-22
1000622,13342,1279,12.2,1000622-1-19-23
1000622,13342,12911,12.2,1000622-1-19-21
1000622,4272,10269,12.2,1000622-1-17-20
1000622,4272,1164,12.2,1000622-1-17-18
1000622,4272,12746,12.2,1000622-1-17-24
1000622,4272,1278,12.2,1000622-1-17-22
1000622,4272,1279,12.2,1000622-1-17-23
1000622,4272,12911,12.2,1000622-1-17-21
1000622,4272,13342,12.2,1000622-1-17-19
1000622,7082,10269,12.2,1000622-1-16-20
1000622,7082,1164,12.2,1000622-1-16-18
1000622,7082,12746,12.2,1000622-1-16-24
1000622,7082,1278,12.2,1000622-1-16-22
1000622,7082,1279,12.2,1000622-1-16-23
1000622,7082,12911,12.2,1000622-1-16-21
1000622,7082,13342,12.2,1000622-1-16-19
1000622,7082,4272,12.2,1000622-1-16-17
1000622,9015,10269,7.7,1000622-1-15-20
1000622,9015,1164,7.7,1000622-1-15-18
1000622,9015,12746,7.7,1000622-1-15-24
1000622,9015,1278,7.7,1000622-1-15-22
1000622,9015,1279,7.7,1000622-1-15-23
1000622,9015,12911,7.7,1000622-1-15-21
1000622,9015,13342,7.7,1000622-1-15-19
1000622,9015,4272,7.7,1000622-1-15-17
1000622,9015,7082,7.7,1000622-1-15-16
1000626,1289,4248,40.0,1000626-1-2-6
1000626,1289,7041,40.0,1000626-1-2-11
1000626,1289,9009,40.0,1000626-1-2-7
1000626,4248,7041,40.0,1000626-1-6-11
1000626,4248,9009,40.0,1000626-1-6-7
1000626,9009,7041,40.0,1000626-1-7-11
1000633,12352,1289,5.6,1000633-1-12-13
1000633,1277,1278,8.3,1000633-2-4-5
1000633,1277,1279,8.3,1000633-2-4-6
1000633,1277,1280,8.3,1000633-2-4-7
1000633,1277,1281,8.3,1000633-2-4-8
1000633,1277,1283,8.3,1000633-2-4-9
1000633,1278,1279,8.3,1000633-2-5-6
1000633,1278,1280,8.3,1000633-2-5-7
1000633,1278,1281,8.3,1000633-2-5-8
1000633,1278,1283,8.3,1000633-2-5-9
1000633,1279,1280,8.3,1000633-2-6-7
1000633,1279,1281,8.3,1000633-2-6-8
1000633,1279,1283,8.3,1000633-2-6-9
1000633,1280,1281,8.3,1000633-2-7-8
1000633,1280,1283,8.3,1000633-2-7-9
1000633,1281,1283,8.3,1000633-2-8-9
1000633,12885,12352,7.4,1000633-1-9-12
1000633,12885,1289,7.4,1000633-1-9-13
1000633,12885,1310,7.4,1000633-1-9-10
1000633,12885,723,7.4,1000633-1-9-11
1000633,12911,1277,8.3,1000633-2-3-4
1000633,12911,1278,8.3,1000633-2-3-5
1000633,12911,1279,8.3,1000633-2-3-6
1000633,12911,1280,8.3,1000633-2-3-7
1000633,12911,1281,8.3,1000633-2-3-8
1000633,12911,1283,8.3,1000633-2-3-9
1000633,1310,12352,7.4,1000633-1-10-12
1000633,1310,1289,7.4,1000633-1-10-13
1000633,1310,723,7.4,1000633-1-10-11
1000633,723,12352,7.4,1000633-1-11-12
1000633,723,1289,7.4,1000633-1-11-13
1000641,10000247,10000247,5.7,1000641-1-1-16
1000641,10000247,12352,5.7,1000641-1-1-11
1000641,10000247,1277,5.7,1000641-1-1-6
1000641,10000247,1278,5.7,1000641-1-1-7
1000641,10000247,1279,5.7,1000641-1-1-8
1000641,10000247,1289,5.7,1000641-1-1-12
1000641,10000247,13310,5.7,1000641-1-1-2
1000641,10000247,4147,5.7,1000641-1-1-10
1000641,10000247,4148,5.7,1000641-1-1-9
1000641,12352,10000247,5.7,1000641-1-11-16
1000641,12352,1289,5.7,1000641-1-11-12
1000641,1277,10000247,5.7,1000641-1-6-16
1000641,1277,12352,5.7,1000641-1-6-11
1000641,1277,1278,5.7,1000641-1-6-7
1000641,1277,1279,5.7,1000641-1-6-8
1000641,1277,1289,5.7,1000641-1-6-12
1000641,1277,4147,5.7,1000641-1-6-10
1000641,1277,4148,5.7,1000641-1-6-9
1000641,1278,10000247,5.7,1000641-1-7-16
1000641,1278,12352,5.7,1000641-1-7-11
1000641,1278,1279,5.7,1000641-1-7-8
1000641,1278,1289,5.7,1000641-1-7-12
1000641,1278,4147,5.7,1000641-1-7-10
1000641,1278,4148,5.7,1000641-1-7-9
1000641,1279,10000247,5.7,1000641-1-8-16
1000641,1279,12352,5.7,1000641-1-8-11
1000641,1279,1289,5.7,1000641-1-8-12
1000641,1279,4147,5.7,1000641-1-8-10
1000641,1279,4148,5.7,1000641-1-8-9
1000641,1289,10000247,5.7,1000641-1-12-16
1000641,13310,10000247,5.7,1000641-1-2-16
1000641,13310,12352,5.7,1000641-1-2-11
1000641,13310,1277,5.7,1000641-1-2-6
1000641,13310,1278,5.7,1000641-1-2-7
1000641,13310,1279,5.7,1000641-1-2-8
1000641,13310,1289,5.7,1000641-1-2-12
1000641,13310,4147,5.7,1000641-1-2-10
1000641,13310,4148,5.7,1000641-1-2-9
1000641,4147,10000247,5.7,1000641-1-10-16
1000641,4147,12352,5.7,1000641-1-10-11
1000641,4147,1289,5.7,1000641-1-10-12
1000641,4148,10000247,5.7,1000641-1-9-16
1000641,4148,12352,5.7,1000641-1-9-11
1000641,4148,1289,5.7,1000641-1-9-12
1000641,4148,4147,5.7,1000641-1-9-10
1000647,12746,193,16.9,1000647-1-1-7
1000647,12746,4050,16.9,1000647-1-1-3
1000647,12746,4232,16.9,1000647-1-1-4
1000647,12746,9004,16.9,1000647-1-1-2
1000647,12746,967,16.9,1000647-1-1-5
1000647,12746,968,16.9,1000647-1-1-6
1000647,4050,193,16.9,1000647-1-3-7
1000647,4050,4232,16.9,1000647-1-3-4
1000647,4050,967,16.9,1000647-1-3-5
1000647,4050,968,16.9,1000647-1-3-6
1000647,4232,193,16.9,1000647-1-4-7
1000647,4232,967,16.9,1000647-1-4-5
1000647,4232,968,16.9,1000647-1-4-6
1000647,9004,193,16.9,1000647-1-2-7
1000647,9004,4050,16.9,1000647-1-2-3
1000647,9004,4232,16.9,1000647-1-2-4
1000647,9004,967,16.9,1000647-1-2-5
1000647,9004,968,16.9,1000647-1-2-6
1000647,967,193,16.9,1000647-1-5-7
1000647,967,968,16.9,1000647-1-5-6
1000647,968,193,16.9,1000647-1-6-7
1000655,12746,13137,13.6,1000655-2-1-7
1000655,12746,13310,13.6,1000655-2-1-8
1000655,12746,4028,13.6,1000655-2-1-6
1000655,12746,4050,13.6,1000655-2-1-3
1000655,12746,4232,13.6,1000655-2-1-4
1000655,12746,9003,13.6,1000655-2-1-5
1000655,12746,965,13.6,1000655-2-1-2
1000655,1279,12746,6.3,1000655-1-13-14
1000655,13137,13310,13.6,1000655-2-7-8
1000655,4024,12746,6.3,1000655-1-12-14
1000655,4024,1279,6.3,1000655-1-12-13
1000655,4028,13137,13.6,1000655-2-6-7
1000655,4028,13310,13.6,1000655-2-6-8
1000655,4050,13137,13.6,1000655-2-3-7
1000655,4050,13310,13.6,1000655-2-3-8
1000655,4050,4028,13.6,1000655-2-3-6
1000655,4050,4232,13.6,1000655-2-3-4
1000655,4050,9003,13.6,1000655-2-3-5
1000655,4232,13137,13.6,1000655-2-4-7
1000655,4232,13310,13.6,1000655-2-4-8
1000655,4232,4028,13.6,1000655-2-4-6
1000655,4232,9003,13.6,1000655-2-4-5
1000655,9003,13137,13.6,1000655-2-5-7
1000655,9003,13310,13.6,1000655-2-5-8
1000655,9003,4028,13.6,1000655-2-5-6
1000655,961,12746,6.3,1000655-1-11-14
1000655,961,1279,6.3,1000655-1-11-13
1000655,961,4024,6.3,1000655-1-11-12
1000655,965,13137,13.6,1000655-2-2-7
1000655,965,13310,13.6,1000655-2-2-8
1000655,965,4028,13.6,1000655-2-2-6
1000655,965,4050,13.6,1000655-2-2-3
1000655,965,4232,13.6,1000655-2-2-4
1000655,965,9003,13.6,1000655-2-2-5
1000687,1164,13310,14.5,1000687-2-16-17
1000687,4049,1164,14.5,1000687-2-14-16
1000687,4049,13310,14.5,1000687-2-14-17
1000687,4049,4272,14.5,1000687-2-14-15
1000687,4052,970,7.7,1000687-1-43-44
1000687,4247,4052,7.7,1000687-1-41-43
1000687,4247,4248,7.7,1000687-1-41-42
1000687,4247,970,7.7,1000687-1-41-44
1000687,4248,4052,7.7,1000687-1-42-43
1000687,4248,970,7.7,1000687-1-42-44
1000687,4272,1164,14.5,1000687-2-15-16
1000687,4272,13310,14.5,1000687-2-15-17
1000688,9011,193,8.1,1000688-1-13-14
1000701,1279,12746,6.3,1000701-1-23-24
1000701,4022,12746,6.3,1000701-1-19-24
1000701,4022,1279,6.3,1000701-1-19-23
1000701,4022,4024,6.3,1000701-1-19-22
1000701,4022,7041,6.3,1000701-1-19-21
1000701,4022,961,6.3,1000701-1-19-20
1000701,4024,12746,6.3,1000701-1-22-24
1000701,4024,1279,6.3,1000701-1-22-23
1000701,7041,12746,6.3,1000701-1-21-24
1000701,7041,1279,6.3,1000701-1-21-23
1000701,7041,4024,6.3,1000701-1-21-22
1000701,7082,12746,6.3,1000701-1-18-24
1000701,7082,1279,6.3,1000701-1-18-23
1000701,7082,4022,6.3,1000701-1-18-19
1000701,7082,4024,6.3,1000701-1-18-22
1000701,7082,7041,6.3,1000701-1-18-21
1000701,7082,961,6.3,1000701-1-18-20
1000701,961,12746,6.3,1000701-1-20-24
1000701,961,1279,6.3,1000701-1-20-23
1000701,961,4024,6.3,1000701-1-20-22
1000701,961,7041,6.3,1000701-1-20-21
1000706,1321,1322,5.8,1000706-2-4-5
1000706,1331,1164,5.8,1000706-1-23-24
1000706,4248,1321,5.8,1000706-2-3-4
1000706,4248,1322,5.8,1000706-2-3-5
1000706,7082,1164,5.8,1000706-1-22-24
1000706,7082,1331,5.8,1000706-1-22-23
1000707,1321,1322,5.8,1000707-1-4-5
1000707,4248,1321,5.8,1000707-1-3-4
1000707,4248,1322,5.8,1000707-1-3-5
1000710,12352,1289,5.6,1000710-1-14-15
1000710,1277,1278,8.3,1000710-2-4-5
1000710,1277,1279,8.3,1000710-2-4-6
1000710,1277,1280,8.3,1000710-2-4-7
1000710,1277,1281,8.3,1000710-2-4-8
1000710,1277,1283,8.3,1000710-2-4-9
1000710,1278,1279,8.3,1000710-2-5-6
1000710,1278,1280,8.3,1000710-2-5-7
1000710,1278,1281,8.3,1000710-2-5-8
1000710,1278,1283,8.3,1000710-2-5-9
1000710,1279,1280,8.3,1000710-2-6-7
1000710,1279,1281,8.3,1000710-2-6-8
1000710,1279,1283,8.3,1000710-2-6-9
1000710,1280,1281,8.3,1000710-2-7-8
1000710,1280,1283,8.3,1000710-2-7-9
1000710,1281,1283,8.3,1000710-2-8-9
1000710,12885,12352,7.4,1000710-1-11-14
1000710,12885,1289,7.4,1000710-1-11-15
1000710,12885,1310,7.4,1000710-1-11-12
1000710,12885,723,7.4,1000710-1-11-13
1000710,12911,1277,8.3,1000710-2-3-4
1000710,12911,1278,8.3,1000710-2-3-5
1000710,12911,1279,8.3,1000710-2-3-6
1000710,12911,1280,8.3,1000710-2-3-7
1000710,12911,1281,8.3,1000710-2-3-8
1000710,12911,1283,8.3,1000710-2-3-9
1000710,1310,12352,7.4,1000710-1-12-14
1000710,1310,1289,7.4,1000710-1-12-15
1000710,1310,723,7.4,1000710-1-12-13
1000710,723,12352,7.4,1000710-1-13-14
1000710,723,1289,7.4,1000710-1-13-15
1001,4020,4021,5.8,1001-1-19-20
1001,4020,4022,5.8,1001-1-19-21
1001,4020,4024,5.8,1001-1-19-23
1001,4020,7041,5.8,1001-1-19-22
1001,4021,4022,5.8,1001-1-20-21
1001,4021,4024,5.8,1001-1-20-23
1001,4021,7041,5.8,1001-1-20-22
1001,4022,4024,5.8,1001-1-21-23
1001,4022,7041,5.8,1001-1-21-22
1001,4027,193,6.7,1001-2-4-6
1001,4027,9009,6.7,1001-2-4-5
1001,4076,193,6.7,1001-2-3-6
1001,4076,4027,6.7,1001-2-3-4
1001,4076,9009,6.7,1001-2-3-5
1001,7041,4024,5.8,1001-1-22-23
1001,9009,193,6.7,1001-2-5-6
1001,965,193,6.7,1001-2-2-6
1001,965,4027,6.7,1001-2-2-4
1001,965,4076,6.7,1001-2-2-3
1001,965,9009,6.7,1001-2-2-5
1006,775,9014,12.2,1006-2-15-16
1006,9011,970,7.7,1006-1-16-17
1006,9012,775,12.2,1006-2-14-15
1006,9012,9014,12.2,1006-2-14-16
1006,9015,9011,7.7,1006-1-15-16
1006,9015,970,7.7,1006-1-15-17
1008,774,775,12.2,1008-1-14-15
1008,774,9014,12.2,1008-1-14-16
1008,775,9014,12.2,1008-1-15-16
1008,9015,779,7.7,1008-2-25-26
1015,4256,9014,12.2,1015-1-6-10
1015,9015,4264,7.7,1015-2-12-15
1016,1331,1164,5.8,1016-1-15-16
1016,7082,1164,5.8,1016-1-14-16
1016,7082,1331,5.8,1016-1-14-15
1017,10269,12746,12.2,1017-1-19-23
1017,10269,1278,12.2,1017-1-19-21
1017,10269,1279,12.2,1017-1-19-22
1017,10269,12911,12.2,1017-1-19-20
1017,10269,4132,12.2,1017-1-19-24
1017,10269,9007,12.2,1017-1-19-25
1017,10269,9014,12.2,1017-1-19-26
1017,1164,10269,12.2,1017-1-18-19
1017,1164,12746,12.2,1017-1-18-23
1017,1164,1278,12.2,1017-1-18-21
1017,1164,1279,12.2,1017-1-18-22
1017,1164,12911,12.2,1017-1-18-20
1017,1164,4132,12.2,1017-1-18-24
1017,1164,9007,12.2,1017-1-18-25
1017,1164,9014,12.2,1017-1-18-26
1017,12746,4132,12.2,1017-1-23-24
1017,12746,9007,12.2,1017-1-23-25
1017,12746,9014,12.2,1017-1-23-26
1017,1278,12746,12.2,1017-1-21-23
1017,1278,1279,12.2,1017-1-21-22
1017,1278,4132,12.2,1017-1-21-24
1017,1278,9007,12.2,1017-1-21-25
1017,1278,9014,12.2,1017-1-21-26
1017,1279,12746,12.2,1017-1-22-23
1017,1279,4132,12.2,1017-1-22-24
1017,1279,9007,12.2,1017-1-22-25
1017,1279,9014,12.2,1017-1-22-26
1017,12911,12746,12.2,1017-1-20-23
1017,12911,1278,12.2,1017-1-20-21
1017,12911,1279,12.2,1017-1-20-22
1017,12911,4132,12.2,1017-1-20-24
1017,12911,9007,12.2,1017-1-20-25
1017,12911,9014,12.2,1017-1-20-26
1017,4132,9007,12.2,1017-1-24-25
1017,4132,9014,12.2,1017-1-24-26
1017,4272,10269,12.2,1017-1-17-19
1017,4272,1164,12.2,1017-1-17-18
1017,4272,12746,12.2,1017-1-17-23
1017,4272,1278,12.2,1017-1-17-21
1017,4272,1279,12.2,1017-1-17-22
1017,4272,12911,12.2,1017-1-17-20
1017,4272,4132,12.2,1017-1-17-24
1017,4272,9007,12.2,1017-1-17-25
1017,4272,9014,12.2,1017-1-17-26
1017,7082,10269,12.2,1017-1-16-19
1017,7082,1164,12.2,1017-1-16-18
1017,7082,12746,12.2,1017-1-16-23
1017,7082,1278,12.2,1017-1-16-21
1017,7082,1279,12.2,1017-1-16-22
1017,7082,12911,12.2,1017-1-16-20
1017,7082,4132,12.2,1017-1-16-24
1017,7082,4272,12.2,1017-1-16-17
1017,7082,9007,12.2,1017-1-16-25
1017,7082,9014,12.2,1017-1-16-26
1017,9007,9014,12.2,1017-1-25-26
1017,9015,10269,7.7,1017-1-15-19
1017,9015,1164,7.7,1017-1-15-18
1017,9015,12746,7.7,1017-1-15-23
1017,9015,1278,7.7,1017-1-15-21
1017,9015,1279,7.7,1017-1-15-22
1017,9015,12911,7.7,1017-1-15-20
1017,9015,4132,7.7,1017-1-15-24
1017,9015,4272,7.7,1017-1-15-17
1017,9015,7082,7.7,1017-1-15-16
1017,9015,9007,7.7,1017-1-15-25
1017,9015,9014,7.7,1017-1-15-26
1019,775,9014,12.2,1019-2-14-15
1019,9011,970,7.7,1019-1-11-12
1019,9012,775,12.2,1019-2-13-14
1019,9012,9014,12.2,1019-2-13-15
1019,9015,9011,7.7,1019-1-10-11
1019,9015,970,7.7,1019-1-10-12
1024,775,9014,12.2,1024-1-14-15
1024,9011,970,7.7,1024-2-7-8
1024,9012,775,12.2,1024-1-13-14
1024,9012,9014,12.2,1024-1-13-15
1024,9015,9011,7.7,1024-2-6-7
1024,9015,970,7.7,1024-2-6-8
1032,10269,12746,5.6,1032-1-13-17
1032,10269,1277,5.6,1032-1-13-15
1032,10269,1279,5.6,1032-1-13-16
1032,10269,12911,5.6,1032-1-13-14
1032,12352,1289,5.6,1032-2-3-4
1032,12352,13137,5.6,1032-2-3-7
1032,12352,724,5.6,1032-2-3-5
1032,12352,9017,5.6,1032-2-3-6
1032,12746,12352,5.6,1032-2-1-3
1032,12746,1289,5.6,1032-2-1-4
1032,12746,13137,5.6,1032-2-1-7
1032,12746,724,5.6,1032-2-1-5
1032,12746,9017,5.6,1032-2-1-6
1032,1277,12746,5.6,1032-1-15-17
1032,1277,1279,5.6,1032-1-15-16
1032,1279,12746,5.6,1032-1-16-17
1032,1289,13137,5.6,1032-2-4-7
1032,1289,724,5.6,1032-2-4-5
1032,1289,9017,5.6,1032-2-4-6
1032,12911,12746,5.6,1032-1-14-17
1032,12911,1277,5.6,1032-1-14-15
1032,12911,1279,5.6,1032-1-14-16
1032,13136,10269,5.6,1032-1-11-13
1032,13136,12746,5.6,1032-1-11-17
1032,13136,1277,5.6,1032-1-11-15
1032,13136,1279,5.6,1032-1-11-16
1032,13136,12911,5.6,1032-1-11-14
1032,13136,9016,5.6,1032-1-11-12
1032,724,13137,5.6,1032-2-5-7
1032,724,9017,5.6,1032-2-5-6
1032,9016,10269,5.6,1032-1-12-13
1032,9016,12746,5.6,1032-1-12-17
1032,9016,1277,5.6,1032-1-12-15
1032,9016,1279,5.6,1032-1-12-16
1032,9016,12911,5.6,1032-1-12-14
1032,9017,13137,5.6,1032-2-6-7
1037,1279,1284,8.6,1037-1-27-29
1037,1279,4148,8.6,1037-1-27-28
1037,1284,1310,8.6,1037-2-1-2
1037,1284,1322,8.6,1037-2-1-10
1037,1284,4050,8.6,1037-2-1-6
1037,1284,4051,8.6,1037-2-1-7
1037,1284,4052,8.6,1037-2-1-8
1037,1284,723,8.6,1037-2-1-3
1037,1284,9012,8.6,1037-2-1-9
1037,1284,965,8.6,1037-2-1-5
1037,1310,1322,8.6,1037-2-2-10
1037,1310,4050,8.6,1037-2-2-6
1037,1310,4051,8.6,1037-2-2-7
1037,1310,4052,8.6,1037-2-2-8
1037,1310,723,8.6,1037-2-2-3
1037,1310,9012,8.6,1037-2-2-9
1037,1310,965,8.6,1037-2-2-5
1037,4022,1279,8.6,1037-1-24-27
1037,4022,1284,8.6,1037-1-24-29
1037,4022,4024,8.6,1037-1-24-26
1037,4022,4148,8.6,1037-1-24-28
1037,4022,961,8.6,1037-1-24-25
1037,4024,1279,8.6,1037-1-26-27
1037,4024,1284,8.6,1037-1-26-29
1037,4024,4148,8.6,1037-1-26-28
1037,4050,1322,8.6,1037-2-6-10
1037,4050,4051,8.6,1037-2-6-7
1037,4050,4052,8.6,1037-2-6-8
1037,4050,9012,8.6,1037-2-6-9
1037,4051,1322,8.6,1037-2-7-10
1037,4051,4052,8.6,1037-2-7-8
1037,4051,9012,8.6,1037-2-7-9
1037,4052,1322,8.6,1037-2-8-10
1037,4052,9012,8.6,1037-2-8-9
1037,4148,1284,8.6,1037-1-28-29
1037,7082,1279,8.6,1037-1-23-27
1037,7082,1284,8.6,1037-1-23-29
1037,7082,4022,8.6,1037-1-23-24
1037,7082,4024,8.6,1037-1-23-26
1037,7082,4148,8.6,1037-1-23-28
1037,7082,961,8.6,1037-1-23-25
1037,723,1322,8.6,1037-2-3-10
1037,723,4050,8.6,1037-2-3-6
1037,723,4051,8.6,1037-2-3-7
1037,723,4052,8.6,1037-2-3-8
1037,723,9012,8.6,1037-2-3-9
1037,723,965,8.6,1037-2-3-5
1037,9012,1322,8.6,1037-2-9-10
1037,961,1279,8.6,1037-1-25-27
1037,961,1284,8.6,1037-1-25-29
1037,961,4024,8.6,1037-1-25-26
1037,961,4148,8.6,1037-1-25-28
1037,965,1322,8.6,1037-2-5-10
1037,965,4050,8.6,1037-2-5-6
1037,965,4051,8.6,1037-2-5-7
1037,965,4052,8.6,1037-2-5-8
1037,965,9012,8.6,1037-2-5-9
1038,10269,1162,6.7,1038-1-27-28
1038,1162,1321,7.8,1038-2-1-4
1038,1162,1322,7.8,1038-2-1-5
1038,1162,4248,7.8,1038-2-1-3
1038,1162,724,7.8,1038-2-1-2
1038,1164,10269,6.7,1038-1-26-27
1038,1164,1162,6.7,1038-1-26-28
1038,1321,1322,7.8,1038-2-4-5
1038,4248,1321,7.8,1038-2-3-4
1038,4248,1322,7.8,1038-2-3-5
1038,4272,10269,6.7,1038-1-25-27
1038,4272,1162,6.7,1038-1-25-28
1038,4272,1164,6.7,1038-1-25-26
1038,7082,10269,6.7,1038-1-24-27
1038,7082,1162,6.7,1038-1-24-28
1038,7082,1164,6.7,1038-1-24-26
1038,7082,4272,6.7,1038-1-24-25
1038,724,1321,7.8,1038-2-2-4
1038,724,1322,7.8,1038-2-2-5
1038,724,4248,7.8,1038-2-2-3
1040,1279,1280,8.6,1040-1-17-18
1040,1279,1281,8.6,1040-1-17-19
1040,1279,1283,8.6,1040-1-17-20
1040,1280,1281,8.6,1040-1-18-19
1040,1280,1283,8.6,1040-1-18-20
1040,1281,1283,8.6,1040-1-19-20
1040,4022,1279,8.6,1040-1-14-17
1040,4022,1280,8.6,1040-1-14-18
1040,4022,1281,8.6,1040-1-14-19
1040,4022,1283,8.6,1040-1-14-20
1040,4022,4024,8.6,1040-1-14-16
1040,4022,961,8.6,1040-1-14-15
1040,4024,1279,8.6,1040-1-16-17
1040,4024,1280,8.6,1040-1-16-18
1040,4024,1281,8.6,1040-1-16-19
1040,4024,1283,8.6,1040-1-16-20
1040,7082,1279,8.6,1040-1-13-17
1040,7082,1280,8.6,1040-1-13-18
1040,7082,1281,8.6,1040-1-13-19
1040,7082,1283,8.6,1040-1-13-20
1040,7082,4022,8.6,1040-1-13-14
1040,7082,4024,8.6,1040-1-13-16
1040,7082,961,8.6,1040-1-13-15
1040,961,1279,8.6,1040-1-15-17
1040,961,1280,8.6,1040-1-15-18
1040,961,1281,8.6,1040-1-15-19
1040,961,1283,8.6,1040-1-15-20
1040,961,4024,8.6,1040-1-15-16
1053,4020,4021,5.8,1053-1-29-30
1053,4020,4022,5.8,1053-1-29-31
1053,4020,4024,5.8,1053-1-29-33
1053,4020,7041,5.8,1053-1-29-32
1053,4021,4022,5.8,1053-1-30-31
1053,4021,4024,5.8,1053-1-30-33
1053,4021,7041,5.8,1053-1-30-32
1053,4022,4024,5.8,1053-1-31-33
1053,4022,7041,5.8,1053-1-31-32
1053,4027,193,8.2,1053-2-4-6
1053,4027,9009,8.2,1053-2-4-5
1053,4076,193,8.2,1053-2-3-6
1053,4076,4027,8.2,1053-2-3-4
1053,4076,9009,8.2,1053-2-3-5
1053,7041,4024,5.8,1053-1-32-33
1053,9009,193,8.2,1053-2-5-6
1053,965,193,8.2,1053-2-2-6
1053,965,4027,8.2,1053-2-2-4
1053,965,4076,8.2,1053-2-2-3
1053,965,9009,8.2,1053-2-2-5
1054,4021,4022,5.6,1054-2-15-16
1054,4021,4024,5.6,1054-2-15-18
1054,4021,7041,5.6,1054-2-15-17
1054,4022,4024,5.6,1054-2-16-18
1054,4022,7041,5.6,1054-2-16-17
1054,4027,193,5.6,1054-1-4-6
1054,4027,4052,5.6,1054-1-4-5
1054,4050,193,5.6,1054-1-3-6
1054,4050,4027,5.6,1054-1-3-4
1054,4050,4052,5.6,1054-1-3-5
1054,4052,193,5.6,1054-1-5-6
1054,7041,4024,5.6,1054-2-17-18
1054,9036,4021,5.6,1054-2-14-15
1054,9036,4022,5.6,1054-2-14-16
1054,9036,4024,5.6,1054-2-14-18
1054,9036,7041,5.6,1054-2-14-17
1054,965,193,5.6,1054-1-2-6
1054,965,4027,5.6,1054-1-2-4
1054,965,4050,5.6,1054-1-2-3
1054,965,4052,5.6,1054-1-2-5
1056,9002,4028,6.7,1056-2-3-5
1056,9002,968,6.7,1056-2-3-4
1056,9038,1164,5.8,1056-1-23-24
1056,9039,1164,5.8,1056-1-22-24
1056,9039,9038,5.8,1056-1-22-23
1056,968,4028,6.7,1056-2-4-5
1057,1279,1284,5.8,1057-1-22-24
1057,1279,4148,5.8,1057-1-22-23
1057,1284,1310,9.3,1057-2-1-3
1057,1284,193,9.3,1057-2-1-10
1057,1284,4050,9.3,1057-2-1-7
1057,1284,4052,9.3,1057-2-1-9
1057,1284,4174,9.3,1057-2-1-2
1057,1284,4232,9.3,1057-2-1-8
1057,1284,723,9.3,1057-2-1-4
1057,1284,965,9.3,1057-2-1-6
1057,1310,193,9.3,1057-2-3-10
1057,1310,4050,9.3,1057-2-3-7
1057,1310,4052,9.3,1057-2-3-9
1057,1310,4232,9.3,1057-2-3-8
1057,1310,723,9.3,1057-2-3-4
1057,1310,965,9.3,1057-2-3-6
1057,4020,1279,5.8,1057-1-18-22
1057,4020,1284,5.8,1057-1-18-24
1057,4020,4024,5.8,1057-1-18-21
1057,4020,4049,5.8,1057-1-18-19
1057,4020,4148,5.8,1057-1-18-23
1057,4020,961,5.8,1057-1-18-20
1057,4024,1279,5.8,1057-1-21-22
1057,4024,1284,5.8,1057-1-21-24
1057,4024,4148,5.8,1057-1-21-23
1057,4049,1279,5.8,1057-1-19-22
1057,4049,1284,5.8,1057-1-19-24
1057,4049,4024,5.8,1057-1-19-21
1057,4049,4148,5.8,1057-1-19-23
1057,4049,961,5.8,1057-1-19-20
1057,4050,193,9.3,1057-2-7-10
1057,4050,4052,9.3,1057-2-7-9
1057,4050,4232,9.3,1057-2-7-8
1057,4052,193,9.3,1057-2-9-10
1057,4148,1284,5.8,1057-1-23-24
1057,4174,1310,9.3,1057-2-2-3
1057,4174,193,9.3,1057-2-2-10
1057,4174,4050,9.3,1057-2-2-7
1057,4174,4052,9.3,1057-2-2-9
1057,4174,4232,9.3,1057-2-2-8
1057,4174,723,9.3,1057-2-2-4
1057,4174,965,9.3,1057-2-2-6
1057,4232,193,9.3,1057-2-8-10
1057,4232,4052,9.3,1057-2-8-9
1057,723,193,9.3,1057-2-4-10
1057,723,4050,9.3,1057-2-4-7
1057,723,4052,9.3,1057-2-4-9
1057,723,4232,9.3,1057-2-4-8
1057,723,965,9.3,1057-2-4-6
1057,961,1279,5.8,1057-1-20-22
1057,961,1284,5.8,1057-1-20-24
1057,961,4024,5.8,1057-1-20-21
1057,961,4148,5.8,1057-1-20-23
1057,965,193,9.3,1057-2-6-10
1057,965,4050,9.3,1057-2-6-7
1057,965,4052,9.3,1057-2-6-9
1057,965,4232,9.3,1057-2-6-8
1061,12352,1289,8.6,1061-1-18-19
1061,1277,1279,8.6,1061-2-4-5
1061,1277,1280,8.6,1061-2-4-6
1061,1277,1281,8.6,1061-2-4-7
1061,1277,1283,8.6,1061-2-4-8
1061,1279,1280,8.6,1061-2-5-6
1061,1279,1281,8.6,1061-2-5-7
1061,1279,1283,8.6,1061-2-5-8
1061,1280,1281,8.6,1061-2-6-7
1061,1280,1283,8.6,1061-2-6-8
1061,1281,1283,8.6,1061-2-7-8
1061,12885,12352,8.6,1061-1-14-18
1061,12885,1289,8.6,1061-1-14-19
1061,12885,1310,8.6,1061-1-14-15
1061,12885,723,8.6,1061-1-14-16
1061,12911,1277,8.6,1061-2-3-4
1061,12911,1279,8.6,1061-2-3-5
1061,12911,1280,8.6,1061-2-3-6
1061,12911,1281,8.6,1061-2-3-7
1061,12911,1283,8.6,1061-2-3-8
1061,1310,12352,8.6,1061-1-15-18
1061,1310,1289,8.6,1061-1-15-19
1061,1310,723,8.6,1061-1-15-16
1061,723,12352,8.6,1061-1-16-18
1061,723,1289,8.6,1061-1-16-19
1064,12885,1310,8.6,1064-1-5-6
1064,12885,4050,8.6,1064-1-5-10
1064,12885,4051,8.6,1064-1-5-11
1064,12885,4052,8.6,1064-1-5-12
1064,12885,723,8.6,1064-1-5-7
1064,12885,9012,8.6,1064-1-5-13
1064,12885,965,8.6,1064-1-5-9
1064,1310,4050,8.6,1064-1-6-10
1064,1310,4051,8.6,1064-1-6-11
1064,1310,4052,8.6,1064-1-6-12
1064,1310,723,8.6,1064-1-6-7
1064,1310,9012,8.6,1064-1-6-13
1064,1310,965,8.6,1064-1-6-9
1064,4050,4051,8.6,1064-1-10-11
1064,4050,4052,8.6,1064-1-10-12
1064,4050,9012,8.6,1064-1-10-13
1064,4051,4052,8.6,1064-1-11-12
1064,4051,9012,8.6,1064-1-11-13
1064,4052,9012,8.6,1064-1-12-13
1064,723,4050,8.6,1064-1-7-10
1064,723,4051,8.6,1064-1-7-11
1064,723,4052,8.6,1064-1-7-12
1064,723,9012,8.6,1064-1-7-13
1064,723,965,8.6,1064-1-7-9
1064,965,4050,8.6,1064-1-9-10
1064,965,4051,8.6,1064-1-9-11
1064,965,4052,8.6,1064-1-9-12
1064,965,9012,8.6,1064-1-9-13
1066,12885,1310,8.6,1066-1-6-7
1066,12885,4050,8.6,1066-1-6-11
1066,12885,4051,8.6,1066-1-6-12
1066,12885,4052,8.6,1066-1-6-13
1066,12885,723,8.6,1066-1-6-8
1066,12885,9012,8.6,1066-1-6-14
1066,12885,965,8.6,1066-1-6-10
1066,1310,4050,8.6,1066-1-7-11
1066,1310,4051,8.6,1066-1-7-12
1066,1310,4052,8.6,1066-1-7-13
1066,1310,723,8.6,1066-1-7-8
1066,1310,9012,8.6,1066-1-7-14
1066,1310,965,8.6,1066-1-7-10
1066,4050,4051,8.6,1066-1-11-12
1066,4050,4052,8.6,1066-1-11-13
1066,4050,9012,8.6,1066-1-11-14
1066,4051,4052,8.6,1066-1-12-13
1066,4051,9012,8.6,1066-1-12-14
1066,4052,9012,8.6,1066-1-13-14
1066,723,4050,8.6,1066-1-8-11
1066,723,4051,8.6,1066-1-8-12
1066,723,4052,8.6,1066-1-8-13
1066,723,9012,8.6,1066-1-8-14
1066,723,965,8.6,1066-1-8-10
1066,965,4050,8.6,1066-1-10-11
1066,965,4051,8.6,1066-1-10-12
1066,965,4052,8.6,1066-1-10-13
1066,965,9012,8.6,1066-1-10-14
1068,12386,1279,5.8,1068-1-15-16
1068,12386,4148,5.8,1068-1-15-17
1068,1279,4148,5.8,1068-1-16-17
1068,4021,12386,5.8,1068-1-12-15
1068,4021,1279,5.8,1068-1-12-16
1068,4021,4022,5.8,1068-1-12-13
1068,4021,4148,5.8,1068-1-12-17
1068,4021,961,5.8,1068-1-12-14
1068,4022,12386,5.8,1068-1-13-15
1068,4022,1279,5.8,1068-1-13-16
1068,4022,4148,5.8,1068-1-13-17
1068,4022,961,5.8,1068-1-13-14
1068,961,12386,5.8,1068-1-14-15
1068,961,1279,5.8,1068-1-14-16
1068,961,4148,5.8,1068-1-14-17
1071,4020,4022,5.8,1071-1-9-11
1071,4020,4024,5.8,1071-1-9-13
1071,4020,4049,5.8,1071-1-9-10
1071,4020,961,5.8,1071-1-9-12
1071,4022,4024,5.8,1071-1-11-13
1071,4022,961,5.8,1071-1-11-12
1071,4049,4022,5.8,1071-1-10-11
1071,4049,4024,5.8,1071-1-10-13
1071,4049,961,5.8,1071-1-10-12
1071,961,4024,5.8,1071-1-12-13
1073,12746,4027,10.2,1073-1-1-5
1073,12746,4076,10.2,1073-1-1-4
1073,12746,9009,10.2,1073-1-1-6
1073,12746,965,10.2,1073-1-1-3
1073,4020,12746,5.8,1073-2-16-21
1073,4020,4022,5.8,1073-2-16-18
1073,4020,4024,5.8,1073-2-16-20
1073,4020,4049,5.8,1073-2-16-17
1073,4020,961,5.8,1073-2-16-19
1073,4022,12746,5.8,1073-2-18-21
1073,4022,4024,5.8,1073-2-18-20
1073,4022,961,5.8,1073-2-18-19
1073,4024,12746,5.8,1073-2-20-21
1073,4027,9009,10.2,1073-1-5-6
1073,4049,12746,5.8,1073-2-17-21
1073,4049,4022,5.8,1073-2-17-18
1073,4049,4024,5.8,1073-2-17-20
1073,4049,961,5.8,1073-2-17-19
1073,4076,4027,10.2,1073-1-4-5
1073,4076,9009,10.2,1073-1-4-6
1073,961,12746,5.8,1073-2-19-21
1073,961,4024,5.8,1073-2-19-20
1073,965,4027,10.2,1073-1-3-5
1073,965,4076,10.2,1073-1-3-4
1073,965,9009,10.2,1073-1-3-6
1078,10269,1162,5.8,1078-1-11-12
1078,1164,10269,5.8,1078-1-10-11
1078,1164,1162,5.8,1078-1-10-12
1078,4272,10269,5.8,1078-1-9-11
1078,4272,1162,5.8,1078-1-9-12
1078,4272,1164,5.8,1078-1-9-10
1078,9010,10269,5.8,1078-1-8-11
1078,9010,1162,5.8,1078-1-8-12
1078,9010,1164,5.8,1078-1-8-10
1078,9010,4272,5.8,1078-1-8-9
1079,10269,1162,5.8,1079-1-18-19
1079,1162,1320,9.3,1079-2-1-3
1079,1162,724,9.3,1079-2-1-2
1079,1162,9009,9.3,1079-2-1-4
1079,1164,10269,5.8,1079-1-17-18
1079,1164,1162,5.8,1079-1-17-19
1079,1320,9009,9.3,1079-2-3-4
1079,4272,10269,5.8,1079-1-16-18
1079,4272,1162,5.8,1079-1-16-19
1079,4272,1164,5.8,1079-1-16-17
1079,724,1320,9.3,1079-2-2-3
1079,724,9009,9.3,1079-2-2-4
1079,9010,10269,5.8,1079-1-15-18
1079,9010,1162,5.8,1079-1-15-19
1079,9010,1164,5.8,1079-1-15-17
1079,9010,4272,5.8,1079-1-15-16
1089,4022,12386,5.8,1089-1-20-22
1089,4022,961,5.8,1089-1-20-21
1089,9010,12386,5.8,1089-1-19-22
1089,9010,4022,5.8,1089-1-19-20
1089,9010,961,5.8,1089-1-19-21
1089,961,12386,5.8,1089-1-21-22
1092,4022,12386,5.8,1092-1-11-13
1092,4022,961,5.8,1092-1-11-12
1092,9010,12386,5.8,1092-1-10-13
1092,9010,4022,5.8,1092-1-10-11
1092,9010,961,5.8,1092-1-10-12
1092,961,12386,5.8,1092-1-12-13
1093,4022,12386,5.8,1093-1-10-12
1093,4022,961,5.8,1093-1-10-11
1093,9010,12386,5.8,1093-1-9-12
1093,9010,4022,5.8,1093-1-9-10
1093,9010,961,5.8,1093-1-9-11
1093,961,12386,5.8,1093-1-11-12
1096,1279,1280,6.7,1096-1-21-22
1096,1279,1281,6.7,1096-1-21-23
1096,1279,1283,6.7,1096-1-21-24
1096,1279,1284,6.7,1096-1-21-25
1096,1280,1281,6.7,1096-1-22-23
1096,1280,1283,6.7,1096-1-22-24
1096,1280,1284,6.7,1096-1-22-25
1096,1281,1283,6.7,1096-1-23-24
1096,1281,1284,6.7,1096-1-23-25
1096,1283,1284,6.7,1096-1-24-25
1096,1284,1310,7.8,1096-2-1-2
1096,1284,1322,7.8,1096-2-1-9
1096,1284,4232,7.8,1096-2-1-6
1096,1284,723,7.8,1096-2-1-3
1096,1284,9003,7.8,1096-2-1-7
1096,1284,9012,7.8,1096-2-1-8
1096,1284,966,7.8,1096-2-1-5
1096,1310,1322,7.8,1096-2-2-9
1096,1310,4232,7.8,1096-2-2-6
1096,1310,723,7.8,1096-2-2-3
1096,1310,9003,7.8,1096-2-2-7
1096,1310,9012,7.8,1096-2-2-8
1096,1310,966,7.8,1096-2-2-5
1096,4022,1279,6.7,1096-1-18-21
1096,4022,1280,6.7,1096-1-18-22
1096,4022,1281,6.7,1096-1-18-23
1096,4022,1283,6.7,1096-1-18-24
1096,4022,1284,6.7,1096-1-18-25
1096,4022,4024,6.7,1096-1-18-20
1096,4022,7041,6.7,1096-1-18-19
1096,4024,1279,6.7,1096-1-20-21
1096,4024,1280,6.7,1096-1-20-22
1096,4024,1281,6.7,1096-1-20-23
1096,4024,1283,6.7,1096-1-20-24
1096,4024,1284,6.7,1096-1-20-25
1096,4232,1322,7.8,1096-2-6-9
1096,4232,9003,7.8,1096-2-6-7
1096,4232,9012,7.8,1096-2-6-8
1096,7041,1279,6.7,1096-1-19-21
1096,7041,1280,6.7,1096-1-19-22
1096,7041,1281,6.7,1096-1-19-23
1096,7041,1283,6.7,1096-1-19-24
1096,7041,1284,6.7,1096-1-19-25
1096,7041,4024,6.7,1096-1-19-20
1096,7082,1279,6.7,1096-1-17-21
1096,7082,1280,6.7,1096-1-17-22
1096,7082,1281,6.7,1096-1-17-23
1096,7082,1283,6.7,1096-1-17-24
1096,7082,1284,6.7,1096-1-17-25
1096,7082,4022,6.7,1096-1-17-18
1096,7082,4024,6.7,1096-1-17-20
1096,7082,7041,6.7,1096-1-17-19
1096,723,1322,7.8,1096-2-3-9
1096,723,4232,7.8,1096-2-3-6
1096,723,9003,7.8,1096-2-3-7
1096,723,9012,7.8,1096-2-3-8
1096,723,966,7.8,1096-2-3-5
1096,9003,1322,7.8,1096-2-7-9
1096,9003,9012,7.8,1096-2-7-8
1096,9012,1322,7.8,1096-2-8-9
1096,966,1322,7.8,1096-2-5-9
1096,966,4232,7.8,1096-2-5-6
1096,966,9003,7.8,1096-2-5-7
1096,966,9012,7.8,1096-2-5-8
1098,4022,12386,5.8,1098-1-9-11
1098,4022,961,5.8,1098-1-9-10
1098,9010,12386,5.8,1098-1-8-11
1098,9010,4022,5.8,1098-1-8-9
1098,9010,961,5.8,1098-1-8-10
1098,961,12386,5.8,1098-1-10-11
1101,10269,1277,5.8,1101-1-14-16
1101,10269,1279,5.8,1101-1-14-17
1101,10269,1283,5.8,1101-1-14-20
1101,10269,4132,5.8,1101-1-14-18
1101,10269,4259,5.8,1101-1-14-19
1101,10269,9000,5.8,1101-1-14-15
1101,1164,10000345,17.2,1101-2-9-10
1101,1277,1279,5.8,1101-1-16-17
1101,1277,1283,5.8,1101-1-16-20
1101,1277,4132,5.8,1101-1-16-18
1101,1277,4259,5.8,1101-1-16-19
1101,1279,1283,5.8,1101-1-17-20
1101,1279,4132,5.8,1101-1-17-18
1101,1279,4259,5.8,1101-1-17-19
1101,13342,10269,5.8,1101-1-13-14
1101,13342,1277,5.8,1101-1-13-16
1101,13342,1279,5.8,1101-1-13-17
1101,13342,1283,5.8,1101-1-13-20
1101,13342,4132,5.8,1101-1-13-18
1101,13342,4259,5.8,1101-1-13-19
1101,13342,9000,5.8,1101-1-13-15
1101,4050,10000345,17.2,1101-2-5-10
1101,4050,1164,17.2,1101-2-5-9
1101,4050,4232,17.2,1101-2-5-6
1101,4050,9003,17.2,1101-2-5-7
1101,4050,9009,17.2,1101-2-5-8
1101,4132,1283,5.8,1101-1-18-20
1101,4132,4259,5.8,1101-1-18-19
1101,4147,10000345,17.2,1101-2-2-10
1101,4147,1164,17.2,1101-2-2-9
1101,4147,4050,17.2,1101-2-2-5
1101,4147,4232,17.2,1101-2-2-6
1101,4147,9003,17.2,1101-2-2-7
1101,4147,9009,17.2,1101-2-2-8
1101,4147,965,17.2,1101-2-2-4
1101,4232,10000345,17.2,1101-2-6-10
1101,4232,1164,17.2,1101-2-6-9
1101,4232,9003,17.2,1101-2-6-7
1101,4232,9009,17.2,1101-2-6-8
1101,4259,1283,5.8,1101-1-19-20
1101,9000,1277,5.8,1101-1-15-16
1101,9000,1279,5.8,1101-1-15-17
1101,9000,1283,5.8,1101-1-15-20
1101,9000,4132,5.8,1101-1-15-18
1101,9000,4259,5.8,1101-1-15-19
1101,9003,10000345,17.2,1101-2-7-10
1101,9003,1164,17.2,1101-2-7-9
1101,9003,9009,17.2,1101-2-7-8
1101,9009,10000345,17.2,1101-2-8-10
1101,9009,1164,17.2,1101-2-8-9
1101,965,10000345,17.2,1101-2-4-10
1101,965,1164,17.2,1101-2-4-9
1101,965,4050,17.2,1101-2-4-5
1101,965,4232,17.2,1101-2-4-6
1101,965,9003,17.2,1101-2-4-7
1101,965,9009,17.2,1101-2-4-8
1103,12352,1289,5.8,1103-1-31-32
1103,12386,12352,5.8,1103-1-30-31
1103,12386,1289,5.8,1103-1-30-32
1103,4022,12352,5.8,1103-1-28-31
1103,4022,12386,5.8,1103-1-28-30
1103,4022,1289,5.8,1103-1-28-32
1103,4022,961,5.8,1103-1-28-29
1103,9010,12352,5.8,1103-1-27-31
1103,9010,12386,5.8,1103-1-27-30
1103,9010,1289,5.8,1103-1-27-32
1103,9010,4022,5.8,1103-1-27-28
1103,9010,961,5.8,1103-1-27-29
1103,961,12352,5.8,1103-1-29-31
1103,961,12386,5.8,1103-1-29-30
1103,961,1289,5.8,1103-1-29-32
1113,10269,1279,5.8,1113-1-14-17
1113,10269,4024,5.8,1113-1-14-16
1113,10269,4148,5.8,1113-1-14-18
1113,10269,4231,5.8,1113-1-14-15
1113,1164,10000345,20.8,1113-2-11-12
1113,1279,4148,5.8,1113-1-17-18
1113,13342,10269,5.8,1113-1-13-14
1113,13342,1279,5.8,1113-1-13-17
1113,13342,4024,5.8,1113-1-13-16
1113,13342,4148,5.8,1113-1-13-18
1113,13342,4231,5.8,1113-1-13-15
1113,4024,1279,5.8,1113-1-16-17
1113,4024,4148,5.8,1113-1-16-18
1113,4050,10000345,20.8,1113-2-7-12
1113,4050,1164,20.8,1113-2-7-11
1113,4050,4232,20.8,1113-2-7-8
1113,4050,9003,20.8,1113-2-7-9
1113,4050,9009,20.8,1113-2-7-10
1113,4147,10000345,20.8,1113-2-4-12
1113,4147,1164,20.8,1113-2-4-11
1113,4147,4050,20.8,1113-2-4-7
1113,4147,4232,20.8,1113-2-4-8
1113,4147,9003,20.8,1113-2-4-9
1113,4147,9009,20.8,1113-2-4-10
1113,4147,965,20.8,1113-2-4-6
1113,4231,1279,5.8,1113-1-15-17
1113,4231,4024,5.8,1113-1-15-16
1113,4231,4148,5.8,1113-1-15-18
1113,4232,10000345,20.8,1113-2-8-12
1113,4232,1164,20.8,1113-2-8-11
1113,4232,9003,20.8,1113-2-8-9
1113,4232,9009,20.8,1113-2-8-10
1113,9003,10000345,20.8,1113-2-9-12
1113,9003,1164,20.8,1113-2-9-11
1113,9003,9009,20.8,1113-2-9-10
1113,9009,10000345,20.8,1113-2-10-12
1113,9009,1164,20.8,1113-2-10-11
1113,965,10000345,20.8,1113-2-6-12
1113,965,1164,20.8,1113-2-6-11
1113,965,4050,20.8,1113-2-6-7
1113,965,4232,20.8,1113-2-6-8
1113,965,9003,20.8,1113-2-6-9
1113,965,9009,20.8,1113-2-6-10
1115,10269,1277,5.8,1115-1-14-16
1115,10269,1279,5.8,1115-1-14-17
1115,10269,4148,5.8,1115-1-14-18
1115,10269,9000,5.8,1115-1-14-15
1115,1164,10000345,20.8,1115-2-11-12
1115,1277,1279,5.8,1115-1-16-17
1115,1277,4148,5.8,1115-1-16-18
1115,1279,4148,5.8,1115-1-17-18
1115,13342,10269,5.8,1115-1-13-14
1115,13342,1277,5.8,1115-1-13-16
1115,13342,1279,5.8,1115-1-13-17
1115,13342,4148,5.8,1115-1-13-18
1115,13342,9000,5.8,1115-1-13-15
1115,4050,10000345,20.8,1115-2-7-12
1115,4050,1164,20.8,1115-2-7-11
1115,4050,4232,20.8,1115-2-7-8
1115,4050,9003,20.8,1115-2-7-9
1115,4050,9009,20.8,1115-2-7-10
1115,4147,10000345,20.8,1115-2-4-12
1115,4147,1164,20.8,1115-2-4-11
1115,4147,4050,20.8,1115-2-4-7
1115,4147,4232,20.8,1115-2-4-8
1115,4147,9003,20.8,1115-2-4-9
1115,4147,9009,20.8,1115-2-4-10
1115,4147,965,20.8,1115-2-4-6
1115,4232,10000345,20.8,1115-2-8-12
1115,4232,1164,20.8,1115-2-8-11
1115,4232,9003,20.8,1115-2-8-9
1115,4232,9009,20.8,1115-2-8-10
1115,9000,1277,5.8,1115-1-15-16
1115,9000,1279,5.8,1115-1-15-17
1115,9000,4148,5.8,1115-1-15-18
1115,9003,10000345,20.8,1115-2-9-12
1115,9003,1164,20.8,1115-2-9-11
1115,9003,9009,20.8,1115-2-9-10
1115,9009,10000345,20.8,1115-2-10-12
1115,9009,1164,20.8,1115-2-10-11
1115,965,10000345,20.8,1115-2-6-12
1115,965,1164,20.8,1115-2-6-11
1115,965,4050,20.8,1115-2-6-7
1115,965,4232,20.8,1115-2-6-8
1115,965,9003,20.8,1115-2-6-9
1115,965,9009,20.8,1115-2-6-10
1122,12746,193,16.9,1122-2-1-7
1122,12746,4050,16.9,1122-2-1-3
1122,12746,4232,16.9,1122-2-1-4
1122,12746,9003,16.9,1122-2-1-5
1122,12746,9004,16.9,1122-2-1-2
1122,12746,968,16.9,1122-2-1-6
1122,1279,12746,7.4,1122-1-25-26
1122,4022,12746,7.4,1122-1-22-26
1122,4022,1279,7.4,1122-1-22-25
1122,4022,4024,7.4,1122-1-22-24
1122,4022,7041,7.4,1122-1-22-23
1122,4024,12746,7.4,1122-1-24-26
1122,4024,1279,7.4,1122-1-24-25
1122,4050,193,16.9,1122-2-3-7
1122,4050,4232,16.9,1122-2-3-4
1122,4050,9003,16.9,1122-2-3-5
1122,4050,968,16.9,1122-2-3-6
1122,4232,193,16.9,1122-2-4-7
1122,4232,9003,16.9,1122-2-4-5
1122,4232,968,16.9,1122-2-4-6
1122,7041,12746,7.4,1122-1-23-26
1122,7041,1279,7.4,1122-1-23-25
1122,7041,4024,7.4,1122-1-23-24
1122,9003,193,16.9,1122-2-5-7
1122,9003,968,16.9,1122-2-5-6
1122,9004,193,16.9,1122-2-2-7
1122,9004,4050,16.9,1122-2-2-3
1122,9004,4232,16.9,1122-2-2-4
1122,9004,9003,16.9,1122-2-2-5
1122,9004,968,16.9,1122-2-2-6
1122,9010,12746,7.4,1122-1-21-26
1122,9010,1279,7.4,1122-1-21-25
1122,9010,4022,7.4,1122-1-21-22
1122,9010,4024,7.4,1122-1-21-24
1122,9010,7041,7.4,1122-1-21-23
1122,968,193,16.9,1122-2-6-7
1123,10269,1278,12.5,1123-2-2-5
1123,10269,12911,12.5,1123-2-2-3
1123,10269,13364,12.5,1123-2-2-4
1123,10269,193,12.5,1123-2-2-10
1123,10269,4050,12.5,1123-2-2-7
1123,10269,4232,12.5,1123-2-2-8
1123,10269,9004,12.5,1123-2-2-6
1123,10269,968,12.5,1123-2-2-9
1123,12352,1289,7.4,1123-1-21-22
1123,12352,13341,7.4,1123-1-21-24
1123,12352,724,7.4,1123-1-21-23
1123,1278,193,12.5,1123-2-5-10
1123,1278,4050,12.5,1123-2-5-7
1123,1278,4232,12.5,1123-2-5-8
1123,1278,9004,12.5,1123-2-5-6
1123,1278,968,12.5,1123-2-5-9
1123,1289,13341,7.4,1123-1-22-24
1123,1289,724,7.4,1123-1-22-23
1123,12911,1278,12.5,1123-2-3-5
1123,12911,13364,12.5,1123-2-3-4
1123,12911,193,12.5,1123-2-3-10
1123,12911,4050,12.5,1123-2-3-7
1123,12911,4232,12.5,1123-2-3-8
1123,12911,9004,12.5,1123-2-3-6
1123,12911,968,12.5,1123-2-3-9
1123,13341,10269,12.5,1123-2-1-2
1123,13341,1278,12.5,1123-2-1-5
1123,13341,12911,12.5,1123-2-1-3
1123,13341,13364,12.5,1123-2-1-4
1123,13341,193,12.5,1123-2-1-10
1123,13341,4050,12.5,1123-2-1-7
1123,13341,4232,12.5,1123-2-1-8
1123,13341,9004,12.5,1123-2-1-6
1123,13341,968,12.5,1123-2-1-9
1123,13364,1278,12.5,1123-2-4-5
1123,13364,193,12.5,1123-2-4-10
1123,13364,4050,12.5,1123-2-4-7
1123,13364,4232,12.5,1123-2-4-8
1123,13364,9004,12.5,1123-2-4-6
1123,13364,968,12.5,1123-2-4-9
1123,4022,12352,7.4,1123-1-18-21
1123,4022,1289,7.4,1123-1-18-22
1123,4022,13341,7.4,1123-1-18-24
1123,4022,4024,7.4,1123-1-18-20
1123,4022,724,7.4,1123-1-18-23
1123,4022,961,7.4,1123-1-18-19
1123,4024,12352,7.4,1123-1-20-21
1123,4024,1289,7.4,1123-1-20-22
1123,4024,13341,7.4,1123-1-20-24
1123,4024,724,7.4,1123-1-20-23
1123,4050,193,12.5,1123-2-7-10
1123,4050,4232,12.5,1123-2-7-8
1123,4050,968,12.5,1123-2-7-9
1123,4232,193,12.5,1123-2-8-10
1123,4232,968,12.5,1123-2-8-9
1123,724,13341,7.4,1123-1-23-24
1123,9004,193,12.5,1123-2-6-10
1123,9004,4050,12.5,1123-2-6-7
1123,9004,4232,12.5,1123-2-6-8
1123,9004,968,12.5,1123-2-6-9
1123,9010,12352,7.4,1123-1-17-21
1123,9010,1289,7.4,1123-1-17-22
1123,9010,13341,7.4,1123-1-17-24
1123,9010,4022,7.4,1123-1-17-18
1123,9010,4024,7.4,1123-1-17-20
1123,9010,724,7.4,1123-1-17-23
1123,9010,961,7.4,1123-1-17-19
1123,961,12352,7.4,1123-1-19-21
1123,961,1289,7.4,1123-1-19-22
1123,961,13341,7.4,1123-1-19-24
1123,961,4024,7.4,1123-1-19-20
1123,961,724,7.4,1123-1-19-23
1123,968,193,12.5,1123-2-9-10
1147,1279,1280,6.7,1147-2-2-3
1147,1279,1282,6.7,1147-2-2-5
1147,1279,1283,6.7,1147-2-2-6
1147,1279,4132,6.7,1147-2-2-4
1147,1280,1282,6.7,1147-2-3-5
1147,1280,1283,6.7,1147-2-3-6
1147,1280,4132,6.7,1147-2-3-4
1147,1282,1283,6.7,1147-2-5-6
1147,12885,1310,6.7,1147-1-12-13
1147,12885,723,6.7,1147-1-12-14
1147,1310,723,6.7,1147-1-13-14
1147,4132,1282,6.7,1147-2-4-5
1147,4132,1283,6.7,1147-2-4-6
1149,12352,1289,7.4,1149-1-20-21
1149,1277,4232,9.0,1149-2-4-6
1149,1277,9009,9.0,1149-2-4-8
1149,1277,966,9.0,1149-2-4-5
1149,1277,967,9.0,1149-2-4-7
1149,4020,12352,7.4,1149-1-15-20
1149,4020,1289,7.4,1149-1-15-21
1149,4020,4022,7.4,1149-1-15-17
1149,4020,4024,7.4,1149-1-15-19
1149,4020,4049,7.4,1149-1-15-16
1149,4020,961,7.4,1149-1-15-18
1149,4022,12352,7.4,1149-1-17-20
1149,4022,1289,7.4,1149-1-17-21
1149,4022,4024,7.4,1149-1-17-19
1149,4022,961,7.4,1149-1-17-18
1149,4024,12352,7.4,1149-1-19-20
1149,4024,1289,7.4,1149-1-19-21
1149,4049,12352,7.4,1149-1-16-20
1149,4049,1289,7.4,1149-1-16-21
1149,4049,4022,7.4,1149-1-16-17
1149,4049,4024,7.4,1149-1-16-19
1149,4049,961,7.4,1149-1-16-18
1149,4232,9009,9.0,1149-2-6-8
1149,4232,967,9.0,1149-2-6-7
1149,9000,1277,9.0,1149-2-3-4
1149,9000,4232,9.0,1149-2-3-6
1149,9000,9009,9.0,1149-2-3-8
1149,9000,966,9.0,1149-2-3-5
1149,9000,967,9.0,1149-2-3-7
1149,961,12352,7.4,1149-1-18-20
1149,961,1289,7.4,1149-1-18-21
1149,961,4024,7.4,1149-1-18-19
1149,966,4232,9.0,1149-2-5-6
1149,966,9009,9.0,1149-2-5-8
1149,966,967,9.0,1149-2-5-7
1149,967,9009,9.0,1149-2-7-8
1169,1164,13137,5.8,1169-2-10-12
1169,1164,9017,5.8,1169-2-10-11
1169,13136,1320,5.8,1169-1-13-15
1169,13136,1321,5.8,1169-1-13-16
1169,13136,1322,5.8,1169-1-13-17
1169,13136,9016,5.8,1169-1-13-14
1169,1320,1321,5.8,1169-1-15-16
1169,1320,1322,5.8,1169-1-15-17
1169,1321,1322,5.8,1169-1-16-17
1169,4272,1164,5.8,1169-2-9-10
1169,4272,13137,5.8,1169-2-9-12
1169,4272,9017,5.8,1169-2-9-11
1169,7082,1164,5.8,1169-2-8-10
1169,7082,13137,5.8,1169-2-8-12
1169,7082,4272,5.8,1169-2-8-9
1169,7082,9017,5.8,1169-2-8-11
1169,9016,1320,5.8,1169-1-14-15
1169,9016,1321,5.8,1169-1-14-16
1169,9016,1322,5.8,1169-1-14-17
1169,9017,13137,5.8,1169-2-11-12
1176,10000137,1322,5.8,1176-1-22-23
1176,216,10000137,5.8,1176-1-21-22
1176,216,1322,5.8,1176-1-21-23
1176,9011,9009,10.2,1176-2-6-7
1187,1279,1284,5.8,1187-1-25-27
1187,1279,4148,5.8,1187-1-25-26
1187,1284,1310,8.8,1187-2-1-2
1187,1284,4027,8.8,1187-2-1-7
1187,1284,4028,8.8,1187-2-1-8
1187,1284,4076,8.8,1187-2-1-6
1187,1284,723,8.8,1187-2-1-3
1187,1284,965,8.8,1187-2-1-5
1187,1310,4027,8.8,1187-2-2-7
1187,1310,4028,8.8,1187-2-2-8
1187,1310,4076,8.8,1187-2-2-6
1187,1310,723,8.8,1187-2-2-3
1187,1310,965,8.8,1187-2-2-5
1187,4020,1279,5.8,1187-1-21-25
1187,4020,1284,5.8,1187-1-21-27
1187,4020,4021,5.8,1187-1-21-22
1187,4020,4024,5.8,1187-1-21-24
1187,4020,4148,5.8,1187-1-21-26
1187,4020,4231,5.8,1187-1-21-23
1187,4021,1279,5.8,1187-1-22-25
1187,4021,1284,5.8,1187-1-22-27
1187,4021,4024,5.8,1187-1-22-24
1187,4021,4148,5.8,1187-1-22-26
1187,4021,4231,5.8,1187-1-22-23
1187,4024,1279,5.8,1187-1-24-25
1187,4024,1284,5.8,1187-1-24-27
1187,4024,4148,5.8,1187-1-24-26
1187,4027,4028,8.8,1187-2-7-8
1187,4076,4027,8.8,1187-2-6-7
1187,4076,4028,8.8,1187-2-6-8
1187,4148,1284,5.8,1187-1-26-27
1187,4231,1279,5.8,1187-1-23-25
1187,4231,1284,5.8,1187-1-23-27
1187,4231,4024,5.8,1187-1-23-24
1187,4231,4148,5.8,1187-1-23-26
1187,723,4027,8.8,1187-2-3-7
1187,723,4028,8.8,1187-2-3-8
1187,723,4076,8.8,1187-2-3-6
1187,723,965,8.8,1187-2-3-5
1187,965,4027,8.8,1187-2-5-7
1187,965,4028,8.8,1187-2-5-8
1187,965,4076,8.8,1187-2-5-6
1191,1164,13341,5.8,1191-1-29-30
1191,13341,4028,7.8,1191-2-1-5
1191,13341,4247,7.8,1191-2-1-2
1191,13341,4248,7.8,1191-2-1-3
1191,13341,968,7.8,1191-2-1-4
1191,4247,4028,7.8,1191-2-2-5
1191,4247,4248,7.8,1191-2-2-3
1191,4247,968,7.8,1191-2-2-4
1191,4248,4028,7.8,1191-2-3-5
1191,4248,968,7.8,1191-2-3-4
1191,9038,1164,5.8,1191-1-28-29
1191,9038,13341,5.8,1191-1-28-30
1191,9039,1164,5.8,1191-1-27-29
1191,9039,13341,5.8,1191-1-27-30
1191,9039,9038,5.8,1191-1-27-28
1191,968,4028,7.8,1191-2-4-5
1203,10269,1162,5.8,1203-1-27-28
1203,1162,4028,6.7,1203-2-1-5
1203,1162,724,6.7,1203-2-1-2
1203,1162,9002,6.7,1203-2-1-3
1203,1162,968,6.7,1203-2-1-4
1203,1164,10269,5.8,1203-1-26-27
1203,1164,1162,5.8,1203-1-26-28
1203,4272,10269,5.8,1203-1-25-27
1203,4272,1162,5.8,1203-1-25-28
1203,4272,1164,5.8,1203-1-25-26
1203,724,4028,6.7,1203-2-2-5
1203,724,9002,6.7,1203-2-2-3
1203,724,968,6.7,1203-2-2-4
1203,9002,4028,6.7,1203-2-3-5
1203,9002,968,6.7,1203-2-3-4
1203,9010,10269,5.8,1203-1-24-27
1203,9010,1162,5.8,1203-1-24-28
1203,9010,1164,5.8,1203-1-24-26
1203,9010,4272,5.8,1203-1-24-25
1203,968,4028,6.7,1203-2-4-5
1210,1279,1280,5.8,1210-1-16-17
1210,1279,1281,5.8,1210-1-16-18
1210,1279,1283,5.8,1210-1-16-19
1210,1279,1284,5.8,1210-1-16-20
1210,1280,1281,5.8,1210-1-17-18
1210,1280,1283,5.8,1210-1-17-19
1210,1280,1284,5.8,1210-1-17-20
1210,1281,1283,5.8,1210-1-18-19
1210,1281,1284,5.8,1210-1-18-20
1210,1283,1284,5.8,1210-1-19-20
1210,1284,1310,10.2,1210-2-1-2
1210,1284,4027,10.2,1210-2-1-7
1210,1284,4076,10.2,1210-2-1-6
1210,1284,723,10.2,1210-2-1-3
1210,1284,9009,10.2,1210-2-1-8
1210,1284,965,10.2,1210-2-1-5
1210,1310,4027,10.2,1210-2-2-7
1210,1310,4076,10.2,1210-2-2-6
1210,1310,723,10.2,1210-2-2-3
1210,1310,9009,10.2,1210-2-2-8
1210,1310,965,10.2,1210-2-2-5
1210,4020,1279,5.8,1210-1-12-16
1210,4020,1280,5.8,1210-1-12-17
1210,4020,1281,5.8,1210-1-12-18
1210,4020,1283,5.8,1210-1-12-19
1210,4020,1284,5.8,1210-1-12-20
1210,4020,4021,5.8,1210-1-12-13
1210,4020,4024,5.8,1210-1-12-15
1210,4020,4231,5.8,1210-1-12-14
1210,4021,1279,5.8,1210-1-13-16
1210,4021,1280,5.8,1210-1-13-17
1210,4021,1281,5.8,1210-1-13-18
1210,4021,1283,5.8,1210-1-13-19
1210,4021,1284,5.8,1210-1-13-20
1210,4021,4024,5.8,1210-1-13-15
1210,4021,4231,5.8,1210-1-13-14
1210,4024,1279,5.8,1210-1-15-16
1210,4024,1280,5.8,1210-1-15-17
1210,4024,1281,5.8,1210-1-15-18
1210,4024,1283,5.8,1210-1-15-19
1210,4024,1284,5.8,1210-1-15-20
1210,4027,9009,10.2,1210-2-7-8
1210,4076,4027,10.2,1210-2-6-7
1210,4076,9009,10.2,1210-2-6-8
1210,4231,1279,5.8,1210-1-14-16
1210,4231,1280,5.8,1210-1-14-17
1210,4231,1281,5.8,1210-1-14-18
1210,4231,1283,5.8,1210-1-14-19
1210,4231,1284,5.8,1210-1-14-20
1210,4231,4024,5.8,1210-1-14-15
1210,723,4027,10.2,1210-2-3-7
1210,723,4076,10.2,1210-2-3-6
1210,723,9009,10.2,1210-2-3-8
1210,723,965,10.2,1210-2-3-5
1210,965,4027,10.2,1210-2-5-7
1210,965,4076,10.2,1210-2-5-6
1210,965,9009,10.2,1210-2-5-8
1214,1164,13341,5.8,1214-1-23-24
1214,1320,9009,7.8,1214-2-3-4
1214,1331,1164,5.8,1214-1-22-23
1214,1331,13341,5.8,1214-1-22-24
1214,13341,1320,7.8,1214-2-1-3
1214,13341,4247,7.8,1214-2-1-2
1214,13341,9009,7.8,1214-2-1-4
1214,4247,1320,7.8,1214-2-2-3
1214,4247,9009,7.8,1214-2-2-4
1214,9010,1164,5.8,1214-1-21-23
1214,9010,1331,5.8,1214-1-21-22
1214,9010,13341,5.8,1214-1-21-24
1229,1164,13341,6.7,1229-2-32-33
1229,13341,4028,6.7,1229-1-1-5
1229,13341,4247,6.7,1229-1-1-2
1229,13341,4248,6.7,1229-1-1-3
1229,13341,968,6.7,1229-1-1-4
1229,4247,4028,6.7,1229-1-2-5
1229,4247,4248,6.7,1229-1-2-3
1229,4247,968,6.7,1229-1-2-4
1229,4248,4028,6.7,1229-1-3-5
1229,4248,968,6.7,1229-1-3-4
1229,9038,1164,6.7,1229-2-31-32
1229,9038,13341,6.7,1229-2-31-33
1229,9039,1164,6.7,1229-2-30-32
1229,9039,13341,6.7,1229-2-30-33
1229,9039,9038,6.7,1229-2-30-31
1229,968,4028,6.7,1229-1-4-5
1237,1279,1280,5.8,1237-2-2-3
1237,1279,1282,5.8,1237-2-2-5
1237,1279,1283,5.8,1237-2-2-6
1237,1279,4132,5.8,1237-2-2-4
1237,1280,1282,5.8,1237-2-3-5
1237,1280,1283,5.8,1237-2-3-6
1237,1280,4132,5.8,1237-2-3-4
1237,1282,1283,5.8,1237-2-5-6
1237,12885,1310,5.8,1237-1-15-16
1237,12885,723,5.8,1237-1-15-17
1237,1310,723,5.8,1237-1-16-17
1237,4132,1282,5.8,1237-2-4-5
1237,4132,1283,5.8,1237-2-4-6
1250,1279,4148,5.1,1250-2-2-3
1251,1279,1280,6.7,1251-2-2-3
1251,1279,1281,6.7,1251-2-2-4
1251,1279,1283,6.7,1251-2-2-5
1251,1280,1281,6.7,1251-2-3-4
1251,1280,1283,6.7,1251-2-3-5
1251,1281,1283,6.7,1251-2-4-5
1251,1310,723,6.7,1251-1-27-28
1251,4174,1310,6.7,1251-1-26-27
1251,4174,723,6.7,1251-1-26-28
1253,4021,4022,5.8,1253-2-17-18
1253,4021,4024,5.8,1253-2-17-20
1253,4021,7041,5.8,1253-2-17-19
1253,4022,4024,5.8,1253-2-18-20
1253,4022,7041,5.8,1253-2-18-19
1253,4051,193,5.8,1253-1-4-7
1253,4051,4052,5.8,1253-1-4-5
1253,4051,9009,5.8,1253-1-4-6
1253,4052,193,5.8,1253-1-5-7
1253,4052,9009,5.8,1253-1-5-6
1253,4076,193,5.8,1253-1-3-7
1253,4076,4051,5.8,1253-1-3-4
1253,4076,4052,5.8,1253-1-3-5
1253,4076,9009,5.8,1253-1-3-6
1253,7041,4024,5.8,1253-2-19-20
1253,9009,193,5.8,1253-1-6-7
1253,9036,4021,5.8,1253-2-16-17
1253,9036,4022,5.8,1253-2-16-18
1253,9036,4024,5.8,1253-2-16-20
1253,9036,7041,5.8,1253-2-16-19
1253,965,193,5.8,1253-1-2-7
1253,965,4051,5.8,1253-1-2-4
1253,965,4052,5.8,1253-1-2-5
1253,965,4076,5.8,1253-1-2-3
1253,965,9009,5.8,1253-1-2-6
1262,1164,13341,5.8,1262-1-20-21
1262,1320,9009,14.6,1262-2-3-5
1262,1320,968,14.6,1262-2-3-4
1262,1331,1164,5.8,1262-1-19-20
1262,1331,13341,5.8,1262-1-19-21
1262,13341,1320,14.6,1262-2-1-3
1262,13341,4247,14.6,1262-2-1-2
1262,13341,9009,14.6,1262-2-1-5
1262,13341,968,14.6,1262-2-1-4
1262,4247,1320,14.6,1262-2-2-3
1262,4247,9009,14.6,1262-2-2-5
1262,4247,968,14.6,1262-2-2-4
1262,9010,1164,5.8,1262-1-18-20
1262,9010,1331,5.8,1262-1-18-19
1262,9010,13341,5.8,1262-1-18-21
1262,968,9009,14.6,1262-2-4-5
1269,1164,13341,5.8,1269-1-25-26
1269,1320,9009,16.2,1269-2-3-5
1269,1320,968,16.2,1269-2-3-4
1269,1331,1164,5.8,1269-1-24-25
1269,1331,13341,5.8,1269-1-24-26
1269,13341,1320,16.2,1269-2-1-3
1269,13341,4247,16.2,1269-2-1-2
1269,13341,9009,16.2,1269-2-1-5
1269,13341,968,16.2,1269-2-1-4
1269,4247,1320,16.2,1269-2-2-3
1269,4247,9009,16.2,1269-2-2-5
1269,4247,968,16.2,1269-2-2-4
1269,9010,1164,5.8,1269-1-23-25
1269,9010,1331,5.8,1269-1-23-24
1269,9010,13341,5.8,1269-1-23-26
1269,968,9009,16.2,1269-2-4-5
1295,1164,13341,5.8,1295-1-20-21
1295,1320,9009,17.2,1295-2-3-5
1295,1320,968,17.2,1295-2-3-4
1295,1331,1164,5.8,1295-1-19-20
1295,1331,13341,5.8,1295-1-19-21
1295,13341,1320,17.2,1295-2-1-3
1295,13341,4247,17.2,1295-2-1-2
1295,13341,9009,17.2,1295-2-1-5
1295,13341,968,17.2,1295-2-1-4
1295,4247,1320,17.2,1295-2-2-3
1295,4247,9009,17.2,1295-2-2-5
1295,4247,968,17.2,1295-2-2-4
1295,9010,1164,5.8,1295-1-18-20
1295,9010,1331,5.8,1295-1-18-19
1295,9010,13341,5.8,1295-1-18-21
1295,968,9009,17.2,1295-2-4-5
1297,10000137,1322,6.7,1297-2-16-17
1297,216,10000137,6.7,1297-2-15-16
1297,216,1322,6.7,1297-2-15-17
1297,4028,193,6.7,1297-1-9-10
1297,9011,193,6.7,1297-1-8-10
1297,9011,4028,6.7,1297-1-8-9
1299,10000137,1322,5.6,1299-2-14-15
1299,216,10000137,5.6,1299-2-13-14
1299,216,1322,5.6,1299-2-13-15
1299,4028,193,5.6,1299-1-9-10
1299,9011,193,5.6,1299-1-8-10
1299,9011,4028,5.6,1299-1-8-9
1300,4020,4021,5.6,1300-2-17-18
1300,4020,4024,5.6,1300-2-17-20
1300,4020,961,5.6,1300-2-17-19
1300,4021,4024,5.6,1300-2-18-20
1300,4021,961,5.6,1300-2-18-19
1300,4050,193,5.6,1300-1-3-6
1300,4050,4052,5.6,1300-1-3-5
1300,4050,4232,5.6,1300-1-3-4
1300,4052,193,5.6,1300-1-5-6
1300,4232,193,5.6,1300-1-4-6
1300,4232,4052,5.6,1300-1-4-5
1300,961,4024,5.6,1300-2-19-20
1300,965,193,5.6,1300-1-2-6
1300,965,4050,5.6,1300-1-2-3
1300,965,4052,5.6,1300-1-2-5
1300,965,4232,5.6,1300-1-2-4
1326,1279,1164,5.8,1326-1-2-25
1326,1279,1280,5.8,1326-1-2-3
1326,1279,1283,5.8,1326-1-2-5
1326,1279,1331,5.8,1326-1-2-24
1326,1279,4259,5.8,1326-1-2-4
1326,1279,4264,5.8,1326-1-2-12
1326,1279,9010,5.8,1326-1-2-23
1326,1280,1164,5.8,1326-1-3-25
1326,1280,1283,5.8,1326-1-3-5
1326,1280,1331,5.8,1326-1-3-24
1326,1280,4259,5.8,1326-1-3-4
1326,1280,4264,5.8,1326-1-3-12
1326,1280,9010,5.8,1326-1-3-23
1326,1283,1164,5.8,1326-1-5-25
1326,1283,1331,5.8,1326-1-5-24
1326,1283,4264,5.8,1326-1-5-12
1326,1283,9010,5.8,1326-1-5-23
1326,1310,723,5.8,1326-2-23-24
1326,1331,1164,5.8,1326-1-24-25
1326,193,1310,5.8,1326-2-5-23
1326,193,4174,5.8,1326-2-5-22
1326,193,4256,5.8,1326-2-5-15
1326,193,723,5.8,1326-2-5-24
1326,4052,1310,5.8,1326-2-4-23
1326,4052,193,5.8,1326-2-4-5
1326,4052,4174,5.8,1326-2-4-22
1326,4052,4256,5.8,1326-2-4-15
1326,4052,723,5.8,1326-2-4-24
1326,4174,1310,5.8,1326-2-22-23
1326,4174,723,5.8,1326-2-22-24
1326,4248,1310,5.8,1326-2-3-23
1326,4248,193,5.8,1326-2-3-5
1326,4248,4052,5.8,1326-2-3-4
1326,4248,4174,5.8,1326-2-3-22
1326,4248,4256,5.8,1326-2-3-15
1326,4248,723,5.8,1326-2-3-24
1326,4256,1310,5.8,1326-2-15-23
1326,4256,4174,5.8,1326-2-15-22
1326,4256,723,5.8,1326-2-15-24
1326,4259,1164,5.8,1326-1-4-25
1326,4259,1283,5.8,1326-1-4-5
1326,4259,1331,5.8,1326-1-4-24
1326,4259,4264,5.8,1326-1-4-12
1326,4259,9010,5.8,1326-1-4-23
1326,4264,1164,5.8,1326-1-12-25
1326,4264,1331,5.8,1326-1-12-24
1326,4264,9010,5.8,1326-1-12-23
1326,9010,1164,5.8,1326-1-23-25
1326,9010,1331,5.8,1326-1-23-24
1334,1164,13341,7.8,1334-1-28-29
1334,1331,1164,7.8,1334-1-27-28
1334,1331,13341,7.8,1334-1-27-29
1334,13341,4247,7.8,1334-2-1-2
1334,13341,9002,7.8,1334-2-1-3
1334,13341,9009,7.8,1334-2-1-5
1334,13341,968,7.8,1334-2-1-4
1334,4247,9002,7.8,1334-2-2-3
1334,4247,9009,7.8,1334-2-2-5
1334,4247,968,7.8,1334-2-2-4
1334,9002,9009,7.8,1334-2-3-5
1334,9002,968,7.8,1334-2-3-4
1334,9010,1164,7.8,1334-1-26-28
1334,9010,1331,7.8,1334-1-26-27
1334,9010,13341,7.8,1334-1-26-29
1334,968,9009,7.8,1334-2-4-5
1336,12746,4232,10.2,1336-2-1-4
1336,12746,9009,10.2,1336-2-1-6
1336,12746,966,10.2,1336-2-1-3
1336,12746,967,10.2,1336-2-1-5
1336,1279,12746,7.4,1336-1-33-34
1336,4020,12746,7.4,1336-1-29-34
1336,4020,1279,7.4,1336-1-29-33
1336,4020,4021,7.4,1336-1-29-30
1336,4020,4024,7.4,1336-1-29-32
1336,4020,4231,7.4,1336-1-29-31
1336,4021,12746,7.4,1336-1-30-34
1336,4021,1279,7.4,1336-1-30-33
1336,4021,4024,7.4,1336-1-30-32
1336,4021,4231,7.4,1336-1-30-31
1336,4024,12746,7.4,1336-1-32-34
1336,4024,1279,7.4,1336-1-32-33
1336,4231,12746,7.4,1336-1-31-34
1336,4231,1279,7.4,1336-1-31-33
1336,4231,4024,7.4,1336-1-31-32
1336,4232,9009,10.2,1336-2-4-6
1336,4232,967,10.2,1336-2-4-5
1336,966,4232,10.2,1336-2-3-4
1336,966,9009,10.2,1336-2-3-6
1336,966,967,10.2,1336-2-3-5
1336,967,9009,10.2,1336-2-5-6
1371,1279,4148,7.4,1371-1-25-26
1371,1310,4232,10.8,1371-2-3-7
1371,1310,723,10.8,1371-2-3-4
1371,1310,9009,10.8,1371-2-3-9
1371,1310,966,10.8,1371-2-3-6
1371,1310,967,10.8,1371-2-3-8
1371,4020,1279,7.4,1371-1-21-25
1371,4020,4021,7.4,1371-1-21-22
1371,4020,4024,7.4,1371-1-21-24
1371,4020,4148,7.4,1371-1-21-26
1371,4020,4231,7.4,1371-1-21-23
1371,4021,1279,7.4,1371-1-22-25
1371,4021,4024,7.4,1371-1-22-24
1371,4021,4148,7.4,1371-1-22-26
1371,4021,4231,7.4,1371-1-22-23
1371,4024,1279,7.4,1371-1-24-25
1371,4024,4148,7.4,1371-1-24-26
1371,4174,1310,10.8,1371-2-2-3
1371,4174,4232,10.8,1371-2-2-7
1371,4174,723,10.8,1371-2-2-4
1371,4174,9009,10.8,1371-2-2-9
1371,4174,966,10.8,1371-2-2-6
1371,4174,967,10.8,1371-2-2-8
1371,4231,1279,7.4,1371-1-23-25
1371,4231,4024,7.4,1371-1-23-24
1371,4231,4148,7.4,1371-1-23-26
1371,4232,9009,10.8,1371-2-7-9
1371,4232,967,10.8,1371-2-7-8
1371,723,4232,10.8,1371-2-4-7
1371,723,9009,10.8,1371-2-4-9
1371,723,966,10.8,1371-2-4-6
1371,723,967,10.8,1371-2-4-8
1371,966,4232,10.8,1371-2-6-7
1371,966,9009,10.8,1371-2-6-9
1371,966,967,10.8,1371-2-6-8
1371,967,9009,10.8,1371-2-8-9
1390,1279,1280,5.1,1390-1-11-12
1390,1279,1283,5.1,1390-1-11-14
1390,1279,4259,5.1,1390-1-11-13
1390,1280,1283,5.1,1390-1-12-14
1390,1280,4259,5.1,1390-1-12-13
1390,1310,1279,5.1,1390-1-6-11
1390,1310,1280,5.1,1390-1-6-12
1390,1310,1283,5.1,1390-1-6-14
1390,1310,4259,5.1,1390-1-6-13
1390,1310,723,5.1,1390-1-6-7
1390,4174,1279,5.1,1390-1-5-11
1390,4174,1280,5.1,1390-1-5-12
1390,4174,1283,5.1,1390-1-5-14
1390,4174,1310,5.1,1390-1-5-6
1390,4174,4259,5.1,1390-1-5-13
1390,4174,723,5.1,1390-1-5-7
1390,4259,1283,5.1,1390-1-13-14
1390,723,1279,5.1,1390-1-7-11
1390,723,1280,5.1,1390-1-7-12
1390,723,1283,5.1,1390-1-7-14
1390,723,4259,5.1,1390-1-7-13
1391,1279,4148,5.1,1391-1-7-8
1391,4147,1279,5.1,1391-1-3-7
1391,4147,4148,5.1,1391-1-3-8
1392,12746,193,6.7,1392-2-1-7
1392,12746,4027,6.7,1392-2-1-5
1392,12746,4050,6.7,1392-2-1-4
1392,12746,965,6.7,1392-2-1-3
1392,12746,968,6.7,1392-2-1-6
1392,1279,12746,5.8,1392-1-26-27
1392,4022,12746,5.8,1392-1-23-27
1392,4022,1279,5.8,1392-1-23-26
1392,4022,4024,5.8,1392-1-23-25
1392,4022,7041,5.8,1392-1-23-24
1392,4024,12746,5.8,1392-1-25-27
1392,4024,1279,5.8,1392-1-25-26
1392,4027,193,6.7,1392-2-5-7
1392,4027,968,6.7,1392-2-5-6
1392,4049,12746,5.8,1392-1-22-27
1392,4049,1279,5.8,1392-1-22-26
1392,4049,4022,5.8,1392-1-22-23
1392,4049,4024,5.8,1392-1-22-25
1392,4049,7041,5.8,1392-1-22-24
1392,4050,193,6.7,1392-2-4-7
1392,4050,4027,6.7,1392-2-4-5
1392,4050,968,6.7,1392-2-4-6
1392,7041,12746,5.8,1392-1-24-27
1392,7041,1279,5.8,1392-1-24-26
1392,7041,4024,5.8,1392-1-24-25
1392,9036,12746,5.8,1392-1-21-27
1392,9036,1279,5.8,1392-1-21-26
1392,9036,4022,5.8,1392-1-21-23
1392,9036,4024,5.8,1392-1-21-25
1392,9036,4049,5.8,1392-1-21-22
1392,9036,7041,5.8,1392-1-21-24
1392,965,193,6.7,1392-2-3-7
1392,965,4027,6.7,1392-2-3-5
1392,965,4050,6.7,1392-2-3-4
1392,965,968,6.7,1392-2-3-6
1392,968,193,6.3,1392-2-6-7
1396,4247,13137,7.7,1396-2-17-19
1396,4247,13425,12.2,1396-1-12-14
1396,4247,9017,7.7,1396-2-17-18
1396,9017,13137,7.7,1396-2-18-19
1396,9017,13425,12.2,1396-1-13-14
1397,4247,13425,12.2,1397-1-12-14
1397,4247,9017,12.2,1397-1-12-13
1397,9017,13425,12.2,1397-1-13-14
1403,9011,4028,8.2,1403-1-29-30
1403,9012,1322,8.2,1403-2-8-9
1408,1164,13310,6.0,1408-1-34-35
1408,1331,1164,6.0,1408-1-33-34
1408,1331,13310,6.0,1408-1-33-35
1408,724,4028,8.4,1408-2-3-6
1408,724,9002,8.4,1408-2-3-4
1408,724,968,8.4,1408-2-3-5
1408,9002,4028,8.4,1408-2-4-6
1408,9002,968,8.4,1408-2-4-5
1408,9010,1164,6.0,1408-1-32-34
1408,9010,1331,6.0,1408-1-32-33
1408,9010,13310,6.0,1408-1-32-35
1408,968,4028,8.4,1408-2-5-6
1419,1279,1280,7.4,1419-1-19-20
1419,1279,1281,7.4,1419-1-19-21
1419,1279,1283,7.4,1419-1-19-22
1419,1279,1284,7.4,1419-1-19-23
1419,1280,1281,7.4,1419-1-20-21
1419,1280,1283,7.4,1419-1-20-22
1419,1280,1284,7.4,1419-1-20-23
1419,1281,1283,7.4,1419-1-21-22
1419,1281,1284,7.4,1419-1-21-23
1419,1283,1284,7.4,1419-1-22-23
1419,1284,1310,11.3,1419-2-1-2
1419,1284,1322,11.3,1419-2-1-9
1419,1284,4232,11.3,1419-2-1-6
1419,1284,723,11.3,1419-2-1-3
1419,1284,9003,11.3,1419-2-1-7
1419,1284,9012,11.3,1419-2-1-8
1419,1284,966,11.3,1419-2-1-5
1419,1310,1322,11.3,1419-2-2-9
1419,1310,4232,11.3,1419-2-2-6
1419,1310,723,11.3,1419-2-2-3
1419,1310,9003,11.3,1419-2-2-7
1419,1310,9012,11.3,1419-2-2-8
1419,1310,966,11.3,1419-2-2-5
1419,4022,1279,7.4,1419-1-15-19
1419,4022,1280,7.4,1419-1-15-20
1419,4022,1281,7.4,1419-1-15-21
1419,4022,1283,7.4,1419-1-15-22
1419,4022,1284,7.4,1419-1-15-23
1419,4022,4024,7.4,1419-1-15-18
1419,4022,4231,7.4,1419-1-15-16
1419,4022,7041,7.4,1419-1-15-17
1419,4024,1279,7.4,1419-1-18-19
1419,4024,1280,7.4,1419-1-18-20
1419,4024,1281,7.4,1419-1-18-21
1419,4024,1283,7.4,1419-1-18-22
1419,4024,1284,7.4,1419-1-18-23
1419,4231,1279,7.4,1419-1-16-19
1419,4231,1280,7.4,1419-1-16-20
1419,4231,1281,7.4,1419-1-16-21
1419,4231,1283,7.4,1419-1-16-22
1419,4231,1284,7.4,1419-1-16-23
1419,4231,4024,7.4,1419-1-16-18
1419,4231,7041,7.4,1419-1-16-17
1419,4232,1322,11.3,1419-2-6-9
1419,4232,9003,11.3,1419-2-6-7
1419,4232,9012,11.3,1419-2-6-8
1419,7041,1279,7.4,1419-1-17-19
1419,7041,1280,7.4,1419-1-17-20
1419,7041,1281,7.4,1419-1-17-21
1419,7041,1283,7.4,1419-1-17-22
1419,7041,1284,7.4,1419-1-17-23
1419,7041,4024,7.4,1419-1-17-18
1419,7082,1279,7.4,1419-1-14-19
1419,7082,1280,7.4,1419-1-14-20
1419,7082,1281,7.4,1419-1-14-21
1419,7082,1283,7.4,1419-1-14-22
1419,7082,1284,7.4,1419-1-14-23
1419,7082,4022,7.4,1419-1-14-15
1419,7082,4024,7.4,1419-1-14-18
1419,7082,4231,7.4,1419-1-14-16
1419,7082,7041,7.4,1419-1-14-17
1419,723,1322,11.3,1419-2-3-9
1419,723,4232,11.3,1419-2-3-6
1419,723,9003,11.3,1419-2-3-7
1419,723,9012,11.3,1419-2-3-8
1419,723,966,11.3,1419-2-3-5
1419,9003,1322,11.3,1419-2-7-9
1419,9003,9012,11.3,1419-2-7-8
1419,9012,1322,11.3,1419-2-8-9
1419,966,1322,11.3,1419-2-5-9
1419,966,4232,11.3,1419-2-5-6
1419,966,9003,11.3,1419-2-5-7
1419,966,9012,11.3,1419-2-5-8
1420,1279,1280,7.4,1420-1-20-21
1420,1279,1281,7.4,1420-1-20-22
1420,1279,1283,7.4,1420-1-20-23
1420,1279,1284,7.4,1420-1-20-24
1420,1280,1281,7.4,1420-1-21-22
1420,1280,1283,7.4,1420-1-21-23
1420,1280,1284,7.4,1420-1-21-24
1420,1281,1283,7.4,1420-1-22-23
1420,1281,1284,7.4,1420-1-22-24
1420,1283,1284,7.4,1420-1-23-24
1420,4022,1279,7.4,1420-1-16-20
1420,4022,1280,7.4,1420-1-16-21
1420,4022,1281,7.4,1420-1-16-22
1420,4022,1283,7.4,1420-1-16-23
1420,4022,1284,7.4,1420-1-16-24
1420,4022,4024,7.4,1420-1-16-19
1420,4022,4231,7.4,1420-1-16-17
1420,4022,7041,7.4,1420-1-16-18
1420,4024,1279,7.4,1420-1-19-20
1420,4024,1280,7.4,1420-1-19-21
1420,4024,1281,7.4,1420-1-19-22
1420,4024,1283,7.4,1420-1-19-23
1420,4024,1284,7.4,1420-1-19-24
1420,4231,1279,7.4,1420-1-17-20
1420,4231,1280,7.4,1420-1-17-21
1420,4231,1281,7.4,1420-1-17-22
1420,4231,1283,7.4,1420-1-17-23
1420,4231,1284,7.4,1420-1-17-24
1420,4231,4024,7.4,1420-1-17-19
1420,4231,7041,7.4,1420-1-17-18
1420,7041,1279,7.4,1420-1-18-20
1420,7041,1280,7.4,1420-1-18-21
1420,7041,1281,7.4,1420-1-18-22
1420,7041,1283,7.4,1420-1-18-23
1420,7041,1284,7.4,1420-1-18-24
1420,7041,4024,7.4,1420-1-18-19
1420,7082,1279,7.4,1420-1-15-20
1420,7082,1280,7.4,1420-1-15-21
1420,7082,1281,7.4,1420-1-15-22
1420,7082,1283,7.4,1420-1-15-23
1420,7082,1284,7.4,1420-1-15-24
1420,7082,4022,7.4,1420-1-15-16
1420,7082,4024,7.4,1420-1-15-19
1420,7082,4231,7.4,1420-1-15-17
1420,7082,7041,7.4,1420-1-15-18
1423,1279,1280,7.4,1423-1-18-19
1423,1279,1281,7.4,1423-1-18-20
1423,1279,1283,7.4,1423-1-18-21
1423,1279,1284,7.4,1423-1-18-22
1423,1280,1281,7.4,1423-1-19-20
1423,1280,1283,7.4,1423-1-19-21
1423,1280,1284,7.4,1423-1-19-22
1423,1281,1283,7.4,1423-1-20-21
1423,1281,1284,7.4,1423-1-20-22
1423,1283,1284,7.4,1423-1-21-22
1423,4022,1279,7.4,1423-1-14-18
1423,4022,1280,7.4,1423-1-14-19
1423,4022,1281,7.4,1423-1-14-20
1423,4022,1283,7.4,1423-1-14-21
1423,4022,1284,7.4,1423-1-14-22
1423,4022,4024,7.4,1423-1-14-17
1423,4022,4231,7.4,1423-1-14-15
1423,4022,7041,7.4,1423-1-14-16
1423,4024,1279,7.4,1423-1-17-18
1423,4024,1280,7.4,1423-1-17-19
1423,4024,1281,7.4,1423-1-17-20
1423,4024,1283,7.4,1423-1-17-21
1423,4024,1284,7.4,1423-1-17-22
1423,4231,1279,7.4,1423-1-15-18
1423,4231,1280,7.4,1423-1-15-19
1423,4231,1281,7.4,1423-1-15-20
1423,4231,1283,7.4,1423-1-15-21
1423,4231,1284,7.4,1423-1-15-22
1423,4231,4024,7.4,1423-1-15-17
1423,4231,7041,7.4,1423-1-15-16
1423,7041,1279,7.4,1423-1-16-18
1423,7041,1280,7.4,1423-1-16-19
1423,7041,1281,7.4,1423-1-16-20
1423,7041,1283,7.4,1423-1-16-21
1423,7041,1284,7.4,1423-1-16-22
1423,7041,4024,7.4,1423-1-16-17
1423,7082,1279,7.4,1423-1-13-18
1423,7082,1280,7.4,1423-1-13-19
1423,7082,1281,7.4,1423-1-13-20
1423,7082,1283,7.4,1423-1-13-21
1423,7082,1284,7.4,1423-1-13-22
1423,7082,4022,7.4,1423-1-13-14
1423,7082,4024,7.4,1423-1-13-17
1423,7082,4231,7.4,1423-1-13-15
1423,7082,7041,7.4,1423-1-13-16
1431,216,775,17.7,1431-1-17-19
1431,216,9012,17.7,1431-1-17-18
1431,216,9014,17.7,1431-1-17-20
1431,775,9014,17.7,1431-1-19-20
1431,9011,970,9.8,1431-2-25-26
1431,9012,775,17.7,1431-1-18-19
1431,9012,9014,17.7,1431-1-18-20
1431,9015,9011,9.8,1431-2-24-25
1431,9015,970,9.8,1431-2-24-26
1433,216,775,21.7,1433-1-16-18
1433,216,9012,21.7,1433-1-16-17
1433,216,9014,21.7,1433-1-16-19
1433,775,9014,21.7,1433-1-18-19
1433,9011,970,9.8,1433-2-16-17
1433,9012,775,21.7,1433-1-17-18
1433,9012,9014,21.7,1433-1-17-19
1433,9015,9011,9.8,1433-2-15-16
1433,9015,970,9.8,1433-2-15-17
1435,1279,1280,9.8,1435-1-44-45
1435,1279,1281,9.8,1435-1-44-46
1435,1279,1283,9.8,1435-1-44-47
1435,1280,1281,9.8,1435-1-45-46
1435,1280,1283,9.8,1435-1-45-47
1435,1281,1283,9.8,1435-1-46-47
1435,1310,4028,9.8,1435-2-3-13
1435,1310,4050,9.8,1435-2-3-8
1435,1310,4052,9.8,1435-2-3-12
1435,1310,4076,9.8,1435-2-3-9
1435,1310,4232,9.8,1435-2-3-10
1435,1310,723,9.8,1435-2-3-4
1435,1310,9003,9.8,1435-2-3-11
1435,1310,9004,9.8,1435-2-3-6
1435,1310,966,9.8,1435-2-3-7
1435,1310,970,9.8,1435-2-3-14
1435,4020,1279,9.8,1435-1-38-44
1435,4020,1280,9.8,1435-1-38-45
1435,4020,1281,9.8,1435-1-38-46
1435,4020,1283,9.8,1435-1-38-47
1435,4020,4021,9.8,1435-1-38-39
1435,4020,4022,9.8,1435-1-38-40
1435,4020,4024,9.8,1435-1-38-43
1435,4020,4231,9.8,1435-1-38-41
1435,4020,7041,9.8,1435-1-38-42
1435,4021,1279,9.8,1435-1-39-44
1435,4021,1280,9.8,1435-1-39-45
1435,4021,1281,9.8,1435-1-39-46
1435,4021,1283,9.8,1435-1-39-47
1435,4021,4022,9.8,1435-1-39-40
1435,4021,4024,9.8,1435-1-39-43
1435,4021,4231,9.8,1435-1-39-41
1435,4021,7041,9.8,1435-1-39-42
1435,4022,1279,9.8,1435-1-40-44
1435,4022,1280,9.8,1435-1-40-45
1435,4022,1281,9.8,1435-1-40-46
1435,4022,1283,9.8,1435-1-40-47
1435,4022,4024,9.8,1435-1-40-43
1435,4022,4231,9.8,1435-1-40-41
1435,4022,7041,9.8,1435-1-40-42
1435,4024,1279,9.8,1435-1-43-44
1435,4024,1280,9.8,1435-1-43-45
1435,4024,1281,9.8,1435-1-43-46
1435,4024,1283,9.8,1435-1-43-47
1435,4028,970,9.8,1435-2-13-14
1435,4050,4028,9.8,1435-2-8-13
1435,4050,4052,9.8,1435-2-8-12
1435,4050,4076,9.8,1435-2-8-9
1435,4050,4232,9.8,1435-2-8-10
1435,4050,9003,9.8,1435-2-8-11
1435,4050,970,9.8,1435-2-8-14
1435,4052,4028,9.8,1435-2-12-13
1435,4052,970,9.8,1435-2-12-14
1435,4076,4028,9.8,1435-2-9-13
1435,4076,4052,9.8,1435-2-9-12
1435,4076,4232,9.8,1435-2-9-10
1435,4076,9003,9.8,1435-2-9-11
1435,4076,970,9.8,1435-2-9-14
1435,4174,1310,9.8,1435-2-2-3
1435,4174,4028,9.8,1435-2-2-13
1435,4174,4050,9.8,1435-2-2-8
1435,4174,4052,9.8,1435-2-2-12
1435,4174,4076,9.8,1435-2-2-9
1435,4174,4232,9.8,1435-2-2-10
1435,4174,723,9.8,1435-2-2-4
1435,4174,9003,9.8,1435-2-2-11
1435,4174,9004,9.8,1435-2-2-6
1435,4174,966,9.8,1435-2-2-7
1435,4174,970,9.8,1435-2-2-14
1435,4231,1279,9.8,1435-1-41-44
1435,4231,1280,9.8,1435-1-41-45
1435,4231,1281,9.8,1435-1-41-46
1435,4231,1283,9.8,1435-1-41-47
1435,4231,4024,9.8,1435-1-41-43
1435,4231,7041,9.8,1435-1-41-42
1435,4232,4028,9.8,1435-2-10-13
1435,4232,4052,9.8,1435-2-10-12
1435,4232,9003,9.8,1435-2-10-11
1435,4232,970,9.8,1435-2-10-14
1435,7041,1279,9.8,1435-1-42-44
1435,7041,1280,9.8,1435-1-42-45
1435,7041,1281,9.8,1435-1-42-46
1435,7041,1283,9.8,1435-1-42-47
1435,7041,4024,9.8,1435-1-42-43
1435,723,4028,9.8,1435-2-4-13
1435,723,4050,9.8,1435-2-4-8
1435,723,4052,9.8,1435-2-4-12
1435,723,4076,9.8,1435-2-4-9
1435,723,4232,9.8,1435-2-4-10
1435,723,9003,9.8,1435-2-4-11
1435,723,9004,9.8,1435-2-4-6
1435,723,966,9.8,1435-2-4-7
1435,723,970,9.8,1435-2-4-14
1435,9003,4028,9.8,1435-2-11-13
1435,9003,4052,9.8,1435-2-11-12
1435,9003,970,9.8,1435-2-11-14
1435,9004,4028,9.8,1435-2-6-13
1435,9004,4050,9.8,1435-2-6-8
1435,9004,4052,9.8,1435-2-6-12
1435,9004,4076,9.8,1435-2-6-9
1435,9004,4232,9.8,1435-2-6-10
1435,9004,9003,9.8,1435-2-6-11
1435,9004,966,9.8,1435-2-6-7
1435,9004,970,9.8,1435-2-6-14
1435,966,4028,9.8,1435-2-7-13
1435,966,4050,9.8,1435-2-7-8
1435,966,4052,9.8,1435-2-7-12
1435,966,4076,9.8,1435-2-7-9
1435,966,4232,9.8,1435-2-7-10
1435,966,9003,9.8,1435-2-7-11
1435,966,970,9.8,1435-2-7-14
1437,1279,1280,10.4,1437-2-51-52
1437,1279,1281,10.4,1437-2-51-53
1437,1279,1283,10.4,1437-2-51-55
1437,1279,4259,10.4,1437-2-51-54
1437,1280,1281,10.4,1437-2-52-53
1437,1280,1283,10.4,1437-2-52-55
1437,1280,4259,10.4,1437-2-52-54
1437,1281,1283,10.4,1437-2-53-55
1437,1281,4259,10.4,1437-2-53-54
1437,1310,193,10.4,1437-1-3-15
1437,1310,4027,10.4,1437-1-3-11
1437,1310,4028,10.4,1437-1-3-13
1437,1310,4050,10.4,1437-1-3-8
1437,1310,4051,10.4,1437-1-3-10
1437,1310,4052,10.4,1437-1-3-12
1437,1310,4076,10.4,1437-1-3-9
1437,1310,723,10.4,1437-1-3-4
1437,1310,965,10.4,1437-1-3-6
1437,1310,966,10.4,1437-1-3-7
1437,1310,970,10.4,1437-1-3-14
1437,4020,1279,10.4,1437-2-45-51
1437,4020,1280,10.4,1437-2-45-52
1437,4020,1281,10.4,1437-2-45-53
1437,4020,1283,10.4,1437-2-45-55
1437,4020,4022,10.4,1437-2-45-47
1437,4020,4024,10.4,1437-2-45-50
1437,4020,4049,10.4,1437-2-45-46
1437,4020,4231,10.4,1437-2-45-48
1437,4020,4259,10.4,1437-2-45-54
1437,4020,7041,10.4,1437-2-45-49
1437,4022,1279,10.4,1437-2-47-51
1437,4022,1280,10.4,1437-2-47-52
1437,4022,1281,10.4,1437-2-47-53
1437,4022,1283,10.4,1437-2-47-55
1437,4022,4024,10.4,1437-2-47-50
1437,4022,4231,10.4,1437-2-47-48
1437,4022,4259,10.4,1437-2-47-54
1437,4022,7041,10.4,1437-2-47-49
1437,4024,1279,10.4,1437-2-50-51
1437,4024,1280,10.4,1437-2-50-52
1437,4024,1281,10.4,1437-2-50-53
1437,4024,1283,10.4,1437-2-50-55
1437,4024,4259,10.4,1437-2-50-54
1437,4027,193,10.4,1437-1-11-15
1437,4027,4028,10.4,1437-1-11-13
1437,4027,4052,10.4,1437-1-11-12
1437,4027,970,10.4,1437-1-11-14
1437,4028,193,10.4,1437-1-13-15
1437,4028,970,10.4,1437-1-13-14
1437,4049,1279,10.4,1437-2-46-51
1437,4049,1280,10.4,1437-2-46-52
1437,4049,1281,10.4,1437-2-46-53
1437,4049,1283,10.4,1437-2-46-55
1437,4049,4022,10.4,1437-2-46-47
1437,4049,4024,10.4,1437-2-46-50
1437,4049,4231,10.4,1437-2-46-48
1437,4049,4259,10.4,1437-2-46-54
1437,4049,7041,10.4,1437-2-46-49
1437,4050,193,10.4,1437-1-8-15
1437,4050,4027,10.4,1437-1-8-11
1437,4050,4028,10.4,1437-1-8-13
1437,4050,4051,10.4,1437-1-8-10
1437,4050,4052,10.4,1437-1-8-12
1437,4050,4076,10.4,1437-1-8-9
1437,4050,970,10.4,1437-1-8-14
1437,4051,193,10.4,1437-1-10-15
1437,4051,4027,10.4,1437-1-10-11
1437,4051,4028,10.4,1437-1-10-13
1437,4051,4052,10.4,1437-1-10-12
1437,4051,970,10.4,1437-1-10-14
1437,4052,193,10.4,1437-1-12-15
1437,4052,4028,10.4,1437-1-12-13
1437,4052,970,10.4,1437-1-12-14
1437,4076,193,10.4,1437-1-9-15
1437,4076,4027,10.4,1437-1-9-11
1437,4076,4028,10.4,1437-1-9-13
1437,4076,4051,10.4,1437-1-9-10
1437,4076,4052,10.4,1437-1-9-12
1437,4076,970,10.4,1437-1-9-14
1437,4174,1310,10.4,1437-1-2-3
1437,4174,193,10.4,1437-1-2-15
1437,4174,4027,10.4,1437-1-2-11
1437,4174,4028,10.4,1437-1-2-13
1437,4174,4050,10.4,1437-1-2-8
1437,4174,4051,10.4,1437-1-2-10
1437,4174,4052,10.4,1437-1-2-12
1437,4174,4076,10.4,1437-1-2-9
1437,4174,723,10.4,1437-1-2-4
1437,4174,965,10.4,1437-1-2-6
1437,4174,966,10.4,1437-1-2-7
1437,4174,970,10.4,1437-1-2-14
1437,4231,1279,10.4,1437-2-48-51
1437,4231,1280,10.4,1437-2-48-52
1437,4231,1281,10.4,1437-2-48-53
1437,4231,1283,10.4,1437-2-48-55
1437,4231,4024,10.4,1437-2-48-50
1437,4231,4259,10.4,1437-2-48-54
1437,4231,7041,10.4,1437-2-48-49
1437,4259,1283,10.4,1437-2-54-55
1437,7041,1279,10.4,1437-2-49-51
1437,7041,1280,10.4,1437-2-49-52
1437,7041,1281,10.4,1437-2-49-53
1437,7041,1283,10.4,1437-2-49-55
1437,7041,4024,10.4,1437-2-49-50
1437,7041,4259,10.4,1437-2-49-54
1437,723,193,10.4,1437-1-4-15
1437,723,4027,10.4,1437-1-4-11
1437,723,4028,10.4,1437-1-4-13
1437,723,4050,10.4,1437-1-4-8
1437,723,4051,10.4,1437-1-4-10
1437,723,4052,10.4,1437-1-4-12
1437,723,4076,10.4,1437-1-4-9
1437,723,965,10.4,1437-1-4-6
1437,723,966,10.4,1437-1-4-7
1437,723,970,10.4,1437-1-4-14
1437,965,193,10.4,1437-1-6-15
1437,965,4027,10.4,1437-1-6-11
1437,965,4028,10.4,1437-1-6-13
1437,965,4050,10.4,1437-1-6-8
1437,965,4051,10.4,1437-1-6-10
1437,965,4052,10.4,1437-1-6-12
1437,965,4076,10.4,1437-1-6-9
1437,965,966,10.4,1437-1-6-7
1437,965,970,10.4,1437-1-6-14
1437,966,193,10.4,1437-1-7-15
1437,966,4027,10.4,1437-1-7-11
1437,966,4028,10.4,1437-1-7-13
1437,966,4050,10.4,1437-1-7-8
1437,966,4051,10.4,1437-1-7-10
1437,966,4052,10.4,1437-1-7-12
1437,966,4076,10.4,1437-1-7-9
1437,966,970,10.4,1437-1-7-14
1437,970,193,10.4,1437-1-14-15
1441,1279,1280,13.0,1441-1-29-30
1441,1279,1281,13.0,1441-1-29-31
1441,1279,1282,13.0,1441-1-29-32
1441,1279,1283,13.0,1441-1-29-33
1441,1280,1281,13.0,1441-1-30-31
1441,1280,1282,13.0,1441-1-30-32
1441,1280,1283,13.0,1441-1-30-33
1441,1281,1282,13.0,1441-1-31-32
1441,1281,1283,13.0,1441-1-31-33
1441,1282,1283,13.0,1441-1-32-33
1441,1310,193,21.8,1441-2-3-11
1441,1310,4028,21.8,1441-2-3-10
1441,1310,4050,21.8,1441-2-3-7
1441,1310,4232,21.8,1441-2-3-8
1441,1310,723,21.8,1441-2-3-4
1441,1310,9004,21.8,1441-2-3-6
1441,1310,968,21.8,1441-2-3-9
1441,4022,1279,13.0,1441-1-26-29
1441,4022,1280,13.0,1441-1-26-30
1441,4022,1281,13.0,1441-1-26-31
1441,4022,1282,13.0,1441-1-26-32
1441,4022,1283,13.0,1441-1-26-33
1441,4022,4024,13.0,1441-1-26-28
1441,4022,961,13.0,1441-1-26-27
1441,4024,1279,13.0,1441-1-28-29
1441,4024,1280,13.0,1441-1-28-30
1441,4024,1281,13.0,1441-1-28-31
1441,4024,1282,13.0,1441-1-28-32
1441,4024,1283,13.0,1441-1-28-33
1441,4028,193,21.8,1441-2-10-11
1441,4050,193,21.8,1441-2-7-11
1441,4050,4028,21.8,1441-2-7-10
1441,4050,4232,21.8,1441-2-7-8
1441,4050,968,21.8,1441-2-7-9
1441,4174,1310,21.8,1441-2-2-3
1441,4174,193,21.8,1441-2-2-11
1441,4174,4028,21.8,1441-2-2-10
1441,4174,4050,21.8,1441-2-2-7
1441,4174,4232,21.8,1441-2-2-8
1441,4174,723,21.8,1441-2-2-4
1441,4174,9004,21.8,1441-2-2-6
1441,4174,968,21.8,1441-2-2-9
1441,4232,193,21.8,1441-2-8-11
1441,4232,4028,21.8,1441-2-8-10
1441,4232,968,21.8,1441-2-8-9
1441,723,193,21.8,1441-2-4-11
1441,723,4028,21.8,1441-2-4-10
1441,723,4050,21.8,1441-2-4-7
1441,723,4232,21.8,1441-2-4-8
1441,723,9004,21.8,1441-2-4-6
1441,723,968,21.8,1441-2-4-9
1441,9004,193,21.8,1441-2-6-11
1441,9004,4028,21.8,1441-2-6-10
1441,9004,4050,21.8,1441-2-6-7
1441,9004,4232,21.8,1441-2-6-8
1441,9004,968,21.8,1441-2-6-9
1441,9010,1279,13.0,1441-1-25-29
1441,9010,1280,13.0,1441-1-25-30
1441,9010,1281,13.0,1441-1-25-31
1441,9010,1282,13.0,1441-1-25-32
1441,9010,1283,13.0,1441-1-25-33
1441,9010,4022,13.0,1441-1-25-26
1441,9010,4024,13.0,1441-1-25-28
1441,9010,961,13.0,1441-1-25-27
1441,961,1279,13.0,1441-1-27-29
1441,961,1280,13.0,1441-1-27-30
1441,961,1281,13.0,1441-1-27-31
1441,961,1282,13.0,1441-1-27-32
1441,961,1283,13.0,1441-1-27-33
1441,961,4024,13.0,1441-1-27-28
1441,968,193,21.8,1441-2-9-11
1441,968,4028,21.8,1441-2-9-10
1443,1279,1280,13.0,1443-1-45-46
1443,1279,1281,13.0,1443-1-45-47
1443,1279,1283,13.0,1443-1-45-49
1443,1279,4259,13.0,1443-1-45-48
1443,1280,1281,13.0,1443-1-46-47
1443,1280,1283,13.0,1443-1-46-49
1443,1280,4259,13.0,1443-1-46-48
1443,1281,1283,13.0,1443-1-47-49
1443,1281,4259,13.0,1443-1-47-48
1443,1310,193,19.4,1443-2-3-12
1443,1310,4232,19.4,1443-2-3-8
1443,1310,723,19.4,1443-2-3-4
1443,1310,9004,19.4,1443-2-3-6
1443,1310,9009,19.4,1443-2-3-11
1443,1310,966,19.4,1443-2-3-7
1443,1310,967,19.4,1443-2-3-9
1443,1310,968,19.4,1443-2-3-10
1443,4020,1279,13.0,1443-1-40-45
1443,4020,1280,13.0,1443-1-40-46
1443,4020,1281,13.0,1443-1-40-47
1443,4020,1283,13.0,1443-1-40-49
1443,4020,4021,13.0,1443-1-40-41
1443,4020,4022,13.0,1443-1-40-42
1443,4020,4024,13.0,1443-1-40-44
1443,4020,4259,13.0,1443-1-40-48
1443,4020,961,13.0,1443-1-40-43
1443,4021,1279,13.0,1443-1-41-45
1443,4021,1280,13.0,1443-1-41-46
1443,4021,1281,13.0,1443-1-41-47
1443,4021,1283,13.0,1443-1-41-49
1443,4021,4022,13.0,1443-1-41-42
1443,4021,4024,13.0,1443-1-41-44
1443,4021,4259,13.0,1443-1-41-48
1443,4021,961,13.0,1443-1-41-43
1443,4022,1279,13.0,1443-1-42-45
1443,4022,1280,13.0,1443-1-42-46
1443,4022,1281,13.0,1443-1-42-47
1443,4022,1283,13.0,1443-1-42-49
1443,4022,4024,13.0,1443-1-42-44
1443,4022,4259,13.0,1443-1-42-48
1443,4022,961,13.0,1443-1-42-43
1443,4024,1279,13.0,1443-1-44-45
1443,4024,1280,13.0,1443-1-44-46
1443,4024,1281,13.0,1443-1-44-47
1443,4024,1283,13.0,1443-1-44-49
1443,4024,4259,13.0,1443-1-44-48
1443,4174,1310,19.4,1443-2-2-3
1443,4174,193,19.4,1443-2-2-12
1443,4174,4232,19.4,1443-2-2-8
1443,4174,723,19.4,1443-2-2-4
1443,4174,9004,19.4,1443-2-2-6
1443,4174,9009,19.4,1443-2-2-11
1443,4174,966,19.4,1443-2-2-7
1443,4174,967,19.4,1443-2-2-9
1443,4174,968,19.4,1443-2-2-10
1443,4232,193,19.4,1443-2-8-12
1443,4232,9009,19.4,1443-2-8-11
1443,4232,967,19.4,1443-2-8-9
1443,4232,968,19.4,1443-2-8-10
1443,4259,1283,13.0,1443-1-48-49
1443,723,193,19.4,1443-2-4-12
1443,723,4232,19.4,1443-2-4-8
1443,723,9004,19.4,1443-2-4-6
1443,723,9009,19.4,1443-2-4-11
1443,723,966,19.4,1443-2-4-7
1443,723,967,19.4,1443-2-4-9
1443,723,968,19.4,1443-2-4-10
1443,9004,193,19.4,1443-2-6-12
1443,9004,4232,19.4,1443-2-6-8
1443,9004,9009,19.4,1443-2-6-11
1443,9004,966,19.4,1443-2-6-7
1443,9004,967,19.4,1443-2-6-9
1443,9004,968,19.4,1443-2-6-10
1443,9009,193,19.4,1443-2-11-12
1443,961,1279,13.0,1443-1-43-45
1443,961,1280,13.0,1443-1-43-46
1443,961,1281,13.0,1443-1-43-47
1443,961,1283,13.0,1443-1-43-49
1443,961,4024,13.0,1443-1-43-44
1443,961,4259,13.0,1443-1-43-48
1443,966,193,19.4,1443-2-7-12
1443,966,4232,19.4,1443-2-7-8
1443,966,9009,19.4,1443-2-7-11
1443,966,967,19.4,1443-2-7-9
1443,966,968,19.4,1443-2-7-10
1443,967,193,19.4,1443-2-9-12
1443,967,9009,19.4,1443-2-9-11
1443,967,968,19.4,1443-2-9-10
1443,968,193,19.4,1443-2-10-12
1443,968,9009,19.4,1443-2-10-11
1475,4147,13236,47.6,1475-1-16-20
1475,9015,13236,47.6,1475-1-15-20
1475,9015,4147,47.6,1475-1-15-16
1484,775,9014,12.2,1484-2-15-16
1484,9011,970,7.7,1484-1-21-22
1484,9012,775,12.2,1484-2-14-15
1484,9012,9014,12.2,1484-2-14-16
1484,9015,9011,7.7,1484-1-20-21
1484,9015,970,7.7,1484-1-20-22
1505,775,9014,12.2,1505-2-15-16
1505,9011,970,7.7,1505-1-10-11
1505,9012,775,12.2,1505-2-14-15
1505,9012,9014,12.2,1505-2-14-16
1505,9015,9011,7.7,1505-1-9-10
1505,9015,970,7.7,1505-1-9-11
1506,9011,970,7.7,1506-1-10-11
1506,9015,9011,7.7,1506-1-9-10
1506,9015,970,7.7,1506-1-9-11
1513,775,9014,14.7,1513-1-17-18
1513,9011,970,7.7,1513-2-16-17
1513,9012,775,14.7,1513-1-16-17
1513,9012,9014,14.7,1513-1-16-18
1513,9015,9011,7.7,1513-2-15-16
1513,9015,970,7.7,1513-2-15-17
1514,9011,970,7.7,1514-1-11-12
1514,9015,9011,7.7,1514-1-10-11
1514,9015,970,7.7,1514-1-10-12
1515,9011,970,7.7,1515-1-10-11
1515,9015,9011,7.7,1515-1-9-10
1515,9015,970,7.7,1515-1-9-11
1569,9011,970,7.7,1569-1-9-10
1569,9015,9011,7.7,1569-1-8-9
1569,9015,970,7.7,1569-1-8-10
1665,1164,13310,14.5,1665-2-16-17
1665,4049,1164,14.5,1665-2-14-16
1665,4049,13310,14.5,1665-2-14-17
1665,4049,4272,14.5,1665-2-14-15
1665,4052,970,7.7,1665-1-28-29
1665,4247,4052,7.7,1665-1-26-28
1665,4247,4248,7.7,1665-1-26-27
1665,4247,970,7.7,1665-1-26-29
1665,4248,4052,7.7,1665-1-27-28
1665,4248,970,7.7,1665-1-27-29
1665,4272,1164,14.5,1665-2-15-16
1665,4272,13310,14.5,1665-2-15-17
1667,10269,12481,7.7,1667-2-47-50
1667,10269,12746,7.7,1667-2-47-52
1667,10269,1279,7.7,1667-2-47-51
1667,10269,12939,7.7,1667-2-47-49
1667,10269,9000,7.7,1667-2-47-48
1667,12481,12746,7.7,1667-2-50-52
1667,12481,1279,7.7,1667-2-50-51
1667,12746,1289,18.1,1667-1-1-4
1667,12746,13310,18.1,1667-1-1-6
1667,12746,724,18.1,1667-1-1-5
1667,1279,12746,7.7,1667-2-51-52
1667,1289,13310,18.1,1667-1-4-6
1667,1289,724,18.1,1667-1-4-5
1667,12939,12481,7.7,1667-2-49-50
1667,12939,12746,7.7,1667-2-49-52
1667,12939,1279,7.7,1667-2-49-51
1667,724,13310,18.1,1667-1-5-6
1667,9000,12481,7.7,1667-2-48-50
1667,9000,12746,7.7,1667-2-48-52
1667,9000,1279,7.7,1667-2-48-51
1667,9000,12939,7.7,1667-2-48-49
1673,1279,1281,8.4,1673-2-16-18
1673,1279,1282,8.4,1673-2-16-19
1673,1279,13077,8.4,1673-2-16-17
1673,1281,1282,8.4,1673-2-18-19
1673,13077,1281,8.4,1673-2-17-18
1673,13077,1282,8.4,1673-2-17-19
1673,1310,4051,34.6,1673-1-2-7
1673,1310,4076,34.6,1673-1-2-6
1673,1310,723,34.6,1673-1-2-3
1673,1310,966,34.6,1673-1-2-5
1673,1310,968,34.6,1673-1-2-8
1673,1310,970,34.6,1673-1-2-9
1673,4022,1279,8.4,1673-2-12-16
1673,4022,1281,8.4,1673-2-12-18
1673,4022,1282,8.4,1673-2-12-19
1673,4022,13077,8.4,1673-2-12-17
1673,4022,4024,8.4,1673-2-12-15
1673,4022,7041,8.4,1673-2-12-14
1673,4022,961,8.4,1673-2-12-13
1673,4024,1279,8.4,1673-2-15-16
1673,4024,1281,8.4,1673-2-15-18
1673,4024,1282,8.4,1673-2-15-19
1673,4024,13077,8.4,1673-2-15-17
1673,4049,1279,8.4,1673-2-11-16
1673,4049,1281,8.4,1673-2-11-18
1673,4049,1282,8.4,1673-2-11-19
1673,4049,13077,8.4,1673-2-11-17
1673,4049,4022,8.4,1673-2-11-12
1673,4049,4024,8.4,1673-2-11-15
1673,4049,7041,8.4,1673-2-11-14
1673,4049,961,8.4,1673-2-11-13
1673,4051,968,34.6,1673-1-7-8
1673,4051,970,34.6,1673-1-7-9
1673,4076,4051,34.6,1673-1-6-7
1673,4076,968,34.6,1673-1-6-8
1673,4076,970,34.6,1673-1-6-9
1673,7041,1279,8.4,1673-2-14-16
1673,7041,1281,8.4,1673-2-14-18
1673,7041,1282,8.4,1673-2-14-19
1673,7041,13077,8.4,1673-2-14-17
1673,7041,4024,8.4,1673-2-14-15
1673,723,4051,34.6,1673-1-3-7
1673,723,4076,34.6,1673-1-3-6
1673,723,966,34.6,1673-1-3-5
1673,723,968,34.6,1673-1-3-8
1673,723,970,34.6,1673-1-3-9
1673,961,1279,8.4,1673-2-13-16
1673,961,1281,8.4,1673-2-13-18
1673,961,1282,8.4,1673-2-13-19
1673,961,13077,8.4,1673-2-13-17
1673,961,4024,8.4,1673-2-13-15
1673,961,7041,8.4,1673-2-13-14
1673,966,4051,34.6,1673-1-5-7
1673,966,4076,34.6,1673-1-5-6
1673,966,968,34.6,1673-1-5-8
1673,966,970,34.6,1673-1-5-9
1673,968,970,34.6,1673-1-8-9
1677,10269,1277,5.6,1677-1-25-27
1677,10269,1278,5.6,1677-1-25-28
1677,10269,1279,5.6,1677-1-25-29
1677,10269,1281,5.6,1677-1-25-31
1677,10269,1282,5.6,1677-1-25-32
1677,10269,13077,5.6,1677-1-25-30
1677,10269,9000,5.6,1677-1-25-26
1677,1164,10269,14.5,1677-1-24-25
1677,1164,1277,14.5,1677-1-24-27
1677,1164,1278,14.5,1677-1-24-28
1677,1164,1279,14.5,1677-1-24-29
1677,1164,1281,14.5,1677-1-24-31
1677,1164,1282,14.5,1677-1-24-32
1677,1164,13077,14.5,1677-1-24-30
1677,1164,9000,14.5,1677-1-24-26
1677,1277,1278,5.6,1677-1-27-28
1677,1277,1279,5.6,1677-1-27-29
1677,1277,1281,5.6,1677-1-27-31
1677,1277,1282,5.6,1677-1-27-32
1677,1277,13077,5.6,1677-1-27-30
1677,1278,1279,5.6,1677-1-28-29
1677,1278,1281,5.6,1677-1-28-31
1677,1278,1282,5.6,1677-1-28-32
1677,1278,13077,5.6,1677-1-28-30
1677,1279,1281,5.6,1677-1-29-31
1677,1279,1282,5.6,1677-1-29-32
1677,1279,13077,5.6,1677-1-29-30
1677,1281,1282,5.6,1677-1-31-32
1677,13077,1281,5.6,1677-1-30-31
1677,13077,1282,5.6,1677-1-30-32
1677,9000,1277,5.6,1677-1-26-27
1677,9000,1278,5.6,1677-1-26-28
1677,9000,1279,5.6,1677-1-26-29
1677,9000,1281,5.6,1677-1-26-31
1677,9000,1282,5.6,1677-1-26-32
1677,9000,13077,5.6,1677-1-26-30
1677,9038,10269,14.5,1677-1-23-25
1677,9038,1164,14.5,1677-1-23-24
1677,9038,1277,14.5,1677-1-23-27
1677,9038,1278,14.5,1677-1-23-28
1677,9038,1279,14.5,1677-1-23-29
1677,9038,1281,14.5,1677-1-23-31
1677,9038,1282,14.5,1677-1-23-32
1677,9038,13077,14.5,1677-1-23-30
1677,9038,9000,14.5,1677-1-23-26
1677,9039,10269,14.5,1677-1-22-25
1677,9039,1164,14.5,1677-1-22-24
1677,9039,1277,14.5,1677-1-22-27
1677,9039,1278,14.5,1677-1-22-28
1677,9039,1279,14.5,1677-1-22-29
1677,9039,1281,14.5,1677-1-22-31
1677,9039,1282,14.5,1677-1-22-32
1677,9039,13077,14.5,1677-1-22-30
1677,9039,9000,14.5,1677-1-22-26
1677,9039,9038,14.5,1677-1-22-23
1682,1164,10000345,14.5,1682-1-19-20
1682,1331,10000345,14.5,1682-1-18-20
1682,1331,1164,14.5,1682-1-18-19
1682,4247,1321,5.0,1682-2-12-14
1682,4247,4248,5.0,1682-2-12-13
1682,4248,1321,5.0,1682-2-13-14
1682,7082,10000345,14.5,1682-1-17-20
1682,7082,1164,14.5,1682-1-17-19
1682,7082,1331,14.5,1682-1-17-18
1688,1164,10000345,23.8,1688-1-19-20
1688,1321,9014,13.3,1688-2-16-17
1688,1331,10000345,23.8,1688-1-18-20
1688,1331,1164,23.8,1688-1-18-19
1688,4247,1321,13.3,1688-2-14-16
1688,4247,4248,13.3,1688-2-14-15
1688,4247,9014,13.3,1688-2-14-17
1688,4248,1321,13.3,1688-2-15-16
1688,4248,9014,13.3,1688-2-15-17
1688,7082,10000345,23.8,1688-1-17-20
1688,7082,1164,23.8,1688-1-17-19
1688,7082,1331,23.8,1688-1-17-18
1688,9015,10000345,23.8,1688-1-16-20
1688,9015,1164,23.8,1688-1-16-19
1688,9015,1331,23.8,1688-1-16-18
1688,9015,7082,23.8,1688-1-16-17
1689,216,775,17.8,1689-1-14-16
1689,216,9012,17.8,1689-1-14-15
1689,216,9014,17.8,1689-1-14-17
1689,775,9014,17.8,1689-1-16-17
1689,9011,970,9.8,1689-2-18-19
1689,9012,775,17.8,1689-1-15-16
1689,9012,9014,17.8,1689-1-15-17
1689,9015,9011,9.8,1689-2-17-18
1689,9015,970,9.8,1689-2-17-19
1695,4022,4024,8.3,1695-2-32-35
1695,4022,7041,8.3,1695-2-32-34
1695,4022,961,8.3,1695-2-32-33
1695,4027,968,23.8,1695-1-6-7
1695,4027,970,23.8,1695-1-6-8
1695,4049,4022,8.3,1695-2-31-32
1695,4049,4024,8.3,1695-2-31-35
1695,4049,7041,8.3,1695-2-31-34
1695,4049,961,8.3,1695-2-31-33
1695,4051,4027,23.8,1695-1-5-6
1695,4051,968,23.8,1695-1-5-7
1695,4051,970,23.8,1695-1-5-8
1695,4076,4027,23.8,1695-1-4-6
1695,4076,4051,23.8,1695-1-4-5
1695,4076,968,23.8,1695-1-4-7
1695,4076,970,23.8,1695-1-4-8
1695,7041,4024,8.3,1695-2-34-35
1695,9036,4022,8.3,1695-2-30-32
1695,9036,4024,8.3,1695-2-30-35
1695,9036,4049,8.3,1695-2-30-31
1695,9036,7041,8.3,1695-2-30-34
1695,9036,961,8.3,1695-2-30-33
1695,961,4024,8.3,1695-2-33-35
1695,961,7041,8.3,1695-2-33-34
1695,965,4027,23.8,1695-1-2-6
1695,965,4051,23.8,1695-1-2-5
1695,965,4076,23.8,1695-1-2-4
1695,965,966,23.8,1695-1-2-3
1695,965,968,23.8,1695-1-2-7
1695,965,970,23.8,1695-1-2-8
1695,966,4027,23.8,1695-1-3-6
1695,966,4051,23.8,1695-1-3-5
1695,966,4076,23.8,1695-1-3-4
1695,966,968,23.8,1695-1-3-7
1695,966,970,23.8,1695-1-3-8
1695,968,970,23.8,1695-1-7-8
1696,4022,4024,8.3,1696-2-38-41
1696,4022,7041,8.3,1696-2-38-40
1696,4022,961,8.3,1696-2-38-39
1696,4027,968,23.8,1696-1-6-7
1696,4027,970,23.8,1696-1-6-8
1696,4049,4022,8.3,1696-2-37-38
1696,4049,4024,8.3,1696-2-37-41
1696,4049,7041,8.3,1696-2-37-40
1696,4049,961,8.3,1696-2-37-39
1696,4051,4027,23.8,1696-1-5-6
1696,4051,968,23.8,1696-1-5-7
1696,4051,970,23.8,1696-1-5-8
1696,4076,4027,23.8,1696-1-4-6
1696,4076,4051,23.8,1696-1-4-5
1696,4076,968,23.8,1696-1-4-7
1696,4076,970,23.8,1696-1-4-8
1696,7041,4024,8.3,1696-2-40-41
1696,9036,4022,8.3,1696-2-36-38
1696,9036,4024,8.3,1696-2-36-41
1696,9036,4049,8.3,1696-2-36-37
1696,9036,7041,8.3,1696-2-36-40
1696,9036,961,8.3,1696-2-36-39
1696,961,4024,8.3,1696-2-39-41
1696,961,7041,8.3,1696-2-39-40
1696,965,4027,23.8,1696-1-2-6
1696,965,4051,23.8,1696-1-2-5
1696,965,4076,23.8,1696-1-2-4
1696,965,966,23.8,1696-1-2-3
1696,965,968,23.8,1696-1-2-7
1696,965,970,23.8,1696-1-2-8
1696,966,4027,23.8,1696-1-3-6
1696,966,4051,23.8,1696-1-3-5
1696,966,4076,23.8,1696-1-3-4
1696,966,968,23.8,1696-1-3-7
1696,966,970,23.8,1696-1-3-8
1696,968,970,23.8,1696-1-7-8
1697,1321,1322,12.4,1697-2-16-17
1697,4247,1321,12.4,1697-2-14-16
1697,4247,1322,12.4,1697-2-14-17
1697,4247,4248,12.4,1697-2-14-15
1697,4248,1321,12.4,1697-2-15-16
1697,4248,1322,12.4,1697-2-15-17
1697,9011,970,23.8,1697-1-23-24
1745,775,9014,12.2,1745-2-16-17
1745,9011,970,7.7,1745-1-20-21
1745,9012,775,12.2,1745-2-15-16
1745,9012,9014,12.2,1745-2-15-17
1745,9015,9011,7.7,1745-1-19-20
1745,9015,970,7.7,1745-1-19-21
1747,775,9014,12.2,1747-1-15-16
1747,9011,970,7.7,1747-2-17-18
1747,9012,775,12.2,1747-1-14-15
1747,9012,9014,12.2,1747-1-14-16
1747,9015,9011,7.7,1747-2-16-17
1747,9015,970,7.7,1747-2-16-18
1801,4052,970,7.7,1801-1-23-24
1801,4247,4052,7.7,1801-1-21-23
1801,4247,4248,7.7,1801-1-21-22
1801,4247,970,7.7,1801-1-21-24
1801,4248,4052,7.7,1801-1-22-23
1801,4248,970,7.7,1801-1-22-24
1802,1164,13310,14.5,1802-2-16-17
1802,4049,1164,14.5,1802-2-14-16
1802,4049,13310,14.5,1802-2-14-17
1802,4049,4272,14.5,1802-2-14-15
1802,4052,970,7.7,1802-1-25-26
1802,4247,4052,7.7,1802-1-23-25
1802,4247,4248,7.7,1802-1-23-24
1802,4247,970,7.7,1802-1-23-26
1802,4248,4052,7.7,1802-1-24-25
1802,4248,970,7.7,1802-1-24-26
1802,4272,1164,14.5,1802-2-15-16
1802,4272,13310,14.5,1802-2-15-17
1807,1164,10000345,40.8,1807-1-22-23
1807,1321,1322,7.3,1807-2-6-7
1807,1331,10000345,40.8,1807-1-21-23
1807,1331,1164,40.8,1807-1-21-22
1807,4247,1321,7.3,1807-2-4-6
1807,4247,1322,7.3,1807-2-4-7
1807,4247,4248,7.3,1807-2-4-5
1807,4248,1321,7.3,1807-2-5-6
1807,4248,1322,7.3,1807-2-5-7
1807,7082,10000345,40.8,1807-1-20-23
1807,7082,1164,40.8,1807-1-20-22
1807,7082,1331,40.8,1807-1-20-21
1808,1164,10000345,40.8,1808-1-22-23
1808,1331,10000345,40.8,1808-1-21-23
1808,1331,1164,40.8,1808-1-21-22
1808,7082,10000345,40.8,1808-1-20-23
1808,7082,1164,40.8,1808-1-20-22
1808,7082,1331,40.8,1808-1-20-21
1818,12352,13364,7.4,1818-1-26-27
1818,4022,12352,7.4,1818-1-23-26
1818,4022,13364,7.4,1818-1-23-27
1818,4022,4024,7.4,1818-1-23-25
1818,4022,961,7.4,1818-1-23-24
1818,4024,12352,7.4,1818-1-25-26
1818,4024,13364,7.4,1818-1-25-27
1818,9010,12352,7.4,1818-1-22-26
1818,9010,13364,7.4,1818-1-22-27
1818,9010,4022,7.4,1818-1-22-23
1818,9010,4024,7.4,1818-1-22-25
1818,9010,961,7.4,1818-1-22-24
1818,961,12352,7.4,1818-1-24-26
1818,961,13364,7.4,1818-1-24-27
1818,961,4024,7.4,1818-1-24-25
1992,12878,12726,25.0,1992-2-6-7
2000976,20000870,20007073,4.5,2000976-1-7-9
2000976,20000870,20019996,4.5,2000976-1-7-8
2000976,20019996,20007073,4.5,2000976-1-8-9
2000977,20000870,20007073,4.5,2000977-1-5-6
2000978,20000870,20007073,4.5,2000978-1-4-5
2000982,20000870,20007073,4.5,2000982-1-6-7
2000982,20007072,20000870,4.5,2000982-1-4-6
2000982,20007072,20007073,4.5,2000982-1-4-7
2000983,20007072,20007072,4.5,2000983-1-1-3
2001557,20000995,20002670,5.1,2001557-1-4-6
2001557,20000995,20003010,5.1,2001557-1-4-7
2001557,20000995,20003076,5.1,2001557-1-4-5
2001557,20002670,20003010,5.1,2001557-1-6-7
2001557,20002671,20000995,5.1,2001557-1-2-4
2001557,20002671,20002670,5.1,2001557-1-2-6
2001557,20002671,20003010,5.1,2001557-1-2-7
2001557,20002671,20003011,5.1,2001557-1-2-3
2001557,20002671,20003076,5.1,2001557-1-2-5
2001557,20003010,20000995,5.1,2001557-1-1-4
2001557,20003010,20002670,5.1,2001557-1-1-6
2001557,20003010,20002671,5.1,2001557-1-1-2
2001557,20003010,20003010,5.1,2001557-1-1-7
2001557,20003010,20003011,5.1,2001557-1-1-3
2001557,20003010,20003076,5.1,2001557-1-1-5
2001557,20003011,20000995,5.1,2001557-1-3-4
2001557,20003011,20002670,5.1,2001557-1-3-6
2001557,20003011,20003010,5.1,2001557-1-3-7
2001557,20003011,20003076,5.1,2001557-1-3-5
2001557,20003076,20002670,5.1,2001557-1-5-6
2001557,20003076,20003010,5.1,2001557-1-5-7
2002815,20000462,20010064,4.8,2002815-1-16-17
2002815,20000685,20000462,7.5,2002815-1-12-16
2002815,20000685,20000686,7.5,2002815-1-12-13
2002815,20000685,20000687,7.5,2002815-1-12-14
2002815,20000685,20000688,7.5,2002815-1-12-15
2002815,20000685,20010064,7.5,2002815-1-12-17
2002815,20000686,20000462,7.5,2002815-1-13-16
2002815,20000686,20000687,7.5,2002815-1-13-14
2002815,20000686,20000688,7.5,2002815-1-13-15
2002815,20000686,20010064,7.5,2002815-1-13-17
2002815,20000687,20000462,4.8,2002815-1-14-16
2002815,20000687,20000688,4.8,2002815-1-14-15
2002815,20000687,20010064,4.8,2002815-1-14-17
2002815,20000688,20000462,4.8,2002815-1-15-16
2002815,20000688,20010064,4.8,2002815-1-15-17
2002815,20000693,20000696,5.6,2002815-2-3-4
2002815,20000693,20000697,5.6,2002815-2-3-5
2002815,20000693,20000698,5.6,2002815-2-3-6
2002815,20000693,20000700,5.6,2002815-2-3-8
2002815,20000693,20011781,5.6,2002815-2-3-7
2002815,20000696,20000697,5.6,2002815-2-4-5
2002815,20000696,20000698,5.6,2002815-2-4-6
2002815,20000696,20000700,5.6,2002815-2-4-8
2002815,20000696,20011781,5.6,2002815-2-4-7
2002815,20000697,20000698,5.6,2002815-2-5-6
2002815,20000697,20000700,5.6,2002815-2-5-8
2002815,20000697,20011781,5.6,2002815-2-5-7
2002815,20000698,20000700,4.8,2002815-2-6-8
2002815,20000698,20011781,4.8,2002815-2-6-7
2002815,20009901,20000462,7.5,2002815-1-11-16
2002815,20009901,20000685,7.5,2002815-1-11-12
2002815,20009901,20000686,7.5,2002815-1-11-13
2002815,20009901,20000687,7.5,2002815-1-11-14
2002815,20009901,20000688,7.5,2002815-1-11-15
2002815,20009901,20010064,7.5,2002815-1-11-17
2002815,20011781,20000700,4.8,2002815-2-7-8
2002846,20000446,20000482,6.4,2002846-1-10-13
2002846,20000446,20000483,6.4,2002846-1-10-14
2002846,20000446,20000484,6.4,2002846-1-10-15
2002846,20000446,20009904,6.4,2002846-1-10-12
2002846,20000446,20010067,6.4,2002846-1-10-11
2002846,20000478,20000446,6.4,2002846-1-7-10
2002846,20000478,20000479,6.4,2002846-1-7-8
2002846,20000478,20000482,6.4,2002846-1-7-13
2002846,20000478,20000483,6.4,2002846-1-7-14
2002846,20000478,20000484,6.4,2002846-1-7-15
2002846,20000478,20009904,6.4,2002846-1-7-12
2002846,20000478,20010066,6.4,2002846-1-7-9
2002846,20000478,20010067,6.4,2002846-1-7-11
2002846,20000479,20000446,6.4,2002846-1-8-10
2002846,20000479,20000482,6.4,2002846-1-8-13
2002846,20000479,20000483,6.4,2002846-1-8-14
2002846,20000479,20000484,6.4,2002846-1-8-15
2002846,20000479,20009904,6.4,2002846-1-8-12
2002846,20000479,20010066,6.4,2002846-1-8-9
2002846,20000479,20010067,6.4,2002846-1-8-11
2002846,20000482,20000483,6.4,2002846-1-13-14
2002846,20000482,20000484,6.4,2002846-1-13-15
2002846,20000483,20000484,6.4,2002846-1-14-15
2002846,20000685,20000446,6.4,2002846-1-6-10
2002846,20000685,20000478,6.4,2002846-1-6-7
2002846,20000685,20000479,6.4,2002846-1-6-8
2002846,20000685,20000482,6.4,2002846-1-6-13
2002846,20000685,20000483,6.4,2002846-1-6-14
2002846,20000685,20000484,6.4,2002846-1-6-15
2002846,20000685,20009904,6.4,2002846-1-6-12
2002846,20000685,20010066,6.4,2002846-1-6-9
2002846,20000685,20010067,6.4,2002846-1-6-11
2002846,20009904,20000482,6.4,2002846-1-12-13
2002846,20009904,20000483,6.4,2002846-1-12-14
2002846,20009904,20000484,6.4,2002846-1-12-15
2002846,20010066,20000446,6.4,2002846-1-9-10
2002846,20010066,20000482,6.4,2002846-1-9-13
2002846,20010066,20000483,6.4,2002846-1-9-14
2002846,20010066,20000484,6.4,2002846-1-9-15
2002846,20010066,20009904,6.4,2002846-1-9-12
2002846,20010066,20010067,6.4,2002846-1-9-11
2002846,20010067,20000482,6.4,2002846-1-11-13
2002846,20010067,20000483,6.4,2002846-1-11-14
2002846,20010067,20000484,6.4,2002846-1-11-15
2002846,20010067,20009904,6.4,2002846-1-11-12
2002849,20000476,20007612,6.0,2002849-1-6-7
2002849,20000700,20000476,6.0,2002849-1-3-6
2002849,20000700,20007612,6.0,2002849-1-3-7
2002849,20007612,20000476,6.0,2002849-1-1-6
2002849,20007612,20000700,6.0,2002849-1-1-3
2002849,20007612,20007612,6.0,2002849-1-1-7
2002849,20007612,20010466,6.0,2002849-1-1-2
2002849,20010466,20000476,6.0,2002849-1-2-6
2002849,20010466,20000700,6.0,2002849-1-2-3
2002849,20010466,20007612,6.0,2002849-1-2-7
2002850,20000462,20000694,4.8,2002850-1-6-7
2002850,20000462,20000696,4.8,2002850-1-6-8
2002850,20000462,20000697,4.8,2002850-1-6-9
2002850,20000462,20000698,4.8,2002850-1-6-10
2002850,20000462,20000700,4.8,2002850-1-6-12
2002850,20000462,20010467,4.8,2002850-1-6-11
2002850,20000687,20000462,4.8,2002850-1-4-6
2002850,20000687,20000688,4.8,2002850-1-4-5
2002850,20000687,20000694,4.8,2002850-1-4-7
2002850,20000687,20000696,4.8,2002850-1-4-8
2002850,20000687,20000697,4.8,2002850-1-4-9
2002850,20000687,20000698,4.8,2002850-1-4-10
2002850,20000687,20000700,4.8,2002850-1-4-12
2002850,20000687,20010467,4.8,2002850-1-4-11
2002850,20000688,20000462,4.8,2002850-1-5-6
2002850,20000688,20000694,4.8,2002850-1-5-7
2002850,20000688,20000696,4.8,2002850-1-5-8
2002850,20000688,20000697,4.8,2002850-1-5-9
2002850,20000688,20000698,4.8,2002850-1-5-10
2002850,20000688,20000700,4.8,2002850-1-5-12
2002850,20000688,20010467,4.8,2002850-1-5-11
2002850,20000694,20000696,4.8,2002850-1-7-8
2002850,20000694,20000697,4.8,2002850-1-7-9
2002850,20000694,20000698,4.8,2002850-1-7-10
2002850,20000694,20000700,4.6,2002850-1-7-12
2002850,20000694,20010467,4.6,2002850-1-7-11
2002850,20000696,20000697,4.8,2002850-1-8-9
2002850,20000696,20000698,4.8,2002850-1-8-10
2002850,20000696,20000700,4.6,2002850-1-8-12
2002850,20000696,20010467,4.6,2002850-1-8-11
2002850,20000697,20000698,4.8,2002850-1-9-10
2002850,20000697,20000700,4.6,2002850-1-9-12
2002850,20000697,20010467,4.6,2002850-1-9-11
2002850,20000698,20000700,4.5,2002850-1-10-12
2002850,20000698,20010467,4.5,2002850-1-10-11
2002850,20010467,20000700,4.5,2002850-1-11-12
2003339,20000411,20000446,5.8,2003339-1-6-9
2003339,20000411,20006918,5.8,2003339-1-6-8
2003339,20000411,20012540,5.8,2003339-1-6-7
2003339,20002816,20000411,5.8,2003339-1-3-6
2003339,20002816,20000446,5.8,2003339-1-3-9
2003339,20002816,20006100,5.8,2003339-1-3-5
2003339,20002816,20006918,5.8,2003339-1-3-8
2003339,20002816,20006919,5.8,2003339-1-3-4
2003339,20002816,20012540,5.8,2003339-1-3-7
2003339,20006100,20000411,5.8,2003339-1-5-6
2003339,20006100,20000446,5.8,2003339-1-5-9
2003339,20006100,20006918,5.8,2003339-1-5-8
2003339,20006100,20012540,5.8,2003339-1-5-7
2003339,20006918,20000446,5.8,2003339-1-8-9
2003339,20006919,20000411,5.8,2003339-1-4-6
2003339,20006919,20000446,5.8,2003339-1-4-9
2003339,20006919,20006100,5.8,2003339-1-4-5
2003339,20006919,20006918,5.8,2003339-1-4-8
2003339,20006919,20012540,5.8,2003339-1-4-7
2003339,20012540,20000446,5.8,2003339-1-7-9
2003339,20012540,20006918,5.8,2003339-1-7-8
2003438,20000446,20000694,6.7,2003438-1-11-13
2003438,20000446,20006095,6.7,2003438-1-11-12
2003438,20000446,20007073,6.7,2003438-1-11-14
2003438,20000694,20007073,5.8,2003438-1-13-14
2003438,20002816,20000446,8.3,2003438-1-8-11
2003438,20002816,20000694,8.3,2003438-1-8-13
2003438,20002816,20006095,8.3,2003438-1-8-12
2003438,20002816,20006105,8.3,2003438-1-8-10
2003438,20002816,20006919,5.8,2003438-1-8-9
2003438,20002816,20007073,8.3,2003438-1-8-14
2003438,20004189,20000446,8.3,2003438-1-6-11
2003438,20004189,20000694,8.3,2003438-1-6-13
2003438,20004189,20002816,5.8,2003438-1-6-8
2003438,20004189,20006095,8.3,2003438-1-6-12
2003438,20004189,20006099,5.8,2003438-1-6-7
2003438,20004189,20006105,8.3,2003438-1-6-10
2003438,20004189,20006919,5.8,2003438-1-6-9
2003438,20004189,20007073,8.3,2003438-1-6-14
2003438,20006095,20000694,6.7,2003438-1-12-13
2003438,20006095,20007073,6.7,2003438-1-12-14
2003438,20006099,20000446,8.3,2003438-1-7-11
2003438,20006099,20000694,8.3,2003438-1-7-13
2003438,20006099,20002816,5.8,2003438-1-7-8
2003438,20006099,20006095,8.3,2003438-1-7-12
2003438,20006099,20006105,8.3,2003438-1-7-10
2003438,20006099,20006919,5.8,2003438-1-7-9
2003438,20006099,20007073,8.3,2003438-1-7-14
2003438,20006105,20000446,6.7,2003438-1-10-11
2003438,20006105,20000694,6.7,2003438-1-10-13
2003438,20006105,20006095,6.7,2003438-1-10-12
2003438,20006105,20007073,6.7,2003438-1-10-14
2003438,20006919,20000446,6.7,2003438-1-9-11
2003438,20006919,20000694,6.7,2003438-1-9-13
2003438,20006919,20006095,6.7,2003438-1-9-12
2003438,20006919,20006105,6.7,2003438-1-9-10
2003438,20006919,20007073,6.7,2003438-1-9-14
2003471,20002816,20006105,5.8,2003471-1-6-8
2003471,20002816,20006919,5.8,2003471-1-6-7
2003471,20004189,20002816,5.8,2003471-1-4-6
2003471,20004189,20006099,5.8,2003471-1-4-5
2003471,20004189,20006105,5.8,2003471-1-4-8
2003471,20004189,20006919,5.8,2003471-1-4-7
2003471,20006099,20002816,5.8,2003471-1-5-6
2003471,20006099,20006105,5.8,2003471-1-5-8
2003471,20006099,20006919,5.8,2003471-1-5-7
2003471,20006919,20006105,5.8,2003471-1-7-8
2004395,20012052,20012053,14.3,2004395-2-1-2
2004395,20012052,20012054,14.3,2004395-2-1-3
2004395,20012052,20012055,14.3,2004395-2-1-4
2004395,20012052,20012056,14.3,2004395-2-1-5
2004395,20012053,20012054,14.3,2004395-2-2-3
2004395,20012053,20012055,14.3,2004395-2-2-4
2004395,20012053,20012056,14.3,2004395-2-2-5
2004395,20012054,20012055,14.3,2004395-2-3-4
2004395,20012054,20012056,14.3,2004395-2-3-5
2004395,20012055,20012056,14.3,2004395-2-4-5
2004463,20000995,20012135,4.9,2004463-1-1-2
2004463,20000995,20012136,4.9,2004463-1-1-3
2004463,20012135,20012136,4.9,2004463-1-2-3
2004463,20012136,20000995,4.9,2004463-2-1-2
2006276,20000446,20014289,7.5,2006276-1-2-4
2006276,20000446,20014290,7.5,2006276-1-2-5
2006276,20000446,20014291,7.5,2006276-1-2-6
2006276,20000446,20019966,7.5,2006276-1-2-3
2006276,20006099,20006100,5.5,2006276-2-11-13
2006276,20006099,20014287,5.5,2006276-2-11-15
2006276,20006099,20014310,5.5,2006276-2-11-12
2006276,20006099,20014311,5.5,2006276-2-11-14
2006276,20006100,20014287,5.5,2006276-2-13-15
2006276,20006100,20014311,5.5,2006276-2-13-14
2006276,20014287,20000446,7.5,2006276-1-1-2
2006276,20014287,20014289,7.5,2006276-1-1-4
2006276,20014287,20014290,7.5,2006276-1-1-5
2006276,20014287,20014291,7.5,2006276-1-1-6
2006276,20014287,20019966,7.5,2006276-1-1-3
2006276,20014289,20014290,7.5,2006276-1-4-5
2006276,20014289,20014291,7.5,2006276-1-4-6
2006276,20014290,20014291,7.5,2006276-1-5-6
2006276,20014306,20006099,5.5,2006276-2-5-11
2006276,20014306,20006100,5.5,2006276-2-5-13
2006276,20014306,20014287,5.5,2006276-2-5-15
2006276,20014306,20014307,5.5,2006276-2-5-6
2006276,20014306,20014308,5.5,2006276-2-5-7
2006276,20014306,20014309,5.5,2006276-2-5-8
2006276,20014306,20014310,5.5,2006276-2-5-12
2006276,20014306,20014311,5.5,2006276-2-5-14
2006276,20014306,20019966,5.5,2006276-2-5-10
2006276,20014306,20019970,5.5,2006276-2-5-9
2006276,20014307,20006099,5.5,2006276-2-6-11
2006276,20014307,20006100,5.5,2006276-2-6-13
2006276,20014307,20014287,5.5,2006276-2-6-15
2006276,20014307,20014308,5.5,2006276-2-6-7
2006276,20014307,20014309,5.5,2006276-2-6-8
2006276,20014307,20014310,5.5,2006276-2-6-12
2006276,20014307,20014311,5.5,2006276-2-6-14
2006276,20014307,20019966,5.5,2006276-2-6-10
2006276,20014307,20019970,5.5,2006276-2-6-9
2006276,20014308,20006099,5.5,2006276-2-7-11
2006276,20014308,20006100,5.5,2006276-2-7-13
2006276,20014308,20014287,5.5,2006276-2-7-15
2006276,20014308,20014309,5.5,2006276-2-7-8
2006276,20014308,20014310,5.5,2006276-2-7-12
2006276,20014308,20014311,5.5,2006276-2-7-14
2006276,20014308,20019966,5.5,2006276-2-7-10
2006276,20014308,20019970,5.5,2006276-2-7-9
2006276,20014309,20006099,5.5,2006276-2-8-11
2006276,20014309,20006100,5.5,2006276-2-8-13
2006276,20014309,20014287,5.5,2006276-2-8-15
2006276,20014309,20014310,5.5,2006276-2-8-12
2006276,20014309,20014311,5.5,2006276-2-8-14
2006276,20014309,20019966,5.5,2006276-2-8-10
2006276,20014309,20019970,5.5,2006276-2-8-9
2006276,20014310,20006100,5.5,2006276-2-12-13
2006276,20014310,20014287,5.5,2006276-2-12-15
2006276,20014310,20014311,5.5,2006276-2-12-14
2006276,20014311,20014287,5.5,2006276-2-14-15
2006276,20019966,20006099,5.5,2006276-2-10-11
2006276,20019966,20006100,5.5,2006276-2-10-13
2006276,20019966,20014287,5.5,2006276-2-10-15
2006276,20019966,20014289,7.5,2006276-1-3-4
2006276,20019966,20014290,7.5,2006276-1-3-5
2006276,20019966,20014291,7.5,2006276-1-3-6
2006276,20019966,20014310,5.5,2006276-2-10-12
2006276,20019966,20014311,5.5,2006276-2-10-14
2006276,20019970,20006099,5.5,2006276-2-9-11
2006276,20019970,20006100,5.5,2006276-2-9-13
2006276,20019970,20014287,5.5,2006276-2-9-15
2006276,20019970,20014310,5.5,2006276-2-9-12
2006276,20019970,20014311,5.5,2006276-2-9-14
2006276,20019970,20019966,5.5,2006276-2-9-10
2006283,20000446,20014289,7.5,2006283-1-2-3
2006283,20014287,20000446,7.5,2006283-1-1-2
2006283,20014287,20014289,7.5,2006283-1-1-3
2006309,20000411,20014321,8.0,2006309-1-2-3
2006309,20000411,20014322,8.0,2006309-1-2-4
2006309,20000411,20014323,8.0,2006309-1-2-5
2006309,20000411,20014328,8.0,2006309-1-2-10
2006309,20014320,20000411,8.0,2006309-1-1-2
2006309,20014320,20014321,8.0,2006309-1-1-3
2006309,20014320,20014322,8.0,2006309-1-1-4
2006309,20014320,20014323,8.0,2006309-1-1-5
2006309,20014320,20014328,8.0,2006309-1-1-10
2006309,20014321,20014322,8.0,2006309-1-3-4
2006309,20014321,20014323,8.0,2006309-1-3-5
2006309,20014321,20014328,8.0,2006309-1-3-10
2006309,20014322,20014323,8.0,2006309-1-4-5
2006309,20014322,20014328,8.0,2006309-1-4-10
2006309,20014323,20014328,8.0,2006309-1-5-10
2006309,20014338,20014320,8.0,2006309-2-8-18
2006309,20014338,20014341,8.0,2006309-2-8-14
2006309,20014338,20014342,8.0,2006309-2-8-15
2006309,20014338,20014343,8.0,2006309-2-8-16
2006309,20014341,20014320,6.0,2006309-2-14-18
2006309,20014341,20014342,6.0,2006309-2-14-15
2006309,20014341,20014343,6.0,2006309-2-14-16
2006309,20014342,20014320,6.0,2006309-2-15-18
2006309,20014342,20014343,6.0,2006309-2-15-16
2006309,20014343,20014320,6.0,2006309-2-16-18
2006312,20000411,20014321,8.0,2006312-1-2-3
2006312,20000411,20014322,8.0,2006312-1-2-4
2006312,20000411,20014323,8.0,2006312-1-2-5
2006312,20000411,20014328,8.0,2006312-1-2-10
2006312,20014320,20000411,8.0,2006312-1-1-2
2006312,20014320,20014321,8.0,2006312-1-1-3
2006312,20014320,20014322,8.0,2006312-1-1-4
2006312,20014320,20014323,8.0,2006312-1-1-5
2006312,20014320,20014328,8.0,2006312-1-1-10
2006312,20014321,20014322,8.0,2006312-1-3-4
2006312,20014321,20014323,8.0,2006312-1-3-5
2006312,20014321,20014328,8.0,2006312-1-3-10
2006312,20014322,20014323,8.0,2006312-1-4-5
2006312,20014322,20014328,8.0,2006312-1-4-10
2006312,20014323,20014328,8.0,2006312-1-5-10
2006312,20014338,20014320,8.0,2006312-2-4-14
2006312,20014338,20014341,8.0,2006312-2-4-10
2006312,20014338,20014342,8.0,2006312-2-4-11
2006312,20014338,20014343,8.0,2006312-2-4-12
2006312,20014341,20014320,6.0,2006312-2-10-14
2006312,20014341,20014342,6.0,2006312-2-10-11
2006312,20014341,20014343,6.0,2006312-2-10-12
2006312,20014342,20014320,6.0,2006312-2-11-14
2006312,20014342,20014343,6.0,2006312-2-11-12
2006312,20014343,20014320,6.0,2006312-2-12-14
2006314,20000411,20014328,8.0,2006314-1-2-7
2006314,20014320,20000411,8.0,2006314-1-1-2
2006314,20014320,20014328,8.0,2006314-1-1-7
2006315,20000411,20014321,8.0,2006315-1-2-3
2006315,20000411,20014322,8.0,2006315-1-2-4
2006315,20000411,20014323,8.0,2006315-1-2-5
2006315,20000411,20014328,8.0,2006315-1-2-10
2006315,20014320,20000411,8.0,2006315-1-1-2
2006315,20014320,20014321,8.0,2006315-1-1-3
2006315,20014320,20014322,8.0,2006315-1-1-4
2006315,20014320,20014323,8.0,2006315-1-1-5
2006315,20014320,20014328,8.0,2006315-1-1-10
2006315,20014321,20014322,8.0,2006315-1-3-4
2006315,20014321,20014323,8.0,2006315-1-3-5
2006315,20014321,20014328,8.0,2006315-1-3-10
2006315,20014322,20014323,8.0,2006315-1-4-5
2006315,20014322,20014328,8.0,2006315-1-4-10
2006315,20014323,20014328,8.0,2006315-1-5-10
2006315,20014338,20014320,8.0,2006315-2-7-17
2006315,20014338,20014341,8.0,2006315-2-7-13
2006315,20014338,20014342,8.0,2006315-2-7-14
2006315,20014338,20014343,8.0,2006315-2-7-15
2006315,20014341,20014320,6.0,2006315-2-13-17
2006315,20014341,20014342,6.0,2006315-2-13-14
2006315,20014341,20014343,6.0,2006315-2-13-15
2006315,20014342,20014320,6.0,2006315-2-14-17
2006315,20014342,20014343,6.0,2006315-2-14-15
2006315,20014343,20014320,6.0,2006315-2-15-17
2006317,20000411,20014328,8.0,2006317-1-2-7
2006317,20014320,20000411,8.0,2006317-1-1-2
2006317,20014320,20014328,8.0,2006317-1-1-7
2009642,20014313,20014313,5.0,2009642-1-1-9
2010698,20003011,20021321,13.0,2010698-2-1-2
2010731,20003011,20021321,6.0,2010731-1-28-29
2010764,20003011,20003011,13.0,2010764-1-1-42
2010764,20003011,20021321,13.0,2010764-1-1-2
2010764,20021321,20003011,13.0,2010764-1-2-42
2011424,20000693,20000870,7.8,2011424-1-4-32
2011424,20000693,20010064,7.8,2011424-1-4-36
2011424,20000693,20013199,5.7,2011424-1-4-7
2011424,20000693,20013200,5.7,2011424-1-4-9
2011424,20000693,20013201,5.7,2011424-1-4-10
2011424,20000693,20013207,7.8,2011424-1-4-34
2011424,20000693,20013231,5.7,2011424-1-4-6
2011424,20000693,20013239,7.8,2011424-1-4-33
2011424,20000693,20020066,5.7,2011424-1-4-8
2011424,20000693,20022669,5.7,2011424-1-4-5
2011424,20000693,20022674,7.8,2011424-1-4-35
2011424,20000870,20010064,5.7,2011424-1-32-36
2011424,20000870,20013207,5.7,2011424-1-32-34
2011424,20000870,20013239,5.7,2011424-1-32-33
2011424,20000870,20022674,5.7,2011424-1-32-35
2011424,20013199,20000870,7.8,2011424-1-7-32
2011424,20013199,20010064,7.8,2011424-1-7-36
2011424,20013199,20013200,5.7,2011424-1-7-9
2011424,20013199,20013201,5.7,2011424-1-7-10
2011424,20013199,20013207,7.8,2011424-1-7-34
2011424,20013199,20013239,7.8,2011424-1-7-33
2011424,20013199,20020066,5.7,2011424-1-7-8
2011424,20013199,20022674,7.8,2011424-1-7-35
2011424,20013200,20000870,7.8,2011424-1-9-32
2011424,20013200,20010064,7.8,2011424-1-9-36
2011424,20013200,20013201,5.7,2011424-1-9-10
2011424,20013200,20013207,7.8,2011424-1-9-34
2011424,20013200,20013239,7.8,2011424-1-9-33
2011424,20013200,20022674,7.8,2011424-1-9-35
2011424,20013201,20000870,5.7,2011424-1-10-32
2011424,20013201,20010064,5.7,2011424-1-10-36
2011424,20013201,20013207,5.7,2011424-1-10-34
2011424,20013201,20013239,5.7,2011424-1-10-33
2011424,20013201,20022674,5.7,2011424-1-10-35
2011424,20013207,20010064,5.1,2011424-1-34-36
2011424,20013207,20022674,5.1,2011424-1-34-35
2011424,20013231,20000870,7.8,2011424-1-6-32
2011424,20013231,20010064,7.8,2011424-1-6-36
2011424,20013231,20013199,5.7,2011424-1-6-7
2011424,20013231,20013200,5.7,2011424-1-6-9
2011424,20013231,20013201,5.7,2011424-1-6-10
2011424,20013231,20013207,7.8,2011424-1-6-34
2011424,20013231,20013239,7.8,2011424-1-6-33
2011424,20013231,20020066,5.7,2011424-1-6-8
2011424,20013231,20022674,7.8,2011424-1-6-35
2011424,20013239,20010064,5.7,2011424-1-33-36
2011424,20013239,20013207,5.7,2011424-1-33-34
2011424,20013239,20022674,5.7,2011424-1-33-35
2011424,20020066,20000870,7.8,2011424-1-8-32
2011424,20020066,20010064,7.8,2011424-1-8-36
2011424,20020066,20013200,5.7,2011424-1-8-9
2011424,20020066,20013201,5.7,2011424-1-8-10
2011424,20020066,20013207,7.8,2011424-1-8-34
2011424,20020066,20013239,7.8,2011424-1-8-33
2011424,20020066,20022674,7.8,2011424-1-8-35
2011424,20022669,20000870,7.8,2011424-1-5-32
2011424,20022669,20010064,7.8,2011424-1-5-36
2011424,20022669,20013199,5.7,2011424-1-5-7
2011424,20022669,20013200,5.7,2011424-1-5-9
2011424,20022669,20013201,5.7,2011424-1-5-10
2011424,20022669,20013207,7.8,2011424-1-5-34
2011424,20022669,20013231,5.7,2011424-1-5-6
2011424,20022669,20013239,7.8,2011424-1-5-33
2011424,20022669,20020066,5.7,2011424-1-5-8
2011424,20022669,20022674,7.8,2011424-1-5-35
2011424,20022674,20010064,5.1,2011424-1-35-36
8009,1279,12746,5.8,8009-1-19-20
8009,4022,12746,5.8,8009-1-16-20
8009,4022,1279,5.8,8009-1-16-19
8009,4022,4024,5.8,8009-1-16-18
8009,4022,7041,5.8,8009-1-16-17
8009,4024,12746,5.8,8009-1-18-20
8009,4024,1279,5.8,8009-1-18-19
8009,4049,12746,5.8,8009-1-15-20
8009,4049,1279,5.8,8009-1-15-19
8009,4049,4022,5.8,8009-1-15-16
8009,4049,4024,5.8,8009-1-15-18
8009,4049,7041,5.8,8009-1-15-17
8009,7041,12746,5.8,8009-1-17-20
8009,7041,1279,5.8,8009-1-17-19
8009,7041,4024,5.8,8009-1-17-18
8009,9036,12746,5.8,8009-1-14-20
8009,9036,1279,5.8,8009-1-14-19
8009,9036,4022,5.8,8009-1-14-16
8009,9036,4024,5.8,8009-1-14-18
8009,9036,4049,5.8,8009-1-14-15
8009,9036,7041,5.8,8009-1-14-17
8012,12746,4027,10.2,8012-2-1-5
8012,12746,4076,10.2,8012-2-1-4
8012,12746,9009,10.2,8012-2-1-6
8012,12746,965,10.2,8012-2-1-3
8012,4022,12386,5.8,8012-1-12-14
8012,4022,961,5.8,8012-1-12-13
8012,4027,9009,10.2,8012-2-5-6
8012,4076,4027,10.2,8012-2-4-5
8012,4076,9009,10.2,8012-2-4-6
8012,9010,12386,5.8,8012-1-11-14
8012,9010,4022,5.8,8012-1-11-12
8012,9010,961,5.8,8012-1-11-13
8012,961,12386,5.8,8012-1-13-14
8012,965,4027,10.2,8012-2-3-5
8012,965,4076,10.2,8012-2-3-4
8012,965,9009,10.2,8012-2-3-6
8091,1279,1281,6.3,8091-1-17-19
8091,1279,1282,6.3,8091-1-17-20
8091,1279,1284,6.3,8091-1-17-21
8091,1279,13077,6.3,8091-1-17-18
8091,1281,1282,6.3,8091-1-19-20
8091,1281,1284,6.3,8091-1-19-21
8091,1282,1284,6.3,8091-1-20-21
8091,13077,1281,6.3,8091-1-18-19
8091,13077,1282,6.3,8091-1-18-20
8091,13077,1284,6.3,8091-1-18-21
8091,4022,1279,6.3,8091-1-13-17
8091,4022,1281,6.3,8091-1-13-19
8091,4022,1282,6.3,8091-1-13-20
8091,4022,1284,6.3,8091-1-13-21
8091,4022,13077,6.3,8091-1-13-18
8091,4022,4024,6.3,8091-1-13-16
8091,4022,7041,6.3,8091-1-13-15
8091,4022,961,6.3,8091-1-13-14
8091,4024,1279,6.3,8091-1-16-17
8091,4024,1281,6.3,8091-1-16-19
8091,4024,1282,6.3,8091-1-16-20
8091,4024,1284,6.3,8091-1-16-21
8091,4024,13077,6.3,8091-1-16-18
8091,7041,1279,6.3,8091-1-15-17
8091,7041,1281,6.3,8091-1-15-19
8091,7041,1282,6.3,8091-1-15-20
8091,7041,1284,6.3,8091-1-15-21
8091,7041,13077,6.3,8091-1-15-18
8091,7041,4024,6.3,8091-1-15-16
8091,7082,1279,6.3,8091-1-12-17
8091,7082,1281,6.3,8091-1-12-19
8091,7082,1282,6.3,8091-1-12-20
8091,7082,1284,6.3,8091-1-12-21
8091,7082,13077,6.3,8091-1-12-18
8091,7082,4022,6.3,8091-1-12-13
8091,7082,4024,6.3,8091-1-12-16
8091,7082,7041,6.3,8091-1-12-15
8091,7082,961,6.3,8091-1-12-14
8091,961,1279,6.3,8091-1-14-17
8091,961,1281,6.3,8091-1-14-19
8091,961,1282,6.3,8091-1-14-20
8091,961,1284,6.3,8091-1-14-21
8091,961,13077,6.3,8091-1-14-18
8091,961,4024,6.3,8091-1-14-16
8091,961,7041,6.3,8091-1-14-15
8097,1164,13310,7.4,8097-1-24-25
8097,1331,1164,7.4,8097-1-23-24
8097,1331,13310,7.4,8097-1-23-25
8097,9010,1164,7.4,8097-1-22-24
8097,9010,1331,7.4,8097-1-22-23
8097,9010,13310,7.4,8097-1-22-25
8114,1279,1280,6.7,8114-2-2-3
8114,1279,1283,6.7,8114-2-2-5
8114,1279,4132,6.7,8114-2-2-4
8114,1280,1283,6.7,8114-2-3-5
8114,1280,4132,6.7,8114-2-3-4
8114,12885,1310,6.7,8114-1-20-21
8114,12885,723,6.7,8114-1-20-22
8114,1310,723,6.7,8114-1-21-22
8114,4132,1283,6.7,8114-2-4-5
8115,12352,1289,8.6,8115-1-15-16
8115,12885,12352,8.6,8115-1-11-15
8115,12885,1289,8.6,8115-1-11-16
8115,12885,1310,8.6,8115-1-11-12
8115,12885,723,8.6,8115-1-11-13
8115,1310,12352,8.6,8115-1-12-15
8115,1310,1289,8.6,8115-1-12-16
8115,1310,723,8.6,8115-1-12-13
8115,723,12352,8.6,8115-1-13-15
8115,723,1289,8.6,8115-1-13-16
8126,1279,12746,7.4,8126-1-24-25
8126,4020,12746,7.4,8126-1-20-25
8126,4020,1279,7.4,8126-1-20-24
8126,4020,4021,7.4,8126-1-20-21
8126,4020,4024,7.4,8126-1-20-23
8126,4020,4231,7.4,8126-1-20-22
8126,4021,12746,7.4,8126-1-21-25
8126,4021,1279,7.4,8126-1-21-24
8126,4021,4024,7.4,8126-1-21-23
8126,4021,4231,7.4,8126-1-21-22
8126,4024,12746,7.4,8126-1-23-25
8126,4024,1279,7.4,8126-1-23-24
8126,4231,12746,7.4,8126-1-22-25
8126,4231,1279,7.4,8126-1-22-24
8126,4231,4024,7.4,8126-1-22-23
8127,1279,12746,7.4,8127-1-24-25
8127,4020,12746,7.4,8127-1-20-25
8127,4020,1279,7.4,8127-1-20-24
8127,4020,4021,7.4,8127-1-20-21
8127,4020,4024,7.4,8127-1-20-23
8127,4020,4231,7.4,8127-1-20-22
8127,4021,12746,7.4,8127-1-21-25
8127,4021,1279,7.4,8127-1-21-24
8127,4021,4024,7.4,8127-1-21-23
8127,4021,4231,7.4,8127-1-21-22
8127,4024,12746,7.4,8127-1-23-25
8127,4024,1279,7.4,8127-1-23-24
8127,4231,12746,7.4,8127-1-22-25
8127,4231,1279,7.4,8127-1-22-24
8127,4231,4024,7.4,8127-1-22-23
8150,12746,193,20.8,8150-1-1-7
8150,12746,4050,20.8,8150-1-1-3
8150,12746,4232,20.8,8150-1-1-4
8150,12746,9003,20.8,8150-1-1-5
8150,12746,9004,20.8,8150-1-1-2
8150,12746,968,20.8,8150-1-1-6
8150,4050,193,20.8,8150-1-3-7
8150,4050,4232,20.8,8150-1-3-4
8150,4050,9003,20.8,8150-1-3-5
8150,4050,968,20.8,8150-1-3-6
8150,4232,193,20.8,8150-1-4-7
8150,4232,9003,20.8,8150-1-4-5
8150,4232,968,20.8,8150-1-4-6
8150,9003,193,20.8,8150-1-5-7
8150,9003,968,20.8,8150-1-5-6
8150,9004,193,20.8,8150-1-2-7
8150,9004,4050,20.8,8150-1-2-3
8150,9004,4232,20.8,8150-1-2-4
8150,9004,9003,20.8,8150-1-2-5
8150,9004,968,20.8,8150-1-2-6
8150,968,193,20.8,8150-1-6-7
8177,10269,12746,12.2,8177-1-19-23
8177,10269,1278,12.2,8177-1-19-21
8177,10269,1279,12.2,8177-1-19-22
8177,10269,12911,12.2,8177-1-19-20
8177,1164,10269,12.2,8177-1-18-19
8177,1164,12746,12.2,8177-1-18-23
8177,1164,1278,12.2,8177-1-18-21
8177,1164,1279,12.2,8177-1-18-22
8177,1164,12911,12.2,8177-1-18-20
8177,1278,12746,12.2,8177-1-21-23
8177,1278,1279,12.2,8177-1-21-22
8177,1279,12746,12.2,8177-1-22-23
8177,12911,12746,12.2,8177-1-20-23
8177,12911,1278,12.2,8177-1-20-21
8177,12911,1279,12.2,8177-1-20-22
8177,4272,10269,12.2,8177-1-17-19
8177,4272,1164,12.2,8177-1-17-18
8177,4272,12746,12.2,8177-1-17-23
8177,4272,1278,12.2,8177-1-17-21
8177,4272,1279,12.2,8177-1-17-22
8177,4272,12911,12.2,8177-1-17-20
8177,7082,10269,12.2,8177-1-16-19
8177,7082,1164,12.2,8177-1-16-18
8177,7082,12746,12.2,8177-1-16-23
8177,7082,1278,12.2,8177-1-16-21
8177,7082,1279,12.2,8177-1-16-22
8177,7082,12911,12.2,8177-1-16-20
8177,7082,4272,12.2,8177-1-16-17
8177,9015,10269,7.7,8177-1-15-19
8177,9015,1164,7.7,8177-1-15-18
8177,9015,12746,7.7,8177-1-15-23
8177,9015,1278,7.7,8177-1-15-21
8177,9015,1279,7.7,8177-1-15-22
8177,9015,12911,7.7,8177-1-15-20
8177,9015,4272,7.7,8177-1-15-17
8177,9015,7082,7.7,8177-1-15-16
8198,4247,4028,8.1,8198-1-12-15
8198,4247,9002,8.1,8198-1-12-13
8198,4247,968,8.1,8198-1-12-14
8198,9002,4028,8.1,8198-1-13-15
8198,9002,968,8.1,8198-1-13-14
8198,968,4028,8.1,8198-1-14-15
8199,12352,10000345,18.0,8199-2-2-5
8199,12352,1289,18.0,8199-2-2-3
8199,12352,724,18.0,8199-2-2-4
8199,12746,10000345,18.0,8199-2-1-5
8199,12746,12352,18.0,8199-2-1-2
8199,12746,1289,18.0,8199-2-1-3
8199,12746,724,18.0,8199-2-1-4
8199,1277,12746,18.0,8199-1-14-16
8199,1277,1279,18.0,8199-1-14-15
8199,1279,12746,18.0,8199-1-15-16
8199,1289,10000345,18.0,8199-2-3-5
8199,1289,724,18.0,8199-2-3-4
8199,12911,12746,18.0,8199-1-13-16
8199,12911,1277,18.0,8199-1-13-14
8199,12911,1279,18.0,8199-1-13-15
8199,724,10000345,18.0,8199-2-4-5
8203,1164,13341,5.8,8203-1-20-21
8203,1320,9009,16.2,8203-2-3-5
8203,1320,968,16.2,8203-2-3-4
8203,1331,1164,5.8,8203-1-19-20
8203,1331,13341,5.8,8203-1-19-21
8203,13341,1320,16.2,8203-2-1-3
8203,13341,4247,16.2,8203-2-1-2
8203,13341,9009,16.2,8203-2-1-5
8203,13341,968,16.2,8203-2-1-4
8203,4247,1320,16.2,8203-2-2-3
8203,4247,9009,16.2,8203-2-2-5
8203,4247,968,16.2,8203-2-2-4
8203,9010,1164,5.8,8203-1-18-20
8203,9010,1331,5.8,8203-1-18-19
8203,9010,13341,5.8,8203-1-18-21
8203,968,9009,16.2,8203-2-4-5
8220,4147,13236,47.6,8220-1-16-20
8220,9015,13236,47.6,8220-1-15-20
8220,9015,4147,47.6,8220-1-15-16
8221,1278,1279,47.6,8221-1-8-9
8221,1278,9014,47.6,8221-1-8-10
8221,1279,9014,47.6,8221-1-9-10
8221,13236,1278,47.6,8221-1-1-8
8221,13236,1279,47.6,8221-1-1-9
8221,13236,4028,47.6,8221-1-1-3
8221,13236,4232,47.6,8221-1-1-2
8221,13236,9000,47.6,8221-1-1-7
8221,13236,9014,47.6,8221-1-1-10
8221,4028,1278,47.6,8221-1-3-8
8221,4028,1279,47.6,8221-1-3-9
8221,4028,9000,47.6,8221-1-3-7
8221,4028,9014,47.6,8221-1-3-10
8221,4232,1278,47.6,8221-1-2-8
8221,4232,1279,47.6,8221-1-2-9
8221,4232,4028,47.6,8221-1-2-3
8221,4232,9000,47.6,8221-1-2-7
8221,4232,9014,47.6,8221-1-2-10
8221,9000,1278,47.6,8221-1-7-8
8221,9000,1279,47.6,8221-1-7-9
8221,9000,9014,47.6,8221-1-7-10
8229,12746,13137,10.2,8229-2-1-7
8229,12746,13310,10.2,8229-2-1-8
8229,12746,4028,10.2,8229-2-1-6
8229,12746,4232,10.2,8229-2-1-4
8229,12746,966,10.2,8229-2-1-3
8229,12746,967,10.2,8229-2-1-5
8229,1279,12746,7.4,8229-1-15-16
8229,13137,13310,10.2,8229-2-7-8
8229,4024,12746,7.4,8229-1-14-16
8229,4024,1279,7.4,8229-1-14-15
8229,4028,13137,10.2,8229-2-6-7
8229,4028,13310,10.2,8229-2-6-8
8229,4231,12746,7.4,8229-1-13-16
8229,4231,1279,7.4,8229-1-13-15
8229,4231,4024,7.4,8229-1-13-14
8229,4232,13137,10.2,8229-2-4-7
8229,4232,13310,10.2,8229-2-4-8
8229,4232,4028,10.2,8229-2-4-6
8229,4232,967,10.2,8229-2-4-5
8229,966,13137,10.2,8229-2-3-7
8229,966,13310,10.2,8229-2-3-8
8229,966,4028,10.2,8229-2-3-6
8229,966,4232,10.2,8229-2-3-4
8229,966,967,10.2,8229-2-3-5
8229,967,13137,10.2,8229-2-5-7
8229,967,13310,10.2,8229-2-5-8
8229,967,4028,10.2,8229-2-5-6
8239,12878,12726,25.0,8239-2-5-6
8240,1279,4148,7.4,8240-1-24-25
8240,4020,1279,7.4,8240-1-20-24
8240,4020,4021,7.4,8240-1-20-21
8240,4020,4024,7.4,8240-1-20-23
8240,4020,4148,7.4,8240-1-20-25
8240,4020,4231,7.4,8240-1-20-22
8240,4021,1279,7.4,8240-1-21-24
8240,4021,4024,7.4,8240-1-21-23
8240,4021,4148,7.4,8240-1-21-25
8240,4021,4231,7.4,8240-1-21-22
8240,4024,1279,7.4,8240-1-23-24
8240,4024,4148,7.4,8240-1-23-25
8240,4231,1279,7.4,8240-1-22-24
8240,4231,4024,7.4,8240-1-22-23
8240,4231,4148,7.4,8240-1-22-25
8242,1279,4148,7.4,8242-1-19-20
8242,4020,1279,7.4,8242-1-15-19
8242,4020,4021,7.4,8242-1-15-16
8242,4020,4024,7.4,8242-1-15-18
8242,4020,4148,7.4,8242-1-15-20
8242,4020,4231,7.4,8242-1-15-17
8242,4021,1279,7.4,8242-1-16-19
8242,4021,4024,7.4,8242-1-16-18
8242,4021,4148,7.4,8242-1-16-20
8242,4021,4231,7.4,8242-1-16-17
8242,4024,1279,7.4,8242-1-18-19
8242,4024,4148,7.4,8242-1-18-20
8242,4231,1279,7.4,8242-1-17-19
8242,4231,4024,7.4,8242-1-17-18
8242,4231,4148,7.4,8242-1-17-20
8243,1279,1284,5.8,8243-1-19-21
8243,1279,4148,5.8,8243-1-19-20
8243,1284,1310,10.1,8243-2-1-2
8243,1284,4027,10.1,8243-2-1-7
8243,1284,4028,10.1,8243-2-1-8
8243,1284,4076,10.1,8243-2-1-6
8243,1284,723,10.1,8243-2-1-3
8243,1284,965,10.1,8243-2-1-5
8243,1310,4027,10.1,8243-2-2-7
8243,1310,4028,10.1,8243-2-2-8
8243,1310,4076,10.1,8243-2-2-6
8243,1310,723,10.1,8243-2-2-3
8243,1310,965,10.1,8243-2-2-5
8243,4020,1279,5.8,8243-1-15-19
8243,4020,1284,5.8,8243-1-15-21
8243,4020,4021,5.8,8243-1-15-16
8243,4020,4024,5.8,8243-1-15-18
8243,4020,4148,5.8,8243-1-15-20
8243,4020,4231,5.8,8243-1-15-17
8243,4021,1279,5.8,8243-1-16-19
8243,4021,1284,5.8,8243-1-16-21
8243,4021,4024,5.8,8243-1-16-18
8243,4021,4148,5.8,8243-1-16-20
8243,4021,4231,5.8,8243-1-16-17
8243,4024,1279,5.8,8243-1-18-19
8243,4024,1284,5.8,8243-1-18-21
8243,4024,4148,5.8,8243-1-18-20
8243,4027,4028,10.1,8243-2-7-8
8243,4076,4027,10.1,8243-2-6-7
8243,4076,4028,10.1,8243-2-6-8
8243,4148,1284,5.8,8243-1-20-21
8243,4231,1279,5.8,8243-1-17-19
8243,4231,1284,5.8,8243-1-17-21
8243,4231,4024,5.8,8243-1-17-18
8243,4231,4148,5.8,8243-1-17-20
8243,723,4027,10.1,8243-2-3-7
8243,723,4028,10.1,8243-2-3-8
8243,723,4076,10.1,8243-2-3-6
8243,723,965,10.1,8243-2-3-5
8243,965,4027,10.1,8243-2-5-7
8243,965,4028,10.1,8243-2-5-8
8243,965,4076,10.1,8243-2-5-6
8247,1279,1280,7.4,8247-1-17-18
8247,1279,1281,7.4,8247-1-17-19
8247,1279,1283,7.4,8247-1-17-20
8247,1279,1284,7.4,8247-1-17-21
8247,1280,1281,7.4,8247-1-18-19
8247,1280,1283,7.4,8247-1-18-20
8247,1280,1284,7.4,8247-1-18-21
8247,1281,1283,7.4,8247-1-19-20
8247,1281,1284,7.4,8247-1-19-21
8247,1283,1284,7.4,8247-1-20-21
8247,4022,1279,7.4,8247-1-13-17
8247,4022,1280,7.4,8247-1-13-18
8247,4022,1281,7.4,8247-1-13-19
8247,4022,1283,7.4,8247-1-13-20
8247,4022,1284,7.4,8247-1-13-21
8247,4022,4024,7.4,8247-1-13-16
8247,4022,4231,7.4,8247-1-13-14
8247,4022,7041,7.4,8247-1-13-15
8247,4024,1279,7.4,8247-1-16-17
8247,4024,1280,7.4,8247-1-16-18
8247,4024,1281,7.4,8247-1-16-19
8247,4024,1283,7.4,8247-1-16-20
8247,4024,1284,7.4,8247-1-16-21
8247,4231,1279,7.4,8247-1-14-17
8247,4231,1280,7.4,8247-1-14-18
8247,4231,1281,7.4,8247-1-14-19
8247,4231,1283,7.4,8247-1-14-20
8247,4231,1284,7.4,8247-1-14-21
8247,4231,4024,7.4,8247-1-14-16
8247,4231,7041,7.4,8247-1-14-15
8247,7041,1279,7.4,8247-1-15-17
8247,7041,1280,7.4,8247-1-15-18
8247,7041,1281,7.4,8247-1-15-19
8247,7041,1283,7.4,8247-1-15-20
8247,7041,1284,7.4,8247-1-15-21
8247,7041,4024,7.4,8247-1-15-16
8247,7082,1279,7.4,8247-1-12-17
8247,7082,1280,7.4,8247-1-12-18
8247,7082,1281,7.4,8247-1-12-19
8247,7082,1283,7.4,8247-1-12-20
8247,7082,1284,7.4,8247-1-12-21
8247,7082,4022,7.4,8247-1-12-13
8247,7082,4024,7.4,8247-1-12-16
8247,7082,4231,7.4,8247-1-12-14
8247,7082,7041,7.4,8247-1-12-15
8248,1279,1280,7.4,8248-1-14-15
8248,1279,1281,7.4,8248-1-14-16
8248,1279,1283,7.4,8248-1-14-17
8248,1279,1284,7.4,8248-1-14-18
8248,1280,1281,7.4,8248-1-15-16
8248,1280,1283,7.4,8248-1-15-17
8248,1280,1284,7.4,8248-1-15-18
8248,1281,1283,7.4,8248-1-16-17
8248,1281,1284,7.4,8248-1-16-18
8248,1283,1284,7.4,8248-1-17-18
8248,4022,1279,7.4,8248-1-10-14
8248,4022,1280,7.4,8248-1-10-15
8248,4022,1281,7.4,8248-1-10-16
8248,4022,1283,7.4,8248-1-10-17
8248,4022,1284,7.4,8248-1-10-18
8248,4022,4024,7.4,8248-1-10-13
8248,4022,4231,7.4,8248-1-10-11
8248,4022,7041,7.4,8248-1-10-12
8248,4024,1279,7.4,8248-1-13-14
8248,4024,1280,7.4,8248-1-13-15
8248,4024,1281,7.4,8248-1-13-16
8248,4024,1283,7.4,8248-1-13-17
8248,4024,1284,7.4,8248-1-13-18
8248,4231,1279,7.4,8248-1-11-14
8248,4231,1280,7.4,8248-1-11-15
8248,4231,1281,7.4,8248-1-11-16
8248,4231,1283,7.4,8248-1-11-17
8248,4231,1284,7.4,8248-1-11-18
8248,4231,4024,7.4,8248-1-11-13
8248,4231,7041,7.4,8248-1-11-12
8248,7041,1279,7.4,8248-1-12-14
8248,7041,1280,7.4,8248-1-12-15
8248,7041,1281,7.4,8248-1-12-16
8248,7041,1283,7.4,8248-1-12-17
8248,7041,1284,7.4,8248-1-12-18
8248,7041,4024,7.4,8248-1-12-13
8248,7082,1279,7.4,8248-1-9-14
8248,7082,1280,7.4,8248-1-9-15
8248,7082,1281,7.4,8248-1-9-16
8248,7082,1283,7.4,8248-1-9-17
8248,7082,1284,7.4,8248-1-9-18
8248,7082,4022,7.4,8248-1-9-10
8248,7082,4024,7.4,8248-1-9-13
8248,7082,4231,7.4,8248-1-9-11
8248,7082,7041,7.4,8248-1-9-12
8249,1284,1310,11.3,8249-1-1-2
8249,1284,1322,11.3,8249-1-1-9
8249,1284,4232,11.3,8249-1-1-6
8249,1284,723,11.3,8249-1-1-3
8249,1284,9003,11.3,8249-1-1-7
8249,1284,9012,11.3,8249-1-1-8
8249,1284,966,11.3,8249-1-1-5
8249,1310,1322,11.3,8249-1-2-9
8249,1310,4232,11.3,8249-1-2-6
8249,1310,723,11.3,8249-1-2-3
8249,1310,9003,11.3,8249-1-2-7
8249,1310,9012,11.3,8249-1-2-8
8249,1310,966,11.3,8249-1-2-5
8249,4232,1322,11.3,8249-1-6-9
8249,4232,9003,11.3,8249-1-6-7
8249,4232,9012,11.3,8249-1-6-8
8249,723,1322,11.3,8249-1-3-9
8249,723,4232,11.3,8249-1-3-6
8249,723,9003,11.3,8249-1-3-7
8249,723,9012,11.3,8249-1-3-8
8249,723,966,11.3,8249-1-3-5
8249,9003,1322,11.3,8249-1-7-9
8249,9003,9012,11.3,8249-1-7-8
8249,9012,1322,11.3,8249-1-8-9
8249,966,1322,11.3,8249-1-5-9
8249,966,4232,11.3,8249-1-5-6
8249,966,9003,11.3,8249-1-5-7
8249,966,9012,11.3,8249-1-5-8
8264,12386,12746,5.8,8264-1-19-21
8264,12386,1279,5.8,8264-1-19-20
8264,12746,13137,9.0,8264-2-1-7
8264,12746,4027,9.0,8264-2-1-5
8264,12746,4028,9.0,8264-2-1-6
8264,12746,4076,9.0,8264-2-1-4
8264,12746,965,9.0,8264-2-1-3
8264,1279,12746,5.8,8264-1-20-21
8264,4022,12386,5.8,8264-1-17-19
8264,4022,12746,5.8,8264-1-17-21
8264,4022,1279,5.8,8264-1-17-20
8264,4022,961,5.8,8264-1-17-18
8264,4027,13137,9.0,8264-2-5-7
8264,4027,4028,9.0,8264-2-5-6
8264,4028,13137,9.0,8264-2-6-7
8264,4076,13137,9.0,8264-2-4-7
8264,4076,4027,9.0,8264-2-4-5
8264,4076,4028,9.0,8264-2-4-6
8264,9010,12386,5.8,8264-1-16-19
8264,9010,12746,5.8,8264-1-16-21
8264,9010,1279,5.8,8264-1-16-20
8264,9010,4022,5.8,8264-1-16-17
8264,9010,961,5.8,8264-1-16-18
8264,961,12386,5.8,8264-1-18-19
8264,961,12746,5.8,8264-1-18-21
8264,961,1279,5.8,8264-1-18-20
8264,965,13137,9.0,8264-2-3-7
8264,965,4027,9.0,8264-2-3-5
8264,965,4028,9.0,8264-2-3-6
8264,965,4076,9.0,8264-2-3-4
8277,1284,1310,10.3,8277-1-1-2
8277,1284,1322,10.3,8277-1-1-9
8277,1284,4232,10.3,8277-1-1-6
8277,1284,723,10.3,8277-1-1-3
8277,1284,9003,10.3,8277-1-1-7
8277,1284,9012,10.3,8277-1-1-8
8277,1284,966,10.3,8277-1-1-5
8277,1310,1322,10.3,8277-1-2-9
8277,1310,4232,10.3,8277-1-2-6
8277,1310,723,10.3,8277-1-2-3
8277,1310,9003,10.3,8277-1-2-7
8277,1310,9012,10.3,8277-1-2-8
8277,1310,966,10.3,8277-1-2-5
8277,4232,1322,10.3,8277-1-6-9
8277,4232,9003,10.3,8277-1-6-7
8277,4232,9012,10.3,8277-1-6-8
8277,723,1322,10.3,8277-1-3-9
8277,723,4232,10.3,8277-1-3-6
8277,723,9003,10.3,8277-1-3-7
8277,723,9012,10.3,8277-1-3-8
8277,723,966,10.3,8277-1-3-5
8277,9003,1322,10.3,8277-1-7-9
8277,9003,9012,10.3,8277-1-7-8
8277,9012,1322,10.3,8277-1-8-9
8277,966,1322,10.3,8277-1-5-9
8277,966,4232,10.3,8277-1-5-6
8277,966,9003,10.3,8277-1-5-7
8277,966,9012,10.3,8277-1-5-8
8318,4020,4021,7.4,8318-1-13-14
8318,4020,4024,7.4,8318-1-13-16
8318,4020,4231,7.4,8318-1-13-15
8318,4021,4024,7.4,8318-1-14-16
8318,4021,4231,7.4,8318-1-14-15
8318,4231,4024,7.4,8318-1-15-16
8332,12746,193,16.9,8332-2-1-7
8332,12746,4050,16.9,8332-2-1-3
8332,12746,4232,16.9,8332-2-1-4
8332,12746,9004,16.9,8332-2-1-2
8332,12746,967,16.9,8332-2-1-5
8332,12746,968,16.9,8332-2-1-6
8332,1279,12746,7.4,8332-1-21-22
8332,4022,12746,7.4,8332-1-18-22
8332,4022,1279,7.4,8332-1-18-21
8332,4022,4024,7.4,8332-1-18-20
8332,4022,7041,7.4,8332-1-18-19
8332,4024,12746,7.4,8332-1-20-22
8332,4024,1279,7.4,8332-1-20-21
8332,4050,193,16.9,8332-2-3-7
8332,4050,4232,16.9,8332-2-3-4
8332,4050,967,16.9,8332-2-3-5
8332,4050,968,16.9,8332-2-3-6
8332,4232,193,16.9,8332-2-4-7
8332,4232,967,16.9,8332-2-4-5
8332,4232,968,16.9,8332-2-4-6
8332,7041,12746,7.4,8332-1-19-22
8332,7041,1279,7.4,8332-1-19-21
8332,7041,4024,7.4,8332-1-19-20
8332,9004,193,16.9,8332-2-2-7
8332,9004,4050,16.9,8332-2-2-3
8332,9004,4232,16.9,8332-2-2-4
8332,9004,967,16.9,8332-2-2-5
8332,9004,968,16.9,8332-2-2-6
8332,9010,12746,7.4,8332-1-17-22
8332,9010,1279,7.4,8332-1-17-21
8332,9010,4022,7.4,8332-1-17-18
8332,9010,4024,7.4,8332-1-17-20
8332,9010,7041,7.4,8332-1-17-19
8332,967,193,16.9,8332-2-5-7
8332,967,968,16.9,8332-2-5-6
8332,968,193,16.9,8332-2-6-7
8352,12885,1310,9.8,8352-1-16-17
8352,12885,1322,9.8,8352-1-16-25
8352,12885,4050,9.8,8352-1-16-21
8352,12885,4051,9.8,8352-1-16-22
8352,12885,4052,9.8,8352-1-16-23
8352,12885,723,9.8,8352-1-16-18
8352,12885,9012,9.8,8352-1-16-24
8352,12885,965,9.8,8352-1-16-20
8352,1310,1322,9.8,8352-1-17-25
8352,1310,4050,9.8,8352-1-17-21
8352,1310,4051,9.8,8352-1-17-22
8352,1310,4052,9.8,8352-1-17-23
8352,1310,723,9.8,8352-1-17-18
8352,1310,9012,9.8,8352-1-17-24
8352,1310,965,9.8,8352-1-17-20
8352,4050,1322,9.8,8352-1-21-25
8352,4050,4051,9.8,8352-1-21-22
8352,4050,4052,9.8,8352-1-21-23
8352,4050,9012,9.8,8352-1-21-24
8352,4051,1322,9.8,8352-1-22-25
8352,4051,4052,9.8,8352-1-22-23
8352,4051,9012,9.8,8352-1-22-24
8352,4052,1322,9.8,8352-1-23-25
8352,4052,9012,9.8,8352-1-23-24
8352,723,1322,9.8,8352-1-18-25
8352,723,4050,9.8,8352-1-18-21
8352,723,4051,9.8,8352-1-18-22
8352,723,4052,9.8,8352-1-18-23
8352,723,9012,9.8,8352-1-18-24
8352,723,965,9.8,8352-1-18-20
8352,9012,1322,9.8,8352-1-24-25
8352,965,1322,9.8,8352-1-20-25
8352,965,4050,9.8,8352-1-20-21
8352,965,4051,9.8,8352-1-20-22
8352,965,4052,9.8,8352-1-20-23
8352,965,9012,9.8,8352-1-20-24
8379,10269,1162,7.8,8379-1-22-23
8379,1164,10269,7.8,8379-1-21-22
8379,1164,1162,7.8,8379-1-21-23
8379,4272,10269,7.8,8379-1-20-22
8379,4272,1162,7.8,8379-1-20-23
8379,4272,1164,7.8,8379-1-20-21
8379,9010,10269,7.8,8379-1-19-22
8379,9010,1162,7.8,8379-1-19-23
8379,9010,1164,7.8,8379-1-19-21
8379,9010,4272,7.8,8379-1-19-20
8400,12746,193,19.3,8400-1-1-9
8400,12746,4232,19.3,8400-1-1-5
8400,12746,9004,19.3,8400-1-1-3
8400,12746,9009,19.3,8400-1-1-8
8400,12746,966,19.3,8400-1-1-4
8400,12746,967,19.3,8400-1-1-6
8400,12746,968,19.3,8400-1-1-7
8400,4232,193,19.3,8400-1-5-9
8400,4232,9009,19.3,8400-1-5-8
8400,4232,967,19.3,8400-1-5-6
8400,4232,968,19.3,8400-1-5-7
8400,9004,193,19.3,8400-1-3-9
8400,9004,4232,19.3,8400-1-3-5
8400,9004,9009,19.3,8400-1-3-8
8400,9004,966,19.3,8400-1-3-4
8400,9004,967,19.3,8400-1-3-6
8400,9004,968,19.3,8400-1-3-7
8400,9009,193,19.3,8400-1-8-9
8400,966,193,19.3,8400-1-4-9
8400,966,4232,19.3,8400-1-4-5
8400,966,9009,19.3,8400-1-4-8
8400,966,967,19.3,8400-1-4-6
8400,966,968,19.3,8400-1-4-7
8400,967,193,19.3,8400-1-6-9
8400,967,9009,19.3,8400-1-6-8
8400,967,968,19.3,8400-1-6-7
8400,968,193,19.3,8400-1-7-9
8400,968,9009,19.3,8400-1-7-8
8413,10269,1278,12.5,8413-2-2-5
8413,10269,12911,12.5,8413-2-2-3
8413,10269,13364,12.5,8413-2-2-4
8413,10269,193,12.5,8413-2-2-10
8413,10269,4050,12.5,8413-2-2-7
8413,10269,4232,12.5,8413-2-2-8
8413,10269,9004,12.5,8413-2-2-6
8413,10269,968,12.5,8413-2-2-9
8413,12352,1289,7.4,8413-1-30-31
8413,12352,13341,7.4,8413-1-30-33
8413,12352,724,7.4,8413-1-30-32
8413,1278,193,12.5,8413-2-5-10
8413,1278,4050,12.5,8413-2-5-7
8413,1278,4232,12.5,8413-2-5-8
8413,1278,9004,12.5,8413-2-5-6
8413,1278,968,12.5,8413-2-5-9
8413,1289,13341,7.4,8413-1-31-33
8413,1289,724,7.4,8413-1-31-32
8413,12911,1278,12.5,8413-2-3-5
8413,12911,13364,12.5,8413-2-3-4
8413,12911,193,12.5,8413-2-3-10
8413,12911,4050,12.5,8413-2-3-7
8413,12911,4232,12.5,8413-2-3-8
8413,12911,9004,12.5,8413-2-3-6
8413,12911,968,12.5,8413-2-3-9
8413,13341,10269,12.5,8413-2-1-2
8413,13341,1278,12.5,8413-2-1-5
8413,13341,12911,12.5,8413-2-1-3
8413,13341,13364,12.5,8413-2-1-4
8413,13341,193,12.5,8413-2-1-10
8413,13341,4050,12.5,8413-2-1-7
8413,13341,4232,12.5,8413-2-1-8
8413,13341,9004,12.5,8413-2-1-6
8413,13341,968,12.5,8413-2-1-9
8413,13364,1278,12.5,8413-2-4-5
8413,13364,193,12.5,8413-2-4-10
8413,13364,4050,12.5,8413-2-4-7
8413,13364,4232,12.5,8413-2-4-8
8413,13364,9004,12.5,8413-2-4-6
8413,13364,968,12.5,8413-2-4-9
8413,4022,12352,7.4,8413-1-27-30
8413,4022,1289,7.4,8413-1-27-31
8413,4022,13341,7.4,8413-1-27-33
8413,4022,4024,7.4,8413-1-27-29
8413,4022,724,7.4,8413-1-27-32
8413,4022,961,7.4,8413-1-27-28
8413,4024,12352,7.4,8413-1-29-30
8413,4024,1289,7.4,8413-1-29-31
8413,4024,13341,7.4,8413-1-29-33
8413,4024,724,7.4,8413-1-29-32
8413,4050,193,12.5,8413-2-7-10
8413,4050,4232,12.5,8413-2-7-8
8413,4050,968,12.5,8413-2-7-9
8413,4232,193,12.5,8413-2-8-10
8413,4232,968,12.5,8413-2-8-9
8413,724,13341,7.4,8413-1-32-33
8413,9004,193,12.5,8413-2-6-10
8413,9004,4050,12.5,8413-2-6-7
8413,9004,4232,12.5,8413-2-6-8
8413,9004,968,12.5,8413-2-6-9
8413,9010,12352,7.4,8413-1-26-30
8413,9010,1289,7.4,8413-1-26-31
8413,9010,13341,7.4,8413-1-26-33
8413,9010,4022,7.4,8413-1-26-27
8413,9010,4024,7.4,8413-1-26-29
8413,9010,724,7.4,8413-1-26-32
8413,9010,961,7.4,8413-1-26-28
8413,961,12352,7.4,8413-1-28-30
8413,961,1289,7.4,8413-1-28-31
8413,961,13341,7.4,8413-1-28-33
8413,961,4024,7.4,8413-1-28-29
8413,961,724,7.4,8413-1-28-32
8413,968,193,12.5,8413-2-9-10
8414,1164,10000345,13.6,8414-1-9-10
8414,1278,10000345,13.6,8414-1-3-10
8414,1278,1164,13.6,8414-1-3-9
8414,1278,4028,13.6,8414-1-3-8
8414,1278,4050,13.6,8414-1-3-5
8414,1278,4232,13.6,8414-1-3-6
8414,1278,9004,13.6,8414-1-3-4
8414,1278,968,13.6,8414-1-3-7
8414,13341,10000345,13.6,8414-1-1-10
8414,13341,1164,13.6,8414-1-1-9
8414,13341,1278,13.6,8414-1-1-3
8414,13341,13364,13.6,8414-1-1-2
8414,13341,4028,13.6,8414-1-1-8
8414,13341,4050,13.6,8414-1-1-5
8414,13341,4232,13.6,8414-1-1-6
8414,13341,9004,13.6,8414-1-1-4
8414,13341,968,13.6,8414-1-1-7
8414,13364,10000345,13.6,8414-1-2-10
8414,13364,1164,13.6,8414-1-2-9
8414,13364,1278,13.6,8414-1-2-3
8414,13364,4028,13.6,8414-1-2-8
8414,13364,4050,13.6,8414-1-2-5
8414,13364,4232,13.6,8414-1-2-6
8414,13364,9004,13.6,8414-1-2-4
8414,13364,968,13.6,8414-1-2-7
8414,4028,10000345,13.6,8414-1-8-10
8414,4028,1164,13.6,8414-1-8-9
8414,4050,10000345,13.6,8414-1-5-10
8414,4050,1164,13.6,8414-1-5-9
8414,4050,4028,13.6,8414-1-5-8
8414,4050,4232,13.6,8414-1-5-6
8414,4050,968,13.6,8414-1-5-7
8414,4232,10000345,13.6,8414-1-6-10
8414,4232,1164,13.6,8414-1-6-9
8414,4232,4028,13.6,8414-1-6-8
8414,4232,968,13.6,8414-1-6-7
8414,9004,10000345,13.6,8414-1-4-10
8414,9004,1164,13.6,8414-1-4-9
8414,9004,4028,13.6,8414-1-4-8
8414,9004,4050,13.6,8414-1-4-5
8414,9004,4232,13.6,8414-1-4-6
8414,9004,968,13.6,8414-1-4-7
8414,968,10000345,13.6,8414-1-7-10
8414,968,1164,13.6,8414-1-7-9
8414,968,4028,13.6,8414-1-7-8
8415,10269,1278,12.5,8415-1-2-5
8415,10269,12911,12.5,8415-1-2-3
8415,10269,13364,12.5,8415-1-2-4
8415,10269,193,12.5,8415-1-2-10
8415,10269,4050,12.5,8415-1-2-7
8415,10269,4232,12.5,8415-1-2-8
8415,10269,9004,12.5,8415-1-2-6
8415,10269,968,12.5,8415-1-2-9
8415,1278,193,12.5,8415-1-5-10
8415,1278,4050,12.5,8415-1-5-7
8415,1278,4232,12.5,8415-1-5-8
8415,1278,9004,12.5,8415-1-5-6
8415,1278,968,12.5,8415-1-5-9
8415,12911,1278,12.5,8415-1-3-5
8415,12911,13364,12.5,8415-1-3-4
8415,12911,193,12.5,8415-1-3-10
8415,12911,4050,12.5,8415-1-3-7
8415,12911,4232,12.5,8415-1-3-8
8415,12911,9004,12.5,8415-1-3-6
8415,12911,968,12.5,8415-1-3-9
8415,13341,10269,12.5,8415-1-1-2
8415,13341,1278,12.5,8415-1-1-5
8415,13341,12911,12.5,8415-1-1-3
8415,13341,13364,12.5,8415-1-1-4
8415,13341,193,12.5,8415-1-1-10
8415,13341,4050,12.5,8415-1-1-7
8415,13341,4232,12.5,8415-1-1-8
8415,13341,9004,12.5,8415-1-1-6
8415,13341,968,12.5,8415-1-1-9
8415,13364,1278,12.5,8415-1-4-5
8415,13364,193,12.5,8415-1-4-10
8415,13364,4050,12.5,8415-1-4-7
8415,13364,4232,12.5,8415-1-4-8
8415,13364,9004,12.5,8415-1-4-6
8415,13364,968,12.5,8415-1-4-9
8415,4050,193,12.5,8415-1-7-10
8415,4050,4232,12.5,8415-1-7-8
8415,4050,968,12.5,8415-1-7-9
8415,4232,193,12.5,8415-1-8-10
8415,4232,968,12.5,8415-1-8-9
8415,9004,193,12.5,8415-1-6-10
8415,9004,4050,12.5,8415-1-6-7
8415,9004,4232,12.5,8415-1-6-8
8415,9004,968,12.5,8415-1-6-9
8415,968,193,12.5,8415-1-9-10
8428,1310,193,19.6,8428-1-1-13
8428,1310,4028,19.6,8428-1-1-11
8428,1310,4050,19.6,8428-1-1-6
8428,1310,4052,19.6,8428-1-1-10
8428,1310,4076,19.6,8428-1-1-7
8428,1310,4232,19.6,8428-1-1-8
8428,1310,723,19.6,8428-1-1-2
8428,1310,9003,19.6,8428-1-1-9
8428,1310,9004,19.6,8428-1-1-4
8428,1310,966,19.6,8428-1-1-5
8428,1310,970,19.6,8428-1-1-12
8428,4028,193,10.0,8428-1-11-13
8428,4028,970,10.0,8428-1-11-12
8428,4050,193,10.0,8428-1-6-13
8428,4050,4028,10.0,8428-1-6-11
8428,4050,4052,10.0,8428-1-6-10
8428,4050,4076,10.0,8428-1-6-7
8428,4050,4232,10.0,8428-1-6-8
8428,4050,9003,10.0,8428-1-6-9
8428,4050,970,10.0,8428-1-6-12
8428,4052,193,10.0,8428-1-10-13
8428,4052,4028,10.0,8428-1-10-11
8428,4052,970,10.0,8428-1-10-12
8428,4076,193,10.0,8428-1-7-13
8428,4076,4028,10.0,8428-1-7-11
8428,4076,4052,10.0,8428-1-7-10
8428,4076,4232,10.0,8428-1-7-8
8428,4076,9003,10.0,8428-1-7-9
8428,4076,970,10.0,8428-1-7-12
8428,4232,193,10.0,8428-1-8-13
8428,4232,4028,10.0,8428-1-8-11
8428,4232,4052,10.0,8428-1-8-10
8428,4232,9003,10.0,8428-1-8-9
8428,4232,970,10.0,8428-1-8-12
8428,723,193,19.6,8428-1-2-13
8428,723,4028,19.6,8428-1-2-11
8428,723,4050,19.6,8428-1-2-6
8428,723,4052,19.6,8428-1-2-10
8428,723,4076,19.6,8428-1-2-7
8428,723,4232,19.6,8428-1-2-8
8428,723,9003,19.6,8428-1-2-9
8428,723,9004,19.6,8428-1-2-4
8428,723,966,19.6,8428-1-2-5
8428,723,970,19.6,8428-1-2-12
8428,9003,193,10.0,8428-1-9-13
8428,9003,4028,10.0,8428-1-9-11
8428,9003,4052,10.0,8428-1-9-10
8428,9003,970,10.0,8428-1-9-12
8428,9004,193,10.0,8428-1-4-13
8428,9004,4028,10.0,8428-1-4-11
8428,9004,4050,10.0,8428-1-4-6
8428,9004,4052,10.0,8428-1-4-10
8428,9004,4076,10.0,8428-1-4-7
8428,9004,4232,10.0,8428-1-4-8
8428,9004,9003,10.0,8428-1-4-9
8428,9004,966,10.0,8428-1-4-5
8428,9004,970,10.0,8428-1-4-12
8428,966,193,10.0,8428-1-5-13
8428,966,4028,10.0,8428-1-5-11
8428,966,4050,10.0,8428-1-5-6
8428,966,4052,10.0,8428-1-5-10
8428,966,4076,10.0,8428-1-5-7
8428,966,4232,10.0,8428-1-5-8
8428,966,9003,10.0,8428-1-5-9
8428,966,970,10.0,8428-1-5-12
8428,970,193,10.0,8428-1-12-13
8448,775,9014,14.7,8448-2-17-18
8448,9011,970,7.7,8448-1-14-15
8448,9012,775,14.7,8448-2-16-17
8448,9012,9014,14.7,8448-2-16-18
8448,9015,9011,7.7,8448-1-13-14
8448,9015,970,7.7,8448-1-13-15
8449,775,9014,14.7,8449-2-17-18
8449,9011,970,7.7,8449-1-17-18
8449,9012,775,14.7,8449-2-16-17
8449,9012,9014,14.7,8449-2-16-18
8449,9015,9011,7.7,8449-1-16-17
8449,9015,970,7.7,8449-1-16-18
8476,10269,12481,7.7,8476-1-50-53
8476,10269,12746,7.7,8476-1-50-55
8476,10269,1279,7.7,8476-1-50-54
8476,10269,12939,7.7,8476-1-50-52
8476,10269,9000,7.7,8476-1-50-51
8476,12481,12746,7.7,8476-1-53-55
8476,12481,1279,7.7,8476-1-53-54
8476,1279,12746,7.7,8476-1-54-55
8476,12939,12481,7.7,8476-1-52-53
8476,12939,12746,7.7,8476-1-52-55
8476,12939,1279,7.7,8476-1-52-54
8476,9000,12481,7.7,8476-1-51-53
8476,9000,12746,7.7,8476-1-51-55
8476,9000,1279,7.7,8476-1-51-54
8476,9000,12939,7.7,8476-1-51-52
8477,10269,12481,7.7,8477-2-50-53
8477,10269,12746,7.7,8477-2-50-55
8477,10269,1279,7.7,8477-2-50-54
8477,10269,12939,7.7,8477-2-50-52
8477,10269,9000,7.7,8477-2-50-51
8477,12481,12746,7.7,8477-2-53-55
8477,12481,1279,7.7,8477-2-53-54
8477,12746,1289,18.1,8477-1-1-4
8477,12746,13310,18.1,8477-1-1-6
8477,12746,724,18.1,8477-1-1-5
8477,1279,12746,7.7,8477-2-54-55
8477,1289,13310,18.1,8477-1-4-6
8477,1289,724,18.1,8477-1-4-5
8477,12939,12481,7.7,8477-2-52-53
8477,12939,12746,7.7,8477-2-52-55
8477,12939,1279,7.7,8477-2-52-54
8477,724,13310,18.1,8477-1-5-6
8477,9000,12481,7.7,8477-2-51-53
8477,9000,12746,7.7,8477-2-51-55
8477,9000,1279,7.7,8477-2-51-54
8477,9000,12939,7.7,8477-2-51-52
8482,12885,1310,8.6,8482-1-7-8
8482,12885,4050,8.6,8482-1-7-12
8482,12885,4051,8.6,8482-1-7-13
8482,12885,4052,8.6,8482-1-7-14
8482,12885,723,8.6,8482-1-7-9
8482,12885,9012,8.6,8482-1-7-15
8482,12885,965,8.6,8482-1-7-11
8482,1310,4050,8.6,8482-1-8-12
8482,1310,4051,8.6,8482-1-8-13
8482,1310,4052,8.6,8482-1-8-14
8482,1310,723,8.6,8482-1-8-9
8482,1310,9012,8.6,8482-1-8-15
8482,1310,965,8.6,8482-1-8-11
8482,4050,4051,8.6,8482-1-12-13
8482,4050,4052,8.6,8482-1-12-14
8482,4050,9012,8.6,8482-1-12-15
8482,4051,4052,8.6,8482-1-13-14
8482,4051,9012,8.6,8482-1-13-15
8482,4052,9012,8.6,8482-1-14-15
8482,723,4050,8.6,8482-1-9-12
8482,723,4051,8.6,8482-1-9-13
8482,723,4052,8.6,8482-1-9-14
8482,723,9012,8.6,8482-1-9-15
8482,723,965,8.6,8482-1-9-11
8482,965,4050,8.6,8482-1-11-12
8482,965,4051,8.6,8482-1-11-13
8482,965,4052,8.6,8482-1-11-14
8482,965,9012,8.6,8482-1-11-15
8510,1279,12746,7.4,8510-1-13-14
8510,4024,12746,7.4,8510-1-12-14
8510,4024,1279,7.4,8510-1-12-13
8510,4231,12746,7.4,8510-1-11-14
8510,4231,1279,7.4,8510-1-11-13
8510,4231,4024,7.4,8510-1-11-12
8511,1310,193,10.4,8511-1-3-12
8511,1310,4027,10.4,8511-1-3-9
8511,1310,4028,10.4,8511-1-3-10
8511,1310,4051,10.4,8511-1-3-8
8511,1310,4076,10.4,8511-1-3-7
8511,1310,723,10.4,8511-1-3-4
8511,1310,966,10.4,8511-1-3-6
8511,1310,970,10.4,8511-1-3-11
8511,4027,193,10.4,8511-1-9-12
8511,4027,4028,10.4,8511-1-9-10
8511,4027,970,10.4,8511-1-9-11
8511,4028,193,10.4,8511-1-10-12
8511,4028,970,10.4,8511-1-10-11
8511,4051,193,10.4,8511-1-8-12
8511,4051,4027,10.4,8511-1-8-9
8511,4051,4028,10.4,8511-1-8-10
8511,4051,970,10.4,8511-1-8-11
8511,4076,193,10.4,8511-1-7-12
8511,4076,4027,10.4,8511-1-7-9
8511,4076,4028,10.4,8511-1-7-10
8511,4076,4051,10.4,8511-1-7-8
8511,4076,970,10.4,8511-1-7-11
8511,4174,1310,10.4,8511-1-2-3
8511,4174,193,10.4,8511-1-2-12
8511,4174,4027,10.4,8511-1-2-9
8511,4174,4028,10.4,8511-1-2-10
8511,4174,4051,10.4,8511-1-2-8
8511,4174,4076,10.4,8511-1-2-7
8511,4174,723,10.4,8511-1-2-4
8511,4174,966,10.4,8511-1-2-6
8511,4174,970,10.4,8511-1-2-11
8511,723,193,10.4,8511-1-4-12
8511,723,4027,10.4,8511-1-4-9
8511,723,4028,10.4,8511-1-4-10
8511,723,4051,10.4,8511-1-4-8
8511,723,4076,10.4,8511-1-4-7
8511,723,966,10.4,8511-1-4-6
8511,723,970,10.4,8511-1-4-11
8511,966,193,10.4,8511-1-6-12
8511,966,4027,10.4,8511-1-6-9
8511,966,4028,10.4,8511-1-6-10
8511,966,4051,10.4,8511-1-6-8
8511,966,4076,10.4,8511-1-6-7
8511,966,970,10.4,8511-1-6-11
8511,970,193,10.4,8511-1-11-12
8513,12746,193,19.3,8513-1-1-9
8513,12746,4232,19.3,8513-1-1-5
8513,12746,9004,19.3,8513-1-1-3
8513,12746,9009,19.3,8513-1-1-8
8513,12746,966,19.3,8513-1-1-4
8513,12746,967,19.3,8513-1-1-6
8513,12746,968,19.3,8513-1-1-7
8513,4232,193,19.3,8513-1-5-9
8513,4232,9009,19.3,8513-1-5-8
8513,4232,967,19.3,8513-1-5-6
8513,4232,968,19.3,8513-1-5-7
8513,9004,193,19.3,8513-1-3-9
8513,9004,4232,19.3,8513-1-3-5
8513,9004,9009,19.3,8513-1-3-8
8513,9004,966,19.3,8513-1-3-4
8513,9004,967,19.3,8513-1-3-6
8513,9004,968,19.3,8513-1-3-7
8513,9009,193,19.3,8513-1-8-9
8513,966,193,19.3,8513-1-4-9
8513,966,4232,19.3,8513-1-4-5
8513,966,9009,19.3,8513-1-4-8
8513,966,967,19.3,8513-1-4-6
8513,966,968,19.3,8513-1-4-7
8513,967,193,19.3,8513-1-6-9
8513,967,9009,19.3,8513-1-6-8
8513,967,968,19.3,8513-1-6-7
8513,968,193,19.3,8513-1-7-9
8513,968,9009,19.3,8513-1-7-8
8538,1310,193,21.8,8538-1-3-11
8538,1310,4028,21.8,8538-1-3-10
8538,1310,4050,21.8,8538-1-3-7
8538,1310,4232,21.8,8538-1-3-8
8538,1310,723,21.8,8538-1-3-4
8538,1310,9004,21.8,8538-1-3-6
8538,1310,968,21.8,8538-1-3-9
8538,4028,193,21.8,8538-1-10-11
8538,4050,193,21.8,8538-1-7-11
8538,4050,4028,21.8,8538-1-7-10
8538,4050,4232,21.8,8538-1-7-8
8538,4050,968,21.8,8538-1-7-9
8538,4174,1310,21.8,8538-1-2-3
8538,4174,193,21.8,8538-1-2-11
8538,4174,4028,21.8,8538-1-2-10
8538,4174,4050,21.8,8538-1-2-7
8538,4174,4232,21.8,8538-1-2-8
8538,4174,723,21.8,8538-1-2-4
8538,4174,9004,21.8,8538-1-2-6
8538,4174,968,21.8,8538-1-2-9
8538,4232,193,21.8,8538-1-8-11
8538,4232,4028,21.8,8538-1-8-10
8538,4232,968,21.8,8538-1-8-9
8538,723,193,21.8,8538-1-4-11
8538,723,4028,21.8,8538-1-4-10
8538,723,4050,21.8,8538-1-4-7
8538,723,4232,21.8,8538-1-4-8
8538,723,9004,21.8,8538-1-4-6
8538,723,968,21.8,8538-1-4-9
8538,9004,193,21.8,8538-1-6-11
8538,9004,4028,21.8,8538-1-6-10
8538,9004,4050,21.8,8538-1-6-7
8538,9004,4232,21.8,8538-1-6-8
8538,9004,968,21.8,8538-1-6-9
8538,968,193,21.8,8538-1-9-11
8538,968,4028,21.8,8538-1-9-10
8544,1310,723,6.7,8544-1-23-24
8544,4174,1310,6.7,8544-1-22-23
8544,4174,723,6.7,8544-1-22-24
8545,12885,1310,19.6,8545-1-18-19
8545,12885,193,19.6,8545-1-18-31
8545,12885,4028,19.6,8545-1-18-29
8545,12885,4050,19.6,8545-1-18-24
8545,12885,4052,19.6,8545-1-18-28
8545,12885,4076,19.6,8545-1-18-25
8545,12885,4232,19.6,8545-1-18-26
8545,12885,723,19.6,8545-1-18-20
8545,12885,9003,19.6,8545-1-18-27
8545,12885,9004,19.6,8545-1-18-22
8545,12885,966,19.6,8545-1-18-23
8545,12885,970,19.6,8545-1-18-30
8545,1310,193,19.6,8545-1-19-31
8545,1310,4028,19.6,8545-1-19-29
8545,1310,4050,19.6,8545-1-19-24
8545,1310,4052,19.6,8545-1-19-28
8545,1310,4076,19.6,8545-1-19-25
8545,1310,4232,19.6,8545-1-19-26
8545,1310,723,19.6,8545-1-19-20
8545,1310,9003,19.6,8545-1-19-27
8545,1310,9004,19.6,8545-1-19-22
8545,1310,966,19.6,8545-1-19-23
8545,1310,970,19.6,8545-1-19-30
8545,4028,193,10.0,8545-1-29-31
8545,4028,970,10.0,8545-1-29-30
8545,4050,193,10.0,8545-1-24-31
8545,4050,4028,10.0,8545-1-24-29
8545,4050,4052,10.0,8545-1-24-28
8545,4050,4076,10.0,8545-1-24-25
8545,4050,4232,10.0,8545-1-24-26
8545,4050,9003,10.0,8545-1-24-27
8545,4050,970,10.0,8545-1-24-30
8545,4052,193,10.0,8545-1-28-31
8545,4052,4028,10.0,8545-1-28-29
8545,4052,970,10.0,8545-1-28-30
8545,4076,193,10.0,8545-1-25-31
8545,4076,4028,10.0,8545-1-25-29
8545,4076,4052,10.0,8545-1-25-28
8545,4076,4232,10.0,8545-1-25-26
8545,4076,9003,10.0,8545-1-25-27
8545,4076,970,10.0,8545-1-25-30
8545,4232,193,10.0,8545-1-26-31
8545,4232,4028,10.0,8545-1-26-29
8545,4232,4052,10.0,8545-1-26-28
8545,4232,9003,10.0,8545-1-26-27
8545,4232,970,10.0,8545-1-26-30
8545,723,193,19.6,8545-1-20-31
8545,723,4028,19.6,8545-1-20-29
8545,723,4050,19.6,8545-1-20-24
8545,723,4052,19.6,8545-1-20-28
8545,723,4076,19.6,8545-1-20-25
8545,723,4232,19.6,8545-1-20-26
8545,723,9003,19.6,8545-1-20-27
8545,723,9004,19.6,8545-1-20-22
8545,723,966,19.6,8545-1-20-23
8545,723,970,19.6,8545-1-20-30
8545,9003,193,10.0,8545-1-27-31
8545,9003,4028,10.0,8545-1-27-29
8545,9003,4052,10.0,8545-1-27-28
8545,9003,970,10.0,8545-1-27-30
8545,9004,193,10.0,8545-1-22-31
8545,9004,4028,10.0,8545-1-22-29
8545,9004,4050,10.0,8545-1-22-24
8545,9004,4052,10.0,8545-1-22-28
8545,9004,4076,10.0,8545-1-22-25
8545,9004,4232,10.0,8545-1-22-26
8545,9004,9003,10.0,8545-1-22-27
8545,9004,966,10.0,8545-1-22-23
8545,9004,970,10.0,8545-1-22-30
8545,966,193,10.0,8545-1-23-31
8545,966,4028,10.0,8545-1-23-29
8545,966,4050,10.0,8545-1-23-24
8545,966,4052,10.0,8545-1-23-28
8545,966,4076,10.0,8545-1-23-25
8545,966,4232,10.0,8545-1-23-26
8545,966,9003,10.0,8545-1-23-27
8545,966,970,10.0,8545-1-23-30
8545,970,193,10.0,8545-1-30-31
8548,12352,1289,5.8,8548-1-29-30
8548,12386,12352,5.8,8548-1-28-29
8548,12386,1289,5.8,8548-1-28-30
8548,4022,12352,5.8,8548-1-26-29
8548,4022,12386,5.8,8548-1-26-28
8548,4022,1289,5.8,8548-1-26-30
8548,4022,961,5.8,8548-1-26-27
8548,9010,12352,5.8,8548-1-25-29
8548,9010,12386,5.8,8548-1-25-28
8548,9010,1289,5.8,8548-1-25-30
8548,9010,4022,5.8,8548-1-25-26
8548,9010,961,5.8,8548-1-25-27
8548,961,12352,5.8,8548-1-27-29
8548,961,12386,5.8,8548-1-27-28
8548,961,1289,5.8,8548-1-27-30
8551,1279,1280,6.7,8551-1-2-3
8551,1279,1281,6.7,8551-1-2-4
8551,1279,1283,6.7,8551-1-2-5
8551,1280,1281,6.7,8551-1-3-4
8551,1280,1283,6.7,8551-1-3-5
8551,1281,1283,6.7,8551-1-4-5
8579,10269,1162,7.8,8579-1-19-20
8579,1164,10269,7.8,8579-1-18-19
8579,1164,1162,7.8,8579-1-18-20
8579,4272,10269,7.8,8579-1-17-19
8579,4272,1162,7.8,8579-1-17-20
8579,4272,1164,7.8,8579-1-17-18
8579,9010,10269,7.8,8579-1-16-19
8579,9010,1162,7.8,8579-1-16-20
8579,9010,1164,7.8,8579-1-16-18
8579,9010,4272,7.8,8579-1-16-17
8591,775,9014,12.9,8591-1-5-6
8591,9012,775,12.9,8591-1-4-5
8591,9012,9014,12.9,8591-1-4-6
8600,1279,4148,39.3,8600-2-22-23
8600,4022,1279,39.3,8600-2-18-22
8600,4022,4024,39.3,8600-2-18-21
8600,4022,4148,39.3,8600-2-18-23
8600,4022,7041,39.3,8600-2-18-20
8600,4022,961,39.3,8600-2-18-19
8600,4024,1279,39.3,8600-2-21-22
8600,4024,4148,39.3,8600-2-21-23
8600,4049,1279,39.3,8600-2-17-22
8600,4049,4022,39.3,8600-2-17-18
8600,4049,4024,39.3,8600-2-17-21
8600,4049,4148,39.3,8600-2-17-23
8600,4049,7041,39.3,8600-2-17-20
8600,4049,961,39.3,8600-2-17-19
8600,4051,968,39.3,8600-1-6-7
8600,4051,970,39.3,8600-1-6-8
8600,4076,4051,39.3,8600-1-5-6
8600,4076,968,39.3,8600-1-5-7
8600,4076,970,39.3,8600-1-5-8
8600,4147,4051,39.3,8600-1-2-6
8600,4147,4076,39.3,8600-1-2-5
8600,4147,966,39.3,8600-1-2-4
8600,4147,968,39.3,8600-1-2-7
8600,4147,970,39.3,8600-1-2-8
8600,7041,1279,39.3,8600-2-20-22
8600,7041,4024,39.3,8600-2-20-21
8600,7041,4148,39.3,8600-2-20-23
8600,961,1279,39.3,8600-2-19-22
8600,961,4024,39.3,8600-2-19-21
8600,961,4148,39.3,8600-2-19-23
8600,961,7041,39.3,8600-2-19-20
8600,966,4051,39.3,8600-1-4-6
8600,966,4076,39.3,8600-1-4-5
8600,966,968,39.3,8600-1-4-7
8600,966,970,39.3,8600-1-4-8
8600,968,970,39.3,8600-1-7-8
8617,10269,1277,5.8,8617-1-15-17
8617,10269,1279,5.8,8617-1-15-18
8617,10269,4148,5.8,8617-1-15-19
8617,10269,9000,5.8,8617-1-15-16
8617,1277,1279,5.8,8617-1-17-18
8617,1277,4148,5.8,8617-1-17-19
8617,1279,4148,5.8,8617-1-18-19
8617,13342,10269,5.8,8617-1-14-15
8617,13342,1277,5.8,8617-1-14-17
8617,13342,1279,5.8,8617-1-14-18
8617,13342,4148,5.8,8617-1-14-19
8617,13342,9000,5.8,8617-1-14-16
8617,9000,1277,5.8,8617-1-16-17
8617,9000,1279,5.8,8617-1-16-18
8617,9000,4148,5.8,8617-1-16-19
8618,10269,1277,5.8,8618-1-10-12
8618,10269,1279,5.8,8618-1-10-13
8618,10269,1283,5.8,8618-1-10-16
8618,10269,4132,5.8,8618-1-10-14
8618,10269,4259,5.8,8618-1-10-15
8618,10269,9000,5.8,8618-1-10-11
8618,1277,1279,5.8,8618-1-12-13
8618,1277,1283,5.8,8618-1-12-16
8618,1277,4132,5.8,8618-1-12-14
8618,1277,4259,5.8,8618-1-12-15
8618,1279,1283,5.8,8618-1-13-16
8618,1279,4132,5.8,8618-1-13-14
8618,1279,4259,5.8,8618-1-13-15
8618,13342,10269,5.8,8618-1-9-10
8618,13342,1277,5.8,8618-1-9-12
8618,13342,1279,5.8,8618-1-9-13
8618,13342,1283,5.8,8618-1-9-16
8618,13342,4132,5.8,8618-1-9-14
8618,13342,4259,5.8,8618-1-9-15
8618,13342,9000,5.8,8618-1-9-11
8618,4132,1283,5.8,8618-1-14-16
8618,4132,4259,5.8,8618-1-14-15
8618,4259,1283,5.8,8618-1-15-16
8618,9000,1277,5.8,8618-1-11-12
8618,9000,1279,5.8,8618-1-11-13
8618,9000,1283,5.8,8618-1-11-16
8618,9000,4132,5.8,8618-1-11-14
8618,9000,4259,5.8,8618-1-11-15
8619,1164,13341,5.8,8619-1-18-19
8619,1331,1164,5.8,8619-1-17-18
8619,1331,13341,5.8,8619-1-17-19
8619,9010,1164,5.8,8619-1-16-18
8619,9010,1331,5.8,8619-1-16-17
8619,9010,13341,5.8,8619-1-16-19
8642,1279,1280,6.7,8642-2-12-13
8642,1279,1281,6.7,8642-2-12-14
8642,1279,1283,6.7,8642-2-12-15
8642,1279,1284,6.7,8642-2-12-16
8642,1280,1281,6.7,8642-2-13-14
8642,1280,1283,6.7,8642-2-13-15
8642,1280,1284,6.7,8642-2-13-16
8642,1281,1283,6.7,8642-2-14-15
8642,1281,1284,6.7,8642-2-14-16
8642,1283,1284,6.7,8642-2-15-16
8642,1284,1310,8.6,8642-1-1-2
8642,1284,1322,8.6,8642-1-1-9
8642,1284,4232,8.6,8642-1-1-6
8642,1284,723,8.6,8642-1-1-3
8642,1284,9003,8.6,8642-1-1-7
8642,1284,9012,8.6,8642-1-1-8
8642,1284,966,8.6,8642-1-1-5
8642,1310,1322,8.6,8642-1-2-9
8642,1310,4232,8.6,8642-1-2-6
8642,1310,723,8.6,8642-1-2-3
8642,1310,9003,8.6,8642-1-2-7
8642,1310,9012,8.6,8642-1-2-8
8642,1310,966,8.6,8642-1-2-5
8642,4022,1279,6.7,8642-2-9-12
8642,4022,1280,6.7,8642-2-9-13
8642,4022,1281,6.7,8642-2-9-14
8642,4022,1283,6.7,8642-2-9-15
8642,4022,1284,6.7,8642-2-9-16
8642,4022,4024,6.7,8642-2-9-11
8642,4022,7041,6.7,8642-2-9-10
8642,4024,1279,6.7,8642-2-11-12
8642,4024,1280,6.7,8642-2-11-13
8642,4024,1281,6.7,8642-2-11-14
8642,4024,1283,6.7,8642-2-11-15
8642,4024,1284,6.7,8642-2-11-16
8642,4232,1322,8.6,8642-1-6-9
8642,4232,9003,8.6,8642-1-6-7
8642,4232,9012,8.6,8642-1-6-8
8642,7041,1279,6.7,8642-2-10-12
8642,7041,1280,6.7,8642-2-10-13
8642,7041,1281,6.7,8642-2-10-14
8642,7041,1283,6.7,8642-2-10-15
8642,7041,1284,6.7,8642-2-10-16
8642,7041,4024,6.7,8642-2-10-11
8642,7082,1279,6.7,8642-2-8-12
8642,7082,1280,6.7,8642-2-8-13
8642,7082,1281,6.7,8642-2-8-14
8642,7082,1283,6.7,8642-2-8-15
8642,7082,1284,6.7,8642-2-8-16
8642,7082,4022,6.7,8642-2-8-9
8642,7082,4024,6.7,8642-2-8-11
8642,7082,7041,6.7,8642-2-8-10
8642,723,1322,8.6,8642-1-3-9
8642,723,4232,8.6,8642-1-3-6
8642,723,9003,8.6,8642-1-3-7
8642,723,9012,8.6,8642-1-3-8
8642,723,966,8.6,8642-1-3-5
8642,9003,1322,8.6,8642-1-7-9
8642,9003,9012,8.6,8642-1-7-8
8642,9012,1322,8.6,8642-1-8-9
8642,966,1322,8.6,8642-1-5-9
8642,966,4232,8.6,8642-1-5-6
8642,966,9003,8.6,8642-1-5-7
8642,966,9012,8.6,8642-1-5-8
8643,12885,1310,9.8,8643-1-6-7
8643,12885,1322,9.8,8643-1-6-15
8643,12885,4050,9.8,8643-1-6-11
8643,12885,4051,9.8,8643-1-6-12
8643,12885,4052,9.8,8643-1-6-13
8643,12885,723,9.8,8643-1-6-8
8643,12885,9012,9.8,8643-1-6-14
8643,12885,965,9.8,8643-1-6-10
8643,1310,1322,9.8,8643-1-7-15
8643,1310,4050,9.8,8643-1-7-11
8643,1310,4051,9.8,8643-1-7-12
8643,1310,4052,9.8,8643-1-7-13
8643,1310,723,9.8,8643-1-7-8
8643,1310,9012,9.8,8643-1-7-14
8643,1310,965,9.8,8643-1-7-10
8643,4050,1322,9.8,8643-1-11-15
8643,4050,4051,9.8,8643-1-11-12
8643,4050,4052,9.8,8643-1-11-13
8643,4050,9012,9.8,8643-1-11-14
8643,4051,1322,9.8,8643-1-12-15
8643,4051,4052,9.8,8643-1-12-13
8643,4051,9012,9.8,8643-1-12-14
8643,4052,1322,9.8,8643-1-13-15
8643,4052,9012,9.8,8643-1-13-14
8643,723,1322,9.8,8643-1-8-15
8643,723,4050,9.8,8643-1-8-11
8643,723,4051,9.8,8643-1-8-12
8643,723,4052,9.8,8643-1-8-13
8643,723,9012,9.8,8643-1-8-14
8643,723,965,9.8,8643-1-8-10
8643,9012,1322,9.8,8643-1-14-15
8643,965,1322,9.8,8643-1-10-15
8643,965,4050,9.8,8643-1-10-11
8643,965,4051,9.8,8643-1-10-12
8643,965,4052,9.8,8643-1-10-13
8643,965,9012,9.8,8643-1-10-14
8666,1164,10000345,14.5,8666-1-19-20
8666,1331,10000345,14.5,8666-1-18-20
8666,1331,1164,14.5,8666-1-18-19
8666,4247,1321,5.0,8666-2-17-19
8666,4247,4248,5.0,8666-2-17-18
8666,4248,1321,5.0,8666-2-18-19
8666,7082,10000345,14.5,8666-1-17-20
8666,7082,1164,14.5,8666-1-17-19
8666,7082,1331,14.5,8666-1-17-18
8715,4052,970,7.7,8715-1-28-29
8715,4247,4052,7.7,8715-1-26-28
8715,4247,4248,7.7,8715-1-26-27
8715,4247,970,7.7,8715-1-26-29
8715,4248,4052,7.7,8715-1-27-28
8715,4248,970,7.7,8715-1-27-29
8736,12746,4028,15.4,8736-1-1-10
8736,12746,4050,15.4,8736-1-1-5
8736,12746,4052,15.4,8736-1-1-9
8736,12746,4076,15.4,8736-1-1-6
8736,12746,4232,15.4,8736-1-1-7
8736,12746,9004,15.4,8736-1-1-3
8736,12746,966,15.4,8736-1-1-4
8736,12746,967,15.4,8736-1-1-8
8736,12746,970,15.4,8736-1-1-11
8736,4028,970,15.4,8736-1-10-11
8736,4050,4028,15.4,8736-1-5-10
8736,4050,4052,15.4,8736-1-5-9
8736,4050,4076,15.4,8736-1-5-6
8736,4050,4232,15.4,8736-1-5-7
8736,4050,967,15.4,8736-1-5-8
8736,4050,970,15.4,8736-1-5-11
8736,4052,4028,15.4,8736-1-9-10
8736,4052,970,15.4,8736-1-9-11
8736,4076,4028,15.4,8736-1-6-10
8736,4076,4052,15.4,8736-1-6-9
8736,4076,4232,15.4,8736-1-6-7
8736,4076,967,15.4,8736-1-6-8
8736,4076,970,15.4,8736-1-6-11
8736,4232,4028,15.4,8736-1-7-10
8736,4232,4052,15.4,8736-1-7-9
8736,4232,967,15.4,8736-1-7-8
8736,4232,970,15.4,8736-1-7-11
8736,9004,4028,15.4,8736-1-3-10
8736,9004,4050,15.4,8736-1-3-5
8736,9004,4052,15.4,8736-1-3-9
8736,9004,4076,15.4,8736-1-3-6
8736,9004,4232,15.4,8736-1-3-7
8736,9004,966,15.4,8736-1-3-4
8736,9004,967,15.4,8736-1-3-8
8736,9004,970,15.4,8736-1-3-11
8736,966,4028,15.4,8736-1-4-10
8736,966,4050,15.4,8736-1-4-5
8736,966,4052,15.4,8736-1-4-9
8736,966,4076,15.4,8736-1-4-6
8736,966,4232,15.4,8736-1-4-7
8736,966,967,15.4,8736-1-4-8
8736,966,970,15.4,8736-1-4-11
8736,967,4028,15.4,8736-1-8-10
8736,967,4052,15.4,8736-1-8-9
8736,967,970,15.4,8736-1-8-11
8743,1279,1280,20.1,8743-2-2-3
8743,1279,4132,20.1,8743-2-2-4
8743,1280,4132,20.1,8743-2-3-4
8756,13341,13342,10.2,8756-2-1-2
8756,13342,13341,10.2,8756-1-18-19
8781,1310,4232,11.8,8781-1-3-7
8781,1310,723,11.8,8781-1-3-4
8781,1310,9009,11.8,8781-1-3-9
8781,1310,966,11.8,8781-1-3-6
8781,1310,967,11.8,8781-1-3-8
8781,4174,1310,11.8,8781-1-2-3
8781,4174,4232,11.8,8781-1-2-7
8781,4174,723,11.8,8781-1-2-4
8781,4174,9009,11.8,8781-1-2-9
8781,4174,966,11.8,8781-1-2-6
8781,4174,967,11.8,8781-1-2-8
8781,4232,9009,11.8,8781-1-7-9
8781,4232,967,11.8,8781-1-7-8
8781,723,4232,11.8,8781-1-4-7
8781,723,9009,11.8,8781-1-4-9
8781,723,966,11.8,8781-1-4-6
8781,723,967,11.8,8781-1-4-8
8781,966,4232,11.8,8781-1-6-7
8781,966,9009,11.8,8781-1-6-9
8781,966,967,11.8,8781-1-6-8
8781,967,9009,11.8,8781-1-8-9
8792,1164,13310,14.5,8792-1-16-17
8792,4049,1164,14.5,8792-1-14-16
8792,4049,13310,14.5,8792-1-14-17
8792,4049,4272,14.5,8792-1-14-15
8792,4272,1164,14.5,8792-1-15-16
8792,4272,13310,14.5,8792-1-15-17
8793,4052,970,7.7,8793-1-25-26
8793,4247,4052,7.7,8793-1-23-25
8793,4247,4248,7.7,8793-1-23-24
8793,4247,970,7.7,8793-1-23-26
8793,4248,4052,7.7,8793-1-24-25
8793,4248,970,7.7,8793-1-24-26
8800,1279,1284,8.6,8800-1-24-26
8800,1279,4148,8.6,8800-1-24-25
8800,1284,1310,8.6,8800-2-1-2
8800,1284,1322,8.6,8800-2-1-10
8800,1284,4050,8.6,8800-2-1-6
8800,1284,4051,8.6,8800-2-1-7
8800,1284,4052,8.6,8800-2-1-8
8800,1284,723,8.6,8800-2-1-3
8800,1284,9012,8.6,8800-2-1-9
8800,1284,965,8.6,8800-2-1-5
8800,1310,1322,8.6,8800-2-2-10
8800,1310,4050,8.6,8800-2-2-6
8800,1310,4051,8.6,8800-2-2-7
8800,1310,4052,8.6,8800-2-2-8
8800,1310,723,8.6,8800-2-2-3
8800,1310,9012,8.6,8800-2-2-9
8800,1310,965,8.6,8800-2-2-5
8800,4022,1279,8.6,8800-1-21-24
8800,4022,1284,8.6,8800-1-21-26
8800,4022,4024,8.6,8800-1-21-23
8800,4022,4148,8.6,8800-1-21-25
8800,4022,961,8.6,8800-1-21-22
8800,4024,1279,8.6,8800-1-23-24
8800,4024,1284,8.6,8800-1-23-26
8800,4024,4148,8.6,8800-1-23-25
8800,4050,1322,8.6,8800-2-6-10
8800,4050,4051,8.6,8800-2-6-7
8800,4050,4052,8.6,8800-2-6-8
8800,4050,9012,8.6,8800-2-6-9
8800,4051,1322,8.6,8800-2-7-10
8800,4051,4052,8.6,8800-2-7-8
8800,4051,9012,8.6,8800-2-7-9
8800,4052,1322,8.6,8800-2-8-10
8800,4052,9012,8.6,8800-2-8-9
8800,4148,1284,8.6,8800-1-25-26
8800,7082,1279,8.6,8800-1-20-24
8800,7082,1284,8.6,8800-1-20-26
8800,7082,4022,8.6,8800-1-20-21
8800,7082,4024,8.6,8800-1-20-23
8800,7082,4148,8.6,8800-1-20-25
8800,7082,961,8.6,8800-1-20-22
8800,723,1322,8.6,8800-2-3-10
8800,723,4050,8.6,8800-2-3-6
8800,723,4051,8.6,8800-2-3-7
8800,723,4052,8.6,8800-2-3-8
8800,723,9012,8.6,8800-2-3-9
8800,723,965,8.6,8800-2-3-5
8800,9012,1322,8.6,8800-2-9-10
8800,961,1279,8.6,8800-1-22-24
8800,961,1284,8.6,8800-1-22-26
8800,961,4024,8.6,8800-1-22-23
8800,961,4148,8.6,8800-1-22-25
8800,965,1322,8.6,8800-2-5-10
8800,965,4050,8.6,8800-2-5-6
8800,965,4051,8.6,8800-2-5-7
8800,965,4052,8.6,8800-2-5-8
8800,965,9012,8.6,8800-2-5-9
8801,1279,1284,8.6,8801-1-23-25
8801,1279,4148,8.6,8801-1-23-24
8801,4022,1279,8.6,8801-1-20-23
8801,4022,1284,8.6,8801-1-20-25
8801,4022,4024,8.6,8801-1-20-22
8801,4022,4148,8.6,8801-1-20-24
8801,4022,961,8.6,8801-1-20-21
8801,4024,1279,8.6,8801-1-22-23
8801,4024,1284,8.6,8801-1-22-25
8801,4024,4148,8.6,8801-1-22-24
8801,4148,1284,8.6,8801-1-24-25
8801,7082,1279,8.6,8801-1-19-23
8801,7082,1284,8.6,8801-1-19-25
8801,7082,4022,8.6,8801-1-19-20
8801,7082,4024,8.6,8801-1-19-22
8801,7082,4148,8.6,8801-1-19-24
8801,7082,961,8.6,8801-1-19-21
8801,961,1279,8.6,8801-1-21-23
8801,961,1284,8.6,8801-1-21-25
8801,961,4024,8.6,8801-1-21-22
8801,961,4148,8.6,8801-1-21-24
8802,1279,1284,8.6,8802-1-14-16
8802,1279,4148,8.6,8802-1-14-15
8802,4022,1279,8.6,8802-1-11-14
8802,4022,1284,8.6,8802-1-11-16
8802,4022,4024,8.6,8802-1-11-13
8802,4022,4148,8.6,8802-1-11-15
8802,4022,961,8.6,8802-1-11-12
8802,4024,1279,8.6,8802-1-13-14
8802,4024,1284,8.6,8802-1-13-16
8802,4024,4148,8.6,8802-1-13-15
8802,4148,1284,8.6,8802-1-15-16
8802,7082,1279,8.6,8802-1-10-14
8802,7082,1284,8.6,8802-1-10-16
8802,7082,4022,8.6,8802-1-10-11
8802,7082,4024,8.6,8802-1-10-13
8802,7082,4148,8.6,8802-1-10-15
8802,7082,961,8.6,8802-1-10-12
8802,961,1279,8.6,8802-1-12-14
8802,961,1284,8.6,8802-1-12-16
8802,961,4024,8.6,8802-1-12-13
8802,961,4148,8.6,8802-1-12-15
