link_id,capacity_unit,capacity_per_lane_per_hour,lanes_used,period_hours,period_capacity_pce,capacity_source_type,capacity_evidence_grade,vehicle_to_pce_assumption
669858,PCE/1h,500,1,1,500,TD_TPDM_design_flow_transferred_engineering_rule,ENGINEERING_PROXY,1 model_vehicle=1 PCE; scenario assumption
669606,PCE/1h,500,1,1,500,TD_TPDM_design_flow_transferred_engineering_rule,ENGINEERING_PROXY,1 model_vehicle=1 PCE; scenario assumption
669856,PCE/1h,1500,2,1,3000,TD_TPDM_design_flow_transferred_engineering_rule,ENGINEERING_PROXY,1 model_vehicle=1 PCE; scenario assumption
669610,PCE/1h,500,1,1,500,TD_TPDM_design_flow_transferred_engineering_rule,ENGINEERING_PROXY,1 model_vehicle=1 PCE; scenario assumption
669854,PCE/1h,1500,2,1,3000,TD_TPDM_design_flow_transferred_engineering_rule,ENGINEERING_PROXY,1 model_vehicle=1 PCE; scenario assumption
621972,PCE/1h,500,1,1,500,TD_TPDM_design_flow_transferred_engineering_rule,ENGINEERING_PROXY,1 model_vehicle=1 PCE; scenario assumption
621834,PCE/1h,500,1,1,500,TD_TPDM_design_flow_transferred_engineering_rule,ENGINEERING_PROXY,1 model_vehicle=1 PCE; scenario assumption
621926,PCE/1h,500,1,1,500,TD_TPDM_design_flow_transferred_engineering_rule,ENGINEERING_PROXY,1 model_vehicle=1 PCE; scenario assumption
621958,PCE/1h,500,1,1,500,TD_TPDM_design_flow_transferred_engineering_rule,ENGINEERING_PROXY,1 model_vehicle=1 PCE; scenario assumption
621878,PCE/1h,500,1,1,500,TD_TPDM_design_flow_transferred_engineering_rule,ENGINEERING_PROXY,1 model_vehicle=1 PCE; scenario assumption
621970,PCE/1h,500,1,1,500,TD_TPDM_design_flow_transferred_engineering_rule,ENGINEERING_PROXY,1 model_vehicle=1 PCE; scenario assumption
319912,PCE/1h,500,1,1,500,TD_TPDM_design_flow_transferred_engineering_rule,ENGINEERING_PROXY,1 model_vehicle=1 PCE; scenario assumption
669852,PCE/1h,1500,2,1,3000,TD_TPDM_design_flow_transferred_engineering_rule,ENGINEERING_PROXY,1 model_vehicle=1 PCE; scenario assumption
622566,PCE/1h,500,1,1,500,TD_TPDM_design_flow_transferred_engineering_rule,ENGINEERING_PROXY,1 model_vehicle=1 PCE; scenario assumption
622568,PCE/1h,500,1,1,500,TD_TPDM_design_flow_transferred_engineering_rule,ENGINEERING_PROXY,1 model_vehicle=1 PCE; scenario assumption
621964,PCE/1h,500,1,1,500,TD_TPDM_design_flow_transferred_engineering_rule,ENGINEERING_PROXY,1 model_vehicle=1 PCE; scenario assumption
621830,PCE/1h,500,1,1,500,TD_TPDM_design_flow_transferred_engineering_rule,ENGINEERING_PROXY,1 model_vehicle=1 PCE; scenario assumption
622118,PCE/1h,500,1,1,500,TD_TPDM_design_flow_transferred_engineering_rule,ENGINEERING_PROXY,1 model_vehicle=1 PCE; scenario assumption
621954,PCE/1h,500,1,1,500,TD_TPDM_design_flow_transferred_engineering_rule,ENGINEERING_PROXY,1 model_vehicle=1 PCE; scenario assumption
622142,PCE/1h,500,1,1,500,TD_TPDM_design_flow_transferred_engineering_rule,ENGINEERING_PROXY,1 model_vehicle=1 PCE; scenario assumption
622146,PCE/1h,500,1,1,500,TD_TPDM_design_flow_transferred_engineering_rule,ENGINEERING_PROXY,1 model_vehicle=1 PCE; scenario assumption
621927,PCE/1h,500,1,1,500,TD_TPDM_design_flow_transferred_engineering_rule,ENGINEERING_PROXY,1 model_vehicle=1 PCE; scenario assumption
621812,PCE/1h,500,1,1,500,TD_TPDM_design_flow_transferred_engineering_rule,ENGINEERING_PROXY,1 model_vehicle=1 PCE; scenario assumption
621952,PCE/1h,500,1,1,500,TD_TPDM_design_flow_transferred_engineering_rule,ENGINEERING_PROXY,1 model_vehicle=1 PCE; scenario assumption
621950,PCE/1h,500,1,1,500,TD_TPDM_design_flow_transferred_engineering_rule,ENGINEERING_PROXY,1 model_vehicle=1 PCE; scenario assumption
623394,PCE/1h,500,1,1,500,TD_TPDM_design_flow_transferred_engineering_rule,ENGINEERING_PROXY,1 model_vehicle=1 PCE; scenario assumption
621974,PCE/1h,500,1,1,500,TD_TPDM_design_flow_transferred_engineering_rule,ENGINEERING_PROXY,1 model_vehicle=1 PCE; scenario assumption
621996,PCE/1h,500,1,1,500,TD_TPDM_design_flow_transferred_engineering_rule,ENGINEERING_PROXY,1 model_vehicle=1 PCE; scenario assumption
621956,PCE/1h,500,1,1,500,TD_TPDM_design_flow_transferred_engineering_rule,ENGINEERING_PROXY,1 model_vehicle=1 PCE; scenario assumption
622000,PCE/1h,500,1,1,500,TD_TPDM_design_flow_transferred_engineering_rule,ENGINEERING_PROXY,1 model_vehicle=1 PCE; scenario assumption
621978,PCE/1h,500,1,1,500,TD_TPDM_design_flow_transferred_engineering_rule,ENGINEERING_PROXY,1 model_vehicle=1 PCE; scenario assumption
621984,PCE/1h,500,1,1,500,TD_TPDM_design_flow_transferred_engineering_rule,ENGINEERING_PROXY,1 model_vehicle=1 PCE; scenario assumption
621986,PCE/1h,500,1,1,500,TD_TPDM_design_flow_transferred_engineering_rule,ENGINEERING_PROXY,1 model_vehicle=1 PCE; scenario assumption
621988,PCE/1h,500,1,1,500,TD_TPDM_design_flow_transferred_engineering_rule,ENGINEERING_PROXY,1 model_vehicle=1 PCE; scenario assumption
621884,PCE/1h,500,1,1,500,TD_TPDM_design_flow_transferred_engineering_rule,ENGINEERING_PROXY,1 model_vehicle=1 PCE; scenario assumption
621980,PCE/1h,500,1,1,500,TD_TPDM_design_flow_transferred_engineering_rule,ENGINEERING_PROXY,1 model_vehicle=1 PCE; scenario assumption
621992,PCE/1h,500,1,1,500,TD_TPDM_design_flow_transferred_engineering_rule,ENGINEERING_PROXY,1 model_vehicle=1 PCE; scenario assumption
621976,PCE/1h,500,1,1,500,TD_TPDM_design_flow_transferred_engineering_rule,ENGINEERING_PROXY,1 model_vehicle=1 PCE; scenario assumption
621982,PCE/1h,500,1,1,500,TD_TPDM_design_flow_transferred_engineering_rule,ENGINEERING_PROXY,1 model_vehicle=1 PCE; scenario assumption
621990,PCE/1h,500,1,1,500,TD_TPDM_design_flow_transferred_engineering_rule,ENGINEERING_PROXY,1 model_vehicle=1 PCE; scenario assumption
313744,PCE/1h,500,1,1,500,TD_TPDM_design_flow_transferred_engineering_rule,ENGINEERING_PROXY,1 model_vehicle=1 PCE; scenario assumption
313836,PCE/1h,500,1,1,500,TD_TPDM_design_flow_transferred_engineering_rule,ENGINEERING_PROXY,1 model_vehicle=1 PCE; scenario assumption
313748,PCE/1h,500,1,1,500,TD_TPDM_design_flow_transferred_engineering_rule,ENGINEERING_PROXY,1 model_vehicle=1 PCE; scenario assumption
623382,PCE/1h,500,1,1,500,TD_TPDM_design_flow_transferred_engineering_rule,ENGINEERING_PROXY,1 model_vehicle=1 PCE; scenario assumption
623386,PCE/1h,500,1,1,500,TD_TPDM_design_flow_transferred_engineering_rule,ENGINEERING_PROXY,1 model_vehicle=1 PCE; scenario assumption
623398,PCE/1h,500,1,1,500,TD_TPDM_design_flow_transferred_engineering_rule,ENGINEERING_PROXY,1 model_vehicle=1 PCE; scenario assumption
623378,PCE/1h,500,1,1,500,TD_TPDM_design_flow_transferred_engineering_rule,ENGINEERING_PROXY,1 model_vehicle=1 PCE; scenario assumption
633338,PCE/1h,500,1,1,500,TD_TPDM_design_flow_transferred_engineering_rule,ENGINEERING_PROXY,1 model_vehicle=1 PCE; scenario assumption
623408,PCE/1h,500,1,1,500,TD_TPDM_design_flow_transferred_engineering_rule,ENGINEERING_PROXY,1 model_vehicle=1 PCE; scenario assumption
633336,PCE/1h,500,1,1,500,TD_TPDM_design_flow_transferred_engineering_rule,ENGINEERING_PROXY,1 model_vehicle=1 PCE; scenario assumption
623414,PCE/1h,500,1,1,500,TD_TPDM_design_flow_transferred_engineering_rule,ENGINEERING_PROXY,1 model_vehicle=1 PCE; scenario assumption
313802,PCE/1h,500,1,1,500,TD_TPDM_design_flow_transferred_engineering_rule,ENGINEERING_PROXY,1 model_vehicle=1 PCE; scenario assumption
623392,PCE/1h,500,1,1,500,TD_TPDM_design_flow_transferred_engineering_rule,ENGINEERING_PROXY,1 model_vehicle=1 PCE; scenario assumption
623418,PCE/1h,500,1,1,500,TD_TPDM_design_flow_transferred_engineering_rule,ENGINEERING_PROXY,1 model_vehicle=1 PCE; scenario assumption
313796,PCE/1h,500,1,1,500,TD_TPDM_design_flow_transferred_engineering_rule,ENGINEERING_PROXY,1 model_vehicle=1 PCE; scenario assumption
313803,PCE/1h,500,1,1,500,TD_TPDM_design_flow_transferred_engineering_rule,ENGINEERING_PROXY,1 model_vehicle=1 PCE; scenario assumption
319922,PCE/1h,500,1,1,500,TD_TPDM_design_flow_transferred_engineering_rule,ENGINEERING_PROXY,1 model_vehicle=1 PCE; scenario assumption
632806,PCE/1h,500,1,1,500,TD_TPDM_design_flow_transferred_engineering_rule,ENGINEERING_PROXY,1 model_vehicle=1 PCE; scenario assumption
319923,PCE/1h,500,1,1,500,TD_TPDM_design_flow_transferred_engineering_rule,ENGINEERING_PROXY,1 model_vehicle=1 PCE; scenario assumption
311098,PCE/1h,500,1,1,500,TD_TPDM_design_flow_transferred_engineering_rule,ENGINEERING_PROXY,1 model_vehicle=1 PCE; scenario assumption
623374,PCE/1h,500,1,1,500,TD_TPDM_design_flow_transferred_engineering_rule,ENGINEERING_PROXY,1 model_vehicle=1 PCE; scenario assumption
311066,PCE/1h,500,1,1,500,TD_TPDM_design_flow_transferred_engineering_rule,ENGINEERING_PROXY,1 model_vehicle=1 PCE; scenario assumption
670374,PCE/1h,500,1,1,500,TD_TPDM_design_flow_transferred_engineering_rule,ENGINEERING_PROXY,1 model_vehicle=1 PCE; scenario assumption
669604,PCE/1h,500,1,1,500,TD_TPDM_design_flow_transferred_engineering_rule,ENGINEERING_PROXY,1 model_vehicle=1 PCE; scenario assumption
669602,PCE/1h,500,1,1,500,TD_TPDM_design_flow_transferred_engineering_rule,ENGINEERING_PROXY,1 model_vehicle=1 PCE; scenario assumption
622036,PCE/1h,500,1,1,500,TD_TPDM_design_flow_transferred_engineering_rule,ENGINEERING_PROXY,1 model_vehicle=1 PCE; scenario assumption
622138,PCE/1h,500,1,1,500,TD_TPDM_design_flow_transferred_engineering_rule,ENGINEERING_PROXY,1 model_vehicle=1 PCE; scenario assumption
622009,PCE/1h,500,1,1,500,TD_TPDM_design_flow_transferred_engineering_rule,ENGINEERING_PROXY,1 model_vehicle=1 PCE; scenario assumption
669600,PCE/1h,500,1,1,500,TD_TPDM_design_flow_transferred_engineering_rule,ENGINEERING_PROXY,1 model_vehicle=1 PCE; scenario assumption
669598,PCE/1h,500,1,1,500,TD_TPDM_design_flow_transferred_engineering_rule,ENGINEERING_PROXY,1 model_vehicle=1 PCE; scenario assumption
622040,PCE/1h,500,1,1,500,TD_TPDM_design_flow_transferred_engineering_rule,ENGINEERING_PROXY,1 model_vehicle=1 PCE; scenario assumption
622042,PCE/1h,500,1,1,500,TD_TPDM_design_flow_transferred_engineering_rule,ENGINEERING_PROXY,1 model_vehicle=1 PCE; scenario assumption
622017,PCE/1h,500,1,1,500,TD_TPDM_design_flow_transferred_engineering_rule,ENGINEERING_PROXY,1 model_vehicle=1 PCE; scenario assumption
311000,PCE/1h,500,1,1,500,TD_TPDM_design_flow_transferred_engineering_rule,ENGINEERING_PROXY,1 model_vehicle=1 PCE; scenario assumption
623406,PCE/1h,500,1,1,500,TD_TPDM_design_flow_transferred_engineering_rule,ENGINEERING_PROXY,1 model_vehicle=1 PCE; scenario assumption
622059,PCE/1h,500,1,1,500,TD_TPDM_design_flow_transferred_engineering_rule,ENGINEERING_PROXY,1 model_vehicle=1 PCE; scenario assumption
623410,PCE/1h,500,1,1,500,TD_TPDM_design_flow_transferred_engineering_rule,ENGINEERING_PROXY,1 model_vehicle=1 PCE; scenario assumption
622058,PCE/1h,500,1,1,500,TD_TPDM_design_flow_transferred_engineering_rule,ENGINEERING_PROXY,1 model_vehicle=1 PCE; scenario assumption
622056,PCE/1h,500,1,1,500,TD_TPDM_design_flow_transferred_engineering_rule,ENGINEERING_PROXY,1 model_vehicle=1 PCE; scenario assumption
622054,PCE/1h,500,1,1,500,TD_TPDM_design_flow_transferred_engineering_rule,ENGINEERING_PROXY,1 model_vehicle=1 PCE; scenario assumption
622057,PCE/1h,500,1,1,500,TD_TPDM_design_flow_transferred_engineering_rule,ENGINEERING_PROXY,1 model_vehicle=1 PCE; scenario assumption
622052,PCE/1h,500,1,1,500,TD_TPDM_design_flow_transferred_engineering_rule,ENGINEERING_PROXY,1 model_vehicle=1 PCE; scenario assumption
622038,PCE/1h,500,1,1,500,TD_TPDM_design_flow_transferred_engineering_rule,ENGINEERING_PROXY,1 model_vehicle=1 PCE; scenario assumption
622044,PCE/1h,500,1,1,500,TD_TPDM_design_flow_transferred_engineering_rule,ENGINEERING_PROXY,1 model_vehicle=1 PCE; scenario assumption
622008,PCE/1h,500,1,1,500,TD_TPDM_design_flow_transferred_engineering_rule,ENGINEERING_PROXY,1 model_vehicle=1 PCE; scenario assumption
622016,PCE/1h,500,1,1,500,TD_TPDM_design_flow_transferred_engineering_rule,ENGINEERING_PROXY,1 model_vehicle=1 PCE; scenario assumption
621758,PCE/1h,500,1,1,500,TD_TPDM_design_flow_transferred_engineering_rule,ENGINEERING_PROXY,1 model_vehicle=1 PCE; scenario assumption
622014,PCE/1h,500,1,1,500,TD_TPDM_design_flow_transferred_engineering_rule,ENGINEERING_PROXY,1 model_vehicle=1 PCE; scenario assumption
669612,PCE/1h,500,1,1,500,TD_TPDM_design_flow_transferred_engineering_rule,ENGINEERING_PROXY,1 model_vehicle=1 PCE; scenario assumption
622055,PCE/1h,500,1,1,500,TD_TPDM_design_flow_transferred_engineering_rule,ENGINEERING_PROXY,1 model_vehicle=1 PCE; scenario assumption
622046,PCE/1h,500,1,1,500,TD_TPDM_design_flow_transferred_engineering_rule,ENGINEERING_PROXY,1 model_vehicle=1 PCE; scenario assumption
670372,PCE/1h,500,1,1,500,TD_TPDM_design_flow_transferred_engineering_rule,ENGINEERING_PROXY,1 model_vehicle=1 PCE; scenario assumption
621759,PCE/1h,500,1,1,500,TD_TPDM_design_flow_transferred_engineering_rule,ENGINEERING_PROXY,1 model_vehicle=1 PCE; scenario assumption
622018,PCE/1h,500,1,1,500,TD_TPDM_design_flow_transferred_engineering_rule,ENGINEERING_PROXY,1 model_vehicle=1 PCE; scenario assumption
669596,PCE/1h,500,1,1,500,TD_TPDM_design_flow_transferred_engineering_rule,ENGINEERING_PROXY,1 model_vehicle=1 PCE; scenario assumption
669592,PCE/1h,500,1,1,500,TD_TPDM_design_flow_transferred_engineering_rule,ENGINEERING_PROXY,1 model_vehicle=1 PCE; scenario assumption
669594,PCE/1h,500,1,1,500,TD_TPDM_design_flow_transferred_engineering_rule,ENGINEERING_PROXY,1 model_vehicle=1 PCE; scenario assumption
669597,PCE/1h,500,1,1,500,TD_TPDM_design_flow_transferred_engineering_rule,ENGINEERING_PROXY,1 model_vehicle=1 PCE; scenario assumption
311480,PCE/1h,500,1,1,500,TD_TPDM_design_flow_transferred_engineering_rule,ENGINEERING_PROXY,1 model_vehicle=1 PCE; scenario assumption
669593,PCE/1h,500,1,1,500,TD_TPDM_design_flow_transferred_engineering_rule,ENGINEERING_PROXY,1 model_vehicle=1 PCE; scenario assumption
622015,PCE/1h,500,1,1,500,TD_TPDM_design_flow_transferred_engineering_rule,ENGINEERING_PROXY,1 model_vehicle=1 PCE; scenario assumption
622034,PCE/1h,500,1,1,500,TD_TPDM_design_flow_transferred_engineering_rule,ENGINEERING_PROXY,1 model_vehicle=1 PCE; scenario assumption
310604,PCE/1h,500,1,1,500,TD_TPDM_design_flow_transferred_engineering_rule,ENGINEERING_PROXY,1 model_vehicle=1 PCE; scenario assumption
310812,PCE/1h,500,1,1,500,TD_TPDM_design_flow_transferred_engineering_rule,ENGINEERING_PROXY,1 model_vehicle=1 PCE; scenario assumption
310770,PCE/1h,500,1,1,500,TD_TPDM_design_flow_transferred_engineering_rule,ENGINEERING_PROXY,1 model_vehicle=1 PCE; scenario assumption
669614,PCE/1h,500,1,1,500,TD_TPDM_design_flow_transferred_engineering_rule,ENGINEERING_PROXY,1 model_vehicle=1 PCE; scenario assumption
622050,PCE/1h,500,1,1,500,TD_TPDM_design_flow_transferred_engineering_rule,ENGINEERING_PROXY,1 model_vehicle=1 PCE; scenario assumption
310768,PCE/1h,500,1,1,500,TD_TPDM_design_flow_transferred_engineering_rule,ENGINEERING_PROXY,1 model_vehicle=1 PCE; scenario assumption
310794,PCE/1h,500,1,1,500,TD_TPDM_design_flow_transferred_engineering_rule,ENGINEERING_PROXY,1 model_vehicle=1 PCE; scenario assumption
621346,PCE/1h,500,1,1,500,TD_TPDM_design_flow_transferred_engineering_rule,ENGINEERING_PROXY,1 model_vehicle=1 PCE; scenario assumption
622012,PCE/1h,500,1,1,500,TD_TPDM_design_flow_transferred_engineering_rule,ENGINEERING_PROXY,1 model_vehicle=1 PCE; scenario assumption
622006,PCE/1h,500,1,1,500,TD_TPDM_design_flow_transferred_engineering_rule,ENGINEERING_PROXY,1 model_vehicle=1 PCE; scenario assumption
310988,PCE/1h,500,1,1,500,TD_TPDM_design_flow_transferred_engineering_rule,ENGINEERING_PROXY,1 model_vehicle=1 PCE; scenario assumption
313794,PCE/1h,500,1,1,500,TD_TPDM_design_flow_transferred_engineering_rule,ENGINEERING_PROXY,1 model_vehicle=1 PCE; scenario assumption
622134,PCE/1h,500,1,1,500,TD_TPDM_design_flow_transferred_engineering_rule,ENGINEERING_PROXY,1 model_vehicle=1 PCE; scenario assumption
621890,PCE/1h,500,1,1,500,TD_TPDM_design_flow_transferred_engineering_rule,ENGINEERING_PROXY,1 model_vehicle=1 PCE; scenario assumption
621966,PCE/1h,500,1,1,500,TD_TPDM_design_flow_transferred_engineering_rule,ENGINEERING_PROXY,1 model_vehicle=1 PCE; scenario assumption
621790,PCE/1h,500,1,1,500,TD_TPDM_design_flow_transferred_engineering_rule,ENGINEERING_PROXY,1 model_vehicle=1 PCE; scenario assumption
621804,PCE/1h,500,1,1,500,TD_TPDM_design_flow_transferred_engineering_rule,ENGINEERING_PROXY,1 model_vehicle=1 PCE; scenario assumption
621826,PCE/1h,500,1,1,500,TD_TPDM_design_flow_transferred_engineering_rule,ENGINEERING_PROXY,1 model_vehicle=1 PCE; scenario assumption
668344,PCE/1h,1500,2,1,3000,TD_TPDM_design_flow_transferred_engineering_rule,ENGINEERING_PROXY,1 model_vehicle=1 PCE; scenario assumption
621762,PCE/1h,500,1,1,500,TD_TPDM_design_flow_transferred_engineering_rule,ENGINEERING_PROXY,1 model_vehicle=1 PCE; scenario assumption
311017,PCE/1h,500,1,1,500,TD_TPDM_design_flow_transferred_engineering_rule,ENGINEERING_PROXY,1 model_vehicle=1 PCE; scenario assumption
621796,PCE/1h,500,1,1,500,TD_TPDM_design_flow_transferred_engineering_rule,ENGINEERING_PROXY,1 model_vehicle=1 PCE; scenario assumption
621798,PCE/1h,500,1,1,500,TD_TPDM_design_flow_transferred_engineering_rule,ENGINEERING_PROXY,1 model_vehicle=1 PCE; scenario assumption
621780,PCE/1h,500,1,1,500,TD_TPDM_design_flow_transferred_engineering_rule,ENGINEERING_PROXY,1 model_vehicle=1 PCE; scenario assumption
622010,PCE/1h,500,1,1,500,TD_TPDM_design_flow_transferred_engineering_rule,ENGINEERING_PROXY,1 model_vehicle=1 PCE; scenario assumption
622032,PCE/1h,500,1,1,500,TD_TPDM_design_flow_transferred_engineering_rule,ENGINEERING_PROXY,1 model_vehicle=1 PCE; scenario assumption
311016,PCE/1h,500,1,1,500,TD_TPDM_design_flow_transferred_engineering_rule,ENGINEERING_PROXY,1 model_vehicle=1 PCE; scenario assumption
622792,PCE/1h,500,1,1,500,TD_TPDM_design_flow_transferred_engineering_rule,ENGINEERING_PROXY,1 model_vehicle=1 PCE; scenario assumption
622793,PCE/1h,500,1,1,500,TD_TPDM_design_flow_transferred_engineering_rule,ENGINEERING_PROXY,1 model_vehicle=1 PCE; scenario assumption
310922,PCE/1h,500,1,1,500,TD_TPDM_design_flow_transferred_engineering_rule,ENGINEERING_PROXY,1 model_vehicle=1 PCE; scenario assumption
310924,PCE/1h,500,1,1,500,TD_TPDM_design_flow_transferred_engineering_rule,ENGINEERING_PROXY,1 model_vehicle=1 PCE; scenario assumption
310828,PCE/1h,500,1,1,500,TD_TPDM_design_flow_transferred_engineering_rule,ENGINEERING_PROXY,1 model_vehicle=1 PCE; scenario assumption
621764,PCE/1h,500,1,1,500,TD_TPDM_design_flow_transferred_engineering_rule,ENGINEERING_PROXY,1 model_vehicle=1 PCE; scenario assumption
622023,PCE/1h,500,1,1,500,TD_TPDM_design_flow_transferred_engineering_rule,ENGINEERING_PROXY,1 model_vehicle=1 PCE; scenario assumption
310788,PCE/1h,500,1,1,500,TD_TPDM_design_flow_transferred_engineering_rule,ENGINEERING_PROXY,1 model_vehicle=1 PCE; scenario assumption
310866,PCE/1h,500,1,1,500,TD_TPDM_design_flow_transferred_engineering_rule,ENGINEERING_PROXY,1 model_vehicle=1 PCE; scenario assumption
622022,PCE/1h,500,1,1,500,TD_TPDM_design_flow_transferred_engineering_rule,ENGINEERING_PROXY,1 model_vehicle=1 PCE; scenario assumption
622026,PCE/1h,500,1,1,500,TD_TPDM_design_flow_transferred_engineering_rule,ENGINEERING_PROXY,1 model_vehicle=1 PCE; scenario assumption
622024,PCE/1h,500,1,1,500,TD_TPDM_design_flow_transferred_engineering_rule,ENGINEERING_PROXY,1 model_vehicle=1 PCE; scenario assumption
622027,PCE/1h,500,1,1,500,TD_TPDM_design_flow_transferred_engineering_rule,ENGINEERING_PROXY,1 model_vehicle=1 PCE; scenario assumption
622572,PCE/1h,500,1,1,500,TD_TPDM_design_flow_transferred_engineering_rule,ENGINEERING_PROXY,1 model_vehicle=1 PCE; scenario assumption
622030,PCE/1h,500,1,1,500,TD_TPDM_design_flow_transferred_engineering_rule,ENGINEERING_PROXY,1 model_vehicle=1 PCE; scenario assumption
622570,PCE/1h,500,1,1,500,TD_TPDM_design_flow_transferred_engineering_rule,ENGINEERING_PROXY,1 model_vehicle=1 PCE; scenario assumption
310816,PCE/1h,500,1,1,500,TD_TPDM_design_flow_transferred_engineering_rule,ENGINEERING_PROXY,1 model_vehicle=1 PCE; scenario assumption
310822,PCE/1h,500,1,1,500,TD_TPDM_design_flow_transferred_engineering_rule,ENGINEERING_PROXY,1 model_vehicle=1 PCE; scenario assumption
311013,PCE/1h,500,1,1,500,TD_TPDM_design_flow_transferred_engineering_rule,ENGINEERING_PROXY,1 model_vehicle=1 PCE; scenario assumption
311053,PCE/1h,500,1,1,500,TD_TPDM_design_flow_transferred_engineering_rule,ENGINEERING_PROXY,1 model_vehicle=1 PCE; scenario assumption
311032,PCE/1h,500,1,1,500,TD_TPDM_design_flow_transferred_engineering_rule,ENGINEERING_PROXY,1 model_vehicle=1 PCE; scenario assumption
621349,PCE/1h,500,1,1,500,TD_TPDM_design_flow_transferred_engineering_rule,ENGINEERING_PROXY,1 model_vehicle=1 PCE; scenario assumption
622025,PCE/1h,500,1,1,500,TD_TPDM_design_flow_transferred_engineering_rule,ENGINEERING_PROXY,1 model_vehicle=1 PCE; scenario assumption
360312,PCE/1h,500,1,1,500,TD_TPDM_design_flow_transferred_engineering_rule,ENGINEERING_PROXY,1 model_vehicle=1 PCE; scenario assumption
310868,PCE/1h,500,1,1,500,TD_TPDM_design_flow_transferred_engineering_rule,ENGINEERING_PROXY,1 model_vehicle=1 PCE; scenario assumption
311012,PCE/1h,500,1,1,500,TD_TPDM_design_flow_transferred_engineering_rule,ENGINEERING_PROXY,1 model_vehicle=1 PCE; scenario assumption
621348,PCE/1h,500,1,1,500,TD_TPDM_design_flow_transferred_engineering_rule,ENGINEERING_PROXY,1 model_vehicle=1 PCE; scenario assumption
621350,PCE/1h,500,1,1,500,TD_TPDM_design_flow_transferred_engineering_rule,ENGINEERING_PROXY,1 model_vehicle=1 PCE; scenario assumption
622028,PCE/1h,500,1,1,500,TD_TPDM_design_flow_transferred_engineering_rule,ENGINEERING_PROXY,1 model_vehicle=1 PCE; scenario assumption
311052,PCE/1h,500,1,1,500,TD_TPDM_design_flow_transferred_engineering_rule,ENGINEERING_PROXY,1 model_vehicle=1 PCE; scenario assumption
668342,PCE/1h,1500,2,1,3000,TD_TPDM_design_flow_transferred_engineering_rule,ENGINEERING_PROXY,1 model_vehicle=1 PCE; scenario assumption
621351,PCE/1h,500,1,1,500,TD_TPDM_design_flow_transferred_engineering_rule,ENGINEERING_PROXY,1 model_vehicle=1 PCE; scenario assumption
311040,PCE/1h,500,1,1,500,TD_TPDM_design_flow_transferred_engineering_rule,ENGINEERING_PROXY,1 model_vehicle=1 PCE; scenario assumption
310826,PCE/1h,500,1,1,500,TD_TPDM_design_flow_transferred_engineering_rule,ENGINEERING_PROXY,1 model_vehicle=1 PCE; scenario assumption
310808,PCE/1h,500,1,1,500,TD_TPDM_design_flow_transferred_engineering_rule,ENGINEERING_PROXY,1 model_vehicle=1 PCE; scenario assumption
310850,PCE/1h,500,1,1,500,TD_TPDM_design_flow_transferred_engineering_rule,ENGINEERING_PROXY,1 model_vehicle=1 PCE; scenario assumption
310602,PCE/1h,500,1,1,500,TD_TPDM_design_flow_transferred_engineering_rule,ENGINEERING_PROXY,1 model_vehicle=1 PCE; scenario assumption
313658,PCE/1h,1500,2,1,3000,TD_TPDM_design_flow_transferred_engineering_rule,ENGINEERING_PROXY,1 model_vehicle=1 PCE; scenario assumption
313656,PCE/1h,500,1,1,500,TD_TPDM_design_flow_transferred_engineering_rule,ENGINEERING_PROXY,1 model_vehicle=1 PCE; scenario assumption
621782,PCE/1h,500,1,1,500,TD_TPDM_design_flow_transferred_engineering_rule,ENGINEERING_PROXY,1 model_vehicle=1 PCE; scenario assumption
626207,PCE/1h,500,1,1,500,TD_TPDM_design_flow_transferred_engineering_rule,ENGINEERING_PROXY,1 model_vehicle=1 PCE; scenario assumption
626204,PCE/1h,500,1,1,500,TD_TPDM_design_flow_transferred_engineering_rule,ENGINEERING_PROXY,1 model_vehicle=1 PCE; scenario assumption
626206,PCE/1h,500,1,1,500,TD_TPDM_design_flow_transferred_engineering_rule,ENGINEERING_PROXY,1 model_vehicle=1 PCE; scenario assumption
622136,PCE/1h,500,1,1,500,TD_TPDM_design_flow_transferred_engineering_rule,ENGINEERING_PROXY,1 model_vehicle=1 PCE; scenario assumption
310857,PCE/1h,500,1,1,500,TD_TPDM_design_flow_transferred_engineering_rule,ENGINEERING_PROXY,1 model_vehicle=1 PCE; scenario assumption
313753,PCE/1h,500,1,1,500,TD_TPDM_design_flow_transferred_engineering_rule,ENGINEERING_PROXY,1 model_vehicle=1 PCE; scenario assumption
310898,PCE/1h,500,1,1,500,TD_TPDM_design_flow_transferred_engineering_rule,ENGINEERING_PROXY,1 model_vehicle=1 PCE; scenario assumption
310590,PCE/1h,500,1,1,500,TD_TPDM_design_flow_transferred_engineering_rule,ENGINEERING_PROXY,1 model_vehicle=1 PCE; scenario assumption
310612,PCE/1h,500,1,1,500,TD_TPDM_design_flow_transferred_engineering_rule,ENGINEERING_PROXY,1 model_vehicle=1 PCE; scenario assumption
622020,PCE/1h,500,1,1,500,TD_TPDM_design_flow_transferred_engineering_rule,ENGINEERING_PROXY,1 model_vehicle=1 PCE; scenario assumption
310856,PCE/1h,500,1,1,500,TD_TPDM_design_flow_transferred_engineering_rule,ENGINEERING_PROXY,1 model_vehicle=1 PCE; scenario assumption
313752,PCE/1h,500,1,1,500,TD_TPDM_design_flow_transferred_engineering_rule,ENGINEERING_PROXY,1 model_vehicle=1 PCE; scenario assumption
310591,PCE/1h,500,1,1,500,TD_TPDM_design_flow_transferred_engineering_rule,ENGINEERING_PROXY,1 model_vehicle=1 PCE; scenario assumption
310877,PCE/1h,500,1,1,500,TD_TPDM_design_flow_transferred_engineering_rule,ENGINEERING_PROXY,1 model_vehicle=1 PCE; scenario assumption
311036,PCE/1h,500,1,1,500,TD_TPDM_design_flow_transferred_engineering_rule,ENGINEERING_PROXY,1 model_vehicle=1 PCE; scenario assumption
313420,PCE/1h,500,1,1,500,TD_TPDM_design_flow_transferred_engineering_rule,ENGINEERING_PROXY,1 model_vehicle=1 PCE; scenario assumption
622790,PCE/1h,500,1,1,500,TD_TPDM_design_flow_transferred_engineering_rule,ENGINEERING_PROXY,1 model_vehicle=1 PCE; scenario assumption
310918,PCE/1h,500,1,1,500,TD_TPDM_design_flow_transferred_engineering_rule,ENGINEERING_PROXY,1 model_vehicle=1 PCE; scenario assumption
313784,PCE/1h,500,1,1,500,TD_TPDM_design_flow_transferred_engineering_rule,ENGINEERING_PROXY,1 model_vehicle=1 PCE; scenario assumption
648366,PCE/1h,500,1,1,500,TD_TPDM_design_flow_transferred_engineering_rule,ENGINEERING_PROXY,1 model_vehicle=1 PCE; scenario assumption
313754,PCE/1h,500,1,1,500,TD_TPDM_design_flow_transferred_engineering_rule,ENGINEERING_PROXY,1 model_vehicle=1 PCE; scenario assumption
671294,PCE/1h,500,1,1,500,TD_TPDM_design_flow_transferred_engineering_rule,ENGINEERING_PROXY,1 model_vehicle=1 PCE; scenario assumption
310588,PCE/1h,500,1,1,500,TD_TPDM_design_flow_transferred_engineering_rule,ENGINEERING_PROXY,1 model_vehicle=1 PCE; scenario assumption
313732,PCE/1h,500,1,1,500,TD_TPDM_design_flow_transferred_engineering_rule,ENGINEERING_PROXY,1 model_vehicle=1 PCE; scenario assumption
310790,PCE/1h,500,1,1,500,TD_TPDM_design_flow_transferred_engineering_rule,ENGINEERING_PROXY,1 model_vehicle=1 PCE; scenario assumption
310920,PCE/1h,500,1,1,500,TD_TPDM_design_flow_transferred_engineering_rule,ENGINEERING_PROXY,1 model_vehicle=1 PCE; scenario assumption
310862,PCE/1h,500,1,1,500,TD_TPDM_design_flow_transferred_engineering_rule,ENGINEERING_PROXY,1 model_vehicle=1 PCE; scenario assumption
310778,PCE/1h,500,1,1,500,TD_TPDM_design_flow_transferred_engineering_rule,ENGINEERING_PROXY,1 model_vehicle=1 PCE; scenario assumption
310876,PCE/1h,500,1,1,500,TD_TPDM_design_flow_transferred_engineering_rule,ENGINEERING_PROXY,1 model_vehicle=1 PCE; scenario assumption
313734,PCE/1h,500,1,1,500,TD_TPDM_design_flow_transferred_engineering_rule,ENGINEERING_PROXY,1 model_vehicle=1 PCE; scenario assumption
314202,PCE/1h,500,1,1,500,TD_TPDM_design_flow_transferred_engineering_rule,ENGINEERING_PROXY,1 model_vehicle=1 PCE; scenario assumption
671224,PCE/1h,500,1,1,500,TD_TPDM_design_flow_transferred_engineering_rule,ENGINEERING_PROXY,1 model_vehicle=1 PCE; scenario assumption
310984,PCE/1h,500,1,1,500,TD_TPDM_design_flow_transferred_engineering_rule,ENGINEERING_PROXY,1 model_vehicle=1 PCE; scenario assumption
310830,PCE/1h,500,1,1,500,TD_TPDM_design_flow_transferred_engineering_rule,ENGINEERING_PROXY,1 model_vehicle=1 PCE; scenario assumption
310642,PCE/1h,500,1,1,500,TD_TPDM_design_flow_transferred_engineering_rule,ENGINEERING_PROXY,1 model_vehicle=1 PCE; scenario assumption
310860,PCE/1h,500,1,1,500,TD_TPDM_design_flow_transferred_engineering_rule,ENGINEERING_PROXY,1 model_vehicle=1 PCE; scenario assumption
310852,PCE/1h,500,1,1,500,TD_TPDM_design_flow_transferred_engineering_rule,ENGINEERING_PROXY,1 model_vehicle=1 PCE; scenario assumption
621774,PCE/1h,500,1,1,500,TD_TPDM_design_flow_transferred_engineering_rule,ENGINEERING_PROXY,1 model_vehicle=1 PCE; scenario assumption
642086,PCE/1h,500,1,1,500,TD_TPDM_design_flow_transferred_engineering_rule,ENGINEERING_PROXY,1 model_vehicle=1 PCE; scenario assumption
310992,PCE/1h,500,1,1,500,TD_TPDM_design_flow_transferred_engineering_rule,ENGINEERING_PROXY,1 model_vehicle=1 PCE; scenario assumption
310772,PCE/1h,500,1,1,500,TD_TPDM_design_flow_transferred_engineering_rule,ENGINEERING_PROXY,1 model_vehicle=1 PCE; scenario assumption
310820,PCE/1h,500,1,1,500,TD_TPDM_design_flow_transferred_engineering_rule,ENGINEERING_PROXY,1 model_vehicle=1 PCE; scenario assumption
621778,PCE/1h,500,1,1,500,TD_TPDM_design_flow_transferred_engineering_rule,ENGINEERING_PROXY,1 model_vehicle=1 PCE; scenario assumption
642088,PCE/1h,500,1,1,500,TD_TPDM_design_flow_transferred_engineering_rule,ENGINEERING_PROXY,1 model_vehicle=1 PCE; scenario assumption
671218,PCE/1h,500,1,1,500,TD_TPDM_design_flow_transferred_engineering_rule,ENGINEERING_PROXY,1 model_vehicle=1 PCE; scenario assumption
310814,PCE/1h,500,1,1,500,TD_TPDM_design_flow_transferred_engineering_rule,ENGINEERING_PROXY,1 model_vehicle=1 PCE; scenario assumption
671216,PCE/1h,500,1,1,500,TD_TPDM_design_flow_transferred_engineering_rule,ENGINEERING_PROXY,1 model_vehicle=1 PCE; scenario assumption
311086,PCE/1h,500,1,1,500,TD_TPDM_design_flow_transferred_engineering_rule,ENGINEERING_PROXY,1 model_vehicle=1 PCE; scenario assumption
310644,PCE/1h,500,1,1,500,TD_TPDM_design_flow_transferred_engineering_rule,ENGINEERING_PROXY,1 model_vehicle=1 PCE; scenario assumption
310786,PCE/1h,500,1,1,500,TD_TPDM_design_flow_transferred_engineering_rule,ENGINEERING_PROXY,1 model_vehicle=1 PCE; scenario assumption
310614,PCE/1h,500,1,1,500,TD_TPDM_design_flow_transferred_engineering_rule,ENGINEERING_PROXY,1 model_vehicle=1 PCE; scenario assumption
313816,PCE/1h,500,1,1,500,TD_TPDM_design_flow_transferred_engineering_rule,ENGINEERING_PROXY,1 model_vehicle=1 PCE; scenario assumption
311100,PCE/1h,500,1,1,500,TD_TPDM_design_flow_transferred_engineering_rule,ENGINEERING_PROXY,1 model_vehicle=1 PCE; scenario assumption
313478,PCE/1h,500,1,1,500,TD_TPDM_design_flow_transferred_engineering_rule,ENGINEERING_PROXY,1 model_vehicle=1 PCE; scenario assumption
313477,PCE/1h,500,1,1,500,TD_TPDM_design_flow_transferred_engineering_rule,ENGINEERING_PROXY,1 model_vehicle=1 PCE; scenario assumption
310840,PCE/1h,500,1,1,500,TD_TPDM_design_flow_transferred_engineering_rule,ENGINEERING_PROXY,1 model_vehicle=1 PCE; scenario assumption
310843,PCE/1h,500,1,1,500,TD_TPDM_design_flow_transferred_engineering_rule,ENGINEERING_PROXY,1 model_vehicle=1 PCE; scenario assumption
323849,PCE/1h,500,1,1,500,TD_TPDM_design_flow_transferred_engineering_rule,ENGINEERING_PROXY,1 model_vehicle=1 PCE; scenario assumption
342456,PCE/1h,500,1,1,500,TD_TPDM_design_flow_transferred_engineering_rule,ENGINEERING_PROXY,1 model_vehicle=1 PCE; scenario assumption
323838,PCE/1h,500,1,1,500,TD_TPDM_design_flow_transferred_engineering_rule,ENGINEERING_PROXY,1 model_vehicle=1 PCE; scenario assumption
310787,PCE/1h,500,1,1,500,TD_TPDM_design_flow_transferred_engineering_rule,ENGINEERING_PROXY,1 model_vehicle=1 PCE; scenario assumption
310842,PCE/1h,500,1,1,500,TD_TPDM_design_flow_transferred_engineering_rule,ENGINEERING_PROXY,1 model_vehicle=1 PCE; scenario assumption
310845,PCE/1h,500,1,1,500,TD_TPDM_design_flow_transferred_engineering_rule,ENGINEERING_PROXY,1 model_vehicle=1 PCE; scenario assumption
621776,PCE/1h,500,1,1,500,TD_TPDM_design_flow_transferred_engineering_rule,ENGINEERING_PROXY,1 model_vehicle=1 PCE; scenario assumption
621872,PCE/1h,500,1,1,500,TD_TPDM_design_flow_transferred_engineering_rule,ENGINEERING_PROXY,1 model_vehicle=1 PCE; scenario assumption
313418,PCE/1h,500,1,1,500,TD_TPDM_design_flow_transferred_engineering_rule,ENGINEERING_PROXY,1 model_vehicle=1 PCE; scenario assumption
310792,PCE/1h,500,1,1,500,TD_TPDM_design_flow_transferred_engineering_rule,ENGINEERING_PROXY,1 model_vehicle=1 PCE; scenario assumption
310896,PCE/1h,500,1,1,500,TD_TPDM_design_flow_transferred_engineering_rule,ENGINEERING_PROXY,1 model_vehicle=1 PCE; scenario assumption
313476,PCE/1h,500,1,1,500,TD_TPDM_design_flow_transferred_engineering_rule,ENGINEERING_PROXY,1 model_vehicle=1 PCE; scenario assumption
310897,PCE/1h,500,1,1,500,TD_TPDM_design_flow_transferred_engineering_rule,ENGINEERING_PROXY,1 model_vehicle=1 PCE; scenario assumption
310894,PCE/1h,500,1,1,500,TD_TPDM_design_flow_transferred_engineering_rule,ENGINEERING_PROXY,1 model_vehicle=1 PCE; scenario assumption
310648,PCE/1h,500,1,1,500,TD_TPDM_design_flow_transferred_engineering_rule,ENGINEERING_PROXY,1 model_vehicle=1 PCE; scenario assumption
310832,PCE/1h,500,1,1,500,TD_TPDM_design_flow_transferred_engineering_rule,ENGINEERING_PROXY,1 model_vehicle=1 PCE; scenario assumption
310844,PCE/1h,500,1,1,500,TD_TPDM_design_flow_transferred_engineering_rule,ENGINEERING_PROXY,1 model_vehicle=1 PCE; scenario assumption
310784,PCE/1h,500,1,1,500,TD_TPDM_design_flow_transferred_engineering_rule,ENGINEERING_PROXY,1 model_vehicle=1 PCE; scenario assumption
310895,PCE/1h,500,1,1,500,TD_TPDM_design_flow_transferred_engineering_rule,ENGINEERING_PROXY,1 model_vehicle=1 PCE; scenario assumption
311078,PCE/1h,500,1,1,500,TD_TPDM_design_flow_transferred_engineering_rule,ENGINEERING_PROXY,1 model_vehicle=1 PCE; scenario assumption
311159,PCE/1h,500,1,1,500,TD_TPDM_design_flow_transferred_engineering_rule,ENGINEERING_PROXY,1 model_vehicle=1 PCE; scenario assumption
323848,PCE/1h,500,1,1,500,TD_TPDM_design_flow_transferred_engineering_rule,ENGINEERING_PROXY,1 model_vehicle=1 PCE; scenario assumption
323851,PCE/1h,500,1,1,500,TD_TPDM_design_flow_transferred_engineering_rule,ENGINEERING_PROXY,1 model_vehicle=1 PCE; scenario assumption
310646,PCE/1h,500,1,1,500,TD_TPDM_design_flow_transferred_engineering_rule,ENGINEERING_PROXY,1 model_vehicle=1 PCE; scenario assumption
311094,PCE/1h,500,1,1,500,TD_TPDM_design_flow_transferred_engineering_rule,ENGINEERING_PROXY,1 model_vehicle=1 PCE; scenario assumption
313750,PCE/1h,500,1,1,500,TD_TPDM_design_flow_transferred_engineering_rule,ENGINEERING_PROXY,1 model_vehicle=1 PCE; scenario assumption
310652,PCE/1h,500,1,1,500,TD_TPDM_design_flow_transferred_engineering_rule,ENGINEERING_PROXY,1 model_vehicle=1 PCE; scenario assumption
342458,PCE/1h,500,1,1,500,TD_TPDM_design_flow_transferred_engineering_rule,ENGINEERING_PROXY,1 model_vehicle=1 PCE; scenario assumption
314316,PCE/1h,500,1,1,500,TD_TPDM_design_flow_transferred_engineering_rule,ENGINEERING_PROXY,1 model_vehicle=1 PCE; scenario assumption
313746,PCE/1h,500,1,1,500,TD_TPDM_design_flow_transferred_engineering_rule,ENGINEERING_PROXY,1 model_vehicle=1 PCE; scenario assumption
310952,PCE/1h,500,1,1,500,TD_TPDM_design_flow_transferred_engineering_rule,ENGINEERING_PROXY,1 model_vehicle=1 PCE; scenario assumption
649774,PCE/1h,500,1,1,500,TD_TPDM_design_flow_transferred_engineering_rule,ENGINEERING_PROXY,1 model_vehicle=1 PCE; scenario assumption
428250,PCE/1h,500,1,1,500,TD_TPDM_design_flow_transferred_engineering_rule,ENGINEERING_PROXY,1 model_vehicle=1 PCE; scenario assumption
342459,PCE/1h,500,1,1,500,TD_TPDM_design_flow_transferred_engineering_rule,ENGINEERING_PROXY,1 model_vehicle=1 PCE; scenario assumption
323890,PCE/1h,500,1,1,500,TD_TPDM_design_flow_transferred_engineering_rule,ENGINEERING_PROXY,1 model_vehicle=1 PCE; scenario assumption
313652,PCE/1h,1500,2,1,3000,TD_TPDM_design_flow_transferred_engineering_rule,ENGINEERING_PROXY,1 model_vehicle=1 PCE; scenario assumption
313654,PCE/1h,500,1,1,500,TD_TPDM_design_flow_transferred_engineering_rule,ENGINEERING_PROXY,1 model_vehicle=1 PCE; scenario assumption
313790,PCE/1h,500,1,1,500,TD_TPDM_design_flow_transferred_engineering_rule,ENGINEERING_PROXY,1 model_vehicle=1 PCE; scenario assumption
310982,PCE/1h,500,1,1,500,TD_TPDM_design_flow_transferred_engineering_rule,ENGINEERING_PROXY,1 model_vehicle=1 PCE; scenario assumption
311026,PCE/1h,500,1,1,500,TD_TPDM_design_flow_transferred_engineering_rule,ENGINEERING_PROXY,1 model_vehicle=1 PCE; scenario assumption
323844,PCE/1h,500,1,1,500,TD_TPDM_design_flow_transferred_engineering_rule,ENGINEERING_PROXY,1 model_vehicle=1 PCE; scenario assumption
323850,PCE/1h,500,1,1,500,TD_TPDM_design_flow_transferred_engineering_rule,ENGINEERING_PROXY,1 model_vehicle=1 PCE; scenario assumption
323855,PCE/1h,500,1,1,500,TD_TPDM_design_flow_transferred_engineering_rule,ENGINEERING_PROXY,1 model_vehicle=1 PCE; scenario assumption
313804,PCE/1h,500,1,1,500,TD_TPDM_design_flow_transferred_engineering_rule,ENGINEERING_PROXY,1 model_vehicle=1 PCE; scenario assumption
313806,PCE/1h,500,1,1,500,TD_TPDM_design_flow_transferred_engineering_rule,ENGINEERING_PROXY,1 model_vehicle=1 PCE; scenario assumption
671214,PCE/1h,500,1,1,500,TD_TPDM_design_flow_transferred_engineering_rule,ENGINEERING_PROXY,1 model_vehicle=1 PCE; scenario assumption
428152,PCE/1h,500,1,1,500,TD_TPDM_design_flow_transferred_engineering_rule,ENGINEERING_PROXY,1 model_vehicle=1 PCE; scenario assumption
428154,PCE/1h,500,1,1,500,TD_TPDM_design_flow_transferred_engineering_rule,ENGINEERING_PROXY,1 model_vehicle=1 PCE; scenario assumption
621773,PCE/1h,500,1,1,500,TD_TPDM_design_flow_transferred_engineering_rule,ENGINEERING_PROXY,1 model_vehicle=1 PCE; scenario assumption
428251,PCE/1h,500,1,1,500,TD_TPDM_design_flow_transferred_engineering_rule,ENGINEERING_PROXY,1 model_vehicle=1 PCE; scenario assumption
633206,PCE/1h,500,1,1,500,TD_TPDM_design_flow_transferred_engineering_rule,ENGINEERING_PROXY,1 model_vehicle=1 PCE; scenario assumption
310573,PCE/1h,500,1,1,500,TD_TPDM_design_flow_transferred_engineering_rule,ENGINEERING_PROXY,1 model_vehicle=1 PCE; scenario assumption
310836,PCE/1h,500,1,1,500,TD_TPDM_design_flow_transferred_engineering_rule,ENGINEERING_PROXY,1 model_vehicle=1 PCE; scenario assumption
310578,PCE/1h,500,1,1,500,TD_TPDM_design_flow_transferred_engineering_rule,ENGINEERING_PROXY,1 model_vehicle=1 PCE; scenario assumption
314364,PCE/1h,500,1,1,500,TD_TPDM_design_flow_transferred_engineering_rule,ENGINEERING_PROXY,1 model_vehicle=1 PCE; scenario assumption
638086,PCE/1h,500,1,1,500,TD_TPDM_design_flow_transferred_engineering_rule,ENGINEERING_PROXY,1 model_vehicle=1 PCE; scenario assumption
310846,PCE/1h,500,1,1,500,TD_TPDM_design_flow_transferred_engineering_rule,ENGINEERING_PROXY,1 model_vehicle=1 PCE; scenario assumption
310638,PCE/1h,500,1,1,500,TD_TPDM_design_flow_transferred_engineering_rule,ENGINEERING_PROXY,1 model_vehicle=1 PCE; scenario assumption
310764,PCE/1h,500,1,1,500,TD_TPDM_design_flow_transferred_engineering_rule,ENGINEERING_PROXY,1 model_vehicle=1 PCE; scenario assumption
310572,PCE/1h,500,1,1,500,TD_TPDM_design_flow_transferred_engineering_rule,ENGINEERING_PROXY,1 model_vehicle=1 PCE; scenario assumption
310576,PCE/1h,500,1,1,500,TD_TPDM_design_flow_transferred_engineering_rule,ENGINEERING_PROXY,1 model_vehicle=1 PCE; scenario assumption
310796,PCE/1h,500,1,1,500,TD_TPDM_design_flow_transferred_engineering_rule,ENGINEERING_PROXY,1 model_vehicle=1 PCE; scenario assumption
323854,PCE/1h,500,1,1,500,TD_TPDM_design_flow_transferred_engineering_rule,ENGINEERING_PROXY,1 model_vehicle=1 PCE; scenario assumption
323847,PCE/1h,500,1,1,500,TD_TPDM_design_flow_transferred_engineering_rule,ENGINEERING_PROXY,1 model_vehicle=1 PCE; scenario assumption
310926,PCE/1h,500,1,1,500,TD_TPDM_design_flow_transferred_engineering_rule,ENGINEERING_PROXY,1 model_vehicle=1 PCE; scenario assumption
313553,PCE/1h,500,1,1,500,TD_TPDM_design_flow_transferred_engineering_rule,ENGINEERING_PROXY,1 model_vehicle=1 PCE; scenario assumption
311027,PCE/1h,500,1,1,500,TD_TPDM_design_flow_transferred_engineering_rule,ENGINEERING_PROXY,1 model_vehicle=1 PCE; scenario assumption
313740,PCE/1h,500,1,1,500,TD_TPDM_design_flow_transferred_engineering_rule,ENGINEERING_PROXY,1 model_vehicle=1 PCE; scenario assumption
310834,PCE/1h,500,1,1,500,TD_TPDM_design_flow_transferred_engineering_rule,ENGINEERING_PROXY,1 model_vehicle=1 PCE; scenario assumption
313584,PCE/1h,500,1,1,500,TD_TPDM_design_flow_transferred_engineering_rule,ENGINEERING_PROXY,1 model_vehicle=1 PCE; scenario assumption
310574,PCE/1h,500,1,1,500,TD_TPDM_design_flow_transferred_engineering_rule,ENGINEERING_PROXY,1 model_vehicle=1 PCE; scenario assumption
313730,PCE/1h,500,1,1,500,TD_TPDM_design_flow_transferred_engineering_rule,ENGINEERING_PROXY,1 model_vehicle=1 PCE; scenario assumption
621870,PCE/1h,500,1,1,500,TD_TPDM_design_flow_transferred_engineering_rule,ENGINEERING_PROXY,1 model_vehicle=1 PCE; scenario assumption
621772,PCE/1h,500,1,1,500,TD_TPDM_design_flow_transferred_engineering_rule,ENGINEERING_PROXY,1 model_vehicle=1 PCE; scenario assumption
310835,PCE/1h,500,1,1,500,TD_TPDM_design_flow_transferred_engineering_rule,ENGINEERING_PROXY,1 model_vehicle=1 PCE; scenario assumption
310838,PCE/1h,500,1,1,500,TD_TPDM_design_flow_transferred_engineering_rule,ENGINEERING_PROXY,1 model_vehicle=1 PCE; scenario assumption
310641,PCE/1h,500,1,1,500,TD_TPDM_design_flow_transferred_engineering_rule,ENGINEERING_PROXY,1 model_vehicle=1 PCE; scenario assumption
310198,PCE/1h,1500,2,1,3000,TD_TPDM_design_flow_transferred_engineering_rule,ENGINEERING_PROXY,1 model_vehicle=1 PCE; scenario assumption
428248,PCE/1h,500,1,1,500,TD_TPDM_design_flow_transferred_engineering_rule,ENGINEERING_PROXY,1 model_vehicle=1 PCE; scenario assumption
310839,PCE/1h,500,1,1,500,TD_TPDM_design_flow_transferred_engineering_rule,ENGINEERING_PROXY,1 model_vehicle=1 PCE; scenario assumption
310636,PCE/1h,500,1,1,500,TD_TPDM_design_flow_transferred_engineering_rule,ENGINEERING_PROXY,1 model_vehicle=1 PCE; scenario assumption
313552,PCE/1h,500,1,1,500,TD_TPDM_design_flow_transferred_engineering_rule,ENGINEERING_PROXY,1 model_vehicle=1 PCE; scenario assumption
310640,PCE/1h,500,1,1,500,TD_TPDM_design_flow_transferred_engineering_rule,ENGINEERING_PROXY,1 model_vehicle=1 PCE; scenario assumption
313742,PCE/1h,500,1,1,500,TD_TPDM_design_flow_transferred_engineering_rule,ENGINEERING_PROXY,1 model_vehicle=1 PCE; scenario assumption
310654,PCE/1h,500,1,1,500,TD_TPDM_design_flow_transferred_engineering_rule,ENGINEERING_PROXY,1 model_vehicle=1 PCE; scenario assumption
323846,PCE/1h,500,1,1,500,TD_TPDM_design_flow_transferred_engineering_rule,ENGINEERING_PROXY,1 model_vehicle=1 PCE; scenario assumption
649126,PCE/1h,500,1,1,500,TD_TPDM_design_flow_transferred_engineering_rule,ENGINEERING_PROXY,1 model_vehicle=1 PCE; scenario assumption
649772,PCE/1h,500,1,1,500,TD_TPDM_design_flow_transferred_engineering_rule,ENGINEERING_PROXY,1 model_vehicle=1 PCE; scenario assumption
313728,PCE/1h,500,1,1,500,TD_TPDM_design_flow_transferred_engineering_rule,ENGINEERING_PROXY,1 model_vehicle=1 PCE; scenario assumption
310864,PCE/1h,500,1,1,500,TD_TPDM_design_flow_transferred_engineering_rule,ENGINEERING_PROXY,1 model_vehicle=1 PCE; scenario assumption
310824,PCE/1h,500,1,1,500,TD_TPDM_design_flow_transferred_engineering_rule,ENGINEERING_PROXY,1 model_vehicle=1 PCE; scenario assumption
310580,PCE/1h,500,1,1,500,TD_TPDM_design_flow_transferred_engineering_rule,ENGINEERING_PROXY,1 model_vehicle=1 PCE; scenario assumption
323839,PCE/1h,500,1,1,500,TD_TPDM_design_flow_transferred_engineering_rule,ENGINEERING_PROXY,1 model_vehicle=1 PCE; scenario assumption
313580,PCE/1h,500,1,1,500,TD_TPDM_design_flow_transferred_engineering_rule,ENGINEERING_PROXY,1 model_vehicle=1 PCE; scenario assumption
311030,PCE/1h,500,1,1,500,TD_TPDM_design_flow_transferred_engineering_rule,ENGINEERING_PROXY,1 model_vehicle=1 PCE; scenario assumption
311028,PCE/1h,500,1,1,500,TD_TPDM_design_flow_transferred_engineering_rule,ENGINEERING_PROXY,1 model_vehicle=1 PCE; scenario assumption
313582,PCE/1h,500,1,1,500,TD_TPDM_design_flow_transferred_engineering_rule,ENGINEERING_PROXY,1 model_vehicle=1 PCE; scenario assumption
313578,PCE/1h,500,1,1,500,TD_TPDM_design_flow_transferred_engineering_rule,ENGINEERING_PROXY,1 model_vehicle=1 PCE; scenario assumption
323840,PCE/1h,500,1,1,500,TD_TPDM_design_flow_transferred_engineering_rule,ENGINEERING_PROXY,1 model_vehicle=1 PCE; scenario assumption
323842,PCE/1h,500,1,1,500,TD_TPDM_design_flow_transferred_engineering_rule,ENGINEERING_PROXY,1 model_vehicle=1 PCE; scenario assumption
310766,PCE/1h,500,1,1,500,TD_TPDM_design_flow_transferred_engineering_rule,ENGINEERING_PROXY,1 model_vehicle=1 PCE; scenario assumption
312352,PCE/1h,500,1,1,500,TD_TPDM_design_flow_transferred_engineering_rule,ENGINEERING_PROXY,1 model_vehicle=1 PCE; scenario assumption
312350,PCE/1h,500,1,1,500,TD_TPDM_design_flow_transferred_engineering_rule,ENGINEERING_PROXY,1 model_vehicle=1 PCE; scenario assumption
310806,PCE/1h,500,1,1,500,TD_TPDM_design_flow_transferred_engineering_rule,ENGINEERING_PROXY,1 model_vehicle=1 PCE; scenario assumption
310818,PCE/1h,500,1,1,500,TD_TPDM_design_flow_transferred_engineering_rule,ENGINEERING_PROXY,1 model_vehicle=1 PCE; scenario assumption
310810,PCE/1h,500,1,1,500,TD_TPDM_design_flow_transferred_engineering_rule,ENGINEERING_PROXY,1 model_vehicle=1 PCE; scenario assumption
313726,PCE/1h,500,1,1,500,TD_TPDM_design_flow_transferred_engineering_rule,ENGINEERING_PROXY,1 model_vehicle=1 PCE; scenario assumption
310562,PCE/1h,500,1,1,500,TD_TPDM_design_flow_transferred_engineering_rule,ENGINEERING_PROXY,1 model_vehicle=1 PCE; scenario assumption
310560,PCE/1h,500,1,1,500,TD_TPDM_design_flow_transferred_engineering_rule,ENGINEERING_PROXY,1 model_vehicle=1 PCE; scenario assumption
311024,PCE/1h,500,1,1,500,TD_TPDM_design_flow_transferred_engineering_rule,ENGINEERING_PROXY,1 model_vehicle=1 PCE; scenario assumption
312348,PCE/1h,500,1,1,500,TD_TPDM_design_flow_transferred_engineering_rule,ENGINEERING_PROXY,1 model_vehicle=1 PCE; scenario assumption
312354,PCE/1h,500,1,1,500,TD_TPDM_design_flow_transferred_engineering_rule,ENGINEERING_PROXY,1 model_vehicle=1 PCE; scenario assumption
313724,PCE/1h,500,1,1,500,TD_TPDM_design_flow_transferred_engineering_rule,ENGINEERING_PROXY,1 model_vehicle=1 PCE; scenario assumption
654366,PCE/1h,500,1,1,500,TD_TPDM_design_flow_transferred_engineering_rule,ENGINEERING_PROXY,1 model_vehicle=1 PCE; scenario assumption
310650,PCE/1h,500,1,1,500,TD_TPDM_design_flow_transferred_engineering_rule,ENGINEERING_PROXY,1 model_vehicle=1 PCE; scenario assumption
310762,PCE/1h,500,1,1,500,TD_TPDM_design_flow_transferred_engineering_rule,ENGINEERING_PROXY,1 model_vehicle=1 PCE; scenario assumption
310628,PCE/1h,500,1,1,500,TD_TPDM_design_flow_transferred_engineering_rule,ENGINEERING_PROXY,1 model_vehicle=1 PCE; scenario assumption
310780,PCE/1h,500,1,1,500,TD_TPDM_design_flow_transferred_engineering_rule,ENGINEERING_PROXY,1 model_vehicle=1 PCE; scenario assumption
310798,PCE/1h,500,1,1,500,TD_TPDM_design_flow_transferred_engineering_rule,ENGINEERING_PROXY,1 model_vehicle=1 PCE; scenario assumption
310624,PCE/1h,500,1,1,500,TD_TPDM_design_flow_transferred_engineering_rule,ENGINEERING_PROXY,1 model_vehicle=1 PCE; scenario assumption
310782,PCE/1h,500,1,1,500,TD_TPDM_design_flow_transferred_engineering_rule,ENGINEERING_PROXY,1 model_vehicle=1 PCE; scenario assumption
310622,PCE/1h,500,1,1,500,TD_TPDM_design_flow_transferred_engineering_rule,ENGINEERING_PROXY,1 model_vehicle=1 PCE; scenario assumption
311092,PCE/1h,500,1,1,500,TD_TPDM_design_flow_transferred_engineering_rule,ENGINEERING_PROXY,1 model_vehicle=1 PCE; scenario assumption
313738,PCE/1h,500,1,1,500,TD_TPDM_design_flow_transferred_engineering_rule,ENGINEERING_PROXY,1 model_vehicle=1 PCE; scenario assumption
310776,PCE/1h,500,1,1,500,TD_TPDM_design_flow_transferred_engineering_rule,ENGINEERING_PROXY,1 model_vehicle=1 PCE; scenario assumption
310610,PCE/1h,500,1,1,500,TD_TPDM_design_flow_transferred_engineering_rule,ENGINEERING_PROXY,1 model_vehicle=1 PCE; scenario assumption
310566,PCE/1h,500,1,1,500,TD_TPDM_design_flow_transferred_engineering_rule,ENGINEERING_PROXY,1 model_vehicle=1 PCE; scenario assumption
310932,PCE/1h,500,1,1,500,TD_TPDM_design_flow_transferred_engineering_rule,ENGINEERING_PROXY,1 model_vehicle=1 PCE; scenario assumption
310986,PCE/1h,500,1,1,500,TD_TPDM_design_flow_transferred_engineering_rule,ENGINEERING_PROXY,1 model_vehicle=1 PCE; scenario assumption
671212,PCE/1h,500,1,1,500,TD_TPDM_design_flow_transferred_engineering_rule,ENGINEERING_PROXY,1 model_vehicle=1 PCE; scenario assumption
310568,PCE/1h,500,1,1,500,TD_TPDM_design_flow_transferred_engineering_rule,ENGINEERING_PROXY,1 model_vehicle=1 PCE; scenario assumption
313586,PCE/1h,500,1,1,500,TD_TPDM_design_flow_transferred_engineering_rule,ENGINEERING_PROXY,1 model_vehicle=1 PCE; scenario assumption
659172,PCE/1h,500,1,1,500,TD_TPDM_design_flow_transferred_engineering_rule,ENGINEERING_PROXY,1 model_vehicle=1 PCE; scenario assumption
310774,PCE/1h,500,1,1,500,TD_TPDM_design_flow_transferred_engineering_rule,ENGINEERING_PROXY,1 model_vehicle=1 PCE; scenario assumption
310592,PCE/1h,500,1,1,500,TD_TPDM_design_flow_transferred_engineering_rule,ENGINEERING_PROXY,1 model_vehicle=1 PCE; scenario assumption
310564,PCE/1h,500,1,1,500,TD_TPDM_design_flow_transferred_engineering_rule,ENGINEERING_PROXY,1 model_vehicle=1 PCE; scenario assumption
310630,PCE/1h,500,1,1,500,TD_TPDM_design_flow_transferred_engineering_rule,ENGINEERING_PROXY,1 model_vehicle=1 PCE; scenario assumption
310936,PCE/1h,500,1,1,500,TD_TPDM_design_flow_transferred_engineering_rule,ENGINEERING_PROXY,1 model_vehicle=1 PCE; scenario assumption
313756,PCE/1h,500,1,1,500,TD_TPDM_design_flow_transferred_engineering_rule,ENGINEERING_PROXY,1 model_vehicle=1 PCE; scenario assumption
644050,PCE/1h,500,1,1,500,TD_TPDM_design_flow_transferred_engineering_rule,ENGINEERING_PROXY,1 model_vehicle=1 PCE; scenario assumption
622990,PCE/1h,500,1,1,500,TD_TPDM_design_flow_transferred_engineering_rule,ENGINEERING_PROXY,1 model_vehicle=1 PCE; scenario assumption
310635,PCE/1h,500,1,1,500,TD_TPDM_design_flow_transferred_engineering_rule,ENGINEERING_PROXY,1 model_vehicle=1 PCE; scenario assumption
310854,PCE/1h,500,1,1,500,TD_TPDM_design_flow_transferred_engineering_rule,ENGINEERING_PROXY,1 model_vehicle=1 PCE; scenario assumption
310976,PCE/1h,500,1,1,500,TD_TPDM_design_flow_transferred_engineering_rule,ENGINEERING_PROXY,1 model_vehicle=1 PCE; scenario assumption
310634,PCE/1h,500,1,1,500,TD_TPDM_design_flow_transferred_engineering_rule,ENGINEERING_PROXY,1 model_vehicle=1 PCE; scenario assumption
310884,PCE/1h,500,1,1,500,TD_TPDM_design_flow_transferred_engineering_rule,ENGINEERING_PROXY,1 model_vehicle=1 PCE; scenario assumption
323852,PCE/1h,500,1,1,500,TD_TPDM_design_flow_transferred_engineering_rule,ENGINEERING_PROXY,1 model_vehicle=1 PCE; scenario assumption
622994,PCE/1h,500,1,1,500,TD_TPDM_design_flow_transferred_engineering_rule,ENGINEERING_PROXY,1 model_vehicle=1 PCE; scenario assumption
331596,PCE/1h,500,1,1,500,TD_TPDM_design_flow_transferred_engineering_rule,ENGINEERING_PROXY,1 model_vehicle=1 PCE; scenario assumption
331599,PCE/1h,500,1,1,500,TD_TPDM_design_flow_transferred_engineering_rule,ENGINEERING_PROXY,1 model_vehicle=1 PCE; scenario assumption
311158,PCE/1h,500,1,1,500,TD_TPDM_design_flow_transferred_engineering_rule,ENGINEERING_PROXY,1 model_vehicle=1 PCE; scenario assumption
311160,PCE/1h,500,1,1,500,TD_TPDM_design_flow_transferred_engineering_rule,ENGINEERING_PROXY,1 model_vehicle=1 PCE; scenario assumption
310606,PCE/1h,500,1,1,500,TD_TPDM_design_flow_transferred_engineering_rule,ENGINEERING_PROXY,1 model_vehicle=1 PCE; scenario assumption
310848,PCE/1h,500,1,1,500,TD_TPDM_design_flow_transferred_engineering_rule,ENGINEERING_PROXY,1 model_vehicle=1 PCE; scenario assumption
310620,PCE/1h,500,1,1,500,TD_TPDM_design_flow_transferred_engineering_rule,ENGINEERING_PROXY,1 model_vehicle=1 PCE; scenario assumption
310618,PCE/1h,500,1,1,500,TD_TPDM_design_flow_transferred_engineering_rule,ENGINEERING_PROXY,1 model_vehicle=1 PCE; scenario assumption
311090,PCE/1h,500,1,1,500,TD_TPDM_design_flow_transferred_engineering_rule,ENGINEERING_PROXY,1 model_vehicle=1 PCE; scenario assumption
311088,PCE/1h,500,1,1,500,TD_TPDM_design_flow_transferred_engineering_rule,ENGINEERING_PROXY,1 model_vehicle=1 PCE; scenario assumption
310858,PCE/1h,500,1,1,500,TD_TPDM_design_flow_transferred_engineering_rule,ENGINEERING_PROXY,1 model_vehicle=1 PCE; scenario assumption
310584,PCE/1h,500,1,1,500,TD_TPDM_design_flow_transferred_engineering_rule,ENGINEERING_PROXY,1 model_vehicle=1 PCE; scenario assumption
311050,PCE/1h,500,1,1,500,TD_TPDM_design_flow_transferred_engineering_rule,ENGINEERING_PROXY,1 model_vehicle=1 PCE; scenario assumption
310886,PCE/1h,500,1,1,500,TD_TPDM_design_flow_transferred_engineering_rule,ENGINEERING_PROXY,1 model_vehicle=1 PCE; scenario assumption
310889,PCE/1h,500,1,1,500,TD_TPDM_design_flow_transferred_engineering_rule,ENGINEERING_PROXY,1 model_vehicle=1 PCE; scenario assumption
310632,PCE/1h,500,1,1,500,TD_TPDM_design_flow_transferred_engineering_rule,ENGINEERING_PROXY,1 model_vehicle=1 PCE; scenario assumption
310882,PCE/1h,500,1,1,500,TD_TPDM_design_flow_transferred_engineering_rule,ENGINEERING_PROXY,1 model_vehicle=1 PCE; scenario assumption
331598,PCE/1h,500,1,1,500,TD_TPDM_design_flow_transferred_engineering_rule,ENGINEERING_PROXY,1 model_vehicle=1 PCE; scenario assumption
310554,PCE/1h,500,1,1,500,TD_TPDM_design_flow_transferred_engineering_rule,ENGINEERING_PROXY,1 model_vehicle=1 PCE; scenario assumption
314366,PCE/1h,500,1,1,500,TD_TPDM_design_flow_transferred_engineering_rule,ENGINEERING_PROXY,1 model_vehicle=1 PCE; scenario assumption
310608,PCE/1h,500,1,1,500,TD_TPDM_design_flow_transferred_engineering_rule,ENGINEERING_PROXY,1 model_vehicle=1 PCE; scenario assumption
310888,PCE/1h,500,1,1,500,TD_TPDM_design_flow_transferred_engineering_rule,ENGINEERING_PROXY,1 model_vehicle=1 PCE; scenario assumption
310891,PCE/1h,500,1,1,500,TD_TPDM_design_flow_transferred_engineering_rule,ENGINEERING_PROXY,1 model_vehicle=1 PCE; scenario assumption
313566,PCE/1h,500,1,1,500,TD_TPDM_design_flow_transferred_engineering_rule,ENGINEERING_PROXY,1 model_vehicle=1 PCE; scenario assumption
313782,PCE/1h,500,1,1,500,TD_TPDM_design_flow_transferred_engineering_rule,ENGINEERING_PROXY,1 model_vehicle=1 PCE; scenario assumption
310974,PCE/1h,500,1,1,500,TD_TPDM_design_flow_transferred_engineering_rule,ENGINEERING_PROXY,1 model_vehicle=1 PCE; scenario assumption
310883,PCE/1h,500,1,1,500,TD_TPDM_design_flow_transferred_engineering_rule,ENGINEERING_PROXY,1 model_vehicle=1 PCE; scenario assumption
310880,PCE/1h,500,1,1,500,TD_TPDM_design_flow_transferred_engineering_rule,ENGINEERING_PROXY,1 model_vehicle=1 PCE; scenario assumption
313480,PCE/1h,500,1,1,500,TD_TPDM_design_flow_transferred_engineering_rule,ENGINEERING_PROXY,1 model_vehicle=1 PCE; scenario assumption
310970,PCE/1h,500,1,1,500,TD_TPDM_design_flow_transferred_engineering_rule,ENGINEERING_PROXY,1 model_vehicle=1 PCE; scenario assumption
310930,PCE/1h,500,1,1,500,TD_TPDM_design_flow_transferred_engineering_rule,ENGINEERING_PROXY,1 model_vehicle=1 PCE; scenario assumption
310881,PCE/1h,500,1,1,500,TD_TPDM_design_flow_transferred_engineering_rule,ENGINEERING_PROXY,1 model_vehicle=1 PCE; scenario assumption
310878,PCE/1h,500,1,1,500,TD_TPDM_design_flow_transferred_engineering_rule,ENGINEERING_PROXY,1 model_vehicle=1 PCE; scenario assumption
310890,PCE/1h,500,1,1,500,TD_TPDM_design_flow_transferred_engineering_rule,ENGINEERING_PROXY,1 model_vehicle=1 PCE; scenario assumption
309460,PCE/1h,500,1,1,500,TD_TPDM_design_flow_transferred_engineering_rule,ENGINEERING_PROXY,1 model_vehicle=1 PCE; scenario assumption
310596,PCE/1h,500,1,1,500,TD_TPDM_design_flow_transferred_engineering_rule,ENGINEERING_PROXY,1 model_vehicle=1 PCE; scenario assumption
310600,PCE/1h,500,1,1,500,TD_TPDM_design_flow_transferred_engineering_rule,ENGINEERING_PROXY,1 model_vehicle=1 PCE; scenario assumption
310550,PCE/1h,500,1,1,500,TD_TPDM_design_flow_transferred_engineering_rule,ENGINEERING_PROXY,1 model_vehicle=1 PCE; scenario assumption
313567,PCE/1h,500,1,1,500,TD_TPDM_design_flow_transferred_engineering_rule,ENGINEERING_PROXY,1 model_vehicle=1 PCE; scenario assumption
314368,PCE/1h,500,1,1,500,TD_TPDM_design_flow_transferred_engineering_rule,ENGINEERING_PROXY,1 model_vehicle=1 PCE; scenario assumption
310934,PCE/1h,500,1,1,500,TD_TPDM_design_flow_transferred_engineering_rule,ENGINEERING_PROXY,1 model_vehicle=1 PCE; scenario assumption
310902,PCE/1h,500,1,1,500,TD_TPDM_design_flow_transferred_engineering_rule,ENGINEERING_PROXY,1 model_vehicle=1 PCE; scenario assumption
310626,PCE/1h,500,1,1,500,TD_TPDM_design_flow_transferred_engineering_rule,ENGINEERING_PROXY,1 model_vehicle=1 PCE; scenario assumption
310594,PCE/1h,500,1,1,500,TD_TPDM_design_flow_transferred_engineering_rule,ENGINEERING_PROXY,1 model_vehicle=1 PCE; scenario assumption
309452,PCE/1h,500,1,1,500,TD_TPDM_design_flow_transferred_engineering_rule,ENGINEERING_PROXY,1 model_vehicle=1 PCE; scenario assumption
310972,PCE/1h,500,1,1,500,TD_TPDM_design_flow_transferred_engineering_rule,ENGINEERING_PROXY,1 model_vehicle=1 PCE; scenario assumption
309492,PCE/1h,500,1,1,500,TD_TPDM_design_flow_transferred_engineering_rule,ENGINEERING_PROXY,1 model_vehicle=1 PCE; scenario assumption
313783,PCE/1h,500,1,1,500,TD_TPDM_design_flow_transferred_engineering_rule,ENGINEERING_PROXY,1 model_vehicle=1 PCE; scenario assumption
310544,PCE/1h,500,1,1,500,TD_TPDM_design_flow_transferred_engineering_rule,ENGINEERING_PROXY,1 model_vehicle=1 PCE; scenario assumption
310102,PCE/1h,500,1,1,500,TD_TPDM_design_flow_transferred_engineering_rule,ENGINEERING_PROXY,1 model_vehicle=1 PCE; scenario assumption
310900,PCE/1h,500,1,1,500,TD_TPDM_design_flow_transferred_engineering_rule,ENGINEERING_PROXY,1 model_vehicle=1 PCE; scenario assumption
309436,PCE/1h,500,1,1,500,TD_TPDM_design_flow_transferred_engineering_rule,ENGINEERING_PROXY,1 model_vehicle=1 PCE; scenario assumption
310931,PCE/1h,500,1,1,500,TD_TPDM_design_flow_transferred_engineering_rule,ENGINEERING_PROXY,1 model_vehicle=1 PCE; scenario assumption
310582,PCE/1h,500,1,1,500,TD_TPDM_design_flow_transferred_engineering_rule,ENGINEERING_PROXY,1 model_vehicle=1 PCE; scenario assumption
309446,PCE/1h,500,1,1,500,TD_TPDM_design_flow_transferred_engineering_rule,ENGINEERING_PROXY,1 model_vehicle=1 PCE; scenario assumption
310966,PCE/1h,500,1,1,500,TD_TPDM_design_flow_transferred_engineering_rule,ENGINEERING_PROXY,1 model_vehicle=1 PCE; scenario assumption
311106,PCE/1h,500,1,1,500,TD_TPDM_design_flow_transferred_engineering_rule,ENGINEERING_PROXY,1 model_vehicle=1 PCE; scenario assumption
310978,PCE/1h,500,1,1,500,TD_TPDM_design_flow_transferred_engineering_rule,ENGINEERING_PROXY,1 model_vehicle=1 PCE; scenario assumption
309516,PCE/1h,500,1,1,500,TD_TPDM_design_flow_transferred_engineering_rule,ENGINEERING_PROXY,1 model_vehicle=1 PCE; scenario assumption
314370,PCE/1h,500,1,1,500,TD_TPDM_design_flow_transferred_engineering_rule,ENGINEERING_PROXY,1 model_vehicle=1 PCE; scenario assumption
376308,PCE/1h,500,1,1,500,TD_TPDM_design_flow_transferred_engineering_rule,ENGINEERING_PROXY,1 model_vehicle=1 PCE; scenario assumption
376310,PCE/1h,500,1,1,500,TD_TPDM_design_flow_transferred_engineering_rule,ENGINEERING_PROXY,1 model_vehicle=1 PCE; scenario assumption
310616,PCE/1h,500,1,1,500,TD_TPDM_design_flow_transferred_engineering_rule,ENGINEERING_PROXY,1 model_vehicle=1 PCE; scenario assumption
309420,PCE/1h,500,1,1,500,TD_TPDM_design_flow_transferred_engineering_rule,ENGINEERING_PROXY,1 model_vehicle=1 PCE; scenario assumption
310892,PCE/1h,500,1,1,500,TD_TPDM_design_flow_transferred_engineering_rule,ENGINEERING_PROXY,1 model_vehicle=1 PCE; scenario assumption
310928,PCE/1h,500,1,1,500,TD_TPDM_design_flow_transferred_engineering_rule,ENGINEERING_PROXY,1 model_vehicle=1 PCE; scenario assumption
310598,PCE/1h,500,1,1,500,TD_TPDM_design_flow_transferred_engineering_rule,ENGINEERING_PROXY,1 model_vehicle=1 PCE; scenario assumption
309472,PCE/1h,500,1,1,500,TD_TPDM_design_flow_transferred_engineering_rule,ENGINEERING_PROXY,1 model_vehicle=1 PCE; scenario assumption
309428,PCE/1h,500,1,1,500,TD_TPDM_design_flow_transferred_engineering_rule,ENGINEERING_PROXY,1 model_vehicle=1 PCE; scenario assumption
309518,PCE/1h,500,1,1,500,TD_TPDM_design_flow_transferred_engineering_rule,ENGINEERING_PROXY,1 model_vehicle=1 PCE; scenario assumption
309480,PCE/1h,500,1,1,500,TD_TPDM_design_flow_transferred_engineering_rule,ENGINEERING_PROXY,1 model_vehicle=1 PCE; scenario assumption
319846,PCE/1h,500,1,1,500,TD_TPDM_design_flow_transferred_engineering_rule,ENGINEERING_PROXY,1 model_vehicle=1 PCE; scenario assumption
622988,PCE/1h,500,1,1,500,TD_TPDM_design_flow_transferred_engineering_rule,ENGINEERING_PROXY,1 model_vehicle=1 PCE; scenario assumption
309514,PCE/1h,500,1,1,500,TD_TPDM_design_flow_transferred_engineering_rule,ENGINEERING_PROXY,1 model_vehicle=1 PCE; scenario assumption
309438,PCE/1h,500,1,1,500,TD_TPDM_design_flow_transferred_engineering_rule,ENGINEERING_PROXY,1 model_vehicle=1 PCE; scenario assumption
309498,PCE/1h,500,1,1,500,TD_TPDM_design_flow_transferred_engineering_rule,ENGINEERING_PROXY,1 model_vehicle=1 PCE; scenario assumption
309474,PCE/1h,500,1,1,500,TD_TPDM_design_flow_transferred_engineering_rule,ENGINEERING_PROXY,1 model_vehicle=1 PCE; scenario assumption
309510,PCE/1h,500,1,1,500,TD_TPDM_design_flow_transferred_engineering_rule,ENGINEERING_PROXY,1 model_vehicle=1 PCE; scenario assumption
309508,PCE/1h,500,1,1,500,TD_TPDM_design_flow_transferred_engineering_rule,ENGINEERING_PROXY,1 model_vehicle=1 PCE; scenario assumption
309266,PCE/1h,500,1,1,500,TD_TPDM_design_flow_transferred_engineering_rule,ENGINEERING_PROXY,1 model_vehicle=1 PCE; scenario assumption
310104,PCE/1h,500,1,1,500,TD_TPDM_design_flow_transferred_engineering_rule,ENGINEERING_PROXY,1 model_vehicle=1 PCE; scenario assumption
309432,PCE/1h,500,1,1,500,TD_TPDM_design_flow_transferred_engineering_rule,ENGINEERING_PROXY,1 model_vehicle=1 PCE; scenario assumption
309512,PCE/1h,500,1,1,500,TD_TPDM_design_flow_transferred_engineering_rule,ENGINEERING_PROXY,1 model_vehicle=1 PCE; scenario assumption
309520,PCE/1h,500,1,1,500,TD_TPDM_design_flow_transferred_engineering_rule,ENGINEERING_PROXY,1 model_vehicle=1 PCE; scenario assumption
310376,PCE/1h,500,1,1,500,TD_TPDM_design_flow_transferred_engineering_rule,ENGINEERING_PROXY,1 model_vehicle=1 PCE; scenario assumption
309450,PCE/1h,500,1,1,500,TD_TPDM_design_flow_transferred_engineering_rule,ENGINEERING_PROXY,1 model_vehicle=1 PCE; scenario assumption
309716,PCE/1h,500,1,1,500,TD_TPDM_design_flow_transferred_engineering_rule,ENGINEERING_PROXY,1 model_vehicle=1 PCE; scenario assumption
309496,PCE/1h,500,1,1,500,TD_TPDM_design_flow_transferred_engineering_rule,ENGINEERING_PROXY,1 model_vehicle=1 PCE; scenario assumption
309486,PCE/1h,500,1,1,500,TD_TPDM_design_flow_transferred_engineering_rule,ENGINEERING_PROXY,1 model_vehicle=1 PCE; scenario assumption
309444,PCE/1h,500,1,1,500,TD_TPDM_design_flow_transferred_engineering_rule,ENGINEERING_PROXY,1 model_vehicle=1 PCE; scenario assumption
309442,PCE/1h,500,1,1,500,TD_TPDM_design_flow_transferred_engineering_rule,ENGINEERING_PROXY,1 model_vehicle=1 PCE; scenario assumption
310586,PCE/1h,500,1,1,500,TD_TPDM_design_flow_transferred_engineering_rule,ENGINEERING_PROXY,1 model_vehicle=1 PCE; scenario assumption
309414,PCE/1h,500,1,1,500,TD_TPDM_design_flow_transferred_engineering_rule,ENGINEERING_PROXY,1 model_vehicle=1 PCE; scenario assumption
309522,PCE/1h,500,1,1,500,TD_TPDM_design_flow_transferred_engineering_rule,ENGINEERING_PROXY,1 model_vehicle=1 PCE; scenario assumption
309464,PCE/1h,500,1,1,500,TD_TPDM_design_flow_transferred_engineering_rule,ENGINEERING_PROXY,1 model_vehicle=1 PCE; scenario assumption
309467,PCE/1h,500,1,1,500,TD_TPDM_design_flow_transferred_engineering_rule,ENGINEERING_PROXY,1 model_vehicle=1 PCE; scenario assumption
309904,PCE/1h,500,1,1,500,TD_TPDM_design_flow_transferred_engineering_rule,ENGINEERING_PROXY,1 model_vehicle=1 PCE; scenario assumption
310446,PCE/1h,500,1,1,500,TD_TPDM_design_flow_transferred_engineering_rule,ENGINEERING_PROXY,1 model_vehicle=1 PCE; scenario assumption
309422,PCE/1h,500,1,1,500,TD_TPDM_design_flow_transferred_engineering_rule,ENGINEERING_PROXY,1 model_vehicle=1 PCE; scenario assumption
309504,PCE/1h,500,1,1,500,TD_TPDM_design_flow_transferred_engineering_rule,ENGINEERING_PROXY,1 model_vehicle=1 PCE; scenario assumption
309488,PCE/1h,500,1,1,500,TD_TPDM_design_flow_transferred_engineering_rule,ENGINEERING_PROXY,1 model_vehicle=1 PCE; scenario assumption
309410,PCE/1h,500,1,1,500,TD_TPDM_design_flow_transferred_engineering_rule,ENGINEERING_PROXY,1 model_vehicle=1 PCE; scenario assumption
309430,PCE/1h,500,1,1,500,TD_TPDM_design_flow_transferred_engineering_rule,ENGINEERING_PROXY,1 model_vehicle=1 PCE; scenario assumption
309434,PCE/1h,500,1,1,500,TD_TPDM_design_flow_transferred_engineering_rule,ENGINEERING_PROXY,1 model_vehicle=1 PCE; scenario assumption
309466,PCE/1h,500,1,1,500,TD_TPDM_design_flow_transferred_engineering_rule,ENGINEERING_PROXY,1 model_vehicle=1 PCE; scenario assumption
309469,PCE/1h,500,1,1,500,TD_TPDM_design_flow_transferred_engineering_rule,ENGINEERING_PROXY,1 model_vehicle=1 PCE; scenario assumption
309494,PCE/1h,500,1,1,500,TD_TPDM_design_flow_transferred_engineering_rule,ENGINEERING_PROXY,1 model_vehicle=1 PCE; scenario assumption
309468,PCE/1h,500,1,1,500,TD_TPDM_design_flow_transferred_engineering_rule,ENGINEERING_PROXY,1 model_vehicle=1 PCE; scenario assumption
308636,PCE/1h,500,1,1,500,TD_TPDM_design_flow_transferred_engineering_rule,ENGINEERING_PROXY,1 model_vehicle=1 PCE; scenario assumption
664048,PCE/1h,500,1,1,500,TD_TPDM_design_flow_transferred_engineering_rule,ENGINEERING_PROXY,1 model_vehicle=1 PCE; scenario assumption
430016,PCE/1h,500,1,1,500,TD_TPDM_design_flow_transferred_engineering_rule,ENGINEERING_PROXY,1 model_vehicle=1 PCE; scenario assumption
309484,PCE/1h,500,1,1,500,TD_TPDM_design_flow_transferred_engineering_rule,ENGINEERING_PROXY,1 model_vehicle=1 PCE; scenario assumption
309490,PCE/1h,500,1,1,500,TD_TPDM_design_flow_transferred_engineering_rule,ENGINEERING_PROXY,1 model_vehicle=1 PCE; scenario assumption
309482,PCE/1h,500,1,1,500,TD_TPDM_design_flow_transferred_engineering_rule,ENGINEERING_PROXY,1 model_vehicle=1 PCE; scenario assumption
309268,PCE/1h,500,1,1,500,TD_TPDM_design_flow_transferred_engineering_rule,ENGINEERING_PROXY,1 model_vehicle=1 PCE; scenario assumption
310442,PCE/1h,500,1,1,500,TD_TPDM_design_flow_transferred_engineering_rule,ENGINEERING_PROXY,1 model_vehicle=1 PCE; scenario assumption
309440,PCE/1h,500,1,1,500,TD_TPDM_design_flow_transferred_engineering_rule,ENGINEERING_PROXY,1 model_vehicle=1 PCE; scenario assumption
310076,PCE/1h,500,1,1,500,TD_TPDM_design_flow_transferred_engineering_rule,ENGINEERING_PROXY,1 model_vehicle=1 PCE; scenario assumption
309462,PCE/1h,500,1,1,500,TD_TPDM_design_flow_transferred_engineering_rule,ENGINEERING_PROXY,1 model_vehicle=1 PCE; scenario assumption
309426,PCE/1h,500,1,1,500,TD_TPDM_design_flow_transferred_engineering_rule,ENGINEERING_PROXY,1 model_vehicle=1 PCE; scenario assumption
430018,PCE/1h,500,1,1,500,TD_TPDM_design_flow_transferred_engineering_rule,ENGINEERING_PROXY,1 model_vehicle=1 PCE; scenario assumption
309476,PCE/1h,500,1,1,500,TD_TPDM_design_flow_transferred_engineering_rule,ENGINEERING_PROXY,1 model_vehicle=1 PCE; scenario assumption
308418,PCE/1h,500,1,1,500,TD_TPDM_design_flow_transferred_engineering_rule,ENGINEERING_PROXY,1 model_vehicle=1 PCE; scenario assumption
310206,PCE/1h,500,1,1,500,TD_TPDM_design_flow_transferred_engineering_rule,ENGINEERING_PROXY,1 model_vehicle=1 PCE; scenario assumption
309506,PCE/1h,500,1,1,500,TD_TPDM_design_flow_transferred_engineering_rule,ENGINEERING_PROXY,1 model_vehicle=1 PCE; scenario assumption
308639,PCE/1h,500,1,1,500,TD_TPDM_design_flow_transferred_engineering_rule,ENGINEERING_PROXY,1 model_vehicle=1 PCE; scenario assumption
309386,PCE/1h,500,1,1,500,TD_TPDM_design_flow_transferred_engineering_rule,ENGINEERING_PROXY,1 model_vehicle=1 PCE; scenario assumption
309502,PCE/1h,500,1,1,500,TD_TPDM_design_flow_transferred_engineering_rule,ENGINEERING_PROXY,1 model_vehicle=1 PCE; scenario assumption
309500,PCE/1h,500,1,1,500,TD_TPDM_design_flow_transferred_engineering_rule,ENGINEERING_PROXY,1 model_vehicle=1 PCE; scenario assumption
310444,PCE/1h,500,1,1,500,TD_TPDM_design_flow_transferred_engineering_rule,ENGINEERING_PROXY,1 model_vehicle=1 PCE; scenario assumption
308266,PCE/1h,500,1,1,500,TD_TPDM_design_flow_transferred_engineering_rule,ENGINEERING_PROXY,1 model_vehicle=1 PCE; scenario assumption
309454,PCE/1h,500,1,1,500,TD_TPDM_design_flow_transferred_engineering_rule,ENGINEERING_PROXY,1 model_vehicle=1 PCE; scenario assumption
309400,PCE/1h,500,1,1,500,TD_TPDM_design_flow_transferred_engineering_rule,ENGINEERING_PROXY,1 model_vehicle=1 PCE; scenario assumption
308638,PCE/1h,500,1,1,500,TD_TPDM_design_flow_transferred_engineering_rule,ENGINEERING_PROXY,1 model_vehicle=1 PCE; scenario assumption
308364,PCE/1h,500,1,1,500,TD_TPDM_design_flow_transferred_engineering_rule,ENGINEERING_PROXY,1 model_vehicle=1 PCE; scenario assumption
309478,PCE/1h,500,1,1,500,TD_TPDM_design_flow_transferred_engineering_rule,ENGINEERING_PROXY,1 model_vehicle=1 PCE; scenario assumption
309424,PCE/1h,500,1,1,500,TD_TPDM_design_flow_transferred_engineering_rule,ENGINEERING_PROXY,1 model_vehicle=1 PCE; scenario assumption
309448,PCE/1h,500,1,1,500,TD_TPDM_design_flow_transferred_engineering_rule,ENGINEERING_PROXY,1 model_vehicle=1 PCE; scenario assumption
309418,PCE/1h,500,1,1,500,TD_TPDM_design_flow_transferred_engineering_rule,ENGINEERING_PROXY,1 model_vehicle=1 PCE; scenario assumption
309384,PCE/1h,500,1,1,500,TD_TPDM_design_flow_transferred_engineering_rule,ENGINEERING_PROXY,1 model_vehicle=1 PCE; scenario assumption
309078,PCE/1h,500,1,1,500,TD_TPDM_design_flow_transferred_engineering_rule,ENGINEERING_PROXY,1 model_vehicle=1 PCE; scenario assumption
332240,PCE/1h,500,1,1,500,TD_TPDM_design_flow_transferred_engineering_rule,ENGINEERING_PROXY,1 model_vehicle=1 PCE; scenario assumption
319696,PCE/1h,500,1,1,500,TD_TPDM_design_flow_transferred_engineering_rule,ENGINEERING_PROXY,1 model_vehicle=1 PCE; scenario assumption
308298,PCE/1h,500,1,1,500,TD_TPDM_design_flow_transferred_engineering_rule,ENGINEERING_PROXY,1 model_vehicle=1 PCE; scenario assumption
332238,PCE/1h,500,1,1,500,TD_TPDM_design_flow_transferred_engineering_rule,ENGINEERING_PROXY,1 model_vehicle=1 PCE; scenario assumption
309396,PCE/1h,500,1,1,500,TD_TPDM_design_flow_transferred_engineering_rule,ENGINEERING_PROXY,1 model_vehicle=1 PCE; scenario assumption
309080,PCE/1h,500,1,1,500,TD_TPDM_design_flow_transferred_engineering_rule,ENGINEERING_PROXY,1 model_vehicle=1 PCE; scenario assumption
654326,PCE/1h,500,1,1,500,TD_TPDM_design_flow_transferred_engineering_rule,ENGINEERING_PROXY,1 model_vehicle=1 PCE; scenario assumption
308366,PCE/1h,500,1,1,500,TD_TPDM_design_flow_transferred_engineering_rule,ENGINEERING_PROXY,1 model_vehicle=1 PCE; scenario assumption
308372,PCE/1h,500,1,1,500,TD_TPDM_design_flow_transferred_engineering_rule,ENGINEERING_PROXY,1 model_vehicle=1 PCE; scenario assumption
309612,PCE/1h,500,1,1,500,TD_TPDM_design_flow_transferred_engineering_rule,ENGINEERING_PROXY,1 model_vehicle=1 PCE; scenario assumption
309930,PCE/1h,500,1,1,500,TD_TPDM_design_flow_transferred_engineering_rule,ENGINEERING_PROXY,1 model_vehicle=1 PCE; scenario assumption
309470,PCE/1h,500,1,1,500,TD_TPDM_design_flow_transferred_engineering_rule,ENGINEERING_PROXY,1 model_vehicle=1 PCE; scenario assumption
308585,PCE/1h,500,1,1,500,TD_TPDM_design_flow_transferred_engineering_rule,ENGINEERING_PROXY,1 model_vehicle=1 PCE; scenario assumption
310210,PCE/1h,500,1,1,500,TD_TPDM_design_flow_transferred_engineering_rule,ENGINEERING_PROXY,1 model_vehicle=1 PCE; scenario assumption
332241,PCE/1h,500,1,1,500,TD_TPDM_design_flow_transferred_engineering_rule,ENGINEERING_PROXY,1 model_vehicle=1 PCE; scenario assumption
310372,PCE/1h,500,1,1,500,TD_TPDM_design_flow_transferred_engineering_rule,ENGINEERING_PROXY,1 model_vehicle=1 PCE; scenario assumption
664050,PCE/1h,500,1,1,500,TD_TPDM_design_flow_transferred_engineering_rule,ENGINEERING_PROXY,1 model_vehicle=1 PCE; scenario assumption
308296,PCE/1h,500,1,1,500,TD_TPDM_design_flow_transferred_engineering_rule,ENGINEERING_PROXY,1 model_vehicle=1 PCE; scenario assumption
308284,PCE/1h,500,1,1,500,TD_TPDM_design_flow_transferred_engineering_rule,ENGINEERING_PROXY,1 model_vehicle=1 PCE; scenario assumption
308584,PCE/1h,500,1,1,500,TD_TPDM_design_flow_transferred_engineering_rule,ENGINEERING_PROXY,1 model_vehicle=1 PCE; scenario assumption
308581,PCE/1h,500,1,1,500,TD_TPDM_design_flow_transferred_engineering_rule,ENGINEERING_PROXY,1 model_vehicle=1 PCE; scenario assumption
309076,PCE/1h,500,1,1,500,TD_TPDM_design_flow_transferred_engineering_rule,ENGINEERING_PROXY,1 model_vehicle=1 PCE; scenario assumption
309070,PCE/1h,500,1,1,500,TD_TPDM_design_flow_transferred_engineering_rule,ENGINEERING_PROXY,1 model_vehicle=1 PCE; scenario assumption
309402,PCE/1h,500,1,1,500,TD_TPDM_design_flow_transferred_engineering_rule,ENGINEERING_PROXY,1 model_vehicle=1 PCE; scenario assumption
308580,PCE/1h,500,1,1,500,TD_TPDM_design_flow_transferred_engineering_rule,ENGINEERING_PROXY,1 model_vehicle=1 PCE; scenario assumption
308456,PCE/1h,500,1,1,500,TD_TPDM_design_flow_transferred_engineering_rule,ENGINEERING_PROXY,1 model_vehicle=1 PCE; scenario assumption
309392,PCE/1h,500,1,1,500,TD_TPDM_design_flow_transferred_engineering_rule,ENGINEERING_PROXY,1 model_vehicle=1 PCE; scenario assumption
309406,PCE/1h,500,1,1,500,TD_TPDM_design_flow_transferred_engineering_rule,ENGINEERING_PROXY,1 model_vehicle=1 PCE; scenario assumption
310374,PCE/1h,500,1,1,500,TD_TPDM_design_flow_transferred_engineering_rule,ENGINEERING_PROXY,1 model_vehicle=1 PCE; scenario assumption
309398,PCE/1h,500,1,1,500,TD_TPDM_design_flow_transferred_engineering_rule,ENGINEERING_PROXY,1 model_vehicle=1 PCE; scenario assumption
309408,PCE/1h,500,1,1,500,TD_TPDM_design_flow_transferred_engineering_rule,ENGINEERING_PROXY,1 model_vehicle=1 PCE; scenario assumption
309162,PCE/1h,500,1,1,500,TD_TPDM_design_flow_transferred_engineering_rule,ENGINEERING_PROXY,1 model_vehicle=1 PCE; scenario assumption
309114,PCE/1h,500,1,1,500,TD_TPDM_design_flow_transferred_engineering_rule,ENGINEERING_PROXY,1 model_vehicle=1 PCE; scenario assumption
309404,PCE/1h,500,1,1,500,TD_TPDM_design_flow_transferred_engineering_rule,ENGINEERING_PROXY,1 model_vehicle=1 PCE; scenario assumption
309388,PCE/1h,500,1,1,500,TD_TPDM_design_flow_transferred_engineering_rule,ENGINEERING_PROXY,1 model_vehicle=1 PCE; scenario assumption
309928,PCE/1h,500,1,1,500,TD_TPDM_design_flow_transferred_engineering_rule,ENGINEERING_PROXY,1 model_vehicle=1 PCE; scenario assumption
309916,PCE/1h,500,1,1,500,TD_TPDM_design_flow_transferred_engineering_rule,ENGINEERING_PROXY,1 model_vehicle=1 PCE; scenario assumption
308438,PCE/1h,500,1,1,500,TD_TPDM_design_flow_transferred_engineering_rule,ENGINEERING_PROXY,1 model_vehicle=1 PCE; scenario assumption
309644,PCE/1h,500,1,1,500,TD_TPDM_design_flow_transferred_engineering_rule,ENGINEERING_PROXY,1 model_vehicle=1 PCE; scenario assumption
309326,PCE/1h,500,1,1,500,TD_TPDM_design_flow_transferred_engineering_rule,ENGINEERING_PROXY,1 model_vehicle=1 PCE; scenario assumption
309184,PCE/1h,500,1,1,500,TD_TPDM_design_flow_transferred_engineering_rule,ENGINEERING_PROXY,1 model_vehicle=1 PCE; scenario assumption
310402,PCE/1h,500,1,1,500,TD_TPDM_design_flow_transferred_engineering_rule,ENGINEERING_PROXY,1 model_vehicle=1 PCE; scenario assumption
309102,PCE/1h,500,1,1,500,TD_TPDM_design_flow_transferred_engineering_rule,ENGINEERING_PROXY,1 model_vehicle=1 PCE; scenario assumption
309124,PCE/1h,500,1,1,500,TD_TPDM_design_flow_transferred_engineering_rule,ENGINEERING_PROXY,1 model_vehicle=1 PCE; scenario assumption
309182,PCE/1h,500,1,1,500,TD_TPDM_design_flow_transferred_engineering_rule,ENGINEERING_PROXY,1 model_vehicle=1 PCE; scenario assumption
309060,PCE/1h,500,1,1,500,TD_TPDM_design_flow_transferred_engineering_rule,ENGINEERING_PROXY,1 model_vehicle=1 PCE; scenario assumption
308302,PCE/1h,500,1,1,500,TD_TPDM_design_flow_transferred_engineering_rule,ENGINEERING_PROXY,1 model_vehicle=1 PCE; scenario assumption
308290,PCE/1h,500,1,1,500,TD_TPDM_design_flow_transferred_engineering_rule,ENGINEERING_PROXY,1 model_vehicle=1 PCE; scenario assumption
308568,PCE/1h,500,1,1,500,TD_TPDM_design_flow_transferred_engineering_rule,ENGINEERING_PROXY,1 model_vehicle=1 PCE; scenario assumption
308370,PCE/1h,500,1,1,500,TD_TPDM_design_flow_transferred_engineering_rule,ENGINEERING_PROXY,1 model_vehicle=1 PCE; scenario assumption
308292,PCE/1h,500,1,1,500,TD_TPDM_design_flow_transferred_engineering_rule,ENGINEERING_PROXY,1 model_vehicle=1 PCE; scenario assumption
308582,PCE/1h,500,1,1,500,TD_TPDM_design_flow_transferred_engineering_rule,ENGINEERING_PROXY,1 model_vehicle=1 PCE; scenario assumption
308288,PCE/1h,500,1,1,500,TD_TPDM_design_flow_transferred_engineering_rule,ENGINEERING_PROXY,1 model_vehicle=1 PCE; scenario assumption
309932,PCE/1h,500,1,1,500,TD_TPDM_design_flow_transferred_engineering_rule,ENGINEERING_PROXY,1 model_vehicle=1 PCE; scenario assumption
309154,PCE/1h,500,1,1,500,TD_TPDM_design_flow_transferred_engineering_rule,ENGINEERING_PROXY,1 model_vehicle=1 PCE; scenario assumption
308294,PCE/1h,500,1,1,500,TD_TPDM_design_flow_transferred_engineering_rule,ENGINEERING_PROXY,1 model_vehicle=1 PCE; scenario assumption
308286,PCE/1h,500,1,1,500,TD_TPDM_design_flow_transferred_engineering_rule,ENGINEERING_PROXY,1 model_vehicle=1 PCE; scenario assumption
310208,PCE/1h,500,1,1,500,TD_TPDM_design_flow_transferred_engineering_rule,ENGINEERING_PROXY,1 model_vehicle=1 PCE; scenario assumption
309926,PCE/1h,500,1,1,500,TD_TPDM_design_flow_transferred_engineering_rule,ENGINEERING_PROXY,1 model_vehicle=1 PCE; scenario assumption
309246,PCE/1h,500,1,1,500,TD_TPDM_design_flow_transferred_engineering_rule,ENGINEERING_PROXY,1 model_vehicle=1 PCE; scenario assumption
309370,PCE/1h,500,1,1,500,TD_TPDM_design_flow_transferred_engineering_rule,ENGINEERING_PROXY,1 model_vehicle=1 PCE; scenario assumption
309371,PCE/1h,500,1,1,500,TD_TPDM_design_flow_transferred_engineering_rule,ENGINEERING_PROXY,1 model_vehicle=1 PCE; scenario assumption
309368,PCE/1h,500,1,1,500,TD_TPDM_design_flow_transferred_engineering_rule,ENGINEERING_PROXY,1 model_vehicle=1 PCE; scenario assumption
309057,PCE/1h,500,1,1,500,TD_TPDM_design_flow_transferred_engineering_rule,ENGINEERING_PROXY,1 model_vehicle=1 PCE; scenario assumption
309369,PCE/1h,500,1,1,500,TD_TPDM_design_flow_transferred_engineering_rule,ENGINEERING_PROXY,1 model_vehicle=1 PCE; scenario assumption
309366,PCE/1h,500,1,1,500,TD_TPDM_design_flow_transferred_engineering_rule,ENGINEERING_PROXY,1 model_vehicle=1 PCE; scenario assumption
309394,PCE/1h,500,1,1,500,TD_TPDM_design_flow_transferred_engineering_rule,ENGINEERING_PROXY,1 model_vehicle=1 PCE; scenario assumption
310344,PCE/1h,500,1,1,500,TD_TPDM_design_flow_transferred_engineering_rule,ENGINEERING_PROXY,1 model_vehicle=1 PCE; scenario assumption
309056,PCE/1h,500,1,1,500,TD_TPDM_design_flow_transferred_engineering_rule,ENGINEERING_PROXY,1 model_vehicle=1 PCE; scenario assumption
309132,PCE/1h,500,1,1,500,TD_TPDM_design_flow_transferred_engineering_rule,ENGINEERING_PROXY,1 model_vehicle=1 PCE; scenario assumption
643446,PCE/1h,500,1,1,500,TD_TPDM_design_flow_transferred_engineering_rule,ENGINEERING_PROXY,1 model_vehicle=1 PCE; scenario assumption
309108,PCE/1h,500,1,1,500,TD_TPDM_design_flow_transferred_engineering_rule,ENGINEERING_PROXY,1 model_vehicle=1 PCE; scenario assumption
309086,PCE/1h,500,1,1,500,TD_TPDM_design_flow_transferred_engineering_rule,ENGINEERING_PROXY,1 model_vehicle=1 PCE; scenario assumption
309096,PCE/1h,500,1,1,500,TD_TPDM_design_flow_transferred_engineering_rule,ENGINEERING_PROXY,1 model_vehicle=1 PCE; scenario assumption
309116,PCE/1h,500,1,1,500,TD_TPDM_design_flow_transferred_engineering_rule,ENGINEERING_PROXY,1 model_vehicle=1 PCE; scenario assumption
308426,PCE/1h,500,1,1,500,TD_TPDM_design_flow_transferred_engineering_rule,ENGINEERING_PROXY,1 model_vehicle=1 PCE; scenario assumption
309155,PCE/1h,500,1,1,500,TD_TPDM_design_flow_transferred_engineering_rule,ENGINEERING_PROXY,1 model_vehicle=1 PCE; scenario assumption
310358,PCE/1h,500,1,1,500,TD_TPDM_design_flow_transferred_engineering_rule,ENGINEERING_PROXY,1 model_vehicle=1 PCE; scenario assumption
309250,PCE/1h,500,1,1,500,TD_TPDM_design_flow_transferred_engineering_rule,ENGINEERING_PROXY,1 model_vehicle=1 PCE; scenario assumption
309128,PCE/1h,500,1,1,500,TD_TPDM_design_flow_transferred_engineering_rule,ENGINEERING_PROXY,1 model_vehicle=1 PCE; scenario assumption
309328,PCE/1h,500,1,1,500,TD_TPDM_design_flow_transferred_engineering_rule,ENGINEERING_PROXY,1 model_vehicle=1 PCE; scenario assumption
309127,PCE/1h,500,1,1,500,TD_TPDM_design_flow_transferred_engineering_rule,ENGINEERING_PROXY,1 model_vehicle=1 PCE; scenario assumption
309254,PCE/1h,500,1,1,500,TD_TPDM_design_flow_transferred_engineering_rule,ENGINEERING_PROXY,1 model_vehicle=1 PCE; scenario assumption
309166,PCE/1h,500,1,1,500,TD_TPDM_design_flow_transferred_engineering_rule,ENGINEERING_PROXY,1 model_vehicle=1 PCE; scenario assumption
659670,PCE/1h,1500,2,1,3000,TD_TPDM_design_flow_transferred_engineering_rule,ENGINEERING_PROXY,1 model_vehicle=1 PCE; scenario assumption
309346,PCE/1h,500,1,1,500,TD_TPDM_design_flow_transferred_engineering_rule,ENGINEERING_PROXY,1 model_vehicle=1 PCE; scenario assumption
309349,PCE/1h,500,1,1,500,TD_TPDM_design_flow_transferred_engineering_rule,ENGINEERING_PROXY,1 model_vehicle=1 PCE; scenario assumption
308382,PCE/1h,500,1,1,500,TD_TPDM_design_flow_transferred_engineering_rule,ENGINEERING_PROXY,1 model_vehicle=1 PCE; scenario assumption
308378,PCE/1h,500,1,1,500,TD_TPDM_design_flow_transferred_engineering_rule,ENGINEERING_PROXY,1 model_vehicle=1 PCE; scenario assumption
309126,PCE/1h,500,1,1,500,TD_TPDM_design_flow_transferred_engineering_rule,ENGINEERING_PROXY,1 model_vehicle=1 PCE; scenario assumption
309348,PCE/1h,500,1,1,500,TD_TPDM_design_flow_transferred_engineering_rule,ENGINEERING_PROXY,1 model_vehicle=1 PCE; scenario assumption
309321,PCE/1h,500,1,1,500,TD_TPDM_design_flow_transferred_engineering_rule,ENGINEERING_PROXY,1 model_vehicle=1 PCE; scenario assumption
309351,PCE/1h,500,1,1,500,TD_TPDM_design_flow_transferred_engineering_rule,ENGINEERING_PROXY,1 model_vehicle=1 PCE; scenario assumption
308386,PCE/1h,500,1,1,500,TD_TPDM_design_flow_transferred_engineering_rule,ENGINEERING_PROXY,1 model_vehicle=1 PCE; scenario assumption
308282,PCE/1h,500,1,1,500,TD_TPDM_design_flow_transferred_engineering_rule,ENGINEERING_PROXY,1 model_vehicle=1 PCE; scenario assumption
309100,PCE/1h,500,1,1,500,TD_TPDM_design_flow_transferred_engineering_rule,ENGINEERING_PROXY,1 model_vehicle=1 PCE; scenario assumption
309320,PCE/1h,500,1,1,500,TD_TPDM_design_flow_transferred_engineering_rule,ENGINEERING_PROXY,1 model_vehicle=1 PCE; scenario assumption
308458,PCE/1h,500,1,1,500,TD_TPDM_design_flow_transferred_engineering_rule,ENGINEERING_PROXY,1 model_vehicle=1 PCE; scenario assumption
308462,PCE/1h,500,1,1,500,TD_TPDM_design_flow_transferred_engineering_rule,ENGINEERING_PROXY,1 model_vehicle=1 PCE; scenario assumption
309061,PCE/1h,500,1,1,500,TD_TPDM_design_flow_transferred_engineering_rule,ENGINEERING_PROXY,1 model_vehicle=1 PCE; scenario assumption
309062,PCE/1h,500,1,1,500,TD_TPDM_design_flow_transferred_engineering_rule,ENGINEERING_PROXY,1 model_vehicle=1 PCE; scenario assumption
309063,PCE/1h,500,1,1,500,TD_TPDM_design_flow_transferred_engineering_rule,ENGINEERING_PROXY,1 model_vehicle=1 PCE; scenario assumption
309350,PCE/1h,500,1,1,500,TD_TPDM_design_flow_transferred_engineering_rule,ENGINEERING_PROXY,1 model_vehicle=1 PCE; scenario assumption
309074,PCE/1h,500,1,1,500,TD_TPDM_design_flow_transferred_engineering_rule,ENGINEERING_PROXY,1 model_vehicle=1 PCE; scenario assumption
308589,PCE/1h,500,1,1,500,TD_TPDM_design_flow_transferred_engineering_rule,ENGINEERING_PROXY,1 model_vehicle=1 PCE; scenario assumption
308586,PCE/1h,500,1,1,500,TD_TPDM_design_flow_transferred_engineering_rule,ENGINEERING_PROXY,1 model_vehicle=1 PCE; scenario assumption
308463,PCE/1h,500,1,1,500,TD_TPDM_design_flow_transferred_engineering_rule,ENGINEERING_PROXY,1 model_vehicle=1 PCE; scenario assumption
308588,PCE/1h,500,1,1,500,TD_TPDM_design_flow_transferred_engineering_rule,ENGINEERING_PROXY,1 model_vehicle=1 PCE; scenario assumption
308591,PCE/1h,500,1,1,500,TD_TPDM_design_flow_transferred_engineering_rule,ENGINEERING_PROXY,1 model_vehicle=1 PCE; scenario assumption
308612,PCE/1h,500,1,1,500,TD_TPDM_design_flow_transferred_engineering_rule,ENGINEERING_PROXY,1 model_vehicle=1 PCE; scenario assumption
309296,PCE/1h,500,1,1,500,TD_TPDM_design_flow_transferred_engineering_rule,ENGINEERING_PROXY,1 model_vehicle=1 PCE; scenario assumption
308590,PCE/1h,500,1,1,500,TD_TPDM_design_flow_transferred_engineering_rule,ENGINEERING_PROXY,1 model_vehicle=1 PCE; scenario assumption
308446,PCE/1h,500,1,1,500,TD_TPDM_design_flow_transferred_engineering_rule,ENGINEERING_PROXY,1 model_vehicle=1 PCE; scenario assumption
308613,PCE/1h,500,1,1,500,TD_TPDM_design_flow_transferred_engineering_rule,ENGINEERING_PROXY,1 model_vehicle=1 PCE; scenario assumption
308390,PCE/1h,500,1,1,500,TD_TPDM_design_flow_transferred_engineering_rule,ENGINEERING_PROXY,1 model_vehicle=1 PCE; scenario assumption
308592,PCE/1h,500,1,1,500,TD_TPDM_design_flow_transferred_engineering_rule,ENGINEERING_PROXY,1 model_vehicle=1 PCE; scenario assumption
308412,PCE/1h,500,1,1,500,TD_TPDM_design_flow_transferred_engineering_rule,ENGINEERING_PROXY,1 model_vehicle=1 PCE; scenario assumption
309093,PCE/1h,500,1,1,500,TD_TPDM_design_flow_transferred_engineering_rule,ENGINEERING_PROXY,1 model_vehicle=1 PCE; scenario assumption
308470,PCE/1h,500,1,1,500,TD_TPDM_design_flow_transferred_engineering_rule,ENGINEERING_PROXY,1 model_vehicle=1 PCE; scenario assumption
308433,PCE/1h,500,1,1,500,TD_TPDM_design_flow_transferred_engineering_rule,ENGINEERING_PROXY,1 model_vehicle=1 PCE; scenario assumption
308440,PCE/1h,500,1,1,500,TD_TPDM_design_flow_transferred_engineering_rule,ENGINEERING_PROXY,1 model_vehicle=1 PCE; scenario assumption
308485,PCE/1h,500,1,1,500,TD_TPDM_design_flow_transferred_engineering_rule,ENGINEERING_PROXY,1 model_vehicle=1 PCE; scenario assumption
308542,PCE/1h,500,1,1,500,TD_TPDM_design_flow_transferred_engineering_rule,ENGINEERING_PROXY,1 model_vehicle=1 PCE; scenario assumption
308545,PCE/1h,500,1,1,500,TD_TPDM_design_flow_transferred_engineering_rule,ENGINEERING_PROXY,1 model_vehicle=1 PCE; scenario assumption
308544,PCE/1h,500,1,1,500,TD_TPDM_design_flow_transferred_engineering_rule,ENGINEERING_PROXY,1 model_vehicle=1 PCE; scenario assumption
308547,PCE/1h,500,1,1,500,TD_TPDM_design_flow_transferred_engineering_rule,ENGINEERING_PROXY,1 model_vehicle=1 PCE; scenario assumption
308560,PCE/1h,500,1,1,500,TD_TPDM_design_flow_transferred_engineering_rule,ENGINEERING_PROXY,1 model_vehicle=1 PCE; scenario assumption
308546,PCE/1h,500,1,1,500,TD_TPDM_design_flow_transferred_engineering_rule,ENGINEERING_PROXY,1 model_vehicle=1 PCE; scenario assumption
308538,PCE/1h,500,1,1,500,TD_TPDM_design_flow_transferred_engineering_rule,ENGINEERING_PROXY,1 model_vehicle=1 PCE; scenario assumption
309294,PCE/1h,500,1,1,500,TD_TPDM_design_flow_transferred_engineering_rule,ENGINEERING_PROXY,1 model_vehicle=1 PCE; scenario assumption
309360,PCE/1h,500,1,1,500,TD_TPDM_design_flow_transferred_engineering_rule,ENGINEERING_PROXY,1 model_vehicle=1 PCE; scenario assumption
308536,PCE/1h,500,1,1,500,TD_TPDM_design_flow_transferred_engineering_rule,ENGINEERING_PROXY,1 model_vehicle=1 PCE; scenario assumption
308384,PCE/1h,500,1,1,500,TD_TPDM_design_flow_transferred_engineering_rule,ENGINEERING_PROXY,1 model_vehicle=1 PCE; scenario assumption
308562,PCE/1h,500,1,1,500,TD_TPDM_design_flow_transferred_engineering_rule,ENGINEERING_PROXY,1 model_vehicle=1 PCE; scenario assumption
308537,PCE/1h,500,1,1,500,TD_TPDM_design_flow_transferred_engineering_rule,ENGINEERING_PROXY,1 model_vehicle=1 PCE; scenario assumption
308540,PCE/1h,500,1,1,500,TD_TPDM_design_flow_transferred_engineering_rule,ENGINEERING_PROXY,1 model_vehicle=1 PCE; scenario assumption
308432,PCE/1h,500,1,1,500,TD_TPDM_design_flow_transferred_engineering_rule,ENGINEERING_PROXY,1 model_vehicle=1 PCE; scenario assumption
308541,PCE/1h,500,1,1,500,TD_TPDM_design_flow_transferred_engineering_rule,ENGINEERING_PROXY,1 model_vehicle=1 PCE; scenario assumption
308362,PCE/1h,500,1,1,500,TD_TPDM_design_flow_transferred_engineering_rule,ENGINEERING_PROXY,1 model_vehicle=1 PCE; scenario assumption
308548,PCE/1h,500,1,1,500,TD_TPDM_design_flow_transferred_engineering_rule,ENGINEERING_PROXY,1 model_vehicle=1 PCE; scenario assumption
308436,PCE/1h,500,1,1,500,TD_TPDM_design_flow_transferred_engineering_rule,ENGINEERING_PROXY,1 model_vehicle=1 PCE; scenario assumption
319736,PCE/1h,500,1,1,500,TD_TPDM_design_flow_transferred_engineering_rule,ENGINEERING_PROXY,1 model_vehicle=1 PCE; scenario assumption
309157,PCE/1h,500,1,1,500,TD_TPDM_design_flow_transferred_engineering_rule,ENGINEERING_PROXY,1 model_vehicle=1 PCE; scenario assumption
309156,PCE/1h,500,1,1,500,TD_TPDM_design_flow_transferred_engineering_rule,ENGINEERING_PROXY,1 model_vehicle=1 PCE; scenario assumption
309330,PCE/1h,500,1,1,500,TD_TPDM_design_flow_transferred_engineering_rule,ENGINEERING_PROXY,1 model_vehicle=1 PCE; scenario assumption
309158,PCE/1h,500,1,1,500,TD_TPDM_design_flow_transferred_engineering_rule,ENGINEERING_PROXY,1 model_vehicle=1 PCE; scenario assumption
309333,PCE/1h,500,1,1,500,TD_TPDM_design_flow_transferred_engineering_rule,ENGINEERING_PROXY,1 model_vehicle=1 PCE; scenario assumption
308398,PCE/1h,500,1,1,500,TD_TPDM_design_flow_transferred_engineering_rule,ENGINEERING_PROXY,1 model_vehicle=1 PCE; scenario assumption
308532,PCE/1h,500,1,1,500,TD_TPDM_design_flow_transferred_engineering_rule,ENGINEERING_PROXY,1 model_vehicle=1 PCE; scenario assumption
308314,PCE/1h,500,1,1,500,TD_TPDM_design_flow_transferred_engineering_rule,ENGINEERING_PROXY,1 model_vehicle=1 PCE; scenario assumption
308300,PCE/1h,500,1,1,500,TD_TPDM_design_flow_transferred_engineering_rule,ENGINEERING_PROXY,1 model_vehicle=1 PCE; scenario assumption
308315,PCE/1h,500,1,1,500,TD_TPDM_design_flow_transferred_engineering_rule,ENGINEERING_PROXY,1 model_vehicle=1 PCE; scenario assumption
308316,PCE/1h,500,1,1,500,TD_TPDM_design_flow_transferred_engineering_rule,ENGINEERING_PROXY,1 model_vehicle=1 PCE; scenario assumption
309248,PCE/1h,500,1,1,500,TD_TPDM_design_flow_transferred_engineering_rule,ENGINEERING_PROXY,1 model_vehicle=1 PCE; scenario assumption
309160,PCE/1h,500,1,1,500,TD_TPDM_design_flow_transferred_engineering_rule,ENGINEERING_PROXY,1 model_vehicle=1 PCE; scenario assumption
309332,PCE/1h,500,1,1,500,TD_TPDM_design_flow_transferred_engineering_rule,ENGINEERING_PROXY,1 model_vehicle=1 PCE; scenario assumption
308317,PCE/1h,500,1,1,500,TD_TPDM_design_flow_transferred_engineering_rule,ENGINEERING_PROXY,1 model_vehicle=1 PCE; scenario assumption
310240,PCE/1h,500,1,1,500,TD_TPDM_design_flow_transferred_engineering_rule,ENGINEERING_PROXY,1 model_vehicle=1 PCE; scenario assumption
308430,PCE/1h,500,1,1,500,TD_TPDM_design_flow_transferred_engineering_rule,ENGINEERING_PROXY,1 model_vehicle=1 PCE; scenario assumption
310236,PCE/1h,500,1,1,500,TD_TPDM_design_flow_transferred_engineering_rule,ENGINEERING_PROXY,1 model_vehicle=1 PCE; scenario assumption
319730,PCE/1h,500,1,1,500,TD_TPDM_design_flow_transferred_engineering_rule,ENGINEERING_PROXY,1 model_vehicle=1 PCE; scenario assumption
310214,PCE/1h,500,1,1,500,TD_TPDM_design_flow_transferred_engineering_rule,ENGINEERING_PROXY,1 model_vehicle=1 PCE; scenario assumption
309892,PCE/1h,500,1,1,500,TD_TPDM_design_flow_transferred_engineering_rule,ENGINEERING_PROXY,1 model_vehicle=1 PCE; scenario assumption
310238,PCE/1h,500,1,1,500,TD_TPDM_design_flow_transferred_engineering_rule,ENGINEERING_PROXY,1 model_vehicle=1 PCE; scenario assumption
309088,PCE/1h,500,1,1,500,TD_TPDM_design_flow_transferred_engineering_rule,ENGINEERING_PROXY,1 model_vehicle=1 PCE; scenario assumption
645760,PCE/1h,500,1,1,500,TD_TPDM_design_flow_transferred_engineering_rule,ENGINEERING_PROXY,1 model_vehicle=1 PCE; scenario assumption
308434,PCE/1h,500,1,1,500,TD_TPDM_design_flow_transferred_engineering_rule,ENGINEERING_PROXY,1 model_vehicle=1 PCE; scenario assumption
309092,PCE/1h,500,1,1,500,TD_TPDM_design_flow_transferred_engineering_rule,ENGINEERING_PROXY,1 model_vehicle=1 PCE; scenario assumption
309094,PCE/1h,500,1,1,500,TD_TPDM_design_flow_transferred_engineering_rule,ENGINEERING_PROXY,1 model_vehicle=1 PCE; scenario assumption
308507,PCE/1h,500,1,1,500,TD_TPDM_design_flow_transferred_engineering_rule,ENGINEERING_PROXY,1 model_vehicle=1 PCE; scenario assumption
309064,PCE/1h,500,1,1,500,TD_TPDM_design_flow_transferred_engineering_rule,ENGINEERING_PROXY,1 model_vehicle=1 PCE; scenario assumption
309066,PCE/1h,500,1,1,500,TD_TPDM_design_flow_transferred_engineering_rule,ENGINEERING_PROXY,1 model_vehicle=1 PCE; scenario assumption
309164,PCE/1h,500,1,1,500,TD_TPDM_design_flow_transferred_engineering_rule,ENGINEERING_PROXY,1 model_vehicle=1 PCE; scenario assumption
310370,PCE/1h,500,1,1,500,TD_TPDM_design_flow_transferred_engineering_rule,ENGINEERING_PROXY,1 model_vehicle=1 PCE; scenario assumption
309122,PCE/1h,500,1,1,500,TD_TPDM_design_flow_transferred_engineering_rule,ENGINEERING_PROXY,1 model_vehicle=1 PCE; scenario assumption
309352,PCE/1h,500,1,1,500,TD_TPDM_design_flow_transferred_engineering_rule,ENGINEERING_PROXY,1 model_vehicle=1 PCE; scenario assumption
309292,PCE/1h,500,1,1,500,TD_TPDM_design_flow_transferred_engineering_rule,ENGINEERING_PROXY,1 model_vehicle=1 PCE; scenario assumption
339260,PCE/1h,500,1,1,500,TD_TPDM_design_flow_transferred_engineering_rule,ENGINEERING_PROXY,1 model_vehicle=1 PCE; scenario assumption
645758,PCE/1h,500,1,1,500,TD_TPDM_design_flow_transferred_engineering_rule,ENGINEERING_PROXY,1 model_vehicle=1 PCE; scenario assumption
309319,PCE/1h,500,1,1,500,TD_TPDM_design_flow_transferred_engineering_rule,ENGINEERING_PROXY,1 model_vehicle=1 PCE; scenario assumption
331594,PCE/1h,500,1,1,500,TD_TPDM_design_flow_transferred_engineering_rule,ENGINEERING_PROXY,1 model_vehicle=1 PCE; scenario assumption
308484,PCE/1h,500,1,1,500,TD_TPDM_design_flow_transferred_engineering_rule,ENGINEERING_PROXY,1 model_vehicle=1 PCE; scenario assumption
331595,PCE/1h,500,1,1,500,TD_TPDM_design_flow_transferred_engineering_rule,ENGINEERING_PROXY,1 model_vehicle=1 PCE; scenario assumption
331593,PCE/1h,500,1,1,500,TD_TPDM_design_flow_transferred_engineering_rule,ENGINEERING_PROXY,1 model_vehicle=1 PCE; scenario assumption
308506,PCE/1h,500,1,1,500,TD_TPDM_design_flow_transferred_engineering_rule,ENGINEERING_PROXY,1 model_vehicle=1 PCE; scenario assumption
308511,PCE/1h,500,1,1,500,TD_TPDM_design_flow_transferred_engineering_rule,ENGINEERING_PROXY,1 model_vehicle=1 PCE; scenario assumption
308504,PCE/1h,500,1,1,500,TD_TPDM_design_flow_transferred_engineering_rule,ENGINEERING_PROXY,1 model_vehicle=1 PCE; scenario assumption
308530,PCE/1h,500,1,1,500,TD_TPDM_design_flow_transferred_engineering_rule,ENGINEERING_PROXY,1 model_vehicle=1 PCE; scenario assumption
339262,PCE/1h,500,1,1,500,TD_TPDM_design_flow_transferred_engineering_rule,ENGINEERING_PROXY,1 model_vehicle=1 PCE; scenario assumption
309358,PCE/1h,500,1,1,500,TD_TPDM_design_flow_transferred_engineering_rule,ENGINEERING_PROXY,1 model_vehicle=1 PCE; scenario assumption
339264,PCE/1h,500,1,1,500,TD_TPDM_design_flow_transferred_engineering_rule,ENGINEERING_PROXY,1 model_vehicle=1 PCE; scenario assumption
309359,PCE/1h,500,1,1,500,TD_TPDM_design_flow_transferred_engineering_rule,ENGINEERING_PROXY,1 model_vehicle=1 PCE; scenario assumption
309356,PCE/1h,500,1,1,500,TD_TPDM_design_flow_transferred_engineering_rule,ENGINEERING_PROXY,1 model_vehicle=1 PCE; scenario assumption
309072,PCE/1h,500,1,1,500,TD_TPDM_design_flow_transferred_engineering_rule,ENGINEERING_PROXY,1 model_vehicle=1 PCE; scenario assumption
310226,PCE/1h,500,1,1,500,TD_TPDM_design_flow_transferred_engineering_rule,ENGINEERING_PROXY,1 model_vehicle=1 PCE; scenario assumption
309912,PCE/1h,500,1,1,500,TD_TPDM_design_flow_transferred_engineering_rule,ENGINEERING_PROXY,1 model_vehicle=1 PCE; scenario assumption
308512,PCE/1h,500,1,1,500,TD_TPDM_design_flow_transferred_engineering_rule,ENGINEERING_PROXY,1 model_vehicle=1 PCE; scenario assumption
308510,PCE/1h,500,1,1,500,TD_TPDM_design_flow_transferred_engineering_rule,ENGINEERING_PROXY,1 model_vehicle=1 PCE; scenario assumption
309357,PCE/1h,500,1,1,500,TD_TPDM_design_flow_transferred_engineering_rule,ENGINEERING_PROXY,1 model_vehicle=1 PCE; scenario assumption
309354,PCE/1h,500,1,1,500,TD_TPDM_design_flow_transferred_engineering_rule,ENGINEERING_PROXY,1 model_vehicle=1 PCE; scenario assumption
309890,PCE/1h,500,1,1,500,TD_TPDM_design_flow_transferred_engineering_rule,ENGINEERING_PROXY,1 model_vehicle=1 PCE; scenario assumption
308670,PCE/1h,500,1,1,500,TD_TPDM_design_flow_transferred_engineering_rule,ENGINEERING_PROXY,1 model_vehicle=1 PCE; scenario assumption
308505,PCE/1h,500,1,1,500,TD_TPDM_design_flow_transferred_engineering_rule,ENGINEERING_PROXY,1 model_vehicle=1 PCE; scenario assumption
331592,PCE/1h,500,1,1,500,TD_TPDM_design_flow_transferred_engineering_rule,ENGINEERING_PROXY,1 model_vehicle=1 PCE; scenario assumption
308574,PCE/1h,500,1,1,500,TD_TPDM_design_flow_transferred_engineering_rule,ENGINEERING_PROXY,1 model_vehicle=1 PCE; scenario assumption
308496,PCE/1h,500,1,1,500,TD_TPDM_design_flow_transferred_engineering_rule,ENGINEERING_PROXY,1 model_vehicle=1 PCE; scenario assumption
658172,PCE/1h,500,1,1,500,TD_TPDM_design_flow_transferred_engineering_rule,ENGINEERING_PROXY,1 model_vehicle=1 PCE; scenario assumption
310218,PCE/1h,500,1,1,500,TD_TPDM_design_flow_transferred_engineering_rule,ENGINEERING_PROXY,1 model_vehicle=1 PCE; scenario assumption
658173,PCE/1h,500,1,1,500,TD_TPDM_design_flow_transferred_engineering_rule,ENGINEERING_PROXY,1 model_vehicle=1 PCE; scenario assumption
308502,PCE/1h,500,1,1,500,TD_TPDM_design_flow_transferred_engineering_rule,ENGINEERING_PROXY,1 model_vehicle=1 PCE; scenario assumption
308604,PCE/1h,500,1,1,500,TD_TPDM_design_flow_transferred_engineering_rule,ENGINEERING_PROXY,1 model_vehicle=1 PCE; scenario assumption
308389,PCE/1h,500,1,1,500,TD_TPDM_design_flow_transferred_engineering_rule,ENGINEERING_PROXY,1 model_vehicle=1 PCE; scenario assumption
308518,PCE/1h,500,1,1,500,TD_TPDM_design_flow_transferred_engineering_rule,ENGINEERING_PROXY,1 model_vehicle=1 PCE; scenario assumption
309908,PCE/1h,500,1,1,500,TD_TPDM_design_flow_transferred_engineering_rule,ENGINEERING_PROXY,1 model_vehicle=1 PCE; scenario assumption
309300,PCE/1h,500,1,1,500,TD_TPDM_design_flow_transferred_engineering_rule,ENGINEERING_PROXY,1 model_vehicle=1 PCE; scenario assumption
309058,PCE/1h,500,1,1,500,TD_TPDM_design_flow_transferred_engineering_rule,ENGINEERING_PROXY,1 model_vehicle=1 PCE; scenario assumption
651956,PCE/1h,500,1,1,500,TD_TPDM_design_flow_transferred_engineering_rule,ENGINEERING_PROXY,1 model_vehicle=1 PCE; scenario assumption
308435,PCE/1h,500,1,1,500,TD_TPDM_design_flow_transferred_engineering_rule,ENGINEERING_PROXY,1 model_vehicle=1 PCE; scenario assumption
309073,PCE/1h,500,1,1,500,TD_TPDM_design_flow_transferred_engineering_rule,ENGINEERING_PROXY,1 model_vehicle=1 PCE; scenario assumption
308558,PCE/1h,500,1,1,500,TD_TPDM_design_flow_transferred_engineering_rule,ENGINEERING_PROXY,1 model_vehicle=1 PCE; scenario assumption
308474,PCE/1h,500,1,1,500,TD_TPDM_design_flow_transferred_engineering_rule,ENGINEERING_PROXY,1 model_vehicle=1 PCE; scenario assumption
308472,PCE/1h,500,1,1,500,TD_TPDM_design_flow_transferred_engineering_rule,ENGINEERING_PROXY,1 model_vehicle=1 PCE; scenario assumption
308388,PCE/1h,500,1,1,500,TD_TPDM_design_flow_transferred_engineering_rule,ENGINEERING_PROXY,1 model_vehicle=1 PCE; scenario assumption
308559,PCE/1h,500,1,1,500,TD_TPDM_design_flow_transferred_engineering_rule,ENGINEERING_PROXY,1 model_vehicle=1 PCE; scenario assumption
308611,PCE/1h,500,1,1,500,TD_TPDM_design_flow_transferred_engineering_rule,ENGINEERING_PROXY,1 model_vehicle=1 PCE; scenario assumption
651954,PCE/1h,500,1,1,500,TD_TPDM_design_flow_transferred_engineering_rule,ENGINEERING_PROXY,1 model_vehicle=1 PCE; scenario assumption
309873,PCE/1h,500,1,1,500,TD_TPDM_design_flow_transferred_engineering_rule,ENGINEERING_PROXY,1 model_vehicle=1 PCE; scenario assumption
308576,PCE/1h,500,1,1,500,TD_TPDM_design_flow_transferred_engineering_rule,ENGINEERING_PROXY,1 model_vehicle=1 PCE; scenario assumption
308500,PCE/1h,500,1,1,500,TD_TPDM_design_flow_transferred_engineering_rule,ENGINEERING_PROXY,1 model_vehicle=1 PCE; scenario assumption
309880,PCE/1h,500,1,1,500,TD_TPDM_design_flow_transferred_engineering_rule,ENGINEERING_PROXY,1 model_vehicle=1 PCE; scenario assumption
651957,PCE/1h,500,1,1,500,TD_TPDM_design_flow_transferred_engineering_rule,ENGINEERING_PROXY,1 model_vehicle=1 PCE; scenario assumption
658170,PCE/1h,500,1,1,500,TD_TPDM_design_flow_transferred_engineering_rule,ENGINEERING_PROXY,1 model_vehicle=1 PCE; scenario assumption
309882,PCE/1h,500,1,1,500,TD_TPDM_design_flow_transferred_engineering_rule,ENGINEERING_PROXY,1 model_vehicle=1 PCE; scenario assumption
308610,PCE/1h,500,1,1,500,TD_TPDM_design_flow_transferred_engineering_rule,ENGINEERING_PROXY,1 model_vehicle=1 PCE; scenario assumption
308368,PCE/1h,500,1,1,500,TD_TPDM_design_flow_transferred_engineering_rule,ENGINEERING_PROXY,1 model_vehicle=1 PCE; scenario assumption
309343,PCE/1h,500,1,1,500,TD_TPDM_design_flow_transferred_engineering_rule,ENGINEERING_PROXY,1 model_vehicle=1 PCE; scenario assumption
308280,PCE/1h,500,1,1,500,TD_TPDM_design_flow_transferred_engineering_rule,ENGINEERING_PROXY,1 model_vehicle=1 PCE; scenario assumption
310230,PCE/1h,500,1,1,500,TD_TPDM_design_flow_transferred_engineering_rule,ENGINEERING_PROXY,1 model_vehicle=1 PCE; scenario assumption
308422,PCE/1h,500,1,1,500,TD_TPDM_design_flow_transferred_engineering_rule,ENGINEERING_PROXY,1 model_vehicle=1 PCE; scenario assumption
308424,PCE/1h,500,1,1,500,TD_TPDM_design_flow_transferred_engineering_rule,ENGINEERING_PROXY,1 model_vehicle=1 PCE; scenario assumption
308508,PCE/1h,500,1,1,500,TD_TPDM_design_flow_transferred_engineering_rule,ENGINEERING_PROXY,1 model_vehicle=1 PCE; scenario assumption
309872,PCE/1h,500,1,1,500,TD_TPDM_design_flow_transferred_engineering_rule,ENGINEERING_PROXY,1 model_vehicle=1 PCE; scenario assumption
308281,PCE/1h,500,1,1,500,TD_TPDM_design_flow_transferred_engineering_rule,ENGINEERING_PROXY,1 model_vehicle=1 PCE; scenario assumption
308520,PCE/1h,500,1,1,500,TD_TPDM_design_flow_transferred_engineering_rule,ENGINEERING_PROXY,1 model_vehicle=1 PCE; scenario assumption
308425,PCE/1h,500,1,1,500,TD_TPDM_design_flow_transferred_engineering_rule,ENGINEERING_PROXY,1 model_vehicle=1 PCE; scenario assumption
642418,PCE/1h,500,1,1,500,TD_TPDM_design_flow_transferred_engineering_rule,ENGINEERING_PROXY,1 model_vehicle=1 PCE; scenario assumption
642421,PCE/1h,500,1,1,500,TD_TPDM_design_flow_transferred_engineering_rule,ENGINEERING_PROXY,1 model_vehicle=1 PCE; scenario assumption
642416,PCE/1h,500,1,1,500,TD_TPDM_design_flow_transferred_engineering_rule,ENGINEERING_PROXY,1 model_vehicle=1 PCE; scenario assumption
642424,PCE/1h,500,1,1,500,TD_TPDM_design_flow_transferred_engineering_rule,ENGINEERING_PROXY,1 model_vehicle=1 PCE; scenario assumption
659672,PCE/1h,1500,2,1,3000,TD_TPDM_design_flow_transferred_engineering_rule,ENGINEERING_PROXY,1 model_vehicle=1 PCE; scenario assumption
309099,PCE/1h,500,1,1,500,TD_TPDM_design_flow_transferred_engineering_rule,ENGINEERING_PROXY,1 model_vehicle=1 PCE; scenario assumption
642426,PCE/1h,500,1,1,500,TD_TPDM_design_flow_transferred_engineering_rule,ENGINEERING_PROXY,1 model_vehicle=1 PCE; scenario assumption
309304,PCE/1h,500,1,1,500,TD_TPDM_design_flow_transferred_engineering_rule,ENGINEERING_PROXY,1 model_vehicle=1 PCE; scenario assumption
310348,PCE/1h,500,1,1,500,TD_TPDM_design_flow_transferred_engineering_rule,ENGINEERING_PROXY,1 model_vehicle=1 PCE; scenario assumption
308516,PCE/1h,500,1,1,500,TD_TPDM_design_flow_transferred_engineering_rule,ENGINEERING_PROXY,1 model_vehicle=1 PCE; scenario assumption
308526,PCE/1h,500,1,1,500,TD_TPDM_design_flow_transferred_engineering_rule,ENGINEERING_PROXY,1 model_vehicle=1 PCE; scenario assumption
309376,PCE/1h,500,1,1,500,TD_TPDM_design_flow_transferred_engineering_rule,ENGINEERING_PROXY,1 model_vehicle=1 PCE; scenario assumption
309288,PCE/1h,500,1,1,500,TD_TPDM_design_flow_transferred_engineering_rule,ENGINEERING_PROXY,1 model_vehicle=1 PCE; scenario assumption
309290,PCE/1h,500,1,1,500,TD_TPDM_design_flow_transferred_engineering_rule,ENGINEERING_PROXY,1 model_vehicle=1 PCE; scenario assumption
642420,PCE/1h,500,1,1,500,TD_TPDM_design_flow_transferred_engineering_rule,ENGINEERING_PROXY,1 model_vehicle=1 PCE; scenario assumption
309318,PCE/1h,500,1,1,500,TD_TPDM_design_flow_transferred_engineering_rule,ENGINEERING_PROXY,1 model_vehicle=1 PCE; scenario assumption
309342,PCE/1h,500,1,1,500,TD_TPDM_design_flow_transferred_engineering_rule,ENGINEERING_PROXY,1 model_vehicle=1 PCE; scenario assumption
309107,PCE/1h,500,1,1,500,TD_TPDM_design_flow_transferred_engineering_rule,ENGINEERING_PROXY,1 model_vehicle=1 PCE; scenario assumption
309098,PCE/1h,500,1,1,500,TD_TPDM_design_flow_transferred_engineering_rule,ENGINEERING_PROXY,1 model_vehicle=1 PCE; scenario assumption
309120,PCE/1h,500,1,1,500,TD_TPDM_design_flow_transferred_engineering_rule,ENGINEERING_PROXY,1 model_vehicle=1 PCE; scenario assumption
366722,PCE/1h,500,1,1,500,TD_TPDM_design_flow_transferred_engineering_rule,ENGINEERING_PROXY,1 model_vehicle=1 PCE; scenario assumption
309068,PCE/1h,500,1,1,500,TD_TPDM_design_flow_transferred_engineering_rule,ENGINEERING_PROXY,1 model_vehicle=1 PCE; scenario assumption
642422,PCE/1h,500,1,1,500,TD_TPDM_design_flow_transferred_engineering_rule,ENGINEERING_PROXY,1 model_vehicle=1 PCE; scenario assumption
309118,PCE/1h,500,1,1,500,TD_TPDM_design_flow_transferred_engineering_rule,ENGINEERING_PROXY,1 model_vehicle=1 PCE; scenario assumption
309091,PCE/1h,500,1,1,500,TD_TPDM_design_flow_transferred_engineering_rule,ENGINEERING_PROXY,1 model_vehicle=1 PCE; scenario assumption
309310,PCE/1h,500,1,1,500,TD_TPDM_design_flow_transferred_engineering_rule,ENGINEERING_PROXY,1 model_vehicle=1 PCE; scenario assumption
309379,PCE/1h,500,1,1,500,TD_TPDM_design_flow_transferred_engineering_rule,ENGINEERING_PROXY,1 model_vehicle=1 PCE; scenario assumption
309186,PCE/1h,500,1,1,500,TD_TPDM_design_flow_transferred_engineering_rule,ENGINEERING_PROXY,1 model_vehicle=1 PCE; scenario assumption
310405,PCE/1h,500,1,1,500,TD_TPDM_design_flow_transferred_engineering_rule,ENGINEERING_PROXY,1 model_vehicle=1 PCE; scenario assumption
309144,PCE/1h,500,1,1,500,TD_TPDM_design_flow_transferred_engineering_rule,ENGINEERING_PROXY,1 model_vehicle=1 PCE; scenario assumption
310367,PCE/1h,500,1,1,500,TD_TPDM_design_flow_transferred_engineering_rule,ENGINEERING_PROXY,1 model_vehicle=1 PCE; scenario assumption
308414,PCE/1h,500,1,1,500,TD_TPDM_design_flow_transferred_engineering_rule,ENGINEERING_PROXY,1 model_vehicle=1 PCE; scenario assumption
308488,PCE/1h,500,1,1,500,TD_TPDM_design_flow_transferred_engineering_rule,ENGINEERING_PROXY,1 model_vehicle=1 PCE; scenario assumption
310404,PCE/1h,500,1,1,500,TD_TPDM_design_flow_transferred_engineering_rule,ENGINEERING_PROXY,1 model_vehicle=1 PCE; scenario assumption
310366,PCE/1h,500,1,1,500,TD_TPDM_design_flow_transferred_engineering_rule,ENGINEERING_PROXY,1 model_vehicle=1 PCE; scenario assumption
310351,PCE/1h,500,1,1,500,TD_TPDM_design_flow_transferred_engineering_rule,ENGINEERING_PROXY,1 model_vehicle=1 PCE; scenario assumption
310369,PCE/1h,500,1,1,500,TD_TPDM_design_flow_transferred_engineering_rule,ENGINEERING_PROXY,1 model_vehicle=1 PCE; scenario assumption
310350,PCE/1h,500,1,1,500,TD_TPDM_design_flow_transferred_engineering_rule,ENGINEERING_PROXY,1 model_vehicle=1 PCE; scenario assumption
310346,PCE/1h,500,1,1,500,TD_TPDM_design_flow_transferred_engineering_rule,ENGINEERING_PROXY,1 model_vehicle=1 PCE; scenario assumption
309090,PCE/1h,500,1,1,500,TD_TPDM_design_flow_transferred_engineering_rule,ENGINEERING_PROXY,1 model_vehicle=1 PCE; scenario assumption
309322,PCE/1h,500,1,1,500,TD_TPDM_design_flow_transferred_engineering_rule,ENGINEERING_PROXY,1 model_vehicle=1 PCE; scenario assumption
309341,PCE/1h,500,1,1,500,TD_TPDM_design_flow_transferred_engineering_rule,ENGINEERING_PROXY,1 model_vehicle=1 PCE; scenario assumption
310368,PCE/1h,500,1,1,500,TD_TPDM_design_flow_transferred_engineering_rule,ENGINEERING_PROXY,1 model_vehicle=1 PCE; scenario assumption
309142,PCE/1h,500,1,1,500,TD_TPDM_design_flow_transferred_engineering_rule,ENGINEERING_PROXY,1 model_vehicle=1 PCE; scenario assumption
308494,PCE/1h,500,1,1,500,TD_TPDM_design_flow_transferred_engineering_rule,ENGINEERING_PROXY,1 model_vehicle=1 PCE; scenario assumption
308492,PCE/1h,500,1,1,500,TD_TPDM_design_flow_transferred_engineering_rule,ENGINEERING_PROXY,1 model_vehicle=1 PCE; scenario assumption
309059,PCE/1h,500,1,1,500,TD_TPDM_design_flow_transferred_engineering_rule,ENGINEERING_PROXY,1 model_vehicle=1 PCE; scenario assumption
310075,PCE/1h,500,1,1,500,TD_TPDM_design_flow_transferred_engineering_rule,ENGINEERING_PROXY,1 model_vehicle=1 PCE; scenario assumption
310073,PCE/1h,500,1,1,500,TD_TPDM_design_flow_transferred_engineering_rule,ENGINEERING_PROXY,1 model_vehicle=1 PCE; scenario assumption
309306,PCE/1h,500,1,1,500,TD_TPDM_design_flow_transferred_engineering_rule,ENGINEERING_PROXY,1 model_vehicle=1 PCE; scenario assumption
309362,PCE/1h,500,1,1,500,TD_TPDM_design_flow_transferred_engineering_rule,ENGINEERING_PROXY,1 model_vehicle=1 PCE; scenario assumption
310440,PCE/1h,500,1,1,500,TD_TPDM_design_flow_transferred_engineering_rule,ENGINEERING_PROXY,1 model_vehicle=1 PCE; scenario assumption
308405,PCE/1h,500,1,1,500,TD_TPDM_design_flow_transferred_engineering_rule,ENGINEERING_PROXY,1 model_vehicle=1 PCE; scenario assumption
309140,PCE/1h,500,1,1,500,TD_TPDM_design_flow_transferred_engineering_rule,ENGINEERING_PROXY,1 model_vehicle=1 PCE; scenario assumption
308501,PCE/1h,500,1,1,500,TD_TPDM_design_flow_transferred_engineering_rule,ENGINEERING_PROXY,1 model_vehicle=1 PCE; scenario assumption
310074,PCE/1h,500,1,1,500,TD_TPDM_design_flow_transferred_engineering_rule,ENGINEERING_PROXY,1 model_vehicle=1 PCE; scenario assumption
310224,PCE/1h,500,1,1,500,TD_TPDM_design_flow_transferred_engineering_rule,ENGINEERING_PROXY,1 model_vehicle=1 PCE; scenario assumption
309924,PCE/1h,500,1,1,500,TD_TPDM_design_flow_transferred_engineering_rule,ENGINEERING_PROXY,1 model_vehicle=1 PCE; scenario assumption
308428,PCE/1h,500,1,1,500,TD_TPDM_design_flow_transferred_engineering_rule,ENGINEERING_PROXY,1 model_vehicle=1 PCE; scenario assumption
308473,PCE/1h,500,1,1,500,TD_TPDM_design_flow_transferred_engineering_rule,ENGINEERING_PROXY,1 model_vehicle=1 PCE; scenario assumption
310072,PCE/1h,500,1,1,500,TD_TPDM_design_flow_transferred_engineering_rule,ENGINEERING_PROXY,1 model_vehicle=1 PCE; scenario assumption
309378,PCE/1h,500,1,1,500,TD_TPDM_design_flow_transferred_engineering_rule,ENGINEERING_PROXY,1 model_vehicle=1 PCE; scenario assumption
642287,PCE/1h,500,1,1,500,TD_TPDM_design_flow_transferred_engineering_rule,ENGINEERING_PROXY,1 model_vehicle=1 PCE; scenario assumption
308600,PCE/1h,500,1,1,500,TD_TPDM_design_flow_transferred_engineering_rule,ENGINEERING_PROXY,1 model_vehicle=1 PCE; scenario assumption
308608,PCE/1h,500,1,1,500,TD_TPDM_design_flow_transferred_engineering_rule,ENGINEERING_PROXY,1 model_vehicle=1 PCE; scenario assumption
667532,PCE/1h,500,1,1,500,TD_TPDM_design_flow_transferred_engineering_rule,ENGINEERING_PROXY,1 model_vehicle=1 PCE; scenario assumption
308572,PCE/1h,500,1,1,500,TD_TPDM_design_flow_transferred_engineering_rule,ENGINEERING_PROXY,1 model_vehicle=1 PCE; scenario assumption
308395,PCE/1h,500,1,1,500,TD_TPDM_design_flow_transferred_engineering_rule,ENGINEERING_PROXY,1 model_vehicle=1 PCE; scenario assumption
310235,PCE/1h,500,1,1,500,TD_TPDM_design_flow_transferred_engineering_rule,ENGINEERING_PROXY,1 model_vehicle=1 PCE; scenario assumption
310220,PCE/1h,500,1,1,500,TD_TPDM_design_flow_transferred_engineering_rule,ENGINEERING_PROXY,1 model_vehicle=1 PCE; scenario assumption
310228,PCE/1h,500,1,1,500,TD_TPDM_design_flow_transferred_engineering_rule,ENGINEERING_PROXY,1 model_vehicle=1 PCE; scenario assumption
310234,PCE/1h,500,1,1,500,TD_TPDM_design_flow_transferred_engineering_rule,ENGINEERING_PROXY,1 model_vehicle=1 PCE; scenario assumption
310221,PCE/1h,500,1,1,500,TD_TPDM_design_flow_transferred_engineering_rule,ENGINEERING_PROXY,1 model_vehicle=1 PCE; scenario assumption
310232,PCE/1h,500,1,1,500,TD_TPDM_design_flow_transferred_engineering_rule,ENGINEERING_PROXY,1 model_vehicle=1 PCE; scenario assumption
644740,PCE/1h,500,1,1,500,TD_TPDM_design_flow_transferred_engineering_rule,ENGINEERING_PROXY,1 model_vehicle=1 PCE; scenario assumption
310050,PCE/1h,500,1,1,500,TD_TPDM_design_flow_transferred_engineering_rule,ENGINEERING_PROXY,1 model_vehicle=1 PCE; scenario assumption
309934,PCE/1h,500,1,1,500,TD_TPDM_design_flow_transferred_engineering_rule,ENGINEERING_PROXY,1 model_vehicle=1 PCE; scenario assumption
309900,PCE/1h,500,1,1,500,TD_TPDM_design_flow_transferred_engineering_rule,ENGINEERING_PROXY,1 model_vehicle=1 PCE; scenario assumption
308672,PCE/1h,500,1,1,500,TD_TPDM_design_flow_transferred_engineering_rule,ENGINEERING_PROXY,1 model_vehicle=1 PCE; scenario assumption
308404,PCE/1h,500,1,1,500,TD_TPDM_design_flow_transferred_engineering_rule,ENGINEERING_PROXY,1 model_vehicle=1 PCE; scenario assumption
308393,PCE/1h,500,1,1,500,TD_TPDM_design_flow_transferred_engineering_rule,ENGINEERING_PROXY,1 model_vehicle=1 PCE; scenario assumption
308402,PCE/1h,500,1,1,500,TD_TPDM_design_flow_transferred_engineering_rule,ENGINEERING_PROXY,1 model_vehicle=1 PCE; scenario assumption
308394,PCE/1h,500,1,1,500,TD_TPDM_design_flow_transferred_engineering_rule,ENGINEERING_PROXY,1 model_vehicle=1 PCE; scenario assumption
308392,PCE/1h,500,1,1,500,TD_TPDM_design_flow_transferred_engineering_rule,ENGINEERING_PROXY,1 model_vehicle=1 PCE; scenario assumption
308565,PCE/1h,500,1,1,500,TD_TPDM_design_flow_transferred_engineering_rule,ENGINEERING_PROXY,1 model_vehicle=1 PCE; scenario assumption
308328,PCE/1h,500,1,1,500,TD_TPDM_design_flow_transferred_engineering_rule,ENGINEERING_PROXY,1 model_vehicle=1 PCE; scenario assumption
667534,PCE/1h,500,1,1,500,TD_TPDM_design_flow_transferred_engineering_rule,ENGINEERING_PROXY,1 model_vehicle=1 PCE; scenario assumption
308376,PCE/1h,500,1,1,500,TD_TPDM_design_flow_transferred_engineering_rule,ENGINEERING_PROXY,1 model_vehicle=1 PCE; scenario assumption
308403,PCE/1h,500,1,1,500,TD_TPDM_design_flow_transferred_engineering_rule,ENGINEERING_PROXY,1 model_vehicle=1 PCE; scenario assumption
309992,PCE/1h,500,1,1,500,TD_TPDM_design_flow_transferred_engineering_rule,ENGINEERING_PROXY,1 model_vehicle=1 PCE; scenario assumption
308332,PCE/1h,500,1,1,500,TD_TPDM_design_flow_transferred_engineering_rule,ENGINEERING_PROXY,1 model_vehicle=1 PCE; scenario assumption
309888,PCE/1h,500,1,1,500,TD_TPDM_design_flow_transferred_engineering_rule,ENGINEERING_PROXY,1 model_vehicle=1 PCE; scenario assumption
308420,PCE/1h,500,1,1,500,TD_TPDM_design_flow_transferred_engineering_rule,ENGINEERING_PROXY,1 model_vehicle=1 PCE; scenario assumption
308330,PCE/1h,500,1,1,500,TD_TPDM_design_flow_transferred_engineering_rule,ENGINEERING_PROXY,1 model_vehicle=1 PCE; scenario assumption
309106,PCE/1h,500,1,1,500,TD_TPDM_design_flow_transferred_engineering_rule,ENGINEERING_PROXY,1 model_vehicle=1 PCE; scenario assumption
309340,PCE/1h,500,1,1,500,TD_TPDM_design_flow_transferred_engineering_rule,ENGINEERING_PROXY,1 model_vehicle=1 PCE; scenario assumption
309137,PCE/1h,500,1,1,500,TD_TPDM_design_flow_transferred_engineering_rule,ENGINEERING_PROXY,1 model_vehicle=1 PCE; scenario assumption
642286,PCE/1h,500,1,1,500,TD_TPDM_design_flow_transferred_engineering_rule,ENGINEERING_PROXY,1 model_vehicle=1 PCE; scenario assumption
310233,PCE/1h,500,1,1,500,TD_TPDM_design_flow_transferred_engineering_rule,ENGINEERING_PROXY,1 model_vehicle=1 PCE; scenario assumption
308570,PCE/1h,500,1,1,500,TD_TPDM_design_flow_transferred_engineering_rule,ENGINEERING_PROXY,1 model_vehicle=1 PCE; scenario assumption
308564,PCE/1h,500,1,1,500,TD_TPDM_design_flow_transferred_engineering_rule,ENGINEERING_PROXY,1 model_vehicle=1 PCE; scenario assumption
308397,PCE/1h,500,1,1,500,TD_TPDM_design_flow_transferred_engineering_rule,ENGINEERING_PROXY,1 model_vehicle=1 PCE; scenario assumption
310500,PCE/1h,500,1,1,500,TD_TPDM_design_flow_transferred_engineering_rule,ENGINEERING_PROXY,1 model_vehicle=1 PCE; scenario assumption
309876,PCE/1h,500,1,1,500,TD_TPDM_design_flow_transferred_engineering_rule,ENGINEERING_PROXY,1 model_vehicle=1 PCE; scenario assumption
309886,PCE/1h,500,1,1,500,TD_TPDM_design_flow_transferred_engineering_rule,ENGINEERING_PROXY,1 model_vehicle=1 PCE; scenario assumption
309884,PCE/1h,500,1,1,500,TD_TPDM_design_flow_transferred_engineering_rule,ENGINEERING_PROXY,1 model_vehicle=1 PCE; scenario assumption
309878,PCE/1h,500,1,1,500,TD_TPDM_design_flow_transferred_engineering_rule,ENGINEERING_PROXY,1 model_vehicle=1 PCE; scenario assumption
308335,PCE/1h,500,1,1,500,TD_TPDM_design_flow_transferred_engineering_rule,ENGINEERING_PROXY,1 model_vehicle=1 PCE; scenario assumption
354580,PCE/1h,500,1,1,500,TD_TPDM_design_flow_transferred_engineering_rule,ENGINEERING_PROXY,1 model_vehicle=1 PCE; scenario assumption
308573,PCE/1h,500,1,1,500,TD_TPDM_design_flow_transferred_engineering_rule,ENGINEERING_PROXY,1 model_vehicle=1 PCE; scenario assumption
308554,PCE/1h,500,1,1,500,TD_TPDM_design_flow_transferred_engineering_rule,ENGINEERING_PROXY,1 model_vehicle=1 PCE; scenario assumption
309887,PCE/1h,500,1,1,500,TD_TPDM_design_flow_transferred_engineering_rule,ENGINEERING_PROXY,1 model_vehicle=1 PCE; scenario assumption
308334,PCE/1h,500,1,1,500,TD_TPDM_design_flow_transferred_engineering_rule,ENGINEERING_PROXY,1 model_vehicle=1 PCE; scenario assumption
308360,PCE/1h,500,1,1,500,TD_TPDM_design_flow_transferred_engineering_rule,ENGINEERING_PROXY,1 model_vehicle=1 PCE; scenario assumption
308326,PCE/1h,500,1,1,500,TD_TPDM_design_flow_transferred_engineering_rule,ENGINEERING_PROXY,1 model_vehicle=1 PCE; scenario assumption
308361,PCE/1h,500,1,1,500,TD_TPDM_design_flow_transferred_engineering_rule,ENGINEERING_PROXY,1 model_vehicle=1 PCE; scenario assumption
308358,PCE/1h,500,1,1,500,TD_TPDM_design_flow_transferred_engineering_rule,ENGINEERING_PROXY,1 model_vehicle=1 PCE; scenario assumption
310502,PCE/1h,500,1,1,500,TD_TPDM_design_flow_transferred_engineering_rule,ENGINEERING_PROXY,1 model_vehicle=1 PCE; scenario assumption
309990,PCE/1h,500,1,1,500,TD_TPDM_design_flow_transferred_engineering_rule,ENGINEERING_PROXY,1 model_vehicle=1 PCE; scenario assumption
310216,PCE/1h,500,1,1,500,TD_TPDM_design_flow_transferred_engineering_rule,ENGINEERING_PROXY,1 model_vehicle=1 PCE; scenario assumption
308327,PCE/1h,500,1,1,500,TD_TPDM_design_flow_transferred_engineering_rule,ENGINEERING_PROXY,1 model_vehicle=1 PCE; scenario assumption
331601,PCE/1h,500,1,1,500,TD_TPDM_design_flow_transferred_engineering_rule,ENGINEERING_PROXY,1 model_vehicle=1 PCE; scenario assumption
308406,PCE/1h,500,1,1,500,TD_TPDM_design_flow_transferred_engineering_rule,ENGINEERING_PROXY,1 model_vehicle=1 PCE; scenario assumption
654568,PCE/1h,500,1,1,500,TD_TPDM_design_flow_transferred_engineering_rule,ENGINEERING_PROXY,1 model_vehicle=1 PCE; scenario assumption
308632,PCE/1h,500,1,1,500,TD_TPDM_design_flow_transferred_engineering_rule,ENGINEERING_PROXY,1 model_vehicle=1 PCE; scenario assumption
308400,PCE/1h,500,1,1,500,TD_TPDM_design_flow_transferred_engineering_rule,ENGINEERING_PROXY,1 model_vehicle=1 PCE; scenario assumption
331600,PCE/1h,500,1,1,500,TD_TPDM_design_flow_transferred_engineering_rule,ENGINEERING_PROXY,1 model_vehicle=1 PCE; scenario assumption
308336,PCE/1h,500,1,1,500,TD_TPDM_design_flow_transferred_engineering_rule,ENGINEERING_PROXY,1 model_vehicle=1 PCE; scenario assumption
309898,PCE/1h,500,1,1,500,TD_TPDM_design_flow_transferred_engineering_rule,ENGINEERING_PROXY,1 model_vehicle=1 PCE; scenario assumption
310222,PCE/1h,500,1,1,500,TD_TPDM_design_flow_transferred_engineering_rule,ENGINEERING_PROXY,1 model_vehicle=1 PCE; scenario assumption
309899,PCE/1h,500,1,1,500,TD_TPDM_design_flow_transferred_engineering_rule,ENGINEERING_PROXY,1 model_vehicle=1 PCE; scenario assumption
309896,PCE/1h,500,1,1,500,TD_TPDM_design_flow_transferred_engineering_rule,ENGINEERING_PROXY,1 model_vehicle=1 PCE; scenario assumption
310450,PCE/1h,500,1,1,500,TD_TPDM_design_flow_transferred_engineering_rule,ENGINEERING_PROXY,1 model_vehicle=1 PCE; scenario assumption
309897,PCE/1h,500,1,1,500,TD_TPDM_design_flow_transferred_engineering_rule,ENGINEERING_PROXY,1 model_vehicle=1 PCE; scenario assumption
309914,PCE/1h,500,1,1,500,TD_TPDM_design_flow_transferred_engineering_rule,ENGINEERING_PROXY,1 model_vehicle=1 PCE; scenario assumption
308320,PCE/1h,500,1,1,500,TD_TPDM_design_flow_transferred_engineering_rule,ENGINEERING_PROXY,1 model_vehicle=1 PCE; scenario assumption
354584,PCE/1h,500,1,1,500,TD_TPDM_design_flow_transferred_engineering_rule,ENGINEERING_PROXY,1 model_vehicle=1 PCE; scenario assumption
308396,PCE/1h,500,1,1,500,TD_TPDM_design_flow_transferred_engineering_rule,ENGINEERING_PROXY,1 model_vehicle=1 PCE; scenario assumption
308483,PCE/1h,500,1,1,500,TD_TPDM_design_flow_transferred_engineering_rule,ENGINEERING_PROXY,1 model_vehicle=1 PCE; scenario assumption
309910,PCE/1h,500,1,1,500,TD_TPDM_design_flow_transferred_engineering_rule,ENGINEERING_PROXY,1 model_vehicle=1 PCE; scenario assumption
310451,PCE/1h,500,1,1,500,TD_TPDM_design_flow_transferred_engineering_rule,ENGINEERING_PROXY,1 model_vehicle=1 PCE; scenario assumption
319706,PCE/1h,500,1,1,500,TD_TPDM_design_flow_transferred_engineering_rule,ENGINEERING_PROXY,1 model_vehicle=1 PCE; scenario assumption
308476,PCE/1h,500,1,1,500,TD_TPDM_design_flow_transferred_engineering_rule,ENGINEERING_PROXY,1 model_vehicle=1 PCE; scenario assumption
308478,PCE/1h,500,1,1,500,TD_TPDM_design_flow_transferred_engineering_rule,ENGINEERING_PROXY,1 model_vehicle=1 PCE; scenario assumption
308514,PCE/1h,500,1,1,500,TD_TPDM_design_flow_transferred_engineering_rule,ENGINEERING_PROXY,1 model_vehicle=1 PCE; scenario assumption
308524,PCE/1h,500,1,1,500,TD_TPDM_design_flow_transferred_engineering_rule,ENGINEERING_PROXY,1 model_vehicle=1 PCE; scenario assumption
319716,PCE/1h,500,1,1,500,TD_TPDM_design_flow_transferred_engineering_rule,ENGINEERING_PROXY,1 model_vehicle=1 PCE; scenario assumption
430320,PCE/1h,500,1,1,500,TD_TPDM_design_flow_transferred_engineering_rule,ENGINEERING_PROXY,1 model_vehicle=1 PCE; scenario assumption
308479,PCE/1h,500,1,1,500,TD_TPDM_design_flow_transferred_engineering_rule,ENGINEERING_PROXY,1 model_vehicle=1 PCE; scenario assumption
430312,PCE/1h,500,1,1,500,TD_TPDM_design_flow_transferred_engineering_rule,ENGINEERING_PROXY,1 model_vehicle=1 PCE; scenario assumption
308490,PCE/1h,500,1,1,500,TD_TPDM_design_flow_transferred_engineering_rule,ENGINEERING_PROXY,1 model_vehicle=1 PCE; scenario assumption
308498,PCE/1h,500,1,1,500,TD_TPDM_design_flow_transferred_engineering_rule,ENGINEERING_PROXY,1 model_vehicle=1 PCE; scenario assumption
308762,PCE/1h,500,1,1,500,TD_TPDM_design_flow_transferred_engineering_rule,ENGINEERING_PROXY,1 model_vehicle=1 PCE; scenario assumption
430310,PCE/1h,500,1,1,500,TD_TPDM_design_flow_transferred_engineering_rule,ENGINEERING_PROXY,1 model_vehicle=1 PCE; scenario assumption
308310,PCE/1h,500,1,1,500,TD_TPDM_design_flow_transferred_engineering_rule,ENGINEERING_PROXY,1 model_vehicle=1 PCE; scenario assumption
430314,PCE/1h,500,1,1,500,TD_TPDM_design_flow_transferred_engineering_rule,ENGINEERING_PROXY,1 model_vehicle=1 PCE; scenario assumption
309083,PCE/1h,500,1,1,500,TD_TPDM_design_flow_transferred_engineering_rule,ENGINEERING_PROXY,1 model_vehicle=1 PCE; scenario assumption
308442,PCE/1h,500,1,1,500,TD_TPDM_design_flow_transferred_engineering_rule,ENGINEERING_PROXY,1 model_vehicle=1 PCE; scenario assumption
308626,PCE/1h,500,1,1,500,TD_TPDM_design_flow_transferred_engineering_rule,ENGINEERING_PROXY,1 model_vehicle=1 PCE; scenario assumption
319710,PCE/1h,500,1,1,500,TD_TPDM_design_flow_transferred_engineering_rule,ENGINEERING_PROXY,1 model_vehicle=1 PCE; scenario assumption
319714,PCE/1h,500,1,1,500,TD_TPDM_design_flow_transferred_engineering_rule,ENGINEERING_PROXY,1 model_vehicle=1 PCE; scenario assumption
319712,PCE/1h,500,1,1,500,TD_TPDM_design_flow_transferred_engineering_rule,ENGINEERING_PROXY,1 model_vehicle=1 PCE; scenario assumption
319718,PCE/1h,500,1,1,500,TD_TPDM_design_flow_transferred_engineering_rule,ENGINEERING_PROXY,1 model_vehicle=1 PCE; scenario assumption
310212,PCE/1h,500,1,1,500,TD_TPDM_design_flow_transferred_engineering_rule,ENGINEERING_PROXY,1 model_vehicle=1 PCE; scenario assumption
430324,PCE/1h,500,1,1,500,TD_TPDM_design_flow_transferred_engineering_rule,ENGINEERING_PROXY,1 model_vehicle=1 PCE; scenario assumption
430316,PCE/1h,500,1,1,500,TD_TPDM_design_flow_transferred_engineering_rule,ENGINEERING_PROXY,1 model_vehicle=1 PCE; scenario assumption
354582,PCE/1h,500,1,1,500,TD_TPDM_design_flow_transferred_engineering_rule,ENGINEERING_PROXY,1 model_vehicle=1 PCE; scenario assumption
308322,PCE/1h,500,1,1,500,TD_TPDM_design_flow_transferred_engineering_rule,ENGINEERING_PROXY,1 model_vehicle=1 PCE; scenario assumption
430322,PCE/1h,500,1,1,500,TD_TPDM_design_flow_transferred_engineering_rule,ENGINEERING_PROXY,1 model_vehicle=1 PCE; scenario assumption
319708,PCE/1h,500,1,1,500,TD_TPDM_design_flow_transferred_engineering_rule,ENGINEERING_PROXY,1 model_vehicle=1 PCE; scenario assumption
308324,PCE/1h,500,1,1,500,TD_TPDM_design_flow_transferred_engineering_rule,ENGINEERING_PROXY,1 model_vehicle=1 PCE; scenario assumption
430318,PCE/1h,500,1,1,500,TD_TPDM_design_flow_transferred_engineering_rule,ENGINEERING_PROXY,1 model_vehicle=1 PCE; scenario assumption
319720,PCE/1h,500,1,1,500,TD_TPDM_design_flow_transferred_engineering_rule,ENGINEERING_PROXY,1 model_vehicle=1 PCE; scenario assumption
310244,PCE/1h,500,1,1,500,TD_TPDM_design_flow_transferred_engineering_rule,ENGINEERING_PROXY,1 model_vehicle=1 PCE; scenario assumption
309082,PCE/1h,500,1,1,500,TD_TPDM_design_flow_transferred_engineering_rule,ENGINEERING_PROXY,1 model_vehicle=1 PCE; scenario assumption
309325,PCE/1h,500,1,1,500,TD_TPDM_design_flow_transferred_engineering_rule,ENGINEERING_PROXY,1 model_vehicle=1 PCE; scenario assumption
309334,PCE/1h,500,1,1,500,TD_TPDM_design_flow_transferred_engineering_rule,ENGINEERING_PROXY,1 model_vehicle=1 PCE; scenario assumption
319722,PCE/1h,500,1,1,500,TD_TPDM_design_flow_transferred_engineering_rule,ENGINEERING_PROXY,1 model_vehicle=1 PCE; scenario assumption
309153,PCE/1h,500,1,1,500,TD_TPDM_design_flow_transferred_engineering_rule,ENGINEERING_PROXY,1 model_vehicle=1 PCE; scenario assumption
309846,PCE/1h,500,1,1,500,TD_TPDM_design_flow_transferred_engineering_rule,ENGINEERING_PROXY,1 model_vehicle=1 PCE; scenario assumption
310242,PCE/1h,500,1,1,500,TD_TPDM_design_flow_transferred_engineering_rule,ENGINEERING_PROXY,1 model_vehicle=1 PCE; scenario assumption
308616,PCE/1h,500,1,1,500,TD_TPDM_design_flow_transferred_engineering_rule,ENGINEERING_PROXY,1 model_vehicle=1 PCE; scenario assumption
308486,PCE/1h,500,1,1,500,TD_TPDM_design_flow_transferred_engineering_rule,ENGINEERING_PROXY,1 model_vehicle=1 PCE; scenario assumption
308617,PCE/1h,500,1,1,500,TD_TPDM_design_flow_transferred_engineering_rule,ENGINEERING_PROXY,1 model_vehicle=1 PCE; scenario assumption
308615,PCE/1h,500,1,1,500,TD_TPDM_design_flow_transferred_engineering_rule,ENGINEERING_PROXY,1 model_vehicle=1 PCE; scenario assumption
309922,PCE/1h,500,1,1,500,TD_TPDM_design_flow_transferred_engineering_rule,ENGINEERING_PROXY,1 model_vehicle=1 PCE; scenario assumption
309136,PCE/1h,500,1,1,500,TD_TPDM_design_flow_transferred_engineering_rule,ENGINEERING_PROXY,1 model_vehicle=1 PCE; scenario assumption
309324,PCE/1h,500,1,1,500,TD_TPDM_design_flow_transferred_engineering_rule,ENGINEERING_PROXY,1 model_vehicle=1 PCE; scenario assumption
309316,PCE/1h,500,1,1,500,TD_TPDM_design_flow_transferred_engineering_rule,ENGINEERING_PROXY,1 model_vehicle=1 PCE; scenario assumption
309344,PCE/1h,500,1,1,500,TD_TPDM_design_flow_transferred_engineering_rule,ENGINEERING_PROXY,1 model_vehicle=1 PCE; scenario assumption
308614,PCE/1h,500,1,1,500,TD_TPDM_design_flow_transferred_engineering_rule,ENGINEERING_PROXY,1 model_vehicle=1 PCE; scenario assumption
308450,PCE/1h,500,1,1,500,TD_TPDM_design_flow_transferred_engineering_rule,ENGINEERING_PROXY,1 model_vehicle=1 PCE; scenario assumption
309317,PCE/1h,500,1,1,500,TD_TPDM_design_flow_transferred_engineering_rule,ENGINEERING_PROXY,1 model_vehicle=1 PCE; scenario assumption
309314,PCE/1h,500,1,1,500,TD_TPDM_design_flow_transferred_engineering_rule,ENGINEERING_PROXY,1 model_vehicle=1 PCE; scenario assumption
308482,PCE/1h,500,1,1,500,TD_TPDM_design_flow_transferred_engineering_rule,ENGINEERING_PROXY,1 model_vehicle=1 PCE; scenario assumption
308380,PCE/1h,500,1,1,500,TD_TPDM_design_flow_transferred_engineering_rule,ENGINEERING_PROXY,1 model_vehicle=1 PCE; scenario assumption
654612,PCE/1h,500,1,1,500,TD_TPDM_design_flow_transferred_engineering_rule,ENGINEERING_PROXY,1 model_vehicle=1 PCE; scenario assumption
309616,PCE/1h,500,1,1,500,TD_TPDM_design_flow_transferred_engineering_rule,ENGINEERING_PROXY,1 model_vehicle=1 PCE; scenario assumption
309284,PCE/1h,500,1,1,500,TD_TPDM_design_flow_transferred_engineering_rule,ENGINEERING_PROXY,1 model_vehicle=1 PCE; scenario assumption
309335,PCE/1h,500,1,1,500,TD_TPDM_design_flow_transferred_engineering_rule,ENGINEERING_PROXY,1 model_vehicle=1 PCE; scenario assumption
309152,PCE/1h,500,1,1,500,TD_TPDM_design_flow_transferred_engineering_rule,ENGINEERING_PROXY,1 model_vehicle=1 PCE; scenario assumption
643494,PCE/1h,500,1,1,500,TD_TPDM_design_flow_transferred_engineering_rule,ENGINEERING_PROXY,1 model_vehicle=1 PCE; scenario assumption
310200,PCE/1h,1500,2,1,3000,TD_TPDM_design_flow_transferred_engineering_rule,ENGINEERING_PROXY,1 model_vehicle=1 PCE; scenario assumption
309844,PCE/1h,500,1,1,500,TD_TPDM_design_flow_transferred_engineering_rule,ENGINEERING_PROXY,1 model_vehicle=1 PCE; scenario assumption
308768,PCE/1h,500,1,1,500,TD_TPDM_design_flow_transferred_engineering_rule,ENGINEERING_PROXY,1 model_vehicle=1 PCE; scenario assumption
654610,PCE/1h,500,1,1,500,TD_TPDM_design_flow_transferred_engineering_rule,ENGINEERING_PROXY,1 model_vehicle=1 PCE; scenario assumption
643495,PCE/1h,500,1,1,500,TD_TPDM_design_flow_transferred_engineering_rule,ENGINEERING_PROXY,1 model_vehicle=1 PCE; scenario assumption
309382,PCE/1h,500,1,1,500,TD_TPDM_design_flow_transferred_engineering_rule,ENGINEERING_PROXY,1 model_vehicle=1 PCE; scenario assumption
309652,PCE/1h,500,1,1,500,TD_TPDM_design_flow_transferred_engineering_rule,ENGINEERING_PROXY,1 model_vehicle=1 PCE; scenario assumption
308634,PCE/1h,500,1,1,500,TD_TPDM_design_flow_transferred_engineering_rule,ENGINEERING_PROXY,1 model_vehicle=1 PCE; scenario assumption
308480,PCE/1h,500,1,1,500,TD_TPDM_design_flow_transferred_engineering_rule,ENGINEERING_PROXY,1 model_vehicle=1 PCE; scenario assumption
309286,PCE/1h,500,1,1,500,TD_TPDM_design_flow_transferred_engineering_rule,ENGINEERING_PROXY,1 model_vehicle=1 PCE; scenario assumption
309373,PCE/1h,500,1,1,500,TD_TPDM_design_flow_transferred_engineering_rule,ENGINEERING_PROXY,1 model_vehicle=1 PCE; scenario assumption
308534,PCE/1h,500,1,1,500,TD_TPDM_design_flow_transferred_engineering_rule,ENGINEERING_PROXY,1 model_vehicle=1 PCE; scenario assumption
309345,PCE/1h,500,1,1,500,TD_TPDM_design_flow_transferred_engineering_rule,ENGINEERING_PROXY,1 model_vehicle=1 PCE; scenario assumption
309653,PCE/1h,500,1,1,500,TD_TPDM_design_flow_transferred_engineering_rule,ENGINEERING_PROXY,1 model_vehicle=1 PCE; scenario assumption
309372,PCE/1h,500,1,1,500,TD_TPDM_design_flow_transferred_engineering_rule,ENGINEERING_PROXY,1 model_vehicle=1 PCE; scenario assumption
308764,PCE/1h,500,1,1,500,TD_TPDM_design_flow_transferred_engineering_rule,ENGINEERING_PROXY,1 model_vehicle=1 PCE; scenario assumption
331824,PCE/1h,500,1,1,500,TD_TPDM_design_flow_transferred_engineering_rule,ENGINEERING_PROXY,1 model_vehicle=1 PCE; scenario assumption
309383,PCE/1h,500,1,1,500,TD_TPDM_design_flow_transferred_engineering_rule,ENGINEERING_PROXY,1 model_vehicle=1 PCE; scenario assumption
309313,PCE/1h,500,1,1,500,TD_TPDM_design_flow_transferred_engineering_rule,ENGINEERING_PROXY,1 model_vehicle=1 PCE; scenario assumption
309380,PCE/1h,500,1,1,500,TD_TPDM_design_flow_transferred_engineering_rule,ENGINEERING_PROXY,1 model_vehicle=1 PCE; scenario assumption
308766,PCE/1h,500,1,1,500,TD_TPDM_design_flow_transferred_engineering_rule,ENGINEERING_PROXY,1 model_vehicle=1 PCE; scenario assumption
309618,PCE/1h,500,1,1,500,TD_TPDM_design_flow_transferred_engineering_rule,ENGINEERING_PROXY,1 model_vehicle=1 PCE; scenario assumption
308566,PCE/1h,500,1,1,500,TD_TPDM_design_flow_transferred_engineering_rule,ENGINEERING_PROXY,1 model_vehicle=1 PCE; scenario assumption
308556,PCE/1h,500,1,1,500,TD_TPDM_design_flow_transferred_engineering_rule,ENGINEERING_PROXY,1 model_vehicle=1 PCE; scenario assumption
331822,PCE/1h,500,1,1,500,TD_TPDM_design_flow_transferred_engineering_rule,ENGINEERING_PROXY,1 model_vehicle=1 PCE; scenario assumption
331835,PCE/1h,500,1,1,500,TD_TPDM_design_flow_transferred_engineering_rule,ENGINEERING_PROXY,1 model_vehicle=1 PCE; scenario assumption
309312,PCE/1h,500,1,1,500,TD_TPDM_design_flow_transferred_engineering_rule,ENGINEERING_PROXY,1 model_vehicle=1 PCE; scenario assumption
309381,PCE/1h,500,1,1,500,TD_TPDM_design_flow_transferred_engineering_rule,ENGINEERING_PROXY,1 model_vehicle=1 PCE; scenario assumption
309130,PCE/1h,500,1,1,500,TD_TPDM_design_flow_transferred_engineering_rule,ENGINEERING_PROXY,1 model_vehicle=1 PCE; scenario assumption
309148,PCE/1h,500,1,1,500,TD_TPDM_design_flow_transferred_engineering_rule,ENGINEERING_PROXY,1 model_vehicle=1 PCE; scenario assumption
310380,PCE/1h,1500,2,1,3000,TD_TPDM_design_flow_transferred_engineering_rule,ENGINEERING_PROXY,1 model_vehicle=1 PCE; scenario assumption
309918,PCE/1h,500,1,1,500,TD_TPDM_design_flow_transferred_engineering_rule,ENGINEERING_PROXY,1 model_vehicle=1 PCE; scenario assumption
309920,PCE/1h,500,1,1,500,TD_TPDM_design_flow_transferred_engineering_rule,ENGINEERING_PROXY,1 model_vehicle=1 PCE; scenario assumption
309134,PCE/1h,500,1,1,500,TD_TPDM_design_flow_transferred_engineering_rule,ENGINEERING_PROXY,1 model_vehicle=1 PCE; scenario assumption
331834,PCE/1h,500,1,1,500,TD_TPDM_design_flow_transferred_engineering_rule,ENGINEERING_PROXY,1 model_vehicle=1 PCE; scenario assumption
331836,PCE/1h,500,1,1,500,TD_TPDM_design_flow_transferred_engineering_rule,ENGINEERING_PROXY,1 model_vehicle=1 PCE; scenario assumption
308523,PCE/1h,500,1,1,500,TD_TPDM_design_flow_transferred_engineering_rule,ENGINEERING_PROXY,1 model_vehicle=1 PCE; scenario assumption
308602,PCE/1h,500,1,1,500,TD_TPDM_design_flow_transferred_engineering_rule,ENGINEERING_PROXY,1 model_vehicle=1 PCE; scenario assumption
308607,PCE/1h,500,1,1,500,TD_TPDM_design_flow_transferred_engineering_rule,ENGINEERING_PROXY,1 model_vehicle=1 PCE; scenario assumption
309848,PCE/1h,1500,2,1,3000,TD_TPDM_design_flow_transferred_engineering_rule,ENGINEERING_PROXY,1 model_vehicle=1 PCE; scenario assumption
310357,PCE/1h,500,1,1,500,TD_TPDM_design_flow_transferred_engineering_rule,ENGINEERING_PROXY,1 model_vehicle=1 PCE; scenario assumption
309374,PCE/1h,500,1,1,500,TD_TPDM_design_flow_transferred_engineering_rule,ENGINEERING_PROXY,1 model_vehicle=1 PCE; scenario assumption
308448,PCE/1h,500,1,1,500,TD_TPDM_design_flow_transferred_engineering_rule,ENGINEERING_PROXY,1 model_vehicle=1 PCE; scenario assumption
654486,PCE/1h,500,1,1,500,TD_TPDM_design_flow_transferred_engineering_rule,ENGINEERING_PROXY,1 model_vehicle=1 PCE; scenario assumption
308522,PCE/1h,500,1,1,500,TD_TPDM_design_flow_transferred_engineering_rule,ENGINEERING_PROXY,1 model_vehicle=1 PCE; scenario assumption
308628,PCE/1h,500,1,1,500,TD_TPDM_design_flow_transferred_engineering_rule,ENGINEERING_PROXY,1 model_vehicle=1 PCE; scenario assumption
308674,PCE/1h,500,1,1,500,TD_TPDM_design_flow_transferred_engineering_rule,ENGINEERING_PROXY,1 model_vehicle=1 PCE; scenario assumption
308318,PCE/1h,500,1,1,500,TD_TPDM_design_flow_transferred_engineering_rule,ENGINEERING_PROXY,1 model_vehicle=1 PCE; scenario assumption
309923,PCE/1h,500,1,1,500,TD_TPDM_design_flow_transferred_engineering_rule,ENGINEERING_PROXY,1 model_vehicle=1 PCE; scenario assumption
308444,PCE/1h,500,1,1,500,TD_TPDM_design_flow_transferred_engineering_rule,ENGINEERING_PROXY,1 model_vehicle=1 PCE; scenario assumption
310056,PCE/1h,500,1,1,500,TD_TPDM_design_flow_transferred_engineering_rule,ENGINEERING_PROXY,1 model_vehicle=1 PCE; scenario assumption
309308,PCE/1h,500,1,1,500,TD_TPDM_design_flow_transferred_engineering_rule,ENGINEERING_PROXY,1 model_vehicle=1 PCE; scenario assumption
309131,PCE/1h,500,1,1,500,TD_TPDM_design_flow_transferred_engineering_rule,ENGINEERING_PROXY,1 model_vehicle=1 PCE; scenario assumption
310356,PCE/1h,500,1,1,500,TD_TPDM_design_flow_transferred_engineering_rule,ENGINEERING_PROXY,1 model_vehicle=1 PCE; scenario assumption
308445,PCE/1h,500,1,1,500,TD_TPDM_design_flow_transferred_engineering_rule,ENGINEERING_PROXY,1 model_vehicle=1 PCE; scenario assumption
308594,PCE/1h,500,1,1,500,TD_TPDM_design_flow_transferred_engineering_rule,ENGINEERING_PROXY,1 model_vehicle=1 PCE; scenario assumption
308597,PCE/1h,500,1,1,500,TD_TPDM_design_flow_transferred_engineering_rule,ENGINEERING_PROXY,1 model_vehicle=1 PCE; scenario assumption
308606,PCE/1h,500,1,1,500,TD_TPDM_design_flow_transferred_engineering_rule,ENGINEERING_PROXY,1 model_vehicle=1 PCE; scenario assumption
308596,PCE/1h,500,1,1,500,TD_TPDM_design_flow_transferred_engineering_rule,ENGINEERING_PROXY,1 model_vehicle=1 PCE; scenario assumption
308599,PCE/1h,500,1,1,500,TD_TPDM_design_flow_transferred_engineering_rule,ENGINEERING_PROXY,1 model_vehicle=1 PCE; scenario assumption
308375,PCE/1h,500,1,1,500,TD_TPDM_design_flow_transferred_engineering_rule,ENGINEERING_PROXY,1 model_vehicle=1 PCE; scenario assumption
308598,PCE/1h,500,1,1,500,TD_TPDM_design_flow_transferred_engineering_rule,ENGINEERING_PROXY,1 model_vehicle=1 PCE; scenario assumption
308466,PCE/1h,500,1,1,500,TD_TPDM_design_flow_transferred_engineering_rule,ENGINEERING_PROXY,1 model_vehicle=1 PCE; scenario assumption
308631,PCE/1h,500,1,1,500,TD_TPDM_design_flow_transferred_engineering_rule,ENGINEERING_PROXY,1 model_vehicle=1 PCE; scenario assumption
310080,PCE/1h,500,1,1,500,TD_TPDM_design_flow_transferred_engineering_rule,ENGINEERING_PROXY,1 model_vehicle=1 PCE; scenario assumption
310082,PCE/1h,500,1,1,500,TD_TPDM_design_flow_transferred_engineering_rule,ENGINEERING_PROXY,1 model_vehicle=1 PCE; scenario assumption
308452,PCE/1h,500,1,1,500,TD_TPDM_design_flow_transferred_engineering_rule,ENGINEERING_PROXY,1 model_vehicle=1 PCE; scenario assumption
308374,PCE/1h,500,1,1,500,TD_TPDM_design_flow_transferred_engineering_rule,ENGINEERING_PROXY,1 model_vehicle=1 PCE; scenario assumption
308454,PCE/1h,500,1,1,500,TD_TPDM_design_flow_transferred_engineering_rule,ENGINEERING_PROXY,1 model_vehicle=1 PCE; scenario assumption
309138,PCE/1h,1500,2,1,3000,TD_TPDM_design_flow_transferred_engineering_rule,ENGINEERING_PROXY,1 model_vehicle=1 PCE; scenario assumption
310298,PCE/1h,500,1,1,500,TD_TPDM_design_flow_transferred_engineering_rule,ENGINEERING_PROXY,1 model_vehicle=1 PCE; scenario assumption
308528,PCE/1h,500,1,1,500,TD_TPDM_design_flow_transferred_engineering_rule,ENGINEERING_PROXY,1 model_vehicle=1 PCE; scenario assumption
309149,PCE/1h,500,1,1,500,TD_TPDM_design_flow_transferred_engineering_rule,ENGINEERING_PROXY,1 model_vehicle=1 PCE; scenario assumption
309151,PCE/1h,500,1,1,500,TD_TPDM_design_flow_transferred_engineering_rule,ENGINEERING_PROXY,1 model_vehicle=1 PCE; scenario assumption
309146,PCE/1h,500,1,1,500,TD_TPDM_design_flow_transferred_engineering_rule,ENGINEERING_PROXY,1 model_vehicle=1 PCE; scenario assumption
308464,PCE/1h,500,1,1,500,TD_TPDM_design_flow_transferred_engineering_rule,ENGINEERING_PROXY,1 model_vehicle=1 PCE; scenario assumption
308410,PCE/1h,500,1,1,500,TD_TPDM_design_flow_transferred_engineering_rule,ENGINEERING_PROXY,1 model_vehicle=1 PCE; scenario assumption
310448,PCE/1h,500,1,1,500,TD_TPDM_design_flow_transferred_engineering_rule,ENGINEERING_PROXY,1 model_vehicle=1 PCE; scenario assumption
308630,PCE/1h,500,1,1,500,TD_TPDM_design_flow_transferred_engineering_rule,ENGINEERING_PROXY,1 model_vehicle=1 PCE; scenario assumption
310086,PCE/1h,500,1,1,500,TD_TPDM_design_flow_transferred_engineering_rule,ENGINEERING_PROXY,1 model_vehicle=1 PCE; scenario assumption
310078,PCE/1h,500,1,1,500,TD_TPDM_design_flow_transferred_engineering_rule,ENGINEERING_PROXY,1 model_vehicle=1 PCE; scenario assumption
308468,PCE/1h,500,1,1,500,TD_TPDM_design_flow_transferred_engineering_rule,ENGINEERING_PROXY,1 model_vehicle=1 PCE; scenario assumption
654488,PCE/1h,500,1,1,500,TD_TPDM_design_flow_transferred_engineering_rule,ENGINEERING_PROXY,1 model_vehicle=1 PCE; scenario assumption
308552,PCE/1h,500,1,1,500,TD_TPDM_design_flow_transferred_engineering_rule,ENGINEERING_PROXY,1 model_vehicle=1 PCE; scenario assumption
309150,PCE/1h,500,1,1,500,TD_TPDM_design_flow_transferred_engineering_rule,ENGINEERING_PROXY,1 model_vehicle=1 PCE; scenario assumption
319734,PCE/1h,500,1,1,500,TD_TPDM_design_flow_transferred_engineering_rule,ENGINEERING_PROXY,1 model_vehicle=1 PCE; scenario assumption
310504,PCE/1h,1500,2,1,3000,TD_TPDM_design_flow_transferred_engineering_rule,ENGINEERING_PROXY,1 model_vehicle=1 PCE; scenario assumption
309850,PCE/1h,1500,2,1,3000,TD_TPDM_design_flow_transferred_engineering_rule,ENGINEERING_PROXY,1 model_vehicle=1 PCE; scenario assumption
310084,PCE/1h,500,1,1,500,TD_TPDM_design_flow_transferred_engineering_rule,ENGINEERING_PROXY,1 model_vehicle=1 PCE; scenario assumption
308460,PCE/1h,500,1,1,500,TD_TPDM_design_flow_transferred_engineering_rule,ENGINEERING_PROXY,1 model_vehicle=1 PCE; scenario assumption
319732,PCE/1h,500,1,1,500,TD_TPDM_design_flow_transferred_engineering_rule,ENGINEERING_PROXY,1 model_vehicle=1 PCE; scenario assumption
308578,PCE/1h,500,1,1,500,TD_TPDM_design_flow_transferred_engineering_rule,ENGINEERING_PROXY,1 model_vehicle=1 PCE; scenario assumption
308720,PCE/1h,500,1,1,500,TD_TPDM_design_flow_transferred_engineering_rule,ENGINEERING_PROXY,1 model_vehicle=1 PCE; scenario assumption
308579,PCE/1h,500,1,1,500,TD_TPDM_design_flow_transferred_engineering_rule,ENGINEERING_PROXY,1 model_vehicle=1 PCE; scenario assumption
308726,PCE/1h,500,1,1,500,TD_TPDM_design_flow_transferred_engineering_rule,ENGINEERING_PROXY,1 model_vehicle=1 PCE; scenario assumption
309252,PCE/1h,500,1,1,500,TD_TPDM_design_flow_transferred_engineering_rule,ENGINEERING_PROXY,1 model_vehicle=1 PCE; scenario assumption
310438,PCE/1h,500,1,1,500,TD_TPDM_design_flow_transferred_engineering_rule,ENGINEERING_PROXY,1 model_vehicle=1 PCE; scenario assumption
310063,PCE/1h,500,1,1,500,TD_TPDM_design_flow_transferred_engineering_rule,ENGINEERING_PROXY,1 model_vehicle=1 PCE; scenario assumption
308550,PCE/1h,500,1,1,500,TD_TPDM_design_flow_transferred_engineering_rule,ENGINEERING_PROXY,1 model_vehicle=1 PCE; scenario assumption
310068,PCE/1h,500,1,1,500,TD_TPDM_design_flow_transferred_engineering_rule,ENGINEERING_PROXY,1 model_vehicle=1 PCE; scenario assumption
310436,PCE/1h,1500,2,1,3000,TD_TPDM_design_flow_transferred_engineering_rule,ENGINEERING_PROXY,1 model_vehicle=1 PCE; scenario assumption
310480,PCE/1h,500,1,1,500,TD_TPDM_design_flow_transferred_engineering_rule,ENGINEERING_PROXY,1 model_vehicle=1 PCE; scenario assumption
308551,PCE/1h,500,1,1,500,TD_TPDM_design_flow_transferred_engineering_rule,ENGINEERING_PROXY,1 model_vehicle=1 PCE; scenario assumption
308730,PCE/1h,500,1,1,500,TD_TPDM_design_flow_transferred_engineering_rule,ENGINEERING_PROXY,1 model_vehicle=1 PCE; scenario assumption
310538,PCE/1h,500,1,1,500,TD_TPDM_design_flow_transferred_engineering_rule,ENGINEERING_PROXY,1 model_vehicle=1 PCE; scenario assumption
310540,PCE/1h,500,1,1,500,TD_TPDM_design_flow_transferred_engineering_rule,ENGINEERING_PROXY,1 model_vehicle=1 PCE; scenario assumption
309338,PCE/1h,500,1,1,500,TD_TPDM_design_flow_transferred_engineering_rule,ENGINEERING_PROXY,1 model_vehicle=1 PCE; scenario assumption
310062,PCE/1h,500,1,1,500,TD_TPDM_design_flow_transferred_engineering_rule,ENGINEERING_PROXY,1 model_vehicle=1 PCE; scenario assumption
310065,PCE/1h,500,1,1,500,TD_TPDM_design_flow_transferred_engineering_rule,ENGINEERING_PROXY,1 model_vehicle=1 PCE; scenario assumption
310066,PCE/1h,500,1,1,500,TD_TPDM_design_flow_transferred_engineering_rule,ENGINEERING_PROXY,1 model_vehicle=1 PCE; scenario assumption
309364,PCE/1h,500,1,1,500,TD_TPDM_design_flow_transferred_engineering_rule,ENGINEERING_PROXY,1 model_vehicle=1 PCE; scenario assumption
310362,PCE/1h,500,1,1,500,TD_TPDM_design_flow_transferred_engineering_rule,ENGINEERING_PROXY,1 model_vehicle=1 PCE; scenario assumption
308732,PCE/1h,500,1,1,500,TD_TPDM_design_flow_transferred_engineering_rule,ENGINEERING_PROXY,1 model_vehicle=1 PCE; scenario assumption
310064,PCE/1h,500,1,1,500,TD_TPDM_design_flow_transferred_engineering_rule,ENGINEERING_PROXY,1 model_vehicle=1 PCE; scenario assumption
634936,PCE/1h,500,1,1,500,TD_TPDM_design_flow_transferred_engineering_rule,ENGINEERING_PROXY,1 model_vehicle=1 PCE; scenario assumption
310118,PCE/1h,500,1,1,500,TD_TPDM_design_flow_transferred_engineering_rule,ENGINEERING_PROXY,1 model_vehicle=1 PCE; scenario assumption
308740,PCE/1h,500,1,1,500,TD_TPDM_design_flow_transferred_engineering_rule,ENGINEERING_PROXY,1 model_vehicle=1 PCE; scenario assumption
309260,PCE/1h,500,1,1,500,TD_TPDM_design_flow_transferred_engineering_rule,ENGINEERING_PROXY,1 model_vehicle=1 PCE; scenario assumption
309147,PCE/1h,500,1,1,500,TD_TPDM_design_flow_transferred_engineering_rule,ENGINEERING_PROXY,1 model_vehicle=1 PCE; scenario assumption
310092,PCE/1h,500,1,1,500,TD_TPDM_design_flow_transferred_engineering_rule,ENGINEERING_PROXY,1 model_vehicle=1 PCE; scenario assumption
308702,PCE/1h,500,1,1,500,TD_TPDM_design_flow_transferred_engineering_rule,ENGINEERING_PROXY,1 model_vehicle=1 PCE; scenario assumption
331926,PCE/1h,500,1,1,500,TD_TPDM_design_flow_transferred_engineering_rule,ENGINEERING_PROXY,1 model_vehicle=1 PCE; scenario assumption
310388,PCE/1h,1500,2,1,3000,TD_TPDM_design_flow_transferred_engineering_rule,ENGINEERING_PROXY,1 model_vehicle=1 PCE; scenario assumption
309298,PCE/1h,500,1,1,500,TD_TPDM_design_flow_transferred_engineering_rule,ENGINEERING_PROXY,1 model_vehicle=1 PCE; scenario assumption
428996,PCE/1h,500,1,1,500,TD_TPDM_design_flow_transferred_engineering_rule,ENGINEERING_PROXY,1 model_vehicle=1 PCE; scenario assumption
635566,PCE/1h,500,1,1,500,TD_TPDM_design_flow_transferred_engineering_rule,ENGINEERING_PROXY,1 model_vehicle=1 PCE; scenario assumption
310382,PCE/1h,500,1,1,500,TD_TPDM_design_flow_transferred_engineering_rule,ENGINEERING_PROXY,1 model_vehicle=1 PCE; scenario assumption
364790,PCE/1h,1500,2,1,3000,TD_TPDM_design_flow_transferred_engineering_rule,ENGINEERING_PROXY,1 model_vehicle=1 PCE; scenario assumption
310088,PCE/1h,500,1,1,500,TD_TPDM_design_flow_transferred_engineering_rule,ENGINEERING_PROXY,1 model_vehicle=1 PCE; scenario assumption
310282,PCE/1h,500,1,1,500,TD_TPDM_design_flow_transferred_engineering_rule,ENGINEERING_PROXY,1 model_vehicle=1 PCE; scenario assumption
310284,PCE/1h,500,1,1,500,TD_TPDM_design_flow_transferred_engineering_rule,ENGINEERING_PROXY,1 model_vehicle=1 PCE; scenario assumption
310094,PCE/1h,500,1,1,500,TD_TPDM_design_flow_transferred_engineering_rule,ENGINEERING_PROXY,1 model_vehicle=1 PCE; scenario assumption
308754,PCE/1h,500,1,1,500,TD_TPDM_design_flow_transferred_engineering_rule,ENGINEERING_PROXY,1 model_vehicle=1 PCE; scenario assumption
310260,PCE/1h,500,1,1,500,TD_TPDM_design_flow_transferred_engineering_rule,ENGINEERING_PROXY,1 model_vehicle=1 PCE; scenario assumption
308755,PCE/1h,500,1,1,500,TD_TPDM_design_flow_transferred_engineering_rule,ENGINEERING_PROXY,1 model_vehicle=1 PCE; scenario assumption
308757,PCE/1h,500,1,1,500,TD_TPDM_design_flow_transferred_engineering_rule,ENGINEERING_PROXY,1 model_vehicle=1 PCE; scenario assumption
310057,PCE/1h,500,1,1,500,TD_TPDM_design_flow_transferred_engineering_rule,ENGINEERING_PROXY,1 model_vehicle=1 PCE; scenario assumption
310054,PCE/1h,500,1,1,500,TD_TPDM_design_flow_transferred_engineering_rule,ENGINEERING_PROXY,1 model_vehicle=1 PCE; scenario assumption
308774,PCE/1h,500,1,1,500,TD_TPDM_design_flow_transferred_engineering_rule,ENGINEERING_PROXY,1 model_vehicle=1 PCE; scenario assumption
331640,PCE/1h,500,1,1,500,TD_TPDM_design_flow_transferred_engineering_rule,ENGINEERING_PROXY,1 model_vehicle=1 PCE; scenario assumption
310506,PCE/1h,1500,2,1,3000,TD_TPDM_design_flow_transferred_engineering_rule,ENGINEERING_PROXY,1 model_vehicle=1 PCE; scenario assumption
310360,PCE/1h,500,1,1,500,TD_TPDM_design_flow_transferred_engineering_rule,ENGINEERING_PROXY,1 model_vehicle=1 PCE; scenario assumption
308646,PCE/1h,500,1,1,500,TD_TPDM_design_flow_transferred_engineering_rule,ENGINEERING_PROXY,1 model_vehicle=1 PCE; scenario assumption
310296,PCE/1h,500,1,1,500,TD_TPDM_design_flow_transferred_engineering_rule,ENGINEERING_PROXY,1 model_vehicle=1 PCE; scenario assumption
310058,PCE/1h,500,1,1,500,TD_TPDM_design_flow_transferred_engineering_rule,ENGINEERING_PROXY,1 model_vehicle=1 PCE; scenario assumption
310055,PCE/1h,500,1,1,500,TD_TPDM_design_flow_transferred_engineering_rule,ENGINEERING_PROXY,1 model_vehicle=1 PCE; scenario assumption
308756,PCE/1h,500,1,1,500,TD_TPDM_design_flow_transferred_engineering_rule,ENGINEERING_PROXY,1 model_vehicle=1 PCE; scenario assumption
308742,PCE/1h,500,1,1,500,TD_TPDM_design_flow_transferred_engineering_rule,ENGINEERING_PROXY,1 model_vehicle=1 PCE; scenario assumption
331641,PCE/1h,500,1,1,500,TD_TPDM_design_flow_transferred_engineering_rule,ENGINEERING_PROXY,1 model_vehicle=1 PCE; scenario assumption
331638,PCE/1h,500,1,1,500,TD_TPDM_design_flow_transferred_engineering_rule,ENGINEERING_PROXY,1 model_vehicle=1 PCE; scenario assumption
310116,PCE/1h,500,1,1,500,TD_TPDM_design_flow_transferred_engineering_rule,ENGINEERING_PROXY,1 model_vehicle=1 PCE; scenario assumption
310352,PCE/1h,500,1,1,500,TD_TPDM_design_flow_transferred_engineering_rule,ENGINEERING_PROXY,1 model_vehicle=1 PCE; scenario assumption
310364,PCE/1h,500,1,1,500,TD_TPDM_design_flow_transferred_engineering_rule,ENGINEERING_PROXY,1 model_vehicle=1 PCE; scenario assumption
310534,PCE/1h,500,1,1,500,TD_TPDM_design_flow_transferred_engineering_rule,ENGINEERING_PROXY,1 model_vehicle=1 PCE; scenario assumption
310536,PCE/1h,500,1,1,500,TD_TPDM_design_flow_transferred_engineering_rule,ENGINEERING_PROXY,1 model_vehicle=1 PCE; scenario assumption
308690,PCE/1h,500,1,1,500,TD_TPDM_design_flow_transferred_engineering_rule,ENGINEERING_PROXY,1 model_vehicle=1 PCE; scenario assumption
331924,PCE/1h,500,1,1,500,TD_TPDM_design_flow_transferred_engineering_rule,ENGINEERING_PROXY,1 model_vehicle=1 PCE; scenario assumption
428994,PCE/1h,500,1,1,500,TD_TPDM_design_flow_transferred_engineering_rule,ENGINEERING_PROXY,1 model_vehicle=1 PCE; scenario assumption
308724,PCE/1h,500,1,1,500,TD_TPDM_design_flow_transferred_engineering_rule,ENGINEERING_PROXY,1 model_vehicle=1 PCE; scenario assumption
331637,PCE/1h,500,1,1,500,TD_TPDM_design_flow_transferred_engineering_rule,ENGINEERING_PROXY,1 model_vehicle=1 PCE; scenario assumption
331602,PCE/1h,500,1,1,500,TD_TPDM_design_flow_transferred_engineering_rule,ENGINEERING_PROXY,1 model_vehicle=1 PCE; scenario assumption
310096,PCE/1h,500,1,1,500,TD_TPDM_design_flow_transferred_engineering_rule,ENGINEERING_PROXY,1 model_vehicle=1 PCE; scenario assumption
310090,PCE/1h,500,1,1,500,TD_TPDM_design_flow_transferred_engineering_rule,ENGINEERING_PROXY,1 model_vehicle=1 PCE; scenario assumption
308728,PCE/1h,500,1,1,500,TD_TPDM_design_flow_transferred_engineering_rule,ENGINEERING_PROXY,1 model_vehicle=1 PCE; scenario assumption
310294,PCE/1h,500,1,1,500,TD_TPDM_design_flow_transferred_engineering_rule,ENGINEERING_PROXY,1 model_vehicle=1 PCE; scenario assumption
309084,PCE/1h,1500,2,1,3000,TD_TPDM_design_flow_transferred_engineering_rule,ENGINEERING_PROXY,1 model_vehicle=1 PCE; scenario assumption
331925,PCE/1h,500,1,1,500,TD_TPDM_design_flow_transferred_engineering_rule,ENGINEERING_PROXY,1 model_vehicle=1 PCE; scenario assumption
351463,PCE/1h,500,1,1,500,TD_TPDM_design_flow_transferred_engineering_rule,ENGINEERING_PROXY,1 model_vehicle=1 PCE; scenario assumption
310283,PCE/1h,500,1,1,500,TD_TPDM_design_flow_transferred_engineering_rule,ENGINEERING_PROXY,1 model_vehicle=1 PCE; scenario assumption
310280,PCE/1h,500,1,1,500,TD_TPDM_design_flow_transferred_engineering_rule,ENGINEERING_PROXY,1 model_vehicle=1 PCE; scenario assumption
351462,PCE/1h,500,1,1,500,TD_TPDM_design_flow_transferred_engineering_rule,ENGINEERING_PROXY,1 model_vehicle=1 PCE; scenario assumption
331636,PCE/1h,500,1,1,500,TD_TPDM_design_flow_transferred_engineering_rule,ENGINEERING_PROXY,1 model_vehicle=1 PCE; scenario assumption
310060,PCE/1h,500,1,1,500,TD_TPDM_design_flow_transferred_engineering_rule,ENGINEERING_PROXY,1 model_vehicle=1 PCE; scenario assumption
331642,PCE/1h,500,1,1,500,TD_TPDM_design_flow_transferred_engineering_rule,ENGINEERING_PROXY,1 model_vehicle=1 PCE; scenario assumption
331840,PCE/1h,500,1,1,500,TD_TPDM_design_flow_transferred_engineering_rule,ENGINEERING_PROXY,1 model_vehicle=1 PCE; scenario assumption
331838,PCE/1h,500,1,1,500,TD_TPDM_design_flow_transferred_engineering_rule,ENGINEERING_PROXY,1 model_vehicle=1 PCE; scenario assumption
310288,PCE/1h,500,1,1,500,TD_TPDM_design_flow_transferred_engineering_rule,ENGINEERING_PROXY,1 model_vehicle=1 PCE; scenario assumption
309336,PCE/1h,500,1,1,500,TD_TPDM_design_flow_transferred_engineering_rule,ENGINEERING_PROXY,1 model_vehicle=1 PCE; scenario assumption
310486,PCE/1h,1500,2,1,3000,TD_TPDM_design_flow_transferred_engineering_rule,ENGINEERING_PROXY,1 model_vehicle=1 PCE; scenario assumption
364798,PCE/1h,1500,2,1,3000,TD_TPDM_design_flow_transferred_engineering_rule,ENGINEERING_PROXY,1 model_vehicle=1 PCE; scenario assumption
310048,PCE/1h,1500,2,1,3000,TD_TPDM_design_flow_transferred_engineering_rule,ENGINEERING_PROXY,1 model_vehicle=1 PCE; scenario assumption
331820,PCE/1h,500,1,1,500,TD_TPDM_design_flow_transferred_engineering_rule,ENGINEERING_PROXY,1 model_vehicle=1 PCE; scenario assumption
309200,PCE/1h,500,1,1,500,TD_TPDM_design_flow_transferred_engineering_rule,ENGINEERING_PROXY,1 model_vehicle=1 PCE; scenario assumption
309982,PCE/1h,1500,2,1,3000,TD_TPDM_design_flow_transferred_engineering_rule,ENGINEERING_PROXY,1 model_vehicle=1 PCE; scenario assumption
364794,PCE/1h,1500,2,1,3000,TD_TPDM_design_flow_transferred_engineering_rule,ENGINEERING_PROXY,1 model_vehicle=1 PCE; scenario assumption
310196,PCE/1h,1500,2,1,3000,TD_TPDM_design_flow_transferred_engineering_rule,ENGINEERING_PROXY,1 model_vehicle=1 PCE; scenario assumption
310414,PCE/1h,500,1,1,500,TD_TPDM_design_flow_transferred_engineering_rule,ENGINEERING_PROXY,1 model_vehicle=1 PCE; scenario assumption
310110,PCE/1h,500,1,1,500,TD_TPDM_design_flow_transferred_engineering_rule,ENGINEERING_PROXY,1 model_vehicle=1 PCE; scenario assumption
309258,PCE/1h,500,1,1,500,TD_TPDM_design_flow_transferred_engineering_rule,ENGINEERING_PROXY,1 model_vehicle=1 PCE; scenario assumption
308694,PCE/1h,1500,2,1,3000,TD_TPDM_design_flow_transferred_engineering_rule,ENGINEERING_PROXY,1 model_vehicle=1 PCE; scenario assumption
310276,PCE/1h,500,1,1,500,TD_TPDM_design_flow_transferred_engineering_rule,ENGINEERING_PROXY,1 model_vehicle=1 PCE; scenario assumption
308417,PCE/1h,500,1,1,500,TD_TPDM_design_flow_transferred_engineering_rule,ENGINEERING_PROXY,1 model_vehicle=1 PCE; scenario assumption
308776,PCE/1h,500,1,1,500,TD_TPDM_design_flow_transferred_engineering_rule,ENGINEERING_PROXY,1 model_vehicle=1 PCE; scenario assumption
308779,PCE/1h,500,1,1,500,TD_TPDM_design_flow_transferred_engineering_rule,ENGINEERING_PROXY,1 model_vehicle=1 PCE; scenario assumption
364792,PCE/1h,1500,2,1,3000,TD_TPDM_design_flow_transferred_engineering_rule,ENGINEERING_PROXY,1 model_vehicle=1 PCE; scenario assumption
331644,PCE/1h,500,1,1,500,TD_TPDM_design_flow_transferred_engineering_rule,ENGINEERING_PROXY,1 model_vehicle=1 PCE; scenario assumption
308416,PCE/1h,500,1,1,500,TD_TPDM_design_flow_transferred_engineering_rule,ENGINEERING_PROXY,1 model_vehicle=1 PCE; scenario assumption
308778,PCE/1h,500,1,1,500,TD_TPDM_design_flow_transferred_engineering_rule,ENGINEERING_PROXY,1 model_vehicle=1 PCE; scenario assumption
308772,PCE/1h,500,1,1,500,TD_TPDM_design_flow_transferred_engineering_rule,ENGINEERING_PROXY,1 model_vehicle=1 PCE; scenario assumption
331645,PCE/1h,500,1,1,500,TD_TPDM_design_flow_transferred_engineering_rule,ENGINEERING_PROXY,1 model_vehicle=1 PCE; scenario assumption
310262,PCE/1h,500,1,1,500,TD_TPDM_design_flow_transferred_engineering_rule,ENGINEERING_PROXY,1 model_vehicle=1 PCE; scenario assumption
308748,PCE/1h,500,1,1,500,TD_TPDM_design_flow_transferred_engineering_rule,ENGINEERING_PROXY,1 model_vehicle=1 PCE; scenario assumption
309198,PCE/1h,500,1,1,500,TD_TPDM_design_flow_transferred_engineering_rule,ENGINEERING_PROXY,1 model_vehicle=1 PCE; scenario assumption
310174,PCE/1h,1500,2,1,3000,TD_TPDM_design_flow_transferred_engineering_rule,ENGINEERING_PROXY,1 model_vehicle=1 PCE; scenario assumption
310172,PCE/1h,500,1,1,500,TD_TPDM_design_flow_transferred_engineering_rule,ENGINEERING_PROXY,1 model_vehicle=1 PCE; scenario assumption
310272,PCE/1h,500,1,1,500,TD_TPDM_design_flow_transferred_engineering_rule,ENGINEERING_PROXY,1 model_vehicle=1 PCE; scenario assumption
310270,PCE/1h,500,1,1,500,TD_TPDM_design_flow_transferred_engineering_rule,ENGINEERING_PROXY,1 model_vehicle=1 PCE; scenario assumption
310286,PCE/1h,500,1,1,500,TD_TPDM_design_flow_transferred_engineering_rule,ENGINEERING_PROXY,1 model_vehicle=1 PCE; scenario assumption
310158,PCE/1h,500,1,1,500,TD_TPDM_design_flow_transferred_engineering_rule,ENGINEERING_PROXY,1 model_vehicle=1 PCE; scenario assumption
310354,PCE/1h,1500,2,1,3000,TD_TPDM_design_flow_transferred_engineering_rule,ENGINEERING_PROXY,1 model_vehicle=1 PCE; scenario assumption
309110,PCE/1h,1500,2,1,3000,TD_TPDM_design_flow_transferred_engineering_rule,ENGINEERING_PROXY,1 model_vehicle=1 PCE; scenario assumption
310190,PCE/1h,500,1,1,500,TD_TPDM_design_flow_transferred_engineering_rule,ENGINEERING_PROXY,1 model_vehicle=1 PCE; scenario assumption
309112,PCE/1h,1500,2,1,3000,TD_TPDM_design_flow_transferred_engineering_rule,ENGINEERING_PROXY,1 model_vehicle=1 PCE; scenario assumption
310281,PCE/1h,500,1,1,500,TD_TPDM_design_flow_transferred_engineering_rule,ENGINEERING_PROXY,1 model_vehicle=1 PCE; scenario assumption
308773,PCE/1h,500,1,1,500,TD_TPDM_design_flow_transferred_engineering_rule,ENGINEERING_PROXY,1 model_vehicle=1 PCE; scenario assumption
308708,PCE/1h,500,1,1,500,TD_TPDM_design_flow_transferred_engineering_rule,ENGINEERING_PROXY,1 model_vehicle=1 PCE; scenario assumption
308781,PCE/1h,500,1,1,500,TD_TPDM_design_flow_transferred_engineering_rule,ENGINEERING_PROXY,1 model_vehicle=1 PCE; scenario assumption
308709,PCE/1h,500,1,1,500,TD_TPDM_design_flow_transferred_engineering_rule,ENGINEERING_PROXY,1 model_vehicle=1 PCE; scenario assumption
308710,PCE/1h,500,1,1,500,TD_TPDM_design_flow_transferred_engineering_rule,ENGINEERING_PROXY,1 model_vehicle=1 PCE; scenario assumption
308692,PCE/1h,500,1,1,500,TD_TPDM_design_flow_transferred_engineering_rule,ENGINEERING_PROXY,1 model_vehicle=1 PCE; scenario assumption
310250,PCE/1h,500,1,1,500,TD_TPDM_design_flow_transferred_engineering_rule,ENGINEERING_PROXY,1 model_vehicle=1 PCE; scenario assumption
310268,PCE/1h,500,1,1,500,TD_TPDM_design_flow_transferred_engineering_rule,ENGINEERING_PROXY,1 model_vehicle=1 PCE; scenario assumption
309230,PCE/1h,1500,2,1,3000,TD_TPDM_design_flow_transferred_engineering_rule,ENGINEERING_PROXY,1 model_vehicle=1 PCE; scenario assumption
309188,PCE/1h,500,1,1,500,TD_TPDM_design_flow_transferred_engineering_rule,ENGINEERING_PROXY,1 model_vehicle=1 PCE; scenario assumption
308718,PCE/1h,500,1,1,500,TD_TPDM_design_flow_transferred_engineering_rule,ENGINEERING_PROXY,1 model_vehicle=1 PCE; scenario assumption
308714,PCE/1h,500,1,1,500,TD_TPDM_design_flow_transferred_engineering_rule,ENGINEERING_PROXY,1 model_vehicle=1 PCE; scenario assumption
309190,PCE/1h,500,1,1,500,TD_TPDM_design_flow_transferred_engineering_rule,ENGINEERING_PROXY,1 model_vehicle=1 PCE; scenario assumption
310052,PCE/1h,500,1,1,500,TD_TPDM_design_flow_transferred_engineering_rule,ENGINEERING_PROXY,1 model_vehicle=1 PCE; scenario assumption
308744,PCE/1h,1500,2,1,3000,TD_TPDM_design_flow_transferred_engineering_rule,ENGINEERING_PROXY,1 model_vehicle=1 PCE; scenario assumption
308780,PCE/1h,500,1,1,500,TD_TPDM_design_flow_transferred_engineering_rule,ENGINEERING_PROXY,1 model_vehicle=1 PCE; scenario assumption
310452,PCE/1h,500,1,1,500,TD_TPDM_design_flow_transferred_engineering_rule,ENGINEERING_PROXY,1 model_vehicle=1 PCE; scenario assumption
308706,PCE/1h,500,1,1,500,TD_TPDM_design_flow_transferred_engineering_rule,ENGINEERING_PROXY,1 model_vehicle=1 PCE; scenario assumption
308704,PCE/1h,500,1,1,500,TD_TPDM_design_flow_transferred_engineering_rule,ENGINEERING_PROXY,1 model_vehicle=1 PCE; scenario assumption
310274,PCE/1h,1500,2,1,3000,TD_TPDM_design_flow_transferred_engineering_rule,ENGINEERING_PROXY,1 model_vehicle=1 PCE; scenario assumption
308716,PCE/1h,500,1,1,500,TD_TPDM_design_flow_transferred_engineering_rule,ENGINEERING_PROXY,1 model_vehicle=1 PCE; scenario assumption
310264,PCE/1h,500,1,1,500,TD_TPDM_design_flow_transferred_engineering_rule,ENGINEERING_PROXY,1 model_vehicle=1 PCE; scenario assumption
308712,PCE/1h,500,1,1,500,TD_TPDM_design_flow_transferred_engineering_rule,ENGINEERING_PROXY,1 model_vehicle=1 PCE; scenario assumption
310252,PCE/1h,500,1,1,500,TD_TPDM_design_flow_transferred_engineering_rule,ENGINEERING_PROXY,1 model_vehicle=1 PCE; scenario assumption
654886,PCE/1h,500,1,1,500,TD_TPDM_design_flow_transferred_engineering_rule,ENGINEERING_PROXY,1 model_vehicle=1 PCE; scenario assumption
309988,PCE/1h,1500,2,1,3000,TD_TPDM_design_flow_transferred_engineering_rule,ENGINEERING_PROXY,1 model_vehicle=1 PCE; scenario assumption
310424,PCE/1h,500,1,1,500,TD_TPDM_design_flow_transferred_engineering_rule,ENGINEERING_PROXY,1 model_vehicle=1 PCE; scenario assumption
310420,PCE/1h,500,1,1,500,TD_TPDM_design_flow_transferred_engineering_rule,ENGINEERING_PROXY,1 model_vehicle=1 PCE; scenario assumption
310248,PCE/1h,1500,2,1,3000,TD_TPDM_design_flow_transferred_engineering_rule,ENGINEERING_PROXY,1 model_vehicle=1 PCE; scenario assumption
622646,PCE/1h,500,1,1,500,TD_TPDM_design_flow_transferred_engineering_rule,ENGINEERING_PROXY,1 model_vehicle=1 PCE; scenario assumption
105810,PCE/1h,1500,2,1,3000,TD_TPDM_design_flow_transferred_engineering_rule,ENGINEERING_PROXY,1 model_vehicle=1 PCE; scenario assumption
622598,PCE/1h,500,1,1,500,TD_TPDM_design_flow_transferred_engineering_rule,ENGINEERING_PROXY,1 model_vehicle=1 PCE; scenario assumption
622600,PCE/1h,1500,2,1,3000,TD_TPDM_design_flow_transferred_engineering_rule,ENGINEERING_PROXY,1 model_vehicle=1 PCE; scenario assumption
310278,PCE/1h,500,1,1,500,TD_TPDM_design_flow_transferred_engineering_rule,ENGINEERING_PROXY,1 model_vehicle=1 PCE; scenario assumption
310526,PCE/1h,500,1,1,500,TD_TPDM_design_flow_transferred_engineering_rule,ENGINEERING_PROXY,1 model_vehicle=1 PCE; scenario assumption
622648,PCE/1h,1500,2,1,3000,TD_TPDM_design_flow_transferred_engineering_rule,ENGINEERING_PROXY,1 model_vehicle=1 PCE; scenario assumption
310254,PCE/1h,500,1,1,500,TD_TPDM_design_flow_transferred_engineering_rule,ENGINEERING_PROXY,1 model_vehicle=1 PCE; scenario assumption
310266,PCE/1h,500,1,1,500,TD_TPDM_design_flow_transferred_engineering_rule,ENGINEERING_PROXY,1 model_vehicle=1 PCE; scenario assumption
622602,PCE/1h,1500,2,1,3000,TD_TPDM_design_flow_transferred_engineering_rule,ENGINEERING_PROXY,1 model_vehicle=1 PCE; scenario assumption
310422,PCE/1h,500,1,1,500,TD_TPDM_design_flow_transferred_engineering_rule,ENGINEERING_PROXY,1 model_vehicle=1 PCE; scenario assumption
310418,PCE/1h,500,1,1,500,TD_TPDM_design_flow_transferred_engineering_rule,ENGINEERING_PROXY,1 model_vehicle=1 PCE; scenario assumption
310194,PCE/1h,1500,2,1,3000,TD_TPDM_design_flow_transferred_engineering_rule,ENGINEERING_PROXY,1 model_vehicle=1 PCE; scenario assumption
310164,PCE/1h,500,1,1,500,TD_TPDM_design_flow_transferred_engineering_rule,ENGINEERING_PROXY,1 model_vehicle=1 PCE; scenario assumption
310163,PCE/1h,500,1,1,500,TD_TPDM_design_flow_transferred_engineering_rule,ENGINEERING_PROXY,1 model_vehicle=1 PCE; scenario assumption
310180,PCE/1h,1500,2,1,3000,TD_TPDM_design_flow_transferred_engineering_rule,ENGINEERING_PROXY,1 model_vehicle=1 PCE; scenario assumption
310176,PCE/1h,500,1,1,500,TD_TPDM_design_flow_transferred_engineering_rule,ENGINEERING_PROXY,1 model_vehicle=1 PCE; scenario assumption
310160,PCE/1h,500,1,1,500,TD_TPDM_design_flow_transferred_engineering_rule,ENGINEERING_PROXY,1 model_vehicle=1 PCE; scenario assumption
310292,PCE/1h,500,1,1,500,TD_TPDM_design_flow_transferred_engineering_rule,ENGINEERING_PROXY,1 model_vehicle=1 PCE; scenario assumption
310530,PCE/1h,500,1,1,500,TD_TPDM_design_flow_transferred_engineering_rule,ENGINEERING_PROXY,1 model_vehicle=1 PCE; scenario assumption
310290,PCE/1h,500,1,1,500,TD_TPDM_design_flow_transferred_engineering_rule,ENGINEERING_PROXY,1 model_vehicle=1 PCE; scenario assumption
310108,PCE/1h,500,1,1,500,TD_TPDM_design_flow_transferred_engineering_rule,ENGINEERING_PROXY,1 model_vehicle=1 PCE; scenario assumption
310162,PCE/1h,500,1,1,500,TD_TPDM_design_flow_transferred_engineering_rule,ENGINEERING_PROXY,1 model_vehicle=1 PCE; scenario assumption
309984,PCE/1h,1500,2,1,3000,TD_TPDM_design_flow_transferred_engineering_rule,ENGINEERING_PROXY,1 model_vehicle=1 PCE; scenario assumption
310542,PCE/1h,500,1,1,500,TD_TPDM_design_flow_transferred_engineering_rule,ENGINEERING_PROXY,1 model_vehicle=1 PCE; scenario assumption
427568,PCE/1h,500,1,1,500,TD_TPDM_design_flow_transferred_engineering_rule,ENGINEERING_PROXY,1 model_vehicle=1 PCE; scenario assumption
310192,PCE/1h,1500,2,1,3000,TD_TPDM_design_flow_transferred_engineering_rule,ENGINEERING_PROXY,1 model_vehicle=1 PCE; scenario assumption
310246,PCE/1h,500,1,1,500,TD_TPDM_design_flow_transferred_engineering_rule,ENGINEERING_PROXY,1 model_vehicle=1 PCE; scenario assumption
310178,PCE/1h,500,1,1,500,TD_TPDM_design_flow_transferred_engineering_rule,ENGINEERING_PROXY,1 model_vehicle=1 PCE; scenario assumption
310182,PCE/1h,500,1,1,500,TD_TPDM_design_flow_transferred_engineering_rule,ENGINEERING_PROXY,1 model_vehicle=1 PCE; scenario assumption
310184,PCE/1h,500,1,1,500,TD_TPDM_design_flow_transferred_engineering_rule,ENGINEERING_PROXY,1 model_vehicle=1 PCE; scenario assumption
310156,PCE/1h,500,1,1,500,TD_TPDM_design_flow_transferred_engineering_rule,ENGINEERING_PROXY,1 model_vehicle=1 PCE; scenario assumption
310428,PCE/1h,1500,2,1,3000,TD_TPDM_design_flow_transferred_engineering_rule,ENGINEERING_PROXY,1 model_vehicle=1 PCE; scenario assumption
310114,PCE/1h,1500,2,1,3000,TD_TPDM_design_flow_transferred_engineering_rule,ENGINEERING_PROXY,1 model_vehicle=1 PCE; scenario assumption
